2/3066 200 https://www.city.sapporo.jp/hoken-iryo/iryojosei/nyuyoji.html
1/3066 200 https://www.city.sapporo.jp/
5/3066 200 https://www.city.sapporo.jp/kyoiku/top/kyushoku/kyushokuhi.html
9/3066 200 https://www.city.sapporo.jp/seiso/gomi/oogatagomi.html
8/3066 200 https://www.city.sapporo.jp/toshi/jutaku/01osumai/siju/kosodate.html
7/3066 200 https://kosodate.city.sapporo.jp/mokuteki/azukeru/13027.html
3/3066 200 https://kosodate.city.sapporo.jp/nenrei/mosugu/azukeru/1140.html
10/3066 200 https://www.city.sapporo.jp/kikikanri/higoro/hazardmap/hazardmap_index.html
4/3066 200 https://kosodate.city.sapporo.jp/mokuteki/azukeru/hoiku/ninka/941/941.html
6/3066 200 https://kosodate.city.sapporo.jp/nenrei/ninshin_shussan/kenko/1036.html
11/3066 200 https://www.city.hakodate.hokkaido.jp/
18/3066 200 https://www.city.hakodate.hokkaido.jp/docs/2020112600033/
13/3066 200 https://www.city.hakodate.hokkaido.jp/docs/2023032700050/
12/3066 200 https://www.city.hakodate.hokkaido.jp/docs/2014012000574/
17/3066 200 https://www.city.hakodate.hokkaido.jp/docs/2014031600069/
14/3066 200 https://www.city.hakodate.hokkaido.jp/docs/2016061500128/
16/3066 200 https://www.city.hakodate.hokkaido.jp/docs/2026021700031/
15/3066 200 https://www.city.hakodate.hokkaido.jp/docs/2019022100061/
22/3066 200 https://www.city.hakodate.hokkaido.jp/docs/2024020700144/
24/3066 200 https://www.city.hakodate.hokkaido.jp/docs/2022042500186/
25/3066 200 https://www.city.hakodate.hokkaido.jp/docs/2021072000048/
19/3066 200 https://www.city.hakodate.hokkaido.jp/citizensvoice/docs/2026052100046/
27/3066 200 https://www.city.hakodate.hokkaido.jp/docs/2014011400153/
20/3066 200 https://www.city.hakodate.hokkaido.jp/docs/2017051600057/
21/3066 200 https://www.city.hakodate.hokkaido.jp/docs/2014012200677/
30/3066 200 https://www.city.hakodate.hokkaido.jp/docs/2017033100063/
23/3066 200 https://www.city.hakodate.hokkaido.jp/docs/2014020500059/
28/3066 200 https://www.city.hakodate.hokkaido.jp/docs/2014021900964/
26/3066 200 https://www.city.hakodate.hokkaido.jp/docs/2024030400157/
29/3066 200 https://www.city.hakodate.hokkaido.jp/docs/2018022300037/
31/3066 200 https://www.city.hakodate.hokkaido.jp/docs/2017092500033/
35/3066 200 https://www.city.hakodate.hokkaido.jp/docs/2014032000172/
34/3066 200 https://www.city.hakodate.hokkaido.jp/docs/2014022500446/
36/3066 200 https://www.city.hakodate.hokkaido.jp/docs/2019072600047/
37/3066 200 https://www.city.hakodate.hokkaido.jp/docs/2018121300020/
33/3066 200 https://www.city.hakodate.hokkaido.jp/docs/2016051600074/
32/3066 200 https://www.hazardmap.city.hakodate.hokkaido.jp/
48/3066 200 https://www.city.otaru.lg.jp/docs/2021032200082/
40/3066 200 https://www.city.otaru.lg.jp/docs/2020111000438/
38/3066 200 https://www.city.otaru.lg.jp/
42/3066 200 https://www.city.otaru.lg.jp/docs/2021032200068/
49/3066 200 https://www.city.otaru.lg.jp/docs/2026010500024/
43/3066 200 https://www.city.otaru.lg.jp/docs/2020111000452/
44/3066 200 https://www.city.otaru.lg.jp/docs/2024013000022/
54/3066 200 https://www.city.otaru.lg.jp/docs/2020102100406/
53/3066 200 https://www.city.otaru.lg.jp/docs/2020102100499/
39/3066 404 https://www.city.otaru.lg.jp/docs/2024062400026/
46/3066 200 https://www.city.otaru.lg.jp/docs/2022040600055/
41/3066 200 https://www.city.otaru.lg.jp/docs/2026041300013/
45/3066 200 https://www.city.otaru.lg.jp/docs/2020110900692/
47/3066 200 https://www.city.otaru.lg.jp/docs/2020111000872/
50/3066 200 https://www.city.otaru.lg.jp/docs/2026033000013/
57/3066 200 https://www.city.otaru.lg.jp/docs/2025100200011/
51/3066 200 https://www.city.otaru.lg.jp/docs/2021030400033/
55/3066 200 https://www.city.otaru.lg.jp/docs/2020101000813/
52/3066 200 https://www.city.otaru.lg.jp/docs/2020102100420/
56/3066 200 https://www.city.otaru.lg.jp/docs/2026062500010/
58/3066 200 https://www.city.otaru.lg.jp/docs/2020101000806/
59/3066 200 https://www.city.asahikawa.hokkaido.jp/
62/3066 200 https://www.city.asahikawa.hokkaido.jp/800/808/811/p004303.html
66/3066 200 https://www.city.asahikawa.hokkaido.jp/kurashi/218/232/233/d081234.html
60/3066 200 https://www.city.asahikawa.hokkaido.jp/kurashi/218/228/230/p004567.html
64/3066 200 https://www.city.asahikawa.hokkaido.jp/800/808/810/d064593.html
61/3066 200 https://www.city.asahikawa.hokkaido.jp/kurashi/218/232/233/p009064.html
63/3066 200 https://www.city.asahikawa.hokkaido.jp/1401/news/d083513.html
88/3066 200 https://www.city.muroran.lg.jp/news/detail.html?content=1994
80/3066 200 https://www.city.muroran.lg.jp/education/?content=2726
76/3066 200 https://www.city.muroran.lg.jp/welfare/?content=15
82/3066 200 https://www.city.muroran.lg.jp/life/?content=864
79/3066 200 https://www.city.muroran.lg.jp/education/?content=1752
65/3066 200 https://www.city.asahikawa.hokkaido.jp/kurashi/218/232/233/p004287.html
81/3066 200 https://www.city.muroran.lg.jp/education/?content=1634
67/3066 200 https://www.city.asahikawa.hokkaido.jp/kurashi/401/ho01/ho001/d077025.html
71/3066 200 https://www.city.asahikawa.hokkaido.jp/kurashi/320/321/d053843.html
86/3066 200 https://www.city.muroran.lg.jp/life/?content=6945
70/3066 200 https://www.city.asahikawa.hokkaido.jp/kurashi/320/kouzui/d065806.html
69/3066 200 https://www.city.asahikawa.hokkaido.jp/kurashi/271/272/osirasegomi/d084258.html
73/3066 200 https://www.city.asahikawa.hokkaido.jp/kurashi/320/322/d066388.html
91/3066 404 https://www.city.muroran.lg.jp/news/detail.html?content=1091
87/3066 200 https://www.city.muroran.lg.jp/prevention/?content=2392
68/3066 200 https://www.city.asahikawa.hokkaido.jp/kurashi/271/272/273/p005894.html
89/3066 200 https://www.city.muroran.lg.jp/prevention/?content=1981
74/3066 200 https://www.city.asahikawa.hokkaido.jp/kurashi/320/322/d058273.html
72/3066 200 https://www.city.asahikawa.hokkaido.jp/kurashi/320/dosya/d053295.html
78/3066 200 https://www.city.muroran.lg.jp/education/?content=1652
85/3066 200 https://www.city.muroran.lg.jp/life/?content=3132
84/3066 200 https://www.city.muroran.lg.jp/life/?content=251
83/3066 200 https://www.city.muroran.lg.jp/life/?content=273
77/3066 200 https://www.city.muroran.lg.jp/education/?content=3605
92/3066 200 https://www.city.muroran.lg.jp/prevention/?content=1983
90/3066 200 https://www.city.muroran.lg.jp/administration/?content=2128
75/3066 200 https://www.city.muroran.lg.jp/
97/3066 200 https://www.city.kushiro.lg.jp/kosodatekyouiku/kyouiku/1005549/1005562/1005564.html
93/3066 200 https://www.city.kushiro.lg.jp/
96/3066 200 https://www.city.kushiro.lg.jp/kosodatekyouiku/kosodate/1008292/1005300/1005301/1005305.html
95/3066 200 https://www.city.kushiro.lg.jp/kosodatekyouiku/kosodate/1008292/1008294/1009568.html
103/3066 200 https://www.city.kushiro.lg.jp/kurashi/bousai/1003697/1003700.html
98/3066 200 https://www.city.kushiro.lg.jp/kosodatekyouiku/shussan/1008291/1005484.html
100/3066 200 https://www.city.kushiro.lg.jp/kosodatekyouiku/kosodate/1008292/1008294/1018305.html
94/3066 200 https://www.city.kushiro.lg.jp/kenfuku/kenkou/1005260/1005265.html
99/3066 200 https://www.city.kushiro.lg.jp/kosodatekyouiku/kosodate/1008292/1008294/1010923.html
101/3066 200 https://www.city.kushiro.lg.jp/sangyou/koyou/1006519/1006525.html
102/3066 200 https://www.city.kushiro.lg.jp/kurashi/gomi/1004217/1004221.html
104/3066 200 https://www.city.obihiro.hokkaido.jp/
105/3066 200 https://www.city.obihiro.hokkaido.jp/kyoiku/kosodate/teate/1004588.html
106/3066 200 https://www.city.obihiro.hokkaido.jp/kyoiku/kosodate/1010272/1004599.html
107/3066 200 https://www.city.obihiro.hokkaido.jp/kyoiku/kosodate/hoiku/1004598.html
108/3066 200 https://www.city.obihiro.hokkaido.jp/kyoiku/kyoiku/kyushoku/1004738.html
109/3066 200 https://www.city.obihiro.hokkaido.jp/kyoiku/ninshin/service/1006504.html
110/3066 200 https://www.city.obihiro.hokkaido.jp/kyoiku/kosodate/family/1015420.html
111/3066 200 https://www.city.obihiro.hokkaido.jp/kurashi/sumai/minkan/1003040.html
113/3066 200 https://www.city.obihiro.hokkaido.jp/kurashi/bousai/1007329/index.html
112/3066 200 https://www.city.obihiro.hokkaido.jp/kurashi/gomi/shushu1/1002770.html
114/3066 200 https://www.city.kitami.lg.jp/
115/3066 200 https://www.city.kitami.lg.jp/detail.php?content=9122
117/3066 200 https://www.city.kitami.lg.jp/administration/life/detail.php?content=7203
131/3066 200 https://www.city.yubari.lg.jp/life/2/10/40/
135/3066 200 https://www.city.yubari.lg.jp/soshiki/10/1587.html
129/3066 200 https://www.city.yubari.lg.jp/soshiki/9/1465.html
134/3066 200 https://www.city.yubari.lg.jp/soshiki/14/index.html
141/3066 200 https://www.city.yubari.lg.jp/soshiki/19/1798.html
140/3066 200 https://www.city.yubari.lg.jp/soshiki/19/6568.html
142/3066 200 https://www.city.yubari.lg.jp/soshiki/19/1792.html
139/3066 200 https://www.city.yubari.lg.jp/soshiki/19/1783.html
138/3066 200 https://www.city.yubari.lg.jp/soshiki/9/9782.html
130/3066 200 https://www.city.yubari.lg.jp/soshiki/11/1645.html
132/3066 200 https://www.city.yubari.lg.jp/soshiki/11/1637.html
133/3066 200 https://www.city.yubari.lg.jp/contents/illustrative/reiki_int/reiki_honbun/a010RG00000585.html
137/3066 200 https://www.city.yubari.lg.jp/soshiki/6/1384.html
136/3066 200 https://www.city.yubari.lg.jp/soshiki/11/1636.html
128/3066 200 https://www.city.yubari.lg.jp/
119/3066 200 https://www.city.kitami.lg.jp/administration/life/detail.php?content=6007
118/3066 200 https://www.city.kitami.lg.jp/detail.php?content=8127
116/3066 200 https://www.city.kitami.lg.jp/administration/life/detail.php?content=6640
125/3066 200 https://www.city.kitami.lg.jp/administration/disaster/detail.php?content=9951
122/3066 200 https://www.city.kitami.lg.jp/administration/life/detail.php?content=4774
121/3066 200 https://www.city.kitami.lg.jp/administration/work/detail.php?content=13279
143/3066 200 https://www.city.iwamizawa.hokkaido.jp/
144/3066 200 https://www.city.iwamizawa.hokkaido.jp/kosodate/mokutekibetsu/josei_teate/13714.html
124/3066 200 https://www.city.kitami.lg.jp/administration/disaster/detail.php?content=11992
146/3066 200 https://www.city.iwamizawa.hokkaido.jp/kosodate/mokutekibetsu/azuke/13650.html
145/3066 200 https://www.city.iwamizawa.hokkaido.jp/soshiki/kodomoka/4_1/3898.html
123/3066 200 https://www.city.kitami.lg.jp/administration/disaster/detail.php?content=11476
127/3066 200 https://www.city.kitami.lg.jp/administration/faq/detail.php?faq=1502
147/3066 200 https://www.city.iwamizawa.hokkaido.jp/kosodate/nenreibetsu/3_6/13794.html
148/3066 200 https://www.city.iwamizawa.hokkaido.jp/kosodate_kyoiku/gakko_kyoiku/iwamizawashi_torikumi/2/15781.html
149/3066 200 https://www.city.iwamizawa.hokkaido.jp/kosodate/mokutekibetsu/umareta/16485.html
150/3066 200 https://www.city.iwamizawa.hokkaido.jp/kosodate/mokutekibetsu/azuke/13640.html
151/3066 200 https://www.city.iwamizawa.hokkaido.jp/soshiki/kenchiku/hikkoshi_sumai/2/3/3726.html
152/3066 200 https://www.city.iwamizawa.hokkaido.jp/soshiki/kenchiku/hikkoshi_sumai/2/3/3727.html
157/3066 200 https://www.city.iwamizawa.hokkaido.jp/soshiki/bosaitaisakushitsu/anshin_anzen/1/1/2671.html
154/3066 200 https://www.city.iwamizawa.hokkaido.jp/kurashi/gomi_kankyohozen/katei_gomi/7454.html
120/3066 200 https://www.city.kitami.lg.jp/administration/life/detail.php?content=11795
155/3066 200 https://www.city.iwamizawa.hokkaido.jp/section/reiki/reiki_honbun/e300RG00000227.html
153/3066 200 https://www.city.iwamizawa.hokkaido.jp/soshiki/kikakushitsu/hikkoshi_sumai/1/3431.html
156/3066 200 https://www.city.iwamizawa.hokkaido.jp/kurashi/gomi_kankyohozen/shisetsu_community/1/7444.html
158/3066 200 https://www.city.iwamizawa.hokkaido.jp/soshiki/nogyokibanseibika/sangyo/1/1/2825.html
160/3066 200 https://www.city.abashiri.hokkaido.jp/
164/3066 200 https://www.city.abashiri.hokkaido.jp/soshiki/26/20627.html
161/3066 200 https://www.city.abashiri.hokkaido.jp/soshiki/14/1958.html
165/3066 200 https://www.city.abashiri.hokkaido.jp/soshiki/2/20430.html
162/3066 200 https://www.city.abashiri.hokkaido.jp/soshiki/14/1933.html
163/3066 200 https://www.city.abashiri.hokkaido.jp/soshiki/14/1966.html
170/3066 200 https://www.city.abashiri.hokkaido.jp/site/bousai/list17.html
167/3066 200 https://www.city.abashiri.hokkaido.jp/soshiki/14/1930.html
171/3066 200 https://www.city.abashiri.hokkaido.jp/site/bousai/1044.html
174/3066 200 https://www.city.abashiri.hokkaido.jp/site/bousai/list13.html
172/3066 200 https://www.city.abashiri.hokkaido.jp/site/bousai/1045.html
173/3066 200 https://www.city.abashiri.hokkaido.jp/site/bousai/1016.html
166/3066 200 https://www.city.abashiri.hokkaido.jp/soshiki/11/1729.html
168/3066 200 https://www.city.abashiri.hokkaido.jp/soshiki/19/1514.html
169/3066 200 https://www.city.abashiri.hokkaido.jp/soshiki/10/1861.html
159/3066 200 https://www.city.iwamizawa.hokkaido.jp/soshiki/bosaitaisakushitsu/anshin_anzen/1/2/2411.html
175/3066 200 https://www.e-rumoi.jp/
178/3066 200 https://www.e-rumoi.jp/kosodate/kos_00004.html
179/3066 200 https://www.e-rumoi.jp/kosodate/page30_00114.html
183/3066 404 https://www.e-rumoi.jp/kyuusyoku/kyu_00022.html
176/3066 200 https://www.e-rumoi.jp/shimin/shi_00014.html
177/3066 200 https://www.e-rumoi.jp/kosodate/harmony/kos_00129.html
180/3066 200 https://www.e-rumoi.jp/kosodate/harmony/kos_00130.html
182/3066 200 https://www.e-rumoi.jp/gakkoukyouiku/gak_00304.html
184/3066 200 https://www.e-rumoi.jp/gakkoukyouiku/gak_00007.html
185/3066 200 https://www.e-rumoi.jp/hokeniryou/page20_00210.html
187/3066 200 https://www.e-rumoi.jp/seisaku/page15_00190.html
186/3066 200 https://www.e-rumoi.jp/kosodate/kos_00012.html
181/3066 200 https://www.e-rumoi.jp/gakkoukyouiku/gak_00301.html
191/3066 200 https://www.e-rumoi.jp/soumu/page11_00055.html
189/3066 200 https://www.e-rumoi.jp/kankyou/kan_00016.html
190/3066 200 https://www.e-rumoi.jp/kankyou/kan_00013.html
193/3066 200 https://www.e-rumoi.jp/soumu/sou_00030.html
188/3066 200 https://www.e-rumoi.jp/kenchiku/ken_00013.html
194/3066 200 https://www.e-rumoi.jp/soumu/sou_00025.html
192/3066 200 https://www.e-rumoi.jp/soumu/sou_00023.html
126/3066 200 https://www.city.kitami.lg.jp/administration/disaster/detail.php?content=5137
198/3066 200 https://www.city.tomakomai.hokkaido.jp/kenko/kosodate/kanrenshisetsu/kyokahoikujo/hoikuryo.html
202/3066 200 https://www.city.tomakomai.hokkaido.jp/kyoiku/kyoiku/kyushoku/r8kyushoku.html
204/3066 200 https://www.city.tomakomai.hokkaido.jp/kenko/iryo/boshikenko/nimpu/sangokea.html
199/3066 200 https://www.city.tomakomai.hokkaido.jp/kenko/kosodate/torikumi/musyouka.html
196/3066 200 https://www.city.tomakomai.hokkaido.jp/kenko/kosodate/iryohijosei/kosodatesieniryou.html
195/3066 200 https://www.city.tomakomai.hokkaido.jp/
197/3066 200 https://www.city.tomakomai.hokkaido.jp/kenko/kosodate/torikumi/byougoji.html
203/3066 200 https://www.city.tomakomai.hokkaido.jp/kyoiku/kyoiku/kyushoku/kyushoku.html
200/3066 200 https://www.city.tomakomai.hokkaido.jp/kenko/kosodate/h2904dai2shimusyouka.html
205/3066 200 https://www.city.tomakomai.hokkaido.jp/kenko/kosodate/torikumi/ichijihoiku.html
210/3066 200 https://www.city.tomakomai.hokkaido.jp/kurashi/gomi/dashikata/ogatagomi-yuryo.html
207/3066 200 https://www.city.tomakomai.hokkaido.jp/kurashi/jutaku/seisaku/shienseido.html
209/3066 200 https://www.city.tomakomai.hokkaido.jp/shizen/kankyohozen/suishin/zchhojo.html
201/3066 200 https://www.city.tomakomai.hokkaido.jp/kyoiku/kyoiku/kyushoku/BPT.html
206/3066 200 https://www.city.tomakomai.hokkaido.jp/kenko/kosodate/torikumi/daretsuu.html
208/3066 200 https://www.city.tomakomai.hokkaido.jp/kurashi/jutaku/seisaku/shienjigyo.html
214/3066 200 https://www.city.tomakomai.hokkaido.jp/kurashi/bosai/jishin/manual/handandentatsu.html
213/3066 200 https://www.city.tomakomai.hokkaido.jp/kurashi/bosai/jishin/evacuation/hinanjoichiran.html
211/3066 200 https://www.city.tomakomai.hokkaido.jp/kurashi/bosai/jishin/bousaimap.html
212/3066 200 https://www.city.tomakomai.hokkaido.jp/kurashi/bosai/jishin/handbook.html
216/3066 200 https://www.city.wakkanai.hokkaido.jp/fukushi/iryohijosei/kodomojosei.html
215/3066 200 https://www.city.wakkanai.hokkaido.jp/
220/3066 200 https://www.city.wakkanai.hokkaido.jp/kyoiku/gakkoshugakushien/kyushoku/josei2015.html
221/3066 200 https://www.city.wakkanai.hokkaido.jp/fukushi/ninshinshussan/ninshinshussan/sangocare.html
219/3066 200 https://www.city.wakkanai.hokkaido.jp/faq/56.html
217/3066 200 https://www.city.wakkanai.hokkaido.jp/fukushi/iryohijosei/koukouseimuryou.html
225/3066 200 https://www.city.wakkanai.hokkaido.jp/kurashi/kankyoesei/gomirisaikuru/gomi_index/sutekata7.html
229/3066 200 https://www.city.wakkanai.hokkaido.jp/kurashi/bosaibohankotsuanzen/bosai/saigaijoho/mailservis.html
224/3066 200 https://www.city.wakkanai.hokkaido.jp/kurashi/sumaisuido/shieijutaku/shieizyutaku_moushikomi.html
227/3066 200 https://www.city.wakkanai.hokkaido.jp/kurashi/bosaibohankotsuanzen/bosai/sonaeru/hazardmap/kouzuimap.html
226/3066 200 https://www.city.wakkanai.hokkaido.jp/kurashi/bosaibohankotsuanzen/bosai/sonaeru/hazardmap/gaidomap.html
223/3066 200 https://www.city.wakkanai.hokkaido.jp/kurashi/ijuujouhou/gaiyou.html
228/3066 200 https://www.city.wakkanai.hokkaido.jp/kurashi/bosaibohankotsuanzen/bosai/sonaeru/hinan/index.html
230/3066 200 https://www.city.bibai.hokkaido.jp/
233/3066 200 https://www.city.bibai.hokkaido.jp/soshiki/9/30754.html
235/3066 200 https://www.city.bibai.hokkaido.jp/soshiki/22/4577.html
236/3066 404 https://www.city.bibai.hokkaido.jp/soshiki/19/12189.html
244/3066 200 https://www.city.bibai.hokkaido.jp/soshiki/4/186.html
234/3066 200 https://www.city.bibai.hokkaido.jp/soshiki/8-2.html
232/3066 200 https://www.city.bibai.hokkaido.jp/soshiki/9/761.html
241/3066 200 https://www.city.bibai.hokkaido.jp/soshiki/6/17965.html
231/3066 200 https://www.city.bibai.hokkaido.jp/soshiki/39/540.html
242/3066 200 https://www.city.bibai.hokkaido.jp/soshiki/4/189.html
243/3066 200 https://www.city.bibai.hokkaido.jp/soshiki/4/200.html
237/3066 200 https://www.city.bibai.hokkaido.jp/soshiki/9/31297.html
240/3066 200 https://www.city.bibai.hokkaido.jp/site/ijuu/6776.html
238/3066 200 https://www.city.bibai.hokkaido.jp/site/ijuu/6774.html
239/3066 200 https://www.city.bibai.hokkaido.jp/site/ijuu/6775.html
218/3066 200 https://www.kosodateyell.city.wakkanai.lg.jp/LGArticle/Index/102?DestinationId=08
222/3066 200 https://www.kosodateyell.city.wakkanai.lg.jp/LGArticle/Index/138?DestinationId=08
245/3066 200 https://www.city.ashibetsu.hokkaido.jp/
247/3066 200 https://www.city.ashibetsu.hokkaido.jp/docs/5655.html
257/3066 200 https://www.city.ashibetsu.hokkaido.jp/docs/2608304.html
249/3066 200 https://www.city.ashibetsu.hokkaido.jp/kosodate/shien/hoikuen/
251/3066 200 https://www.city.ashibetsu.hokkaido.jp/docs/8009.html
250/3066 200 https://www.city.ashibetsu.hokkaido.jp/docs/8006.html
256/3066 200 https://www.city.ashibetsu.hokkaido.jp/docs/919299.html
246/3066 200 https://www.city.ashibetsu.hokkaido.jp/docs/5019.html
253/3066 200 https://www.city.ashibetsu.hokkaido.jp/docs/9158.html
259/3066 200 https://www.city.ashibetsu.hokkaido.jp/docs/2543174.html
260/3066 200 https://www.city.ashibetsu.hokkaido.jp/docs/1802424.html
248/3066 200 https://www.city.ashibetsu.hokkaido.jp/docs/kosodate_p.html
267/3066 200 https://www.city.ebetsu.hokkaido.jp/site/kosodate/67904.html
266/3066 200 https://www.city.ebetsu.hokkaido.jp/soshiki/hoikuka/79668.html
252/3066 200 https://www.city.ashibetsu.hokkaido.jp/docs/5848.html
254/3066 200 https://www.city.ashibetsu.hokkaido.jp/kosodate/kyusyoku/kondate/
262/3066 200 https://www.city.ebetsu.hokkaido.jp/
264/3066 200 https://www.city.ebetsu.hokkaido.jp/soshiki/hoikuka/2139.html
258/3066 200 https://www.city.ashibetsu.hokkaido.jp/docs/17984.html
263/3066 200 https://www.city.ebetsu.hokkaido.jp/soshiki/iryo/158.html
271/3066 200 https://www.city.ebetsu.hokkaido.jp/soshiki/iju/139052.html
261/3066 200 https://www.city.ashibetsu.hokkaido.jp/docs/4712.html
265/3066 200 https://www.city.ebetsu.hokkaido.jp/soshiki/hoikuka/153134.html
272/3066 200 https://www.city.ebetsu.hokkaido.jp/site/gomi/2079.html
268/3066 200 https://www.city.ebetsu.hokkaido.jp/site/kyouiku/148871.html
270/3066 200 https://www.city.ebetsu.hokkaido.jp/soshiki/hoikuka/2144.html
269/3066 200 https://www.city.ebetsu.hokkaido.jp/soshiki/hoken/126147.html
273/3066 200 https://www.city.ebetsu.hokkaido.jp/site/bousai/272.html
255/3066 200 https://www.city.ashibetsu.hokkaido.jp/docs/11898.html
275/3066 200 https://www.city.akabira.hokkaido.jp/docs/2013012900167.html
286/3066 200 https://www.city.akabira.hokkaido.jp/docs/2015041400045.html
274/3066 200 https://www.city.akabira.hokkaido.jp/
278/3066 200 https://www.city.akabira.hokkaido.jp/lifeevent/kosodate/shien/
283/3066 200 https://www.city.akabira.hokkaido.jp/docs/2013012900242.html
281/3066 200 https://www.city.akabira.hokkaido.jp/tokusetsu/kosodate.html
282/3066 200 https://www.city.akabira.hokkaido.jp/docs/5751.html
287/3066 200 https://www.city.akabira.hokkaido.jp/docs/4273.html
279/3066 200 https://www.city.akabira.hokkaido.jp/docs/2019091300034.html
285/3066 200 https://www.city.akabira.hokkaido.jp/docs/3736.html
284/3066 200 https://www.city.akabira.hokkaido.jp/docs/2014032600020.html
288/3066 200 https://www.city.akabira.hokkaido.jp/bosaigai/
277/3066 200 https://www.city.akabira.hokkaido.jp/lifeevent/kosodate/hoiku/
276/3066 200 https://www.city.akabira.hokkaido.jp/docs/2015101500029.html
280/3066 200 https://www.city.akabira.hokkaido.jp/docs/5372.html
290/3066 200 https://mombetsu.jp/welfare/?content=579
293/3066 200 https://mombetsu.jp/news/detail.html?content=69
294/3066 200 https://mombetsu.jp/welfare/?content=8
289/3066 200 https://mombetsu.jp/
292/3066 200 https://mombetsu.jp/education/?content=632
291/3066 200 https://mombetsu.jp/education/?content=793
296/3066 200 https://mombetsu.jp/life/?content=89
295/3066 200 https://mombetsu.jp/education/?content=637
298/3066 200 https://mombetsu.jp/prevention/?content=338
297/3066 200 https://mombetsu.jp/life/?content=612
300/3066 200 https://www.city.shibetsu.lg.jp/gyoseisaito/iryo_kenko_fukushi/iryo_kenko/3/4043.html
310/3066 fetch failed https://www.city.nayoro.lg.jp/
312/3066 fetch failed https://www.city.nayoro.lg.jp/section/kodomo/prkeql0000015cgt.html
311/3066 fetch failed https://www.city.nayoro.lg.jp/section/kodomo/vdh2d100000047mp.html
313/3066 fetch failed https://www.city.nayoro.lg.jp/section/kodomo/prkeql000002k3jf.html
299/3066 200 https://www.city.shibetsu.lg.jp/
315/3066 fetch failed https://www.city.nayoro.lg.jp/section/zaisei/prkeql0000041oeu.html
317/3066 fetch failed https://www.city.nayoro.lg.jp/section/eigyou/prkeql0000038ox3.html
316/3066 fetch failed https://www.city.nayoro.lg.jp/section/hoken/index.html
314/3066 fetch failed https://www.city.nayoro.lg.jp/section/kodomo/vdh2d100000044wf.html
318/3066 fetch failed https://www.city.nayoro.lg.jp/section/ecohima/vdh2d1000000cnsk.html?channel=main
304/3066 200 https://www.city.shibetsu.lg.jp/soshikikarasagasu/hokenfukushisenta/kenkosuishinkakari/1078.html
301/3066 200 https://www.city.shibetsu.lg.jp/kosodatesaito/shiru/ichijihoiku_azukari/1910.html
303/3066 200 https://www.city.shibetsu.lg.jp/soshikikarasagasu/gakkokyushokusenta/1035.html
302/3066 200 https://www.city.shibetsu.lg.jp/soshikikarasagasu/kodomo_kosodateoenka/kosodateshienkakari/1634.html
308/3066 200 https://www.city.shibetsu.lg.jp/soshikikarasagasu/somuka/gyoseikakari/1096.html
309/3066 200 https://www.city.shibetsu.lg.jp/soshikikarasagasu/somuka/gyoseikakari/5611.html
305/3066 200 https://www.city.shibetsu.lg.jp/kosodatesaito/shiru/ichijihoiku_azukari/1931.html
306/3066 200 https://www.city.shibetsu.lg.jp/soshikikarasagasu/kikakuka/machidukurisuishinkakari/1123.html
307/3066 200 https://www.city.shibetsu.lg.jp/soshikikarasagasu/kankyosenta/1454.html
327/3066 200 https://www.city.mikasa.hokkaido.jp/mikasalife/detail_sp/00005533.html
326/3066 200 https://www.city.mikasa.hokkaido.jp/hotnews/detail/00014531.html
320/3066 200 https://www.city.mikasa.hokkaido.jp/hotnews/detail/00001155.html
333/3066 200 https://www.city.nemuro.hokkaido.jp/lifeinfo/kurashi/kosodate_kyouiku/3/3042.html
330/3066 200 https://www.city.nemuro.hokkaido.jp/
332/3066 200 https://www.city.nemuro.hokkaido.jp/lifeinfo/kakuka/shiminfukushibu/kodomokosodate/index.html
335/3066 200 https://www.city.nemuro.hokkaido.jp/lifeinfo/kakuka/kyoikuiinkai/kyoikusomu1/gyomuannnai/5/kyuushoku/9403.html
334/3066 200 https://www.city.nemuro.hokkaido.jp/kosodate/6994.html
339/3066 200 https://www.city.nemuro.hokkaido.jp/lifeinfo/kakuka/shiminfukushibu/seikatsukankyou/gyoumuannai/kankyoueiseitantou/1/4368.html
331/3066 200 https://www.city.nemuro.hokkaido.jp/kosodate/shien/kshien/kosodate_seikatushienn/4942.html
336/3066 200 https://www.city.nemuro.hokkaido.jp/lifeinfo/kakuka/shiminfukushibu/kodomoshien/2222/11588.html
337/3066 200 https://www.city.nemuro.hokkaido.jp/lifeinfo/kakuka/shiminfukushibu/kodomokosodate/oshirase/14281.html
338/3066 200 https://www.city.nemuro.hokkaido.jp/lifeinfo/kakuka/shiminfukushibu/kodomokosodate/syoushikataisaku/5/10967.html
340/3066 200 https://www.city.nemuro.hokkaido.jp/lifeinfo/kakuka/soumubu/kikikanri/kiki_SONAE/10244.html
323/3066 200 https://www.city.mikasa.hokkaido.jp/mikasalife/detail/00005529.html
341/3066 200 https://www.city.chitose.lg.jp/
329/3066 200 https://www.city.mikasa.hokkaido.jp/hotnews/detail/00001717.html
328/3066 200 https://www.city.mikasa.hokkaido.jp/hotnews/detail/00001141.html
351/3066 200 https://www.city.chitose.lg.jp/c10/1002551/1002607/1005114.html
344/3066 200 https://www.city.chitose.lg.jp/c20/1002643/1002649/1006486.html
348/3066 200 https://www.city.chitose.lg.jp/c20/1002643/1002644/1002645/1004355.html
347/3066 200 https://www.city.chitose.lg.jp/c70/1002791/1002792/1002797/1006470.html
322/3066 200 https://www.city.mikasa.hokkaido.jp/hotnews/detail/00001127.html
353/3066 200 https://www.city.chitose.lg.jp/c50/1002703/1002706/1005222.html
352/3066 200 https://www.city.chitose.lg.jp/c50/1002703/1002706/1004864.html
349/3066 200 https://www.city.chitose.lg.jp/c20/1002643/1002650/1005188.html
343/3066 200 https://www.city.chitose.lg.jp/c20/1002643/1002650/1005714.html
342/3066 200 https://www.city.chitose.lg.jp/c20/1002643/1002648/1005156.html
345/3066 200 https://www.city.chitose.lg.jp/c20/1002643/1002650/1004550.html
346/3066 200 https://www.city.chitose.lg.jp/c20/1002623/1002633/1006644.html
319/3066 200 https://www.city.mikasa.hokkaido.jp/
324/3066 200 https://www.city.mikasa.hokkaido.jp/hotnews/detail/00000565.html
321/3066 200 https://www.city.mikasa.hokkaido.jp/hotnews/category/140.html
350/3066 200 https://www.city.chitose.lg.jp/c10/1002546/1002570/1006543.html
325/3066 200 https://www.city.mikasa.hokkaido.jp/education/detail/00001169.html
359/3066 200 https://www.city.takikawa.lg.jp/site/gakkouunei/2801.html
354/3066 200 https://www.city.takikawa.lg.jp/
355/3066 200 https://www.city.takikawa.lg.jp/site/kosodate/1966.html
357/3066 200 https://www.city.takikawa.lg.jp/site/kosodate/2049.html
360/3066 200 https://www.city.takikawa.lg.jp/site/kosodate/2804.html
356/3066 200 https://www.city.takikawa.lg.jp/site/kosodate/24601.html
362/3066 200 https://www.city.takikawa.lg.jp/site/kosodate/2066.html
363/3066 200 https://www.city.takikawa.lg.jp/site/kosodate/2711.html
365/3066 200 https://www.city.takikawa.lg.jp/page/23341.html
364/3066 200 https://www.city.takikawa.lg.jp/page/17903.html
358/3066 200 https://www.city.takikawa.lg.jp/site/kosodate/2063.html
366/3066 200 https://www.city.takikawa.lg.jp/site/bousai/1110.html
361/3066 200 https://www.city.takikawa.lg.jp/site/kosodate/2134.html
370/3066 200 https://www.city.sunagawa.hokkaido.jp/kosodate_kyouiku/jidoufukushi/hoikuen_hoikusho/2018-0507-1638-38.html
372/3066 200 https://www.city.sunagawa.hokkaido.jp/soshiki_shigoto/gakkoukyuushokucenter/2023-0801-1503-69.html
373/3066 200 https://www.city.sunagawa.hokkaido.jp/kenkou_fukushi/hoken_iryou/hoken_kenshin/sangokea4-1.html
375/3066 200 https://www.city.sunagawa.hokkaido.jp/seikatsu_kurashi/juutaku/sumai-hozyo.html
368/3066 200 https://www.city.sunagawa.hokkaido.jp/seikatsu_kurashi/kenkouhoken/iryohizyosei.html
377/3066 200 https://www.city.sunagawa.hokkaido.jp/shisei/bousai_bouka/hazard-map.html
374/3066 200 https://www.city.sunagawa.hokkaido.jp/kosodate_kyouiku/jidoufukushi/hoikuen_hoikusho/ichijihoiku.html
369/3066 200 https://www.city.sunagawa.hokkaido.jp/kosodate_kyouiku/jidoufukushi/byojibyogojihoikujigyo.html
371/3066 200 https://www.city.sunagawa.hokkaido.jp/kosodate_kyouiku/jidoufukushi/hoikusyofukusyokuhimusyouka.html
367/3066 200 https://www.city.sunagawa.hokkaido.jp/
376/3066 200 https://www.city.sunagawa.hokkaido.jp/seikatsu_kurashi/gomi/gomishori.html
379/3066 200 https://www.city.utashinai.hokkaido.jp/kosodate/detail/00000530.html
383/3066 200 https://www.city.utashinai.hokkaido.jp/kosodate/detail/00002502.html
388/3066 200 https://www.city.utashinai.hokkaido.jp/hotnews/detail/00003232.html
385/3066 200 https://www.city.utashinai.hokkaido.jp/kosodate/detail/00004674.html
386/3066 200 https://www.city.utashinai.hokkaido.jp/hotnews/detail/00001531.html
381/3066 200 https://www.city.utashinai.hokkaido.jp/kosodate/detail/00003713.html
384/3066 200 https://www.city.utashinai.hokkaido.jp/kosodate/detail/00003976.html
380/3066 200 https://www.city.utashinai.hokkaido.jp/kosodate/category/242.html
378/3066 200 https://www.city.utashinai.hokkaido.jp/
387/3066 200 https://www.city.utashinai.hokkaido.jp/hotnews/detail/00000064.html
389/3066 200 https://www.city.fukagawa.lg.jp/
392/3066 200 https://www.city.fukagawa.lg.jp/cms/section/kenkofuk/ik75k40000006o54.html
390/3066 200 https://www.city.fukagawa.lg.jp/cms/section/shimin/ik75k40000004zsf.html
394/3066 200 https://www.city.fukagawa.lg.jp/cms/section/kenkofuk/uo2pli000000x2m4.html
393/3066 200 https://www.city.fukagawa.lg.jp/cms/section/machimi/ik75k40000000n8c.html
382/3066 200 https://www.city.utashinai.hokkaido.jp/hotnews/detail/00001658.html
391/3066 200 https://www.city.fukagawa.lg.jp/cms/section/kenkofuk/byozibyogozi.html
396/3066 200 https://www.city.fukagawa.lg.jp/cms/section/kenchiku/ik75k4000000ecv6.html
395/3066 200 https://www.city.fukagawa.lg.jp/cms/section/kenkofuk/aajrae0000002bjt.html
397/3066 200 https://www.city.fukagawa.lg.jp/cms/section/shimin/ik75k4000000hey3.html
399/3066 200 https://www.city.furano.hokkaido.jp/
401/3066 200 https://www.city.furano.hokkaido.jp/kosodate/purpose/purpose2/
398/3066 200 https://www.city.fukagawa.lg.jp/cms/section/soumu/uo2pli000000ck2a.html
400/3066 200 https://www.city.furano.hokkaido.jp/kosodate/docs/2015020200130.html
403/3066 200 https://www.city.furano.hokkaido.jp/kosodate/docs/843074.html
407/3066 200 https://www.city.furano.hokkaido.jp/kosodate/docs/1284211.html
409/3066 200 https://www.city.furano.hokkaido.jp/life/docs/1446986.html
406/3066 200 https://www.city.furano.hokkaido.jp/kosodate/docs/8838.html
405/3066 200 https://www.city.furano.hokkaido.jp/life/docs/1691971.html
402/3066 200 https://www.city.furano.hokkaido.jp/kosodate/docs/2015041400045.html
410/3066 200 https://www.city.furano.hokkaido.jp/life/bosaigai/saigainisonaete/bousaikeikaku/
408/3066 200 https://www.city.furano.hokkaido.jp/life/docs/2015033100052.html
404/3066 200 https://www.city.furano.hokkaido.jp/life/docs/1914507.html
411/3066 200 https://www.city.noboribetsu.lg.jp/
414/3066 200 https://www.city.noboribetsu.lg.jp/docs/2026021800021/
415/3066 200 https://www.city.noboribetsu.lg.jp/article/2023111400062/
412/3066 200 https://www.city.noboribetsu.lg.jp/docs/2013032000045/
420/3066 200 https://www.city.noboribetsu.lg.jp/docs/2019121700032/
419/3066 200 https://www.city.noboribetsu.lg.jp/docs/2023031300015/
421/3066 200 https://www.city.noboribetsu.lg.jp/docs/2018103100013/
417/3066 200 https://www.city.noboribetsu.lg.jp/docs/2024082800035/
413/3066 200 https://www.city.noboribetsu.lg.jp/docs/2025032500036/
423/3066 200 https://www.city.noboribetsu.lg.jp/bousaimap/
416/3066 200 https://www.city.noboribetsu.lg.jp/docs/2023101300082/
418/3066 200 https://www.city.noboribetsu.lg.jp/docs/2024082300078/
422/3066 200 https://www.city.noboribetsu.lg.jp/docs/2022021800047/
425/3066 200 https://www.city.eniwa.hokkaido.jp/soshikikarasagasu/hokenhukushibu/kokuhoiryoka/kosodate/1/12582.html
427/3066 200 https://www.city.eniwa.hokkaido.jp/kurashi/kosodate_kyoiku/kosodate/youjikyouikuhoikumushouka/12374.html
434/3066 200 https://www.city.eniwa.hokkaido.jp/soshikikarasagasu/soumubu/kichi_bosaika/bosai_saigai/20701.html
429/3066 200 https://www.city.eniwa.hokkaido.jp/kurashi/kosodate_kyoiku/ninnshinnsyussann/9022.html
430/3066 200 https://www.city.eniwa.hokkaido.jp/soshikikarasagasu/kodomomiraibu/kosodateshienka/kosodate/2/22352.html
426/3066 200 https://www.city.eniwa.hokkaido.jp/soshikikarasagasu/kodomomiraibu/kodomokateika/kosodate/4/1095.html
428/3066 200 https://www.city.eniwa.hokkaido.jp/kurashi/kosodate_kyoiku/gakko_kyoiku/kyushokucenter/3849.html
431/3066 200 https://www.city.eniwa.hokkaido.jp/kurashi/kosodate_kyoiku/kosodate/kosodatesupport/4715.html
432/3066 200 https://www.city.eniwa.hokkaido.jp/kurashi/kurashi_tetsuzuki/sumai_seikatsu/ijujoho/8019.html
433/3066 200 https://www.city.eniwa.hokkaido.jp/kurashi/kurashi_tetsuzuki/gomi_recycle/kateigomihukuro/8692.html
424/3066 200 https://www.city.eniwa.hokkaido.jp/
439/3066 200 https://www.city.date.hokkaido.jp/hotnews/detail/00000915.html
437/3066 200 https://www.city.date.hokkaido.jp/hotnews/detail/00008615.html
438/3066 200 https://www.city.date.hokkaido.jp/hotnews/detail/00006079.html
436/3066 200 https://www.city.date.hokkaido.jp/hotnews/detail/00000675.html
440/3066 200 https://www.city.date.hokkaido.jp/kyoiku/detail/00006526.html
441/3066 200 https://www.city.date.hokkaido.jp/hotnews/detail/00002365.html
445/3066 200 https://www.city.date.hokkaido.jp/hotnews/detail/00000479.html
435/3066 200 https://www.city.date.hokkaido.jp/
442/3066 200 https://www.city.date.hokkaido.jp/hotnews/detail/00006842.html
443/3066 200 https://www.city.date.hokkaido.jp/hotnews/detail/00008656.html
444/3066 200 https://www.city.date.hokkaido.jp/hotnews/detail/00006831.html
446/3066 200 https://www.city.date.hokkaido.jp/hotnews/category/219.html
448/3066 200 https://www.city.date.hokkaido.jp/hotnews/detail/00000351.html
447/3066 200 https://www.city.date.hokkaido.jp/hotnews/detail/00000635.html
449/3066 200 https://www.city.kitahiroshima.hokkaido.jp/
453/3066 200 https://www.city.kitahiroshima.hokkaido.jp/kyoiku/detail/00120415.html
454/3066 200 https://www.city.kitahiroshima.hokkaido.jp/kosodate/detail/00135979.html
457/3066 200 https://www.city.kitahiroshima.hokkaido.jp/hotnews/detail/00000115.html
458/3066 200 https://www.city.kitahiroshima.hokkaido.jp/hotnews/detail/00150372.html
455/3066 200 https://www.city.kitahiroshima.hokkaido.jp/kosodate/detail/00158776.html
451/3066 200 https://www.city.kitahiroshima.hokkaido.jp/kosodate/detail/00146264.html
462/3066 200 https://www.city.ishikari.hokkaido.jp/kosodate-kyoiku/kosodate/1001878/1006195/1005586.html
466/3066 200 https://www.city.ishikari.hokkaido.jp/kurashi/tochi/1001840/1002659.html
467/3066 200 https://www.city.ishikari.hokkaido.jp/kurashi/gomi/1001851/1006671.html
459/3066 200 https://www.city.ishikari.hokkaido.jp/
460/3066 200 https://www.city.ishikari.hokkaido.jp/kosodate-kyoiku/ninshin/1006232.html
465/3066 200 https://www.city.ishikari.hokkaido.jp/kosodate-kyoiku/kosodate/1001878/1006195/1007068.html
461/3066 200 https://www.city.ishikari.hokkaido.jp/kosodate-kyoiku/kosodate/1001878/1006195/1006452.html
463/3066 200 https://www.city.ishikari.hokkaido.jp/kosodate-kyoiku/kyoikuiinkai/1001888/1003461.html
456/3066 200 https://www.city.kitahiroshima.hokkaido.jp/hotnews/detail/00153184.html
452/3066 200 https://www.city.kitahiroshima.hokkaido.jp/kosodate/detail/00125798.html
468/3066 200 https://www.city.ishikari.hokkaido.jp/kurashi/bosai/1005776/1004565/1002292.html
464/3066 200 https://www.city.ishikari.hokkaido.jp/kosodate-kyoiku/ninshin/1003201.html
450/3066 200 https://www.city.kitahiroshima.hokkaido.jp/hotnews/detail/00158121.html
473/3066 200 https://www.city.hokuto.hokkaido.jp/docs/2085.html
470/3066 200 https://www.city.hokuto.hokkaido.jp/docs/1557.html
474/3066 200 https://www.city.hokuto.hokkaido.jp/docs/1590.html
471/3066 200 https://www.city.hokuto.hokkaido.jp/docs/1560.html
477/3066 200 https://www.city.hokuto.hokkaido.jp/docs/97.html
478/3066 200 https://www.city.hokuto.hokkaido.jp/docs/6513.html
475/3066 200 https://www.city.hokuto.hokkaido.jp/docs/20577.html
472/3066 200 https://www.city.hokuto.hokkaido.jp/docs/1576.html
476/3066 200 https://www.city.hokuto.hokkaido.jp/docs/6017.html
469/3066 200 https://www.city.hokuto.hokkaido.jp/
479/3066 200 https://www.city.hokuto.hokkaido.jp/docs/7434.html
481/3066 200 https://www.town.tobetsu.hokkaido.jp/soshiki/hoken/12480.html
485/3066 200 https://www.town.tobetsu.hokkaido.jp/soshiki/hoken/49297.html
486/3066 200 https://www.town.tobetsu.hokkaido.jp/soshiki/kosodate/53310.html
480/3066 200 https://www.town.tobetsu.hokkaido.jp/
488/3066 200 https://www.town.tobetsu.hokkaido.jp/soshiki/kankyo/27887.html
487/3066 200 https://www.town.tobetsu.hokkaido.jp/site/iju/23265.html
484/3066 200 https://www.town.tobetsu.hokkaido.jp/site/mayor/33839.html
483/3066 200 https://www.town.tobetsu.hokkaido.jp/soshiki/kosodate/16544.html
482/3066 200 https://www.town.tobetsu.hokkaido.jp/soshiki/kosodate/53803.html
489/3066 200 https://www.town.tobetsu.hokkaido.jp/soshiki/kiki/2292.html
490/3066 200 https://www.town.tobetsu.hokkaido.jp/soshiki/suidou/53044.html
494/3066 200 https://www.vill.shinshinotsu.hokkaido.jp/hotnews/detail/00002952.html
492/3066 200 https://www.vill.shinshinotsu.hokkaido.jp/hotnews/detail/00000798.html
493/3066 200 https://www.vill.shinshinotsu.hokkaido.jp/hotnews/category/20.html
491/3066 200 https://www.vill.shinshinotsu.hokkaido.jp/
495/3066 200 https://www.vill.shinshinotsu.hokkaido.jp/hotnews/detail/00000644.html
498/3066 200 https://www.vill.shinshinotsu.hokkaido.jp/hotnews/detail/00000920.html
499/3066 200 https://www.vill.shinshinotsu.hokkaido.jp/hotnews/detail/00003188.html
496/3066 200 https://www.vill.shinshinotsu.hokkaido.jp/hotnews/detail/00003559.html
497/3066 200 https://www.vill.shinshinotsu.hokkaido.jp/hotnews/detail/00000318.html
500/3066 200 https://www.vill.shinshinotsu.hokkaido.jp/hotnews/detail/00003543.html
501/3066 200 https://www.vill.shinshinotsu.hokkaido.jp/hotnews/detail/00000185.html
502/3066 200 https://www.vill.shinshinotsu.hokkaido.jp/hotnews/detail/00000264.html
507/3066 200 https://www.town.matsumae.hokkaido.jp/hotnews/files/00000200/00000256/r07_kosodate.pdf
504/3066 200 https://www.town.matsumae.hokkaido.jp/hotnews/detail/00000137.html
506/3066 200 https://www.town.matsumae.hokkaido.jp/hotnews/detail/00000139.html
511/3066 200 https://www.town.matsumae.hokkaido.jp/iju_teiju/detail/00002713.html
503/3066 200 https://www.town.matsumae.hokkaido.jp/
505/3066 200 https://www.town.matsumae.hokkaido.jp/hotnews/category/324.html
512/3066 200 https://www.town.matsumae.hokkaido.jp/hotnews/detail/00000113.html
510/3066 200 https://www.town.matsumae.hokkaido.jp/hotnews/detail/00000256.html
514/3066 200 https://www.town.matsumae.hokkaido.jp/hotnews/detail/00002841.html
513/3066 200 https://www.town.matsumae.hokkaido.jp/hotnews/detail/00000192.html
508/3066 200 https://www.town.matsumae.hokkaido.jp/hotnews/detail/00002784.html
521/3066 200 https://www.town.fukushima.hokkaido.jp/hukushi/kodomo/%E3%81%93%E3%81%A9%E3%82%82%E8%AA%B0%E3%81%A7%E3%82%82%E9%80%9A%E5%9C%92%E5%88%B6%E5%BA%A6/
518/3066 200 https://www.town.fukushima.hokkaido.jp/hukushi/kodomo/hoikusho/
522/3066 200 https://www.town.fukushima.hokkaido.jp/kurasi/%E3%81%B5%E3%82%8B%E3%81%95%E3%81%A8%E6%9A%AE%E3%82%89%E3%81%97%E5%BF%9C%E6%8F%B4/%E5%AE%9A%E4%BD%8F%E4%BF%83%E9%80%B2%E4%BD%8F%E5%AE%85%E7%AD%89%E5%A5%A8%E5%8A%B1%E4%BA%8B%E6%A5%AD/
515/3066 200 https://www.town.fukushima.hokkaido.jp/
516/3066 200 https://www.town.fukushima.hokkaido.jp/hukushi/iryo/iryouhi/
525/3066 200 https://www.town.shiriuchi.hokkaido.jp/
528/3066 200 https://www.town.shiriuchi.hokkaido.jp/files/00005900/00005938/20260202154938.pdf
530/3066 200 https://www.town.shiriuchi.hokkaido.jp/iju_teiju/kosodate/shien.html
527/3066 200 https://www.town.shiriuchi.hokkaido.jp/kurashi/hoken_fukushi/hoiku/
534/3066 200 https://www.town.shiriuchi.hokkaido.jp/kurashi/recycle/bunbetsu.html
526/3066 200 https://www.town.shiriuchi.hokkaido.jp/kurashi/hoken_fukushi/iryohi/kodomojosei.html
531/3066 200 https://www.town.shiriuchi.hokkaido.jp/kurashi/hoken_fukushi/daredemotuuenseido.html
535/3066 200 https://www.town.shiriuchi.hokkaido.jp/kurashi/bosai/bousaimap.html
529/3066 200 https://www.town.shiriuchi.hokkaido.jp/kyoiku/gakko/musyoka.html
517/3066 200 https://www.town.fukushima.hokkaido.jp/hukushi/kodomo/
523/3066 200 https://www.town.fukushima.hokkaido.jp/kurasi/seikatsu/eiseikankyo/
532/3066 200 https://www.town.shiriuchi.hokkaido.jp/iju_teiju/house/shien/shienjigyo.html
533/3066 200 https://www.town.shiriuchi.hokkaido.jp/gomi.html
536/3066 200 https://www.town.kikonai.hokkaido.jp/
537/3066 200 https://www.town.kikonai.hokkaido.jp/kurashi/kenko/kosodate/josei/nyuuyoujiiryouseido.html
541/3066 200 https://www.town.kikonai.hokkaido.jp/kurashi/kenko/kosodate/sangocare.html
539/3066 200 https://www.town.kikonai.hokkaido.jp/kurashi/kyoiku/hoikuengakko/hoikuen/ninnteikodomoenn.html
538/3066 200 https://www.town.kikonai.hokkaido.jp/gyosei/sesaku/kodomokosodate.html
544/3066 200 https://www.town.kikonai.hokkaido.jp/kurashi/seikatsu/gomi/gominodashikatabumbetsu.html
545/3066 404 https://www.town.kikonai.hokkaido.jp/gomisyusyu.html
540/3066 200 https://www.town.kikonai.hokkaido.jp/iju/
546/3066 200 https://www.town.kikonai.hokkaido.jp/bosai/bosaimap.html
542/3066 200 https://www.town.kikonai.hokkaido.jp/kurashi/kenko/kosodate/daretu.html
543/3066 200 https://www.town.kikonai.hokkaido.jp/iju/jutaku_tochi/miraiaruyachin.html
509/3066 200 https://www.town.matsumae.hokkaido.jp/hotnews/detail_sp/00001410.html
520/3066 200 https://www.town.fukushima.hokkaido.jp/hukushi/kodomo/shussan/
519/3066 200 https://www.town.fukushima.hokkaido.jp/kyouiku/gakkou/%E7%B5%A6%E9%A3%9F%E3%82%BB%E3%83%B3%E3%82%BF%E3%83%BC/
561/3066 200 https://www.town.shikabe.lg.jp/soshiki/hoken_fukushi/gyomu/6/1/520.html
563/3066 200 https://www.town.shikabe.lg.jp/soshiki/shogai_gakushu/gyomu/5/1489.html
557/3066 200 https://www.town.nanae.hokkaido.jp/gomi_calendar/detail.php?area=040&year=2026
560/3066 200 https://www.town.shikabe.lg.jp/soshiki/minsei/gyomu/5/801.html
559/3066 200 https://www.town.shikabe.lg.jp/
562/3066 200 https://www.town.shikabe.lg.jp/kosodate_kyoiku/hoiku/index.html
566/3066 200 https://www.town.shikabe.lg.jp/soshiki/shogai_gakushu/gyomu/5/1486.html
564/3066 200 https://www.town.shikabe.lg.jp/soshiki/shogai_gakushu/gyomu/2/839.html
565/3066 200 https://www.town.shikabe.lg.jp/soshiki/hoken_fukushi/gyomu/7/631.html
568/3066 200 https://www.town.shikabe.lg.jp/kurashi_tetsuzuki/gomi_recycle/gominofumbetsu_shushu/1131.html
567/3066 200 https://www.town.shikabe.lg.jp/kurashi_tetsuzuki/iju_teiju/2994.html
524/3066 200 https://www.town.fukushima.hokkaido.jp/bosai/bousaimap/
570/3066 200 https://www.town.shikabe.lg.jp/soshiki/bosai_digital/gyomu/2/1/2/783.html
569/3066 200 https://www.town.shikabe.lg.jp/soshiki/bosai_digital/gyomu/2/1/2/580.html
548/3066 200 https://www.town.nanae.hokkaido.jp/hotnews/detail/00010872.html
553/3066 200 https://www.town.nanae.hokkaido.jp/hotnews/detail/00007275.html
554/3066 200 https://www.town.nanae.hokkaido.jp/hotnews/detail/00017627.html
572/3066 200 https://www.town.hokkaido-mori.lg.jp/soshiki/hokenfukushi/iryoujosei/iryoujosei/3846.html
571/3066 200 https://www.town.hokkaido-mori.lg.jp/
574/3066 200 https://www.town.hokkaido-mori.lg.jp/soshiki/hokencenter/1/195.html
573/3066 200 https://www.town.hokkaido-mori.lg.jp/soshiki/hokenfukushi/kosodate_shien/2/196.html
549/3066 200 https://www.town.nanae.hokkaido.jp/hotnews/detail/00000540.html
556/3066 200 https://www.town.nanae.hokkaido.jp/hotnews/detail/00007812.html
551/3066 200 https://www.town.nanae.hokkaido.jp/hotnews/detail/00007403.html
552/3066 200 https://www.town.nanae.hokkaido.jp/education/detail/00017634.html
550/3066 200 https://www.town.nanae.hokkaido.jp/hotnews/detail/00017043.html
575/3066 200 https://www.town.hokkaido-mori.lg.jp/soshiki/kyushokucenter/1/2784.html
547/3066 200 https://www.town.nanae.hokkaido.jp/
558/3066 200 https://www.town.nanae.hokkaido.jp/hotnews/detail/00009274.html
555/3066 200 https://www.town.nanae.hokkaido.jp/hotnews/detail/00000323.html
584/3066 200 https://www.town.hokkaido-mori.lg.jp/soshiki/bosaikotsu/3/1/346.html
580/3066 200 https://www.town.hokkaido-mori.lg.jp/soshiki/norin/3/82.html
579/3066 200 https://www.town.hokkaido-mori.lg.jp/soshiki/kikakushinko/2/1545.html
578/3066 200 https://www.town.hokkaido-mori.lg.jp/soshiki/hokenfukushi/kosodate_shien/2/4059.html
583/3066 200 https://www.town.hokkaido-mori.lg.jp/soshiki/kankyo/3/181.html
581/3066 200 https://www.town.hokkaido-mori.lg.jp/soshiki/kankyo/3/134.html
585/3066 200 https://www.town.hokkaido-mori.lg.jp/soshiki/bosaikotsu/3/1/index.html
576/3066 200 https://www.town.hokkaido-mori.lg.jp/soshiki/hokenfukushi/7/birth/1790.html
582/3066 200 https://www.town.hokkaido-mori.lg.jp/soshiki/kankyo/2_1/4318.html
577/3066 200 https://www.town.hokkaido-mori.lg.jp/soshiki/hokenfukushi/kosodate_shien/2/4034.html
590/3066 200 https://www.town.yakumo.lg.jp/soshiki/jyuumin/content9081.html
594/3066 200 https://www.town.yakumo.lg.jp/soshiki/jyuumin/daretuu.html
592/3066 200 https://www.town.yakumo.lg.jp/soshiki/yakumo-kyu/content0462.html
587/3066 200 https://www.town.yakumo.lg.jp/soshiki/jyuumin/kodomo.html
595/3066 200 https://www.town.yakumo.lg.jp/soshiki/kensetsu/kanrimnkt080608.html
591/3066 200 https://www.town.yakumo.lg.jp/soshiki/jyuumin/musyouka.html
593/3066 200 https://www.town.yakumo.lg.jp/soshiki/hoken/sangokeazigyou.html
596/3066 200 https://www.town.yakumo.lg.jp/soshiki/suidou/yakumo-gomi1.html
589/3066 200 https://www.town.yakumo.lg.jp/soshiki/jyuumin/nyuusyo2026.html
586/3066 200 https://www.town.yakumo.lg.jp/
588/3066 200 https://www.town.yakumo.lg.jp/soshiki/jyuumin/kosodate.html
597/3066 200 https://www.town.yakumo.lg.jp/soshiki/suidou/gomi-ryokin-yakumo.html
598/3066 200 https://www.town.yakumo.lg.jp/soshiki/kikitaisaku/hazadomap2022.html
599/3066 200 https://www.town.oshamambe.lg.jp/
602/3066 200 https://www.town.oshamambe.lg.jp/soshiki/7/
604/3066 200 https://www.town.oshamambe.lg.jp/soshiki/7/9114.html
603/3066 404 https://www.town.oshamambe.lg.jp/soshiki/7/7655.html
605/3066 200 https://www.town.oshamambe.lg.jp/soshiki/17/175.html
600/3066 200 https://www.town.oshamambe.lg.jp/soshiki/6/546.html
606/3066 200 https://www.town.oshamambe.lg.jp/soshiki/7/616.html
608/3066 200 https://www.town.oshamambe.lg.jp/soshiki/7/9097.html
609/3066 200 https://www.town.oshamambe.lg.jp/soshiki/4/325.html
610/3066 200 https://www.town.oshamambe.lg.jp/soshiki/4/8385.html
601/3066 200 https://www.town.oshamambe.lg.jp/life/2/10/
607/3066 200 https://www.town.oshamambe.lg.jp/soshiki/7/578.html
611/3066 200 https://www.town.oshamambe.lg.jp/soshiki/6/464.html
612/3066 200 https://www.town.oshamambe.lg.jp/soshiki/2/7900.html
613/3066 200 https://www.town.oshamambe.lg.jp/soshiki/2/440.html
634/3066 200 https://www.town.kaminokuni.lg.jp/hotnews/detail/00001317.html
630/3066 200 https://www.town.kaminokuni.lg.jp/hotnews/detail/00000218.html
629/3066 200 https://www.town.kaminokuni.lg.jp/hotnews/detail/00002544.html
628/3066 200 https://www.town.kaminokuni.lg.jp/
632/3066 200 https://www.town.kaminokuni.lg.jp/hotnews/detail/00002219.html
635/3066 200 https://www.town.kaminokuni.lg.jp/hotnews/detail_sp/00000225.html
633/3066 200 https://www.town.kaminokuni.lg.jp/hotnews/detail/00002141.html
637/3066 200 https://www.town.kaminokuni.lg.jp/hotnews/detail/00002267.html
636/3066 200 https://www.town.kaminokuni.lg.jp/hotnews/detail/00002266.html
631/3066 200 https://www.pref.hokkaido.lg.jp/hf/kms/178410.html
649/3066 200 https://www.town.assabu.lg.jp/page/9399.html
648/3066 200 https://www.town.assabu.lg.jp/page/1067.html
638/3066 200 https://www.town.assabu.lg.jp/
642/3066 200 https://www.town.assabu.lg.jp/site/tyoutyounoheya/10356.html
639/3066 200 https://www.town.assabu.lg.jp/uploaded/attachment/5920.pdf
640/3066 200 https://www.town.assabu.lg.jp/life/1/9/
643/3066 200 https://www.town.assabu.lg.jp/site/gakkokyoiku/1173.html
641/3066 200 https://www.town.assabu.lg.jp/soshiki/5/
645/3066 200 https://www.town.assabu.lg.jp/page/10650.html
644/3066 200 https://www.town.assabu.lg.jp/page/10237.html
646/3066 200 https://www.town.assabu.lg.jp/site/hazeru/1099.html
647/3066 200 https://www.town.assabu.lg.jp/page/1027.html
650/3066 200 https://www.town.otobe.lg.jp/
652/3066 200 https://www.town.otobe.lg.jp/section/choumin/e0taal0000000osf.html
655/3066 200 https://www.town.otobe.lg.jp/section/choumin/e0taal0000000q5e.html
651/3066 200 https://www.town.otobe.lg.jp/section/choumin/e0taal0000000pa1.html
653/3066 200 https://www.town.otobe.lg.jp/section/choumin/e0taal0000000slc.html
656/3066 200 https://www.town.otobe.lg.jp/section/kikaku/lfsrqq0000002vvd.html
658/3066 200 https://www.town.otobe.lg.jp/section/soumu/e0taal0000000jho.html
657/3066 200 https://www.town.otobe.lg.jp/section/choumin/e0taal0000000obg.html
654/3066 200 https://www.town.otobe.lg.jp/section/kikaku/diu5g100000021so-att/diu5g100000024au.pdf
661/3066 200 https://www.town.okushiri.lg.jp/hotnews/lifeevent/1.html
659/3066 200 https://www.town.okushiri.lg.jp/
660/3066 200 https://www.town.okushiri.lg.jp/hotnews/detail/00000352.html
662/3066 200 https://www.town.okushiri.lg.jp/hotnews/detail/00001395.html
663/3066 200 https://www.town.okushiri.lg.jp/hotnews/detail/00004892.html
664/3066 200 https://www.town.okushiri.lg.jp/hotnews/category/179.html
665/3066 200 https://www.town.okushiri.lg.jp/hotnews/detail/00003047.html
666/3066 200 https://www.town.okushiri.lg.jp/hotnews/detail/00005907.html
667/3066 200 https://www.town.okushiri.lg.jp/hotnews/detail/00001316.html
668/3066 200 https://www.town.okushiri.lg.jp/hotnews/detail/00001319.html
669/3066 200 https://www.town.okushiri.lg.jp/bousaimap/agree.html?lay=saigai_20
671/3066 200 https://www.town.imakane.lg.jp/gyousei/kenkoufukushi/kodomo/post_1411.html
673/3066 200 https://www.town.imakane.lg.jp/gyousei/kenkoufukushi/sukusuku/
672/3066 200 https://www.town.imakane.lg.jp/gyousei/kenkoufukushi/jidoufukushi/
670/3066 200 https://www.town.imakane.lg.jp/
674/3066 200 https://www.town.imakane.lg.jp/edu/youjikyouiku/post_91.html
682/3066 200 https://www.town.imakane.lg.jp/gyousei/kurashi/syoubou/2710_1.html
676/3066 200 https://www.town.imakane.lg.jp/edu/kyuusyoku/post_134.html
677/3066 200 https://www.town.imakane.lg.jp/gyousei/kenkoufukushi/sukusuku/post_3070.html
675/3066 200 https://www.kodomoenimakane.net/
678/3066 200 https://www.kodomoenimakane.net/cont1/14.html
681/3066 fetch failed https://eiseicenter.or.jp/wakekata.html
680/3066 200 https://www.town.imakane.lg.jp/gyousei/kurashi/kankyou/post_2486.html
679/3066 200 https://www.town.imakane.lg.jp/gyousei/kurashi/jyuutaku/post_2816.html
684/3066 200 https://www.town.setana.lg.jp/kurashi/kenkou/post_1622.html
691/3066 200 https://www.town.setana.lg.jp/kurashi/bousai/bousaimapweb.html
689/3066 200 https://www.town.setana.lg.jp/industry/post_207.html
686/3066 200 https://www.town.setana.lg.jp/kodomo/post_1981.html
685/3066 200 https://www.town.setana.lg.jp/%E7%AC%AC3%E6%9C%9F%E3%81%9B%E3%81%9F%E3%81%AA%E7%94%BA%E5%AD%90%E3%81%A9%E3%82%82%E3%83%BB%E5%AD%90%E8%82%B2%E3%81%A6%E6%94%AF%E6%8F%B4%E4%BA%8B%E6%A5%AD%E8%A8%88%E7%94%BB%EF%BC%88%E6%A1%88%EF%BC%89.pdf
683/3066 200 https://www.town.setana.lg.jp/
692/3066 200 https://www.town.setana.lg.jp/kurashi/bousai/post_622.html
687/3066 200 https://www.town.setana.lg.jp/industry/iju/post_1613.html
690/3066 200 https://www.town.setana.lg.jp/kurashi/kankyou/post_94.html
688/3066 200 https://www.town.setana.lg.jp/johobetsukosodate/post_1890.html
705/3066 fetch failed https://www.town.suttu.lg.jp/
706/3066 fetch failed https://www.town.suttu.lg.jp/life/detail.php?id=4
708/3066 fetch failed https://www.town.suttu.lg.jp/life/
707/3066 fetch failed https://www.town.suttu.lg.jp/common/img/content/cassette_24_pdf01_20241107_083352.pdf
693/3066 200 https://www.vill.shimamaki.lg.jp/
694/3066 200 https://www.vill.shimamaki.lg.jp/category/detail.php?category=life&content=86
695/3066 200 https://www.vill.shimamaki.lg.jp/category/detail.php?category=welfare&content=365
696/3066 200 https://www.vill.shimamaki.lg.jp/category/?category=welfare
709/3066 fetch failed https://www.kuromatsunai.com/
697/3066 200 https://www.vill.shimamaki.lg.jp/category/detail.php?category=welfare&content=410
698/3066 200 https://www.vill.shimamaki.lg.jp/category/?category=education
710/3066 200 https://kurojyu.jimdofree.com/%E5%9B%BD%E4%BF%9D/%E5%8C%BB%E7%99%82%E8%B2%BB%E6%94%AF%E6%8F%B4%E5%88%B6%E5%BA%A6/
712/3066 200 https://kuromatsunaiedu.jimdofree.com/%E5%AD%A6%E6%A0%A1%E7%B5%A6%E9%A3%9F%E3%82%BB%E3%83%B3%E3%82%BF%E3%83%BC-%E4%BB%8A%E6%9C%88%E3%81%AE%E7%8C%AE%E7%AB%8B/
699/3066 200 https://www.vill.shimamaki.lg.jp/category/detail.php?category=welfare&content=412
701/3066 200 https://www.vill.shimamaki.lg.jp/category/detail.php?category=life&content=71
700/3066 200 https://www.vill.shimamaki.lg.jp/category/detail.php?category=administration&content=302
703/3066 200 https://www.vill.shimamaki.lg.jp/category/detail.php?category=prevention&content=403
704/3066 200 https://www.vill.shimamaki.lg.jp/category/detail.php?category=prevention&content=282
714/3066 404 https://kuromatsunai.sakura.ne.jp/sblo_files/kuromatsunai-news/image/E9BB92E69DBEE58685E794BAE5AD90E882B2E381A6E694AFE68FB4E382B5E38393E382B9E6A682E8A681.pdf
713/3066 200 https://kuromatsunai.sakura.ne.jp/sblo_files/kuromatsunai-news/image/E4BA88E7AE97E381AEE38182E38289E381BEE38197E58D98E3839AE383BCE382B8.pdf
711/3066 200 https://tsukushien.or.jp/price
715/3066 fetch failed https://www.kuromatsunai.com/kuro_immig/life-experience/
702/3066 200 https://www.vill.shimamaki.lg.jp/category/detail.php?category=prevention&content=21
717/3066 200 https://www.town.rankoshi.hokkaido.jp/administration/education/detail.html?content=245
718/3066 200 https://www.town.rankoshi.hokkaido.jp/administration/education/
716/3066 200 https://www.town.rankoshi.hokkaido.jp/
719/3066 200 https://www.town.rankoshi.hokkaido.jp/administration/education/detail.html?content=226
721/3066 200 https://www.town.rankoshi.hokkaido.jp/administration/education/detail.html?content=420
723/3066 200 https://www.town.rankoshi.hokkaido.jp/administration/life/detail.html?content=665
725/3066 200 https://www.town.rankoshi.hokkaido.jp/administration/life/detail.html?content=38
724/3066 200 https://www.town.rankoshi.hokkaido.jp/administration/life/detail.html?content=391
722/3066 200 https://www.town.rankoshi.hokkaido.jp/administration/education/detail.html?content=240
726/3066 200 https://www.town.rankoshi.hokkaido.jp/webMap/index.html
727/3066 200 https://www.town.rankoshi.hokkaido.jp/administration/detail.html?content=650
720/3066 200 https://town.rankoshi.hokkaido.jp/administration/education/detail.html?content=234
734/3066 200 https://www.town.niseko.lg.jp/resources/output/contents/file/release/1975/22208/2026sangokea.pdf
735/3066 200 https://www.town.niseko.lg.jp/kurashi/kosodate/kosodateshien/ohisama
729/3066 200 https://www.town.niseko.lg.jp/kurashi/kenko_fukushi_kaigo/kodomo_teate_josei_/kodomo_iryo/3189
736/3066 200 https://www.town.niseko.lg.jp/boshu/11671/
740/3066 200 https://www.town.niseko.lg.jp/kurashi/bosai_anzen/bosai/bousaigaidomappu/
741/3066 200 https://www.town.niseko.lg.jp/kurashi/bosai_anzen/bosai/shitei_hinan/
737/3066 200 https://www.town.niseko.lg.jp/kurashi/seikatsu/sumai/koeijutaku/koju_boshu/
743/3066 200 https://www.vill.makkari.lg.jp/kurashi/kenko_fukushi/iryohijosei/nyuuyouji/
731/3066 200 https://www.town.niseko.lg.jp/kurashi/kosodate/kosodateshien/riyo/
742/3066 200 https://www.vill.makkari.lg.jp/
744/3066 200 https://www.vill.makkari.lg.jp/kurashi/kenko_fukushi/kosodate/
728/3066 200 https://www.town.niseko.lg.jp/
733/3066 200 https://www.town.niseko.lg.jp/about_niseko/room/houshin/
738/3066 200 https://www.town.niseko.lg.jp/kurashi/gomi/ippan/
746/3066 200 https://www.vill.makkari.lg.jp/kurashi/kosodate_kyoiku/kyouiku/kyouiku-zyosei/
739/3066 200 https://www.town.niseko.lg.jp/kurashi/gomi/kingaku
747/3066 200 https://www.vill.makkari.lg.jp/kurashi/kenko_fukushi/ninshin_shusan/shussan/
748/3066 200 https://www.vill.makkari.lg.jp/kurashi/kenko_fukushi/kosodate/daretuu/
745/3066 200 https://www.vill.makkari.lg.jp/resources/output/contents/file/release/1738/11762/kodomo_keikaku.pdf
730/3066 200 https://www.town.niseko.lg.jp/kurashi/kosodate/kosodateshien/familysupport/
749/3066 200 https://www.vill.makkari.lg.jp/kurashi/kenko_fukushi/kosodate/tanki/
732/3066 200 https://www.town.niseko.lg.jp/koho_niseko/r8/r0804/text/
752/3066 200 https://www.vill.makkari.lg.jp/kurashi/gomi/bunbetsu
750/3066 200 https://www.vill.makkari.lg.jp/iju_teiju/ijushien/miharashihouse/
751/3066 200 https://www.vill.makkari.lg.jp/kurashi/gomi/saishushobunjo/
753/3066 200 https://www.vill.makkari.lg.jp/makkari_map/hinanbasho/
756/3066 200 https://www.vill.rusutsu.lg.jp/hotnews/files/00002400/00002424/keikaku.pdf
755/3066 200 https://www.vill.rusutsu.lg.jp/kosodate/detail/00001886.html
757/3066 200 https://www.vill.rusutsu.lg.jp/kosodate/detail/00003962.html
759/3066 200 https://www.vill.rusutsu.lg.jp/kosodate/detail/00004025.html
754/3066 200 https://www.vill.rusutsu.lg.jp/
758/3066 200 https://www.vill.rusutsu.lg.jp/hotnews/detail/00000230.html
762/3066 200 https://www.vill.rusutsu.lg.jp/hotnews/detail/00000129.html
761/3066 200 https://www.vill.rusutsu.lg.jp/hotnews/detail/00003775.html
763/3066 200 https://www.vill.rusutsu.lg.jp/hotnews/detail/00000269.html
760/3066 200 https://www.vill.rusutsu.lg.jp/kosodate/detail/00001754.html
766/3066 200 https://www.town.kimobetsu.hokkaido.jp/common/img/content/content_20240618_173509.pdf
768/3066 200 https://www.town.kimobetsu.hokkaido.jp/reiki/reiki_honbun/a073RG00000650.html
765/3066 200 https://www.town.kimobetsu.hokkaido.jp/detail.php?content=66
767/3066 200 https://www.town.kimobetsu.hokkaido.jp/reiki/reiki_honbun/a073RG00000588.html
764/3066 200 https://www.town.kimobetsu.hokkaido.jp/
769/3066 200 https://www.town.kimobetsu.hokkaido.jp/detail.php?content=530
775/3066 200 https://www.town-kyogoku.jp/uploaded/life/4176_4719_misc.pdf
782/3066 200 https://www.town-kyogoku.jp/page/1157.html
778/3066 200 https://www.town-kyogoku.jp/page/1416.html
777/3066 200 https://www.town-kyogoku.jp/page/1306.html
779/3066 200 https://www.town-kyogoku.jp/page/1305.html
774/3066 200 https://www.town-kyogoku.jp/
776/3066 404 https://www.town-kyogoku.jp/uploaded/attachment/2478.pdf
770/3066 200 https://www.town.kimobetsu.hokkaido.jp/education/detail.php?content=597
771/3066 200 https://www.town.kimobetsu.hokkaido.jp/detail.php?content=39
772/3066 200 https://www.town.kimobetsu.hokkaido.jp/detail.php?content=12
781/3066 200 https://www.town-kyogoku.jp/page/1201.html
780/3066 200 https://www.town-kyogoku.jp/page/1233.html
773/3066 200 https://www.town.kimobetsu.hokkaido.jp/life/detail.php?content=104
783/3066 200 https://www.town.kutchan.hokkaido.jp/
791/3066 200 https://www.town.kutchan.hokkaido.jp/Living_Information/sumai-koutu/sumai/hojyo/kutchangatajutaku/
785/3066 200 https://www.town.kutchan.hokkaido.jp/Living_Information/kosodate-kyouiku/sonota-info/4639/
789/3066 200 https://www.town.kutchan.hokkaido.jp/Living_Information/kosodate-kyouiku/hoiku-sien/5330/
784/3066 200 https://www.town.kutchan.hokkaido.jp/Living_Information/kosodate-kyouiku/todokede-teate-jyosei/4687/
787/3066 200 https://www.town.kutchan.hokkaido.jp/Living_Information/kosodate-kyouiku/kucchan-gakkoukyushoku/
790/3066 200 https://www.town.kutchan.hokkaido.jp/Living_Information/kosodate-kyouiku/hoiku-sien/5452/
794/3066 200 https://www.town.kutchan.hokkaido.jp/news/living_infomation/3467/
795/3066 200 https://www.town.kutchan.hokkaido.jp/town_administration/seisaku_keikaku_jigyou/bousai/bou_bousai/bou_keikaku/
786/3066 200 https://www.town.kutchan.hokkaido.jp/Living_Information/kosodate-kyouiku/hoiku-sien/4646/
788/3066 200 https://www.town.kutchan.hokkaido.jp/Living_Information/kosodate-kyouiku/kenshin-soudan-kouza/4771/
793/3066 200 https://www.town.kutchan.hokkaido.jp/Living_Information/gomi-risaikuru/kateigomi/sodaigomi/
798/3066 200 https://www.town.kyowa.hokkaido.jp/education/?category=91
797/3066 200 https://www.town.kyowa.hokkaido.jp/welfare/?content=496
796/3066 200 https://www.town.kyowa.hokkaido.jp/
614/3066 timeout https://www.hokkaido-esashi.jp/
799/3066 200 https://www.town.kyowa.hokkaido.jp/education/?content=304
615/3066 timeout https://www.hokkaido-esashi.jp/modules/lifeinfo/content0663.html
800/3066 200 https://www.town.kyowa.hokkaido.jp/education/?content=51
804/3066 200 https://www.town.kyowa.hokkaido.jp/life/?content=316
805/3066 200 https://www.town.kyowa.hokkaido.jp/life/?content=52
803/3066 200 https://www.town.kyowa.hokkaido.jp/education/?content=699
807/3066 200 https://www.town.kyowa.hokkaido.jp/prevention/?content=1093
802/3066 200 https://www.town.kyowa.hokkaido.jp/education/?content=276
806/3066 200 https://www.town.kyowa.hokkaido.jp/prevention/?content=483
801/3066 200 https://www.town.kyowa.hokkaido.jp/education/?content=897
616/3066 timeout https://www.hokkaido-esashi.jp/modules/lifeinfo/content1431.html
617/3066 timeout https://www.hokkaido-esashi.jp/modules/lifeinfo/category0068.html
618/3066 timeout https://www.hokkaido-esashi.jp/modules/lifeinfo/content0070.html
619/3066 timeout https://www.hokkaido-esashi.jp/modules/lifeinfo/content1435.html
620/3066 timeout https://www.hokkaido-esashi.jp/modules/chousei/content0480.html
621/3066 timeout https://www.hokkaido-esashi.jp/modules/chousei/content0437.html
622/3066 timeout https://www.hokkaido-esashi.jp/modules/lifeinfo/content0274.html
623/3066 timeout https://www.hokkaido-esashi.jp/modules/chousei/content0527.html
624/3066 timeout https://www.hokkaido-esashi.jp/modules/lifeinfo/content1331.html
625/3066 timeout https://www.hokkaido-esashi.jp/modules/lifeinfo/content0074.html
626/3066 timeout https://www.hokkaido-esashi.jp/modules/lifeinfo/content0985.html
627/3066 timeout https://www.hokkaido-esashi.jp/webmap_esashi/
809/3066 200 https://www.town.iwanai.hokkaido.jp/%E7%A6%8F%E7%A5%89/%E5%8C%BB%E7%99%82%E8%B2%BB%E3%81%AE%E5%8A%A9%E6%88%90/%E4%B9%B3%E5%B9%BC%E5%85%90%E5%8C%BB%E7%99%82%E8%B2%BB%E5%8A%A9%E6%88%90/
813/3066 200 https://www.town.iwanai.hokkaido.jp/%E7%A6%8F%E7%A5%89/396-2/%E7%94%A3%E5%BE%8C%E3%82%B1%E3%82%A2%E4%BA%8B%E6%A5%AD/
810/3066 200 https://www.town.iwanai.hokkaido.jp/%E7%A6%8F%E7%A5%89/396-2/
812/3066 200 https://www.town.iwanai.hokkaido.jp/%E3%83%88%E3%83%94%E3%83%83%E3%82%AF%E3%82%B9/%E5%B2%A9%E5%86%85%E7%94%BA%E3%81%AE%E7%89%A9%E4%BE%A1%E9%AB%98%E9%A8%B0%E5%AF%BE%E7%AD%96%E3%81%AB%E3%81%A4%E3%81%84%E3%81%A6/
811/3066 200 https://www.town.iwanai.hokkaido.jp/%E7%A6%8F%E7%A5%89/396-2/%E4%BF%9D%E8%82%B2%E6%89%80%E3%81%AB%E3%81%A4%E3%81%84%E3%81%A6/
817/3066 200 https://www.town.iwanai.hokkaido.jp/%E3%81%8F%E3%82%89%E3%81%97%EF%BC%9A%E3%81%94%E3%81%BF%E3%83%BB%E8%B3%87%E6%BA%90%EF%BC%88%E6%B8%85%E6%8E%83%E3%83%BB%E3%83%AA%E3%82%B5%E3%82%A4%E3%82%AF%E3%83%AB%E3%82%BB%E3%83%B3%E3%82%BF%E3%83%BC/%E3%81%94%E3%81%BF%E3%81%AE%E7%9B%B4%E6%8E%A5%E6%90%AC%E5%85%A5%E3%81%AB%E3%81%A4%E3%81%84%E3%81%A6/
818/3066 200 https://www.town.iwanai.hokkaido.jp/%E6%9A%AE%E3%82%89%E3%81%97%E3%82%AC%E3%82%A4%E3%83%89/%E9%98%B2%E7%81%BD/
815/3066 200 https://www.town.iwanai.hokkaido.jp/%E7%A6%8F%E7%A5%89/396-2/%E3%81%93%E3%81%A9%E3%82%82%E8%AA%B0%E3%81%A7%E3%82%82%E9%80%9A%E5%9C%92%E5%88%B6%E5%BA%A6%E4%B9%B3%E5%85%90%E7%AD%89%E9%80%9A%E5%9C%92%E6%94%AF%E6%8F%B4%E4%BA%8B%E6%A5%AD%E3%81%AB%E3%81%A4%E3%81%84/
808/3066 200 https://www.town.iwanai.hokkaido.jp/
814/3066 200 https://www.town.iwanai.hokkaido.jp/%E3%83%88%E3%83%94%E3%83%83%E3%82%AF%E3%82%B9/%E5%9C%B0%E5%9F%9F%E5%AD%90%E8%82%B2%E3%81%A6%E6%94%AF%E6%8F%B4%E3%82%BB%E3%83%B3%E3%82%BF%E3%83%BC%E3%81%AE%E4%B8%80%E6%99%82%E9%A0%90%E3%81%8B%E3%82%8A%E4%BA%8B%E6%A5%AD%E7%94%B3%E8%AB%8B%E6%9B%B8/
819/3066 200 https://www.vill.tomari.hokkaido.jp/
821/3066 200 https://www.vill.tomari.hokkaido.jp/kurashi/kosodate/
823/3066 200 https://www.vill.tomari.hokkaido.jp/docs/5492.html
792/3066 200 https://www.town.kutchan.hokkaido.jp/Living_Information/sumai-koutu/sumai/hojyo/sumikaesien/
820/3066 200 https://www.vill.tomari.hokkaido.jp/docs/5467.html
827/3066 200 https://www.vill.tomari.hokkaido.jp/docs/4244.html
824/3066 200 https://www.vill.tomari.hokkaido.jp/docs/4575.html
826/3066 200 https://www.vill.tomari.hokkaido.jp/docs/5489.html
822/3066 404 https://www.vill.tomari.hokkaido.jp/docs/5771.html
825/3066 200 https://www.vill.tomari.hokkaido.jp/docs/6027.html
828/3066 200 https://www.vill.tomari.hokkaido.jp/machizukuri/saigai/
830/3066 200 https://www.vill.kamoenai.hokkaido.jp/hotnews/detail/00000426.html
831/3066 200 https://www.vill.kamoenai.hokkaido.jp/hotnews/lifeevent/2.html
832/3066 200 https://www.vill.kamoenai.hokkaido.jp/iju/detail/00000908.html
834/3066 200 https://www.vill.kamoenai.hokkaido.jp/reiki_int/reiki_honbun/a079RG00000216.html
833/3066 200 https://www.vill.kamoenai.hokkaido.jp/iju/detail/00000909.html
835/3066 200 https://www.vill.kamoenai.hokkaido.jp/hotnews/detail/00000157.html
829/3066 200 https://www.vill.kamoenai.hokkaido.jp/
836/3066 200 https://www.vill.kamoenai.hokkaido.jp/hotnews/detail/00000511.html
816/3066 200 https://www.town.iwanai.hokkaido.jp/%E3%83%88%E3%83%94%E3%83%83%E3%82%AF%E3%82%B9/%E4%BB%A4%E5%92%8C%EF%BC%95%E5%B9%B4%E5%BA%A6%E3%80%80%E5%B2%A9%E5%86%85%E7%94%BA%E4%B8%AD%E5%8F%A4%E4%BD%8F%E5%AE%85%E5%8F%96%E5%BE%97%E8%A3%9C%E5%8A%A9%E4%BA%8B%E6%A5%AD%E3%80%80%E7%94%B3%E8%BE%BC/
839/3066 200 https://www.town.shakotan.lg.jp/contents/content0137.html
841/3066 200 https://www.town.shakotan.lg.jp/contents/post-178.html
840/3066 200 https://www.town.shakotan.lg.jp/contents/content0124.html
842/3066 200 https://www.town.shakotan.lg.jp/contents/post-221.html
843/3066 200 https://www.town.shakotan.lg.jp/contents/content0292.html
837/3066 200 https://www.town.shakotan.lg.jp/
838/3066 200 https://www.town.shakotan.lg.jp/contents/post-59.html
846/3066 200 https://www.town.shakotan.lg.jp/contents/content0640.html
845/3066 200 https://www.town.shakotan.lg.jp/contents/content0062.html
844/3066 200 https://www.town.shakotan.lg.jp/contents/post-117.html
853/3066 200 https://www.town.furubira.lg.jp/rearing/detail.php?id=136
854/3066 200 https://www.town.furubira.lg.jp/life/detail.php?id=319
855/3066 200 https://www.town.furubira.lg.jp/life/detail.php?id=122
847/3066 200 https://www.town.furubira.lg.jp/
848/3066 200 https://www.town.furubira.lg.jp/rearing/detail.php?id=157
851/3066 200 https://www.town.furubira.lg.jp/rearing/detail.php?id=358
852/3066 200 https://www.town.furubira.lg.jp/rearing/detail.php?id=350
856/3066 200 https://www.town.furubira.lg.jp/life/detail.php?id=12
850/3066 200 https://www.town.furubira.lg.jp/rearing/detail.php?id=38
849/3066 200 https://www.town.furubira.lg.jp/rearing/
857/3066 200 https://www.town.furubira.lg.jp/life/detail.php?id=20
860/3066 200 https://www.town.niki.hokkaido.jp/section/hokenka/immd6j0000004e01.html
861/3066 200 https://www.town.niki.hokkaido.jp/section/hokenka/irv9760000000w7d.html
866/3066 200 https://www.town.niki.hokkaido.jp/section/somuka/irv9760000000gin.html
858/3066 200 https://www.town.niki.hokkaido.jp/
865/3066 200 https://www.town.niki.hokkaido.jp/mobile/section/jyuminka/irv9760000000mgv.html
863/3066 200 https://www.town.niki.hokkaido.jp/section/hokenka/index.html
862/3066 200 https://www.town.niki.hokkaido.jp/section/somuka/irv9760000000abm.html
867/3066 200 https://www.town.niki.hokkaido.jp/section/somuka/immd6j0000002xbx.html
859/3066 200 https://www.town.niki.hokkaido.jp/section/hokenka/ucpof700000003ya.html?channel=main
864/3066 200 https://www.town.niki.hokkaido.jp/section/kensetsuka/btsphm0000001xow.html
871/3066 200 https://www.town.yoichi.hokkaido.jp/kurashi/kurashinojouhou/ninnsin-syussan-kosodate/hoiku.html
869/3066 200 https://www.town.yoichi.hokkaido.jp/kurashi/kurashinojouhou/kokuho-iryou/nyuyouji.html
873/3066 200 https://www.town.yoichi.hokkaido.jp/kurashi/kurashinojouhou/ninnsin-syussan-kosodate/sangokea.html
870/3066 200 https://www.town.yoichi.hokkaido.jp/kurashi/kurashinojouhou/ninnsin-syussan-kosodate/ninkagainado_josei.html
876/3066 200 https://www.town.yoichi.hokkaido.jp/sangyou/izyuu-hp/jyutakushien/juutaku-syutoku.html
874/3066 200 https://www.town.yoichi.hokkaido.jp/kurashi/kurashinojouhou/ninnsin-syussan-kosodate/itijiazukari.html
877/3066 200 https://www.town.yoichi.hokkaido.jp/kurashi/kurashinojouhou/eisei-gomi/2023-0613-1605-17.html
872/3066 200 https://www.town.yoichi.hokkaido.jp/kurashi/kurashinojouhou/kyouiku-bunka/syugakuenjohiseido.html
868/3066 200 https://www.town.yoichi.hokkaido.jp/
878/3066 200 https://www.town.yoichi.hokkaido.jp/kurashi/kurashinojouhou/bousai/2018-0410-1723-1.html
875/3066 200 https://www.town.yoichi.hokkaido.jp/kurashi/kurashinojouhou/ninnsin-syussan-kosodate/kodomoaretsu.html
890/3066 200 https://www.town.nanporo.hokkaido.jp/health/subsidy/
889/3066 200 https://www.town.nanporo.hokkaido.jp/
892/3066 200 https://www.town.nanporo.hokkaido.jp/health/child-care/nursery/
882/3066 200 https://www.akaigawa.com/kurashi/hoken/post_60.html
880/3066 200 https://www.akaigawa.com/kurashi/hoken/index58.html
891/3066 200 https://www.town.nanporo.hokkaido.jp/health/child-care/consultation/
896/3066 200 https://www.town.nanporo.hokkaido.jp/life/waste/
893/3066 200 https://www.town.nanporo.hokkaido.jp/teach/students/
894/3066 200 https://www.town.nanporo.hokkaido.jp/health/child-care/birth/
884/3066 200 https://www.akaigawa.com/info/%E6%96%B0%E3%81%9F%E3%81%AA%E5%91%A8%E7%94%A3%E6%9C%9F%E6%94%AF%E6%8F%B4%E3%83%BB%E5%AD%90%E8%82%B2%E3%81%A6%E6%94%AF%E6%8F%B4%E5%88%B6%E5%BA%A6%E3%81%AB%E3%81%A4%E3%81%84%E3%81%A6/
897/3066 200 https://www.town.nanporo.hokkaido.jp/emergency-management/
895/3066 200 https://www.town.nanporo.hokkaido.jp/migration/support/subsidy/
879/3066 200 https://www.akaigawa.com/
885/3066 404 https://www.akaigawa.com/info/%E8%B5%A4%E4%BA%95%E5%B7%9D%E6%9D%91%E5%96%B6%E4%BD%8F%E5%AE%85%E5%85%A5%E5%B1%85%E8%80%85%E5%8B%9F%E9%9B%86%E3%81%AB%E3%81%A4%E3%81%84%E3%81%A6/
883/3066 200 https://www.akaigawa.com/kurashi/kyouiku_iinnkai/index72.html
881/3066 200 https://www.akaigawa.com/kurashi/fukushi/
898/3066 200 https://www.town.naie.hokkaido.jp/
900/3066 200 https://www.town.naie.hokkaido.jp/kosodate_support/kosodate_soudan/
901/3066 200 https://www.town.naie.hokkaido.jp/kosodate_support/jigyou/hoikuryo_gengaku/
903/3066 200 https://www.town.naie.hokkaido.jp/kosodate_support/kenkou/sanngokea/
904/3066 200 https://www.town.naie.hokkaido.jp/kosodate_support/azukeru/hagukumi/
905/3066 200 https://www.town.naie.hokkaido.jp/teijushien/teijusien/
899/3066 200 https://www.town.naie.hokkaido.jp/kosodate_support/jigyou/kodomo_iryohi/
886/3066 200 https://www.akaigawa.com/kurashi/hoken/index64.html
888/3066 200 https://www.akaigawa.com/kurashi/soumu/post_11.html
887/3066 200 https://www.akaigawa.com/kurashi/cat83/post_142.html
902/3066 200 https://www.town.naie.hokkaido.jp/bunka/kyoiku/kyuusyokuhi/
906/3066 200 https://www.town.naie.hokkaido.jp/kurashi/gomi/shurui/sodaigomi/
907/3066 200 https://www.town.naie.hokkaido.jp/oshirase/2254/
908/3066 200 https://town.kamisunagawa.hokkaido.jp/
909/3066 200 https://town.kamisunagawa.hokkaido.jp/soshiki/fukushi/iryo_hoken/josei/311.html
913/3066 200 https://town.kamisunagawa.hokkaido.jp/kenko_fukushi/yobo/994.html
912/3066 200 https://town.kamisunagawa.hokkaido.jp/kosodate_kyoiku/gakko/626.html
914/3066 200 https://town.kamisunagawa.hokkaido.jp/soshiki/kenkou/futaba/2493.html
915/3066 200 https://town.kamisunagawa.hokkaido.jp/iju/kibo/612.html
910/3066 200 https://town.kamisunagawa.hokkaido.jp/soshiki/kenkou/kosodate/seisaku/2309.html
911/3066 200 https://town.kamisunagawa.hokkaido.jp/soshiki/kenkou/futaba/307.html
917/3066 200 https://town.kamisunagawa.hokkaido.jp/kurashi_tetsuzuki/bosai/index.html
916/3066 200 https://town.kamisunagawa.hokkaido.jp/soshiki/kensetsu/kanri/seikatsu/324.html
921/3066 200 https://www.town.yuni.lg.jp/kurashi/kosodate/hoiku
924/3066 200 https://www.town.yuni.lg.jp/kurashi/shinsei-josei/r5shinkonjosei
918/3066 200 https://www.town.yuni.lg.jp/
927/3066 200 https://www.maoi-net.jp/
928/3066 200 https://www.maoi-net.jp/kosodate_kyoiku/ninshin_shussan_kosodate/teate_josei/iryouhi_josei.html
920/3066 200 https://www.town.yuni.lg.jp/kurashi/kosodate
932/3066 200 https://www.maoi-net.jp/kosodate_kyoiku/ninshin_shussan_kosodate/ninshin_shussan/sangokea.html
931/3066 200 https://www.maoi-net.jp/kosodate_kyoiku/gakko_kyoiku/kyushoku/kozahurikaetetsuzuki.html
919/3066 200 https://www.town.yuni.lg.jp/kurashi/shinsei-josei/yunikkoiryo
934/3066 200 https://www.maoi-net.jp/kurashi/sumai_seikatsu/jutaku_tochi/jutakureform_josei.html
930/3066 200 https://www.maoi-net.jp/kosodate_kyoiku/ninshin_shussan_kosodate/ninteikodomoen_hoikuen/index.html
929/3066 200 https://www.maoi-net.jp/gyosei/keikaku/kosodate_kyoiku/kodomokosodateshienjigyo.html
935/3066 200 https://www.maoi-net.jp/kurashi/gomi_kankyo_animal/gomi_recycle/
936/3066 200 https://www.maoi-net.jp/kyukyu_bosai/bosai/guidebook/
933/3066 200 https://www.maoi-net.jp/kosodate_kyoiku/ninshin_shussan_kosodate/shienservice/daretsu.html
922/3066 200 https://www.town.yuni.lg.jp/kurashi/kyoiku/kyoiku-seido
923/3066 200 https://www.town.yuni.lg.jp/kurashi/ninshin-syussan/sango-support
925/3066 200 https://www.town.yuni.lg.jp/kurashi/gomi_kankyou_pet/gomi
926/3066 200 https://www.town.yuni.lg.jp/chosei/bosai
938/3066 200 https://www.town.kuriyama.hokkaido.jp/soshiki/37/863.html
937/3066 200 https://www.town.kuriyama.hokkaido.jp/
939/3066 200 https://www.town.kuriyama.hokkaido.jp/life/2/11/
944/3066 200 https://www.town.kuriyama.hokkaido.jp/soshiki/46/10007.html
941/3066 200 https://www.town.kuriyama.hokkaido.jp/soshiki/54/33484.html
940/3066 200 https://www.town.kuriyama.hokkaido.jp/soshiki/39/12210.html
943/3066 200 https://www.town.kuriyama.hokkaido.jp/soshiki/39/35746.html
942/3066 200 https://www.town.kuriyama.hokkaido.jp/soshiki/38/11898.html
949/3066 200 https://www.town.tsukigata.hokkaido.jp/life/2/12/
947/3066 200 https://www.town.tsukigata.hokkaido.jp/
948/3066 200 https://www.town.tsukigata.hokkaido.jp/page/1521.html
952/3066 200 https://www.town.tsukigata.hokkaido.jp/page/3813.html
946/3066 200 https://www.town.kuriyama.hokkaido.jp/site/bousai/list158.html
945/3066 200 https://www.town.kuriyama.hokkaido.jp/site/trash/178.html
954/3066 200 https://www.town.tsukigata.hokkaido.jp/page/1650.html
950/3066 200 https://www.town.tsukigata.hokkaido.jp/page/1735.html
955/3066 200 https://www.town.tsukigata.hokkaido.jp/page/1497.html
951/3066 200 https://www.town.tsukigata.hokkaido.jp/page/7048.html
953/3066 200 https://www.town.tsukigata.hokkaido.jp/page/1728.html
956/3066 200 https://www.town.tsukigata.hokkaido.jp/page/1569.html
958/3066 200 https://www.town.urausu.hokkaido.jp/kurashi/kenko/iryo/iryouhijyosei.html
957/3066 200 https://www.town.urausu.hokkaido.jp/
969/3066 200 https://www.town.shintotsukawa.lg.jp/hotnews/detail/00002857.html
970/3066 200 https://www.town.shintotsukawa.lg.jp/hotnews/detail/00003221.html
972/3066 200 https://www.town.shintotsukawa.lg.jp/hotnews/detail/00004500.html
974/3066 200 https://www.town.shintotsukawa.lg.jp/iju/detail/00004650.html
960/3066 200 https://www.town.urausu.hokkaido.jp/kosodate/shisetsu/ninteikodomoen.html
967/3066 200 https://www.town.shintotsukawa.lg.jp/
968/3066 200 https://www.town.shintotsukawa.lg.jp/iju/detail/00000280.html
971/3066 200 https://www.town.shintotsukawa.lg.jp/hotnews/detail/00000313.html
973/3066 200 https://www.town.shintotsukawa.lg.jp/hotnews/detail/00005417.html
980/3066 200 https://www.town.moseushi.hokkaido.jp/kosodate_iryou_fukushi/kosodate/nintei_kodomoen.html
975/3066 200 https://www.town.shintotsukawa.lg.jp/hotnews/detail/00000021.html
977/3066 200 https://www.town.moseushi.hokkaido.jp/
982/3066 200 https://www.town.moseushi.hokkaido.jp/ijuu/2020-0525-0930-38.html
961/3066 200 https://www.town.urausu.hokkaido.jp/kosodate/school_education/nyuugaku-syuugaku.html
976/3066 200 https://www.town.shintotsukawa.lg.jp/hotnews/detail_sp/00002916.html
986/3066 200 https://www.town.chippubetsu.hokkaido.jp/category/detail.html?category=parenting&content=13
985/3066 200 https://www.town.chippubetsu.hokkaido.jp/
988/3066 200 https://www.town.chippubetsu.hokkaido.jp/category/detail.html?category=parenting&content=82
987/3066 200 https://www.town.chippubetsu.hokkaido.jp/category/?category=parenting
959/3066 200 https://www.town.urausu.hokkaido.jp/kosodate/
989/3066 200 https://www.town.chippubetsu.hokkaido.jp/category/detail.html?category=parenting&content=167
990/3066 200 https://www.town.chippubetsu.hokkaido.jp/category/detail.html?category=life&content=64
981/3066 200 https://www.town.moseushi.hokkaido.jp/kosodate_iryou_fukushi/kosodate/jyoseikin.html
991/3066 200 https://www.town.chippubetsu.hokkaido.jp/category/detail.html?category=life&content=157
992/3066 200 https://www.town.chippubetsu.hokkaido.jp/category/detail.html?category=life&content=161
993/3066 200 https://www.town.uryu.hokkaido.jp/
994/3066 200 https://www.town.uryu.hokkaido.jp/docs/iryou-jidou-seito.html
984/3066 200 https://www.town.moseushi.hokkaido.jp/bousai_bouhan/bousai/hazado_map.html
995/3066 200 https://www.town.uryu.hokkaido.jp/kurashi/1/2/
1000/3066 200 https://www.town.uryu.hokkaido.jp/docs/4325.html
998/3066 200 https://www.town.uryu.hokkaido.jp/kurashi/1/1/
997/3066 200 https://www.town.uryu.hokkaido.jp/docs/tokubetsusien-syugakusyourei.html
999/3066 200 https://www.town.uryu.hokkaido.jp/docs/4822.html
996/3066 200 https://www.town.uryu.hokkaido.jp/docs/hoikuen.html
983/3066 200 https://www.town.moseushi.hokkaido.jp/kurashi/gomi/bunbetu.html
1001/3066 200 https://www.town.uryu.hokkaido.jp/docs/sodaigomi.html
1002/3066 200 https://www.town.uryu.hokkaido.jp/kurashi/10/50/
963/3066 200 https://www.town.urausu.hokkaido.jp/kosodate/shisetsu/shien.html
962/3066 200 https://www.town.urausu.hokkaido.jp/kosodate/shien/2023-0330-1617-32.html
979/3066 200 https://www.town.moseushi.hokkaido.jp/kosodate_iryou_fukushi/kosodate/index.html
1011/3066 200 https://www.town.hokuryu.hokkaido.jp/bosai/
1007/3066 200 https://www.town.hokuryu.hokkaido.jp/kosodate/shien-jyosei/
1010/3066 200 https://www.town.hokuryu.hokkaido.jp/kurashi/gomi/
1003/3066 200 https://www.town.hokuryu.hokkaido.jp/
1005/3066 200 https://www.town.hokuryu.hokkaido.jp/kosodate/kosodate-sien-center/
1004/3066 200 https://www.town.hokuryu.hokkaido.jp/kenko/nyuuyouji-iryoujyosei/
1006/3066 200 https://www.town.hokuryu.hokkaido.jp/kosodate/hoikuen/
1008/3066 200 https://www.town.hokuryu.hokkaido.jp/kosodate/sango-care/
978/3066 200 https://www.town.moseushi.hokkaido.jp/news/2022-0117-1703-58.html
966/3066 200 https://www.town.urausu.hokkaido.jp/kurashi/kurashi/bousai/bousai_handbook.html
965/3066 200 https://www.town.urausu.hokkaido.jp/kurashi/kurashi/seikatu/gomirecycle.html
1009/3066 200 https://www.town.hokuryu.hokkaido.jp/tyousei/ijyuteijyu/ijyuteijyujyouhou/
964/3066 200 https://www.town.urausu.hokkaido.jp/ijyu/shien/syutoku.html
1014/3066 200 https://www.town.numata.hokkaido.jp/section/hoken/h0opp2000000cuh9.html
1012/3066 200 https://www.town.numata.hokkaido.jp/
1019/3066 200 https://www.town.numata.hokkaido.jp/section/kensetu/ujj7s30000000pmp.html
1013/3066 200 https://www.town.numata.hokkaido.jp/section/hoken/ujj7s30000000z9d.html
1015/3066 200 https://www.town.numata.hokkaido.jp/section/hoken/h0opp20000005bl9.html
1017/3066 200 https://www.town.numata.hokkaido.jp/section/hoken/ujj7s30000000s75.html
1016/3066 200 https://www.town.numata.hokkaido.jp/section/kyouiku/t7ks5q00000009m4.html
1018/3066 200 https://www.town.numata.hokkaido.jp/section/hoken/h0opp2000000lwi5.html
1020/3066 200 https://www.town.numata.hokkaido.jp/section/jyuumin/ujj7s300000007mn.html
1021/3066 200 https://www.town.numata.hokkaido.jp/section/soumu/ujj7s30000000dlq.html
1022/3066 200 https://www.town.takasu.hokkaido.jp/
1023/3066 200 https://www.town.takasu.hokkaido.jp/site/kosodate/1457.html
1024/3066 200 https://www.town.takasu.hokkaido.jp/site/kosodate/1590.html
1031/3066 200 https://www.town.takasu.hokkaido.jp/page/1238.html
1027/3066 200 https://www.town.takasu.hokkaido.jp/site/kosodate/1578.html
1026/3066 200 https://www.town.takasu.hokkaido.jp/site/kosodate/1576.html
1028/3066 200 https://www.town.takasu.hokkaido.jp/site/kosodate/1610.html
1029/3066 200 https://www.town.takasu.hokkaido.jp/site/kosodate/7854.html
1025/3066 200 https://www.town.takasu.hokkaido.jp/site/kosodate/8207.html
1032/3066 200 https://www.town.takasu.hokkaido.jp/page/1233.html
1033/3066 200 https://www.town.takasu.hokkaido.jp/page/1263.html
1030/3066 200 https://www.town.takasu.hokkaido.jp/site/iju/1414.html
1035/3066 200 https://www.town.higashikagura.lg.jp/docs/119.html
1034/3066 200 https://www.town.higashikagura.lg.jp/
1036/3066 200 https://www.town.higashikagura.lg.jp/docs/15331.html
1037/3066 200 https://www.town.higashikagura.lg.jp/docs/14820.html
1041/3066 200 https://www.town.higashikagura.lg.jp/docs/15147.html
1040/3066 200 https://www.town.higashikagura.lg.jp/docs/14844.html
1038/3066 200 https://www.town.higashikagura.lg.jp/docs/129.html
1042/3066 200 https://www.town.higashikagura.lg.jp/docs/13698.html
1043/3066 200 https://www.town.higashikagura.lg.jp/docs/13642.html
1046/3066 200 https://www.town.higashikagura.lg.jp/docs/13645.html
1044/3066 200 https://www.town.higashikagura.lg.jp/docs/13644.html
1039/3066 404 https://www.town.higashikagura.lg.jp/fs/5/3/4/2/0/_/__7__________.pdf
1047/3066 200 https://www.town.higashikagura.lg.jp/docs/13891.html
1045/3066 200 https://www.town.higashikagura.lg.jp/docs/193.html
1048/3066 200 https://www.town.tohma.hokkaido.jp/
1052/3066 200 https://www.town.tohma.hokkaido.jp/contact/11/1068
1059/3066 200 https://www.town.tohma.hokkaido.jp/living/12/01/1347
1056/3066 200 https://www.town.tohma.hokkaido.jp/living/07/01/2169
1058/3066 200 https://www.town.tohma.hokkaido.jp/living/12/03/1351
1051/3066 200 https://www.town.tohma.hokkaido.jp/living/06/02/1270
1053/3066 200 https://www.town.tohma.hokkaido.jp/living/06/03/1935
1050/3066 200 https://www.town.tohma.hokkaido.jp/living/06/03/1279
1055/3066 200 https://www.town.tohma.hokkaido.jp/all-about/02/03/1412
1057/3066 200 https://www.town.tohma.hokkaido.jp/living/12/01/1346
1049/3066 200 https://www.town.tohma.hokkaido.jp/living/04/05/1266
1054/3066 200 https://www.town.tohma.hokkaido.jp/living/06/03/2521
1064/3066 200 https://www.town.pippu.hokkaido.jp/cms/section/fukushi/p1rhin0000001aou.html?channel=main
1062/3066 200 https://www.town.pippu.hokkaido.jp/cms/section/fukushi/i9kb6d0000001z1e.html
1061/3066 200 https://www.town.pippu.hokkaido.jp/cms/section/fukushi/p1rhin0000001suj.html
1065/3066 200 https://www.town.pippu.hokkaido.jp/cms/section/kyouiku/a2vj230000000iea.html
1067/3066 200 https://www.town.pippu.hokkaido.jp/cms/section/fukushi/elhgch0000003u9u.html
1060/3066 200 https://www.town.pippu.hokkaido.jp/
1066/3066 200 https://www.town.pippu.hokkaido.jp/cms/section/kyouiku/elhgch0000004zeu.html
1070/3066 200 https://www.town.pippu.hokkaido.jp/cms/section/soumu/i9kb6d0000008ds9.html
1068/3066 200 https://www.town.pippu.hokkaido.jp/cms/section/fukushi/elhgch00000050h4.html
1072/3066 200 https://www.town.pippu.hokkaido.jp/cms/section/soumu/i9kb6d0000006oag.html
1069/3066 200 https://www.town.pippu.hokkaido.jp/cms/section/fukushi/index.html?channel=main
1071/3066 200 https://www.town.pippu.hokkaido.jp/cms/mobile/section/jyuuminn/p1rhin00000022y2.html?channel=mobile
1063/3066 200 https://www.city.asahikawa.hokkaido.jp/kurashi/218/241/250/p004688.html
1080/3066 200 https://www.town.aibetsu.hokkaido.jp/01/05/01/727
1073/3066 200 https://www.town.aibetsu.hokkaido.jp/
1074/3066 200 https://www.town.aibetsu.hokkaido.jp/01/04/04/447
1078/3066 200 https://www.town.aibetsu.hokkaido.jp/01/04/04/439
1082/3066 200 https://www.town.aibetsu.hokkaido.jp/09/1989
1075/3066 200 https://www.town.aibetsu.hokkaido.jp/01/04/04/453
1076/3066 200 https://www.town.aibetsu.hokkaido.jp/06/01/952
1079/3066 200 https://www.town.aibetsu.hokkaido.jp/03/04/02/625
1081/3066 200 https://www.town.aibetsu.hokkaido.jp/01/07/01/663
1084/3066 200 https://www.town.hokkaido-kamikawa.lg.jp/section/zeimujuumin/chs8120000000o4m.html
1092/3066 200 https://www.town.hokkaido-kamikawa.lg.jp/section/chiikimiryoku/chs81200000009ay.html
1091/3066 200 https://www.town.hokkaido-kamikawa.lg.jp/section/d57c9r000000694g.html
1087/3066 200 https://www.town.hokkaido-kamikawa.lg.jp/section/kyouiku/d57c9r0000006eco.html?cp=h8nafq0000000aa8&cs=c03_03s0
1086/3066 200 https://www.town.hokkaido-kamikawa.lg.jp/section/hoikusyo/o3i3l80000000etq.html
1090/3066 200 https://www.town.hokkaido-kamikawa.lg.jp/section/d57c9r0000000wah.html
1089/3066 200 https://www.town.hokkaido-kamikawa.lg.jp/section/lidaad0000000k0k.html
1083/3066 200 https://www.town.hokkaido-kamikawa.lg.jp/
1088/3066 200 https://www.town.hokkaido-kamikawa.lg.jp/section/hokenhukushi/njguvh000000101s.html
1093/3066 200 https://www.town.hokkaido-kamikawa.lg.jp/category/bousai/index.html
1085/3066 200 https://www.town.hokkaido-kamikawa.lg.jp/section/iefu8s0000000v3z.html
1095/3066 200 https://town.higashikawa.hokkaido.jp/special/birth-registration/
1102/3066 200 https://town.biei.hokkaido.jp/
1105/3066 200 https://town.biei.hokkaido.jp/child/child-rearing/shikyunintei.html
1104/3066 200 https://town.biei.hokkaido.jp/child/child-rearing/ichiziazukari.html
1103/3066 200 https://town.biei.hokkaido.jp/child/child-rearing/support.html
1107/3066 200 https://town.biei.hokkaido.jp/child/child-rearing/pregnancy.html
1106/3066 200 https://town.biei.hokkaido.jp/child/education/assistance/
1077/3066 200 https://www.town.aibetsu.hokkaido.jp/node/1496
1109/3066 200 https://town.biei.hokkaido.jp/life/environment/20230101.html
1108/3066 200 https://town.biei.hokkaido.jp/move/subsidy.html
1110/3066 200 https://town.biei.hokkaido.jp/emergency/bosaigaido.html
1099/3066 200 https://town.higashikawa.hokkaido.jp/tochi/topics20260622.html
1096/3066 200 https://town.higashikawa.hokkaido.jp/tochi/west-village.html
1097/3066 200 https://town.higashikawa.hokkaido.jp/topics/index.php?m=12&y=2014
1101/3066 200 https://town.higashikawa.hokkaido.jp/hazardmap/
1114/3066 200 https://www.town.kamifurano.hokkaido.jp/index.php?id=2836
1122/3066 200 https://www.town.nakafurano.lg.jp/
1118/3066 200 https://www.town.kamifurano.hokkaido.jp/index.php?id=1634
1111/3066 200 https://www.town.kamifurano.hokkaido.jp/
1127/3066 200 https://www.town.nakafurano.lg.jp/hotnews/detail/00000165.html
1125/3066 200 https://www.town.nakafurano.lg.jp/hotnews/detail/00000769.html
1124/3066 200 https://www.town.nakafurano.lg.jp/hotnews/detail/00001152.html
1112/3066 200 https://www.town.kamifurano.hokkaido.jp/index.php?id=3731
1123/3066 200 https://www.town.nakafurano.lg.jp/hotnews/detail/00002682.html
1130/3066 200 https://www.town.nakafurano.lg.jp/hotnews/detail/00001151.html
1128/3066 200 https://www.town.nakafurano.lg.jp/hotnews/detail/00001202.html
1126/3066 200 https://www.town.nakafurano.lg.jp/hotnews/detail/00000214.html
1129/3066 200 https://www.town.nakafurano.lg.jp/hotnews/detail/00003639.html
1132/3066 200 https://www.town.nakafurano.lg.jp/hotnews/detail/00002399.html
1131/3066 200 https://www.town.nakafurano.lg.jp/hotnews/detail/00003615.html
1133/3066 200 https://www.town.nakafurano.lg.jp/hotnews/detail/00003022.html
1115/3066 200 https://www.town.kamifurano.hokkaido.jp/index.php?id=3984
1121/3066 200 https://www.town.kamifurano.hokkaido.jp/index.php?id=73
1119/3066 200 https://www.town.kamifurano.hokkaido.jp/index.php?id=5493
1113/3066 200 https://www.town.kamifurano.hokkaido.jp/index.php?id=245
1116/3066 200 https://www.town.kamifurano.hokkaido.jp/index.php?id=243
1117/3066 200 https://www.town.kamifurano.hokkaido.jp/index.php?id=5535
1134/3066 200 https://www.town.nakafurano.lg.jp/hotnews/detail/00000087.html
1120/3066 200 https://www.town.kamifurano.hokkaido.jp/index.php?id=1364
1135/3066 200 https://www.town.minamifurano.hokkaido.jp/
1100/3066 200 https://town.higashikawa.hokkaido.jp/living/environment/garbage-and-recycling.php
1138/3066 200 https://www.town.minamifurano.hokkaido.jp/kurashi-info/child/%E5%B9%BE%E5%AF%85%E3%83%BB%E9%87%91%E5%B1%B1%E4%BF%9D%E8%82%B2%E6%89%80/
1136/3066 404 https://www.town.minamifurano.hokkaido.jp/kurashi-info/child/%E3%81%99%E3%81%93%E3%82%84%E3%81%8B%E5%AD%90%E3%81%A9%E3%82%82%E5%8C%BB%E7%99%82%E8%B2%BB/
1137/3066 404 https://www.town.minamifurano.hokkaido.jp/kurashi-info/child/%E3%83%95%E3%82%A1%E3%83%9F%E3%83%AA%E3%83%BC%E3%82%B5%E3%83%9D%E3%83%BC%E3%83%88%E3%82%BB%E3%83%B3%E3%82%BF%E3%83%BC/
1098/3066 200 https://town.higashikawa.hokkaido.jp/living/welfare/children.php
1094/3066 200 https://town.higashikawa.hokkaido.jp/
1140/3066 200 https://www.town.minamifurano.hokkaido.jp/kurashi-info/child/
1142/3066 200 https://www.town.minamifurano.hokkaido.jp/kurashi-info/%E4%BD%8F%E5%AE%85-2/%E4%BD%8F%E5%AE%85%E5%BB%BA%E8%A8%AD%E7%AD%89%E4%BF%83%E9%80%B2%E5%8F%8A%E3%81%B3%E5%8D%B1%E9%99%BA%E5%BB%83%E5%B1%8B%E8%A7%A3%E4%BD%93%E6%92%A4%E5%8E%BB%E4%BF%83%E9%80%B2%E4%BA%8B%E6%A5%AD/
1144/3066 200 https://www.town.minamifurano.hokkaido.jp/kurashi-info/%E9%98%B2%E7%81%BD%E6%83%85%E5%A0%B1/%E6%B4%AA%E6%B0%B4%E3%83%8F%E3%82%B6%E3%83%BC%E3%83%89%E3%83%9E%E3%83%83%E3%83%97%EF%BC%88%E5%8D%97%E5%AF%8C%E8%89%AF%E9%87%8E%E7%94%BA%E3%80%80%E9%98%B2%E7%81%BD%E3%81%AE%E5%BF%83%E5%BE%97%EF%BC%89/
1143/3066 200 https://www.town.minamifurano.hokkaido.jp/kurashi-info/dust/%E3%82%B4%E3%83%9F%E3%81%AE%E5%87%BA%E3%81%97%E6%96%B9%E3%83%BB%E5%88%86%E5%88%A5%E6%96%B9%E6%B3%95/
1139/3066 200 https://www.town.minamifurano.hokkaido.jp/kurashi-info/school/%E5%AD%A6%E6%A0%A1%E7%B5%A6%E9%A3%9F%E8%B2%BB%E5%8A%A9%E6%88%90/
1141/3066 404 https://www.town.minamifurano.hokkaido.jp/kurashi-info/child/%E4%B8%80%E6%99%82%E4%BF%9D%E8%82%B2/
1146/3066 200 https://www.vill.shimukappu.lg.jp/shimukappu/section/jyumin/nmudtq00000043d2.html
1153/3066 200 https://www.vill.shimukappu.lg.jp/shimukappu/section/kensetsu/nmudtq000000xbiz.html
1151/3066 200 https://www.vill.shimukappu.lg.jp/shimukappu/section/fukushi/e2be5g00000014h6.html
1152/3066 200 https://www.vill.shimukappu.lg.jp/shimukappu/section/kikaku/nmudtq000002qtyx.html
1154/3066 200 https://www.vill.shimukappu.lg.jp/shimukappu/section/soumu/nmudtq000004kzft.html
1148/3066 200 https://www.vill.shimukappu.lg.jp/shimukappu/section/fukushi/nmudtq00000044no.html
1149/3066 200 https://www.vill.shimukappu.lg.jp/reiki/bunya_00700000030000.html
1145/3066 200 https://www.vill.shimukappu.lg.jp/
1150/3066 200 https://www.vill.shimukappu.lg.jp/reiki/bunya_00800000020000.html
1147/3066 200 https://www.vill.shimukappu.lg.jp/shimukappu/category/nmudtq0000001odq.html
1163/3066 200 https://www.town.wassamu.hokkaido.jp/residents/collection/%E3%81%94%E3%81%BF%E5%8F%8E%E9%9B%86%E3%81%AB%E3%81%A4%E3%81%84%E3%81%A6-2/
1155/3066 200 https://www.town.wassamu.hokkaido.jp/
1158/3066 200 https://www.town.wassamu.hokkaido.jp/health-welfare/nursery/admission-cost-2/
1156/3066 200 https://www.town.wassamu.hokkaido.jp/health-welfare/health-factor/subsidy-allowance/
1159/3066 200 https://www.town.wassamu.hokkaido.jp/school-board/school-education/schoollunch/
1161/3066 200 https://www.town.wassamu.hokkaido.jp/health-welfare/nursery/special-care-2/
1162/3066 200 https://www.town.wassamu.hokkaido.jp/affairs/city-building/%E5%92%8C%E5%AF%92%E7%94%BA%E7%A7%BB%E4%BD%8F%E6%94%AF%E6%8F%B4%E9%87%91/
1157/3066 200 https://www.town.wassamu.hokkaido.jp/health-welfare/
1160/3066 200 https://www.town.wassamu.hokkaido.jp/health-welfare/health-factor/pregnancy/
1171/3066 200 https://www.town.kembuchi.hokkaido.jp/%E4%BB%A4%E5%92%8C%EF%BC%98%E5%B9%B4%EF%BC%94%E6%9C%88%E3%81%8B%E3%82%89%E3%80%8C%E3%81%93%E3%81%A9%E3%82%82%E8%AA%B0%E3%81%A7%E3%82%82%E9%80%9A%E5%9C%92%E5%88%B6%E5%BA%A6%E3%80%8D%E3%81%8C%E5%A7%8B/
1170/3066 200 https://www.town.kembuchi.hokkaido.jp/kurashi/%E5%81%A5%E5%BA%B7/%E5%A6%8A%E5%A9%A6%E3%83%BB%E5%AD%90%E3%81%A9%E3%82%82%E3%81%AB%E9%96%A2%E3%81%99%E3%82%8B%E3%81%93%E3%81%A8/
1172/3066 200 https://www.town.kembuchi.hokkaido.jp/kurashi/%E3%81%BE%E3%81%A1%E3%81%A5%E3%81%8F%E3%82%8A/%E4%BD%8F%E3%81%BE%E3%81%84%E3%81%AB%E9%96%A2%E3%81%99%E3%82%8B%E3%81%93%E3%81%A8/%E4%BD%8F%E5%AE%85%E6%96%B0%E7%AF%89%E3%83%BB%E6%94%B9%E4%BF%AE%E4%BF%83%E9%80%B2%E5%8A%A9%E6%88%90%E4%BA%8B%E6%A5%AD/
1169/3066 200 https://www.town.kembuchi.hokkaido.jp/kurashi/%E6%95%99%E8%82%B2%E3%83%BB%E6%96%87%E5%8C%96%E3%83%BB%E3%82%B9%E3%83%9D%E3%83%BC%E3%83%84/%E5%AD%A6%E6%A0%A1%E6%95%99%E8%82%B2/
1173/3066 200 https://www.town.kembuchi.hokkaido.jp/wp-content/uploads/02.gominohannyuuhouhougakawarimasu.pdf
1166/3066 200 https://www.town.kembuchi.hokkaido.jp/kurashi/%E5%AD%90%E8%82%B2%E3%81%A6/kosodate-shien/%E5%AD%90%E3%81%A9%E3%82%82%E5%8C%BB%E7%99%82%E8%B2%BB%E5%8A%A9%E6%88%90%E4%BA%8B%E6%A5%AD/
1168/3066 200 https://www.town.kembuchi.hokkaido.jp/kurashi/%E5%AD%90%E8%82%B2%E3%81%A6/%E4%BF%9D%E8%82%B2%E6%89%80%E3%83%BB%E5%AD%A6%E7%AB%A5/%E4%BF%9D%E8%82%B2%E6%89%80/
1174/3066 200 https://www.town.kembuchi.hokkaido.jp/kurashi/%E6%B6%88%E9%98%B2%E3%83%BB%E9%98%B2%E7%81%BD/%E7%81%BD%E5%AE%B3%E3%81%8C%E8%B5%B7%E3%81%8D%E3%81%9F%E3%82%89/
1164/3066 200 https://www.town.wassamu.hokkaido.jp/affairs/community-safety/disaster-prevention/
1167/3066 200 https://www.town.kembuchi.hokkaido.jp/kurashi/%E5%AD%90%E8%82%B2%E3%81%A6/
1165/3066 200 https://www.town.kembuchi.hokkaido.jp/
1176/3066 200 https://www.town.shimokawa.hokkaido.jp/section/2024/04/post-203.html
1179/3066 200 https://www.town.shimokawa.hokkaido.jp/gyousei/.assets/%E7%B5%90%E5%90%88%E7%89%88.pdf
1175/3066 200 https://www.town.shimokawa.hokkaido.jp/
1183/3066 200 https://www.town.shimokawa.hokkaido.jp/section/2020/01/post-191.html
1180/3066 200 https://www.town.shimokawa.hokkaido.jp/section/2026/04/post-66.html
1182/3066 200 https://www.town.shimokawa.hokkaido.jp/section/2025/12/post-495.html
1181/3066 200 https://www.town.shimokawa.hokkaido.jp/section/2026/03/post-207.html
1184/3066 200 https://www.town.shimokawa.hokkaido.jp/section/bosai/
1177/3066 200 https://www.town.shimokawa.hokkaido.jp/section/kenkou/kosodate/
1178/3066 200 https://www.town.shimokawa.hokkaido.jp/section/2025/04/post-207.html
1185/3066 200 https://www.town.bifuka.hokkaido.jp/
1189/3066 200 https://www.town.bifuka.hokkaido.jp/cms/section/kyouiku/nuv41p000000kok6.html
1187/3066 200 https://www.town.bifuka.hokkaido.jp/cms/section/hoken/nuv41p000000gs78.html
1193/3066 200 https://www.town.bifuka.hokkaido.jp/cms/section/jyuuminn/nuv41p000000h4ml.html
1188/3066 200 https://www.town.bifuka.hokkaido.jp/cms/section/kyouiku/yoji/eukf14000000166n.html
1194/3066 200 https://www.town.bifuka.hokkaido.jp/cms/section/soumu/qlmcaj0000005h19.html
1190/3066 200 https://www.town.bifuka.hokkaido.jp/cms/section/hoken/i63vp6000000dpwo.html
1191/3066 200 https://www.town.bifuka.hokkaido.jp/cms/section/kyouiku/yoji/qlmcaj0000004i6s.html
1192/3066 200 https://www.town.bifuka.hokkaido.jp/cms/section/i63vp60000002blv.html
1186/3066 200 https://www.town.bifuka.hokkaido.jp/cms/section/jyuuminn/qlmcaj000000607o.html
1197/3066 200 https://www.vill.otoineppu.hokkaido.jp/kakuka/hokenfukushi/
1195/3066 200 https://www.vill.otoineppu.hokkaido.jp/
1198/3066 200 https://www.vill.otoineppu.hokkaido.jp/shisetsu/index.html
1201/3066 200 https://www.vill.otoineppu.hokkaido.jp/kurashi/gomi_kankyou/gomi_kankyou.html
1196/3066 200 https://www.vill.otoineppu.hokkaido.jp/kurashi/kenkou_fukushi/nyuuyouji1.html
1202/3066 200 https://www.vill.otoineppu.hokkaido.jp/bousai/
1199/3066 200 https://www.vill.otoineppu.hokkaido.jp/kakuka/kyouikuiin/
1200/3066 200 https://www.vill.otoineppu.hokkaido.jp/kakuka/chiikishinkou/otoineppu_iju.html
1204/3066 200 https://www.town.nakagawa.hokkaido.jp/section/shiawasesuishin/b02d3l00000011m2.html
1203/3066 200 https://www.town.nakagawa.hokkaido.jp/
1206/3066 200 https://www.town.nakagawa.hokkaido.jp/section/shiawasesuishin/b02d3l0000000orw.html
1205/3066 200 https://www.town.nakagawa.hokkaido.jp/section/shiawasesuishin/
1207/3066 200 https://www.town.nakagawa.hokkaido.jp/section/kyouikuiinkai/ghudpv00000000bt.html
1208/3066 200 https://www.town.nakagawa.hokkaido.jp/section/shiawasesuishin/k8op0500000002az.html
1210/3066 200 https://www.town.nakagawa.hokkaido.jp/section/chiikisinko/k8op0500000000ap.html
1209/3066 200 https://www.town.nakagawa.hokkaido.jp/section/shiawasesuishin/k8op0500000002az-att/k8op0500000002ea.pdf
1211/3066 200 https://www.town.nakagawa.hokkaido.jp/section/shiawasesuishin/b02d3l0000000s8i.html
1212/3066 200 https://www.town.nakagawa.hokkaido.jp/section/kikakuzaisei/b02d3l0000000oyw.html
1241/3066 fetch failed https://www.town.tomamae.lg.jp/
1242/3066 fetch failed https://www.town.tomamae.lg.jp/section/hoken/index.html
1222/3066 200 https://www.town.mashike.hokkaido.jp/
1243/3066 fetch failed https://www.town.tomamae.lg.jp/mayor-room.html
1244/3066 fetch failed https://www.town.tomamae.lg.jp/section/kensetsu/oa5p850000002zzu.html
1227/3066 200 https://www.town.mashike.hokkaido.jp/nurturing/akachan.html
1226/3066 200 https://www.town.mashike.hokkaido.jp/division/hukusikousei/1749881269.html
1223/3066 200 https://www.town.mashike.hokkaido.jp/division/chomin/kodomoiryou/index.html
1229/3066 200 https://www.town.mashike.hokkaido.jp/division/chomin/chominkankyo/gomi/handbook/index.html
1230/3066 200 https://www.town.mashike.hokkaido.jp/bosai/disaster-defense/index.html
1224/3066 200 https://www.town.mashike.hokkaido.jp/nurturing/index.html
1228/3066 200 https://www.town.mashike.hokkaido.jp/division/kensetsu/kenchiku/jutaku_reform/1774331039.html
1225/3066 200 https://www.town.mashike.hokkaido.jp/division/kyouiku/kyuusyokuhihojo/index.html
1217/3066 200 https://www.town.horokanai.hokkaido.jp/kurasu/testuduki-zei-hojo/hojo-joseikinjigyo/44932-2
1219/3066 200 https://www.town.horokanai.hokkaido.jp/kurasu/testuduki-zei-hojo/takuchi-shinchiku-jogesuido
1213/3066 200 https://www.town.horokanai.hokkaido.jp/
1218/3066 200 https://www.town.horokanai.hokkaido.jp/archives/74720
1245/3066 fetch failed https://www.town.tomamae.lg.jp/section/chomin/lg6iib0000000pjw.html
1220/3066 200 https://www.town.horokanai.hokkaido.jp/kurasu/seikatsu/gominoshori
1216/3066 200 https://www.town.horokanai.hokkaido.jp/kurasu/kyoiku
1214/3066 200 https://www.town.horokanai.hokkaido.jp/archives/23370
1215/3066 404 https://www.town.horokanai.hokkaido.jp/kosodate/kosodate-shien
1239/3066 200 https://www.town.obira.hokkaido.jp/hotnews/detail_sp/00000986.html
1233/3066 200 https://www.town.obira.hokkaido.jp/hotnews/detail/00002111.html
1236/3066 200 https://www.town.obira.hokkaido.jp/hotnews/category/228.html
1231/3066 200 https://www.town.obira.hokkaido.jp/
1232/3066 200 https://www.town.obira.hokkaido.jp/hotnews/detail_sp/00000139.html
1235/3066 200 https://www.town.obira.hokkaido.jp/hotnews/detail/00000243.html
1234/3066 200 https://www.town.obira.hokkaido.jp/hotnews/detail/00000128.html
1238/3066 200 https://www.town.obira.hokkaido.jp/hotnews/detail/00002661.html
1237/3066 200 https://www.town.obira.hokkaido.jp/hotnews/detail/00000182.html
1240/3066 200 https://www.town.obira.hokkaido.jp/hotnews/detail/00002544.html
1246/3066 200 https://www.town.haboro.lg.jp/
1247/3066 200 https://www.town.haboro.lg.jp/kurashi/fukushi/kosodate/nyuyouzi-iryouhizyosei.html
1253/3066 200 https://www.town.haboro.lg.jp/kurashi/kankyo/tochi-jyutaku/2024-0209-1627-25.html
1248/3066 200 https://www.town.haboro.lg.jp/kurashi/fukushi/kosodate/index.html
1251/3066 200 https://www.town.haboro.lg.jp/kurashi/fukushi/kosodate/2023-0418-1711-31.html
1249/3066 200 https://www.town.haboro.lg.jp/kurashi/fukushi/kosodate/hoikuen-nyuen.html
1250/3066 200 https://www.town.haboro.lg.jp/kurashi/activity/school/2026-0304-1122-42.html
1261/3066 200 https://www.vill.shosanbetsu.lg.jp/kurashi/ijuteiju/teijyuusokusinjyuukankyoseibi.html
1257/3066 200 https://www.vill.shosanbetsu.lg.jp/kurashi/iryo/
1256/3066 200 https://www.vill.shosanbetsu.lg.jp/
1262/3066 200 https://www.vill.shosanbetsu.lg.jp/kurashi/gomisuido/
1252/3066 200 https://www.town.haboro.lg.jp/kurashi/fukushi/kosodate/2014-0508-1456-28.html
1254/3066 200 https://www.town.haboro.lg.jp/kurashi/kankyo/gomi/dashikata.html
1258/3066 200 https://www.vill.shosanbetsu.lg.jp/kurashi/kosodate/
1259/3066 200 https://www.vill.shosanbetsu.lg.jp/gyosei/gyoseijoho/bukkakoutoukoufukin.html
1255/3066 200 https://www.town.haboro.lg.jp/hazardmap/index.html
1260/3066 200 https://www.vill.shosanbetsu.lg.jp/kurashi/hokenneisei/
1263/3066 200 https://www.vill.shosanbetsu.lg.jp/kurashi/bousaianzen/hazardmap.html
1268/3066 200 https://www.town.embetsu.hokkaido.jp/docs/4157.html
1270/3066 200 https://www.town.embetsu.hokkaido.jp/docs/4100.html
1267/3066 200 https://www.town.embetsu.hokkaido.jp/docs/page2017100200061.html
1272/3066 200 https://www.town.embetsu.hokkaido.jp/site/c8010/guide/
1265/3066 200 https://www.town.embetsu.hokkaido.jp/docs/page2017100200108.html
1271/3066 200 https://www.town.embetsu.hokkaido.jp/docs/page2023101700011.html
1266/3066 200 https://www.town.embetsu.hokkaido.jp/c20/c2030/
1264/3066 200 https://www.town.embetsu.hokkaido.jp/
1269/3066 200 https://www.town.embetsu.hokkaido.jp/docs/4113.html
1221/3066 200 https://www.town.horokanai.hokkaido.jp/bosai-kyukyu
1273/3066 200 https://www.teshiotown.hokkaido.jp/
1276/3066 200 https://www.teshiotown.hokkaido.jp/?page_id=715
1279/3066 200 https://www.teshiotown.hokkaido.jp/?page_id=813
1282/3066 200 https://www.teshiotown.hokkaido.jp/?page_id=17345
1275/3066 200 https://www.teshiotown.hokkaido.jp/?page_id=707
1280/3066 200 https://www.teshiotown.hokkaido.jp/?page_id=17783
1277/3066 200 https://www.teshiotown.hokkaido.jp/wp-content/uploads/2025/04/7831438575908b096a99e85d74a4a4a5.pdf
1281/3066 200 https://www.teshiotown.hokkaido.jp/?page_id=403
1278/3066 200 https://www.teshiotown.hokkaido.jp/?page_id=23023
1274/3066 200 https://www.teshiotown.hokkaido.jp/?page_id=821
1293/3066 fetch failed https://www.town.hamatonbetsu.hokkaido.jp/
1295/3066 fetch failed https://www.town.hamatonbetsu.hokkaido.jp/purpose/?purpose=1
1301/3066 fetch failed https://www.town.hamatonbetsu.hokkaido.jp/disaster/detail.php?content=632
1297/3066 fetch failed https://www.town.hamatonbetsu.hokkaido.jp/education/detail.php?content=505
1302/3066 200 https://www.town.nakatombetsu.hokkaido.jp/
1303/3066 200 https://www.town.nakatombetsu.hokkaido.jp/bunya/7985/
1304/3066 200 https://www.town.nakatombetsu.hokkaido.jp/bunya/7984/
1306/3066 200 https://www.town.nakatombetsu.hokkaido.jp/bunya/7573/
1288/3066 200 https://www.vill.sarufutsu.hokkaido.jp/contents/reiki/bunya_00700000020000.html
1308/3066 200 https://www.town.nakatombetsu.hokkaido.jp/bunya/7989/
1287/3066 200 https://www.vill.sarufutsu.hokkaido.jp/hotnews/detail/00001594.html
1309/3066 200 https://www.town.nakatombetsu.hokkaido.jp/bunya/5375/
1284/3066 200 https://www.vill.sarufutsu.hokkaido.jp/hotnews/detail_sp/00002504.html
1283/3066 200 https://www.vill.sarufutsu.hokkaido.jp/
1307/3066 200 https://www.town.nakatombetsu.hokkaido.jp/bunya/20480/
1310/3066 200 https://www.town.nakatombetsu.hokkaido.jp/bunya/7546/
1285/3066 200 https://www.vill.sarufutsu.hokkaido.jp/hotnews/group_sp/
1305/3066 200 https://www.town.nakatombetsu.hokkaido.jp/bunya/17396/
1286/3066 200 https://www.vill.sarufutsu.hokkaido.jp/hotnews/detail/00004954.html
1311/3066 200 https://www.town.nakatombetsu.hokkaido.jp/bunya/4713/
1292/3066 200 https://www.vill.sarufutsu.hokkaido.jp/hotnews/detail/00003938.html
1291/3066 200 https://www.vill.sarufutsu.hokkaido.jp/hotnews/detail_sp/00000219.html
1296/3066 403 https://www1.g-reiki.net/hamatonbetsu/reiki_honbun/a132RG00000636.html
1294/3066 403 https://www1.g-reiki.net/hamatonbetsu/reiki_honbun/a132RG00000239.html
1289/3066 200 https://www.vill.sarufutsu.hokkaido.jp/hotnews/detail_sp/00004153.html
1290/3066 200 https://www.vill.sarufutsu.hokkaido.jp/hotnews/detail/00004640.html
1314/3066 200 https://www.esashi.jp/childcare/nursing/
1313/3066 200 https://www.esashi.jp/childcare/support/medical_expenses/kodomoiryohi.html
1315/3066 200 https://www.esashi.jp/childcare/nursing/hoikuryo_tashikeigen.html
1316/3066 200 https://www.esashi.jp/education/school_education/support/shugakuenjo.html
1312/3066 200 https://www.esashi.jp/
1299/3066 403 https://www1.g-reiki.net/hamatonbetsu/reiki_honbun/a132RG00000283.html
1298/3066 403 https://www1.g-reiki.net/hamatonbetsu/reiki_honbun/a132RG00000545.html
1300/3066 403 https://www1.g-reiki.net/hamatonbetsu/reiki_honbun/a132RG00000460.html
1318/3066 200 https://www.esashi.jp/childcare/nursing/ichijihoiku.html
1319/3066 200 https://www.esashi.jp/life/house/support/jyuutakusien.html
1317/3066 200 https://www.esashi.jp/childcare/health/kenkohoken.html
1321/3066 200 https://www.esashi.jp/disaster/hazardmap.html
1320/3066 200 https://www.esashi.jp/life/environmental/gomi.html
1325/3066 200 https://www.town.toyotomi.hokkaido.jp/section/toyotomihoikuen/index.html
1327/3066 200 https://www.town.toyotomi.hokkaido.jp/section/hokensuishinka/vvrb7v000000bxow.html
1328/3066 200 https://www.town.toyotomi.hokkaido.jp/section/toyotomihoikuen/a7cug600000006g0.html
1329/3066 200 https://www.town.toyotomi.hokkaido.jp/section/chominka/ufvuj500000031s6.html
1323/3066 200 https://www.town.toyotomi.hokkaido.jp/section/hokensuishinka/lepd6s0000008g7y.html
1322/3066 200 https://www.town.toyotomi.hokkaido.jp/
1326/3066 200 https://www.town.toyotomi.hokkaido.jp/section/kyouikuiinkai/index.html
1324/3066 200 https://www.town.toyotomi.hokkaido.jp/edu/a7cug60000002rai.html
1330/3066 200 https://www.town.toyotomi.hokkaido.jp/section/chominka/a7cug60000000xpk.html
1331/3066 200 https://www.town.toyotomi.hokkaido.jp/section/soumuka/tdlqvk000000jvel.html
1342/3066 200 https://rishiri-town.jp/
1343/3066 200 https://rishiri-town.jp/%E5%81%A5%E5%BA%B7%E3%83%BB%E5%AD%90%E8%82%B2%E3%81%A6%E3%83%BB%E7%A6%8F%E7%A5%89/%E5%AD%90%E8%82%B2%E3%81%A6%E6%94%AF%E6%8F%B4/%E5%AD%90%E8%82%B2%E3%81%A6%E3%82%B5%E3%83%BC%E3%83%93%E3%82%B9-2/
1333/3066 200 https://www.town.rebun.hokkaido.jp/hotnews/detail/00000211.html
1332/3066 200 https://www.town.rebun.hokkaido.jp/
1344/3066 200 https://rishiri-town.jp/%E5%81%A5%E5%BA%B7%E3%83%BB%E5%AD%90%E8%82%B2%E3%81%A6%E3%83%BB%E7%A6%8F%E7%A5%89/%E5%AD%90%E8%82%B2%E3%81%A6%E6%94%AF%E6%8F%B4/
1345/3066 200 https://rishiri-town.jp/%E6%95%99%E8%82%B2/%E5%AD%A6%E6%A0%A1%E6%95%99%E8%82%B2/
1347/3066 200 https://rishiri-town.jp/%E3%81%8F%E3%82%89%E3%81%97%E3%83%BB%E5%90%84%E7%A8%AE%E6%89%8B%E7%B6%9A%E3%81%8D/%E3%81%94%E3%81%BF%E5%8F%8E%E9%9B%86/
1346/3066 200 https://rishiri-town.jp/%E3%81%8F%E3%82%89%E3%81%97%E3%83%BB%E5%90%84%E7%A8%AE%E6%89%8B%E7%B6%9A%E3%81%8D/%E5%85%AC%E5%96%B6%E4%BD%8F%E5%AE%85/
1348/3066 200 https://rishiri-town.jp/%E9%98%B2%E7%81%BD%E3%83%BB%E5%A4%A9%E6%B0%97/
1336/3066 200 https://www.town.rebun.hokkaido.jp/kyoiku/detail/00000516.html
1351/3066 200 https://www.town.rishirifuji.hokkaido.jp/rishirifuji/1346.htm
1335/3066 200 https://www.town.rebun.hokkaido.jp/iju/detail/00003279.html
1353/3066 200 https://www.town.rishirifuji.hokkaido.jp/rishirifuji/1520.htm
1350/3066 200 https://www.town.rishirifuji.hokkaido.jp/rishirifuji/1246.htm
1339/3066 200 https://www.town.rebun.hokkaido.jp/iju/detail/00002040.html
1356/3066 200 https://www.town.rishirifuji.hokkaido.jp/rishirifuji/secure/1356/%E3%81%94%E3%81%BF%E3%81%AE%E5%87%BA%E3%81%97%E6%96%B9%E3%83%9D%E3%82%B9%E3%82%BF%E3%83%BC2023_02.pdf
1357/3066 200 https://www.town.rishirifuji.hokkaido.jp/rishirifuji/1176.htm
1338/3066 200 https://www.town.rebun.hokkaido.jp/hotnews/detail/00000208.html
1349/3066 200 https://www.town.rishirifuji.hokkaido.jp/rishirifuji/
1352/3066 200 https://www.town.rishirifuji.hokkaido.jp/rishirifuji/1242.htm
1341/3066 200 https://www.town.rebun.hokkaido.jp/hotnews/category/195.html
1354/3066 200 https://www.town.rishirifuji.hokkaido.jp/rishirifuji/1238.htm
1334/3066 200 https://www.town.rebun.hokkaido.jp/hotnews/category/146.html
1337/3066 200 https://www.town.rebun.hokkaido.jp/hotnews/detail/00003276.html
1355/3066 200 https://www.town.rishirifuji.hokkaido.jp/rishirifuji/1255.htm
1340/3066 200 https://www.town.rebun.hokkaido.jp/hotnews/detail/00001003.html
1358/3066 200 https://www.town.horonobe.lg.jp/www4/index.html
1368/3066 200 https://www.town.bihoro.hokkaido.jp/
1376/3066 200 https://www.town.bihoro.hokkaido.jp/site/gomi-bihoro/1038.html
1377/3066 200 https://www.town.bihoro.hokkaido.jp/page/1074.html
1369/3066 200 https://www.town.bihoro.hokkaido.jp/site/kosodate/1553.html
1370/3066 200 https://www.town.bihoro.hokkaido.jp/site/kosodate/1522.html
1371/3066 200 https://www.town.bihoro.hokkaido.jp/site/kosodate/12529.html
1374/3066 200 https://www.town.bihoro.hokkaido.jp/site/kosodate/1515.html
1375/3066 200 https://www.town.bihoro.hokkaido.jp/page/1167.html
1372/3066 200 https://www.town.bihoro.hokkaido.jp/site/kosodate/1027.html
1373/3066 200 https://www.town.bihoro.hokkaido.jp/site/kosodate/2684.html
1378/3066 200 https://www.town.tsubetsu.hokkaido.jp/
1383/3066 200 https://www.town.tsubetsu.hokkaido.jp/soshiki/hokenfukushi/11/4489.html
1382/3066 200 https://www.town.tsubetsu.hokkaido.jp/soshiki/hokenfukushi/15/3142.html
1380/3066 200 https://www.town.tsubetsu.hokkaido.jp/soshiki/hokenfukushi/11/592.html
1379/3066 200 https://www.town.tsubetsu.hokkaido.jp/soshiki/hokenfukushi/4/472.html
1385/3066 200 https://www.town.tsubetsu.hokkaido.jp/soshiki/juminkikaku/2/695.html
1384/3066 200 https://www.town.tsubetsu.hokkaido.jp/soshiki/kensetsu/3/1099.html
1381/3066 200 https://www.town.tsubetsu.hokkaido.jp/soshiki/shogaigakushu/2/1/728.html
1386/3066 200 https://www.town.tsubetsu.hokkaido.jp/soshiki/somu/13/540.html
1387/3066 200 https://www.town.shari.hokkaido.jp/
1391/3066 200 https://www.town.shari.hokkaido.jp/kosodate_kyoiku_bunka_sports/kosodate/shouchugakuseininattara/kyouiku/1965.html
1389/3066 200 https://www.town.shari.hokkaido.jp/kosodate_kyoiku_bunka_sports/kosodate/index.html
1393/3066 200 https://www.town.shari.hokkaido.jp/soshikikarasagasu/jidouikuseika/jidoikuseikakari/kosodate/kosodatesien/3053.html
1395/3066 200 https://www.town.shari.hokkaido.jp/soshikikarasagasu/kankyoka/gomirisaikuru/320.html
1388/3066 200 https://www.town.shari.hokkaido.jp/soshikikarasagasu/juminseikatsuka/shogai_hitorioya_kodomoiryohijosei/254.html
1394/3066 200 https://www.town.shari.hokkaido.jp/soshikikarasagasu/kensetu/kensetugakari/951.html
1390/3066 200 https://www.town.shari.hokkaido.jp/soshikikarasagasu/jidouikuseika/jidoikuseikakari/kosodate/2/352.html
1392/3066 404 https://www.town.shari.hokkaido.jp/soshikikarasagasu/kenkou/kenkoshien/kosodate/1/1705.html
1396/3066 200 https://www.town.shari.hokkaido.jp/kurashinojoho/bosai_kishojoho/1109.html
1361/3066 200 https://www.town.horonobe.lg.jp/www4/section/le009f0000008xrg.html
1398/3066 200 https://www.town.kiyosato.hokkaido.jp/welfare/?content=850
1399/3066 200 https://www.town.kiyosato.hokkaido.jp/welfare/?category=33
1401/3066 200 https://www.town.kiyosato.hokkaido.jp/education/?content=616
1402/3066 200 https://www.town.kiyosato.hokkaido.jp/welfare/?content=1931
1403/3066 200 https://www.town.kiyosato.hokkaido.jp/education/?content=2262
1404/3066 200 https://www.town.kiyosato.hokkaido.jp/life/?content=748
1405/3066 200 https://www.town.kiyosato.hokkaido.jp/life/?content=769
1400/3066 200 https://www.town.kiyosato.hokkaido.jp/welfare/?content=944
1406/3066 200 https://www.town.kiyosato.hokkaido.jp/life/?content=595
1410/3066 200 https://www.town.koshimizu.hokkaido.jp/hotnews/detail/00004692.html
1407/3066 200 https://www.town.koshimizu.hokkaido.jp/
1362/3066 200 https://www.town.horonobe.lg.jp/www4/section/edu/le009f0000000i1v.html
1360/3066 200 https://www.town.horonobe.lg.jp/www4/section/le009f0000019dfl.html
1363/3066 200 https://www.town.horonobe.lg.jp/www4/section/fukushi/le009f000001my73.html
1419/3066 200 https://www.town.kunneppu.hokkaido.jp/life/hukusihoken/iryokyuhu/nyuuyoujiiryou.html
1359/3066 200 https://www.town.horonobe.lg.jp/www4/section/jumin/le009f0000000921.html
1418/3066 200 https://www.town.kunneppu.hokkaido.jp/
1422/3066 200 https://www.town.kunneppu.hokkaido.jp/fs/1/7/9/5/8/_/syugakuenzyohp.pdf
1365/3066 200 https://www.town.horonobe.lg.jp/www4/section/jumin/le009f0000000ad5.html
1367/3066 200 https://www.town.horonobe.lg.jp/www4/section/soumu/le009f00000002k9.html
1364/3066 200 https://www.town.horonobe.lg.jp/www4/section/soumu/le009f0000019eek.html
1423/3066 200 https://www.town.kunneppu.hokkaido.jp/life/hukusihoken/kenkozosin/boshikenkou/sangokea.html
1366/3066 200 https://www.town.horonobe.lg.jp/www4/section/jumin/le009f0000000ajv.html
1409/3066 200 https://www.town.koshimizu.hokkaido.jp/kosodate/category/407.html
1430/3066 200 https://www.town.oketo.hokkaido.jp/kenko_fukushi/ninpu_nyuyoji/kosodatesien/
1428/3066 200 https://www.town.oketo.hokkaido.jp/
1435/3066 200 https://www.town.oketo.hokkaido.jp/kurashi/gomi/shurui/sodaigomi/
1431/3066 200 https://www.town.oketo.hokkaido.jp/kenko_fukushi/ninpu_nyuyoji/kodomokosodate/
1434/3066 200 https://www.town.oketo.hokkaido.jp/chosei/hojo_shorei/kikaku-shoukou/
1432/3066 200 https://www.town.oketo.hokkaido.jp/kyouiku_bunka/school/shugaku_enjo/
1408/3066 200 https://www.town.koshimizu.hokkaido.jp/sightseeing/detail/00000363.html
1433/3066 200 https://www.town.oketo.hokkaido.jp/kenko_fukushi/ninpu_nyuyoji/boshi_hoken/sangokeajigyou/
1429/3066 200 https://www.town.oketo.hokkaido.jp/kenko_fukushi/iryoukyufu/iryohi_josei/
1425/3066 200 https://www.town.kunneppu.hokkaido.jp/life/jyuutakushisetuka/sumainozerocarbon.html
1436/3066 200 https://www.town.oketo.hokkaido.jp/kurashi/koutsu_bousai/hazard_map/
1397/3066 200 https://www.town.kiyosato.hokkaido.jp/
1424/3066 200 https://www.town.kunneppu.hokkaido.jp/life/kodomoen/kosodateouen.html
1427/3066 200 https://www.town.kunneppu.hokkaido.jp/life/somu/bousai_kikikanri/bousaigaidomap.html
1411/3066 200 https://www.town.koshimizu.hokkaido.jp/education/detail/00000548.html
1438/3066 200 https://www.town.saroma.hokkaido.jp/kakuka/chouminka/kodomo_iryou.html
1426/3066 200 https://www.town.kunneppu.hokkaido.jp/kantan/garbage.html
1415/3066 200 https://www.town.koshimizu.hokkaido.jp/hotnews/detail/00010038.html
1414/3066 200 https://www.town.koshimizu.hokkaido.jp/kosodate/detail/00005627.html
1417/3066 200 https://www.town.koshimizu.hokkaido.jp/hotnews/detail/00005586.html
1412/3066 200 https://www.town.koshimizu.hokkaido.jp/kosodate/detail/00009838.html
1413/3066 200 https://www.town.koshimizu.hokkaido.jp/kosodate/detail/00008599.html
1416/3066 200 https://www.town.koshimizu.hokkaido.jp/hotnews/detail/00001833.html
1421/3066 200 https://town.kunneppu.hokkaido.jp/chouchoushitsu/info/11895.html
1447/3066 200 https://www.engaru.jp/
1450/3066 200 https://engaru.jp/tourism/page.php?id=197
1452/3066 200 https://engaru.jp/life/page.php?id=1113
1451/3066 200 https://engaru.jp/health/page.php?id=873
1456/3066 200 https://engaru.jp/life/page.php?id=377
1455/3066 200 https://engaru.jp/information/page.php?id=1187
1449/3066 200 https://engaru.jp/health/
1453/3066 200 https://engaru.jp/health/page.php?id=1428
1448/3066 200 https://engaru.jp/life/page.php?id=165
1454/3066 200 https://www.engaru.jp/information/page.php?id=849
1467/3066 200 https://town.takinoue.hokkaido.jp/
1468/3066 200 https://town.takinoue.hokkaido.jp/kurashi/iryohijosei/nyuyoji.html
1420/3066 200 https://town.kunneppu.hokkaido.jp/life/kodomomirai/
1475/3066 200 https://town.takinoue.hokkaido.jp/group/group_58.html
1474/3066 200 https://town.takinoue.hokkaido.jp/shokai/machizukuri/20160832.html
1469/3066 200 https://www.town.takinoue.hokkaido.jp/kurashi/fukushikenko/ikuji/
1471/3066 200 https://www.town.takinoue.hokkaido.jp/shokai/machizukuri/20160831.html
1472/3066 200 https://www.town.takinoue.hokkaido.jp/kurashi/fukushikenko/ikuji/sangocare.html
1473/3066 200 https://www.town.takinoue.hokkaido.jp/kurashi/fukushikenko/ikuji/daretuu.html
1470/3066 200 https://town.takinoue.hokkaido.jp/group/kodomoen.html
1476/3066 200 https://www.town.takinoue.hokkaido.jp/kurashi/kinkyu/20150602.html
1440/3066 200 https://www.town.saroma.hokkaido.jp/reiki_int/reiki_honbun/a151RG00000253.html
1439/3066 200 https://www.town.saroma.hokkaido.jp/machi/lifeevent/kosodate.html
1437/3066 200 https://www.town.saroma.hokkaido.jp/
1457/3066 200 https://www.town.yubetsu.lg.jp/
1458/3066 200 https://www.town.yubetsu.lg.jp/administration/welfare/detail.html?content=40
1460/3066 200 https://www.town.yubetsu.lg.jp/administration/education/detail.html?content=56
1462/3066 200 https://www.town.yubetsu.lg.jp/administration/education/detail.html?content=1042
1459/3066 200 https://www.town.yubetsu.lg.jp/administration/education/
1466/3066 200 https://www.town.yubetsu.lg.jp/administration/life/detail.html?content=958
1464/3066 200 https://www.town.yubetsu.lg.jp/administration/life/detail.html?content=72
1465/3066 200 https://www.town.yubetsu.lg.jp/administration/life/detail.html?content=165
1441/3066 200 https://www.town.saroma.hokkaido.jp/kakuka/kyouikuiinkai_kanri/kyushokudayori-0412.html
1463/3066 200 https://www.town.yubetsu.lg.jp/administration/reiki/reiki_honbun/r383RG00000280.html
1461/3066 200 https://www.town.yubetsu.lg.jp/administration/education/detail.html?content=81
1442/3066 200 https://www.town.saroma.hokkaido.jp/machi/kenkou_fukushi/kenkou/2021-0405-1741-13.html
1486/3066 200 https://www.vill.nishiokoppe.lg.jp/
1489/3066 200 https://www.vill.nishiokoppe.lg.jp/section/tsukusi/oucsq30000008hc5.html
1478/3066 200 https://www.town.okoppe.lg.jp/cms/section/kaigo/npk8cg0000004272.html
1487/3066 200 https://www.vill.nishiokoppe.lg.jp/section/hokenfukushi/feeuub0000001njk.html
1488/3066 200 https://www.vill.nishiokoppe.lg.jp/kurashi/category/life/oucsq30000002bmi.html
1490/3066 200 https://www.vill.nishiokoppe.lg.jp/section/kikaku/hhlo2b0000001bdn.html
1492/3066 200 https://www.vill.nishiokoppe.lg.jp/section/hokenfukushi/feeuub0000003khz.html
1443/3066 200 https://www.town.saroma.hokkaido.jp/machi/kosodate_kyouiku/hoiku/hoikusyo/saroma_hoikusho.html
1491/3066 200 https://www.vill.nishiokoppe.lg.jp/section/kikaku/vi2gvk0000003fcj.html
1480/3066 200 https://www.town.okoppe.lg.jp/cms/section/fukusi/npk8cg0000000ceb.html
1493/3066 200 https://www.vill.nishiokoppe.lg.jp/kurashi/category/kurashi/oucsq30000002bbu.html
1445/3066 200 https://www.town.saroma.hokkaido.jp/machi/gomi_kankyou/gomi_recycling/ippangomi_sigengomi.html
1444/3066 200 https://www.town.saroma.hokkaido.jp/reiki_int/reiki_honbun/a151RG00000457.html
1446/3066 200 https://www.town.saroma.hokkaido.jp/emergency/hazardmap.html
1477/3066 200 https://www.town.okoppe.lg.jp/
1494/3066 200 https://www.vill.nishiokoppe.lg.jp/section/kikaku/hhlo2b00000059e0.html
1495/3066 200 https://www.vill.nishiokoppe.lg.jp/section/kikaku/vi2gvk0000001uw0.html
1479/3066 200 https://www.town.okoppe.lg.jp/cms/section/fukusi/lgdqf50000002pri.html
1483/3066 200 https://www.town.okoppe.lg.jp/cms/section/kensetu/dqmhln0000001oyy.html
1482/3066 200 https://www.town.okoppe.lg.jp/cms/section/fukusi/opbvt10000004cld.html
1503/3066 200 https://www.town.oumu.hokkaido.jp/soshiki/kodomomirai/4576.html
1498/3066 200 https://www.town.oumu.hokkaido.jp/kosodate_kyoiku/kosodateshien/index.html
1501/3066 200 https://www.town.oumu.hokkaido.jp/kosodate_kyoiku/ninshin_shussan/2134.html
1481/3066 200 https://www.town.okoppe.lg.jp/cms/section/education/kanri/index.html
1500/3066 200 https://www.town.oumu.hokkaido.jp/soshiki/sougouseisakuka/jutaku_teiju/1/iju_living/2482.html
1499/3066 200 https://www.town.oumu.hokkaido.jp/soshiki/kodomomirai/4603.html
1502/3066 200 https://www.town.oumu.hokkaido.jp/soshiki/sougouseisakuka/jutaku_teiju/1/iju_living/2480.html
1497/3066 200 https://www.town.oumu.hokkaido.jp/soshiki/hokenfukushika/kosodateshien/702.html
1496/3066 200 https://www.town.oumu.hokkaido.jp/
1484/3066 200 https://www.town.okoppe.lg.jp/cms/section/juumin/nbm3tm0000000avn.html
1504/3066 200 https://www.town.oumu.hokkaido.jp/soshiki/sougouseisakuka/jutaku_teiju/1/iju_house/index.html
1505/3066 200 https://www.town.oumu.hokkaido.jp/soshiki/juminseikatsuka/gomi_haikibutu/1712.html
1506/3066 200 https://www.town.oumu.hokkaido.jp/soshiki/somuka/anshin_anzen/3/1/2584.html
1509/3066 200 https://www.town.ozora.hokkaido.jp/soshiki/1015/5/487.html
1510/3066 200 https://www.town.ozora.hokkaido.jp/soshiki/1015/5/460.html
1515/3066 200 https://www.town.ozora.hokkaido.jp/soshiki/1000/2/2/499.html
1508/3066 200 https://www.town.ozora.hokkaido.jp/soshiki/1015/2/2/42.html
1511/3066 200 https://www.town.ozora.hokkaido.jp/section/reiki_int/reiki_honbun/r348RG00000901.html
1517/3066 200 https://www.town.ozora.hokkaido.jp/soshiki/1010/1_1/2951.html
1507/3066 200 https://www.town.ozora.hokkaido.jp/
1485/3066 200 https://www.town.okoppe.lg.jp/cms/section/soumu/npk8cg00000069jl.html
1514/3066 200 https://www.town.ozora.hokkaido.jp/soshiki/1015/5/461.html
1513/3066 200 https://www.town.ozora.hokkaido.jp/kenko_fukushi_kosodate/kosodate/3955.html
1516/3066 200 https://www.town.ozora.hokkaido.jp/soshiki/1006/2/74.html
1512/3066 200 https://www.town.ozora.hokkaido.jp/kenko_fukushi_kosodate/iryo_kenko/4/1/2042.html
1522/3066 200 https://www.town.toyoura.hokkaido.jp/contents/reiki/reiki_honbun/o200RG00000867.html
1518/3066 200 https://www.town.toyoura.hokkaido.jp/
1519/3066 200 https://www.town.toyoura.hokkaido.jp/hotnews/detail/00000193.html
1520/3066 200 https://www.town.toyoura.hokkaido.jp/hotnews/detail/00003485.html
1525/3066 200 https://www.town.toyoura.hokkaido.jp/hotnews/files/00005700/00005794/%E7%94%A3%E5%BE%8C%E3%82%B1%E3%82%A2%E4%BA%8B%E6%A5%AD%E3%83%81%E3%83%A9%E3%82%B7R8.4~.pdf
1521/3066 200 https://www.town.toyoura.hokkaido.jp/hotnews/detail/00003842.html
1523/3066 200 https://www.town.toyoura.hokkaido.jp/hotnews/detail/00003258.html
1524/3066 200 https://www.town.toyoura.hokkaido.jp/hotnews/detail/00005794.html
1529/3066 200 https://www.town.toyoura.hokkaido.jp/hotnews/detail/00000293.html
1528/3066 200 https://www.town.toyoura.hokkaido.jp/hotnews/detail/00005846.html
1531/3066 200 https://www.town.toyoura.hokkaido.jp/hotnews/detail/00001467.html
1526/3066 200 https://www.town.toyoura.hokkaido.jp/hotnews/detail/00006828.html
1530/3066 200 https://www.town.toyoura.hokkaido.jp/hotnews/detail/00005824.html
1527/3066 200 https://www.town.toyoura.hokkaido.jp/hotnews/detail/00001323.html
1533/3066 200 https://www.town.sobetsu.lg.jp/shinchaku/2021/06/post-398.html
1536/3066 200 https://www.town.sobetsu.lg.jp/kurashi/kenko/kodomo-hoken.html
1534/3066 200 https://www.town.sobetsu.lg.jp/kurashi/kenko/kosodateshien.html
1535/3066 200 https://www.town.sobetsu.lg.jp/kurashi/kyoiku/gakko.html
1532/3066 200 https://www.town.sobetsu.lg.jp/
1538/3066 200 https://www.town.sobetsu.lg.jp/kurashi/joho/gomi.html
1537/3066 200 https://www.town.sobetsu.lg.jp/kurashi/joho/jutaku.html
1539/3066 200 https://www.town.sobetsu.lg.jp/anzen/bosai.html
1540/3066 200 https://www.town.shiraoi.hokkaido.jp/
1544/3066 200 https://www.town.shiraoi.hokkaido.jp/docs/page2015042900018.html
1545/3066 200 https://www.town.shiraoi.hokkaido.jp/docs/7851.html
1546/3066 200 https://www.town.shiraoi.hokkaido.jp/reiki_int/reiki_honbun/g400RG00001083.html
1548/3066 200 https://www.town.shiraoi.hokkaido.jp/docs/page2013010900077.html
1541/3066 200 https://www.town.shiraoi.hokkaido.jp/docs/4745.html
1547/3066 200 https://www.town.shiraoi.hokkaido.jp/docs/6941.html
1549/3066 200 https://www.town.shiraoi.hokkaido.jp/docs/page2022021800023.html
1542/3066 200 https://www.town.shiraoi.hokkaido.jp/kurashi/17/2/
1543/3066 200 https://www.town.shiraoi.hokkaido.jp/docs/page2022112500030.html
1551/3066 200 https://www.town.atsuma.lg.jp/page/1293.html
1561/3066 fetch failed https://www.town.toyako.hokkaido.jp/town_guide/parenting_and_education/pae001/kosodate/
1560/3066 fetch failed https://www.town.toyako.hokkaido.jp/
1562/3066 fetch failed https://www.town.toyako.hokkaido.jp/town_guide/parenting_and_education/
1550/3066 200 https://www.town.atsuma.lg.jp/
1557/3066 200 https://www.town.atsuma.lg.jp/page/1294.html
1556/3066 200 https://www.town.atsuma.lg.jp/page/1304.html
1563/3066 fetch failed https://www.town.toyako.hokkaido.jp/town_guide/registration/reg015/p002/p012/
1564/3066 fetch failed https://www.town.toyako.hokkaido.jp/town_guide/house_work/how004/p003/
1552/3066 200 https://www.town.atsuma.lg.jp/life/2/13/
1555/3066 200 https://www.town.atsuma.lg.jp/page/1288.html
1554/3066 200 https://www.town.atsuma.lg.jp/soshiki/3.html
1565/3066 fetch failed https://www.town.toyako.hokkaido.jp/town_guide/garbage_and_recycling/gar002/
1566/3066 fetch failed https://www.town.toyako.hokkaido.jp/bousai_info/mt_usu_volcanic_disaster_prevention
1553/3066 200 https://www.town.atsuma.lg.jp/page/1030.html
1558/3066 200 https://www.town.atsuma.lg.jp/page/1370.html
1559/3066 200 https://www.town.atsuma.lg.jp/page/3820.html
1574/3066 200 https://www.town.abira.lg.jp/chiikishinko/ijuteiju/support
1575/3066 200 https://www.town.abira.lg.jp/kurashi/kurashi-guide/seikatsu
1576/3066 200 https://www.town.abira.lg.jp/kurashi/bosai/hazard-map
1568/3066 200 https://www.town.abira.lg.jp/kosodate/kosodate-guide/anshin-jujitsu/215
1571/3066 200 https://www.town.abira.lg.jp/oshirase/22/20293
1573/3066 200 https://www.town.abira.lg.jp/kosodate/kosodate-guide/kosodate-shisetsu/230
1570/3066 200 https://www.town.abira.lg.jp/kosodate/kosodate-guide/kosodate-shisetsu/232
1578/3066 200 https://www.town.mukawa.lg.jp/3182.htm
1580/3066 200 https://www.town.mukawa.lg.jp/4741.htm
1582/3066 200 https://www.town.mukawa.lg.jp/4984.htm
1579/3066 200 https://www.town.mukawa.lg.jp/4002.htm
1583/3066 200 https://www.town.mukawa.lg.jp/3638.htm
1585/3066 200 https://www.town.mukawa.lg.jp/2399.htm
1577/3066 200 https://www.town.mukawa.lg.jp/
1584/3066 200 https://www.town.mukawa.lg.jp/2382.htm
1590/3066 200 https://www.town.hidaka.hokkaido.jp/kosodate/
1589/3066 200 https://www.town.hidaka.hokkaido.jp/welfare/?content=2980
1586/3066 200 https://www.town.mukawa.lg.jp/2027.htm
1591/3066 200 https://www.town.hidaka.hokkaido.jp/education/?content=665
1596/3066 200 https://www.town.hidaka.hokkaido.jp/life/?content=2019
1592/3066 200 https://www.town.hidaka.hokkaido.jp/education/?content=3437
1593/3066 200 https://www.town.hidaka.hokkaido.jp/education/?content=674
1594/3066 200 https://www.town.hidaka.hokkaido.jp/education/?content=448
1587/3066 200 https://www.town.mukawa.lg.jp/2729.htm
1581/3066 200 https://www.town.mukawa.lg.jp/4133.htm
1597/3066 200 https://www.town.hidaka.hokkaido.jp/life/?content=754
1595/3066 200 https://www.town.hidaka.hokkaido.jp/education/?content=3569
1572/3066 200 https://www.town.abira.lg.jp/kosodate/kosodate-guide/ninshin-syussan/1769
1588/3066 200 https://www.town.hidaka.hokkaido.jp/
1598/3066 200 https://www.town.hidaka.hokkaido.jp/prevention/?content=984
1599/3066 200 https://www.town.biratori.hokkaido.jp/
1601/3066 200 https://www.town.biratori.hokkaido.jp/kurashi/kenko_fukushi_kaigo/fukushi_kaigo/2/index.html
1602/3066 200 https://www.town.biratori.hokkaido.jp/iju_teiju_kosodate/kosodate/1882.html
1600/3066 200 https://www.town.biratori.hokkaido.jp/kurashi/kenko_fukushi_kaigo/iryo_kenko/1/798.html
1603/3066 200 https://www.town.biratori.hokkaido.jp/kurashi/kanko_bunka_sports/kyoikugyosei/1/2693.html
1604/3066 200 https://www.town.biratori.hokkaido.jp/iju_teiju_kosodate/kosodate/1302.html
1605/3066 200 https://www.town.biratori.hokkaido.jp/news.html
1606/3066 200 https://www.town.biratori.hokkaido.jp/kurashi/sumai_suido/zumai/2/825.html
1608/3066 200 https://www.town.biratori.hokkaido.jp/kurashi/seikatsukankyo/bosai/851.html
1607/3066 200 https://www.town.biratori.hokkaido.jp/kurashi/seikatsukankyo/eisei/1/833.html
1567/3066 200 https://www.town.abira.lg.jp/
1616/3066 200 https://www.niikappu.jp/kurashi/sekatsu/gomi/gomifukuro.html
1609/3066 200 https://www.niikappu.jp/
1629/3066 fetch failed https://www.samani.jp/kyouiku/ecc/
1628/3066 fetch failed https://www.samani.jp/
1630/3066 fetch failed https://www.samani.jp/kyouiku/ecc/guidance.html
1631/3066 fetch failed https://www.samani.jp/kyouiku/
1614/3066 200 https://www.niikappu.jp/kurashi/kosodate/sangokea.html
1613/3066 200 https://www.niikappu.jp/kurashi/kyoiku/kyoiku/gakko/kyusyokuhi_muryouka.html
1633/3066 fetch failed https://www.samani.jp/bousai/
1632/3066 fetch failed https://www.samani.jp/annai/index7.html
1610/3066 200 https://www.niikappu.jp/kurashi/kenko/kodomoiryo.html
1615/3066 200 https://www.niikappu.jp/kurashi/sekatsu/sumai/teijyu/lifestyle/seido.html
1612/3066 200 https://www.niikappu.jp/kurashi/kosodate/ninteikodomoen/hoikusho.html
1611/3066 200 https://www.niikappu.jp/life/kosodate.html
1618/3066 200 https://www.town.urakawa.hokkaido.jp/
1624/3066 200 https://www.town.urakawa.hokkaido.jp/gyosei/news/detail.html?content=843
1620/3066 200 https://www.town.urakawa.hokkaido.jp/gyosei/kosodate/
1625/3066 200 https://www.town.urakawa.hokkaido.jp/gyosei/life/?content=86
1623/3066 200 https://www.town.urakawa.hokkaido.jp/gyosei/education/?content=3946
1622/3066 200 https://www.town.urakawa.hokkaido.jp/gyosei/education/?content=217
1619/3066 200 https://www.town.urakawa.hokkaido.jp/gyosei/education/?content=627
1621/3066 200 https://www.town.urakawa.hokkaido.jp/gyosei/education/?content=619
1626/3066 200 https://www.town.urakawa.hokkaido.jp/gyosei/life/?content=4627
1627/3066 200 https://www.town.urakawa.hokkaido.jp/gyosei/prevention/?content=227
1617/3066 200 https://www.niikappu.jp/kurashi/bosai/index.html
1636/3066 200 https://www.town.erimo.lg.jp/section/choumin/index.html
1638/3066 200 https://www.town.erimo.lg.jp/section/kyouiku/sg6h940000004lu9.html?channel=main
1637/3066 200 https://www.town.erimo.lg.jp/section/choumin/sg6h94000000dn6h.html
1635/3066 200 https://www.town.erimo.lg.jp/section/hoken/sg6h94000000cf26.html
1641/3066 200 https://www.town.erimo.lg.jp/section/kensetsu/u9c3nn0000000971.html
1642/3066 200 https://www.town.erimo.lg.jp/section/choumin/u9c3nn0000000lbr.html?channel=main
1634/3066 200 https://www.town.erimo.lg.jp/
1639/3066 200 https://www.town.erimo.lg.jp/section/hoken/sg6h940000005stx.html
1643/3066 200 https://www.town.erimo.lg.jp/section/kikaku/u9c3nn00000004rq.html
1640/3066 200 https://www.town.erimo.lg.jp/section/choumin/sg6h94000000fas8.html
1647/3066 200 https://www.shinhidaka-hokkaido.jp/hotnews/detail/00008998.html
1655/3066 200 https://www.shinhidaka-hokkaido.jp/bousai/
1653/3066 200 https://www.shinhidaka-hokkaido.jp/hotnews/detail/00002867.html
1644/3066 200 https://www.shinhidaka-hokkaido.jp/
1646/3066 200 https://www.shinhidaka-hokkaido.jp/hotnews/lifeevent/2.html
1645/3066 200 https://www.shinhidaka-hokkaido.jp/hotnews/detail/00000057.html
1651/3066 200 https://www.shinhidaka-hokkaido.jp/hotnews/detail/00008569.html
1650/3066 200 https://www.shinhidaka-hokkaido.jp/hotnews/detail/00009420.html
1652/3066 200 https://www.shinhidaka-hokkaido.jp/hotnews/detail/00008535.html
1648/3066 200 https://www.shinhidaka-hokkaido.jp/hotnews/detail/00009501.html
1654/3066 200 https://www.shinhidaka-hokkaido.jp/hotnews/detail/00003727.html
1649/3066 200 https://www.shinhidaka-hokkaido.jp/hotnews/detail/00009418.html
1657/3066 200 https://www.town.otofuke.hokkaido.jp/fukushi/kenko/josei/nyuyouziiryou.html
1659/3066 200 https://www.town.otofuke.hokkaido.jp/kurashi/kodomo/hoikuen/byougoji_hoiku.html
1658/3066 200 https://www.town.otofuke.hokkaido.jp/kurashi/kodomo/hoikuen/byouji_hoiku.html
1656/3066 200 https://www.town.otofuke.hokkaido.jp/
1662/3066 200 https://www.town.otofuke.hokkaido.jp/fukushi/kenko/boshi/sangokea.html
1660/3066 200 https://www.town.otofuke.hokkaido.jp/kurashi/kodomo/hoikuen/hoikuryomusyoka.html
1661/3066 200 https://www.town.otofuke.hokkaido.jp/kyoiku/kyoikuiinkai/kyushoku/kyushokuhi.html
1666/3066 200 https://www.town.otofuke.hokkaido.jp/kurashi/kankyo/gomi/ogata-dashikata.html
1667/3066 200 https://www.town.otofuke.hokkaido.jp/bosai/hinanjo/web-hazard-map.html
1665/3066 200 https://www.town.otofuke.hokkaido.jp/kurashi/jukyo/akiya/hojo/akiya_kounyu_hojo.html
1664/3066 200 https://www.town.otofuke.hokkaido.jp/kurashi/kodomo/hoikuen/ichiji_hoiku.html
1663/3066 200 https://www.town.otofuke.hokkaido.jp/kurashi/kodomo/hoikuen/kodomodaredemo.html
1569/3066 200 https://www.town.abira.lg.jp/kosodate
1668/3066 200 https://www.shihoro.jp/
1669/3066 200 https://www.shihoro.jp/welfare/detail.php?content=29
1670/3066 200 https://www.shihoro.jp/education/detail.php?content=106
1688/3066 200 https://www.kamishihoro.jp/page/00000372
1684/3066 200 https://www.kamishihoro.jp/page/00000434
1690/3066 200 https://www.kamishihoro.jp/page/00000055/00000025
1687/3066 200 https://www.kamishihoro.jp/page/00000125
1691/3066 200 https://www.kamishihoro.jp/page/00000483
1689/3066 200 https://www.kamishihoro.jp/page/00000192
1685/3066 200 https://www.kamishihoro.jp/sp/kosodate
1686/3066 200 https://www.kamishihoro.jp/sp/horon
1693/3066 200 https://www.kamishihoro.jp/page/00000323
1692/3066 200 https://www.kamishihoro.jp/page/00000028
1683/3066 200 https://www.kamishihoro.jp/
1671/3066 200 https://www.shihoro.jp/education/detail.php?content=196
1675/3066 200 https://www.shihoro.jp/education/detail.php?content=1055
1673/3066 200 https://www.shihoro.jp/move/living/
1672/3066 200 https://www.shihoro.jp/education/detail.php?content=195
1695/3066 200 https://www.town.shikaoi.lg.jp/kurashi/iryo_fukushi/nyuyouji_jyosei/
1694/3066 200 https://www.town.shikaoi.lg.jp/
1697/3066 200 https://www.town.shikaoi.lg.jp/kurashi/kosodate/kodomo_hoiku_shien/boshu/boshu_R2/
1696/3066 200 https://www.town.shikaoi.lg.jp/file/contents/1869/30973/keikaku_3.pdf
1699/3066 200 https://www.town.shikaoi.lg.jp/kurashi/iryo_fukushi/kosodate/sangokea/
1700/3066 200 https://www.town.shikaoi.lg.jp/kurashi/kosodate/kodomo_hoiku_shien/ichiji_n/
1698/3066 200 https://www.town.shikaoi.lg.jp/kurashi/kyoiku_bunka/school/kyoiku_enjo/schoollunch/
1703/3066 200 https://www.town.shikaoi.lg.jp/kurashi/bosai/hazardbook/
1702/3066 200 https://www.town.shikaoi.lg.jp/kurashi/life/gomi_recycle/ogata_gomi/
1676/3066 200 https://www.shihoro.jp/education/detail.php?content=1522
1674/3066 200 https://www.shihoro.jp/education/category/?category=25
1679/3066 200 https://www.shihoro.jp/life/detail.php?content=535
1680/3066 200 https://www.shihoro.jp/life/detail.php?content=605
1677/3066 200 https://www.shihoro.jp/education/detail.php?content=1409
1678/3066 200 https://www.shihoro.jp/life/detail.php?content=79
1681/3066 200 https://www.shihoro.jp/life/detail.php?content=62
1704/3066 200 https://www.shintoku-town.jp/
1682/3066 200 https://www.shihoro.jp/life/detail.php?content=42
1705/3066 200 https://www.shintoku-town.jp/kurashi-tetuduki/nenkin-hoken/nyuyojiiryo/
1714/3066 200 https://www.shintoku-town.jp/kurashi-tetuduki/bousai_anzen/bousaimap/
1710/3066 200 https://www.shintoku-town.jp/kosodate-kyouiku/kosodatejyouhou/kosodatesupport/daretsu/
1708/3066 200 https://www.shintoku-town.jp/kosodate-kyouiku/kyouiku/syugakuenjo/
1706/3066 200 https://www.shintoku-town.jp/gyousei/koukai_kouhyou/jidouhoiku/kosodateshien/
1711/3066 200 https://www.shintoku-town.jp/kosodate-kyouiku/kosodatejyouhou/kosodatesupport/ichiji_azukari/
1712/3066 200 https://www.shintoku-town.jp/kurashi-tetuduki/ie_tochi/jyosei/mochiie/
1709/3066 200 https://www.shintoku-town.jp/kosodate-kyouiku/kosodatejyouhou/hokenservice/akatyan/
1707/3066 200 https://www.shintoku-town.jp/kosodate-kyouiku/kosodatejyouhou/shisetu/ryoukin/
1717/3066 200 https://www.town.shimizu.hokkaido.jp/child-raising/index.html
1716/3066 200 https://www.town.shimizu.hokkaido.jp/life-event/04/details/post_23.html
1718/3066 200 https://www.town.shimizu.hokkaido.jp/administration/reiki/H340901010027/H340901010027_j.html
1720/3066 200 https://www.town.shimizu.hokkaido.jp/administration/reiki/H430901010016/print.html
1721/3066 200 https://www.town.shimizu.hokkaido.jp/administration/reiki/H430901010015/print.html
1715/3066 200 https://www.town.shimizu.hokkaido.jp/
1719/3066 200 https://www.town.shimizu.hokkaido.jp/life-event/06/files/334048d6d2a9376f559c95a374c0d551.pdf
1722/3066 200 https://www.town.shimizu.hokkaido.jp/tourism/details/post_17.html
1724/3066 200 https://www.town.shimizu.hokkaido.jp/disaster/details/post_7.html
1723/3066 200 https://www.town.shimizu.hokkaido.jp/living/living02.html
1701/3066 200 https://www.town.shikaoi.lg.jp/oshirase/1861/
1713/3066 200 https://shintoku-town.jp/kurashi-tetuduki/gomi_recycle/ryoukin/
1727/3066 200 https://www.memuro.net/administration/soshiki/kosodateshien/boshi-fukushi/byougozi.html
1729/3066 200 https://www.memuro.net/administration/soshiki/kyouikuiinkai/kyuusyoku/hogosyahutnnkin.html
1726/3066 200 https://www.memuro.net/administration/soshiki/kosodateshien/jyosei/kodomoiryouhi.html
1725/3066 200 https://www.memuro.net/
1728/3066 200 https://www.memuro.net/administration/soshiki/kosodateshien/boshi-fukushi/musyouka.html
1737/3066 200 https://www.vill.nakasatsunai.hokkaido.jp/
1738/3066 200 https://www.vill.nakasatsunai.hokkaido.jp/kurashi/iryou_nenkin/iryou/jidoiryomuryo/
1740/3066 200 https://www.vill.nakasatsunai.hokkaido.jp/kurashi/kosodate/kyouikuhoikumushouka/
1742/3066 200 https://www.vill.nakasatsunai.hokkaido.jp/kurashi/iryou_nenkin/hoken/sangokea/
1743/3066 200 https://www.vill.nakasatsunai.hokkaido.jp/kurashi/kosodate/daretuu/
1744/3066 200 https://www.vill.nakasatsunai.hokkaido.jp/kurashi/kosodate/ichijihoiku/
1741/3066 200 https://www.vill.nakasatsunai.hokkaido.jp/kyouiku/kyouikujosei/youhogo/
1747/3066 200 https://www.vill.nakasatsunai.hokkaido.jp/bousai_bouhan/bouhan/hinanbasho/
1739/3066 200 https://www.vill.nakasatsunai.hokkaido.jp/kurashi/kosodate/
1746/3066 200 https://www.vill.nakasatsunai.hokkaido.jp/kurashi/gomi_kankyou/bunbetsu/
1745/3066 200 https://www.vill.nakasatsunai.hokkaido.jp/kurashi/jyuutaku_takuchi/teizyuu-shien/
1748/3066 200 https://www.vill.nakasatsunai.hokkaido.jp/bousai_bouhan/bouhan/
1730/3066 200 https://www.memuro.net/administration/soshiki/kosodateshien/oyako/sangokea.html
1731/3066 200 https://www.memuro.net/administration/soshiki/kosodateshien/boshi-fukushi/2026-0327-1438-43.html
1732/3066 200 https://www.memuro.net/administration/soshiki/kosodateshien/boshi-fukushi/ichiziazukari.html
1734/3066 200 https://www.memuro.net/administration/soshiki/syoukou/jyuutaku.html
1733/3066 200 https://www.memuro.net/administration/soshiki/miryoku/tochi-jyuutaku/jyutakusyoureikin.html
1750/3066 200 https://www.sarabetsu.jp/kurashi/iryo_kenko/iryohijzyosei/kodomo/nyuyoji_kodomo/
1751/3066 200 https://www.sarabetsu.jp/kurashi/kosodate/kenko_fukushi/shien_service/
1753/3066 200 https://www.sarabetsu.jp/ijyuu/
1752/3066 200 https://www.sarabetsu.jp/kurashi/kosodate/education/hoikusho/
1754/3066 200 https://www.sarabetsu.jp/kurashi/kosodate/ninshin_shussan/sangokea/
1749/3066 200 https://www.sarabetsu.jp/
1755/3066 200 https://www.sarabetsu.jp/kurashi/kosodate/education/daredemotuen/
1756/3066 200 https://www.sarabetsu.jp/kurashi/kosodate/education/itijihoiku/
1757/3066 200 https://www.sarabetsu.jp/kurashi/sumai_seikatsu/sumai/kensetsu_josei/
1735/3066 200 https://www.memuro.net/administration/soshiki/kankyoudoboku/dust-recycle/sodai.html
1736/3066 200 https://www.memuro.net/administration/soshiki/soumu/bousai/2023-0929-1416-map.html
1771/3066 200 https://www.town.hiroo.lg.jp/
1772/3066 200 https://www.town.hiroo.lg.jp/kurashi/shussan-kosodate/teate/nyuuyoujiiryouhi/
1774/3066 200 https://www.town.hiroo.lg.jp/kurashi/shussan-kosodate/hoikusho/
1762/3066 200 https://www.town.taiki.hokkaido.jp/kosodate-kyoiku/kosodate/3/index.html
1760/3066 200 https://www.town.taiki.hokkaido.jp/
1763/3066 200 https://www.town.taiki.hokkaido.jp/soshiki/hokenfukushika/5/2/2/929.html
1767/3066 200 https://www.town.taiki.hokkaido.jp/soshiki/kensetsusuidoka/3/2/1/820.html
1773/3066 200 https://www.town.hiroo.lg.jp/kurashi/shussan-kosodate/kodomo/
1775/3066 200 https://www.town.hiroo.lg.jp/faq/
1758/3066 200 https://www.sarabetsu.jp/kurashi/sumai_seikatsu/dust_recycle/dashikata/
1761/3066 200 https://www.town.taiki.hokkaido.jp/soshiki/juminka/2/2/1/474.html
1765/3066 200 https://www.town.taiki.hokkaido.jp/soshiki/hokenfukushika/6/3/502.html
1769/3066 200 https://www.town.taiki.hokkaido.jp/soshiki/somuka/4/2/3/888.html
1770/3066 200 https://www.town.taiki.hokkaido.jp/soshiki/somuka/4/2/3/646.html
1766/3066 200 https://www.town.taiki.hokkaido.jp/soshiki/hokenfukushika/5/2/1/2324.html
1768/3066 200 https://www.town.taiki.hokkaido.jp/kurashi-tetsuzuki/gomi-kankyohozen/4/1122.html
1764/3066 200 https://www.town.taiki.hokkaido.jp/kosodate-kyoiku/kyoiku/4/1040.html
1759/3066 200 https://www.sarabetsu.jp/bosai/bousaimappu/
1777/3066 200 https://www.town.hiroo.lg.jp/kurashi/shussan-kosodate/kosodateshien/
1776/3066 200 https://www.town.hiroo.lg.jp/kurashi/shussan-kosodate/ikujishien/
1778/3066 200 https://www.town.hiroo.lg.jp/kurashi/seikatsu/juutaku/reformshienjigyou/
1779/3066 200 https://www.town.hiroo.lg.jp/kurashi/seikatsu/gomi/shuushuubi/
1780/3066 200 https://www.town.hiroo.lg.jp/kurashi/anshin/bousai/webhazardmap/
1782/3066 200 https://www.town.makubetsu.lg.jp/kenko/iryo/iryohijosei/1200.html
1784/3066 200 https://www.town.makubetsu.lg.jp/kenko/ninshinshussan/azukeru/1111.html
1787/3066 200 https://www.town.makubetsu.lg.jp/kenko/ninshinshussan/azukeru/16955.html
1786/3066 200 https://www.town.makubetsu.lg.jp/kenko/ninshinshussan/shussan/1241.html
1783/3066 200 https://www.town.makubetsu.lg.jp/kenko/ninshinshussan/azukeru/1114.html
1785/3066 200 https://www.town.makubetsu.lg.jp/kyouiku/gakko/shugakuenjo/1361.html
1788/3066 200 https://www.town.makubetsu.lg.jp/kurashi/tochijutaku/iju/1003.html
1790/3066 200 https://www.town.makubetsu.lg.jp/shobo_bosai/bosai/bosaimap/1659.html
1789/3066 200 https://www.town.makubetsu.lg.jp/kurashi/gomi/kateigomi/916.html
1781/3066 404 https://www.town.makubetsu.lg.jp/
1795/3066 200 https://www.town.hokkaido-ikeda.lg.jp/kodomo/gakkou/soudan/1146.html
1792/3066 200 https://www.town.hokkaido-ikeda.lg.jp/kurashi/hoken-nenkin/iryohi/319.html
1791/3066 200 https://www.town.hokkaido-ikeda.lg.jp/
1794/3066 200 https://www.town.hokkaido-ikeda.lg.jp/kodomo/hoikuen/hoikuen/11507.html
1797/3066 200 https://www.town.hokkaido-ikeda.lg.jp/kodomo/hoikuen/hoikuen/14400.html
1798/3066 200 https://www.town.hokkaido-ikeda.lg.jp/kurashi/iju-jutaku/reform-josei/11005.html
1793/3066 200 https://www.town.hokkaido-ikeda.lg.jp/kodomo/hoikuen/hoikuen/3221.html
1796/3066 200 https://www.town.hokkaido-ikeda.lg.jp/kodomo/ninshin/sangoshien/4944.html
1799/3066 200 https://www.town.hokkaido-ikeda.lg.jp/kurashi/gomi/type/365.html
1800/3066 200 https://www.town.hokkaido-ikeda.lg.jp/bosai-bohan/bosai/izatoiutoki/5365.html
1803/3066 200 https://www.toyokoro.jp/life/2/11/
1801/3066 200 https://www.toyokoro.jp/
1802/3066 200 https://www.toyokoro.jp/page/1270.html
1808/3066 200 https://www.toyokoro.jp/site/iju/1012.html
1809/3066 200 https://www.toyokoro.jp/page/3352.html
1807/3066 200 https://www.toyokoro.jp/site/iju/1045.html
1806/3066 200 https://www.toyokoro.jp/reiki/reiki_int/reiki_honbun/a197RG00000707.html
1805/3066 200 https://www.toyokoro.jp/page/5319.html
1804/3066 200 https://www.toyokoro.jp/page/5278.html
1810/3066 200 https://www.toyokoro.jp/hazardmap/
1812/3066 200 https://www.town.honbetsu.hokkaido.jp/web/procedure/datails/nyuyoujiiryou.html
1811/3066 200 https://www.town.honbetsu.hokkaido.jp/
1815/3066 200 https://www.town.honbetsu.hokkaido.jp/web/education/details/post_23.html
1813/3066 200 https://www.town.honbetsu.hokkaido.jp/web/child/img/honbestsu_nyuenguide.pdf
1819/3066 200 https://www.town.honbetsu.hokkaido.jp/web/life/details/post_107.html
1814/3066 200 https://www.town.honbetsu.hokkaido.jp/web/child/details/honbetsu_kosodate.html
1818/3066 200 https://www.town.honbetsu.hokkaido.jp/web/life/details/jyutakujyosei.html
1817/3066 200 https://www.town.honbetsu.hokkaido.jp/web/child/details/post_31.html
1820/3066 200 https://www.town.honbetsu.hokkaido.jp/web/disaster/details/post_3.html
1816/3066 200 https://www.town.honbetsu.hokkaido.jp/web/child/details/post_58.html
1823/3066 200 https://www.town.ashoro.hokkaido.jp/kosodate/index.html
1824/3066 200 https://www.town.ashoro.hokkaido.jp/kosodate/kosodate-ouen/folder_3/ksien.html
1822/3066 200 https://www.town.ashoro.hokkaido.jp/kurashi/kenko-fukushi/kenko-iryo/iryohijosei/page_61.html
1849/3066 fetch failed https://www.town.kushiro.lg.jp/
1850/3066 fetch failed https://www.town.kushiro.lg.jp/living-guide/32701/00007/150409370311.html
1851/3066 fetch failed https://www.town.kushiro.lg.jp/living-guide/32702/00007/243003200614.html
1852/3066 fetch failed https://www.town.kushiro.lg.jp/living-guide/30801/00007/230956150312.html
1830/3066 200 https://www.rikubetsu.jp/kurashi/kosodate/kodomo_iryoujosei/
1855/3066 fetch failed https://www.town.kushiro.lg.jp/living-guide/80001.html
1856/3066 fetch failed https://www.town.kushiro.lg.jp/living-guide/20304/00032/190723140812.html
1857/3066 fetch failed https://www.town.kushiro.lg.jp/living-guide/10204/00011/462404150312.html
1829/3066 200 https://www.rikubetsu.jp/
1841/3066 200 https://www.urahoro.jp/education/?category=35
1843/3066 200 https://www.urahoro.jp/education/?content=668
1844/3066 200 https://www.urahoro.jp/education/?content=1656
1840/3066 200 https://www.urahoro.jp/welfare/?content=690
1842/3066 200 https://www.urahoro.jp/education/?content=2911
1845/3066 200 https://www.urahoro.jp/education/?content=3198
1846/3066 200 https://www.urahoro.jp/life/?content=212
1847/3066 200 https://www.urahoro.jp/life/?content=1086
1848/3066 200 https://www.urahoro.jp/prevention/?content=483
1839/3066 200 https://www.urahoro.jp/
1858/3066 fetch failed https://www.town.kushiro.lg.jp/disaster/keikaku/hazard.html
1825/3066 200 https://www.town.ashoro.hokkaido.jp/kurashi/lifeevent/ninshin-syussan.html
1821/3066 200 https://www.town.ashoro.hokkaido.jp/
1827/3066 200 https://www.town.ashoro.hokkaido.jp/d1w_reiki/H414901010024/H414901010024_j.html
1828/3066 200 https://www.town.ashoro.hokkaido.jp/kurashi/bousai/bousai_map/page_254.html
1831/3066 200 https://www.rikubetsu.jp/kurashi/kosodate/
1826/3066 200 https://www.town.ashoro.hokkaido.jp/kurashi/about-town/hojyokin/page_403.html
1832/3066 200 https://www.rikubetsu.jp/kurashi/kosodate/hoiku/
1853/3066 403 https://www1.g-reiki.net/town.kushiro/reiki_honbun/a203RG00000447.html
1861/3066 200 https://www.akkeshi-town.jp/kurashi/hokenfukushi/ninshin_syussan_kosodate/kosodate/
1872/3066 200 https://www.townhamanaka.jp/kurashi_kankyou/kosodate/hoiku/2017-0302-1640-34.html
1870/3066 200 https://www.townhamanaka.jp/kakuka/hokenka/hokennenkin/kodomo_iryouhi_josei.html
1874/3066 200 https://www.townhamanaka.jp/kenkou_fukushi_iryou/kenkou/ninshinchuu/2017-0620-1426-27.html
1871/3066 200 https://www.townhamanaka.jp/kenkou_fukushi_iryou/fukushi/jidoufukushi/index.html
1860/3066 200 https://www.akkeshi-town.jp/kurashi/hokenfukushi/ninshin_syussan_kosodate/kosodate/iryohi_baby/
1869/3066 200 https://www.townhamanaka.jp/
1873/3066 200 https://www.townhamanaka.jp/kakuka/gakkoukyuusyokucenter/gyoumu/kyushoku_kondate.html
1877/3066 200 https://www.townhamanaka.jp/kakuka/kikakuzaiseika/chiikishinkou/kekkon2021.html
1854/3066 403 https://www1.g-reiki.net/town.kushiro/reiki_honbun/a203RG00000747.html
1878/3066 200 https://www.townhamanaka.jp/d1w_reiki/409901010029000000MH/409901010029000000MH/409901010029000000MH_j.html
1876/3066 200 https://www.townhamanaka.jp/kurashi_kankyou/kosodate/hoiku/2017-0302-1715-34.html
1875/3066 200 https://www.townhamanaka.jp/kakuka/hoikujyo/hoikugyoumu/2026-02-kodomodaredemo-seido.html
1879/3066 200 https://www.townhamanaka.jp/kurashi_kankyou/bousai/bousai_map.html
1833/3066 200 https://www.rikubetsu.jp/kyoiku/kyusyoku/kyusyokuhi/
1834/3066 200 https://www.rikubetsu.jp/kurashi/kosodate/ninshin_syussan/ninshin/
1859/3066 200 https://www.akkeshi-town.jp/
1837/3066 200 https://www.rikubetsu.jp/kurashi/gomi/gomigaido/
1835/3066 200 https://www.rikubetsu.jp/kurashi/kosodate/kodomo_daredemo/
1863/3066 200 https://www.akkeshi-town.jp/reiki_file/reiki_honbun/a204RG00001313.html
1882/3066 200 https://town.shibecha.hokkaido.jp/kurashi/kosodate/iryouhi_kakusyuseido/index.html
1862/3066 200 https://www.akkeshi-town.jp/kurashi/hokenfukushi/ninshin_syussan_kosodate/kosodate/youjikyouiku/
1881/3066 200 https://town.shibecha.hokkaido.jp/gyousei/sesaku_keikaku_kouhyoushiryou/houshin/chouseishikkou.html
1864/3066 200 https://www.akkeshi-town.jp/kurashi/hokenfukushi/ninshin_syussan_kosodate/kosodate/sanzen_sango/care/
1836/3066 200 https://www.rikubetsu.jp/iju/seikatsu/ijuteijyuhojyo/
1838/3066 200 https://www.rikubetsu.jp/kurashi/bousai_saigai/
1884/3066 200 https://town.shibecha.hokkaido.jp/kurashi/kosodate/mishuugaku/hoikuen/kodomoen_hoikuen_hoikujo.html
1883/3066 200 https://town.shibecha.hokkaido.jp/kurashi/kosodate/
1865/3066 200 https://www.akkeshi-town.jp/oshirase/4234/
1867/3066 200 https://www.akkeshi-town.jp/kurashi/sumai/gomi_recycle/bunbetsu/
1866/3066 200 https://www.akkeshi-town.jp/kurashi/sumai/house/zyutaku_shien/rifomu/
1886/3066 200 https://town.shibecha.hokkaido.jp/kurashi/kosodate/mishuugaku/hoikuen/goannnai.html
1885/3066 200 https://town.shibecha.hokkaido.jp/kurashi/kosodate/ninshin_shussan/sango_care.html
1887/3066 200 https://town.shibecha.hokkaido.jp/kurashi/kosodate/mishuugaku/hoikuen/daredemotuen.html
1888/3066 200 https://town.shibecha.hokkaido.jp/kurashi/sougou/land_housing/myhome_ouen.html
1890/3066 200 https://town.shibecha.hokkaido.jp/gyousei/bousai_chuui/bousai/
1889/3066 200 https://town.shibecha.hokkaido.jp/kurashi/sougou/gomi_kankyou_eisei_dog/gomi_recycle/sodaigomi.html
1880/3066 200 https://town.shibecha.hokkaido.jp/
1893/3066 200 https://www.town.teshikaga.hokkaido.jp/kurashi/soshikiichiran/kenkokodomoka/chourituhoikuen_ninteikodomoen/index.html
1894/3066 200 https://www.town.teshikaga.hokkaido.jp/kurashi/soshikiichiran/kenkokodomoka/4/4/4043.html
1891/3066 200 https://www.town.teshikaga.hokkaido.jp/
1892/3066 200 https://www.town.teshikaga.hokkaido.jp/kurashi/soshikiichiran/kenkokodomoka/1/1/2326.html
1895/3066 200 https://www.town.teshikaga.hokkaido.jp/kurashi/soshikiichiran/gakkokyushokucenter/1/1/4046.html
1900/3066 200 https://www.town.teshikaga.hokkaido.jp/kurashi/soshikiichiran/kankyoseikatsuka/1/1/502.html
1896/3066 200 https://www.town.teshikaga.hokkaido.jp/kurashi/soshikiichiran/kenkokodomoka/4/5/608.html
1901/3066 200 https://www.town.teshikaga.hokkaido.jp/kurashi/soshikiichiran/somuka/10/2/3470.html
1868/3066 200 https://www.akkeshi-town.jp/bousai/bousaitaisaku_05/
1898/3066 200 https://www.town.teshikaga.hokkaido.jp/kurashi/soshikiichiran/kenkokodomoka/4/1/591.html
1899/3066 200 https://www.town.teshikaga.hokkaido.jp/kurashi/soshikiichiran/kensetsuka/1_1/460.html
1897/3066 200 https://www.town.teshikaga.hokkaido.jp/kurashi/soshikiichiran/kenkokodomoka/4/1/5964.html
1902/3066 200 https://www.town.teshikaga.hokkaido.jp/kurashi/soshikiichiran/somuka/10/2/5915.html
1914/3066 200 https://www.town.shiranuka.lg.jp/section/hoken/nfml630000001ka4.html
1917/3066 200 https://www.town.shiranuka.lg.jp/section/hoken/h8v21a000000n8al.html
1903/3066 200 https://www.vill.tsurui.lg.jp/
1918/3066 200 https://www.town.shiranuka.lg.jp/section/hoken/nfml630000001jcm.html
1913/3066 200 https://www.town.shiranuka.lg.jp/
1916/3066 200 https://www.town.shiranuka.lg.jp/section/kikaku/h8v21a000000h6j6.html
1915/3066 200 https://www.town.shiranuka.lg.jp/kurashi/category/nfml630000000cne.html
1905/3066 200 https://www.vill.tsurui.lg.jp/kenko_fukushi_kosodate/kosodate/index.html
1908/3066 200 https://www.vill.tsurui.lg.jp/soshikikarasagasu/hokenfukushika/kenkosuishingakari/4/744.html
1906/3066 200 https://www.vill.tsurui.lg.jp/kenko_fukushi_kosodate/kosodate/1104.html
1909/3066 200 https://www.vill.tsurui.lg.jp/kenko_fukushi_kosodate/kosodate/2363.html
1912/3066 200 https://www.vill.tsurui.lg.jp/soshikikarasagasu/somuka/chiikibosaigakari/725.html
1907/3066 200 https://www.vill.tsurui.lg.jp/kurashi_tetsuzuki/tsuruimuranisumu/2345.html
1911/3066 200 https://www.vill.tsurui.lg.jp/soshikikarasagasu/juminseikatsuka/seikatsukankyokakari/4/gomi/696.html
1910/3066 200 https://www.vill.tsurui.lg.jp/soshikikarasagasu/kikakuzaiseika/kikakuchoseigakari/5/551.html
1919/3066 200 https://www.town.shiranuka.lg.jp/section/keizai/nfml630000001b68.html
1904/3066 200 https://www.vill.tsurui.lg.jp/soshikikarasagasu/hokenfukushika/fukushikakari/6/766.html
1920/3066 200 https://www.town.shiranuka.lg.jp/section/hoken/h8v21a000000hr7o.html
1921/3066 200 https://www.town.shiranuka.lg.jp/section/h8v21a000000gf8o.html
1923/3066 200 https://betsukai.jp/kurashi/fukushi/iryou_josei/kodomo_iryou/
1922/3066 200 https://betsukai.jp/
1927/3066 200 https://betsukai.jp/profile/education_policy_h29/
1924/3066 200 https://betsukai.jp/kurashi/birth/birth_sonota/byoujihoiku/
1928/3066 200 https://betsukai.jp/kurashi/birth/ninshin/baby/sangokea/
1929/3066 200 https://betsukai.jp/kurashi/birth/nyuen/nyuji/
1926/3066 200 https://betsukai.jp/kurashi/birth/nyuen/mushoka/
1925/3066 200 https://betsukai.jp/kurashi/birth/nyuen/tashikeigen/
1930/3066 200 https://betsukai.jp/kurashi/life/sumai/akiyataisaku/furyoujuutakutoujokyakuhihojokin/
1931/3066 200 https://betsukai.jp/kurashi/life/gomi/garbage_bags/
1932/3066 200 https://betsukai.jp/anzen/bosai/betsukai_hazardmap/
1936/3066 200 https://www.nakashibetsu.jp/kurashi/kosodate_fukushi/kosodate/ho_you_takuji/ninka_hekiti/
1935/3066 200 https://www.nakashibetsu.jp/kurashi/kosodate_fukushi/kosodate/chiikikosodate/
1933/3066 200 https://www.nakashibetsu.jp/
1939/3066 200 https://www.nakashibetsu.jp/kurashi/kosodate_fukushi/kosodate/ho_you_takuji/kodomodaredemo/
1938/3066 200 https://www.nakashibetsu.jp/kurashi/kosodate_fukushi/kosodate/syussan_ninshin_kenkou/akacyan/sangokea/
1934/3066 200 https://www.nakashibetsu.jp/kurashi/kosodate_fukushi/kosodate/kyuufu/nyuyoji/
1941/3066 200 https://www.nakashibetsu.jp/kurashi/seikatsu/gomi/bunbetsu/
1937/3066 200 https://www.nakashibetsu.jp/kyouiku_iinkai/kyusyoku/kyusyokuhi/
1940/3066 200 https://www.nakashibetsu.jp/chousei/tosikeikaku/nakashibetsu_akiyataisaku_hojyokinn/
1942/3066 200 https://www.nakashibetsu.jp/kurashi/seikatsu/gomi/syurui_ryoukin/
1943/3066 200 https://www.nakashibetsu.jp/kurashi/bohanbosai/bousai/
1944/3066 200 https://www.shibetsutown.jp/
1953/3066 200 https://www.rausu-town.jp/
1959/3066 200 https://www.rausu-town.jp/pages/view/639
1954/3066 200 https://www.rausu-town.jp/pages/view/477
1955/3066 200 https://www.rausu-town.jp/pages/cat/7
1956/3066 200 https://www.rausu-town.jp/pages/view/302
1957/3066 200 https://www.rausu-town.jp/pages/cat/37
1958/3066 200 https://www.rausu-town.jp/pages/view/255
1948/3066 200 https://www.shibetsutown.jp/education/?content=173
1945/3066 200 https://www.shibetsutown.jp/welfare/?content=650
1961/3066 200 https://www.rausu-town.jp/pages/view/6
1950/3066 200 https://www.shibetsutown.jp/life/?content=333
1960/3066 200 https://www.rausu-town.jp/pages/view/457
1962/3066 200 https://www.rausu-town.jp/pages/view/288
1949/3066 200 https://www.shibetsutown.jp/education/?content=891
1963/3066 200 https://www.city.sendai.jp/
1964/3066 200 https://www.city.sendai.jp/kate/kurashi/kenkotofukushi/kosodate/teate/jose.html
1947/3066 200 https://www.shibetsutown.jp/administration/?content=458
1946/3066 200 https://www.shibetsutown.jp/education/?content=637
1951/3066 200 https://www.shibetsutown.jp/life/?content=609
1952/3066 200 https://www.shibetsutown.jp/life/?content=143
1966/3066 200 https://www.city.sendai.jp/nintechosa/kurashi/kenkotofukushi/kosodate/hoikuryo.html
1965/3066 200 https://www.city.sendai.jp/kodomo-chiiki/kurashi/kenkotofukushi/kosodate/azukari/azukari/byoji.html
1967/3066 200 https://www.city.sendai.jp/kyushokukanri/kyuusyokuhikaitei.html
1968/3066 200 https://www.city.sendai.jp/kodomo-hoken/kurashi/kenkotofukushi/kosodate/joho/joho/sangokea.html
1970/3066 200 https://www.city.sendai.jp/jutakutaisaku/kosodate/shien.html
1969/3066 200 https://www.city.sendai.jp/kodomo-kankyosebi/kodomodaredemo/tsuen.html
1971/3066 200 https://www.city.sendai.jp/haiki-kanri/kurashi/machi/genryo/gomi/wakekata/sodaigomi.html
1972/3066 200 https://www.city.sendai.jp/anzensuishin/kurashi/anzen/saigaitaisaku/hazardmap.html
1976/3066 200 https://www.city.ishinomaki.lg.jp/kosodate/002/2505/20180920142705.html
1977/3066 200 https://www.city.ishinomaki.lg.jp/kosodate/002/mushoka/20190619145550.html
1975/3066 200 https://www.city.ishinomaki.lg.jp/kosodate/002/010/20170412143631.html
1980/3066 200 https://www.city.ishinomaki.lg.jp/kosodate/002/daredemotuen/daretsu.html
1974/3066 200 https://www.city.ishinomaki.lg.jp/cont/10353000/61/20160304102343.html
1986/3066 200 https://www.city.ishinomaki.lg.jp/cont/10505400/002/20250314161205.html
1978/3066 200 https://www.city.ishinomaki.lg.jp/cont/20102000/1437/03/20260310161815.html
1979/3066 200 https://www.city.ishinomaki.lg.jp/kosodate/003/01/20210316192035.html
1981/3066 200 https://www.city.ishinomaki.lg.jp/cont/10051050/igyuu/20210811161432.html
1982/3066 200 https://www.city.ishinomaki.lg.jp/cont/10301000/030/sodaigomi/20170328191015.html
1984/3066 200 https://www.city.ishinomaki.lg.jp/bousai/020/n010/010/20250312170404.html
1983/3066 200 https://www.city.ishinomaki.lg.jp/bousai/020/n010/010/index.html
1985/3066 200 https://www.city.ishinomaki.lg.jp/bousai/020/n010/010/20230324101622.html
1989/3066 200 https://www.city.shiogama.miyagi.jp/soshiki/51/52143.html
1987/3066 200 https://www.city.shiogama.miyagi.jp/
1994/3066 200 https://www.city.shiogama.miyagi.jp/soshiki/11/23793.html
1988/3066 200 https://www.city.shiogama.miyagi.jp/soshiki/14/2959.html
1990/3066 200 https://www.city.shiogama.miyagi.jp/soshiki/51/7076.html
1996/3066 200 https://www.city.shiogama.miyagi.jp/soshiki/6/55776.html
1991/3066 200 https://www.city.shiogama.miyagi.jp/soshiki/51/16891.html
1992/3066 200 https://www.city.shiogama.miyagi.jp/uploaded/attachment/26762.pdf
1993/3066 200 https://www.city.shiogama.miyagi.jp/soshiki/6/55389.html
1995/3066 200 https://www.city.shiogama.miyagi.jp/soshiki/51/54914.html
1998/3066 200 https://www.city.shiogama.miyagi.jp/soshiki/18/3579.html
1997/3066 200 https://www.city.shiogama.miyagi.jp/soshiki/18/3428.html
1999/3066 200 https://www.city.shiogama.miyagi.jp/soshiki/9/38664.html
2000/3066 200 https://www.city.shiogama.miyagi.jp/soshiki/23/56174.html
2004/3066 200 https://www.kesennuma.miyagi.jp/kosodate/k006/20190815102628.html
2003/3066 200 https://www.kesennuma.miyagi.jp/kosodate/010/index.html
2006/3066 200 https://www.kesennuma.miyagi.jp/kosodate/k007/010/20230703154738.html
2005/3066 200 https://www.kesennuma.miyagi.jp/kosodate/k006/020/020/040/20160927093637.html
2008/3066 200 https://www.kesennuma.miyagi.jp/kosodate/k002/030/sangokeajigyou/sangokeajigyou.html
2007/3066 200 https://www.kesennuma.miyagi.jp/edu/s164/010/010/010/001/20230315092556.html
2009/3066 200 https://www.kesennuma.miyagi.jp/kosodate/k006/020/020/040/20260525140752.html
2010/3066 200 https://www.kesennuma.miyagi.jp/sec/s020/20180322192507.html
1973/3066 timeout https://www.city.ishinomaki.lg.jp/
2019/3066 200 https://www.city.shiroishi.miyagi.jp/soshiki/49/38811.html
2018/3066 200 https://www.city.shiroishi.miyagi.jp/site/kosodate/14085.html
2021/3066 200 https://www.city.shiroishi.miyagi.jp/site/kosodate/38750.html
2022/3066 200 https://www.city.shiroishi.miyagi.jp/site/smashiro/shigai.html
2020/3066 200 https://www.city.shiroishi.miyagi.jp/soshiki/11/12644.html
2024/3066 200 https://www.city.shiroishi.miyagi.jp/soshiki/18/13536.html
2023/3066 200 https://www.city.shiroishi.miyagi.jp/site/smashiro/shinai.html
2025/3066 200 https://www.city.shiroishi.miyagi.jp/site/bousai/1083.html
2027/3066 200 https://www.city.natori.miyagi.jp/site/kosodate/1652.html
2026/3066 200 https://www.city.natori.miyagi.jp/
2029/3066 200 https://www.city.natori.miyagi.jp/site/kosodate/34918.html
2028/3066 200 https://www.city.natori.miyagi.jp/site/kosodate/28845.html
2030/3066 200 https://www.city.natori.miyagi.jp/page/41003.html
2031/3066 200 https://www.city.natori.miyagi.jp/site/kosodate/25277.html
2032/3066 200 https://www.city.natori.miyagi.jp/site/kosodate/38986.html
2033/3066 200 https://www.city.natori.miyagi.jp/site/iju/4252.html
2034/3066 200 https://www.city.natori.miyagi.jp/page/4726.html
2035/3066 200 https://www.city.natori.miyagi.jp/site/bousai-keiiban/list179-553.html
2002/3066 206 https://www.kesennuma.miyagi.jp/kosodate/k001/010/010/010/010/1222253898099.html
2001/3066 206 https://www.kesennuma.miyagi.jp/
2037/3066 200 https://www.city.kakuda.lg.jp/site/kosodate/265.html
2036/3066 200 https://www.city.kakuda.lg.jp/
2014/3066 206 https://www.city.shiroishi.miyagi.jp/site/kosodate/843.html
2011/3066 206 https://www.kesennuma.miyagi.jp/sec/s029/010/010/010/030/20200518105656.html
2012/3066 206 https://www.kesennuma.miyagi.jp/sec/s009/010/010/010/020/1253258421312.html
2013/3066 206 https://www.city.shiroishi.miyagi.jp/
2038/3066 200 https://www.city.kakuda.lg.jp/site/kosodate/21963.html
2039/3066 200 https://www.city.kakuda.lg.jp/site/kosodate/16611.html
2017/3066 206 https://www.city.shiroishi.miyagi.jp/site/kosodate/14754.html
2041/3066 200 https://www.city.kakuda.lg.jp/site/mayor/25189.html
2040/3066 200 https://www.city.kakuda.lg.jp/site/kosodate/15247.html
2016/3066 206 https://www.city.shiroishi.miyagi.jp/site/kosodate/989.html
2045/3066 200 https://www.city.kakuda.lg.jp/soshiki/4/25567.html
2042/3066 200 https://www.city.kakuda.lg.jp/soshiki/26/12828.html
2048/3066 200 https://www.city.kakuda.lg.jp/soshiki/18/24402.html
2043/3066 200 https://www.city.kakuda.lg.jp/site/kosodate/13447.html
2044/3066 200 https://www.city.kakuda.lg.jp/site/kosodate/24839.html
2047/3066 200 https://www.city.kakuda.lg.jp/soshiki/3/7.html
2046/3066 200 https://www.city.kakuda.lg.jp/soshiki/8/377.html
2050/3066 200 https://www.city.tagajo.miyagi.jp/kokuho/kosodate/shien/iryohi.html
2049/3066 200 https://www.city.tagajo.miyagi.jp/
2052/3066 200 https://www.city.tagajo.miyagi.jp/hoiku/kosodate/hoikujo/hoikuryou.html
2051/3066 200 https://www.city.tagajo.miyagi.jp/hoiku/kosodate/hoikujo/byougoji.html
2054/3066 200 https://www.city.tagajo.miyagi.jp/kyuusyoku/kosodate/kyushoku/dreamlunch.html
2053/3066 200 https://www.city.tagajo.miyagi.jp/hoiku/kosodate/musyoka/20191001.html
2055/3066 200 https://www.city.tagajo.miyagi.jp/oyako/kosodate/ninshin/sangokea.html
2056/3066 200 https://www.city.tagajo.miyagi.jp/hoiku/daretsuu/daredemotsuuenn.html
2058/3066 200 https://www.city.tagajo.miyagi.jp/kankyo/kurashi/gomi/bunbetsu/bunbetsu.html
2059/3066 200 https://www.city.tagajo.miyagi.jp/bosai/kurashi/bosai/bosai/shite.html
2057/3066 200 https://www.city.tagajo.miyagi.jp/kankyo/kurashi/kankyo/kankyo/madohojo.html
2060/3066 200 https://www.city.tagajo.miyagi.jp/jigyokanri/kurashi/suido/gesuido/naisuihazadomap.html
2064/3066 200 https://www.city.iwanuma.miyagi.jp/kyoiku-sports/hoiku/musyouka_top.html
2063/3066 200 https://www.city.iwanuma.miyagi.jp/kyoiku-sports/hoiku/byoji-hoiku.html
2065/3066 200 https://www.city.iwanuma.miyagi.jp/kyoiku-sports/hoiku/ninnkagai_dainisimusyouka.html
2068/3066 200 https://www.city.iwanuma.miyagi.jp/kenko/ninshin/shussan/sangokeajigyou.html
2069/3066 200 https://www.city.iwanuma.miyagi.jp/kyoiku-sports/hoiku/kodomodaredemotuuen.html
2061/3066 200 https://www.city.iwanuma.miyagi.jp/
2062/3066 200 https://www.city.iwanuma.miyagi.jp/kyoiku-sports/kosodate/ko-josei/index.html
2066/3066 200 https://www.city.iwanuma.miyagi.jp/shisei/shisaku/hoshin/r8dai2kai_sisei.html
2074/3066 200 https://www.city.iwanuma.miyagi.jp/bosai/bosai-bohan/bosai/hinanjo.html
2015/3066 206 https://www.city.shiroishi.miyagi.jp/life/1/2/10/index.html
2067/3066 200 https://www.city.iwanuma.miyagi.jp/kyoiku-sports/kyoiku/gakko/shugaku-enjo.html
2070/3066 200 https://www.city.iwanuma.miyagi.jp/kurashi/iju/kekkon/kekkonshinseikatu.html
2071/3066 200 https://www.city.iwanuma.miyagi.jp/kurashi/gomi-recycle/daikounpan.html
2072/3066 200 https://www.city.iwanuma.miyagi.jp/bosai/bosai-bohan/bosai/index.html
2073/3066 200 https://www.city.iwanuma.miyagi.jp/bosai/bosai-bohan/bosai/joho.html
2075/3066 200 https://www.city.tome.miyagi.jp/
2080/3066 200 https://www.city.tome.miyagi.jp/koshitu/siseihosin/r8shiseihousin.html
2083/3066 200 https://www.city.tome.miyagi.jp/kosodateshien/kurashi/fukushi/jido/itijihoiku.html
2076/3066 200 https://www.city.tome.miyagi.jp/kokuhonenkin/kurashi/kenko/jose/nyuyoujiiryou.html
2084/3066 404 https://www.city.tome.miyagi.jp/machi/shisejoho/ijuteju/bank/akiyakaisyu.html
2077/3066 200 https://www.city.tome.miyagi.jp/kosodateshien/kosodate_search1.html
2079/3066 200 https://www.city.tome.miyagi.jp/kosodateshien/kurashi/kosodate/kosodateshien/teatejose/musyouka.html
2078/3066 200 https://www.city.tome.miyagi.jp/koho/kurashi/kosodate.html
2081/3066 200 https://www.city.tome.miyagi.jp/kosodateshien/kurashi/kosodate/kosodateshien/tomeshisangocarejigyou.html
2082/3066 200 https://www.city.tome.miyagi.jp/kosodateshien/daretu/daretu.html
2085/3066 200 https://www.city.tome.miyagi.jp/cleancenter/kurashi/sekatsukankyo/gomi/wakekata/sodaimousikomi.html
2086/3066 200 https://www.city.tome.miyagi.jp/cleancenter/kurashi/sekatsukankyo/gomi/mochikomi/kyuujituhannyuugomi-ukeirebihenkou.html
2088/3066 200 https://www.city.tome.miyagi.jp/shinko/20181210.html
2087/3066 200 https://www.city.tome.miyagi.jp/somu-somu/kurashi/anzen/bosai/hazardmap/map.html
2090/3066 200 https://www.kuriharacity.jp/w015/010/010/010/010/090/18806.html
2089/3066 200 https://www.kuriharacity.jp/
2091/3066 200 https://www.kuriharacity.jp/w015/010/010/020/010/030/38846.html
2092/3066 200 https://www.kuriharacity.jp/w015/010/010/020/010/040/39125.html
2093/3066 200 https://www.kuriharacity.jp/w015/010/010/020/010/040/PAGE000000000000014602.html
2095/3066 200 https://www.kuriharacity.jp/w035/010/010/010/080/060/PAGE000000000000011567.html
2098/3066 200 https://www.kuriharacity.jp/w015/010/010/020/010/020/7942.html
2094/3066 200 https://www.kuriharacity.jp/welcome/020/020/PAGE000000000000001546.html
2106/3066 200 https://www.city.higashimatsushima.miyagi.jp/kurashi/kenko-fukushi/kosodate/jidoteateiryohijosei/kodomoiryojosei.html
2096/3066 200 https://www.kuriharacity.jp/w015/010/030/kosodatesienn/013/1168.html
2105/3066 200 https://www.city.higashimatsushima.miyagi.jp/
2108/3066 200 https://www.city.higashimatsushima.miyagi.jp/kurashi/kenko-fukushi/kosodate/ichijiazukari-shien/familysupport.html
2107/3066 200 https://www.city.higashimatsushima.miyagi.jp/kurashi/kenko-fukushi/kosodate/ichijiazukari-shien/index.html
2109/3066 200 https://www.city.higashimatsushima.miyagi.jp/reiki/reiki_honbun/r122RG00001719.html
2110/3066 200 https://www.city.higashimatsushima.miyagi.jp/kurashi/kenko-fukushi/kosodate/hoikusyo-yochien/hoiku.html
2111/3066 200 https://www.city.higashimatsushima.miyagi.jp/kyoikuiinkai/kyusyoku/gakkokyusyokuhi.html
2114/3066 200 https://www.city.higashimatsushima.miyagi.jp/kurashi/kenko-fukushi/kosodate/ichijiazukari-shien/ichijihoiku.html
2112/3066 200 https://www.city.higashimatsushima.miyagi.jp/kurashi/kenko-fukushi/kosodate/ninshin-syussan/sanngocare.html
2113/3066 200 https://www.city.higashimatsushima.miyagi.jp/reiki/reiki_honbun/r122RG00001954.html
2116/3066 200 https://www.city.higashimatsushima.miyagi.jp/shisei/shisaku-keikaku/ijuteiju/teijukasokushinjigyo.html
2115/3066 200 https://www.city.higashimatsushima.miyagi.jp/kurashi/kenko-fukushi/kosodate/hoikusyo-yochien/hoikushienk20260318.html
2117/3066 200 https://www.city.higashimatsushima.miyagi.jp/kurashi/sumiyoimachini/gomidashikata-genryo/gomidashikata/sodaigomi.html
2118/3066 200 https://www.city.higashimatsushima.miyagi.jp/kurashi/sumiyoimachini/gomidashikata-genryo/sodaigomi_donichi.html
2119/3066 200 https://www.city.higashimatsushima.miyagi.jp/bosaimap/
2120/3066 200 https://www.city.higashimatsushima.miyagi.jp/bosaimap/manual/index.html
2127/3066 200 https://www.city.osaki.miyagi.jp/shisei/soshikikarasagasu/minseibu/kosodateshienka/3/2/15971.html
2121/3066 200 https://www.city.osaki.miyagi.jp/
2097/3066 200 https://www.kuriharacity.jp/w015/010/030/kosodatesienn/013/R8.6sanngokea.pdf
2126/3066 200 https://www.city.osaki.miyagi.jp/shisei/soshikikarasagasu/minseibu/kenkosuishinka/6/1/2399.html
2131/3066 200 https://www.city.osaki.miyagi.jp/shisei/soshikikarasagasu/somubu/bousaianzenka/2/7/3814.html
2122/3066 200 https://www.city.osaki.miyagi.jp/shisei/yokuriyosarerujoho/teate_josei/7319.html
2123/3066 404 https://www.city.osaki.miyagi.jp/shisei/lifescenebetsudesagasu/ninshin_shussan_kosodate/7/2/16068.html
2124/3066 200 https://www.city.osaki.miyagi.jp/shisei/soshikikarasagasu/minseibu/kosodateshienka/3/4/15972.html
2125/3066 200 https://www.city.osaki.miyagi.jp/shisei/soshikikarasagasu/kyoikuiinkaijimukyoku/kyoikusomuka/1_1/22088.html
2129/3066 200 https://www.city.osaki.miyagi.jp/shisei/shiseijoho/kenchiku_jutaku_kaihatsu/1_1/5368.html
2130/3066 200 https://www.city.osaki.miyagi.jp/shisei/soshikikarasagasu/shiminkyodousuishimbu/kankyohozenka/1/3/2838.html
2128/3066 200 https://www.city.osaki.miyagi.jp/shisei/soshikikarasagasu/minseibu/kosodateshienka/3/2/21870.html
2100/3066 200 https://www.kuriharacity.jp/welcome/050/010/PAGE000000000000000378.html
2099/3066 200 https://www.kuriharacity.jp/w015/010/010/020/010/070_kodomodaredemotuuenn/PAGE000000000000015562.html
2132/3066 200 https://www.city.osaki.miyagi.jp/shisei/kurashinojoho/bosai_anzen_anshin/osakihazardmap/13152.html
2133/3066 200 https://www.tomiya-city.miyagi.jp/
2134/3066 200 https://www.tomiya-city.miyagi.jp/kosodate/shien/kosodateshien50.html
2135/3066 200 https://www.tomiya-city.miyagi.jp/kosodate/shien/90111012c7f55dc1c3b3dc5438aa10e773f28d60.html
2136/3066 200 https://www.tomiya-city.miyagi.jp/kosodate/shien/kosodateshienmusyouka.html
2137/3066 200 https://www.tomiya-city.miyagi.jp/kosodate/shien/r2musyouka.html
2138/3066 200 https://www.tomiya-city.miyagi.jp/shisei/reiki/reiki_honbun/c226RG00000198.html
2140/3066 200 https://www.tomiya-city.miyagi.jp/shisei/reiki/reiki_honbun/c226RG00000236.html
2139/3066 200 https://www.tomiya-city.miyagi.jp/kosodate/syussan/tomicoco-sangocare.html
2141/3066 200 https://www.tomiya-city.miyagi.jp/kosodate/shien/a5c2856a5c8f94ffa7d589b1f8c73497d3afc4d1.html
2142/3066 200 https://www.tomiya-city.miyagi.jp/kurashi/sumai/jyutaku/taishinkaisyuu.html
2144/3066 200 https://www.tomiya-city.miyagi.jp/kurashi/88e4db9bb3bfe68e4c3ad748daa822f20d420781.html
2145/3066 200 https://www.tomiya-city.miyagi.jp/information/2021/04/hazard1.html
2143/3066 200 https://www.tomiya-city.miyagi.jp/kurashi/gomi/sodaigomi.html
2103/3066 206 https://www.kuriharacity.jp/hazardmap/
2147/3066 200 https://www.town.zao.miyagi.jp/kurashi_guide/seikatsu_kankyo/kenko_hoken/iryouhi.html
2146/3066 200 https://www.town.zao.miyagi.jp/
2150/3066 200 https://www.town.zao.miyagi.jp/kurashi_guide/kenkou_fukushi/kosodate/0230425134729917.html
2149/3066 200 https://www.town.zao.miyagi.jp/kurashi_guide/kenkou_fukushi/kosodate/kosodate999.html
2152/3066 200 https://www.town.zao.miyagi.jp/kurashi_guide/kyoiku_bunka/school/kyusyoku.html
2151/3066 200 https://www.town.zao.miyagi.jp/reiki_int/reiki_honbun/i800RG00001115.html
2163/3066 200 https://town.shichikashuku.miyagi.jp/
2154/3066 200 https://www.town.zao.miyagi.jp/kurashi_guide/kenkou_fukushi/kosodatekaren/ninshin.html
2148/3066 200 https://www.town.zao.miyagi.jp/kurashi_guide/kenkou_fukushi/kosodatesien/kosodatesien.html
2164/3066 200 https://town.shichikashuku.miyagi.jp/town/gyosei/reiki_int/reiki_honbun/c213RG00000670.html
2155/3066 200 https://www.town.zao.miyagi.jp/reiki_int/reiki_honbun/i800RG00000978.html
2153/3066 200 https://www.town.zao.miyagi.jp/reiki_int/reiki_honbun/i800RG00001124.html
2165/3066 200 https://town.shichikashuku.miyagi.jp/life/birth/born.html
2168/3066 200 https://town.shichikashuku.miyagi.jp/life/child/nyugaku.html
2166/3066 200 https://town.shichikashuku.miyagi.jp/life/child/
2156/3066 200 https://www.town.zao.miyagi.jp/reiki_int/reiki_honbun/i800RG00001031.html
2159/3066 200 https://www.town.zao.miyagi.jp/kurashi_guide/seikatsu_kankyo/eisei/gomi.html
2181/3066 200 https://www.town.ogawara.miyagi.jp/reiki_int/reiki_honbun/c214RG00001047.html
2158/3066 200 https://www.town.zao.miyagi.jp/reiki_int/reiki_honbun/i800RG00000969.html
2157/3066 200 https://www.town.zao.miyagi.jp/kurashi_guide/seikatsu_kankyo/jutaku/taishin.html
2174/3066 200 https://www.town.ogawara.miyagi.jp/
2178/3066 200 https://www.town.ogawara.miyagi.jp/7841.htm
2176/3066 200 https://www.town.ogawara.miyagi.jp/5555.htm
2175/3066 200 https://www.town.ogawara.miyagi.jp/1178.htm
2177/3066 200 https://www.town.ogawara.miyagi.jp/3127.htm
2179/3066 404 https://www.town.ogawara.miyagi.jp/7788.htm
2161/3066 200 https://www.town.zao.miyagi.jp/kazan/bousai.html
2180/3066 200 https://www.town.ogawara.miyagi.jp/3850.htm
2167/3066 200 https://town.shichikashuku.miyagi.jp/kos/
2101/3066 206 https://www.kuriharacity.jp/w057/010/010/020/020/1240.html
2160/3066 200 https://www.town.zao.miyagi.jp/kurashi_guide/seikatsu_kankyo/bousai/bousai.html
2182/3066 200 https://www.town.ogawara.miyagi.jp/8051.htm
2186/3066 200 https://www.town.ogawara.miyagi.jp/2249.htm
2185/3066 200 https://www.town.ogawara.miyagi.jp/3381.htm
2183/3066 200 https://www.town.ogawara.miyagi.jp/1210.htm
2184/3066 200 https://www.town.ogawara.miyagi.jp/1408.htm
2187/3066 200 https://www.town.ogawara.miyagi.jp/3493.htm
2102/3066 206 https://www.kuriharacity.jp/w006/010/010/010/1000/27650.html
2162/3066 404 https://www.town.zao.miyagi.jp/kurashi_guide/sangyo_kensetsu/nougyou/bousaizyuutameike.html
2104/3066 206 https://www.kuriharacity.jp/w020/010/010/030/PAGE000000000000008320.html
2189/3066 200 https://www.town.murata.miyagi.jp/kosodate/syusan/iryohi/index.html
2188/3066 200 https://www.town.murata.miyagi.jp/
2191/3066 200 https://www.town.murata.miyagi.jp/kosodate/hoikusyo/hoikuryo/index.html
2190/3066 200 https://www.town.murata.miyagi.jp/life/kosodate.html
2193/3066 200 https://www.town.murata.miyagi.jp/cyosei/on-line/reiki_int/reiki_honbun/c215RG00001066.html
2192/3066 200 https://www.town.murata.miyagi.jp/kosodate/teate/3shiikou_houkiryo/hoiku/index.html
2195/3066 200 https://www.town.murata.miyagi.jp/kosodate/kosodate_shien/azukari/index.html
2194/3066 200 https://www.town.murata.miyagi.jp/kosodate/syusan/sangocare/index.html
2197/3066 200 https://www.town.murata.miyagi.jp/kurashi/gomi_kankyo/sodaigomi/index.html
2196/3066 200 https://www.town.murata.miyagi.jp/kurashi/tochi/teijyu_hojyokin/
2199/3066 200 https://www.town.murata.miyagi.jp/kurashi/iza/bousai_tokuhon/index.html
2198/3066 200 https://www.town.murata.miyagi.jp/kurashi/iza/index.html
2202/3066 200 https://www.town.shibata.miyagi.jp/reiki_int/reiki_honbun/c216RG00000433.html
2170/3066 200 https://town.shichikashuku.miyagi.jp/its/housing.html
2169/3066 200 https://town.shichikashuku.miyagi.jp/its/kosodate.html
2201/3066 200 https://www.town.shibata.miyagi.jp/index.cfm/90%2C26849%2C200%2C391%2Chtml
2203/3066 200 https://www.town.shibata.miyagi.jp/index.cfm/90%2C38367%2C200%2C392%2Chtml
2200/3066 200 https://www.town.shibata.miyagi.jp/
2207/3066 200 https://www.town.shibata.miyagi.jp/index.cfm/90%2C67881%2C200%2C393%2Chtml
2206/3066 200 https://www.town.shibata.miyagi.jp/index.cfm/90%2C60725%2C138%2Chtml
2204/3066 200 https://www.town.shibata.miyagi.jp/index.cfm/90%2C26860%2C200%2C392%2Chtml
2173/3066 200 https://town.shichikashuku.miyagi.jp/life/bousai.html
2229/3066 200 https://www.town.marumori.miyagi.jp/common/img/content/content_20260518_101638.pdf
2209/3066 200 https://www.town.shibata.miyagi.jp/index.cfm/75%2C26723%2C134%2C378%2Chtml
2210/3066 200 https://www.town.shibata.miyagi.jp/index.cfm/75%2C26721%2C134%2C378%2Chtml
2212/3066 200 https://www.town.shibata.miyagi.jp/index.cfm/75%2C40660%2C212%2C369%2Chtml
2211/3066 200 https://www.town.shibata.miyagi.jp/index.cfm/75%2C65020%2C129%2Chtml
2214/3066 200 https://www.town.kawasaki.miyagi.jp/soshiki/hoken/51.html
2213/3066 200 https://www.town.kawasaki.miyagi.jp/
2218/3066 200 https://www.town.kawasaki.miyagi.jp/site/mayer/2232.html
2171/3066 200 https://town.shichikashuku.miyagi.jp/life/juutaku-josei.html
2216/3066 200 https://www.town.kawasaki.miyagi.jp/soshiki/youji/559.html
2172/3066 200 https://town.shichikashuku.miyagi.jp/life/gomi.html
2215/3066 200 https://www.town.kawasaki.miyagi.jp/soshiki/youji/561.html
2222/3066 200 https://www.town.kawasaki.miyagi.jp/soshiki/chishin/92.html
2221/3066 200 https://www.town.kawasaki.miyagi.jp/soshiki/youji/11644.html
2217/3066 200 https://www.town.kawasaki.miyagi.jp/site/gikai/434.html
2219/3066 200 https://www.town.kawasaki.miyagi.jp/soshiki/hoken/3792.html
2223/3066 200 https://www.town.kawasaki.miyagi.jp/soshiki/chomin/295.html
2220/3066 200 https://www.town.kawasaki.miyagi.jp/soshiki/youji/544.html
2224/3066 200 https://www.town.kawasaki.miyagi.jp/soshiki/soumu/135.html
2225/3066 200 https://www.town.kawasaki.miyagi.jp/soshiki/soumu/304.html
2228/3066 200 https://www.town.marumori.miyagi.jp/reiki/reiki_honbun/c218RG00000284.html
2231/3066 200 https://www.town.marumori.miyagi.jp/reiki/reiki_honbun/c218RG00000671.html
2233/3066 200 https://www.town.marumori.miyagi.jp/reiki/reiki_honbun/c218RG00001242.html
2226/3066 200 https://www.town.marumori.miyagi.jp/
2227/3066 200 https://www.town.marumori.miyagi.jp/education/detail.php?content=1374
2230/3066 200 https://www.town.marumori.miyagi.jp/education/detail.php?content=1122
2232/3066 200 https://www.town.marumori.miyagi.jp/education/detail.php?content=1017
2235/3066 200 https://www.town.marumori.miyagi.jp/life/detail.php?content=784
2234/3066 200 https://www.town.marumori.miyagi.jp/education/detail.php?content=1741
2236/3066 200 https://www.town.marumori.miyagi.jp/life/detail.php?content=1189
2237/3066 200 https://www.town.marumori.miyagi.jp/life/detail.php?content=75
2238/3066 200 https://www.town.marumori.miyagi.jp/disaster/detail.php?content=55
2241/3066 200 https://www.town.watari.miyagi.jp/reiki_int/reiki_honbun/c219RG00000549.html
2240/3066 200 https://www.town.watari.miyagi.jp/detail.php?content=529
2248/3066 200 https://www.town.watari.miyagi.jp/reiki_int/reiki_honbun/c219RG00001006.html
2239/3066 200 https://www.town.watari.miyagi.jp/
2252/3066 200 https://www.town.watari.miyagi.jp/reiki_int/reiki_honbun/c219RG00000562.html
2242/3066 200 https://www.town.watari.miyagi.jp/education/detail.php?content=607
2247/3066 200 https://www.town.watari.miyagi.jp/education/detail.php?content=1537
2255/3066 200 https://www.town.watari.miyagi.jp/life/detail.php?content=418
2244/3066 200 https://www.town.watari.miyagi.jp/education/detail.php?content=623
2243/3066 200 https://www.town.watari.miyagi.jp/education/detail.php?content=604
2245/3066 200 https://www.town.watari.miyagi.jp/education/detail.php?content=1429
2246/3066 200 https://www.town.watari.miyagi.jp/education/detail.php?content=2296
2257/3066 200 https://www.town.yamamoto.miyagi.jp/
2258/3066 200 https://www.town.yamamoto.miyagi.jp/site/kosodate/10326.html
2259/3066 200 https://www.town.yamamoto.miyagi.jp/site/kosodate/12715.html
2261/3066 200 https://www.town.yamamoto.miyagi.jp/site/kosodate/23414.html
2249/3066 200 https://www.town.watari.miyagi.jp/education/detail.php?content=1897
2250/3066 200 https://www.town.watari.miyagi.jp/education/detail.php?content=2153
2254/3066 200 https://www.town.watari.miyagi.jp/life/detail.php?content=426
2265/3066 200 https://www.town.yamamoto.miyagi.jp/site/kosodate/31867.html
2266/3066 200 https://www.town.yamamoto.miyagi.jp/site/ijuteiju/36.html
2251/3066 200 https://www.town.watari.miyagi.jp/life/detail.php?content=340
2267/3066 200 https://www.town.yamamoto.miyagi.jp/site/ijuteiju/34.html
2256/3066 200 https://www.town.watari.miyagi.jp/life/detail.php?content=415
2253/3066 200 https://www.town.watari.miyagi.jp/life/detail.php?content=221
2263/3066 200 https://www.town.yamamoto.miyagi.jp/site/kosodate/26151.html
2270/3066 200 https://www.town.yamamoto.miyagi.jp/soshiki/9/120.html
2271/3066 200 https://www.town.yamamoto.miyagi.jp/soshiki/1/25508.html
2268/3066 200 https://www.town.yamamoto.miyagi.jp/site/ijuteiju/3182.html
2272/3066 200 https://www.town.yamamoto.miyagi.jp/soshiki/1/21476.html
2269/3066 200 https://www.town.yamamoto.miyagi.jp/soshiki/16/28068.html
2260/3066 200 https://www.town.yamamoto.miyagi.jp/site/kosodate/25434.html
2273/3066 200 https://www.town.miyagi-matsushima.lg.jp/
2274/3066 200 https://www.town.miyagi-matsushima.lg.jp/page/1235.html
2276/3066 404 https://www.town.miyagi-matsushima.lg.jp/index.cfm/6%2C40730%2Cc%2Chtml/40730/20251118-160106.pdf
2275/3066 200 https://www.town.miyagi-matsushima.lg.jp/page/1360.html
2278/3066 200 https://www.town.miyagi-matsushima.lg.jp/page/1732.html
2282/3066 404 https://www.town.miyagi-matsushima.lg.jp/index.cfm/7%2C40797%2Cc%2Chtml/40797/matsushima611_A4_compressed.pdf
2279/3066 200 https://www.town.miyagi-matsushima.lg.jp/page/1270.html
2280/3066 200 https://www.town.miyagi-matsushima.lg.jp/reiki_int/reiki_honbun/c221RG00000226.html
2281/3066 404 https://www.town.miyagi-matsushima.lg.jp/index.cfm/6%2C39792%2Cc%2Chtml/39792/20260324-113052.pdf
2283/3066 200 https://www.town.miyagi-matsushima.lg.jp/page/5229.html
2284/3066 200 https://www.town.miyagi-matsushima.lg.jp/page/1104.html
2286/3066 200 https://www.town.miyagi-matsushima.lg.jp/site/ijyuu/1102.html
2285/3066 200 https://www.town.miyagi-matsushima.lg.jp/site/ijyuu/1374.html
2288/3066 200 https://www.town.miyagi-matsushima.lg.jp/page/1503.html
2287/3066 200 https://www.town.miyagi-matsushima.lg.jp/site/ijyuu/1001.html
2289/3066 200 https://www.town.miyagi-matsushima.lg.jp/page/1407.html
2264/3066 200 https://www.town.yamamoto.miyagi.jp/site/kosodate/8688.html
2262/3066 200 https://www.town.yamamoto.miyagi.jp/site/ijuteiju/27311.html
2293/3066 200 https://www.shichigahama.com/benricho/oshirase/kodomo3-080-8932.html
2291/3066 200 https://www.shichigahama.com/parenting/system/support05.html
2290/3066 200 https://www.shichigahama.com/
2294/3066 200 https://www.shichigahama.com/benricho/oshirase/kodomo3-030-8581.html
2292/3066 200 https://www.shichigahama.com/parenting/facility/index.html
2296/3066 200 https://www.shichigahama.com/benricho/oshirase/kodomo3-050-12453.html
2295/3066 200 https://www.shichigahama.com/benricho/oshirase/kodomo3-080-11552.html
2298/3066 200 https://www.shichigahama.com/benricho/oshirase/admin3-010-11666.html
2299/3066 200 https://www.shichigahama.com/benricho/otoiawase/kankyo2-010-9820.html
2302/3066 200 https://www.shichigahama.com/benricho/oshirase/bousai3-020-11036.html
2303/3066 200 https://www.shichigahama.com/benricho/joho/bousai4-020-12031.html
2297/3066 200 https://www.shichigahama.com/benricho/oshirase/kodomo3-050-12494.html
2277/3066 200 https://www.town.miyagi-matsushima.lg.jp/index.cfm/6%2C36300%2C17%2C124%2Chtml
2300/3066 200 https://www.shichigahama.com/benricho/otoiawase/kankyo2-010-11043.html
2301/3066 200 https://www.shichigahama.com/benricho/joho/bousai4-020-11080.html
2305/3066 200 https://www.town.rifu.miyagi.jp/gyosei/soshikikarasagasu/kodomoshien/kodomokyufu/1/1094.html
2304/3066 200 https://www.town.rifu.miyagi.jp/
2306/3066 200 https://www.town.rifu.miyagi.jp/gyosei/soshikikarasagasu/kodomoshien/kodomokikaku/1/2/755.html
2309/3066 200 https://www.town.rifu.miyagi.jp/gyosei/soshikikarasagasu/kyouikusoumu/kyuusyoku/5566.html
2307/3066 200 https://www.town.rifu.miyagi.jp/gyosei/soshikikarasagasu/kodomoshien/hoiku/3/1240.html
2315/3066 200 https://www.town.rifu.miyagi.jp/gyosei/soshikikarasagasu/kikitaisaku/kikikanri/1/3/787.html
2308/3066 200 https://www.town.rifu.miyagi.jp/gyosei/soshikikarasagasu/kodomoshien/hoiku/2/752.html
2320/3066 200 https://www.town.taiwa.miyagi.jp/soshiki/kodomokatei/hoikushien/425.html
2311/3066 200 https://www.town.rifu.miyagi.jp/gyosei/soshikikarasagasu/kodomoshien/hoiku/1/7458.html
2310/3066 200 https://www.town.rifu.miyagi.jp/gyosei/soshikikarasagasu/kenkou/kodomokatei/oyako/5062.html
2312/3066 200 https://www.town.rifu.miyagi.jp/gyosei/soshikikarasagasu/kodomoshien/hoiku/1/753.html
2313/3066 200 https://www.town.rifu.miyagi.jp/gyosei/soshikikarasagasu/toshiseibi/eizen/2/6776.html
2314/3066 200 https://www.town.rifu.miyagi.jp/gyosei/soshikikarasagasu/seikatu/kankyou/4/714.html
2329/3066 200 https://www.town.taiwa.miyagi.jp/soshiki/somu/kikitaisaku/mappu/1039.html
2316/3066 200 https://www.town.taiwa.miyagi.jp/
2319/3066 200 https://www.town.taiwa.miyagi.jp/soshiki/kodomokatei/hoikushien/4326.html
2321/3066 200 https://www.town.taiwa.miyagi.jp/section/reiki_int/reiki_honbun/s300RG00000239.html
2322/3066 200 https://www.town.taiwa.miyagi.jp/section/reiki_int/reiki_honbun/s300RG00000756.html
2325/3066 200 https://www.town.taiwa.miyagi.jp/soshiki/kodomokatei/hoikushien/4483.html
2317/3066 200 https://www.town.taiwa.miyagi.jp/soshiki/kodomokatei/kodomokateishien/464.html
2318/3066 200 https://www.town.taiwa.miyagi.jp/soshiki/kodomokatei/hoikushien/465.html
2323/3066 404 https://www.town.taiwa.miyagi.jp/material/files/group/15/sangokea.pdf
2331/3066 200 https://www.town.miyagi-osato.lg.jp/soshiki/chomin/iryouhi-jyosei.html
2330/3066 200 https://www.town.miyagi-osato.lg.jp/
2327/3066 200 https://www.town.taiwa.miyagi.jp/soshiki/chominseikatsu/seikatsukankyo/4504.html
2324/3066 200 https://www.town.taiwa.miyagi.jp/soshiki/kodomokatei/hoikushien/197.html
2326/3066 200 https://www.town.taiwa.miyagi.jp/soshiki/machizukuriseisaku/machizukuri_suishin/ijuteiju/783.html
2328/3066 200 https://www.town.taiwa.miyagi.jp/soshiki/chominseikatsu/seikatsukankyo/531.html
2333/3066 200 https://www.town.miyagi-osato.lg.jp/soshiki/kodomo/hoikuryou-musyou.html
2332/3066 200 https://www.town.miyagi-osato.lg.jp/soshiki/kodomo/byougojihoiku.html
2334/3066 200 https://www.town.miyagi-osato.lg.jp/soshiki/kodomo/ninnteikodomoen-r7.html
2336/3066 200 https://www.town.miyagi-osato.lg.jp/soshiki/kyusyoku/kondatehyou-kyuusyokudayori.html
2337/3066 200 https://www.town.miyagi-osato.lg.jp/soshiki/kodomo/sangocare-.html
2338/3066 200 https://www.town.miyagi-osato.lg.jp/soshiki/kodomo/itiziazukari.html
2335/3066 200 https://www.town.miyagi-osato.lg.jp/soshiki/kyusyoku/gakkoukyusyoku.html
2340/3066 200 https://www.town.miyagi-osato.lg.jp/soshiki/machidukuri/wakamonosedaisyoureikin.html
2339/3066 200 https://www.town.miyagi-osato.lg.jp/soshiki/machidukuri/housereform.html
2341/3066 200 https://www.town.miyagi-osato.lg.jp/soshiki/chomin/gomi-top.html
2342/3066 200 https://www.town.miyagi-osato.lg.jp/soshiki/soumu/bousai-map.html
2343/3066 200 https://www.town.miyagi-osato.lg.jp/soshiki/tiikiseibi/tameikehazard-map.html
2344/3066 200 https://www.town.miyagi-osato.lg.jp/soshiki/soumu/hinanjyo.html
2350/3066 404 https://www.village.ohira.miyagi.jp/soshiki/10/9146.html
2352/3066 200 https://www.village.ohira.miyagi.jp/9/9/383.html
2345/3066 200 https://www.village.ohira.miyagi.jp/
2346/3066 200 https://www.village.ohira.miyagi.jp/9/11/651.html
2347/3066 200 https://www.village.ohira.miyagi.jp/2/3/1041.html
2349/3066 200 https://www.village.ohira.miyagi.jp/9/9/148.html
2357/3066 200 https://www.village.ohira.miyagi.jp/9/13/525.html
2353/3066 200 https://www.village.ohira.miyagi.jp/2/3/1/1150.html
2354/3066 200 https://www.village.ohira.miyagi.jp/9/9/1952.html
2355/3066 200 https://www.village.ohira.miyagi.jp/9/4/371.html
2356/3066 200 https://www.village.ohira.miyagi.jp/9/11/518.html
2358/3066 200 https://www.town.shikama.miyagi.jp/
2363/3066 200 https://www.town.shikama.miyagi.jp/soshiki/kosodate_shien/ninteikodomoen/3170.html
2362/3066 200 https://www.town.shikama.miyagi.jp/soshiki/kosodate_shien/1/756.html
2364/3066 200 https://www.town.shikama.miyagi.jp/soshiki/kyushoku/501.html
2359/3066 200 https://www.town.shikama.miyagi.jp/soshiki/chomin_seikatsu/9/605.html
2361/3066 200 https://www.town.shikama.miyagi.jp/soshiki/kosodate_shien/1/2875.html
2360/3066 200 https://www.town.shikama.miyagi.jp/soshiki/kosodate_shien/1/2930.html
2367/3066 200 https://www.town.shikama.miyagi.jp/soshiki/tisin/9/2164.html
2368/3066 200 https://www.town.shikama.miyagi.jp/soshiki/tisin/9/2871.html
2348/3066 403 https://www1.g-reiki.net/village.ohira/reiki_honbun/c227RG00001007.html
2351/3066 403 https://www1.g-reiki.net/village.ohira/reiki_honbun/c227RG00000788.html
2370/3066 200 https://www.town.shikama.miyagi.jp/soshiki/chomin_seikatsu/1/496.html
2365/3066 200 https://www.town.shikama.miyagi.jp/soshiki/hoken_fukushi/4/2/2131.html
2372/3066 200 https://www.town.shikama.miyagi.jp/soshiki/somu/31/426.html
2366/3066 404 https://www.town.shikama.miyagi.jp/kurashi/3238.html
2369/3066 200 https://www.town.shikama.miyagi.jp/soshiki/tisin/9/633.html
2371/3066 200 https://www.town.shikama.miyagi.jp/soshiki/somu/31/792.html
2374/3066 200 https://www.town.kami.miyagi.jp/soshikikarasagasu/kodomokateika/kosodate/1/632.html
2376/3066 200 https://www.town.kami.miyagi.jp/soshikikarasagasu/kodomokateika/kosodate/2/4376.html
2391/3066 200 https://www.town.wakuya.miyagi.jp/gyose/koho/publiccomment/documents/wakuyatown_childplan_pub.pdf
2378/3066 200 https://www.town.kami.miyagi.jp/section/reiki_int/reiki_honbun/r004RG00000305.html
2380/3066 200 https://www.town.kami.miyagi.jp/section/reiki_int/reiki_honbun/r004RG00001122.html
2379/3066 200 https://www.town.kami.miyagi.jp/soshikikarasagasu/kyoikusomuka/1901.html
2381/3066 200 https://www.town.kami.miyagi.jp/soshikikarasagasu/kodomo-center/ninshin_shussan/4587.html
2373/3066 200 https://www.town.kami.miyagi.jp/
2375/3066 200 https://www.town.kami.miyagi.jp/section/reiki_int/reiki_honbun/r004RG00000559.html
2384/3066 200 https://www.town.kami.miyagi.jp/kurashi_tetsuzuki_ijuu/takuchi_juukyo_bus/kakushujosei/1373.html
2377/3066 200 https://www.town.kami.miyagi.jp/soshikikarasagasu/kodomokateika/kosodate/810.html
2387/3066 404 https://www.town.kami.miyagi.jp/soshikikarasagasu/kikikanrishitsu/syobobosai/3505.html
2388/3066 200 https://www.town.kami.miyagi.jp/soshikikarasagasu/kikikanrishitsu/syobobosai/4583.html
2382/3066 200 https://www.town.kami.miyagi.jp/soshikikarasagasu/kodomokateika/kosodate/5484.html
2385/3066 200 https://www.town.kami.miyagi.jp/soshikikarasagasu/chominka/kankyoeisei/847.html
2383/3066 200 https://www.town.kami.miyagi.jp/section/reiki_int/reiki_honbun/r004RG00001003.html
2386/3066 200 https://www.town.kami.miyagi.jp/section/reiki_int/reiki_honbun/r004RG00000823.html
2389/3066 200 https://www.town.wakuya.miyagi.jp/
2390/3066 200 https://www.town.wakuya.miyagi.jp/kenko/fukushi/jido/kodomoiryohi.html
2392/3066 200 https://www.town.wakuya.miyagi.jp/kenko/kosodate/hoiku/hoikuen.html
2394/3066 200 https://www.town.wakuya.miyagi.jp/kurashi/kyoiku/kyoiku/gakko/shogakukin.html
2393/3066 200 https://www.town.wakuya.miyagi.jp/kenko/kosodate/yochien/index.html
2395/3066 200 https://www.town.wakuya.miyagi.jp/kurashi/kyoiku/kyoiku/kyushoku.html
2396/3066 200 https://www.town.wakuya.miyagi.jp/kenko/ninshin/sanngokea.html
2397/3066 200 https://www.town.wakuya.miyagi.jp/kosodate/nyuuyouziitiziazukari.html
2398/3066 200 https://www.town.wakuya.miyagi.jp/kurashi/jyutaku.html
2400/3066 200 https://www.town.wakuya.miyagi.jp/kurashi/sekatsu/gomi/moenaisodai.html
2408/3066 200 https://www.town.misato.miyagi.jp/06kyoiku/education/2023-0602-1553-18.html
2407/3066 200 https://www.town.misato.miyagi.jp/06kyoiku/2023-1012-0905-46.html
2403/3066 200 https://www.town.misato.miyagi.jp/
2404/3066 200 https://www.town.misato.miyagi.jp/06kyoiku/2012-0815-0957-46.html
2405/3066 200 https://www.town.misato.miyagi.jp/06kyoiku/
2406/3066 200 https://www.town.misato.miyagi.jp/06kyoiku/2015-0715-1017-32.html
2413/3066 200 https://www.town.misato.miyagi.jp/07kurashi/2015-0618-1305-47.html
2412/3066 200 https://www.town.misato.miyagi.jp/06kyoiku/2012-0830-0958-46.html
2410/3066 200 https://www.town.misato.miyagi.jp/05kenko/2025-0326-2002-34.html
2409/3066 200 https://www.town.misato.miyagi.jp/03zeikin/2016-1103-1120-32.html
2399/3066 200 https://www.town.wakuya.miyagi.jp/kurashi/sekatsu/gomi/moerusodai.html
2417/3066 200 https://www.town.onagawa.miyagi.jp/
2418/3066 200 https://www.town.onagawa.miyagi.jp/05_14hukushi/05_14_04_04.html
2419/3066 200 https://www.town.onagawa.miyagi.jp/05_15_02_07.html
2411/3066 200 https://www.town.misato.miyagi.jp/06kyoiku/2026-0203-1804-46.html
2422/3066 200 https://www.town.onagawa.miyagi.jp/05_13_09.html
2421/3066 200 https://www.town.onagawa.miyagi.jp/05_15_03_04.html
2430/3066 200 https://www.town.minamisanriku.miyagi.jp/life-info/hoken-iryo/4/7721.html
2431/3066 200 https://www.town.minamisanriku.miyagi.jp/kurashi/sumai/2/6885.html
2433/3066 200 https://www.town.minamisanriku.miyagi.jp/soshiki/1004/14/1591.html
2439/3066 200 https://www.town.minamisanriku.miyagi.jp/soshiki/1009/4/2081.html
2424/3066 200 https://www.town.onagawa.miyagi.jp/05_15_02_04.html
2423/3066 200 https://www.town.onagawa.miyagi.jp/05_15_02_17.html
2426/3066 200 https://www.town.onagawa.miyagi.jp/04_02_02.html
2427/3066 200 https://www.town.onagawa.miyagi.jp/life_event_07i.html
2420/3066 200 https://www.town.onagawa.miyagi.jp/hoiku/guidance/
2429/3066 200 https://www.town.minamisanriku.miyagi.jp/
2434/3066 200 https://www.town.minamisanriku.miyagi.jp/soshiki/1014/5/1974.html
2432/3066 200 https://www.town.minamisanriku.miyagi.jp/soshiki/1004/index.html
2436/3066 200 https://www.town.minamisanriku.miyagi.jp/soshiki/1004/1988.html
2402/3066 200 https://www.town.wakuya.miyagi.jp/kurashi/bosai/bosai/index.html
2401/3066 200 https://www.town.wakuya.miyagi.jp/kurashi/bosai/bosai/kozui.html
2435/3066 200 https://www.town.minamisanriku.miyagi.jp/kosodate-kyoiku/ninshin-shussan/6962.html
2438/3066 200 https://www.town.minamisanriku.miyagi.jp/soshiki/1002/11/1/2229.html
2437/3066 200 https://www.town.minamisanriku.miyagi.jp/soshiki/1004/8117.html
2440/3066 200 https://www.town.minamisanriku.miyagi.jp/soshiki/1006/7/1/2/1873.html
2441/3066 200 https://www.town.minamisanriku.miyagi.jp/soshiki/1001/2/3/2/1242.html
2428/3066 200 https://www.town.onagawa.miyagi.jp/emer/bousai/05_03.html
2455/3066 200 https://www.city.akita.lg.jp/bosai-kinkyu/bosai/1002188/index.html
2443/3066 200 https://www.city.akita.lg.jp/kurashi/kosodate/1005867/1005945.html
2442/3066 200 https://www.city.akita.lg.jp/
2425/3066 200 https://www.town.onagawa.miyagi.jp/11_32.html
2415/3066 200 https://www.town.misato.miyagi.jp/17bousai/2020-0803-1842-33.html
2444/3066 200 https://www.city.akita.lg.jp/kurashi/kosodate/1005999/1009962/1005872.html
2445/3066 200 https://www.city.akita.lg.jp/kurashi/kosodate/1005999/1009962/1005886.html
2446/3066 200 https://www.city.akita.lg.jp/kurashi/kosodate/1005999/1009956/1021207.html
2447/3066 200 https://www.city.akita.lg.jp/faq/kosodate/1012937/1012939.html
2448/3066 200 https://www.city.akita.lg.jp/kurashi/kyoiku-gakko/1013023/1023142.html
2449/3066 200 https://www.city.akita.lg.jp/kurashi/kosodate/1005860/1031990.html
2450/3066 200 https://www.city.akita.lg.jp/kurashi/kosodate/1005999/1009962/1005880.html
2451/3066 200 https://www.city.akita.lg.jp/kurashi/kosodate/1005859/1015920/1015851.html
2414/3066 200 https://www.town.misato.miyagi.jp/08kankyo/2020-0626-1505-6.html
2453/3066 200 https://www.city.akita.lg.jp/kurashi/sumai/1007487/1007792.html
2452/3066 200 https://www.city.akita.lg.jp/iju-teiju/1012760/1002723.html
2456/3066 200 https://www.city.akita.lg.jp/kurashi/bosai-kyukyu/1047340.html
2454/3066 200 https://www.city.akita.lg.jp/kurashi/recycle/1006080/1006201.html
2205/3066 timeout https://www02.town.shibata.miyagi.jp/news/index.cfm/detail.73.68850.html
2208/3066 timeout https://www02.town.shibata.miyagi.jp/index.cfm/90%2C59298%2C200%2C393%2Chtml
2458/3066 200 https://www.city.noshiro.lg.jp/kurashi/kenko/fukushi-iryo/22551
2457/3066 200 https://www.city.noshiro.lg.jp/
2482/3066 200 https://www.city.odate.lg.jp/city/handbook/handbook4/page17/p75
2481/3066 200 https://www.city.odate.lg.jp/
2459/3066 200 https://www.city.noshiro.lg.jp/kurashi/kosodate/shien/371
2460/3066 200 https://www.city.noshiro.lg.jp/section/shimin-fukushi/kosodate/26350
2462/3066 200 https://www.city.noshiro.lg.jp/city/reiki-yoko/3989
2463/3066 200 https://www.city.noshiro.lg.jp/kurashi/kosodate/shien/17399
2461/3066 200 https://www.city.noshiro.lg.jp/reiki/reiki_honbun/r241RG00000961.html
2464/3066 200 https://www.city.noshiro.lg.jp/kurashi/kosodate/shien/370
2466/3066 200 https://www.city.noshiro.lg.jp/kurashi/zaitaku/kenchiku-jutaku/9571
2465/3066 200 https://www.city.noshiro.lg.jp/section/shimin-fukushi/kosodate/27062
2467/3066 200 https://www.city.noshiro.lg.jp/kurashi/zaitaku/kenchiku-jutaku/4940
2468/3066 200 https://www.city.noshiro.lg.jp/kurashi/gomi-eisei/gomi/16681
2470/3066 200 https://www.city.noshiro.lg.jp/kurashi/bosai-shobo/bosai-joho/27150
2469/3066 200 https://www.city.noshiro.lg.jp/kurashi/bosai-shobo/bosai-joho/12524
2473/3066 200 https://www.city.yokote.lg.jp/kosodate/1001158/1001159/1003374.html
2484/3066 200 https://www.city.odate.lg.jp/kosodate/guide/birth/teate/teate-3
2483/3066 200 https://www.city.odate.lg.jp/kosodate/guide/birth/ikuji
2474/3066 200 https://www.city.yokote.lg.jp/kosodate/1001158/1001159/1003382.html
2472/3066 200 https://www.city.yokote.lg.jp/kurashi/1001138/1002678.html
2471/3066 200 https://www.city.yokote.lg.jp/
2475/3066 200 https://www.city.yokote.lg.jp/1001344/1004928/1013209.html
2486/3066 200 https://www.city.odate.lg.jp/city/soshiki/kyoikuzimu/kyoiku/page67/p484
2476/3066 200 https://www.city.yokote.lg.jp/kosodate/1001157/1003370.html
2485/3066 200 https://www.city.odate.lg.jp/city/abouts/abouts3/gyoseihoukoku/p12756
2478/3066 200 https://www.city.yokote.lg.jp/kurashi/1001145/1001293/1013092.html
2477/3066 200 https://www.city.yokote.lg.jp/kosodate/1001158/1001159/1013043.html
2480/3066 200 https://www.city.yokote.lg.jp/kurashi/1001136/1001182/1005017.html
2479/3066 200 https://www.city.yokote.lg.jp/kurashi/1001139/1001237/1006359.html
2488/3066 200 https://www.city.odate.lg.jp/kosodate/guide/birth/ikuji/p12801
2487/3066 200 https://www.city.odate.lg.jp/kosodate/guide/birth/syusan
2490/3066 200 https://www.city.odate.lg.jp/city/soshiki/kankyohozen/p727
2489/3066 200 https://www.city.odate.lg.jp/city/soshiki/k-kentikusidou/p11760
2416/3066 200 https://www.town.misato.miyagi.jp/17bousai/2026-0401-1536-45.html
2491/3066 200 https://www.city.odate.lg.jp/city/soshiki/kankyohozen/p8011
2492/3066 200 https://www.city.odate.lg.jp/city/handbook/handbook11/page48/p8308/kouzui_map
2493/3066 200 https://www.city.odate.lg.jp/city/handbook/handbook11/page48/p8308/bousai_map
2494/3066 200 https://www.city.oga.akita.jp/
2495/3066 200 https://www.city.oga.akita.jp/soshik/seikatsukankyoka/iryo/1/6922.html
2496/3066 200 https://www.city.oga.akita.jp/soshik/kosodatekenkouka/kosodateshien/3/1138.html
2497/3066 200 https://www.city.oga.akita.jp/soshik/gakkokyoikuka/1/8117.html
2498/3066 200 https://www.city.oga.akita.jp/soshik/gakkokyoikuka/shochugakko/5106.html
2499/3066 404 https://www.city.oga.akita.jp/material/files/group/3/06kokuji43.pdf
2500/3066 200 https://www.city.oga.akita.jp/living_information/kosodate_kyoiku/kodomowoazukeru/yochien_hoikuen/1/8305.html
2501/3066 200 https://www.city.oga.akita.jp/soshik/kosodatekenkouka/kosodateshien/3/6492.html
2502/3066 200 https://www.city.oga.akita.jp/ijuteiju/live/information/2894.html
2503/3066 200 https://www.city.oga.akita.jp/soshik/kiki/bosai/4/6064.html
2505/3066 200 https://www.city-yuzawa.jp/site/kosodate-navi/285.html
2504/3066 200 https://www.city-yuzawa.jp/
2509/3066 200 https://www.city-yuzawa.jp/site/kosodate-navi/5514.html
2508/3066 200 https://www.city-yuzawa.jp/site/kosodate-navi/5534.html
2507/3066 200 https://www.city-yuzawa.jp/site/kosodate-navi/3574.html
2506/3066 200 https://www.city-yuzawa.jp/site/kosodate-navi/3489.html
2510/3066 200 https://www.city-yuzawa.jp/site/kosodate-navi/5500.html
2511/3066 200 https://www.city-yuzawa.jp/site/kosodate-navi/2310.html
2513/3066 200 https://www.city-yuzawa.jp/soshiki/17/374.html
2512/3066 200 https://www.city-yuzawa.jp/site/iju-teiju/6002.html
2514/3066 200 https://www.city-yuzawa.jp/soshiki/8/3761.html
2515/3066 200 https://www.city.kazuno.lg.jp/
2517/3066 200 https://www.city.kazuno.lg.jp/kosodate_kyoiku/ninshin_shussan_kosodate/1/6/3607.html
2516/3066 200 https://www.city.kazuno.lg.jp/kosodate_kyoiku/ninshin_shussan_kosodate/1/8887.html
2524/3066 200 https://www.city.kazuno.lg.jp/kurashi_tetuzuki/jutaku_kenshiku/3/7409.html
2526/3066 200 https://www.city.kazuno.lg.jp/kurashi_tetuzuki/kankyo_gomi_pet/14289.html
2519/3066 200 https://www.city.kazuno.lg.jp/kosodate_kyoiku/ninshin_shussan_kosodate/6/1/3636.html
2518/3066 200 https://www.city.kazuno.lg.jp/kosodate_kyoiku/ninshin_shussan_kosodate/1/6/3634.html
2528/3066 200 https://www.city.kazuno.lg.jp/kurashi_tetuzuki/bosai_saigai/3/4053.html
2520/3066 200 https://www.city.kazuno.lg.jp/kosodate_kyoiku/gakkokyoiku/gakkokyushoku_1/14442.html
2521/3066 200 https://www.city.kazuno.lg.jp/soshiki/ikiikikenko/kodomo-katei-center/gyomu/2_1/11773.html
2522/3066 200 https://www.city.kazuno.lg.jp/kosodate_kyoiku/ninshin_shussan_kosodate/6/1/14549.html
2533/3066 200 https://www.city.yurihonjo.lg.jp/1001572/1001652/1007569/1012933.html
2529/3066 200 https://www.city.yurihonjo.lg.jp/
2530/3066 200 https://www.city.yurihonjo.lg.jp/1000007/1002049/1003795.html
2523/3066 200 https://www.city.kazuno.lg.jp/kosodate_kyoiku/ninshin_shussan_kosodate/6/1/3632.html
2525/3066 200 https://www.city.kazuno.lg.jp/kurashi_tetuzuki/kankyo_gomi_pet/2/3082.html
2532/3066 200 https://www.city.yurihonjo.lg.jp/1000007/1002051/1002071/1003871.html
2531/3066 200 https://www.city.yurihonjo.lg.jp/1000007/1002051/1002066/1009714.html
2527/3066 200 https://www.city.kazuno.lg.jp/soshiki/somu/kikikanri/gyomu/1/2/8794.html
2534/3066 200 https://www.city.yurihonjo.lg.jp/1000007/1002050/1003911.html
2536/3066 200 https://www.city.yurihonjo.lg.jp/1000002/1001865/1001926/1013135.html
2535/3066 200 https://www.city.yurihonjo.lg.jp/1000007/1002051/1002066/1012807.html
2538/3066 200 https://www.city.yurihonjo.lg.jp/1000005/1001972/1001981/1004117.html
2537/3066 200 https://www.city.yurihonjo.lg.jp/1001506/1001551/1001583/1001688/1012253.html
2544/3066 200 https://www.city.katagami.lg.jp/soshiki/fukushihoken/kosodateouenka/shisetsuuneishien/kosodate_1/6129.html
2546/3066 200 https://www.city.katagami.lg.jp/soshiki/kensetsubu/toshikensetsu/toshikeikaku/993.html
2539/3066 200 https://www.city.katagami.lg.jp/
2540/3066 200 https://www.city.katagami.lg.jp/soshiki/fukushihoken/shakaifukushi/shakaifukushi/1099.html
2542/3066 200 https://www.city.katagami.lg.jp/soshiki/kyoikuiinkai_kyoiku/kyouikusoumu/somugakuji/shugakuenjo/731.html
2541/3066 200 https://www.city.katagami.lg.jp/soshiki/fukushihoken/kosodateouenka/shisetsuuneishien/kosodate_1/977.html
2543/3066 200 https://www.city.katagami.lg.jp/soshiki/fukushihoken/kosodateouenka/kodomokenkoushien/hahatoko/4994.html
2545/3066 200 https://www.city.katagami.lg.jp/soshiki/fukushihoken/kosodateouenka/shisetsuuneishien/kosodate_1/472.html
2548/3066 200 https://www.city.katagami.lg.jp/soshiki/somu/somu/kikikanri/bosai/5382.html
2547/3066 200 https://www.city.katagami.lg.jp/soshiki/shiminseikatsu/chiikidukurika/kurinsenta/gomi/435.html
2561/3066 403 https://www.city.kitaakita.akita.jp/genre/kurashi/kokuho_nenkin/maruhuku
2560/3066 403 https://www.city.kitaakita.akita.jp/
2556/3066 200 https://www.city.daisen.lg.jp/archive/contents-10226
2553/3066 200 https://www.city.daisen.lg.jp/archive/p20250519085825
2570/3066 200 https://www.city.nikaho.akita.jp/gyosei/iryo_kenko_fukushi/iryo_kenko/iryojosei/6208.html
2562/3066 403 https://www.city.kitaakita.akita.jp/archive/contents-190
2563/3066 403 https://www.city.kitaakita.akita.jp/uploads/public/archive_0000006496_00/%E3%80%90%E4%BB%A4%E5%92%8C%EF%BC%97%E5%B9%B4%E5%BA%A6%EF%BD%9E%E4%BB%A4%E5%92%8C%EF%BC%99%E5%B9%B4%E5%BA%A6%E3%80%91%E7%AC%AC%EF%BC%92%E6%AC%A1%E5%8C%97%E7%A7%8B%E7%94%B0%E5%B8%82%E7%B7%8F%E5%90%88%E8%A8%88%E7%94%BB_%E5%AE%9F%E6%96%BD%E8%A8%88%E7%94%BB.pdf
2572/3066 200 https://www.city.nikaho.akita.jp/soshikikarasagasu/fukushijimushokosodateshienka/gyomuannai/1914.html
2571/3066 200 https://www.city.nikaho.akita.jp/soshikikarasagasu/fukushijimushokosodateshienka/gyomuannai/5909.html
2564/3066 403 https://www.city.kitaakita.akita.jp/uploads/public/archive_0000006248_00/R7/0424teirei_siryou.pdf
2567/3066 403 https://www.city.kitaakita.akita.jp/genre/kurashi/seikatsu_kankyou/gomi
2551/3066 200 https://www.city.daisen.lg.jp/archive/contents-12332
2554/3066 200 https://www.city.daisen.lg.jp/archive/p20240926170249
2565/3066 403 https://www.city.kitaakita.akita.jp/genre/shigoto/p15661/kosodate_hoken
2566/3066 403 https://www.city.kitaakita.akita.jp/archive/contents-5793
2577/3066 200 https://www.city.nikaho.akita.jp/soshikikarasagasu/seikatsukankyoka/gyomuannai/1/2/981.html
2573/3066 200 https://www.city.nikaho.akita.jp/soshikikarasagasu/gakkokyoikuka/hojokin_joseikin/1684.html
2574/3066 200 https://www.city.nikaho.akita.jp/soshikikarasagasu/fukushijimushokosodateshienka/gyomuannai/4_1/1/1800.html
2568/3066 403 https://www.city.kitaakita.akita.jp/genre/shigoto/soumu_soumu/kikikanri
2569/3066 200 https://www.city.nikaho.akita.jp/
2550/3066 200 https://www.city.daisen.lg.jp/archive/contents-10821
2575/3066 200 https://www.city.nikaho.akita.jp/soshikikarasagasu/fukushijimushokosodateshienka/gyomuannai/3/1/1/1484.html
2576/3066 200 https://www.city.nikaho.akita.jp/soshikikarasagasu/kensetsuka/hojokin_joseikin/4148.html
2552/3066 200 https://www.city.daisen.lg.jp/archive/contents-10468
2578/3066 200 https://www.city.nikaho.akita.jp/soshikikarasagasu/bosaika/gyomuannai/1/2/1/4831.html
2557/3066 200 https://www.city.daisen.lg.jp/archive/contents-14061
2555/3066 200 https://www.city.daisen.lg.jp/archive/p20260225142055
2559/3066 200 https://www.city.daisen.lg.jp/archive/contents-10962
2580/3066 200 https://www.city.semboku.akita.jp/citizens/06_02.html
2579/3066 200 https://www.city.semboku.akita.jp/
2558/3066 200 https://www.city.daisen.lg.jp/archive/contents-9635
2581/3066 200 https://www.city.semboku.akita.jp/citizens/09.html
2584/3066 200 https://www.city.semboku.akita.jp/citizens/neuvola/index.html
2583/3066 200 https://www.city.semboku.akita.jp/citizens/11_14.html
2586/3066 200 https://www.city.semboku.akita.jp/egukite/teijyu_syorei.html
2582/3066 200 https://www.city.semboku.akita.jp/news_topics/whatsnew.php?id=4739
2585/3066 200 https://www.city.semboku.akita.jp/citizens/09_17.html
2588/3066 200 https://www.city.semboku.akita.jp/citizens/04_06.html
2587/3066 200 https://www.city.semboku.akita.jp/citizens/04.html
2589/3066 200 https://www.city.semboku.akita.jp/cybermap/hzd/hazardmap.html
2590/3066 200 https://www.town.kosaka.akita.jp/
2595/3066 200 https://www.town.kosaka.akita.jp/kurashi_gyosei/kosodate_kyoiku/ninshin_shussan/2932.html
2596/3066 200 https://www.town.kosaka.akita.jp/material/files/group/10/2025041601.pdf
2598/3066 200 https://www.town.kosaka.akita.jp/machinososhiki/chominka/chominseikatsuhan/1/184.html
2591/3066 200 https://www.town.kosaka.akita.jp/machinososhiki/chominka/chominseikatsuhan/5/1053.html
2592/3066 200 https://www.town.kosaka.akita.jp/iju_teiju/kosodate_kekkon/2628.html
2593/3066 200 https://www.town.kosaka.akita.jp/iju_teiju/kosodate_kekkon/2625.html
2594/3066 200 https://www.town.kosaka.akita.jp/machinososhiki/kyoikuiinkaijimukyoku/somuhan/315.html
2597/3066 200 https://www.town.kosaka.akita.jp/machinososhiki/somuka/kikakuzaiseihan/2/203.html
2599/3066 200 https://www.town.kosaka.akita.jp/machinososhiki/somuka/somukanzaihan/6/2/164.html
2607/3066 200 https://www.vill.kamikoani.akita.jp/info/99
2605/3066 200 https://www.vill.kamikoani.akita.jp/info/756
2604/3066 200 https://www.vill.kamikoani.akita.jp/info/736
2603/3066 200 https://www.vill.kamikoani.akita.jp/info/29
2601/3066 200 https://www.vill.kamikoani.akita.jp/info/151
2624/3066 200 https://www.town.mitane.akita.jp/kosodate_kyoiku/hoikuen_yochien/4032.html
2606/3066 200 https://www.vill.kamikoani.akita.jp/info/519
2602/3066 200 https://www.vill.kamikoani.akita.jp/info/755
2600/3066 200 https://www.vill.kamikoani.akita.jp/
2614/3066 200 https://www.town.fujisato.akita.jp/town/soshiki/c58/gakkoukyouiku/youtien/3283
2609/3066 200 https://www.town.fujisato.akita.jp/lifeevent/c33/c451/717
2608/3066 200 https://www.town.fujisato.akita.jp/
2616/3066 200 https://www.town.fujisato.akita.jp/kurashi/c32/c49/45
2610/3066 200 https://www.town.fujisato.akita.jp/kosodate/c112/1603
2613/3066 200 https://www.town.fujisato.akita.jp/lifeevent/c33/3143
2618/3066 200 https://www.town.mitane.akita.jp/
2622/3066 200 https://www.town.mitane.akita.jp/soshikikarasagasu/kyoikuiinkaijimukyoku/4/564.html
2617/3066 200 https://www.town.fujisato.akita.jp/shobo/c151/c210/786
2625/3066 200 https://www.town.mitane.akita.jp/soshikikarasagasu/kikakuseisakuka/1/713.html
2626/3066 200 https://www.town.mitane.akita.jp/soshikikarasagasu/chominseikatsuka/2/3758.html
2619/3066 200 https://www.town.mitane.akita.jp/soshikikarasagasu/kenkosuishinka/1/252.html
2621/3066 200 https://www.town.mitane.akita.jp/kosodate_kyoiku/hoikuen_yochien/1959.html
2623/3066 200 https://www.town.mitane.akita.jp/soshikikarasagasu/kenkosuishinka/3/3862.html
2620/3066 200 https://www.town.mitane.akita.jp/soshikikarasagasu/fukushika/1/3871.html
2627/3066 200 https://www.town.mitane.akita.jp/soshikikarasagasu/chominseikatsuka/3/3031.html
2549/3066 200 https://www.city.daisen.lg.jp/
2611/3066 403 https://www1.g-reiki.net/town.fujisato.akita/reiki_honbun/c324RG00000294.html
2612/3066 403 https://www1.g-reiki.net/town.fujisato.akita/reiki_honbun/c324RG00000299.html
2615/3066 403 https://www1.g-reiki.net/town.fujisato.akita/reiki_honbun/c324RG00000112.html
2633/3066 200 https://www.town.happo.lg.jp/uploads/public/archive_0000002863_00/%EF%BC%94%E6%9C%88%E5%8F%B7/240%5B01-28%5D.pdf
2638/3066 200 https://www.town.gojome.akita.jp/
2639/3066 200 https://www.town.gojome.akita.jp/kenkouiryoufukusi/hukusi/1962
2628/3066 200 https://www.town.happo.lg.jp/
2640/3066 200 https://www.town.gojome.akita.jp/town/sosikiannai/machi/koho/2987
2641/3066 404 https://www.town.gojome.akita.jp/up/files/kenkouiryoufukusi/kosodate/01_siori.pdf
2643/3066 200 https://www.town.gojome.akita.jp/kenkouiryoufukusi/hoken/boshi/1521
2642/3066 200 https://www.town.gojome.akita.jp/kyouikubunkasisetu/kyouiku/2041
2644/3066 200 https://www.town.gojome.akita.jp/town/sosikiannai/machi/koho/3080
2645/3066 200 https://www.town.gojome.akita.jp/kurashi/sumai/3039
2647/3066 200 https://www.town.gojome.akita.jp/bosai-anzen/bosai/hazardmap/1473.html
2646/3066 200 https://www.town.gojome.akita.jp/kurashi/gomirisaikuru/2505
2629/3066 200 https://www.town.happo.lg.jp/archive/contents-244
2649/3066 200 https://www.town.hachirogata.akita.jp/kenko/1001497/1001702.html
2648/3066 200 https://www.town.hachirogata.akita.jp/
2651/3066 200 https://www.town.hachirogata.akita.jp/kosodate/1001489/1003274.html
2653/3066 200 https://www.town.hachirogata.akita.jp/kosodate/1001490/1002472.html
2652/3066 200 https://www.town.hachirogata.akita.jp/_res/projects/default_project/_page_/001/004/489/kaigiroku0801.pdf
2654/3066 200 https://www.town.hachirogata.akita.jp/kosodate/1001488/index.html
2650/3066 200 https://www.town.hachirogata.akita.jp/kosodate/1001485/index.html
2630/3066 200 https://www.town.happo.lg.jp/genre/kurashi/lifeevent/kosodate
2631/3066 200 https://www.town.happo.lg.jp/archive/p20230215123721
2655/3066 200 https://www.town.hachirogata.akita.jp/kosodate/1001485/1004475.html
2656/3066 200 https://www.town.hachirogata.akita.jp/kurashi/1001474/1001647.html
2657/3066 200 https://www.town.hachirogata.akita.jp/kurashi/1001473/1001642.html
2632/3066 200 https://www.town.happo.lg.jp/archive/p20251209093915
2634/3066 200 https://www.town.happo.lg.jp/archive/contents-165
2635/3066 200 https://www.town.happo.lg.jp/archive/contents-65
2658/3066 200 https://www.town.hachirogata.akita.jp/kurashi/1001457/1001461/1001595.html
2637/3066 200 https://www.town.happo.lg.jp/archive/contents-129
2636/3066 200 https://www.town.happo.lg.jp/archive/contents-75
2668/3066 200 https://www.vill.ogata.akita.jp/
2659/3066 200 https://www.town.ikawa.akita.jp/
2660/3066 200 https://www.town.ikawa.akita.jp/page/1549.html
2661/3066 200 https://www.town.ikawa.akita.jp/life/2/13/
2662/3066 200 https://www.town.ikawa.akita.jp/page/1358.html
2663/3066 200 https://www.town.ikawa.akita.jp/reiki/reiki_honbun/c331RG00000451.html
2664/3066 200 https://www.town.ikawa.akita.jp/soshiki/7/
2666/3066 200 https://www.town.ikawa.akita.jp/page/1551.html
2665/3066 200 https://www.town.ikawa.akita.jp/page/1575.html
2667/3066 200 https://www.town.ikawa.akita.jp/page/4485.html
2681/3066 200 https://www.town.misato.akita.jp/uploads/public/archive_0000002343_00/202601_koho-all.pdf
2669/3066 200 https://www.vill.ogata.akita.jp/archive/contents-199
2671/3066 200 https://www.vill.ogata.akita.jp/genre/education/p20260527141105
2670/3066 200 https://www.vill.ogata.akita.jp/genre/education/p20240201133608
2672/3066 200 https://www.vill.ogata.akita.jp/archive/p20260417174230
2673/3066 200 https://www.vill.ogata.akita.jp/news/p20260219171410
2682/3066 200 https://www.town.misato.akita.jp/uploads/public/archive_0000000155_00/r07-12t-03-1211.pdf
2675/3066 200 https://www.vill.ogata.akita.jp/archive/contents-13
2674/3066 200 https://www.vill.ogata.akita.jp/archive/contents-16
2676/3066 200 https://www.vill.ogata.akita.jp/archive/contents-12
2694/3066 200 https://www.town.ugo.lg.jp/life/detail.html?category_id=5&id=2986
2696/3066 200 https://www.town.ugo.lg.jp/life/detail.html?category_id=168&id=2548
2695/3066 200 https://www.town.ugo.lg.jp/life/detail.html?category_id=189&id=3351
2692/3066 200 https://www.town.ugo.lg.jp/life/detail.html?category_id=74&id=2493
2690/3066 200 https://www.town.ugo.lg.jp/life/detail.html?category_id=200&id=69
2691/3066 200 https://www.town.ugo.lg.jp/life/detail.html?category_id=74&id=136
2693/3066 200 https://www.town.ugo.lg.jp/life/detail.html?category_id=75&id=2291
2699/3066 200 https://vill.higashinaruse.lg.jp/
2697/3066 200 https://www.town.ugo.lg.jp/life/detail.html?category_id=160&id=167
2700/3066 200 https://vill.higashinaruse.lg.jp/villager/welfare/fukushi-iryou/post-24300/
2698/3066 200 https://www.town.ugo.lg.jp/life/detail.html?category_id=37&id=2399
2678/3066 200 https://www.town.misato.akita.jp/archive/contents-4016
2677/3066 200 https://www.town.misato.akita.jp/
2702/3066 200 https://vill.higashinaruse.lg.jp/iju/
2701/3066 200 https://vill.higashinaruse.lg.jp/sonmin/welfare/
2704/3066 200 https://vill.higashinaruse.lg.jp/villager/parenting/kekkon/post-23169/
2703/3066 200 https://vill.higashinaruse.lg.jp/villager/parenting/post-29137/
2684/3066 200 https://www.town.misato.akita.jp/archive/contents-4909
2680/3066 200 https://www.town.misato.akita.jp/archive/contents-787
2705/3066 200 https://vill.higashinaruse.lg.jp/sonmin/page-24971/
2706/3066 200 https://vill.higashinaruse.lg.jp/hazardmap/index.html
2689/3066 200 https://www.town.ugo.lg.jp/
2688/3066 200 https://www.town.misato.akita.jp/archive/contents-4577
2683/3066 200 https://www.town.misato.akita.jp/archive/contents-832/
2685/3066 200 https://www.town.misato.akita.jp/archive/p20260218092122
2687/3066 200 https://www.town.misato.akita.jp/archive/contents-642
2686/3066 200 https://www.town.misato.akita.jp/archive/contents-659/
2679/3066 200 https://www.town.misato.akita.jp/kyoiku_kosodate/791
2707/3066 200 https://www.city.yamagata-yamagata.lg.jp/
2708/3066 200 https://www.city.yamagata-yamagata.lg.jp/kosodatekyoiku/kosodate/1006613/1002149.html
2720/3066 200 https://www.city.yonezawa.yamagata.jp/kosodate/growth/10943.html
2709/3066 200 https://www.city.yamagata-yamagata.lg.jp/kosodatekyoiku/hoiku/1006620/1005899.html
2710/3066 200 https://www.city.yamagata-yamagata.lg.jp/kosodatekyoiku/hoiku/1006617/1005909.html
2712/3066 200 https://www.city.yamagata-yamagata.lg.jp/kosodatekyoiku/kosodate/1006606/1007234/1005991.html
2711/3066 200 https://www.city.yamagata-yamagata.lg.jp/kosodatekyoiku/school/1006636/1002291.html
2714/3066 200 https://www.city.yamagata-yamagata.lg.jp/kurashi/tochi/1007258/1003551.html
2713/3066 200 https://www.city.yamagata-yamagata.lg.jp/kosodatekyoiku/hoiku/1006620/1018699.html
2716/3066 200 https://www.city.yamagata-yamagata.lg.jp/kurashi/bousai/1006395/1012705.html
2717/3066 200 https://www.city.yonezawa.yamagata.jp/
2718/3066 200 https://www.city.yonezawa.yamagata.jp/kosodate/growth/10941.html
2715/3066 200 https://www.city.yamagata-yamagata.lg.jp/kurashi/gomi/1006506/1006508/1001914.html
2719/3066 200 https://www.city.yonezawa.yamagata.jp/scene/kosodate/2/7478.html
2722/3066 404 https://www.city.yonezawa.yamagata.jp/kosodate/ninshin_shussan_kenko/5301.html
2724/3066 200 https://www.city.yonezawa.yamagata.jp/soshiki/6/1026/2/1/10858.html
2723/3066 200 https://www.city.yonezawa.yamagata.jp/soshiki/4/1015/1/2/8/index.html
2721/3066 200 https://www.city.yonezawa.yamagata.jp/kosodate/growth/10975.html
2726/3066 200 https://www.city.yonezawa.yamagata.jp/category/bosai_anzen/1/3/5360.html
2725/3066 200 https://www.city.yonezawa.yamagata.jp/soshiki/3/kankyo/1/1/dasikata/924.html
2727/3066 200 https://www.city.tsuruoka.lg.jp/
2730/3066 200 https://www.city.tsuruoka.lg.jp/kyoiku/nyuen/adukeru/hoikuryoumusyouka.html
2729/3066 200 https://www.city.tsuruoka.lg.jp/kyoiku/kosodate/enjyo/kosodate01byouji.html
2738/3066 200 https://www.city.sakata.lg.jp/kosodate/kosodate/kosodateshien/kosodate-sieniryou.html
2728/3066 200 https://www.city.tsuruoka.lg.jp/kyoiku/nenrei/zero/kosodatesieniryou.html
2732/3066 200 https://www.city.tsuruoka.lg.jp/kyoiku/ninshin/shien/kodomokateisangokea.html
2731/3066 200 https://www.city.tsuruoka.lg.jp/kyoiku/gakko/kyushoku/kyusyoku20260703.html
2737/3066 200 https://www.city.sakata.lg.jp/
2740/3066 200 https://www.city.sakata.lg.jp/kosodate/kosodate/hoikuen/kosodate02202209.html
2739/3066 200 https://www.city.sakata.lg.jp/kosodate/kosodate/hoikuen/byouji-byougo.html
2743/3066 200 https://www.city.sakata.lg.jp/kosodate/kosodate/hoikuen/kosodate0220251224.html
2742/3066 200 https://www.city.sakata.lg.jp/kosodate/ninshin/kakusyujyosei/gyuttostart.html
2745/3066 200 https://www.city.sakata.lg.jp/jyutaku/jyutaku/jyutakushikin/reform.html
2744/3066 200 https://www.city.sakata.lg.jp/kosodate/kosodate/kosodateoyakudachi/ichijiazukari2026.html
2741/3066 200 https://www.city.sakata.lg.jp/kosodate/kyouiku/school/kyuusyokuhikaitei.html
2746/3066 200 https://www.city.sakata.lg.jp/kurashi/gomi/gomidashikata/gomijiten/sodai_tairyou.html
2747/3066 200 https://www.city.sakata.lg.jp/bousai/index.html
2733/3066 200 https://www.city.tsuruoka.lg.jp/kyoiku/nyuen/adukeru/daretuu.html
2734/3066 200 https://www.city.tsuruoka.lg.jp/kurashi/jyutaku/kenchiku/kenthiku0320220.html
2736/3066 200 https://www.city.tsuruoka.lg.jp/anzen/hazardmap/index.html
2735/3066 200 https://www.city.tsuruoka.lg.jp/kurashi/gomi-seikatsu/gomishigen/sodai.html
2752/3066 200 https://www.city.shinjo.yamagata.jp/s017/20260412123632.html
2753/3066 200 https://www.city.shinjo.yamagata.jp/s009/20220414115736.html
2751/3066 200 https://www.city.shinjo.yamagata.jp/s007/030/010/20230616153203.html
2755/3066 200 https://www.city.shinjo.yamagata.jp/s012/080/000/20210328152300.html
2756/3066 200 https://www.city.shinjo.yamagata.jp/s008/100/010/20150303190940.html
2759/3066 200 https://www.city.sagae.yamagata.jp/kosodatekyoiku/kosodatehoiku/kenshin/iryou/kosodate_sieniryou.html
2758/3066 200 https://www.city.sagae.yamagata.jp/
2760/3066 200 https://www.city.sagae.yamagata.jp/kosodatekyoiku/kosodatehoiku/hoiku/azukarisa-bisu/sagaebyouzibyougozi.html
2749/3066 200 https://www.city.shinjo.yamagata.jp/s007/060/20150225202800.html
2761/3066 200 https://www.city.sagae.yamagata.jp/shisei/zaisei/R8yosanangaiyou.files/R8yosangaiyou.pdf
2765/3066 200 https://www.city.sagae.yamagata.jp/kurashi/sumai/jyutaku/jyutakushien/kosodateteizyu.html
2763/3066 200 https://www.city.sagae.yamagata.jp/kosodatekyoiku/ninsinsyussan/syussango/sangokea.html
2762/3066 200 https://www.city.sagae.yamagata.jp/kosodatekyoiku/kyoiku/kyusyoku/kyushokuhi-zyosei.html
2764/3066 200 https://www.city.sagae.yamagata.jp/kosodatekyoiku/kosodatehoiku/hoiku/azukarisa-bisu/sagaenyujitoutuuen.html
2766/3066 200 https://www.city.sagae.yamagata.jp/kurashi/gomi/bunbetu/discretion.html
2767/3066 200 https://www.city.sagae.yamagata.jp/bousai/sonae/bousaimap.html
2774/3066 200 https://www.city.kaminoyama.yamagata.jp/soshiki/50/kodomo-hoiku-daretu20260401.html
2775/3066 200 https://www.city.kaminoyama.yamagata.jp/soshiki/12/km20141218.html
2772/3066 200 https://www.city.kaminoyama.yamagata.jp/soshiki/24/km201300007.html
2777/3066 200 https://www.city.kaminoyama.yamagata.jp/soshiki/2/bousaifile2.html
2776/3066 200 https://www.city.kaminoyama.yamagata.jp/uploaded/attachment/26326.pdf
2769/3066 200 https://www.city.kaminoyama.yamagata.jp/soshiki/7/fukushi.html
2768/3066 200 https://www.city.kaminoyama.yamagata.jp/
2771/3066 200 https://www.city.kaminoyama.yamagata.jp/soshiki/50/hoikuryou.html
2770/3066 200 https://www.city.kaminoyama.yamagata.jp/soshiki/50/kaminoyama-byojihoiku.html
2788/3066 200 https://www.city.nagai.yamagata.jp/
2773/3066 200 https://www.city.kaminoyama.yamagata.jp/soshiki/50/syussanngo-support.html
2789/3066 200 https://www.city.nagai.yamagata.jp/soshiki/shimin/103/202/1/1130.html
2790/3066 200 https://www.city.nagai.yamagata.jp/kosodate_kyoiku/hoiku_service/3280.html
2781/3066 200 https://www.city.murayama.lg.jp/kurashi/kosodate/hoikushisetsu/hoikuryoshien/hoikuryou-hangaku.html
2792/3066 200 https://www.city.nagai.yamagata.jp/soshiki/gakkokyouiku/102/207/11496.html
2796/3066 200 https://www.city.nagai.yamagata.jp/soshiki/shimin/101/206/1/9521.html
2783/3066 200 https://www.city.murayama.lg.jp/kurashi/kosodate/syusan/sangokea.html
2786/3066 200 https://www.city.murayama.lg.jp/kurashi/shizen/gomi/shiyouryou.html
2791/3066 200 https://www.city.nagai.yamagata.jp/soshiki/kosodatesuishin/102/203/1/1474.html
2793/3066 200 https://www.city.nagai.yamagata.jp/kosodate_kyoiku/ninshin_shussan_iryo/13861.html
2795/3066 200 https://www.city.nagai.yamagata.jp/soshiki/kensetsu/101/204/1/3/16085.html
2794/3066 200 https://www.city.nagai.yamagata.jp/kosodate_kyoiku/hoiku_service/16409.html
2797/3066 200 https://www.city.nagai.yamagata.jp/kurashi_tetsuzuki/bosai/1/1/8065.html
2750/3066 200 https://www.city.shinjo.yamagata.jp/s007/111/20171106142657.html
2748/3066 200 https://www.city.shinjo.yamagata.jp/
2754/3066 200 https://www.city.shinjo.yamagata.jp/s007/020/r8_daretuu.html
2801/3066 200 https://www.city.tendo.yamagata.jp/lifeinfo/kosodate/dai3si.html
2798/3066 200 https://www.city.tendo.yamagata.jp/
2800/3066 200 https://www.city.tendo.yamagata.jp/lifeinfo/kosodate/biyougoji.html
2799/3066 200 https://www.city.tendo.yamagata.jp/lifeinfo/kosodate/iryo-kyuhu.html
2802/3066 200 https://www.city.tendo.yamagata.jp/lifeinfo/kyouiku/kyushoku-gaiyo.html
2803/3066 200 https://www.city.tendo.yamagata.jp/lifeinfo/ninshin/kodomoga-umare.html
2804/3066 200 https://www.city.tendo.yamagata.jp/lifeinfo/kosodate/daredemotuen.html
2805/3066 200 https://www.city.tendo.yamagata.jp/lifeinfo/sumai/reform-sougoushienn.html
2782/3066 200 https://www.city.murayama.lg.jp/kurashi/gakko/kyoikuiinkai/kyouikuiinnkaigi.html
2757/3066 200 https://www.city.shinjo.yamagata.jp/s050/020/015/20200110090355.html
2806/3066 200 https://www.city.tendo.yamagata.jp/lifeinfo/gomi/gominodasikata.html
2807/3066 200 https://www.city.tendo.yamagata.jp/lifeinfo/bousai/kouzuiHM.html
2785/3066 200 https://www.city.murayama.lg.jp/kurashi/josei/josei/sintikutoti.html
2809/3066 200 https://www.city.higashine.yamagata.jp/section_list/section007/hukushiiryo/157
2808/3066 200 https://www.city.higashine.yamagata.jp/
2779/3066 200 https://www.city.murayama.lg.jp/kurashi/hukushiiryou/hoken_maruko.html
2780/3066 200 https://www.city.murayama.lg.jp/kurashi/kosodate/kosodate_zenpan/byoujihoiku/byoujihoiku.html
2784/3066 200 https://www.city.murayama.lg.jp/kurashi/kosodate/kosodate_zenpan/nyuyouji/daredemotuen.html
2811/3066 200 https://www.city.higashine.yamagata.jp/section_list/section029/hoiku-servic/700
2787/3066 200 https://www.city.murayama.lg.jp/kurashi/anzen_anshin/saigai/bousaimap_haza-domap/bousaimap.html
2778/3066 200 https://www.city.murayama.lg.jp/
2813/3066 200 https://www.city.higashine.yamagata.jp/section_list/section029/1837
2810/3066 200 https://www.city.higashine.yamagata.jp/section_list/section029/hoiku-servic/1786
2812/3066 200 https://www.city.higashine.yamagata.jp/section_list/section001/room/878
2817/3066 200 https://www.city.higashine.yamagata.jp/administration/information/471
2815/3066 200 https://www.city.higashine.yamagata.jp/news/1418
2814/3066 200 https://www.city.higashine.yamagata.jp/section_list/section029/hoiku-servic/3445
2816/3066 200 https://www.city.higashine.yamagata.jp/section_list/section008/183
2819/3066 200 https://www.city.obanazawa.yamagata.jp/fukushi/iryohi-josei/638
2818/3066 200 https://www.city.obanazawa.yamagata.jp/
2821/3066 200 https://www.city.obanazawa.yamagata.jp/ogare/azukeru/hoikuen/1094
2822/3066 200 https://www.city.obanazawa.yamagata.jp/files/original/2026031916571799869132137.pdf
2820/3066 200 https://www.city.obanazawa.yamagata.jp/ogare/azukeru/1098
2823/3066 200 https://www.city.obanazawa.yamagata.jp/kosodate-bunka/kyoiku-iinkai/
2825/3066 200 https://www.city.obanazawa.yamagata.jp/ogare/azukeru/1097
2826/3066 200 https://www.city.obanazawa.yamagata.jp/kurashi/yuki/524
2828/3066 200 https://www.city.obanazawa.yamagata.jp/kurashi/kikikanri/bosai/
2838/3066 200 https://www.town.yamanobe.yamagata.jp/soshiki/7/202412maruko.html
2837/3066 200 https://www.town.yamanobe.yamagata.jp/
2824/3066 200 https://www.city.obanazawa.yamagata.jp/fukushi/boshihoken/2876
2840/3066 200 https://www.town.yamanobe.yamagata.jp/soshiki/8/hoiku.html
2841/3066 200 https://www.town.yamanobe.yamagata.jp/soshiki/8/hoikushoriyou2025.html
2839/3066 200 https://www.town.yamanobe.yamagata.jp/life/2/10/57/
2829/3066 fetch failed https://www.city.nanyo.yamagata.jp/
2831/3066 fetch failed https://www.city.nanyo.yamagata.jp/seikatuhoikuen/2969
2832/3066 fetch failed https://www.city.nanyo.yamagata.jp/kanri/1472
2830/3066 fetch failed https://www.city.nanyo.yamagata.jp/seiaktukosodate/836
2834/3066 fetch failed https://www.city.nanyo.yamagata.jp/kekonsuisin/6087
2833/3066 fetch failed https://www.city.nanyo.yamagata.jp/sukoyaka/5762
2842/3066 200 https://www.town.yamanobe.yamagata.jp/soshiki/12.html
2843/3066 200 https://www.town.yamanobe.yamagata.jp/soshiki/19/hoken-boshi.html
2844/3066 200 https://www.town.yamanobe.yamagata.jp/soshiki/8/kodomodaredemo.html
2827/3066 200 https://www.city.obanazawa.yamagata.jp/kurashi/kankyo/gomi/373
2836/3066 fetch failed https://www.city.nanyo.yamagata.jp/bousai/
2835/3066 fetch failed https://www.city.nanyo.yamagata.jp/gomidasikata/
2845/3066 404 https://www.town.yamanobe.yamagata.jp/soshiki/10/zyuutaku7.html
2846/3066 200 https://www.town.yamanobe.yamagata.jp/soshiki/7/sodaigomi.html
2847/3066 200 https://www.town.yamanobe.yamagata.jp/soshiki/29/disasterpreventionmap.html
2850/3066 200 https://www.town.nakayama.yamagata.jp/soshiki/kenkou_fukushi/kosodateshien/ChildRearingSupport/2483.html
2849/3066 200 https://www.town.nakayama.yamagata.jp/soshiki/jumin_zeimu/jumin/129.html
2848/3066 200 https://www.town.nakayama.yamagata.jp/
2855/3066 200 https://www.town.nakayama.yamagata.jp/soshiki/seisaku/machidukurisuishin/2056.html
2853/3066 200 https://www.town.nakayama.yamagata.jp/soshiki/kenkou_fukushi/kosodateshien/ChildRearingSupport/1721.html
2857/3066 200 https://www.town.nakayama.yamagata.jp/soshiki/somu_kouho/kikikanri/1262.html
2851/3066 200 https://www.town.nakayama.yamagata.jp/soshiki/kenkou_fukushi/kosodateshien/HoikuenYouchien/2826.html
2852/3066 200 https://www.town.nakayama.yamagata.jp/section/reiki/reiki_honbun/c416RG00001352.html
2854/3066 200 https://www.town.nakayama.yamagata.jp/soshiki/kenkou_fukushi/kosodateshien/ChildRearingSupport/3034.html
2856/3066 200 https://www.town.nakayama.yamagata.jp/material/files/group/6/121.pdf
2865/3066 200 https://www.town.kahoku.yamagata.jp/soshiki/machizukurisuishinka/wakamono_zyosei_matizukuri/izyuu_teizyuu/sumai/5873.html
2864/3066 404 https://www.town.kahoku.yamagata.jp/soshiki/7741.html
2867/3066 200 https://www.town.kahoku.yamagata.jp/soshiki/bousaikikikannri/bousai_kikikanrikaka/3535/index.html
2859/3066 200 https://www.town.kahoku.yamagata.jp/soshiki/zei/kokuhoiryoukakari/3401/531.html
2858/3066 200 https://www.town.kahoku.yamagata.jp/
2861/3066 200 https://www.town.kahoku.yamagata.jp/kosodate_kyouiku/hoikusyo_kodomoen_youtien/5849.html
2860/3066 200 https://www.town.kahoku.yamagata.jp/soshiki/kodomomiraika/byougozihoikusisetu/index.html
2862/3066 200 https://www.town.kahoku.yamagata.jp/soshiki/somuka/soumu/3224/7675.html
2863/3066 200 https://www.town.kahoku.yamagata.jp/raihusi-nkarasagasu/ninsin_syussan/3035.html
2866/3066 200 https://www.town.kahoku.yamagata.jp/kurasi_tetuzuki/gomi/kateigomi/1924.html
2869/3066 200 https://www.town.nishikawa.yamagata.jp/soshiki/kenko/1117.html
2868/3066 200 https://www.town.nishikawa.yamagata.jp/
2871/3066 200 https://www.town.nishikawa.yamagata.jp/site/hoikuen/1079.html
2870/3066 200 https://www.town.nishikawa.yamagata.jp/site/hoikuen/2238.html
2872/3066 200 https://www.town.nishikawa.yamagata.jp/site/e-nishikawa/
2873/3066 200 https://www.town.nishikawa.yamagata.jp/soshiki/kenko/6600.html
2874/3066 200 https://www.town.nishikawa.yamagata.jp/site/hoikuen/1075.html
2877/3066 200 https://www.town.nishikawa.yamagata.jp/soshiki/somu/2580.html
2876/3066 200 https://www.town.nishikawa.yamagata.jp/soshiki/chomin/7168.html
2875/3066 200 https://www.town.nishikawa.yamagata.jp/soshiki/kensetsu/9378.html
2879/3066 200 https://www.town.asahi.yamagata.jp/portal/soshikinogoannai/kenkofukushika/kodomokateisenta/4/2450.html
2878/3066 200 https://www.town.asahi.yamagata.jp/
2880/3066 200 https://www.town.asahi.yamagata.jp/portal/soshikinogoannai/kenkofukushika/kodomokateisenta/4/7436.html
2881/3066 200 https://www.town.asahi.yamagata.jp/portal/soshikinogoannai/kenkofukushika/kodomokateisenta/4/6266.html
2887/3066 200 https://www.town.asahi.yamagata.jp/portal/soshikinogoannai/somuka/bosaigakari/3/6/1530.html
2883/3066 200 https://www.town.asahi.yamagata.jp/portal/soshikinogoannai/kenkofukushika/hokeniryougakari/3/7454.html
2882/3066 200 https://www.town.asahi.yamagata.jp/portal/soshikinogoannai/kenkofukushika/kodomokateisenta/4/1619.html
2884/3066 200 https://www.town.asahi.yamagata.jp/portal/life/kosodate/10622.html
2885/3066 200 https://www.town.asahi.yamagata.jp/portal/soshikinogoannai/seisakusuishinka/chiikishinkogakari/1/8989.html
2886/3066 200 https://www.town.asahi.yamagata.jp/portal/soshikinogoannai/somuka/bosaigakari/3_1/1/8112.html
2888/3066 200 https://www.town.oe.yamagata.jp/
2889/3066 200 https://www.town.oe.yamagata.jp/childcare-learning/kosodate/ikuji/1284
2890/3066 200 https://www.town.oe.yamagata.jp/oegurashi/iju-kosodate/
2893/3066 200 https://www.town.oe.yamagata.jp/childcare-learning/pregnant/1562
2891/3066 200 https://www.town.oe.yamagata.jp/childcare-learning/kosodate/hoikuen/1405
2892/3066 200 https://www.town.oe.yamagata.jp/childcare-learning/schooling/kyouiku-josei/147
2895/3066 200 https://www.town.oe.yamagata.jp/announce/1583
2894/3066 200 https://www.town.oe.yamagata.jp/childcare-learning/kosodate/kodomodaredemo/
2901/3066 200 https://www.town.oishida.yamagata.jp/life/kekkokosodatekyouiku/koikuenjidoukan/r3hoikuennnyuusyo.html
2902/3066 200 https://www.town.oishida.yamagata.jp/life/kekkokosodatekyouiku/kyouiku/kyouikuhousinn.html
2897/3066 200 https://www.town.oe.yamagata.jp/organization/div01/sec003/34
2898/3066 200 https://www.town.oishida.yamagata.jp/
2900/3066 200 https://www.town.oishida.yamagata.jp/life/kekkokosodatekyouiku/kosodatesien/kosodateguide.html
2896/3066 200 https://www.town.oe.yamagata.jp/news/1275
2906/3066 200 https://www.town.oishida.yamagata.jp/life/gomikankyou/gomicalender.html
2903/3066 200 https://www.town.oishida.yamagata.jp/life/kekkokosodatekyouiku/kosodatesien/sangokea.html
2904/3066 200 https://www.town.oishida.yamagata.jp/life/kekkokosodatekyouiku/kosodatesien/kodomodaredemotuuenn.html
2905/3066 200 https://www.town.oishida.yamagata.jp/life/jyuutaku/housingrenoassist.html
2907/3066 200 https://www.town.oishida.yamagata.jp/life/iza/bousaimap/bosaimap.html
2908/3066 200 https://www.town.kaneyama.yamagata.jp/
2911/3066 200 https://www.town.kaneyama.yamagata.jp/machinososhiki/kenkofukushika/kosodateshienshitu/3/2128.html
2910/3066 200 https://www.town.kaneyama.yamagata.jp/kurashi/kosodate_kyoiku/kosodate/hoiku/1673.html
2909/3066 200 https://www.town.kaneyama.yamagata.jp/machinososhiki/kenkofukushika/iryokaigogakari/4/527.html
2913/3066 200 https://www.town.kaneyama.yamagata.jp/machinososhiki/kenkofukushika/kenkokakari/2/2503.html
2912/3066 200 https://www.town.kaneyama.yamagata.jp/material/files/group/3/R8setumeiyoushi.pdf
2914/3066 200 https://www.town.kaneyama.yamagata.jp/machinososhiki/kenkofukushika/kosodateshienshitu/4/4627.html
2915/3066 200 https://www.town.kaneyama.yamagata.jp/machinososhiki/kenkofukushika/kosodateshienshitu/ohisama/4084.html
2916/3066 200 https://www.town.kaneyama.yamagata.jp/machinososhiki/matidukuri/keikanteijyu/keikan/2/1771.html
2917/3066 200 https://www.town.kaneyama.yamagata.jp/kurashi/kurashi_tetsuzuki/seikatsukankyo/gomi_recycle/797.html
2919/3066 200 https://town.mogami.lg.jp/
2899/3066 200 https://www.town.oishida.yamagata.jp/life/kekkokosodatekyouiku/jidou_iryouH3008.html
2918/3066 200 https://www.town.kaneyama.yamagata.jp/kurashi/anshin_anzen/bosai/hazardmap/index.html
2920/3066 200 https://town.mogami.lg.jp/child/03kosodate-shien/14kosodate-jyosei.php
2921/3066 200 https://town.mogami.lg.jp/child/03kosodate-shien/03kosodate-shien.php
2922/3066 200 https://town.mogami.lg.jp/child/05child-edu/03youji.php
2923/3066 200 https://town.mogami.lg.jp/life/02shisetsu/01kyuusyoku.php
2924/3066 200 https://town.mogami.lg.jp/child/02boshihoken/09sango-care.php
2925/3066 200 https://town.mogami.lg.jp/child/04shin/01kosodate-shien-center.php
2926/3066 200 https://town.mogami.lg.jp/data/news/news_view.php?news_id=43
2927/3066 200 https://town.mogami.lg.jp/life/05gomi/03calender.php
2933/3066 200 https://www.town.funagata.yamagata.jp/s006/sugata/010/010/210/120/kouhou805all.pdf
2929/3066 200 https://www.town.funagata.yamagata.jp/
2931/3066 200 https://www.town.funagata.yamagata.jp/s017/kosodate/060/210/20200114013000.html
2930/3066 200 https://www.town.funagata.yamagata.jp/s015/kosodate/030/210/20200116023000.html
2932/3066 200 https://www.town.funagata.yamagata.jp/s015/kosodate/080/210/20200116025000.html
2934/3066 200 https://www.town.funagata.yamagata.jp/s017/kosodate/100/510/20200124000000.html
2936/3066 200 https://www.town.funagata.yamagata.jp/s013/kurashi/150/230/20200118011000.html
2937/3066 200 https://www.town.funagata.yamagata.jp/s014/kurashi/170/030/240/20200119043000.html
2935/3066 200 https://www.town.funagata.yamagata.jp/s022/sugata/060/010/210/20200120023000.html
2940/3066 200 https://www.town.mamurogawa.yamagata.jp/kosodate_kyoiku/shussan_kosodate/index.html
2938/3066 200 https://www.town.mamurogawa.yamagata.jp/
2939/3066 200 https://www.town.mamurogawa.yamagata.jp/iryo_kenko_fukushi/fukushi_kaigo/1911.html
2941/3066 200 https://www.town.mamurogawa.yamagata.jp/kosodate_kyoiku/nyuen_nyugaku/4889.html
2943/3066 200 https://www.town.mamurogawa.yamagata.jp/soshiki/chomin/1/9/1/537.html
2942/3066 200 https://www.town.mamurogawa.yamagata.jp/material/files/group/2/R8yosangaiyo.pdf
2944/3066 200 https://www.town.mamurogawa.yamagata.jp/kosodate_kyoiku/shussan_kosodate/5343.html
2945/3066 200 https://www.town.mamurogawa.yamagata.jp/soshiki/kensetsu/1/1/1/542.html
2946/3066 200 https://www.town.mamurogawa.yamagata.jp/soshiki/chomin/1/1/2/1115.html
2947/3066 200 https://www.town.mamurogawa.yamagata.jp/soshiki/somu/2/14/1463.html
2948/3066 200 https://www.vill.ohkura.yamagata.jp/
2949/3066 200 https://www.vill.ohkura.yamagata.jp/soshikikarasagasu/juminzeimuka/gyomuannai/1/2_1/592.html
2951/3066 200 https://www.vill.ohkura.yamagata.jp/soshikikarasagasu/kyoikuiinkai/gyomuannai/2_1/573.html
2950/3066 200 https://www.vill.ohkura.yamagata.jp/kosodate_kyoiku/ikuji_mishugakuji/support_mishugakuji/index.html
2953/3066 200 https://www.vill.ohkura.yamagata.jp/iryo_kenko_fukushi/iryo_kenko/2382.html
2952/3066 200 https://www.vill.ohkura.yamagata.jp/kosodate_kyoiku/index.html
2928/3066 200 https://town.mogami.lg.jp/life/06bousai/12bousaibon.php
2954/3066 200 https://www.vill.ohkura.yamagata.jp/kosodate_kyoiku/ikuji_mishugakuji/support_mishugakuji/2343.html
2955/3066 200 https://www.vill.ohkura.yamagata.jp/soshikikarasagasu/chiikiseibika/gyomuannai/5/501.html
2956/3066 200 https://www.vill.ohkura.yamagata.jp/kurashi_tetsuzuki/gomi_recycle/kateigomi/1132.html
2957/3066 200 https://www.vill.ohkura.yamagata.jp/soshikikarasagasu/kikikanrishitsu/gyomuannai/1/3/1/543.html
2958/3066 200 https://www.vill.sakegawa.yamagata.jp/
2960/3066 200 https://www.vill.sakegawa.yamagata.jp/kosodate/ninshin-syussan/68
2964/3066 200 https://www.vill.sakegawa.yamagata.jp/seikatsu/gomi-recycle/1672
2959/3066 200 https://www.vill.sakegawa.yamagata.jp/seikatsu/hoken-nenkin/453
2961/3066 200 https://www.vill.sakegawa.yamagata.jp/topics/334
2963/3066 200 https://www.vill.sakegawa.yamagata.jp/seikatsu/jyutaku/1690
2962/3066 200 https://www.vill.sakegawa.yamagata.jp/kosodate/ninshin-syussan/1573
2965/3066 200 https://www.vill.sakegawa.yamagata.jp/seikatsu/bousai/64
2972/3066 200 https://www.vill.tozawa.yamagata.jp/files/libs/3542/202511121442542467.pdf
2976/3066 200 https://www.town.takahata.yamagata.jp/
2992/3066 200 https://www.town.kawanishi.yamagata.jp/kenko/hoikuen/0804tayori.pdf
2977/3066 200 https://www.town.takahata.yamagata.jp/soshiki/5/1167.html
2979/3066 200 https://www.town.takahata.yamagata.jp/site/kosodate/1383.html
2978/3066 200 https://www.town.takahata.yamagata.jp/site/kosodate/1377.html
2980/3066 200 https://www.town.takahata.yamagata.jp/soshiki/13/1512.html
2983/3066 200 https://www.town.takahata.yamagata.jp/soshiki/10/1422.html
2982/3066 200 https://www.town.takahata.yamagata.jp/site/kosodate/1386.html
2981/3066 200 https://www.town.takahata.yamagata.jp/site/kosodate/1366.html
2984/3066 200 https://www.town.takahata.yamagata.jp/soshiki/5/1157.html
2986/3066 200 https://www.town.kawanishi.yamagata.jp/
2987/3066 200 https://www.town.kawanishi.yamagata.jp/kenko/iryohijosei/2021-0119-1338-17.html
2967/3066 200 https://www.vill.tozawa.yamagata.jp/pages/252/
2989/3066 200 https://www.town.kawanishi.yamagata.jp/kenko/kosodateshien/2019-0903-2111-68.html
2988/3066 200 https://www.town.kawanishi.yamagata.jp/kenko/kosodateshien/bijogigennkihoikuen_byojihoiku.html
2990/3066 200 https://www.town.kawanishi.yamagata.jp/kyoiku/syogakukin/gimukyouiku.html
2991/3066 200 https://www.town.kawanishi.yamagata.jp/kenko/ninshin/2022-1012-1428-67.html
2994/3066 200 https://www.town.kawanishi.yamagata.jp/kurashi/jutaku/jyuutaku2026.html
2993/3066 200 https://town.kawanishi.yamagata.jp/kenko/kosodateshien/2024-0906-1025-68.html
2996/3066 200 https://www.town.kawanishi.yamagata.jp/kurashi/bosai/bosaimap.html
2995/3066 200 https://www.town.kawanishi.yamagata.jp/kurashi/gomi/2023-0228-1348-77.html
2966/3066 200 https://www.vill.tozawa.yamagata.jp/
2969/3066 200 https://www.vill.tozawa.yamagata.jp/life/kosodate/nyusho_tetsuzuki/
2974/3066 200 https://www.vill.tozawa.yamagata.jp/life/seikatsu_kotsu_jutaku/gomi/
3000/3066 200 https://www.town.oguni.yamagata.jp/soshiki/kenkou/5020.html
2999/3066 200 https://www.town.oguni.yamagata.jp/soshiki/kenkou/4254.html
2997/3066 200 https://www.town.oguni.yamagata.jp/
2998/3066 200 https://www.town.oguni.yamagata.jp/soshiki/choumin/1437.html
3004/3066 200 https://www.town.oguni.yamagata.jp/site/ogoodlife/subsidy.html
2970/3066 200 https://www.vill.tozawa.yamagata.jp/pages/199/
3002/3066 200 https://www.town.oguni.yamagata.jp/soshiki/kenkou/8951.html
3005/3066 200 https://www.town.oguni.yamagata.jp/soshiki/choumin/5073.html
3001/3066 200 https://www.town.oguni.yamagata.jp/soshiki/kyouiku/1419.html
3003/3066 200 https://www.town.oguni.yamagata.jp/soshiki/kenkou/6132.html
3006/3066 200 https://www.town.oguni.yamagata.jp/soshiki/choumin/1563.html
2968/3066 200 https://www.vill.tozawa.yamagata.jp/life/kosodate/
2971/3066 200 https://www.vill.tozawa.yamagata.jp/life/kosodate/boshihoken/
2985/3066 200 https://www.town.takahata.yamagata.jp/kurashi/juminnokatahe/bosaishouboukokuminhogo/bousai/bousaimappu/1486.html
3008/3066 200 https://www.town.shirataka.lg.jp/1649.htm
3007/3066 200 https://www.town.shirataka.lg.jp/
2975/3066 200 https://www.vill.tozawa.yamagata.jp/life/bosai/hazardmap/
3009/3066 200 https://www.town.shirataka.lg.jp/2406.htm
3010/3066 200 https://www.town.shirataka.lg.jp/1431.htm
3012/3066 200 https://www.town.shirataka.lg.jp/1113.htm
3011/3066 200 https://www.town.shirataka.lg.jp/1052.htm
3013/3066 200 https://www.town.shirataka.lg.jp/2383.htm
3014/3066 200 https://www.town.shirataka.lg.jp/1188.htm
3015/3066 200 https://www.town.shirataka.lg.jp/1204.htm
3016/3066 200 https://www.town.shirataka.lg.jp/1589.htm
2973/3066 200 https://www.kankoh.vill.tozawa.yamagata.jp/kosodateouenjutaku/
3017/3066 200 https://www.town.iide.yamagata.jp/
3026/3066 200 https://www.town.iide.yamagata.jp/005/gbg_bg.html
3027/3066 200 https://www.town.iide.yamagata.jp/013/2021_hazard-map.html
3018/3066 200 https://www.town.iide.yamagata.jp/005/kosodatesieniryousyou.html
3021/3066 200 https://www.town.iide.yamagata.jp/007/KyusyokuMusyouka.html
3019/3066 200 https://www.town.iide.yamagata.jp/001/teijyuu_kekkonkosodate.html
3020/3066 200 https://www.town.iide.yamagata.jp/reiki_int/reiki_honbun/c433RG00000262.html
3025/3066 200 https://www.town.iide.yamagata.jp/003/R8rifomu.html
3024/3066 200 https://www.town.iide.yamagata.jp/007/ichijihoiku_iide.html
3022/3066 200 https://www.town.iide.yamagata.jp/002/sangokeajigyo.html
3023/3066 200 https://www.town.iide.yamagata.jp/002/kodomodaredemo.html
3033/3066 200 https://www.town.mikawa.yamagata.jp/child/ninshin/kenkousangokeajigyou.html
3032/3066 200 https://www.town.mikawa.yamagata.jp/child/nyugaku/gakkou08201611.html
3035/3066 200 https://www.town.mikawa.yamagata.jp/child/kosodate/shien-center.html
3034/3066 200 https://www.town.mikawa.yamagata.jp/child/kosodate/daredemotuuenseido.html
3036/3066 200 https://www.town.mikawa.yamagata.jp/kurashi/sumai/shien/jutakureform.html
3031/3066 200 https://www.town.mikawa.yamagata.jp/child/nyuen/hoikuenhoikuryo.html
3029/3066 200 https://www.town.mikawa.yamagata.jp/child/teate/iryou.html
3038/3066 200 https://www.town.mikawa.yamagata.jp/kurashi/kikikanri/bousai/hazard.html
3037/3066 200 https://www.town.mikawa.yamagata.jp/kurashi/haikibutu/gomi/bulkygarbage.html
3028/3066 200 https://www.town.mikawa.yamagata.jp/
3030/3066 200 https://www.town.mikawa.yamagata.jp/child/kosodate/byoujihoiku.html
3059/3066 200 https://www.town.yuza.yamagata.jp/uploads/contents/archive_0000003941_00/%E3%80%90%E9%81%8A%E4%BD%90%E7%94%BA%E7%89%88%E3%80%91%E5%88%A9%E7%94%A8%E8%80%85%E5%90%91%E3%81%91%E3%83%AA%E3%83%BC%E3%83%95%E3%83%AC%E3%83%83%E3%83%88.pdf
3044/3066 200 https://www.town.shonai.lg.jp/kurashi/kosodate/bosihoken/akachangaumaretara/sanngokeajigyou.html
3040/3066 200 https://www.town.shonai.lg.jp/kurashi/kosodate/shien/kosodateshien_iryo.html
3039/3066 200 https://www.town.shonai.lg.jp/
3043/3066 200 https://www.town.shonai.lg.jp/kurashi/kosodate/syugaku/syugakuenzyo.html
3046/3066 200 https://www.town.shonai.lg.jp/kurashi/kurashi/zyuutaku/kensetsu0320220321115915724.html
3047/3066 200 https://www.town.shonai.lg.jp/kurashi/gomi/gomi/sodaigomi.html
3048/3066 200 https://www.town.shonai.lg.jp/kurashi/bousai/saigai/map-web/index.html
3056/3066 200 https://www.town.yuza.yamagata.jp/reiki/reiki_honbun/c442RG00001091.html
3055/3066 200 https://www.town.yuza.yamagata.jp/reiki/reiki_honbun/c442RG00001077.html
3041/3066 200 https://www.town.shonai.lg.jp/kurashi/kosodate/byuoujihoiku.html
3062/3066 200 https://www.town.yuza.yamagata.jp/gomi-navi
3050/3066 200 https://www.town.yuza.yamagata.jp/archive/contents-402
3053/3066 200 https://www.town.yuza.yamagata.jp/archive/contents-547
3058/3066 200 https://www.town.yuza.yamagata.jp/genre/section/kenkofukushi/kosodate
3060/3066 200 https://www.town.yuza.yamagata.jp/archive/p20260305185813
3054/3066 200 https://www.town.yuza.yamagata.jp/archive/contents-552
3057/3066 200 https://www.town.yuza.yamagata.jp/archive/p20251031151239
3045/3066 200 https://www.town.shonai.lg.jp/kurashi/kosodate/shien/kodomodaredemo.html
3052/3066 200 https://www.town.yuza.yamagata.jp/archive/p20250918165512
3061/3066 200 https://www.town.yuza.yamagata.jp/archive/p20260213133350
3051/3066 200 https://www.town.yuza.yamagata.jp/archive/contents-545
3063/3066 200 https://www.town.yuza.yamagata.jp/genre/living/environment/garbage
3049/3066 200 https://www.town.yuza.yamagata.jp/
3066/3066 200 https://www.town.yuza.yamagata.jp/genre/bousai-portal
3064/3066 200 https://www.town.yuza.yamagata.jp/genre/living/safety
3065/3066 200 https://www.town.yuza.yamagata.jp/archive/259
3042/3066 206 https://www.town.shonai.lg.jp/kurashi/kosodate/hoikuen/kosodate0120250918135420190.html
file:///home/runner/work/ALLSUNDAY1122.github.io/ALLSUNDAY1122.github.io/jichitai-compare/scripts/temp-north-b-horizontal-audit.mjs:193
  anyoneChildcareCompletenessCandidates,
  ^

ReferenceError: anyoneChildcareCompletenessCandidates is not defined
    at file:///home/runner/work/ALLSUNDAY1122.github.io/ALLSUNDAY1122.github.io/jichitai-compare/scripts/temp-north-b-horizontal-audit.mjs:193:3
    at process.processTicksAndRejections (node:internal/process/task_queues:95:5)

Node.js v20.20.2
