id	sourceExam	questionNo	subject	domain	question	choices_json	answer_type	answer_json	accepted_answers_json	scoring_status	requires_media	choiceParseStatus	correctionStatus_json	caseGroupId	source_url	answer_source_url	effective_date	rights_basis
P111-001	111	1	必須	物理・化学・生物	水 100 mL に、ある有機溶媒 100 mL を加えると二液相が形成され、上層が水相 となった。この有機溶媒はどれか。１つ選べ。	"[""ジエチルエーテル"",""1‑オクタノール"",""‑ヘキサン"",""トルエン"",""クロロホルム""]"	singleChoice	4	null	normal	false	parsed	"[""none""]"		https://www.mhlw.go.jp/content/001677927.pdf	https://www.mhlw.go.jp/content/001677933.pdf	2026-02-22	MHLW website content under Public Data License 1.0 unless separately indicated; third-party content requires separate review
P111-002	111	2	必須	物理・化学・生物	イオン強度 を求める式として正しいのはどれか。１つ選べ。ただし、 はイオ ン種 のモル濃度、 はそのイオンの電荷である。	"[""＝∑"",""＝∑ 2"",""＝∑ 2 ＝ ∑"",""2 ∑"",""＝ 2""]"	singleChoice	4	null	normal	false	parsed	"[""none""]"		https://www.mhlw.go.jp/content/001677927.pdf	https://www.mhlw.go.jp/content/001677933.pdf	2026-02-22	MHLW website content under Public Data License 1.0 unless separately indicated; third-party content requires separate review
P111-003	111	3	必須	物理・化学・生物	ある薬物の分解反応を異なる温度で行い、その反応速度定数 の対数（ln ）を 縦軸に、絶対温度 の逆数（1/ ）を横軸にとってプロットした場合、アレニウ スの式に従っているのはどれか。１つ選べ。	[]	singleChoice	0	null	normal	true	no_choice_sequence	"[""none""]"		https://www.mhlw.go.jp/content/001677927.pdf	https://www.mhlw.go.jp/content/001677933.pdf	2026-02-22	MHLW website content under Public Data License 1.0 unless separately indicated; third-party content requires separate review
P111-004	111	4	必須	物理・化学・生物	吸光度 1.0 を透過率で表すといくらか。１つ選べ。ただし、吸光度の測定に用い たセルの層長は 1.0 cm とする。	"[""1.0％"",""10％"",""50％"",""90％"",""99％""]"	singleChoice	1	null	normal	false	parsed	"[""none""]"		https://www.mhlw.go.jp/content/001677927.pdf	https://www.mhlw.go.jp/content/001677933.pdf	2026-02-22	MHLW website content under Public Data License 1.0 unless separately indicated; third-party content requires separate review
P111-005	111	5	必須	物理・化学・生物	採取した 1 つの均質な検体から同じように調製した多数の試料を 1 回ずつ分析 し、得られた測定値の分布を、真の値を 100.0 としてヒストグラムに表した。真度 及び精度ともに高いのはどれか。１つ選べ。ただし、分析した試料数は同じであ る。	[]	singleChoice	3	null	normal	true	no_choice_sequence	"[""none""]"		https://www.mhlw.go.jp/content/001677927.pdf	https://www.mhlw.go.jp/content/001677933.pdf	2026-02-22	MHLW website content under Public Data License 1.0 unless separately indicated; third-party content requires separate review
P111-006	111	6	必須	物理・化学・生物	薬物中の塩基性官能基を中和するベシル酸の化学構造（分子形）として、正しい のはどれか。１つ選べ。	[]	singleChoice	1	null	normal	true	no_choice_sequence	"[""none""]"		https://www.mhlw.go.jp/content/001677927.pdf	https://www.mhlw.go.jp/content/001677933.pdf	2026-02-22	MHLW website content under Public Data License 1.0 unless separately indicated; third-party content requires separate review
P111-007	111	7	必須	物理・化学・生物	一酸化窒素はラジカル分子である。そのルイス構造式はどれか。１つ選べ。	[]	singleChoice	0	null	normal	true	no_choice_sequence	"[""none""]"		https://www.mhlw.go.jp/content/001677927.pdf	https://www.mhlw.go.jp/content/001677933.pdf	2026-02-22	MHLW website content under Public Data License 1.0 unless separately indicated; third-party content requires separate review
P111-008	111	8	必須	物理・化学・生物	芳香環を除く二重結合が、 配置であるのはどれか。１つ選べ。	[]	singleChoice	2	null	normal	true	no_choice_sequence	"[""none""]"		https://www.mhlw.go.jp/content/001677927.pdf	https://www.mhlw.go.jp/content/001677933.pdf	2026-02-22	MHLW website content under Public Data License 1.0 unless separately indicated; third-party content requires separate review
P111-009	111	9	必須	物理・化学・生物	芳香族性を示さないのはどれか。１つ選べ。	[]	singleChoice	2	null	normal	true	no_choice_sequence	"[""none""]"		https://www.mhlw.go.jp/content/001677927.pdf	https://www.mhlw.go.jp/content/001677933.pdf	2026-02-22	MHLW website content under Public Data License 1.0 unless separately indicated; third-party content requires separate review
P111-010	111	10	必須	物理・化学・生物	下図に示した植物由来の化合物が含む部分構造はどれか。１つ選べ。	"[""リグナン"",""クロモン"",""フラノクマリン"",""ジテルペン"",""アントラキノン""]"	singleChoice	2	null	normal	true	parsed	"[""none""]"		https://www.mhlw.go.jp/content/001677927.pdf	https://www.mhlw.go.jp/content/001677933.pdf	2026-02-22	MHLW website content under Public Data License 1.0 unless separately indicated; third-party content requires separate review
P111-011	111	11	必須	物理・化学・生物	下図は、ヒト男性の泌尿器及び生殖器を含む下腹部の正中矢状断面図である。 前立腺はどれか。１つ選べ。	[]	singleChoice	3	null	normal	true	no_choice_sequence	"[""none""]"		https://www.mhlw.go.jp/content/001677927.pdf	https://www.mhlw.go.jp/content/001677933.pdf	2026-02-22	MHLW website content under Public Data License 1.0 unless separately indicated; third-party content requires separate review
P111-012	111	12	必須	物理・化学・生物	ペントースリン酸回路の中で NADPH を生じる反応の基質はどれか。１つ選べ。	"[""グルコース 1‑リン酸"",""グルコース 6‑リン酸"",""フルクトース 6‑リン酸"",""グリセルアルデヒド 3‑リン酸"",""ホスホエノールピルビン酸""]"	singleChoice	1	null	normal	false	parsed	"[""none""]"		https://www.mhlw.go.jp/content/001677927.pdf	https://www.mhlw.go.jp/content/001677933.pdf	2026-02-22	MHLW website content under Public Data License 1.0 unless separately indicated; third-party content requires separate review
P111-013	111	13	必須	物理・化学・生物	一次（中枢）リンパ器官はどれか。１つ選べ。	"[""脾臓"",""リンパ節"",""胸腺"",""扁桃"",""パイエル板""]"	singleChoice	2	null	normal	false	parsed	"[""none""]"		https://www.mhlw.go.jp/content/001677927.pdf	https://www.mhlw.go.jp/content/001677933.pdf	2026-02-22	MHLW website content under Public Data License 1.0 unless separately indicated; third-party content requires separate review
P111-014	111	14	必須	物理・化学・生物	ヒトでは合成されない、真菌に特異的な細胞膜成分はどれか。１つ選べ。	"[""ホスファチジルエタノールアミン"",""ホスファチジルセリン"",""スフィンゴミエリン"",""エルゴステロール"",""コレステロール""]"	singleChoice	3	null	normal	false	parsed	"[""none""]"		https://www.mhlw.go.jp/content/001677927.pdf	https://www.mhlw.go.jp/content/001677933.pdf	2026-02-22	MHLW website content under Public Data License 1.0 unless separately indicated; third-party content requires separate review
P111-015	111	15	必須	物理・化学・生物	生物種ごとに 1 セットとして定義される、すべての核酸上の遺伝情報はどれか。 １つ選べ。	"[""エキソン"",""イントロン"",""ヒストン"",""ゲノム"",""テロメア 必須問題 【衛生】""]"	singleChoice	3	null	normal	false	parsed	"[""none""]"		https://www.mhlw.go.jp/content/001677927.pdf	https://www.mhlw.go.jp/content/001677933.pdf	2026-02-22	MHLW website content under Public Data License 1.0 unless separately indicated; third-party content requires separate review
P111-016	111	16	必須	衛生	疾病の三次予防に該当するのはどれか。１つ選べ。	"[""健常者のがん検診"",""禁煙教室"",""在宅機能訓練"",""献血された血液の抗 HIV 抗体検査"",""予防接種""]"	singleChoice	2	null	normal	false	parsed	"[""none""]"		https://www.mhlw.go.jp/content/001677927.pdf	https://www.mhlw.go.jp/content/001677933.pdf	2026-02-22	MHLW website content under Public Data License 1.0 unless separately indicated; third-party content requires separate review
P111-017	111	17	必須	衛生	2019〜2023 年の 5 年間の陽性者発見率が最も高い新生児マススクリーニングの 対象疾患はどれか。１つ選べ。	"[""先天性甲状腺機能低下症"",""メープルシロップ尿症"",""フェニルケトン尿症"",""ガラクトース血症"",""先天性副腎過形成症""]"	singleChoice	0	null	normal	false	parsed	"[""none""]"		https://www.mhlw.go.jp/content/001677927.pdf	https://www.mhlw.go.jp/content/001677933.pdf	2026-02-22	MHLW website content under Public Data License 1.0 unless separately indicated; third-party content requires separate review
P111-018	111	18	必須	衛生	欠乏によりウェルニッケ脳症が引き起こされるビタミンはどれか。１つ選べ。	[]	singleChoice	1	null	normal	true	no_choice_sequence	"[""none""]"		https://www.mhlw.go.jp/content/001677927.pdf	https://www.mhlw.go.jp/content/001677933.pdf	2026-02-22	MHLW website content under Public Data License 1.0 unless separately indicated; third-party content requires separate review
P111-019	111	19	必須	衛生	「日本人の食事摂取基準（2020 年版）」において、摂取量を増やすことを目指す 栄養素として目標量が設定されているのはどれか。１つ選べ。	"[""ナイアシン"",""ビオチン"",""カリウム"",""ナトリウム"",""リン""]"	singleChoice	2	null	normal	false	parsed	"[""none""]"		https://www.mhlw.go.jp/content/001677927.pdf	https://www.mhlw.go.jp/content/001677933.pdf	2026-02-22	MHLW website content under Public Data License 1.0 unless separately indicated; third-party content requires separate review
P111-020	111	20	必須	衛生	適量の摂取により、冠動脈疾患や心不全の予防に寄与するのはどれか。１つ選 べ。	"[""ステアリン酸"",""ドコサヘキサエン酸"",""エライジン酸"",""パルミチン酸"",""アラキドン酸""]"	singleChoice	1	null	normal	false	parsed	"[""none""]"		https://www.mhlw.go.jp/content/001677927.pdf	https://www.mhlw.go.jp/content/001677933.pdf	2026-02-22	MHLW website content under Public Data License 1.0 unless separately indicated; third-party content requires separate review
P111-021	111	21	必須	衛生	スイセンによる食中毒の原因物質はどれか。１つ選べ。	"[""アコニチン"",""アミグダリン"",""コルヒチン"",""チャコニン"",""リコリン""]"	singleChoice	4	null	normal	false	parsed	"[""none""]"		https://www.mhlw.go.jp/content/001677927.pdf	https://www.mhlw.go.jp/content/001677933.pdf	2026-02-22	MHLW website content under Public Data License 1.0 unless separately indicated; third-party content requires separate review
P111-022	111	22	必須	衛生	生体内の活性酸素種を消去する、ヒトのカタラーゼの活性中心を構成する金属 元素はどれか。１つ選べ。	"[""モリブデン"",""亜鉛"",""銅"",""セレン"",""鉄""]"	singleChoice	4	null	normal	false	parsed	"[""none""]"		https://www.mhlw.go.jp/content/001677927.pdf	https://www.mhlw.go.jp/content/001677933.pdf	2026-02-22	MHLW website content under Public Data License 1.0 unless separately indicated; third-party content requires separate review
P111-023	111	23	必須	衛生	ヒドロキソコバラミンを解毒薬として用いる中毒原因物質はどれか。１つ選べ。	"[""モルヒネ"",""タリウム"",""鉛"",""シアン化カリウム"",""アニリン""]"	singleChoice	3	null	normal	false	parsed	"[""none""]"		https://www.mhlw.go.jp/content/001677927.pdf	https://www.mhlw.go.jp/content/001677933.pdf	2026-02-22	MHLW website content under Public Data License 1.0 unless separately indicated; third-party content requires separate review
P111-024	111	24	必須	衛生	オゾン層破壊作用はないが、地球温暖化の抑制を目的としてモントリオール議 定書キガリ改正（注）の規制対象となっているのはどれか。１つ選べ。 （注）モントリオール議定書キガリ改正：オゾン層を破壊する物質に関するモント リオール議定書キガリ改正	"[""ブロモフルオロカーボン"",""臭化メチル"",""クロロフルオロカーボン"",""ハイドロフルオロカーボン"",""ハイドロクロロフルオロカーボン""]"	singleChoice	3	null	normal	false	parsed	"[""none""]"		https://www.mhlw.go.jp/content/001677927.pdf	https://www.mhlw.go.jp/content/001677933.pdf	2026-02-22	MHLW website content under Public Data License 1.0 unless separately indicated; third-party content requires separate review
P111-025	111	25	必須	衛生	水質汚濁防止法において、健康に係る有害物質についての排水基準の許容濃度 として「検出されないこと」となっているのはどれか。１つ選べ。	"[""六価クロム化合物"",""アルキル水銀化合物"",""カドミウム及びその化合物"",""大腸菌"",""ポリ塩化ビフェニル 必須問題 【薬理】""]"	singleChoice	1	null	normal	false	parsed	"[""none""]"		https://www.mhlw.go.jp/content/001677927.pdf	https://www.mhlw.go.jp/content/001677933.pdf	2026-02-22	MHLW website content under Public Data License 1.0 unless separately indicated; third-party content requires separate review
P111-026	111	26	必須	薬理	Gi タンパク質共役型受容体はどれか。１つ選べ。	"[""アドレナリン α2 受容体"",""アセチルコリン M3 受容体"",""γ‑アミノ酪酸 GABAA 受容体"",""ヒスタミン H2 受容体"",""インスリン受容体""]"	singleChoice	0	null	normal	false	parsed	"[""none""]"		https://www.mhlw.go.jp/content/001677927.pdf	https://www.mhlw.go.jp/content/001677933.pdf	2026-02-22	MHLW website content under Public Data License 1.0 unless separately indicated; third-party content requires separate review
P111-027	111	27	必須	薬理	リドカインの局所麻酔作用の機序はどれか。１つ選べ。	"[""電位依存性 Na＋ チャネルの遮断"",""電位依存性 Ca2＋ チャネルの遮断"",""電位依存性 K＋ チャネルの活性化"",""ヒスタミン H1 受容体の遮断"",""オピオイド μ 受容体の刺激""]"	singleChoice	0	null	normal	false	parsed	"[""none""]"		https://www.mhlw.go.jp/content/001677927.pdf	https://www.mhlw.go.jp/content/001677933.pdf	2026-02-22	MHLW website content under Public Data License 1.0 unless separately indicated; third-party content requires separate review
P111-028	111	28	必須	薬理	γ‑アミノ酪酸 GABAA 受容体のベンゾジアゼピン結合部位に結合し、麻酔作用 を示すのはどれか。１つ選べ。	"[""デクスメデトミジン"",""チオペンタール"",""ドロペリドール"",""ミダゾラム"",""ケタミン""]"	singleChoice	3	null	normal	false	parsed	"[""none""]"		https://www.mhlw.go.jp/content/001677927.pdf	https://www.mhlw.go.jp/content/001677933.pdf	2026-02-22	MHLW website content under Public Data License 1.0 unless separately indicated; third-party content requires separate review
P111-029	111	29	必須	薬理	セロトニン 5‑HT2A 受容体を遮断するため、錐体外路症状が最も発現しにくい統 合失調症治療薬はどれか。１つ選べ。	"[""ハロペリドール"",""フルフェナジン"",""タンドスピロン"",""リスペリドン"",""エスシタロプラム""]"	singleChoice	3	null	normal	false	parsed	"[""none""]"		https://www.mhlw.go.jp/content/001677927.pdf	https://www.mhlw.go.jp/content/001677933.pdf	2026-02-22	MHLW website content under Public Data License 1.0 unless separately indicated; third-party content requires separate review
P111-030	111	30	必須	薬理	抗てんかん薬レベチラセタムの主な作用点はどれか。１つ選べ。	"[""電位依存性 Na＋ チャネル"",""シナプス小胞タンパク質 2A（SV2A）"",""グルタミン酸 NMDA 受容体"",""炭酸脱水酵素"",""γ‑アミノ酪酸（GABA）トランスアミナーゼ""]"	singleChoice	1	null	normal	false	parsed	"[""none""]"		https://www.mhlw.go.jp/content/001677927.pdf	https://www.mhlw.go.jp/content/001677933.pdf	2026-02-22	MHLW website content under Public Data License 1.0 unless separately indicated; third-party content requires separate review
P111-031	111	31	必須	薬理	延髄の呼吸中枢を直接刺激して、呼吸を促進させるのはどれか。１つ選べ。	"[""チペピジン"",""オキシメテバノール"",""レバロルファン"",""フルマゼニル"",""ジモルホラミン""]"	singleChoice	4	null	normal	false	parsed	"[""none""]"		https://www.mhlw.go.jp/content/001677927.pdf	https://www.mhlw.go.jp/content/001677933.pdf	2026-02-22	MHLW website content under Public Data License 1.0 unless separately indicated; third-party content requires separate review
P111-032	111	32	必須	薬理	電位依存性 Na＋ チャネルを遮断する抗不整脈薬のうち、心筋の活動電位持続時 間に影響を及ぼさないのはどれか。１つ選べ。	"[""シベンゾリン"",""ジソピラミド"",""キニジン"",""ピルシカイニド"",""メキシレチン""]"	singleChoice	3	null	normal	false	parsed	"[""none""]"		https://www.mhlw.go.jp/content/001677927.pdf	https://www.mhlw.go.jp/content/001677933.pdf	2026-02-22	MHLW website content under Public Data License 1.0 unless separately indicated; third-party content requires separate review
P111-033	111	33	必須	薬理	活性代謝物がアドレナリン α1 受容体を刺激することで、起立性低血圧を改善す るのはどれか。１つ選べ。	"[""ドブタミン"",""ミルリノン"",""ミドドリン"",""アメジニウム"",""ブクラデシン""]"	singleChoice	2	null	normal	false	parsed	"[""none""]"		https://www.mhlw.go.jp/content/001677927.pdf	https://www.mhlw.go.jp/content/001677933.pdf	2026-02-22	MHLW website content under Public Data License 1.0 unless separately indicated; third-party content requires separate review
P111-034	111	34	必須	薬理	ADP P2Y12 受容体を遮断して、血小板凝集を抑制するのはどれか。１つ選べ。	"[""ジピリダモール"",""オザグレル"",""ベラプロスト"",""プラスグレル"",""サルポグレラート""]"	singleChoice	3	null	normal	false	parsed	"[""none""]"		https://www.mhlw.go.jp/content/001677927.pdf	https://www.mhlw.go.jp/content/001677933.pdf	2026-02-22	MHLW website content under Public Data License 1.0 unless separately indicated; third-party content requires separate review
P111-035	111	35	必須	薬理	切迫流・早産の治療に用いられる選択的アドレナリン β2 受容体刺激薬はどれ か。１つ選べ。	"[""ピペリドレート"",""ジノプロスト"",""リトドリン"",""オキシトシン"",""レボノルゲストレル""]"	singleChoice	2	null	normal	false	parsed	"[""none""]"		https://www.mhlw.go.jp/content/001677927.pdf	https://www.mhlw.go.jp/content/001677933.pdf	2026-02-22	MHLW website content under Public Data License 1.0 unless separately indicated; third-party content requires separate review
P111-036	111	36	必須	薬理	胆汁酸トランスポーターを阻害し、大腸管腔内の胆汁酸量を増加させることで 便秘を改善するのはどれか。１つ選べ。	"[""ルビプロストン"",""リナクロチド"",""エロビキシバット"",""トリメブチン"",""ラモセトロン""]"	singleChoice	2	null	normal	false	parsed	"[""none""]"		https://www.mhlw.go.jp/content/001677927.pdf	https://www.mhlw.go.jp/content/001677933.pdf	2026-02-22	MHLW website content under Public Data License 1.0 unless separately indicated; third-party content requires separate review
P111-037	111	37	必須	薬理	プロタンパク質転換酵素サブチリシン/ケキシン 9 型（PCSK9）を阻害すること で、LDL 受容体の分解を抑制する脂質異常症治療薬はどれか。１つ選べ。	"[""ベザフィブラート"",""エゼチミブ"",""エボロクマブ"",""アトルバスタチン"",""ロミタピド""]"	singleChoice	2	null	normal	false	parsed	"[""none""]"		https://www.mhlw.go.jp/content/001677927.pdf	https://www.mhlw.go.jp/content/001677933.pdf	2026-02-22	MHLW website content under Public Data License 1.0 unless separately indicated; third-party content requires separate review
P111-038	111	38	必須	薬理	甲状腺ペルオキシダーゼを直接阻害することで、甲状腺ホルモンの生合成を抑 制するのはどれか。１つ選べ。	"[""プロチレリン"",""リオチロニン"",""レボチロキシン"",""プロピルチオウラシル"",""ヒトチロトロピン アルファ""]"	singleChoice	3	null	normal	false	parsed	"[""none""]"		https://www.mhlw.go.jp/content/001677927.pdf	https://www.mhlw.go.jp/content/001677933.pdf	2026-02-22	MHLW website content under Public Data License 1.0 unless separately indicated; third-party content requires separate review
P111-039	111	39	必須	薬理	感染細胞内でリン酸化されて活性体となりウイルス DNA ポリメラーゼを阻害 して、ウイルスの増殖を抑制するのはどれか。１つ選べ。	"[""アシクロビル"",""ラルテグラビル"",""レジパスビル"",""アマンタジン"",""ソホスブビル""]"	singleChoice	0	null	normal	false	parsed	"[""none""]"		https://www.mhlw.go.jp/content/001677927.pdf	https://www.mhlw.go.jp/content/001677933.pdf	2026-02-22	MHLW website content under Public Data License 1.0 unless separately indicated; third-party content requires separate review
P111-040	111	40	必須	薬理	アロマターゼを阻害することで、エストロゲン生合成を抑制する乳がん治療薬 はどれか。１つ選べ。	"[""フルベストラント"",""アナストロゾール"",""タモキシフェン"",""ゴセレリン"",""ラパチニブ 必須問題 【薬剤】""]"	singleChoice	1	null	normal	false	parsed	"[""none""]"		https://www.mhlw.go.jp/content/001677927.pdf	https://www.mhlw.go.jp/content/001677933.pdf	2026-02-22	MHLW website content under Public Data License 1.0 unless separately indicated; third-party content requires separate review
P111-041	111	41	必須	薬剤	以下の構造式で示される薬物の脳内への移行に、主として関与するトランスポー ターはどれか。１つ選べ。	"[""P‑糖タンパク質"",""有機カチオントランスポーター OCT2"",""有機アニオントランスポーター OAT3"",""中性アミノ酸トランスポーター LAT1"",""グルコーストランスポーター GLUT1""]"	singleChoice	3	null	normal	true	parsed	"[""none""]"		https://www.mhlw.go.jp/content/001677927.pdf	https://www.mhlw.go.jp/content/001677933.pdf	2026-02-22	MHLW website content under Public Data License 1.0 unless separately indicated; third-party content requires separate review
P111-042	111	42	必須	薬剤	肝初回通過効果の影響を最も大きく受ける剤形はどれか。１つ選べ。	"[""坐剤"",""点鼻剤"",""吸入剤"",""舌下錠"",""口腔内崩壊錠""]"	singleChoice	4	null	normal	false	parsed	"[""none""]"		https://www.mhlw.go.jp/content/001677927.pdf	https://www.mhlw.go.jp/content/001677933.pdf	2026-02-22	MHLW website content under Public Data License 1.0 unless separately indicated; third-party content requires separate review
P111-043	111	43	必須	薬剤	限外ろ過法を用いて算出される薬物パラメータはどれか。１つ選べ。	"[""油/水分配係数"",""酸塩基解離定数"",""血球移行率"",""血漿タンパク結合率"",""全身クリアランス""]"	singleChoice	3	null	normal	false	parsed	"[""none""]"		https://www.mhlw.go.jp/content/001677927.pdf	https://www.mhlw.go.jp/content/001677933.pdf	2026-02-22	MHLW website content under Public Data License 1.0 unless separately indicated; third-party content requires separate review
P111-044	111	44	必須	薬剤	薬物代謝酵素シトクロム P450 が局在する主な細胞内小器官はどれか。１つ選べ。	"[""エンドソーム"",""ゴルジ体"",""リソソーム"",""核"",""小胞体""]"	singleChoice	4	null	normal	false	parsed	"[""none""]"		https://www.mhlw.go.jp/content/001677927.pdf	https://www.mhlw.go.jp/content/001677933.pdf	2026-02-22	MHLW website content under Public Data License 1.0 unless separately indicated; third-party content requires separate review
P111-045	111	45	必須	薬剤	イヌリンを点滴静注するとき、定常状態における血漿中イヌリン濃度（ p）、糸 球体ろ過された直後の尿（原尿）に含まれるイヌリンの濃度（ 原尿 ）及び排泄され る尿に含まれるイヌリンの濃度（ 尿）の関係を最も適切に表しているのはどれか。 １つ選べ。	"[""p ≒ 原尿 ≒ 尿"",""p ≒ 原尿 ＞ 尿"",""p ≒ 原尿 ＜ 尿"",""p ＞ 原尿 ＞ 尿"",""p ＜ 原尿 ＜ 尿""]"	singleChoice	2	null	normal	false	parsed	"[""none""]"		https://www.mhlw.go.jp/content/001677927.pdf	https://www.mhlw.go.jp/content/001677933.pdf	2026-02-22	MHLW website content under Public Data License 1.0 unless separately indicated; third-party content requires separate review
P111-046	111	46	必須	薬剤	体内動態が線形 1‑コンパートメントモデルに従い、消失半減期が 6 時間の薬物 を、 6 時間間隔で繰り返し急速静脈内投与するとき、初回投与時の最高血中薬物濃 度（ 1 回目投与直後）の 1.75 倍の血中薬物濃度になるのはいつか。１つ選べ。	"[""2 回目投与直後"",""3 回目投与直前"",""3 回目投与直後"",""4 回目投与直前"",""4 回目投与直後""]"	singleChoice	2	null	normal	false	parsed	"[""none""]"		https://www.mhlw.go.jp/content/001677927.pdf	https://www.mhlw.go.jp/content/001677933.pdf	2026-02-22	MHLW website content under Public Data License 1.0 unless separately indicated; third-party content requires separate review
P111-047	111	47	必須	薬剤	TDM の実施が望ましい薬物のうち、臨床用量で体内動態が非線形性を示す薬物 はどれか。１つ選べ。	"[""カルバマゼピン"",""ジゴキシン"",""バンコマイシン"",""フェニトイン"",""フェノバルビタール""]"	singleChoice	3	null	normal	false	parsed	"[""none""]"		https://www.mhlw.go.jp/content/001677927.pdf	https://www.mhlw.go.jp/content/001677933.pdf	2026-02-22	MHLW website content under Public Data License 1.0 unless separately indicated; third-party content requires separate review
P111-048	111	48	必須	薬剤	下図は、ある結晶多形を有する薬物の粉末 X 線回折パターンである。非晶質は どれか。１つ選べ。	[]	singleChoice	4	null	normal	true	no_choice_sequence	"[""none""]"		https://www.mhlw.go.jp/content/001677927.pdf	https://www.mhlw.go.jp/content/001677933.pdf	2026-02-22	MHLW website content under Public Data License 1.0 unless separately indicated; third-party content requires separate review
P111-049	111	49	必須	薬剤	親油性の抗酸化剤はどれか。１つ選べ。	"[""アスコルビン酸"",""亜硫酸水素ナトリウム"",""エデト酸（EDTA）ナトリウム"",""チオ硫酸ナトリウム"",""α‑トコフェロール""]"	singleChoice	4	null	normal	false	parsed	"[""none""]"		https://www.mhlw.go.jp/content/001677927.pdf	https://www.mhlw.go.jp/content/001677933.pdf	2026-02-22	MHLW website content under Public Data License 1.0 unless separately indicated; third-party content requires separate review
P111-050	111	50	必須	薬剤	医薬品の原薬を微粉砕することによって増大するのはどれか。１つ選べ。ただ し、粉砕による二次粒子の形成はないものとする。	"[""流動性"",""充てん性"",""溶解性"",""安定性"",""結晶性""]"	singleChoice	2	null	normal	false	parsed	"[""none""]"		https://www.mhlw.go.jp/content/001677927.pdf	https://www.mhlw.go.jp/content/001677933.pdf	2026-02-22	MHLW website content under Public Data License 1.0 unless separately indicated; third-party content requires separate review
P111-051	111	51	必須	薬剤	油脂性基剤はどれか。１つ選べ。	"[""流動パラフィン"",""親水クリーム"",""加水ラノリン"",""マクロゴール軟膏"",""親水ワセリン""]"	singleChoice	0	null	normal	false	parsed	"[""none""]"		https://www.mhlw.go.jp/content/001677927.pdf	https://www.mhlw.go.jp/content/001677933.pdf	2026-02-22	MHLW website content under Public Data License 1.0 unless separately indicated; third-party content requires separate review
P111-052	111	52	必須	薬剤	日本薬局方製剤総則に規定されている製剤のうち、固形製剤、液状製剤及びエ アゾール製剤が含まれているのはどれか。１つ選べ。	"[""経口投与する製剤"",""注射により投与する製剤"",""気管支・肺に適用する製剤"",""直腸に適用する製剤"",""鼻に適用する製剤""]"	singleChoice	2	null	normal	false	parsed	"[""none""]"		https://www.mhlw.go.jp/content/001677927.pdf	https://www.mhlw.go.jp/content/001677933.pdf	2026-02-22	MHLW website content under Public Data License 1.0 unless separately indicated; third-party content requires separate review
P111-053	111	53	必須	薬剤	日本薬局方の製剤に関する一般試験法のうち、下図の装置を用いるのはどれか。 １つ選べ。	"[""製剤均一性試験法"",""展延性試験法"",""比表面積測定法"",""崩壊試験法"",""粘着力試験法""]"	singleChoice	4	null	normal	true	parsed	"[""none""]"		https://www.mhlw.go.jp/content/001677927.pdf	https://www.mhlw.go.jp/content/001677933.pdf	2026-02-22	MHLW website content under Public Data License 1.0 unless separately indicated; third-party content requires separate review
P111-054	111	54	必須	薬剤	テオフィリン徐放性製剤に代表されるスパスタブ型製剤の構造はどれか。１つ 選べ。	[]	singleChoice	0	null	normal	true	no_choice_sequence	"[""none""]"		https://www.mhlw.go.jp/content/001677927.pdf	https://www.mhlw.go.jp/content/001677933.pdf	2026-02-22	MHLW website content under Public Data License 1.0 unless separately indicated; third-party content requires separate review
P111-055	111	55	必須	薬剤	受動的ターゲティングを目的に臨床で用いられている製剤はどれか。１つ選べ。	"[""自己乳化型マイクロエマルション製剤"",""マイクロニードル製剤"",""シクロデキストリン包接体製剤"",""ポリエチレングリコール修飾リポソーム製剤"",""生分解性高分子マイクロカプセル型製剤 必須問題 【病態・薬物治療】""]"	singleChoice	3	null	normal	false	parsed	"[""none""]"		https://www.mhlw.go.jp/content/001677927.pdf	https://www.mhlw.go.jp/content/001677933.pdf	2026-02-22	MHLW website content under Public Data License 1.0 unless separately indicated; third-party content requires separate review
P111-056	111	56	必須	病態・薬物治療	2 型糖尿病を合併している統合失調症患者に対して、使用できる統合失調症治 療薬はどれか。１つ選べ。	"[""セルトラリン塩酸塩"",""オランザピン"",""クロミプラミン塩酸塩"",""ミルナシプラン塩酸塩"",""ルラシドン塩酸塩""]"	singleChoice	4	null	normal	false	parsed	"[""none""]"		https://www.mhlw.go.jp/content/001677927.pdf	https://www.mhlw.go.jp/content/001677933.pdf	2026-02-22	MHLW website content under Public Data License 1.0 unless separately indicated; third-party content requires separate review
P111-057	111	57	必須	病態・薬物治療	アンジオテンシン変換酵素（ACE）阻害薬を服用中の患者に投与禁忌なのはど れか。１つ選べ。	"[""アゾセミド"",""イバブラジン"",""カルベジロール"",""サクビトリルバルサルタン"",""ダパグリフロジン""]"	singleChoice	3	null	normal	false	parsed	"[""none""]"		https://www.mhlw.go.jp/content/001677927.pdf	https://www.mhlw.go.jp/content/001677933.pdf	2026-02-22	MHLW website content under Public Data License 1.0 unless separately indicated; third-party content requires separate review
P111-058	111	58	必須	病態・薬物治療	心収縮期に左室から左房へ血液の逆流が生じる病態はどれか。１つ選べ。	"[""僧帽弁閉鎖不全症"",""僧帽弁狭窄症"",""大動脈弁閉鎖不全症"",""大動脈弁狭窄症"",""三尖弁閉鎖不全症""]"	singleChoice	0	null	normal	false	parsed	"[""none""]"		https://www.mhlw.go.jp/content/001677927.pdf	https://www.mhlw.go.jp/content/001677933.pdf	2026-02-22	MHLW website content under Public Data License 1.0 unless separately indicated; third-party content requires separate review
P111-059	111	59	必須	病態・薬物治療	血友病の臨床検査所見はどれか。１つ選べ。	"[""赤血球数増加"",""血小板数増加"",""出血時間短縮"",""プロトロンビン時間（PT）延長"",""活性化部分トロンボプラスチン時間（APTT）延長""]"	singleChoice	4	null	normal	false	parsed	"[""none""]"		https://www.mhlw.go.jp/content/001677927.pdf	https://www.mhlw.go.jp/content/001677933.pdf	2026-02-22	MHLW website content under Public Data License 1.0 unless separately indicated; third-party content requires separate review
P111-060	111	60	必須	病態・薬物治療	A 群 β 溶連菌感染に続発することが多いのはどれか。１つ選べ。	"[""急性腎炎症候群"",""急速進行性腎炎症候群"",""慢性腎炎症候群"",""反復性/持続性血尿症候群"",""ネフローゼ症候群""]"	singleChoice	0	null	normal	false	parsed	"[""none""]"		https://www.mhlw.go.jp/content/001677927.pdf	https://www.mhlw.go.jp/content/001677933.pdf	2026-02-22	MHLW website content under Public Data License 1.0 unless separately indicated; third-party content requires separate review
P111-061	111	61	必須	病態・薬物治療	クロストリディオイデス・ディフィシル（ ）による偽膜性 大腸炎の治療に用いられるのはどれか。１つ選べ。	"[""クラリスロマイシン"",""レボフロキサシン"",""アモキシシリン"",""メトロニダゾール"",""ミノサイクリン""]"	singleChoice	3	null	normal	false	parsed	"[""none""]"		https://www.mhlw.go.jp/content/001677927.pdf	https://www.mhlw.go.jp/content/001677933.pdf	2026-02-22	MHLW website content under Public Data License 1.0 unless separately indicated; third-party content requires separate review
P111-062	111	62	必須	病態・薬物治療	糖尿病合併妊娠において血糖コントロールに用いられるのはどれか。１つ選べ。	"[""スルホニル尿素薬"",""チアゾリジン薬"",""ビグアナイド薬"",""グリニド薬"",""インスリン製剤""]"	singleChoice	4	null	normal	false	parsed	"[""none""]"		https://www.mhlw.go.jp/content/001677927.pdf	https://www.mhlw.go.jp/content/001677933.pdf	2026-02-22	MHLW website content under Public Data License 1.0 unless separately indicated; third-party content requires separate review
P111-063	111	63	必須	病態・薬物治療	クッシング症候群の症状として認められるのはどれか。１つ選べ。	"[""野牛肩"",""低血圧"",""低血糖"",""皮膚肥厚"",""発汗低下""]"	singleChoice	0	null	normal	false	parsed	"[""none""]"		https://www.mhlw.go.jp/content/001677927.pdf	https://www.mhlw.go.jp/content/001677933.pdf	2026-02-22	MHLW website content under Public Data License 1.0 unless separately indicated; third-party content requires separate review
P111-064	111	64	必須	病態・薬物治療	加齢黄斑変性の治療に用いられるのはどれか。１つ選べ。	"[""リパスジル"",""ピレノキシン"",""ビマトプロスト"",""アフリベルセプト"",""アセタゾラミド""]"	singleChoice	3	null	normal	false	parsed	"[""none""]"		https://www.mhlw.go.jp/content/001677927.pdf	https://www.mhlw.go.jp/content/001677933.pdf	2026-02-22	MHLW website content under Public Data License 1.0 unless separately indicated; third-party content requires separate review
P111-065	111	65	必須	病態・薬物治療	腸管出血性大腸菌感染症の重篤化と関連性が高いのはどれか。１つ選べ。	"[""トキシックショック症候群"",""溶血性尿毒症症候群"",""過敏性腸症候群"",""抗リン脂質抗体症候群"",""悪性症候群""]"	singleChoice	1	null	normal	false	parsed	"[""none""]"		https://www.mhlw.go.jp/content/001677927.pdf	https://www.mhlw.go.jp/content/001677933.pdf	2026-02-22	MHLW website content under Public Data License 1.0 unless separately indicated; third-party content requires separate review
P111-066	111	66	必須	病態・薬物治療	フィラデルフィア染色体陽性急性リンパ性白血病の治療に用いられるのはどれ か。１つ選べ。	"[""ゲフィチニブ"",""クリゾチニブ"",""ダサチニブ"",""セリチニブ"",""ルキソリチニブ""]"	singleChoice	2	null	normal	false	parsed	"[""none""]"		https://www.mhlw.go.jp/content/001677927.pdf	https://www.mhlw.go.jp/content/001677933.pdf	2026-02-22	MHLW website content under Public Data License 1.0 unless separately indicated; third-party content requires separate review
P111-067	111	67	必須	病態・薬物治療	前立腺がんの治療に用いられるのはどれか。１つ選べ。	"[""ナフトピジル"",""ダナゾール"",""デガレリクス"",""レトロゾール"",""タダラフィル""]"	singleChoice	2	null	normal	false	parsed	"[""none""]"		https://www.mhlw.go.jp/content/001677927.pdf	https://www.mhlw.go.jp/content/001677933.pdf	2026-02-22	MHLW website content under Public Data License 1.0 unless separately indicated; third-party content requires separate review
P111-068	111	68	必須	病態・薬物治療	血管拡張作用、利尿作用等により急性心不全の症状を改善する組換え体医薬品 はどれか。１つ選べ。	"[""インターフェロン ベータ"",""カルペリチド"",""コルホルシンダロパート"",""トルバプタン"",""フォンダパリヌクス""]"	singleChoice	1	null	normal	false	parsed	"[""none""]"		https://www.mhlw.go.jp/content/001677927.pdf	https://www.mhlw.go.jp/content/001677933.pdf	2026-02-22	MHLW website content under Public Data License 1.0 unless separately indicated; third-party content requires separate review
P111-069	111	69	必須	病態・薬物治療	症例対照研究で算出することができる統計値はどれか。１つ選べ。	"[""絶対リスク減少率"",""オッズ比"",""発症割合"",""寄与危険度"",""相対リスク""]"	singleChoice	1	null	normal	false	parsed	"[""none""]"		https://www.mhlw.go.jp/content/001677927.pdf	https://www.mhlw.go.jp/content/001677933.pdf	2026-02-22	MHLW website content under Public Data License 1.0 unless separately indicated; third-party content requires separate review
P111-070	111	70	必須	病態・薬物治療	ペムブロリズマブを投与する際に、コンパニオン診断薬によって検査する遺伝 子変異あるいはタンパク質として正しいのはどれか。１つ選べ。	"[""遺伝子変異"",""遺伝子変異"",""遺伝子変異"",""HER2 タンパク質"",""PD‑L1 タンパク質 必須問題 【法規・制度・倫理】""]"	singleChoice	4	null	normal	false	parsed	"[""none""]"		https://www.mhlw.go.jp/content/001677927.pdf	https://www.mhlw.go.jp/content/001677933.pdf	2026-02-22	MHLW website content under Public Data License 1.0 unless separately indicated; third-party content requires separate review
P111-071	111	71	必須	法規・制度・倫理	医薬品医療機器等法で薬剤師でなければならないとされているのはどれか。 １つ選べ。	"[""薬局の管理者"",""薬局の開設者"",""医薬品製造販売業者の安全管理責任者"",""医薬品製造販売業者の品質保証責任者"",""医薬品製造販売業者の医薬情報担当者""]"	singleChoice	0	null	normal	false	parsed	"[""none""]"		https://www.mhlw.go.jp/content/001677927.pdf	https://www.mhlw.go.jp/content/001677933.pdf	2026-02-22	MHLW website content under Public Data License 1.0 unless separately indicated; third-party content requires separate review
P111-072	111	72	必須	法規・制度・倫理	以下は薬剤師綱領（昭和 48 年 10 月制定）の文章である。 に入る語句 として正しいのはどれか。１つ選べ。 「薬剤師は国から付託された資格に基づき、医薬品の製造、調剤、供給において、 その固有の任務を遂行することにより、 に資することを本領とする。」	"[""薬局数の増加"",""医薬品生産の拡大"",""医療費の抑制"",""医療水準の向上"",""薬剤師中心の医療の推進""]"	singleChoice	3	null	normal	false	parsed	"[""none""]"		https://www.mhlw.go.jp/content/001677927.pdf	https://www.mhlw.go.jp/content/001677933.pdf	2026-02-22	MHLW website content under Public Data License 1.0 unless separately indicated; third-party content requires separate review
P111-073	111	73	必須	法規・制度・倫理	亜急性脊髄視神経症（subacute myelo-optico-neuropathy）を生じて、薬害の原 因となった医薬品はどれか。１つ選べ。	"[""サリドマイド"",""クロロキン"",""キノホルム"",""ソリブジン"",""ペニシリン""]"	singleChoice	2	null	normal	false	parsed	"[""none""]"		https://www.mhlw.go.jp/content/001677927.pdf	https://www.mhlw.go.jp/content/001677933.pdf	2026-02-22	MHLW website content under Public Data License 1.0 unless separately indicated; third-party content requires separate review
P111-074	111	74	必須	法規・制度・倫理	以下は医療法の条文である。 に入る語句として正しいのはどれか。 １つ選べ。 医療法第 1 条の 4 第 2 項 「医師、歯科医師、薬剤師、看護師その他の医療の担い手は、医療を提供するに当 たり、適切な説明を行い、医療を受ける者の よう努めなければならない。」	"[""理解を得る"",""意見に従う"",""意識を高める"",""負担を少なくする"",""不安を軽減する""]"	singleChoice	0	null	normal	false	parsed	"[""none""]"		https://www.mhlw.go.jp/content/001677927.pdf	https://www.mhlw.go.jp/content/001677933.pdf	2026-02-22	MHLW website content under Public Data License 1.0 unless separately indicated; third-party content requires separate review
P111-075	111	75	必須	法規・制度・倫理	日本薬局方の医薬品各条の中に記載されている項目はどれか。１つ選べ。	"[""用法・用量"",""効能・効果"",""副作用"",""性状"",""相互作用""]"	singleChoice	3	null	normal	false	parsed	"[""none""]"		https://www.mhlw.go.jp/content/001677927.pdf	https://www.mhlw.go.jp/content/001677933.pdf	2026-02-22	MHLW website content under Public Data License 1.0 unless separately indicated; third-party content requires separate review
P111-076	111	76	必須	法規・制度・倫理	医療機関において特定生物由来製品を患者に投与した際に、特定生物由来製品 取扱医療関係者による記録が必要な項目に該当しないのはどれか。１つ選べ。	"[""患者の氏名"",""製品の名称"",""製品の製造番号又は製造記号"",""投与した年月日"",""製品を購入した卸売販売業者の名称""]"	singleChoice	4	null	normal	false	parsed	"[""none""]"		https://www.mhlw.go.jp/content/001677927.pdf	https://www.mhlw.go.jp/content/001677933.pdf	2026-02-22	MHLW website content under Public Data License 1.0 unless separately indicated; third-party content requires separate review
P111-077	111	77	必須	法規・制度・倫理	麻薬及び向精神薬取締法で規制される第一種向精神薬はどれか。１つ選べ。	"[""フェンタニル"",""ジアゼパム"",""セレギリン"",""メタンフェタミン"",""メチルフェニデート""]"	singleChoice	4	null	normal	false	parsed	"[""none""]"		https://www.mhlw.go.jp/content/001677927.pdf	https://www.mhlw.go.jp/content/001677933.pdf	2026-02-22	MHLW website content under Public Data License 1.0 unless separately indicated; third-party content requires separate review
P111-078	111	78	必須	法規・制度・倫理	図は、医薬品供給の流れの一例を示している。薬価改定の基礎資料である市場 実勢価格を調べるための調査の対象となる主たる取引はどれか。１つ選べ。	"[""Ａ"",""Ｂ"",""Ｃ"",""Ｄ"",""Ｅ""]"	singleChoice	2	null	normal	false	parsed	"[""none""]"		https://www.mhlw.go.jp/content/001677927.pdf	https://www.mhlw.go.jp/content/001677933.pdf	2026-02-22	MHLW website content under Public Data License 1.0 unless separately indicated; third-party content requires separate review
P111-079	111	79	必須	法規・制度・倫理	表は、財源別国民医療費の構成割合を示している。近年（2018〜2021年度）の Ａに最も近いのはどれか。１つ選べ。	"[""5％ 財源 構成割合"",""10％ 総数 100％"",""40％ 公費 Ａ"",""70％ 保険料 Ｂ"",""90％ その他（患者負担等） Ｃ""]"	singleChoice	2	null	normal	false	parsed	"[""none""]"		https://www.mhlw.go.jp/content/001677927.pdf	https://www.mhlw.go.jp/content/001677933.pdf	2026-02-22	MHLW website content under Public Data License 1.0 unless separately indicated; third-party content requires separate review
P111-080	111	80	必須	法規・制度・倫理	医療コミュニケーションにおいて求められる「互いに信頼感で結ばれている関 係」を示す言葉はどれか。１つ選べ。	"[""レディネス"",""ラポール"",""エンパワメント"",""ナラティブ"",""コンプライアンス 必須問題 【実務】""]"	singleChoice	1	null	normal	false	parsed	"[""none""]"		https://www.mhlw.go.jp/content/001677927.pdf	https://www.mhlw.go.jp/content/001677933.pdf	2026-02-22	MHLW website content under Public Data License 1.0 unless separately indicated; third-party content requires separate review
P111-081	111	81	必須	実務	安全キャビネット内での調製が最も推奨されるのはどれか。１つ選べ。	"[""ファモチジン注射液"",""パクリタキセル注射液"",""ノルアドレナリン注射液"",""フェンタニルクエン酸塩注射液"",""注射用ドリペネム""]"	singleChoice	1	null	normal	false	parsed	"[""none""]"		https://www.mhlw.go.jp/content/001677927.pdf	https://www.mhlw.go.jp/content/001677933.pdf	2026-02-22	MHLW website content under Public Data License 1.0 unless separately indicated; third-party content requires separate review
P111-082	111	82	必須	実務	世界アンチ・ドーピング規程において、禁止されている成分はどれか。１つ選 べ。	"[""カフェイン"",""ストリキニーネ"",""サリチルアミド"",""デキストロメトルファン臭化水素酸塩水和物"",""グアイフェネシン""]"	singleChoice	1	null	normal	false	parsed	"[""none""]"		https://www.mhlw.go.jp/content/001677927.pdf	https://www.mhlw.go.jp/content/001677933.pdf	2026-02-22	MHLW website content under Public Data License 1.0 unless separately indicated; third-party content requires separate review
P111-083	111	83	必須	実務	医療安全の観点から、一般病棟や外来処置室での常備を避けることが望ましい 薬剤はどれか。１つ選べ。	"[""リドカイン塩酸塩静脈内注射用 2 ％"",""アドレナリン注射液 0.1％"",""‑クロルフェニラミンマレイン酸塩注射液 0.5％"",""L‑アスパラギン酸カリウム注射液 10 mEq/10 mL"",""アトロピン硫酸塩注射液 0.05％""]"	singleChoice	3	null	normal	false	parsed	"[""none""]"		https://www.mhlw.go.jp/content/001677927.pdf	https://www.mhlw.go.jp/content/001677933.pdf	2026-02-22	MHLW website content under Public Data License 1.0 unless separately indicated; third-party content requires separate review
P111-084	111	84	必須	実務	注意事項等情報（添付文書）上、手術前後の患者に対して禁忌なのはどれか。 １つ選べ。	"[""アミオダロン"",""ダパグリフロジン"",""ニフェジピン"",""バルプロ酸"",""レボチロキシン""]"	singleChoice	1	null	normal	false	parsed	"[""none""]"		https://www.mhlw.go.jp/content/001677927.pdf	https://www.mhlw.go.jp/content/001677933.pdf	2026-02-22	MHLW website content under Public Data License 1.0 unless separately indicated; third-party content requires separate review
P111-085	111	85	必須	実務	人生の最終段階の医療・ケアについて、健康状態が良好なうちから、本人が家 族や医療・ケアチームと繰り返し話し合い、共有する取組みを意味するのはどれ か。１つ選べ。	"[""グリーフケア"",""リビング・ウィル"",""インフォームド・コンセント"",""ファーマシューティカルケア"",""アドバンス・ケア・プランニング""]"	singleChoice	4	null	normal	false	parsed	"[""none""]"		https://www.mhlw.go.jp/content/001677927.pdf	https://www.mhlw.go.jp/content/001677933.pdf	2026-02-22	MHLW website content under Public Data License 1.0 unless separately indicated; third-party content requires separate review
P111-086	111	86	必須	実務	成人に対する胸骨圧迫において、最も適切な圧迫部位はどれか。１つ選べ。	"[""①"",""②"",""③"",""④"",""⑤""]"	singleChoice	1	null	normal	false	parsed	"[""none""]"		https://www.mhlw.go.jp/content/001677927.pdf	https://www.mhlw.go.jp/content/001677933.pdf	2026-02-22	MHLW website content under Public Data License 1.0 unless separately indicated; third-party content requires separate review
P111-087	111	87	必須	実務	最初に広域スペクトラムを有する抗菌薬を投与し、血液培養検査と薬剤感受性 試験の結果を確認後、より狭いスペクトラムの抗菌薬に変更する治療プロセスはど れか。１つ選べ。	"[""エンピリック"",""ディフィニティブ"",""デ・エスカレーション"",""デブリードマン"",""テーパリング""]"	singleChoice	2	null	normal	false	parsed	"[""none""]"		https://www.mhlw.go.jp/content/001677927.pdf	https://www.mhlw.go.jp/content/001677933.pdf	2026-02-22	MHLW website content under Public Data License 1.0 unless separately indicated; third-party content requires separate review
P111-088	111	88	必須	実務	服薬指導時に、頻繁に薬がのどに引っかかることを患者から聴取した。嚥下機 能の評価のために、薬剤師が連携すべき職種として最も適しているのはどれか。 １つ選べ。	"[""言語聴覚士"",""歯科技工士"",""臨床工学技士"",""ソーシャルワーカー"",""管理栄養士""]"	singleChoice	0	null	normal	false	parsed	"[""none""]"		https://www.mhlw.go.jp/content/001677927.pdf	https://www.mhlw.go.jp/content/001677933.pdf	2026-02-22	MHLW website content under Public Data License 1.0 unless separately indicated; third-party content requires separate review
P111-089	111	89	必須	実務	クリニカルパスにおけるバリアンスはどれか。１つ選べ。	"[""治療計画からの治療方針の逸脱"",""投与計画の不備"",""アウトカムが達成されない状態"",""薬剤師による薬物治療への介入"",""患者からのクレーム""]"	singleChoice	2	null	normal	false	parsed	"[""none""]"		https://www.mhlw.go.jp/content/001677927.pdf	https://www.mhlw.go.jp/content/001677933.pdf	2026-02-22	MHLW website content under Public Data License 1.0 unless separately indicated; third-party content requires separate review
P111-090	111	90	必須	実務	医薬品について、緊急に安全対策上の措置をとる必要があると判断された場合、 厚生労働省からの指示に基づき、製造販売業者が作成するのはどれか。１つ選べ。	"[""医薬品リスク管理計画"",""緊急安全性情報"",""医薬品安全対策情報"",""医薬品・医療機器等安全性情報"",""医療用医薬品最新品質情報集""]"	singleChoice	1	null	normal	false	parsed	"[""none""]"		https://www.mhlw.go.jp/content/001677927.pdf	https://www.mhlw.go.jp/content/001677933.pdf	2026-02-22	MHLW website content under Public Data License 1.0 unless separately indicated; third-party content requires separate review
P111-091	111	91	理論	物理	ファンデルワールスの状態方程式（ 1 ）は、理想気体の状態方程式を実在気体 について補正した式の 1 つである。理想気体とファンデルワールスの状態方程式に 関する記述として正しいのはどれか。２つ選べ。   ＋ 2 （ − ）＝ （1） ：圧力、 ：体積、 ：物質量（mol）、 ：気体定数、 ：絶対温度	"[""理想気体では、気体分子間の相互作用の大きさを正の一定の値と仮定している。"",""は気体分子の衝突頻度を表す。"",""は気体分子 1 mol がもつ排除体積を表す。  "",""＋ 2 は、気体分子間の相互作用を考慮して補正した圧力である。"",""（ − ）は、気体分子間の相互作用を考慮して補正した体積である。""]"	multiChoice	[2,3]	null	normal	false	parsed	"[""none""]"		https://www.mhlw.go.jp/content/001677928.pdf	https://www.mhlw.go.jp/content/001677933.pdf	2026-02-22	MHLW website content under Public Data License 1.0 unless separately indicated; third-party content requires separate review
P111-092	111	92	理論	物理	平衡状態にある次の化学反応に関する記述として、正しいのはどれか。２つ選 べ。 ただし、Δf ˚ は標準生成エンタルピー、 （ ）は気体状態、 （ ）は固体状態を表す。 NH（ 3 ）＋ HCl（ ） ⇄ NH4Cl（ ） Δf ˚ ＝ −176.2 kJ/mol	"[""この反応はエントロピー駆動の反応である。"",""縦軸に平衡定数の対数を、横軸に絶対温度をとると右上がりの直線となる。"",""圧力を上げると平衡は右に傾く。"",""温度を上げると平衡は右に傾く。"",""アンモニアを加えると平衡は右に傾く。""]"	singleChoice	null	null	excluded	false	parsed	"[""wording""]"		https://www.mhlw.go.jp/content/001677928.pdf	https://www.mhlw.go.jp/content/001677933.pdf	2026-02-22	MHLW website content under Public Data License 1.0 unless separately indicated; third-party content requires separate review
P111-093	111	93	理論	物理	薬物Ａが初期濃度 A0、速度定数 で、 0 次反応、 1 次反応、 2 次反応のいずれ かに従って分解するとする。これらの過程に関する記述として正しいのはどれか。 ２つ選べ。	"[""0 次反応では、半減期は A0 によらず一定である。"",""1 次反応では、Ａの濃度は時間に比例して減少する。"",""1 次反応では、半減期が A0 に比例する。"",""2 次反応では、半減期が A0 に反比例する。"",""反応次数によらず、半減期は に反比例する。""]"	multiChoice	[3,4]	null	normal	false	parsed	"[""none""]"		https://www.mhlw.go.jp/content/001677928.pdf	https://www.mhlw.go.jp/content/001677933.pdf	2026-02-22	MHLW website content under Public Data License 1.0 unless separately indicated; third-party content requires separate review
P111-094	111	94	理論	物理	電解質のモル伝導率に関する記述として、正しいのはどれか。２つ選べ。	"[""モル伝導率は、電気伝導率をモル濃度（mol/m3）で割ったものである。"",""NaCl のモル伝導率は、NaOH のモル伝導率よりも大きい。"",""モル伝導率を濃度の平方根に対してプロットし、濃度ゼロへ外挿したときの切 片の値は極限モル伝導率を表す。"",""モル伝導率を濃度の平方根に対してプロットしたとき、希薄溶液では直線関係 が成立する法則をデバイ・ヒュッケルの極限則という。"",""H＋ の極限モル伝導率が K＋ より大きいのは、H＋ のイオン半径が K＋ のイオン半 径より小さいことによるものである。""]"	multiChoice	[0,2]	null	normal	false	parsed	"[""none""]"		https://www.mhlw.go.jp/content/001677928.pdf	https://www.mhlw.go.jp/content/001677933.pdf	2026-02-22	MHLW website content under Public Data License 1.0 unless separately indicated; third-party content requires separate review
P111-095	111	95	理論	物理	日本薬局方赤外吸収スペクトル測定法に関する記述として、正しいのはどれか。 ２つ選べ。	"[""赤外線の波長領域は、紫外線と可視光線の間にある。"",""赤外線の波数 4000 cm−1 を波長に換算すると、2.5 μm である。"",""赤外吸収は、振動によって分子の分極率が変化するときに観測される。"",""赤外吸収スペクトルの指紋領域は特性吸収帯より高波数側にある。"",""固体だけではなく、液体や気体の試料でも赤外吸収スペクトルを測定できる。""]"	multiChoice	[1,4]	null	normal	true	parsed	"[""none""]"		https://www.mhlw.go.jp/content/001677928.pdf	https://www.mhlw.go.jp/content/001677933.pdf	2026-02-22	MHLW website content under Public Data License 1.0 unless separately indicated; third-party content requires separate review
P111-096	111	96	理論	物理	‑97 次の記述は、日本薬局方水酸化ナトリウムの定量に関するものである。この水 酸化ナトリウム（NaOH：40.00）は不純物として炭酸ナトリウム（Na2CO3：105.99） のみを含むものとし、下線部イ及びエの時点をそれぞれ第一中和点、第二中和点と する。 本品約 1.5 g を精密に量り、新たに煮沸して冷却した水 40 mL を加えて溶かし、 15 ℃ に冷却した後、フェノールフタレイン試液 2 滴を加え、ア0.5 mol/L 硫酸で 滴定し、イ液の赤色が消えたときの 0.5 mol/L 硫酸の量をウ （mL）とする。さら にこの液にメチルオレンジ試液 2 滴を加え、再び 0.5 mol/L 硫酸で滴定し、エ液が 持続する淡赤色を呈したときの 0.5 mol/L 硫酸の量を （mL）とする。（ − ） mL から水酸化ナトリウム（NaOH）の量を計算する。 0.5 mol/L 硫酸 1 mL ＝ オ mg NaOH 問 96 この定量法に関する記述として正しいのはどれか。２つ選べ。	"[""日 本 薬 局 方 に お い て、 下 線 部 ア の 標 準 液 の 標 定 に 用 い ら れ る 標 準 試 薬 と 0.5 mol/L 塩酸の標定に用いられる標準試薬は同じである。"",""下線部イでは、本品の量が異なっても第一中和点となる pH の値は変化しない。"",""0.5 mol/L 硫酸の代わりに 0.5 mol/L 硫酸とファクターが同じ 0.5 mol/L 塩酸 を用いても、滴定量は下線部ウの液量と変わらない。"",""下線部エは、メチルオレンジのほとんどが化学構造ｂからａに変化した結果で ある。"",""空欄 オ に入れるべき数字は、80.00 である。""]"	multiChoice	[0,1]	null	normal	true	parsed	"[""none""]"		https://www.mhlw.go.jp/content/001677928.pdf	https://www.mhlw.go.jp/content/001677933.pdf	2026-02-22	MHLW website content under Public Data License 1.0 unless separately indicated; third-party content requires separate review
P111-097	111	97	理論	物理	前問の定量法において、本品 1.5000 g を量り、0.5 mol/L 硫酸（ ＝ 1.000）で 滴定したところ、 ＝ 0.25 mL であった。本品中の不純物である炭酸ナトリウム の含量として最も近いのはどれか。１つ選べ。	"[""0.9％"",""1.8％"",""2.5％"",""3.6％"",""5.0％""]"	singleChoice	1	null	normal	false	parsed	"[""none""]"		https://www.mhlw.go.jp/content/001677928.pdf	https://www.mhlw.go.jp/content/001677933.pdf	2026-02-22	MHLW website content under Public Data License 1.0 unless separately indicated; third-party content requires separate review
P111-098	111	98	理論	物理	1 mol の金属イオン M と mol の配位子 L は次のように反応して錯体 ML を 生成する。最終反応生成物の ML は L と反応しないものとし、また、 は逐次安 定度定数を表すものとすると、この錯体生成反応に関する記述として、正しいのは どれか。２つ選べ。ただし、M、L 及び ML のモル濃度はそれぞれ［M］、［L］及び ［ML］と表すものとする。 M ＋ L ⇄ ML ML ＋ L ⇄ ML2 ⁝ ML −1 ＋ L ⇄ ML	"[""M と L との間で形成される配位結合は、共有結合の一種である。 ［M］ ［L］"",""は、 ＝ によって表される。 ［ML］"",""全安定度定数 β は、β ＝ 1 ＋ 2 ＋…＋ によって表される。"",""M はルイス塩基、L はルイス酸である。"",""最終反応生成物の ML は、L が単座配位子であるより、多座配位子である方 が錯体としての安定度が高い。""]"	multiChoice	[0,4]	null	normal	false	parsed	"[""none""]"		https://www.mhlw.go.jp/content/001677928.pdf	https://www.mhlw.go.jp/content/001677933.pdf	2026-02-22	MHLW website content under Public Data License 1.0 unless separately indicated; third-party content requires separate review
P111-099	111	99	理論	物理	次の化学構造をもつ日本薬局方医薬品の確認試験として適切なのはどれか。 ２つ選べ。ただし、試験に用いる本品の量や試薬・試液の量、反応条件などは日本 薬局方に規定されたとおりとする。	"[""本品に塩酸を加えて加熱した液は、亜硝酸ナトリウム試液、アミド硫酸アンモ ニウム試液を加えた後、 ， ‑ジエチル‑ ′‑1‑ナフチルエチレンジアミンシュウ 酸塩試液を加えると赤紫色を呈する。"",""本品を直火で加熱するとき、紫色のガスを発生する。"",""本品の水溶液にニンヒドリン試液を加え、水浴中で加熱するとき、液は紫色を 呈する。"",""本品に水酸化ナトリウムを加え、徐々に加熱して融解し、炭化する。冷後、希 塩酸を加えるとき、発生するガスは潤した酢酸鉛(Ⅱ)紙を黒変する。"",""本品につき、酸化銅を皮膜した銅網につけて燃焼させる試験を行うとき、緑色 を呈する。""]"	multiChoice	[3,4]	null	normal	true	parsed	"[""none""]"		https://www.mhlw.go.jp/content/001677928.pdf	https://www.mhlw.go.jp/content/001677933.pdf	2026-02-22	MHLW website content under Public Data License 1.0 unless separately indicated; third-party content requires separate review
P111-100	111	100	理論	物理	感染症の原因菌の同定には、菌体のタンパク質を分析対象として、イオン化部 にマトリックス支援レーザー脱離イオン化（MALDI）法、質量分離部に飛行時間 型質量分析計（TOF‑MS）を用いる MALDI‑TOF‑MS が利用されている。この質 量分析法に関する記述として、正しいのはどれか。２つ選べ。	"[""マトリックスと混合されたタンパク質は、高電圧を印加したキャピラリー先端 から噴霧してイオン化される。"",""タンパク質と混合するマトリックスには、レーザー光を吸収する化合物が選択 される。"",""質量分離部では検出器までの飛行時間が短いほど、タンパク質イオンの / 値は小さい。"",""この質量分析法の装置は、高速液体クロマトグラフやキャピラリー電気泳動装 置と直接接続して用いる。"",""マススペクトルには、タンパク質にマトリックスの質量が付加されたイオン ピークが主に観測される。""]"	multiChoice	[1,2]	null	normal	true	parsed	"[""none""]"		https://www.mhlw.go.jp/content/001677928.pdf	https://www.mhlw.go.jp/content/001677933.pdf	2026-02-22	MHLW website content under Public Data License 1.0 unless separately indicated; third-party content requires separate review
P111-101	111	101	理論	化学	インドールのモノ臭素化反応において、主生成物Ａが得られる過程で生じるカ チオン中間体として、適切なのはどれか。１つ選べ。	[]	singleChoice	1	null	normal	true	no_choice_sequence	"[""none""]"		https://www.mhlw.go.jp/content/001677928.pdf	https://www.mhlw.go.jp/content/001677933.pdf	2026-02-22	MHLW website content under Public Data License 1.0 unless separately indicated; third-party content requires separate review
P111-102	111	102	理論	化学	求核アシル置換反応の反応性が最も低いのはどれか。１つ選べ。	[]	singleChoice	3	null	normal	true	no_choice_sequence	"[""none""]"		https://www.mhlw.go.jp/content/001677928.pdf	https://www.mhlw.go.jp/content/001677933.pdf	2026-02-22	MHLW website content under Public Data License 1.0 unless separately indicated; third-party content requires separate review
P111-103	111	103	理論	化学	次の反応式のうち、実際に反応が進行し、主生成物の構造が正しく示されてい るのはどれか。１つ選べ。ただし、各反応はそれぞれ適切な溶媒を用いて行ったも のとする。	[]	singleChoice	1	null	normal	true	no_choice_sequence	"[""none""]"		https://www.mhlw.go.jp/content/001677928.pdf	https://www.mhlw.go.jp/content/001677933.pdf	2026-02-22	MHLW website content under Public Data License 1.0 unless separately indicated; third-party content requires separate review
P111-104	111	104	理論	化学	化合物Ａを原料とし、得られる主生成物がラセミ体となる反応はどれか。２つ 選べ。	[]	multiChoice	[1,3]	null	normal	true	no_choice_sequence	"[""none""]"		https://www.mhlw.go.jp/content/001677928.pdf	https://www.mhlw.go.jp/content/001677933.pdf	2026-02-22	MHLW website content under Public Data License 1.0 unless separately indicated; third-party content requires separate review
P111-105	111	105	理論	化学	シスプラチンに関する記述として、正しいのはどれか。２つ選べ。	"[""4 つの配位子は、四面体の頂点の方向に配置している。"",""シスプラチンの異性体であるＡは、シスプラチンよりも強い抗がん作用を示す。"",""2 種類の配位子のうち、アンモニアが解離して抗がん作用を示す活性錯体とな る。"",""配位子が解離しやすいのは、血中よりも細胞内である。"",""活性錯体は、主にアの窒素に結合して抗がん作用を示す。""]"	multiChoice	[3,4]	null	normal	false	parsed	"[""none""]"		https://www.mhlw.go.jp/content/001677928.pdf	https://www.mhlw.go.jp/content/001677933.pdf	2026-02-22	MHLW website content under Public Data License 1.0 unless separately indicated; third-party content requires separate review
P111-106	111	106	理論	化学	アスパラギン酸プロテアーゼであるレニンは、基質タンパク質ＡをペプチドＢ に加水分解する。レニン阻害薬アリスキレンは、この遷移状態を模倣したプロテ アーゼ阻害薬である。アリスキレンの中央部（ア）にあるアミノ基とヒドロキシ基 は、レニンの活性中心に存在する 2 つのアスパラギン酸残基と相互作用する。アで 示す官能基に隣接する構造（イ及びウ）は基質切断部位のアミノ酸の構造を模倣し ている。レニンによるタンパク質Ａの切断部位はどれか。１つ選べ。	[]	singleChoice	3	null	normal	true	no_choice_sequence	"[""none""]"		https://www.mhlw.go.jp/content/001677928.pdf	https://www.mhlw.go.jp/content/001677933.pdf	2026-02-22	MHLW website content under Public Data License 1.0 unless separately indicated; third-party content requires separate review
P111-107	111	107	理論	化学	AST はアミノ基転移反応を触媒する酵素である。活性中心のリシン残基側鎖 アミノ基は、補酵素ピリドキサール 5′‑リン酸（P5P）の 4 位のアルデヒド基と共 有結合し、P5P‑AST 複合体（ア）を形成する。 以下の図は、アによるアミノ酸Ａから α‑ケト酸Ｆへの反応を示す。各反応の説 明として正しいのはどれか。２つ選べ。	"[""アからＢへの反応は、付加脱離反応である。"",""ＣからＤへの反応で、リシン残基側鎖のイの部分は塩基として作用する。"",""Ｆが生成する反応において、Ｘは過酸化水素である。"",""Ａが L‑アスパラギン酸の場合、生成するＦはオキサロ酢酸である。"",""Ｅは、以下に示すピリドキシン 5′‑リン酸である。""]"	multiChoice	[0,3]	null	normal	false	parsed	"[""none""]"		https://www.mhlw.go.jp/content/001677928.pdf	https://www.mhlw.go.jp/content/001677933.pdf	2026-02-22	MHLW website content under Public Data License 1.0 unless separately indicated; third-party content requires separate review
P111-108	111	108	理論	化学	塩素 Cl2 と光を用いて（ ）‑2‑クロロブタンの塩素化を行ったところ、水素の 1 つ が 塩 素 に 置 換 し た 生 成 物 が 数 種 類 生 じ た。 そ の 1 つ が 化 合 物 Ａ で あ り、 H NMR を測定したところ、化学シフト（ppm，基準物質はテトラメチルシラン）、 分裂パターン（多重度）及びプロトン数について、以下のピークが観測された。化 合物Ａの化学構造として、最も適切なのはどれか。１つ選べ。 化学シフト 分裂パターン プロトン数 （ppm）	"[""6 二重線 3"",""1 四重線 2"",""7 三重線 2"",""3 六重線 1""]"	singleChoice	4	null	normal	true	parsed	"[""none""]"		https://www.mhlw.go.jp/content/001677928.pdf	https://www.mhlw.go.jp/content/001677933.pdf	2026-02-22	MHLW website content under Public Data License 1.0 unless separately indicated; third-party content requires separate review
P111-109	111	109	理論	化学	「黄連解毒湯エキス」は日本薬局方において、以下に示す化合物Ａ〜Ｃの含量 が規定されている。これらの化合物に関する記述として、正しいのはどれか。２つ 選べ。なお、黄連解毒湯の構成生薬は、オウレン、オウゴン、オウバク、サンシシ である。	"[""化合物Ａのアグリコンは、イソフラボン骨格を有している。"",""化合物Ｂのアグリコンは、イソプレノイド経路で生合成される。"",""化合物Ｃは、腸間膜静脈硬化症の原因物質と考えられている。"",""化合物Ａと化合物Ｂは、いずれも根を利用部位とした生薬の主要成分である。"",""化合物Ｃを主要成分とする生薬は、黄連解毒湯に 2 種類配合されている。""]"	multiChoice	[1,4]	null	normal	false	parsed	"[""none""]"		https://www.mhlw.go.jp/content/001677928.pdf	https://www.mhlw.go.jp/content/001677933.pdf	2026-02-22	MHLW website content under Public Data License 1.0 unless separately indicated; third-party content requires separate review
P111-110	111	110	理論	化学	ある生薬末を光学顕微鏡で観察 したところ、右写真のような管状の 組織（矢印）が見られた。また、木 部繊維の破片が多数含まれていた。 なお、この生薬末は 1 種類の生薬を 粉砕したものである。この生薬末と して考えられるのはどれか。１つ選 べ。	"[""シャクヤク末"",""ブクリョウ末"",""リュウコツ末"",""アロエ末"",""ケイヒ末""]"	singleChoice	0	null	normal	true	parsed	"[""none""]"		https://www.mhlw.go.jp/content/001677928.pdf	https://www.mhlw.go.jp/content/001677933.pdf	2026-02-22	MHLW website content under Public Data License 1.0 unless separately indicated; third-party content requires separate review
P111-111	111	111	理論	生物	肝機能に関する記述として、正しいのはどれか。２つ選べ。	"[""アンモニアから尿素を合成する。"",""脂肪酸からコール酸とケノデオキシコール酸を合成する。"",""3‑ヒドロキシ‑3‑メチルグルタリル CoA（HMG‑CoA）還元酵素の作用により コレステロールを合成する。"",""グリコーゲンの β 酸化によりグルコースを産生する。"",""キロミクロンを合成して血中に分泌する。""]"	multiChoice	[0,2]	null	normal	false	parsed	"[""none""]"		https://www.mhlw.go.jp/content/001677928.pdf	https://www.mhlw.go.jp/content/001677933.pdf	2026-02-22	MHLW website content under Public Data License 1.0 unless separately indicated; third-party content requires separate review
P111-112	111	112	理論	生物	血圧に影響を及ぼす生理活性物質に関する記述として、正しいのはどれか。 ２つ選べ。	"[""レニンは、傍糸球体細胞から分泌される。"",""アンジオテンシノーゲンは、肺胞上皮細胞から分泌される。"",""アルドステロンは、毛細血管における K＋ の再吸収を促進する。"",""バソプレシンは、尿細管及び集合管における水の再吸収を促進する。"",""ナトリウム利尿ペプチドは、尿細管及び集合管における Na＋ の再吸収を促進す る。""]"	multiChoice	[0,3]	null	normal	false	parsed	"[""none""]"		https://www.mhlw.go.jp/content/001677928.pdf	https://www.mhlw.go.jp/content/001677933.pdf	2026-02-22	MHLW website content under Public Data License 1.0 unless separately indicated; third-party content requires separate review
P111-113	111	113	理論	生物	血糖値を変動させるホルモンの「名称 ― 産生器官 ― 血糖値の変動」の組合 せとして、正しいのはどれか。２つ選べ。 名称 産生器官 血糖値の変動	"[""アドレナリン 副腎 上昇"",""インクレチン 膵臓 上昇"",""インスリン 膵臓 低下"",""グルカゴン 副腎 上昇"",""コルチゾール 副腎 低下""]"	multiChoice	[0,2]	null	normal	false	parsed	"[""none""]"		https://www.mhlw.go.jp/content/001677928.pdf	https://www.mhlw.go.jp/content/001677933.pdf	2026-02-22	MHLW website content under Public Data License 1.0 unless separately indicated; third-party content requires separate review
P111-114	111	114	理論	生物	抗原Ｘに結合する単クローン由来のヒト免疫グロブリン（IgG1）は、 2 本の重 鎖（H 鎖）と 2 本の軽鎖（L 鎖）からなり、図 1 に示すように、 2 本の重鎖間と重 鎖・軽鎖間に 4 つのジスルフィド結合を含み、分子量がほぼ同じ 12 個の構造単位 で構成される。また、IgG1 全体の分子量は約 150 kDa である。 この IgG1 分子を界面活性剤であるドデシル硫酸ナトリウムの存在下で熱変性さ せ、ポリアクリルアミドゲル電気泳動を行い、タンパク質に結合する色素（クマ シーブリリアントブルー）で染色した。ジスルフィド結合を還元する 2‑メルカプ トエタノールを加えて熱変性を行った場合と、加えないで熱変性を行った場合で は、図 2 に示すように、泳動結果に違いがあった。ただし、バンド 2 とバンド 3 に 含まれる分子数の比は 1：1 であった。 以下の記述のうち、正しいのはどれか。２つ選べ。	"[""2‑メルカプトエタノールを加えて熱変性を行ったのは、実験 2 である。"",""バンド 1 から抽出したタンパク質は、電気泳動前の IgG1 よりも強く抗原Ｘに 結合することができる。"",""バンド 2 、バンド 3 の分子量は、それぞれ 100 kDa、50 kDa と見積もられる。"",""バンド 3 のタンパク質は、熱変性によって切断された重鎖の断片である。"",""バンド 2 とバンド 3 のタンパク質は、いずれも抗原結合部位を含む。""]"	multiChoice	[0,4]	null	normal	false	parsed	"[""none""]"		https://www.mhlw.go.jp/content/001677928.pdf	https://www.mhlw.go.jp/content/001677933.pdf	2026-02-22	MHLW website content under Public Data License 1.0 unless separately indicated; third-party content requires separate review
P111-115	111	115	理論	生物	酵素Ａと酵素Ｂは、骨格筋又は肝臓に含まれる解糖系の酵素で、グルコースか らグルコース 6‑リン酸を生成する反応を触媒する。グルコース濃度に対する酵素 Ａと酵素Ｂの相対酵素活性は、下図のようになる。相対酵素活性は、反応初速 度 V0 を最大反応速度 Vmax で除した値である。 以下の記述のうち、正しいのはどれか。２つ選べ。	"[""酵素Ａは、基質であるグルコースとの親和性が酵素Ｂより低い。"",""グルコース濃度が 5 mmol/L から 10 mmol/L に増加すると、酵素Ｂの反応初速 度は約 2 倍になる。"",""酵素Ａは、グルコース‑6‑ホスファターゼである。"",""酵素Ｂが触媒する反応は、グルコース 6‑リン酸の濃度が上昇すると抑制され る。"",""酵素Ａは、主に骨格筋に含まれる。""]"	multiChoice	[0,3]	null	normal	true	parsed	"[""none""]"		https://www.mhlw.go.jp/content/001677928.pdf	https://www.mhlw.go.jp/content/001677933.pdf	2026-02-22	MHLW website content under Public Data License 1.0 unless separately indicated; third-party content requires separate review
P111-116	111	116	理論	生物	炎症性サイトカイン及び化学伝達物質に関する記述として、正しいのはどれ か。２つ選べ。	"[""ブラジキニンは、肝臓に作用して CRP の産生を減少させる。"",""IL‑1 は、細菌感染時に活性化マクロファージで産生される。"",""TNF‑α は、血管内皮細胞に作用して接着分子の発現を誘導し、好中球を炎症 部位へ動員する。"",""ヒスタミンは、補体活性化過程で産生されるアナフィラトキシンである。"",""ケモカインは、アラキドン酸からシクロオキシゲナーゼ経路を経由して産生さ れる。""]"	multiChoice	[1,2]	null	normal	false	parsed	"[""none""]"		https://www.mhlw.go.jp/content/001677928.pdf	https://www.mhlw.go.jp/content/001677933.pdf	2026-02-22	MHLW website content under Public Data License 1.0 unless separately indicated; third-party content requires separate review
P111-117	111	117	理論	生物	病原細菌の性質に関する記述として、正しいのはどれか。２つ選べ。	"[""黄色ブドウ球菌は、食塩耐性を有しており、マンニット（マンニトール）食塩 寒天培地で増殖できる。"",""肺炎球菌（肺炎レンサ球菌）の莢膜は、病原因子であり、貪食細胞に対する抵 抗性に寄与している。"",""ディフィシル菌は、芽胞形成能を持たず、食中毒の原因になりやすい。"",""破傷風菌は、破傷風毒素を産生し、弛緩性麻痺を引き起こす。"",""ボツリヌス菌は、ボツリヌス毒素を産生し、強直性痙れんを引き起こす。""]"	multiChoice	[0,1]	null	normal	false	parsed	"[""none""]"		https://www.mhlw.go.jp/content/001677928.pdf	https://www.mhlw.go.jp/content/001677933.pdf	2026-02-22	MHLW website content under Public Data License 1.0 unless separately indicated; third-party content requires separate review
P111-118	111	118	理論	生物	リボソーム RNA（rRNA）、トランスファー RNA（tRNA）及びメッセンジャー RNA（mRNA）に関する記述として、正しいのはどれか。２つ選べ。	"[""rRNA は、原核細胞と真核細胞の間で長さと配列が全く同じである。"",""rRNA の中には、ペプチド転移反応を触媒するものがある。"",""tRNA は、rRNA や mRNA に比べると塩基長が短い。"",""mRNA の 3' 末端には、キャップ構造が付加されている。"",""mRNA は、構成塩基としてチミンを含む。""]"	multiChoice	[1,2]	null	normal	false	parsed	"[""none""]"		https://www.mhlw.go.jp/content/001677928.pdf	https://www.mhlw.go.jp/content/001677933.pdf	2026-02-22	MHLW website content under Public Data License 1.0 unless separately indicated; third-party content requires separate review
P111-119	111	119	理論	生物	遺伝子改変マウスに関する記述として、正しいのはどれか。２つ選べ。	"[""体外受精によって作製したマウスを、クローンマウスとよぶ。"",""マウス以外の異種の遺伝子を特定の組織に限って発現する、外来遺伝子導入マ ウス（トランスジェニックマウス）を作製することができる。"",""トランスジェニックマウスでは、外来遺伝子は細胞質に保持されている。"",""遺伝子欠損マウス（ノックアウトマウス）は、標的遺伝子に対する低分子干 渉 RNA（siRNA）を発現させることで作製できる。"",""ゲノム編集技術を利用してノックアウトマウスを作製することができる。""]"	multiChoice	[1,4]	null	normal	false	parsed	"[""none""]"		https://www.mhlw.go.jp/content/001677928.pdf	https://www.mhlw.go.jp/content/001677933.pdf	2026-02-22	MHLW website content under Public Data License 1.0 unless separately indicated; third-party content requires separate review
P111-120	111	120	理論	生物	下の模式図に示すように、Gq タンパク質共役型受容体が外部シグナルを受け た結果、エフェクター酵素①が活性化され、ホスファチジルイノシトール 4，5‑二 リン酸から 2 種類のセカンドメッセンジャー②、③が生成する。セカンドメッセン ジャー②は脂溶性分子であり、プロテインキナーゼ C の活性化に関わる。この細 胞内情報伝達経路に関する説明として、正しいのはどれか。２つ選べ。	"[""Gq タンパク質は、ATP を加水分解する。"",""エフェクター酵素①は、ホスホリパーゼ C である。"",""セカンドメッセンジャー②は、アラキドン酸である。"",""セカンドメッセンジャー③は、小胞体から Ca2＋ を放出させる。"",""プロテインキナーゼ C は、基質タンパク質のチロシン残基をリン酸化する。 一般問題（薬学理論問題）【衛生】""]"	multiChoice	[1,3]	null	normal	true	parsed	"[""none""]"		https://www.mhlw.go.jp/content/001677928.pdf	https://www.mhlw.go.jp/content/001677933.pdf	2026-02-22	MHLW website content under Public Data License 1.0 unless separately indicated; third-party content requires separate review
P111-121	111	121	理論	衛生	人口ピラミッド及びその変遷に関する記述として、正しいのはどれか。２つ選 べ。	"[""ピラミッド型は、出生率が高く、人口増加が著しい場合にみられる。"",""ピラミッド型は、年少人口の年齢層が流出して生じる都市型である。"",""つぼ型は、つりがね型に比べ出生率がさらに低下した場合にみられる。"",""第二次世界大戦前、我が国の人口ピラミッドは、つぼ型であった。"",""現在、我が国の人口ピラミッドは、ひょうたん型である。""]"	multiChoice	[0,2]	null	normal	false	parsed	"[""none""]"		https://www.mhlw.go.jp/content/001677928.pdf	https://www.mhlw.go.jp/content/001677933.pdf	2026-02-22	MHLW website content under Public Data License 1.0 unless separately indicated; third-party content requires separate review
P111-122	111	122	理論	衛生	図は、我が国における男女の部位別にみた悪性新生物の年齢調整死亡率（基準 は平成 27（2015）年モデル人口）の年次推移を表したものである。Ａ〜Ｆは、膵 臓、大腸（結腸、直腸 S 状結腸移行部及び直腸）、肺（気管及び気管支を含む）、 前立腺、乳房又は子宮のいずれかの悪性新生物に対応する。これらの悪性新生物に 関する記述として、正しいのはどれか。２つ選べ。	"[""Ａの年齢調整死亡率が 1990 年頃まで増加していた主な理由として、運動不足 が考えられる。"",""Ｂ並びにＥの年齢調整死亡率が増加した主な理由として、食事内容の欧米化が 考えられる。"",""Ｃは膵臓がんであり、リスク要因として糖尿病が挙げられる。"",""Ｄは前立腺がんであり、リスク要因として食物繊維の過剰摂取が挙げられる。"",""Ｆの年齢調整死亡率が 2005 年頃まで低下していた主な理由として、ワクチン の定期接種が考えられる。""]"	multiChoice	[1,2]	null	normal	false	parsed	"[""none""]"		https://www.mhlw.go.jp/content/001677928.pdf	https://www.mhlw.go.jp/content/001677933.pdf	2026-02-22	MHLW website content under Public Data License 1.0 unless separately indicated; third-party content requires separate review
P111-123	111	123	理論	衛生	我が国の健康増進対策に関する記述として、正しいのはどれか。２つ選べ。	"[""スマート・ライフ・プロジェクトは、「適度な運動」、「適切な食生活」、「禁 煙」、「健診・検診の受診」を基本テーマとした国民運動である。"",""国民健康・栄養調査は、健康増進法に基づいて 5 年ごとに実施されている。"",""日本人の食事摂取基準は、国民の栄養摂取の改善に向け、食育基本法に基づい て定められている。"",""特定健康診査・特定保健指導は、生活習慣病の予防を目的として 30〜64 歳を 対象に実施されている。"",""がんの実態把握を目的として、がん登録等の推進に関する法律に基づいて全国 がん登録が実施されている。""]"	multiChoice	[0,4]	null	normal	false	parsed	"[""none""]"		https://www.mhlw.go.jp/content/001677928.pdf	https://www.mhlw.go.jp/content/001677933.pdf	2026-02-22	MHLW website content under Public Data License 1.0 unless separately indicated; third-party content requires separate review
P111-124	111	124	理論	衛生	図は、我が国のリスク要因別の関連死亡者数（2019 年）の上位 1 位から 5 位を 示したものである。各リスク要因Ａ〜Ｅと、それに起因する疾患の予防対策に関す る記述として正しいのはどれか。２つ選べ。	"[""Ａは運動不足であり、疾患の予防には身体活動の習慣化が有効である。"",""Ｂは喫煙であり、疾患の予防には禁煙及び受動喫煙の防止が有効である。"",""Ｃは高血糖であり、疾患の予防には総エネルギー摂取量の適正化と身体活動の 習慣化が有効である。"",""Ｄは高血圧であり、疾患の予防には塩分の過剰摂取を控えることが有効である。"",""Ｅはアルコール摂取であり、疾患の予防には節酒・断酒が有効である。""]"	multiChoice	[1,2]	null	normal	false	parsed	"[""none""]"		https://www.mhlw.go.jp/content/001677928.pdf	https://www.mhlw.go.jp/content/001677933.pdf	2026-02-22	MHLW website content under Public Data License 1.0 unless separately indicated; third-party content requires separate review
P111-125	111	125	理論	衛生	労働衛生管理における健康管理に該当するのはどれか。２つ選べ。	"[""呼吸用保護具を着用させる。"",""ストレスチェックを実施する。"",""有害物質に対する曝露時間を短縮する。"",""有害な原材料を無害なものへと変更する。"",""特殊健康診断を実施する。""]"	multiChoice	[1,4]	null	normal	false	parsed	"[""none""]"		https://www.mhlw.go.jp/content/001677928.pdf	https://www.mhlw.go.jp/content/001677933.pdf	2026-02-22	MHLW website content under Public Data License 1.0 unless separately indicated; third-party content requires separate review
P111-126	111	126	理論	衛生	図は、健常人が絶食後に同じ重量の食品Ａ又はＢを摂取した後の血糖値と、食 品Ａを摂取した後の血中インスリン濃度について考えられる経時変化を示したもの である。食品Ａ又はＢは、精白米又は玄米のいずれかである。以下の記述のうち、 正しいのはどれか。２つ選べ。	"[""食品Ａよりも、食品Ｂの方がグリセミックインデックス（GI）値が低い。"",""食品Ａよりも、食品Ｂの方が糖尿病の発症リスクを高める作用がある。"",""食品Ａを摂取してから 30 分経過した時点では、摂取前よりもインスリンの分 泌量が増加し、グリコーゲンの分解が促進されている。"",""食品Ａを摂取してから 60 分経過した時点では、インスリン依存的に活性化さ れたナトリウム‑グルコース共輸送体 1（SGLT1）により筋肉にグルコースが取 り込まれている。"",""難消化性デキストリンを食品Ａと同時に摂取すると、食品Ａ摂取後の血糖値の 最大値が低くなる。""]"	multiChoice	[0,4]	null	normal	false	parsed	"[""none""]"		https://www.mhlw.go.jp/content/001677928.pdf	https://www.mhlw.go.jp/content/001677933.pdf	2026-02-22	MHLW website content under Public Data License 1.0 unless separately indicated; third-party content requires separate review
P111-127	111	127	理論	衛生	食品成分に関する記述として、正しいのはどれか。２つ選べ。	"[""β‑カロテンは、ニンジンなどの緑黄色野菜に含まれており、生体内でビタミンA に変換される。"",""アントシアニンは、ブドウの果皮などに含まれており、メラニンの生合成を促 進する作用がある。"",""クロロゲン酸は、コーヒーに含まれる苦味成分であり、脂肪の燃焼を促進する 作用がある。"",""ラクトトリペプチドは、アンジオテンシン変換酵素を活性化し、血圧を上昇さ せる作用がある。"",""グルコサミンは、膵リパーゼを阻害し、血中の中性脂肪値を低下させる作用が ある。""]"	multiChoice	[0,2]	null	normal	false	parsed	"[""none""]"		https://www.mhlw.go.jp/content/001677928.pdf	https://www.mhlw.go.jp/content/001677933.pdf	2026-02-22	MHLW website content under Public Data License 1.0 unless separately indicated; third-party content requires separate review
P111-128	111	128	理論	衛生	食品の変質による分解生成物に関する記述として、正しいのはどれか。２つ選 べ。	"[""サバやイワシはヒスチジン含有量が多いため、腐敗によってアレルギー様食中 毒を起こしやすい。"",""トリメチルアミンは、主に魚介類の腐敗物質で、トリメチルアミンオキシドか ら腐敗菌の酵素により酸化されて生成する。"",""チーズなどに含まれるチラミンは血圧上昇作用があり、リシンから生成する。"",""スカトールは、トリプトファンの脱アミノ反応及び脱炭酸反応により生成する。"",""硫化水素及びエチルメルカプタンは、悪臭の原因となり、アルギニンから生成 する。""]"	multiChoice	[0,3]	null	normal	false	parsed	"[""none""]"		https://www.mhlw.go.jp/content/001677928.pdf	https://www.mhlw.go.jp/content/001677933.pdf	2026-02-22	MHLW website content under Public Data License 1.0 unless separately indicated; third-party content requires separate review
P111-129	111	129	理論	衛生	食品添加物Ａ〜Ｅの機能又は用途に関する記述として、正しいのはどれか。 ２つ選べ。	"[""Ａは、甘味料として用いられている。"",""Ｂは、油脂等の酸化防止剤として用いられている。"",""Ｃは、柑橘類の防かび剤として用いられている。"",""Ｄは、水溶性ビタミンの一種で、着色料として用いられている。"",""Ｅは、保存料として用いられている。""]"	multiChoice	[1,2]	null	normal	false	parsed	"[""none""]"		https://www.mhlw.go.jp/content/001677928.pdf	https://www.mhlw.go.jp/content/001677933.pdf	2026-02-22	MHLW website content under Public Data License 1.0 unless separately indicated; third-party content requires separate review
P111-130	111	130	理論	衛生	化学物質Ａ〜Ｅの代謝的活性化による発がん物質の生成に関する記述として、 正しいのはどれか。２つ選べ。	"[""Ａは、シトクロム P450 により代謝され、 ‑ヒドロキシ体を生成する。"",""Ｂは、シトクロム P450 により代謝され、クロロエチレンオキシドを生成する。"",""Ｃは、シトクロム P450 により代謝され、メチルカチオンを生成する。"",""Ｄは、シトクロム P450 及びエポキシドヒドロラーゼにより代謝され、7，8‑ジ オール‑9，10‑エポキシ体を生成する。"",""Ｅは、シトクロム P450 により代謝され、エポキシ体を生成する。""]"	multiChoice	[1,3]	null	normal	false	parsed	"[""none""]"		https://www.mhlw.go.jp/content/001677928.pdf	https://www.mhlw.go.jp/content/001677933.pdf	2026-02-22	MHLW website content under Public Data License 1.0 unless separately indicated; third-party content requires separate review
P111-131	111	131	理論	衛生	農薬Ａ〜Ｅに関する記述として、正しいのはどれか。２つ選べ。	"[""Ａは、シトクロム P450 により代謝され、アセチルコリンエステラーゼを活性 化する。"",""Ｂは、エステルが加水分解され、毒性が強い活性代謝物となる。"",""Ｃは、アセチルコリンエステラーゼをカルバモイル化し、不可逆的に阻害する。"",""Ｄは、アミノ酸合成を阻害し、除草作用を示す。"",""Ｅは、スーパーオキシドアニオンを生成し、細胞に障害を与える。""]"	multiChoice	[3,4]	null	normal	false	parsed	"[""none""]"		https://www.mhlw.go.jp/content/001677928.pdf	https://www.mhlw.go.jp/content/001677933.pdf	2026-02-22	MHLW website content under Public Data License 1.0 unless separately indicated; third-party content requires separate review
P111-132	111	132	理論	衛生	中毒原因物質の検出、又は患者への対応に関する記述として、正しいのはどれ か。２つ選べ。	"[""Δ9‑テトラヒドロカンナビノールは代謝を受けやすいため、検体として用いる 尿中から代謝物として検出される。"",""Δ9‑テトラヒドロカンナビノール及びカンナビジオールの検出には、マルキス 試薬が用いられる。"",""アンフェタミン及びメタンフェタミンの検出には、シモン反応が用いられる。"",""中毒原因物質の特定ができない場合に、特徴的な症状から原因物質を推定して 緊急対応を行う概念を、トキシドロームという。"",""散瞳、頻脈、口渇が認められる場合は、中毒原因物質を有機リン系化合物と推 定して初期の治療を開始することがある。""]"	multiChoice	[0,3]	null	normal	false	parsed	"[""none""]"		https://www.mhlw.go.jp/content/001677928.pdf	https://www.mhlw.go.jp/content/001677933.pdf	2026-02-22	MHLW website content under Public Data License 1.0 unless separately indicated; third-party content requires separate review
P111-133	111	133	理論	衛生	化学物質の毒性試験に関する記述として、正しいのはどれか。２つ選べ。	"[""国際的に共通な毒性試験法ガイドラインは、経済協力開発機構（OECD）や医 薬品規制調和国際会議（ICH）が作成している。"",""発がん性試験には、細菌や培養細胞を用いて評価する方法がある。"",""変異原性試験には、培養細胞を用いる試験法はあるが、動物を用いる試験法は ない。"",""生殖毒性試験では、被験物質を雌に投与するが、雄には投与しない。"",""アレルゲン性試験には、マウスの耳介に被験物質を塗布して皮膚感作性を評価 する方法がある。""]"	multiChoice	[0,4]	null	normal	false	parsed	"[""none""]"		https://www.mhlw.go.jp/content/001677928.pdf	https://www.mhlw.go.jp/content/001677933.pdf	2026-02-22	MHLW website content under Public Data License 1.0 unless separately indicated; third-party content requires separate review
P111-134	111	134	理論	衛生	化学物質の安全性評価に関する記述として、正しいのはどれか。２つ選べ。	"[""化学物質の無毒性量（NOAEL）は、急性毒性試験から推定される。"",""遺伝毒性発がん物質の安全性評価の指標として、実質安全量（VSD）を用いる。"",""動 物 実 験 デ ー タ か ら NOAEL が 得 ら れ な い 場 合 に、 ベ ン チ マ ー ク ド ー ズ （BMD）法が用いられることがある。"",""許容一日摂取量（ADI）は、閾値がない化学物質に適用される指標である。"",""農薬の ADI は、ヒト及び生態系への影響を考慮して決められている。""]"	multiChoice	[1,2]	null	normal	false	parsed	"[""none""]"		https://www.mhlw.go.jp/content/001677928.pdf	https://www.mhlw.go.jp/content/001677933.pdf	2026-02-22	MHLW website content under Public Data License 1.0 unless separately indicated; third-party content requires separate review
P111-135	111	135	理論	衛生	電離放射線及び放射性同位体に関する記述として、正しいのはどれか。２つ選 べ。	"[""32 P 及び 90Sr は、甲状腺に集積しやすい。"",""大気中に存在する 222Rn による生体影響は、ほとんど外部被曝によるものであ る。"",""神経組織、筋肉組織及び皮膚のうち、電離放射線による感受性が最も高いの は、神経組織である。"",""晩発性障害は、低放射線量や長期間被曝した場合や顕著な急性障害が見られな かった場合でも発症することがある。"",""食品中の放射性物質については、放射性セシウムの基準値が設定されている。""]"	multiChoice	[3,4]	null	normal	false	parsed	"[""none""]"		https://www.mhlw.go.jp/content/001677928.pdf	https://www.mhlw.go.jp/content/001677933.pdf	2026-02-22	MHLW website content under Public Data License 1.0 unless separately indicated; third-party content requires separate review
P111-136	111	136	理論	衛生	微生物を用いた下水処理法に関する記述として、正しいのはどれか。２つ選べ。	"[""嫌気性微生物を用いた処理は、余剰汚泥の処理に用いられる。"",""嫌気性微生物を用いた処理によって発生したメタンガスは、燃料として用いら れることがある。"",""嫌気性微生物は、有機物濃度が高い排水の処理には用いられない。"",""標準活性汚泥法の曝気槽では、主に嫌気性微生物が有機物を分解する。"",""嫌気・無酸素・好気法では、無酸素槽でリン蓄積菌がリンを取り込むことで、 下水中のリンを除去することができる。""]"	multiChoice	[0,1]	null	normal	false	parsed	"[""none""]"		https://www.mhlw.go.jp/content/001677928.pdf	https://www.mhlw.go.jp/content/001677933.pdf	2026-02-22	MHLW website content under Public Data License 1.0 unless separately indicated; third-party content requires separate review
P111-137	111	137	理論	衛生	化学的酸素要求量（COD）及び生物化学的酸素要求量（BOD）とその試験法 に関する記述として、正しいのはどれか。２つ選べ。	"[""生活環境の保全に関する環境基準において、湖沼及び海域では COD、河川で は BOD がそれぞれ定められている。"",""公共用水域（湖沼、海域、河川）のうち、COD 又は BOD の環境基準達成率が 最も高いのは湖沼である。"",""酸性高温過マンガン酸法により COD を測定する際に硝酸銀を加えるのは、水 中の Cl− を汚濁として評価するためである。"",""ウィンクラー法を用いて BOD を測定する際に植種水を加えるのは、好気性微 生物を補給するためである。"",""水中の有機物の種類によらず、COD と BOD の間には、比例関係が認められる。""]"	multiChoice	[0,3]	null	normal	false	parsed	"[""none""]"		https://www.mhlw.go.jp/content/001677928.pdf	https://www.mhlw.go.jp/content/001677933.pdf	2026-02-22	MHLW website content under Public Data License 1.0 unless separately indicated; third-party content requires separate review
P111-138	111	138	理論	衛生	表は、ある大気汚染物質の 2010〜2020 年度における年平均濃度と環境基準達 成率を示している。大気汚染物質Ａ及びＢに関する記述として、正しいのはどれ か。２つ選べ。 大気 2010 年度 2015 年度 2020 年度 汚染 物質 一般局 自排局 一般局 自排局 一般局 自排局 有効測定局数 1,144 33 1,144 29 1,155 31 年平均濃度（ppm） 0.048 0.043 0.048 0.044 0.046 0.044 Ａ 環境基準 0.0 0.0 0.0 0.0 0.2 0.0 達成率（％） 有効測定局数 34 12 765 219 844 237 年平均濃度（μg/m3） 15.1 17.2 13.1 13.9 9.5 10.0 Ｂ 環境基準 32.4 8.3 74.5 58.4 98.3 98.3 達成率（％） 一般局：一般環境大気測定局、自排局：自動車排出ガス測定局 （総務省統計局 日本の統計 2025 のデータを基に作成）	"[""Ａ及びＢは、いずれも一次生成物質である。"",""Ａは、光化学スモッグの原因となる酸化性物質の総称で、組成の大部分はオゾ ンである。"",""Ａの発生状況を把握するために、メタンが常時測定されている。"",""Ｂは、粒子状物質のうち空気動力学径が 10 μm 以下のものと定義されている。"",""Ａ及びＢを低減するために、固定発生源からの揮発性有機化合物の排出基準が 設定されている。""]"	multiChoice	[1,4]	null	normal	false	parsed	"[""none""]"		https://www.mhlw.go.jp/content/001677928.pdf	https://www.mhlw.go.jp/content/001677933.pdf	2026-02-22	MHLW website content under Public Data License 1.0 unless separately indicated; third-party content requires separate review
P111-139	111	139	理論	衛生	室内において健康影響を与える因子及び指標・基準に関する記述として、正し いのはどれか。２つ選べ。	"[""室内空気中の総揮発性有機化合物の暫定目標値は、各揮発性有機化合物の毒性 を基に定められている。"",""ヒョウヒダニの死骸はアレルゲンとなるため、学校保健安全法においてダニ又 はダニアレルゲンの基準が設定されている。"",""ホルムアルデヒドはシックハウス症候群の原因となり、建築基準法において建 材への使用が禁止されている。"",""カビの増殖は気温や気湿によって影響を受けるため、気温と気湿の管理は、ア レルギー性疾患の予防には重要である。"",""レジオネラ属菌は温泉や公共入浴施設において感染例が多く、20〜30 歳の患者 数が多い。""]"	multiChoice	[1,3]	null	normal	false	parsed	"[""none""]"		https://www.mhlw.go.jp/content/001677928.pdf	https://www.mhlw.go.jp/content/001677933.pdf	2026-02-22	MHLW website content under Public Data License 1.0 unless separately indicated; third-party content requires separate review
P111-140	111	140	理論	衛生	廃棄物に関する記述として、正しいのはどれか。２つ選べ。	"[""一般廃棄物及び産業廃棄物の処理方法には中間処理や最終処理があり、これら の廃棄物の処理責任は市町村が有している。"",""医療機関などから排出される医療廃棄物で、感染性病原体が含まれるものは、 特別管理一般廃棄物又は特別管理産業廃棄物に大別される。"",""感染症法（注）により入院措置が講ぜられる病床から排出された廃棄物は、感染 性廃棄物である。"",""注射針を廃棄する場合、感染性廃棄物であることを容易に識別できるように、 容器には赤色のバイオハザードマークをつけることが推奨されている。"",""産業廃棄物の不法投棄を防止するため、産業廃棄物の運搬から処分場までのプ ロセスを記録するシステムとして PRTR 制度がある。 （注）感染症法：感染症の予防及び感染症の患者に対する医療に関する法律 一般問題（薬学理論問題）【法規・制度・倫理】""]"	multiChoice	[1,2]	null	normal	false	parsed	"[""none""]"		https://www.mhlw.go.jp/content/001677928.pdf	https://www.mhlw.go.jp/content/001677933.pdf	2026-02-22	MHLW website content under Public Data License 1.0 unless separately indicated; third-party content requires separate review
P111-141	111	141	理論	法規・制度・倫理	医学研究に関する記述のうち、ヘルシンキ宣言に照らして正しいのはどれか。 １つ選べ。	"[""宣言の対象となる医学研究には、本人を特定できるヒトの試料やデータを用い る研究も含まれる。"",""資金源の情報は、研究計画書に明示してはならない。"",""インフォームド・コンセントを行う能力がない者を対象者にしてはならない。"",""研究開始後、すみやかに倫理審査委員会の審査を受けなければならない。"",""研究の対象となる患者の生命のリスクよりも、研究から得られる経済的利益を 優先しなければならない。""]"	singleChoice	0	null	normal	false	parsed	"[""none""]"		https://www.mhlw.go.jp/content/001677928.pdf	https://www.mhlw.go.jp/content/001677933.pdf	2026-02-22	MHLW website content under Public Data License 1.0 unless separately indicated; third-party content requires separate review
P111-142	111	142	理論	法規・制度・倫理	薬剤師の法的責任に関する記述として正しいのはどれか。２つ選べ。	"[""薬剤師が疑義照会義務を怠った場合には、指示警告上の欠陥があったとして薬 剤師は製造物責任を負う。"",""薬剤師が業務上知り得た秘密を正当な理由なく漏洩した場合には、秘密漏示罪 に問われる可能性がある。"",""薬剤師が罰金以上の刑となった場合には、業務の停止又は免許の取消しのいず れかの処分を受ける。"",""債務不履行責任、不法行為責任又は製造物責任における損害賠償について、医 療に関する場合にはいずれも消滅時効はない。"",""薬剤師が調剤過誤を起こして患者に健康被害を与えた場合には、薬剤師は損害 賠償の義務を負う。""]"	multiChoice	[1,4]	null	normal	false	parsed	"[""none""]"		https://www.mhlw.go.jp/content/001677928.pdf	https://www.mhlw.go.jp/content/001677933.pdf	2026-02-22	MHLW website content under Public Data License 1.0 unless separately indicated; third-party content requires separate review
P111-143	111	143	理論	法規・制度・倫理	医療法に基づく医療提供体制の確保に関する記述として、正しいのはどれか。 ２つ選べ。	"[""厚生労働大臣は、基本方針を定めるにあたって、薬事審議会の意見を聴かなけ ればならない。"",""市町村は、基本方針に則し、地域の実情に応じ、医療計画を定める。"",""医療計画には、医療従事者の確保に関する事項が含まれる。"",""医療計画には、地域の人口に応じた薬局数が定められている。"",""二次医療圏とは、特殊な医療を除く入院医療を提供する地域的単位である。""]"	multiChoice	[2,4]	null	normal	false	parsed	"[""none""]"		https://www.mhlw.go.jp/content/001677928.pdf	https://www.mhlw.go.jp/content/001677933.pdf	2026-02-22	MHLW website content under Public Data License 1.0 unless separately indicated; third-party content requires separate review
P111-144	111	144	理論	法規・制度・倫理	医薬品医療機器等法における医薬部外品に関する記述として、正しいのはどれ か。２つ選べ。	"[""医薬品と同じ目的のために使用されるものがある。"",""「はえ」や「蚊」の防除の目的で使用されるものがある。"",""日本薬局方 白色ワセリンは医薬部外品である。"",""外用剤に限定される。"",""店舗で販売するには、販売業の届出が必要である。""]"	multiChoice	[0,1]	null	normal	false	parsed	"[""none""]"		https://www.mhlw.go.jp/content/001677928.pdf	https://www.mhlw.go.jp/content/001677933.pdf	2026-02-22	MHLW website content under Public Data License 1.0 unless separately indicated; third-party content requires separate review
P111-145	111	145	理論	法規・制度・倫理	医薬品の製造販売承認申請のために実施する試験に関する記述として、正しい のはどれか。２つ選べ。	"[""薬効薬理試験とは、被験物質の治療用量及びそれ以上の曝露に関連した生理機 能に対する潜在的な望ましくない薬力学的作用を検討する試験である。"",""副次的薬理試験とは、被験物質の期待した治療標的に関連しない作用又は効果 の機序に関する試験である。"",""薬物動態試験とは、被験物質の吸収、分布、代謝又は排泄を明らかにするため の試験である。"",""物理的化学的性質並びに規格及び試験方法の設定に関する試験は、GQP に従 い実施しなければならない。"",""安定性試験には、長期保存試験、加速試験及び生物学的同等性試験の 3 種類が ある。""]"	multiChoice	[1,2]	null	normal	false	parsed	"[""none""]"		https://www.mhlw.go.jp/content/001677928.pdf	https://www.mhlw.go.jp/content/001677933.pdf	2026-02-22	MHLW website content under Public Data License 1.0 unless separately indicated; third-party content requires separate review
P111-146	111	146	理論	法規・制度・倫理	医薬品の製造販売業の総括製造販売責任者に関する記述として、正しいのはど れか。２つ選べ。	"[""総括製造販売責任者の設置について、厚生労働大臣の承認を受けなければなら ない。"",""処方箋医薬品の場合は、品目ごとに総括製造販売責任者を設置しなければなら ない。"",""医薬品の品質管理及び製造販売後安全管理に関する業務を適正かつ円滑に遂行 しうる能力を有する者でなければならない。"",""製造所に勤務する従業者を監督し、製造所の構造設備及び物品を管理しなけれ ばならない。"",""医薬品の品質管理を公正かつ適正に行うために必要があるときは、製造販売業 者に対し、意見を書面により述べなければならない。""]"	multiChoice	[2,4]	null	normal	false	parsed	"[""none""]"		https://www.mhlw.go.jp/content/001677928.pdf	https://www.mhlw.go.jp/content/001677933.pdf	2026-02-22	MHLW website content under Public Data License 1.0 unless separately indicated; third-party content requires separate review
P111-147	111	147	理論	法規・制度・倫理	毒物及び劇物取締法に関する記述として正しいのはどれか。２つ選べ。	"[""特定毒物を使用することができるのは、毒物劇物取扱責任者又は特定毒物使用 者である。"",""毒物又は劇物の一般販売業の登録にあたっては、販売しようとする毒物又は劇 物の品目を登録しなければならない。"",""毒物劇物営業者は、毒物又は劇物を 18 歳未満の者に交付してはならない。"",""毒物劇物販売業者の登録の有効期間は 6 年である。"",""毒物劇物営業者は、一般消費者の生活の用に供される毒物又は劇物について は、飲食物に通常使用される容器を使用して販売することができる。""]"	multiChoice	[2,3]	null	normal	false	parsed	"[""none""]"		https://www.mhlw.go.jp/content/001677928.pdf	https://www.mhlw.go.jp/content/001677933.pdf	2026-02-22	MHLW website content under Public Data License 1.0 unless separately indicated; third-party content requires separate review
P111-148	111	148	理論	法規・制度・倫理	公費負担医療に関する説明として正しいのはどれか。２つ選べ。	"[""医療に要した費用の全額が公費負担となるものはない。"",""法律や条例等に基づいて、国及び地方自治体が医療に関する給付を行う。"",""「感染症の予防及び感染症の患者に対する医療に関する法律」に基づく特定の 感染症に罹患した患者に対する公費負担医療がある。"",""生活保護法における医療扶助は、公費負担医療に該当しない。"",""公費負担医療を受ける場合、国立病院又は公立病院で受診する必要がある。""]"	multiChoice	[1,2]	null	normal	false	parsed	"[""none""]"		https://www.mhlw.go.jp/content/001677928.pdf	https://www.mhlw.go.jp/content/001677933.pdf	2026-02-22	MHLW website content under Public Data License 1.0 unless separately indicated; third-party content requires separate review
P111-149	111	149	理論	法規・制度・倫理	我が国の公的医療保険制度に関する記述として、正しいのはどれか。２つ選べ。	"[""保険料は、保険の種類に関わらず全国で統一された同じ金額である。"",""加入者が療養の給付を受けた際、一旦、全額を支払い、保険給付分は申請して 受け取る。"",""保険調剤を受けるには、保険医等が交付した処方箋が必要である。"",""療養の給付の範囲は、健康保険と国民健康保険では異なる。"",""健康保険は、被用者保険である。""]"	multiChoice	[2,4]	null	normal	false	parsed	"[""none""]"		https://www.mhlw.go.jp/content/001677928.pdf	https://www.mhlw.go.jp/content/001677933.pdf	2026-02-22	MHLW website content under Public Data License 1.0 unless separately indicated; third-party content requires separate review
P111-150	111	150	理論	法規・制度・倫理	薬剤師が服薬指導時に患者の解釈モデルを尋ねているのはどれか。２つ選べ。	"[""症状を教えてください。"",""医師から何と言われましたか。"",""これまでにお薬を飲んで、副作用を経験したことはありますか。"",""お薬の効果や副作用について、どのようなご不安をお持ちですか。"",""お薬を服用するにあたって、どのような支援が必要だとお考えですか。""]"	multiChoice	[3,4]	null	normal	false	parsed	"[""none""]"		https://www.mhlw.go.jp/content/001677928.pdf	https://www.mhlw.go.jp/content/001677933.pdf	2026-02-22	MHLW website content under Public Data License 1.0 unless separately indicated; third-party content requires separate review
P111-151	111	151	理論	薬理	下のグラフは、摘出回腸平滑筋を用いた受容体刺激薬Ａによる収縮反応の濃度‑ 反応曲線と、それに対する薬物Ｘ（10‑7 mol/L）あるいは薬物Ｙ（10‑7 mol/L）の 併用が及ぼす影響を示したものである。刺激薬Ａは、一種類の受容体のみを刺激 し、薬物Ｘと薬物Ｙに収縮作用はない。この結果に関する記述として、正しいのは どれか。２つ選べ。	"[""刺激薬Ａの pD2 値は、約 7 である。"",""薬物Ｘの pA2 値は、 7 より小さいと推定できる。"",""10‑5 mol/L の刺激薬Ａによる収縮反応は、薬物Ｘ（10‑7 mol/L）の併用により 約 50％抑制される。"",""薬物Ｙは、刺激薬Ａに対する非競合的拮抗薬である。"",""薬物Ｙの内活性は、0.5 である。""]"	multiChoice	[0,3]	null	normal	true	parsed	"[""none""]"		https://www.mhlw.go.jp/content/001677929.pdf	https://www.mhlw.go.jp/content/001677933.pdf	2026-02-22	MHLW website content under Public Data License 1.0 unless separately indicated; third-party content requires separate review
P111-152	111	152	理論	薬理	副交感神経系に作用する薬物の作用機序に関する記述として、正しいのはどれ か。２つ選べ。	"[""ピロカルピンは、アセチルコリン M3 受容体を刺激して、毛様体筋を収縮させ る。"",""アトロピンは、アセチルコリン M2 受容体を遮断して、洞房結節の活動電位の 発生頻度を増加させる。"",""ジスチグミンは、コリンエステラーゼを非可逆的に阻害して、膀胱排尿筋の収 縮を増強する。"",""ベタネコールは、アセチルコリン M1 受容体を遮断して、腸管平滑筋を弛緩さ せる。"",""トロピカミドは、アセチルコリン M3 受容体を刺激して、気管支平滑筋を収縮 させる。""]"	multiChoice	[0,1]	null	normal	false	parsed	"[""none""]"		https://www.mhlw.go.jp/content/001677929.pdf	https://www.mhlw.go.jp/content/001677933.pdf	2026-02-22	MHLW website content under Public Data License 1.0 unless separately indicated; third-party content requires separate review
P111-153	111	153	理論	薬理	筋弛緩薬に関する記述として、正しいのはどれか。２つ選べ。	"[""ロクロニウムは、電位依存性 Na＋ チャネルに結合して、終板の脱分極を抑制す る。"",""スキサメトニウムの筋弛緩作用は、スガマデクスの併用により減弱される。"",""ダントロレンは、骨格筋のリアノジン受容体に作用して、筋小胞体からの Ca2＋ 遊離を抑制する。"",""バクロフェンは、γ‑アミノ酪酸 GABAA 受容体を刺激して、γ 運動ニューロン の活動を抑制する。"",""チザニジンは、アドレナリン α2 受容体を刺激して、脊髄の多シナプス反射を 抑制する。 一般問題（薬学理論問題）【薬理／病態・薬物治療】""]"	multiChoice	[2,4]	null	normal	false	parsed	"[""none""]"		https://www.mhlw.go.jp/content/001677929.pdf	https://www.mhlw.go.jp/content/001677933.pdf	2026-02-22	MHLW website content under Public Data License 1.0 unless separately indicated; third-party content requires separate review
P111-154	111	154	理論	病態・薬物治療	‑155 30 歳女性。高校 3 年生のときにきっかけもなく元気がなくなり、 3 ケ月間 学校を休んだことがあったが、特に治療を受けずに回復した。その後は順調であっ たが、 1 ケ月前に急に元気がなくなり、会社を休んだりしていた。ここ数日は「偉 大な発見をしたので、自分には特別な才能がある」と言ったり、誰彼構わず夜中に 電話をするといった状態が持続するため、母親に連れられて来院した。母親による と 2 週間前から母親と話していても、話の内容が次々と脱線し、話している内容が まとまらない、些細なことを契機に怒り出すなど、普段とは異なる行動がみられ た。睡眠をほとんどとっていないが、本人は疲れを感じていない。親戚や友人への 電話で家や車の購入計画などを話し、相手が反対すると激怒するようになった。血 液生化学検査、脳画像検査、脳波検査、脳脊髄液検査で異常はない。飲酒・喫煙歴 なし。違法薬物の使用歴もない。診察の結果、患者は双極性障害と診断された。 問 154（病態・薬物治療） この患者に認められる症状はどれか。２つ選べ。	"[""観念奔逸"",""誇大妄想"",""心気妄想"",""罪業妄想"",""貧困妄想""]"	multiChoice	[0,1]	null	normal	true	parsed	"[""none""]"		https://www.mhlw.go.jp/content/001677929.pdf	https://www.mhlw.go.jp/content/001677933.pdf	2026-02-22	MHLW website content under Public Data License 1.0 unless separately indicated; third-party content requires separate review
P111-155	111	155	理論	薬理	（薬理） 双極性障害に用いられる薬物の薬理作用に関する記述として、正しいのはどれ か。２つ選べ。	"[""炭酸リチウムは、イノシトール 1‑リン酸分解酵素を阻害し、ホスファチジルイ ノシトール（PI）代謝回転を亢進させる。"",""オランザピンは、電位依存性 Ca2＋ チャネルの α2 δ サブユニットに結合し、興 奮性神経伝達物質の遊離を抑制する。"",""アリピプラゾールは、ドパミン D2 受容体及びセロトニン 5‑HT1A 受容体に対し て部分刺激薬として作用する。"",""カルバマゼピンは、γ‑アミノ酪酸（GABA）トランスアミナーゼを阻害し、脳 内 GABA 量を増加させる。"",""ラモトリギンは、電位依存性 Na＋ チャネルを遮断し、神経細胞の過剰興奮を抑 制する。 一般問題（薬学理論問題）【薬理】""]"	multiChoice	[2,4]	null	normal	false	parsed	"[""none""]"		https://www.mhlw.go.jp/content/001677929.pdf	https://www.mhlw.go.jp/content/001677933.pdf	2026-02-22	MHLW website content under Public Data License 1.0 unless separately indicated; third-party content requires separate review
P111-156	111	156	理論	薬理	片頭痛治療薬の作用機序に関する記述として、正しいのはどれか。２つ選べ。	"[""エレトリプタンは、セロトニン 5‑HT1B 受容体を刺激して、脳血管を収縮させ る。"",""ゾルミトリプタンは、セロトニン 5‑HT1F 受容体を選択的に刺激して、ニュー ロペプチドの放出を抑制する。"",""エレヌマブは、電位依存性 Ca2＋ チャネルに結合して、ニューロペプチドの放 出を抑制する。"",""ガルカネズマブは、カルシトニン遺伝子関連ペプチド（CGRP）に結合して、 神経原性炎症を抑制する。"",""ロメリジンは、プロスタグランジン E2 の産生を抑制して、痛覚閾値を上昇さ せる。 一般問題（薬学理論問題）【薬理／病態・薬物治療】""]"	multiChoice	[0,3]	null	normal	false	parsed	"[""none""]"		https://www.mhlw.go.jp/content/001677929.pdf	https://www.mhlw.go.jp/content/001677933.pdf	2026-02-22	MHLW website content under Public Data License 1.0 unless separately indicated; third-party content requires separate review
P111-157	111	157	理論	病態・薬物治療	‑158 18 歳女性。アレルギー性鼻炎と診断され、治療中である。その他の既往歴 及び常用薬はない。 問 157（病態・薬物治療） アレルギー性鼻炎の病態と治療に関する記述として、正しいのはどれか。２つ選 べ。	"[""通年性アレルギー性鼻炎の原因では、スギ花粉が最も多い。"",""季節性アレルギー性鼻炎は、アレルギー性結膜炎を併発しやすい。"",""鼻噴霧用副腎皮質ステロイド薬は、くしゃみ鼻漏型と鼻閉型の両方に有効であ る。"",""既存治療で効果不十分な難治例に対しては、エタネルセプトが適用される。"",""減感作療法は、通常 2 〜 3 週間で終了する。""]"	multiChoice	[1,2]	null	normal	false	parsed	"[""none""]"		https://www.mhlw.go.jp/content/001677929.pdf	https://www.mhlw.go.jp/content/001677933.pdf	2026-02-22	MHLW website content under Public Data License 1.0 unless separately indicated; third-party content requires separate review
P111-158	111	158	理論	薬理	（薬理） アレルギー性鼻炎の治療に用いられる薬物の作用機序に関する記述として、正し いのはどれか。２つ選べ。	"[""ビラスチンは、ヒスタミン H1 受容体を遮断することで、くしゃみや鼻汁分泌 を軽減する。"",""クロモグリク酸は、アドレナリン α 受容体を刺激することで、鼻粘膜の血管平 滑筋を収縮させ、鼻閉を改善する。"",""トラニラストは、ロイコトリエン CysLT1 受容体を遮断することで、鼻粘膜の 過敏性を改善する。"",""プランルカストは、IgE 抗体を中和することで、肥満細胞からのヒスタミン遊 離を抑制する。"",""ラマトロバンは、プロスタノイド TP 受容体及びプロスタノイド DP2 受容体 （CRTH2 受容体）を遮断することで、鼻粘膜の炎症を軽減する。 一般問題（薬学理論問題）【薬理】""]"	multiChoice	[0,4]	null	normal	false	parsed	"[""none""]"		https://www.mhlw.go.jp/content/001677929.pdf	https://www.mhlw.go.jp/content/001677933.pdf	2026-02-22	MHLW website content under Public Data License 1.0 unless separately indicated; third-party content requires separate review
P111-159	111	159	理論	薬理	骨粗しょう症治療薬の作用機序に関する記述として、正しいのはどれか。２つ 選べ。	"[""アレンドロン酸は、メバロン酸経路のファルネシルピロリン酸合成酵素を阻害 することで、破骨細胞による骨吸収を抑制する。"",""カルシトリオールは、カルシトニン受容体を刺激することで、腸管からの Ca2＋ 吸収を促進する。"",""テリパラチドは、破骨細胞のビタミン D 受容体に結合することで、破骨細胞の アポトーシスを促進する。"",""ラロキシフェンは、骨組織のエストロゲン受容体の活性化を介して、骨吸収を 抑制する。"",""ロモソズマブは、スクレロスチンに結合し、古典的 Wnt シグナル伝達を抑制 して、骨形成を促進する。 一般問題（薬学理論問題）【薬理／病態・薬物治療】""]"	multiChoice	[0,3]	null	normal	false	parsed	"[""none""]"		https://www.mhlw.go.jp/content/001677929.pdf	https://www.mhlw.go.jp/content/001677933.pdf	2026-02-22	MHLW website content under Public Data License 1.0 unless separately indicated; third-party content requires separate review
P111-160	111	160	理論	病態・薬物治療	‑161 62 歳女性。10 年前から高血圧症と脂質異常症の治療を受けていたが、そ れ以外は心疾患を含めて既往歴はない。半年前より坂道や階段を昇るときに胸部圧 迫感を自覚するようになったが、 3 〜 4 分程度安静にすると症状は消失していた。 現在も労作時に同様の胸部症状が現れるが、その強さや頻度、持続時間は半年前と 比較して変わらないという。運動負荷心電図で ST の低下が認められ、さらに冠動 脈造影検査などの諸検査の結果、労作性狭心症と診断された。その他の検査結果は 以下のとおりであった。 （検査値） 血圧 140/92 mmHg、心拍 68 拍/分、LDL‑C 132 mg/dL、HDL‑C 43 mg/dL、 TG（トリグリセリド）115 mg/dL、HbA1c 5.8％ 問 160（病態・薬物治療） この患者の病態と治療に関する記述として、正しいのはどれか。２つ選べ。	"[""急性冠症候群の症例である。"",""冠動脈硬化による器質的狭窄が生じていると考えられる。"",""血中の心筋トロポニン値や CK（クレアチンキナーゼ）値が上昇している。"",""降圧目標は、診察室血圧で 130/80 mmHg 未満である。"",""LDL‑C は管理目標値に達している。""]"	multiChoice	[1,3]	null	normal	false	parsed	"[""none""]"		https://www.mhlw.go.jp/content/001677929.pdf	https://www.mhlw.go.jp/content/001677933.pdf	2026-02-22	MHLW website content under Public Data License 1.0 unless separately indicated; third-party content requires separate review
P111-161	111	161	理論	薬理	（薬理） 狭心症治療薬の作用機序に関する記述として、正しいのはどれか。２つ選べ。	"[""ニトログリセリンは、アデニル酸シクラーゼの活性化を介して、血管を拡張さ せる。"",""アテノロールは、アドレナリン β1 受容体を遮断して、心筋の酸素需要を減少 させる。"",""ニフェジピンは、電位依存性 L 型 Ca2＋ チャネルを遮断して、冠動脈を拡張さ せる。"",""ジルチアゼムは、電位依存性 Na＋ チャネルを遮断して、陰性の変時作用を示す。"",""ニコランジルは、ATP 感受性 K＋ チャネルを遮断して、細動脈を拡張させる。 一般問題（薬学理論問題）【薬理】""]"	multiChoice	[1,2]	null	normal	false	parsed	"[""none""]"		https://www.mhlw.go.jp/content/001677929.pdf	https://www.mhlw.go.jp/content/001677933.pdf	2026-02-22	MHLW website content under Public Data License 1.0 unless separately indicated; third-party content requires separate review
P111-162	111	162	理論	薬理	高血圧症治療薬の作用機序に関する記述として、正しいのはどれか。２つ選べ。	"[""アジルサルタンは、アンジオテンシンⅡAT1 受容体を遮断して、血管収縮及び アルドステロン分泌を抑制する。"",""シルニジピンは、電位依存性 N 型 Ca2＋ チャネルを遮断して、交感神経終末か らのノルアドレナリン遊離を抑制する。"",""ヒドロクロロチアジドは、Na＋‑K＋‑2Cl− 共輸送体を阻害して、遠位尿細管にお ける Na＋ の再吸収を抑制する。"",""ウラピジルは、アドレナリン α1 受容体を遮断して、交感神経終末からのノル アドレナリン遊離を抑制する。"",""イミダプリルは、レニンを阻害して、アンジオテンシノーゲンからアンジオテ ンシンⅠへの変換を抑制する。""]"	multiChoice	[0,1]	null	normal	false	parsed	"[""none""]"		https://www.mhlw.go.jp/content/001677929.pdf	https://www.mhlw.go.jp/content/001677933.pdf	2026-02-22	MHLW website content under Public Data License 1.0 unless separately indicated; third-party content requires separate review
P111-163	111	163	理論	薬理	抗凝固薬の作用機序に関する記述として、正しいのはどれか。２つ選べ。	"[""ワルファリンは、ビタミン K エポキシド還元酵素を阻害することで、ビタミン K 依存性凝固因子の生成を阻害する。"",""ヘパリンは、プラスミノーゲンからプラスミンへの変換を促進することによ り、線溶系を活性化する。"",""ナファモスタットは、アンチトロンビンと結合し、トロンビン活性を選択的に 阻害する。"",""ダビガトランエテキシラートは、体内で活性代謝物となり、第 Xa 因子の活性 を選択的に阻害する。"",""トロンボモデュリン アルファは、トロンビンに結合し、プロテイン C を活性 化することで、第 Va 因子及び第 VIIIa 因子を不活性化する。""]"	multiChoice	[0,4]	null	normal	false	parsed	"[""none""]"		https://www.mhlw.go.jp/content/001677929.pdf	https://www.mhlw.go.jp/content/001677933.pdf	2026-02-22	MHLW website content under Public Data License 1.0 unless separately indicated; third-party content requires separate review
P111-164	111	164	理論	薬理	消化性潰瘍治療薬の作用機序に関する記述として、正しいのはどれか。２つ選 べ。	"[""ボノプラザンは、K＋ と競合して壁細胞の H＋，K＋‑ATPase を可逆的に阻害する ことで、胃酸分泌を抑制する。"",""ピレンゼピンは、アセチルコリン M2 受容体を刺激してアセチルコリンの遊離 を抑制することで、胃酸分泌を抑制する。"",""レバミピドは、プロスタノイド EP 受容体に結合して活性化することで、胃粘 膜血流を増大させる。"",""ニザチジンは、ヒスタミン H2 受容体を遮断することで、胃酸分泌を抑制する。"",""ミソプロストールは、ドパミン D2 受容体を遮断することで、胃粘液分泌を促 進する。""]"	multiChoice	[0,3]	null	normal	false	parsed	"[""none""]"		https://www.mhlw.go.jp/content/001677929.pdf	https://www.mhlw.go.jp/content/001677933.pdf	2026-02-22	MHLW website content under Public Data License 1.0 unless separately indicated; third-party content requires separate review
P111-165	111	165	理論	薬理	糖尿病治療薬の作用機序に関する記述として、正しいのはどれか。２つ選べ。	"[""レパグリニドは、膵 β 細胞上のグルカゴン様ペプチド‑1（GLP‑1）受容体を直 接刺激することで、インスリン分泌を促進する。"",""ミグリトールは、AMP 依存性キナーゼ（AMPK）を阻害することで、肝臓に おける糖新生を抑制する。"",""セマグルチドは、スルホニル尿素受容体に結合して ATP 感受性 K＋ チャネル を遮断することで、膵 β 細胞の細胞膜を脱分極させる。"",""シタグリプチンは、ジペプチジルペプチダーゼ‑4（DPP‑4）を阻害して血中イ ンクレチン濃度を上昇させることで、インスリン分泌を促進する。"",""ピオグリタゾンは、ペルオキシソーム増殖剤応答性受容体 γ（PPARγ）を刺激 して、インスリン抵抗性を改善する。""]"	multiChoice	[3,4]	null	normal	false	parsed	"[""none""]"		https://www.mhlw.go.jp/content/001677929.pdf	https://www.mhlw.go.jp/content/001677933.pdf	2026-02-22	MHLW website content under Public Data License 1.0 unless separately indicated; third-party content requires separate review
P111-166	111	166	理論	薬理	ホルモン関連薬の作用機序に関する記述として、正しいのはどれか。２つ選べ。	"[""テトラコサクチドは、副腎皮質束状層の副腎皮質刺激ホルモン（ACTH）受容 体を刺激して、糖質コルチコイドの生成・分泌を促す。"",""オシロドロスタットは、ソマトスタチン受容体を刺激して、成長ホルモンや消 化管ホルモンの分泌を持続的に抑制する。"",""カベルゴリンは、下垂体前葉のドパミン D2 受容体を遮断して、プロラクチン 分泌を抑制する。"",""フィナステリドは、5 α‑還元酵素を阻害して、テストステロンからジヒドロテ ストステロンへの変換を抑制する。"",""メチラポンは、3 β‑ヒドロキシステロイド脱水素酵素を阻害して、アルドステ ロン生成を抑制する。 一般問題（薬学理論問題）【薬理／病態・薬物治療】""]"	multiChoice	[0,3]	null	normal	false	parsed	"[""none""]"		https://www.mhlw.go.jp/content/001677929.pdf	https://www.mhlw.go.jp/content/001677933.pdf	2026-02-22	MHLW website content under Public Data License 1.0 unless separately indicated; third-party content requires separate review
P111-167	111	167	理論	病態・薬物治療	‑168 65 歳男性。悪性リンパ腫に対する化学療法実施後 3 日目に 38.7 ℃ の発熱 と悪寒を認め、血液検査では好中球が 400/μL に低下していたため、発熱性好中球 減少症と診断された。広域抗菌薬による治療が開始されたが発熱は持続し、新たに 行った血液検査では血小板数が 6 × 104/μL と急激な低下が認められたため、敗血 症性播種性血管内凝固症候群（DIC）と診断された。 問 167（病態・薬物治療） この患者へ投与する薬物として適切なのはどれか。２つ選べ。	"[""アンチトロンビン ガンマ"",""ワルファリン"",""ヘパリン"",""ペグフィルグラスチム"",""アスピリン""]"	multiChoice	[0,2]	null	normal	false	parsed	"[""none""]"		https://www.mhlw.go.jp/content/001677929.pdf	https://www.mhlw.go.jp/content/001677933.pdf	2026-02-22	MHLW website content under Public Data License 1.0 unless separately indicated; third-party content requires separate review
P111-168	111	168	理論	薬理	（薬理） 敗血症の治療に用いられる薬物の作用機序に関する記述として、正しいのはどれ か。２つ選べ。	"[""ピペラシリンは、ジヒドロ葉酸還元酵素を阻害し、細菌の葉酸合成を抑制する。"",""セフトリアキソンは、ペプチドグリカン前駆体のペンタペプチド末端の D‑ア ラニル‑D‑アラニンに結合し、細菌の細胞壁合成を抑制する。"",""ゲンタマイシンは、細菌のリボソーム 30S サブユニットに結合し、細菌のタン パク質合成を抑制する。"",""メロペネムは、ペニシリン結合タンパク質に結合し、細菌の細胞壁合成を抑制 する。"",""タゾバクタムは、DNA ジャイレースを阻害し、細菌の DNA 複製を抑制する。 一般問題（薬学理論問題）【薬理】""]"	multiChoice	[2,3]	null	normal	false	parsed	"[""none""]"		https://www.mhlw.go.jp/content/001677929.pdf	https://www.mhlw.go.jp/content/001677933.pdf	2026-02-22	MHLW website content under Public Data License 1.0 unless separately indicated; third-party content requires separate review
P111-169	111	169	理論	薬理	抗悪性腫瘍薬の作用機序に関する記述として、正しいのはどれか。２つ選べ。	"[""メルカプトプリンは、チオイノシン酸に代謝され、イノシン酸からアデニル酸 及びグアニル酸への生成を阻害する。"",""イリノテカンは、生体内で SN‑38 に代謝された後、DNA ポリメラーゼを選択 的に阻害する。"",""ゲムシタビンは、DNA をアルキル化し、がん細胞の S 期移行性を阻害する。"",""リュープロレリンは、持続的刺激により下垂体 GnRH（性腺刺激ホルモン放出 ホルモン）受容体のダウンレギュレーションを起こし、精巣からのテストステロ ン分泌を抑制する。"",""ニボルマブは、がん細胞上の PD‑L1 に結合して、T 細胞を活性化する。 一般問題（薬学理論問題）【薬剤】""]"	multiChoice	[0,3]	null	normal	false	parsed	"[""none""]"		https://www.mhlw.go.jp/content/001677929.pdf	https://www.mhlw.go.jp/content/001677933.pdf	2026-02-22	MHLW website content under Public Data License 1.0 unless separately indicated; third-party content requires separate review
P111-170	111	170	理論	薬剤	下図は、空腹時又は朝食後にリボフラビンを経口投与したときの投与量と累積 尿中排泄量との関係を示している。リボフラビンの消化管吸収に関する記述とし て、正しいのはどれか。２つ選べ。	"[""Ａが朝食後、Ｂが空腹時に投与したときの曲線である。"",""Ａが空腹時、Ｂが朝食後に投与したときの曲線である。"",""ＢがＡより低値となるのは、リボフラビンの胃内容排出速度の低下が原因であ る。"",""ＢがＡより低値となるのは、リボフラビンの小腸上皮細胞から腸管腔への排出 トランスポーターの飽和が原因である。"",""メトクロプラミドを前投与したときの曲線は、食事の有無によらずＡよりＢに 近い。""]"	multiChoice	[0,4]	null	normal	true	parsed	"[""none""]"		https://www.mhlw.go.jp/content/001677929.pdf	https://www.mhlw.go.jp/content/001677933.pdf	2026-02-22	MHLW website content under Public Data License 1.0 unless separately indicated; third-party content requires separate review
P111-171	111	171	理論	薬剤	静脈内投与された薬物の血液と脳の間の移行に関する記述として、正しいのは どれか。２つ選べ。ただし、血漿と脳組織間で薬物分布は平衡状態にあるものとす る。	"[""血漿中の非結合形薬物は、主として脳毛細血管内皮細胞の間隙を通過して移行 する。"",""同じ分子量の低分子薬物では、脂溶性が高いほど単純拡散による透過性が高い。"",""単純拡散のみで移行する中枢作用薬では、血漿中非結合形濃度と脳内非結合形 濃度はほぼ等しい。"",""P‑糖タンパク質の基質となる薬物では、血漿中非結合形濃度は脳内非結合形濃 度より低い。"",""脳内へ能動輸送される薬物であっても、脳内非結合形濃度は血漿中非結合形濃 度を超えない。""]"	multiChoice	[1,2]	null	normal	false	parsed	"[""none""]"		https://www.mhlw.go.jp/content/001677929.pdf	https://www.mhlw.go.jp/content/001677933.pdf	2026-02-22	MHLW website content under Public Data License 1.0 unless separately indicated; third-party content requires separate review
P111-172	111	172	理論	薬剤	代謝過程における薬物相互作用により血中濃度が変動する薬物と併用薬及び相 互作用メカニズムの組合せとして、正しいのはどれか。２つ選べ。 薬物 併用薬 相互作用メカニズム	"[""アザチオプリン クラリスロマイシン キサンチン酸化酵素の阻害"",""フェニトイン シプロフロキサシン CYP2C9 の阻害"",""シクロスポリン リファンピシン CYP3A4 の誘導"",""チザニジン フルボキサミン CYP1A2 の誘導"",""ノルトリプチリン パロキセチン CYP2D6 の阻害""]"	multiChoice	[2,4]	null	normal	false	parsed	"[""none""]"		https://www.mhlw.go.jp/content/001677929.pdf	https://www.mhlw.go.jp/content/001677933.pdf	2026-02-22	MHLW website content under Public Data License 1.0 unless separately indicated; third-party content requires separate review
P111-173	111	173	理論	薬剤	体重 60 kg の患者にアミノグリコシド系抗菌薬ゲンタマイシンを静脈内投与し たところ、以下の薬物動態パラメータが得られた。 （薬物動態パラメータ） 全身クリアランス（ tot）75.0 mL/min、糸球体ろ過速度（GFR）62.5 mL/min、 尿中未変化体排泄率（ e）0.92、血漿タンパク非結合率（ p）0.90 そ の 後、 急 性 腎 障 害 を 発 症 し た た め、 tot が 40.0 mL/min に、GFR が 27.8 mL/min に、 e が 0.85 に低下した。本患者におけるゲンタマイシンのクリア ランスに関する記述として、正しいのはどれか。２つ選べ。ただし、急性腎障害の 前後で p は変化しないものとする。	"[""腎障害前のゲンタマイシンの糸球体ろ過クリアランスは 62.5 mL/min である。"",""腎障害の有無によらず、ゲンタマイシンの腎排泄には尿細管分泌が関与する。"",""腎障害の有無によらず、ゲンタマイシンは尿細管から再吸収されやすい。"",""ゲンタマイシンの腎クリアランスは腎障害によって変化しない。"",""ゲンタマイシンの腎外クリアランスは腎障害の前後でほぼ一定である。""]"	multiChoice	[1,4]	null	normal	false	parsed	"[""none""]"		https://www.mhlw.go.jp/content/001677929.pdf	https://www.mhlw.go.jp/content/001677933.pdf	2026-02-22	MHLW website content under Public Data License 1.0 unless separately indicated; third-party content requires separate review
P111-174	111	174	理論	薬剤	下表は、ある薬物 400 mg を患者に急速静脈内投与し、その 4 時間後に定速静 脈内投与を開始したときの血漿中薬物濃度を示す。このときの定速静脈内投与速度 （mg/h）として最も近い値はどれか。１つ選べ。ただし、本薬物の体内動態は、 線形 1‑コンパートメントモデルに従い、ln 2 ＝ 0.693 とする。 急速静脈内投与後の時間（h） 1 2 4 6 10 血漿中薬物濃度（μg/mL） 14.2 10.0 5.0 5.0 5.0 ↑ 定速静脈内投与の開始	"[""15"",""20"",""25"",""30"",""35""]"	singleChoice	4	null	normal	true	parsed	"[""none""]"		https://www.mhlw.go.jp/content/001677929.pdf	https://www.mhlw.go.jp/content/001677933.pdf	2026-02-22	MHLW website content under Public Data License 1.0 unless separately indicated; third-party content requires separate review
P111-175	111	175	理論	薬剤	体内動態が線形 1‑コンパートメントモデルに従う薬物において、Ａ群に示すパ ラメータが 2 倍に変動したとき、Ｂ群のパラメータが 2 倍になる組合せはどれか。 ２つ選べ。 Ａ群 Ｂ群 単回急速静脈内投与後の	"[""分布容積 血中濃度時間曲線下面積（AUC） 定速静脈内投与時の"",""クリアランス 定常状態血中濃度 定速静脈内投与時に定常状態血中濃度の"",""消失半減期 50％に到達するまでの時間 単回経口投与後の"",""吸収速度定数 血中濃度時間曲線下面積（AUC） 等間隔・同投与量で繰り返し経口投与時の"",""消化管吸収率 定常状態平均血中濃度""]"	multiChoice	[2,4]	null	normal	false	parsed	"[""none""]"		https://www.mhlw.go.jp/content/001677929.pdf	https://www.mhlw.go.jp/content/001677933.pdf	2026-02-22	MHLW website content under Public Data License 1.0 unless separately indicated; third-party content requires separate review
P111-176	111	176	理論	薬剤	体内からの薬物の消失がミカエリス・メンテン式に従うとき、経口投与後の定 常状態における平均血中濃度が 2 mg/L となる投与量と投与回数の組合せとして、 最 も 適 切 な の は ど れ か。 １つ 選 べ。 た だ し、 こ の 薬 物 の ミ カ エ リ ス 定 数 は 4 mg/L、最大消失速度は 720 mg/day、バイオアベイラビリティは 100％とする。 1 回あたりの投与量（mg） 投与回数	"[""360 1日1回"",""300 1日2回"",""240 1日3回"",""120 1日3回"",""80 1日3回""]"	singleChoice	4	null	normal	false	parsed	"[""none""]"		https://www.mhlw.go.jp/content/001677929.pdf	https://www.mhlw.go.jp/content/001677933.pdf	2026-02-22	MHLW website content under Public Data License 1.0 unless separately indicated; third-party content requires separate review
P111-177	111	177	理論	薬剤	肝抽出率が 0.8、血中タンパク結合率が 0.9 の薬物の肝クリアランスに関する 記述として、正しいのはどれか。２つ選べ。ただし、この薬物の肝臓での消失は、 well stirred model に基づくものとし、肝血流量は 100 L/h とする。	"[""肝クリアランスは肝血流量の変動の影響を顕著に受ける。"",""肝クリアランスは肝固有クリアランスの変動の影響を顕著に受ける。"",""肝クリアランスは血中タンパク結合率の変動の影響を顕著に受ける。"",""肝クリアランスは 80 L/h である。"",""肝固有クリアランスは 8 L/h である。""]"	multiChoice	[0,3]	null	normal	false	parsed	"[""none""]"		https://www.mhlw.go.jp/content/001677929.pdf	https://www.mhlw.go.jp/content/001677933.pdf	2026-02-22	MHLW website content under Public Data License 1.0 unless separately indicated; third-party content requires separate review
P111-178	111	178	理論	薬剤	ある非電解質薬物 25 mg を結晶又は非晶質固体分散体として、それぞれ一定温 度の水 1.0 L に分散したところ、図に示す薬物濃度−時間曲線が得られた。この薬 物の溶解に関する記述として、正しいのはどれか。２つ選べ。ただし、この薬物に は結晶多形は存在しないものとする。	"[""薬物結晶の飽和溶解度は約 25 μg/mL である。"",""アでは、薬物はすべて溶解しており、液は澄明である。"",""イでは、固相の薬物は一部非晶質として存在している。"",""イでは、液相の薬物は過飽和溶解している。"",""ウでは、薬物結晶が約 5 mg 存在している。""]"	multiChoice	[1,3]	null	normal	true	parsed	"[""none""]"		https://www.mhlw.go.jp/content/001677929.pdf	https://www.mhlw.go.jp/content/001677933.pdf	2026-02-22	MHLW website content under Public Data License 1.0 unless separately indicated; third-party content requires separate review
P111-179	111	179	理論	薬剤	高分子溶液の性質に関する記述として、正しいのはどれか。２つ選べ。	"[""高分子を貧溶媒に溶解した場合、良溶媒に溶解した場合より溶液の粘度が高い。"",""平均分子量が同等の場合、イオン性高分子の水溶液の粘度は、同濃度の非イオ ン性高分子の水溶液の粘度より高い。"",""イオン性高分子の水溶液に塩を添加すると、高分子の溶解性が向上する。"",""両イオン性高分子溶液の粘度は、等電点付近で最大となる。"",""良溶媒の高分子溶液に貧溶媒を添加していくと、コアセルベートを生じる。""]"	multiChoice	[1,4]	null	normal	false	parsed	"[""none""]"		https://www.mhlw.go.jp/content/001677929.pdf	https://www.mhlw.go.jp/content/001677933.pdf	2026-02-22	MHLW website content under Public Data License 1.0 unless separately indicated; third-party content requires separate review
P111-180	111	180	理論	薬剤	下図は、ある界面活性剤水溶液の濃度と表面張力及び難溶性薬物の可溶化量と の関係を模式的に示したものである。この図に関する記述として、正しいのはどれ か。２つ選べ。	"[""この界面活性剤は、負吸着を示す。"",""Ａは可溶化量を、Ｂは表面張力を示している。"",""濃度Ｘでは、界面活性剤は全てミセルとして存在している。"",""濃度Ｘよりも高い濃度では、溶液表面への界面活性剤の吸着量が一定となる。"",""濃度Ｙでは、疎水基を外側に、親水基を内側としたミセルが形成される。""]"	multiChoice	[1,3]	null	normal	true	parsed	"[""none""]"		https://www.mhlw.go.jp/content/001677929.pdf	https://www.mhlw.go.jp/content/001677933.pdf	2026-02-22	MHLW website content under Public Data License 1.0 unless separately indicated; third-party content requires separate review
P111-181	111	181	理論	薬剤	懸濁性医薬品に含まれる懸濁粒子の質量基準による積算粒度分布を測定したと ころ、図 1 が得られた。 図1 この医薬品懸濁液を細長い容器に移し、均一分散した後に静置し、水面から一定 の深さにおける懸濁粒子濃度（懸濁液 10 mL 中の粒子量 mg）を経時的に測定した （図 2 ）。懸濁粒子濃度の経時的変化、すなわち懸濁粒子の沈降挙動を表したグラ フとして、最も適当なのはどれか。１つ選べ。 ただし、懸濁粒子は凝集せず、ストークス式（1）に従って沈降するものとする。 （ρ − ρ0）g 2 ＝ ＝ （1） 18η ：沈降速度， ：沈降距離， ：沈降時間，ρ：粒子の密度，ρ0：分散媒の密度 g：重力加速度， ：粒子径，η：分散媒の粘度 また、懸濁粒子濃度は、最大径の粒子が測定面を通過し終わる沈降時間（TS ＝ 1 時間）で、初期値 12 mg/10 mL から減少し始め、時間の経過とともにグラフ中 の黒点を通り、沈降時間 TE でゼロになるものとする。 図2	[]	singleChoice	4	null	normal	true	no_choice_sequence	"[""none""]"		https://www.mhlw.go.jp/content/001677929.pdf	https://www.mhlw.go.jp/content/001677933.pdf	2026-02-22	MHLW website content under Public Data License 1.0 unless separately indicated; third-party content requires separate review
P111-182	111	182	理論	薬剤	次の組成・性状で示される経口液剤はどれか。１つ選べ。 有効成分（ 1 mL 中） 日局ジゴキシン 0.05 mg 白糖、エタノール、パラオキシ安息香酸プロピル、 組成 添加物 パラオキシ安息香酸ブチル、バニリン、香料、 緑色 3 号 性状 うすい青緑色〜青緑色澄明液	"[""チンキ剤"",""ローション剤"",""エリキシル剤"",""リニメント剤"",""シロップ剤""]"	singleChoice	2	null	normal	false	parsed	"[""none""]"		https://www.mhlw.go.jp/content/001677929.pdf	https://www.mhlw.go.jp/content/001677933.pdf	2026-02-22	MHLW website content under Public Data License 1.0 unless separately indicated; third-party content requires separate review
P111-183	111	183	理論	薬剤	固形製剤の造粒に用いられる製剤機械ア〜オに関する記述として、正しいのは どれか。２つ選べ。	"[""アは、粉砕、混合、造粒、乾燥操作を連続的に行うことができる。"",""イは、重質で粒度のそろった円柱状の造粒物が得られる。"",""ウは、熱及び水に不安定な薬物の造粒に適している。"",""エは、液滴形状を反映した比較的小さな球形状あるいは丸みを帯びた造粒物が 得られる。"",""オは、軽質で圧縮成形に適した不定形状の造粒物が得られる。""]"	multiChoice	[2,3]	null	normal	false	parsed	"[""none""]"		https://www.mhlw.go.jp/content/001677929.pdf	https://www.mhlw.go.jp/content/001677933.pdf	2026-02-22	MHLW website content under Public Data License 1.0 unless separately indicated; third-party content requires separate review
P111-184	111	184	理論	薬剤	固体薬物を水不溶性コーティング剤で被覆することで、薬物放出を制御した徐 放性製剤が設計できる。この製剤を水に接触させると、膜を通じて製剤内部に水が 浸入し、溶解した薬物は、膜中を拡散しながら外液中に放出される（図）。 このときの膜の単位面積あたりの薬物透過速度 は、（1）の式で表される。 1 （ in − out） ＝ ・ ＝ ・ （1） ここで、 は放出される薬物量、 は薬物放出面積、 は溶液と膜間の分配係 数、 は薬物の膜中拡散定数、 in は薬物層中の溶解薬物濃度、 out は放出液中の 薬物濃度、 は膜厚である。 本製剤に関する記述として、正しいのはどれか。２つ選べ。 ただし、放出試験中は、薬物層内には固体薬物が残存しており、 out は inと比 較して十分低いものとする。	"[""マトリックス型製剤である。"",""薬物は 0 次放出される。"",""in は経時的に減少する。"",""薬物放出速度は放出制御膜の厚みに比例する。"",""球形粒子の場合では、 は粒子半径の 2 乗に比例する。 一般問題（薬学理論問題）【病態・薬物治療】""]"	multiChoice	[1,4]	null	normal	false	parsed	"[""none""]"		https://www.mhlw.go.jp/content/001677929.pdf	https://www.mhlw.go.jp/content/001677933.pdf	2026-02-22	MHLW website content under Public Data License 1.0 unless separately indicated; third-party content requires separate review
P111-185	111	185	理論	病態・薬物治療	尿検査で、尿潜血を伴わないタンパク尿を呈しやすいのはどれか。２つ選べ。	"[""腎盂腎炎"",""微小変化群"",""ループス腎炎"",""半月体形成性糸球体腎炎"",""糖尿病性腎症""]"	multiChoice	[1,4]	null	normal	false	parsed	"[""none""]"		https://www.mhlw.go.jp/content/001677929.pdf	https://www.mhlw.go.jp/content/001677933.pdf	2026-02-22	MHLW website content under Public Data License 1.0 unless separately indicated; third-party content requires separate review
P111-186	111	186	理論	病態・薬物治療	重大な副作用とその原因となる代表的薬物との組合せとして、正しいのはどれ か。２つ選べ。 重大な副作用 代表的薬物	"[""無顆粒球症 チアマゾール"",""皮膚粘膜眼症候群 人免疫グロブリン製剤"",""間質性肺炎 メチルプレドニゾロン"",""出血性膀胱炎 メスナ"",""顎骨壊死 ミノドロン酸水和物""]"	multiChoice	[0,4]	null	normal	false	parsed	"[""none""]"		https://www.mhlw.go.jp/content/001677929.pdf	https://www.mhlw.go.jp/content/001677933.pdf	2026-02-22	MHLW website content under Public Data License 1.0 unless separately indicated; third-party content requires separate review
P111-187	111	187	理論	病態・薬物治療	アルコール依存症の治療に関する記述として、正しいのはどれか。１つ選べ。	"[""飲酒欲求を直接的に抑制するために、シアナミドを投与する。"",""飲酒時に不快症状を誘発するために、アカンプロサートを投与する。"",""アルコール依存症の症状を緩和するために、メタノールを投与する。"",""断酒の維持を補助するために、ナルメフェンを投与する。"",""アルコール離脱症状を改善するために、ロラゼパムを投与する。""]"	singleChoice	4	null	normal	false	parsed	"[""none""]"		https://www.mhlw.go.jp/content/001677929.pdf	https://www.mhlw.go.jp/content/001677933.pdf	2026-02-22	MHLW website content under Public Data License 1.0 unless separately indicated; third-party content requires separate review
P111-188	111	188	理論	病態・薬物治療	35 歳女性。妊娠 23 週で高血圧（180/110 mmHg）を認め、メチルドパを投与 されたが十分な降圧は得られなかった。追加する薬物として適切なのはどれか。 １つ選べ。	"[""ニフェジピン"",""ジルチアゼム塩酸塩"",""エナラプリルマレイン酸塩"",""テルミサルタン"",""レナリドミド""]"	singleChoice	0	null	normal	false	parsed	"[""none""]"		https://www.mhlw.go.jp/content/001677929.pdf	https://www.mhlw.go.jp/content/001677933.pdf	2026-02-22	MHLW website content under Public Data License 1.0 unless separately indicated; third-party content requires separate review
P111-189	111	189	理論	病態・薬物治療	シェーグレン症候群に関する記述として、正しいのはどれか。２つ選べ。	"[""抗 SS‑A 抗体が陽性になることが多い。"",""障害は涙腺と唾液腺に現れ、その他の臓器ではみられない。"",""中年男性に好発する。"",""ドライマウスに対して、アトロピンが使用される。"",""ドライアイに対して、人工涙液による対症療法が用いられる。""]"	multiChoice	[0,4]	null	normal	false	parsed	"[""none""]"		https://www.mhlw.go.jp/content/001677929.pdf	https://www.mhlw.go.jp/content/001677933.pdf	2026-02-22	MHLW website content under Public Data License 1.0 unless separately indicated; third-party content requires separate review
P111-190	111	190	理論	病態・薬物治療	心房細動の治療に関する記述として、正しいのはどれか。２つ選べ。	"[""除細動及び洞調律維持を目的として、リドカインが用いられる。"",""心拍数調節を目的として、アドレナリン β 受容体遮断薬が用いられる。"",""WPW（Wolff-Parkinson-White）症候群を併発している場合には、ジゴキシン による心拍数調節が推奨される。"",""非薬物療法として、カテーテルアブレーションが再発予防に用いられる。"",""脳塞栓症の合併予防には、主にアスピリンによる抗血小板療法が用いられる。""]"	multiChoice	[1,3]	null	normal	false	parsed	"[""none""]"		https://www.mhlw.go.jp/content/001677929.pdf	https://www.mhlw.go.jp/content/001677933.pdf	2026-02-22	MHLW website content under Public Data License 1.0 unless separately indicated; third-party content requires separate review
P111-191	111	191	理論	病態・薬物治療	20 歳女性。 3 ケ月前から動悸、発汗、手の振戦及び 4 kg の体重減少を認めた。 近医を受診したところ、体温は 37.2 ℃ であり、均一で弾力性に富む甲状腺腫大を 指摘された。血液検査では、遊離チロキシン（FT4）2.8 ng/dL であり、抗チログ ロブリン抗体が陽性であった。本症例で認められることが多い他の血液検査所見と して適切なのはどれか。２つ選べ。	"[""LDL コレステロール高値"",""甲状腺刺激ホルモン（TSH）高値"",""クレアチンキナーゼ（CK）高値"",""アルカリホスファターゼ（ALP）高値"",""抗 TSH 受容体抗体陽性""]"	multiChoice	[3,4]	null	normal	false	parsed	"[""none""]"		https://www.mhlw.go.jp/content/001677929.pdf	https://www.mhlw.go.jp/content/001677933.pdf	2026-02-22	MHLW website content under Public Data License 1.0 unless separately indicated; third-party content requires separate review
P111-192	111	192	理論	病態・薬物治療	がんの進行度を判定する TNM 分類に関する記述として、正しいのはどれか。 ２つ選べ。	"[""原発臓器を問わず同一の基準で評価する。"",""T は原発巣の大きさや浸潤の程度を示す。"",""N は遠隔転移の有無と広がりを示す。"",""M はリンパ節転移の有無と広がりを示す。"",""T、N、M の組合せにより病期（ステージ）を決定できる。""]"	multiChoice	[1,4]	null	normal	false	parsed	"[""none""]"		https://www.mhlw.go.jp/content/001677929.pdf	https://www.mhlw.go.jp/content/001677933.pdf	2026-02-22	MHLW website content under Public Data License 1.0 unless separately indicated; third-party content requires separate review
P111-193	111	193	理論	病態・薬物治療	症状とその治療に用いられる漢方薬の組合せとして、正しいのはどれか。２つ 選べ。 症状 漢方薬	"[""排尿困難 八味地黄丸"",""便秘 牛車腎気丸"",""感冒 六君子湯"",""機能性ディスペプシア 麻黄湯"",""更年期障害 加味逍遙散""]"	multiChoice	[0,4]	null	normal	false	parsed	"[""none""]"		https://www.mhlw.go.jp/content/001677929.pdf	https://www.mhlw.go.jp/content/001677933.pdf	2026-02-22	MHLW website content under Public Data License 1.0 unless separately indicated; third-party content requires separate review
P111-194	111	194	理論	病態・薬物治療	遺伝子治療に関する記述として、正しいのはどれか。２つ選べ。	"[""対象となるのは、先天的疾患に限定されない。"",""ベクターとしてウイルスを用いることは、禁止されている。"",""治療のために導入する遺伝子から、患者のゲノム情報が分かる。"",""CAR‑T 療法では、T 細胞にキメラ抗原受容体（CAR）を導入する。"",""治療のためであれば、生殖細胞への遺伝子導入は許容される。""]"	multiChoice	[0,3]	null	normal	false	parsed	"[""none""]"		https://www.mhlw.go.jp/content/001677929.pdf	https://www.mhlw.go.jp/content/001677933.pdf	2026-02-22	MHLW website content under Public Data License 1.0 unless separately indicated; third-party content requires separate review
P111-195	111	195	理論	病態・薬物治療	メタアナリシスに関する記述として、正しいのはどれか。２つ選べ。	"[""複数の研究で示された効果量を統計学的に統合する際は、相乗平均を用いる。"",""エビデンスレベルは症例対照研究より高い。"",""相反する結論の資料を混在させてはならない。"",""統合した結果は、ファンネルプロットで示される。"",""解析を行う際は、出版バイアスに留意する。""]"	multiChoice	[1,4]	null	normal	false	parsed	"[""none""]"		https://www.mhlw.go.jp/content/001677929.pdf	https://www.mhlw.go.jp/content/001677933.pdf	2026-02-22	MHLW website content under Public Data License 1.0 unless separately indicated; third-party content requires separate review
P111-196	111	196	実践	物理・化学・生物	‑197 45 歳男性。会社の健康診断にて毎年尿酸値の高値を指摘されてきた。右の 第一中足趾節関節（親指の付け根）に痛みがあったので、近くの整形外科クリニッ クを受診したところ、痛風と診断された。処方 1 、 2 の薬剤を服用していたが、最 近、仕事のストレスから普段の飲酒（ビール）が増え、 3 日前から同じ部位の腫脹 と激しい疼痛が現れた。今朝受診し、処方 3 、 4 の薬剤が追加され、薬局を訪れ た。 （処方 1 ） フェブキソスタット錠 20 mg 1 回 1 錠（ 1 日 1 錠） 1日1回 朝食後 28 日分 （処方 2 ） クエン酸カリウム・クエン酸ナトリウム配合散 1 回 1 g （ 1 日 3 g） 1日3回 朝昼夕食後 28 日分 （処方 3 ） ナプロキセン錠 100 mg 昼 4 錠、夕 2 錠（ 1 日 6 錠） 1日2回 昼夕食後 1 日分（初日） （処方 4 ） ナプロキセン錠 100 mg 1 回 2 錠（ 1 日 4 錠） 1日2回 朝夕食後 6 日分（ 2 日目以降） （検査値） 血圧 125/80 mmHg、血清クレアチニン 0.8 mg/dL、尿酸 7.2 mg/dL、 CRP 5.6 mg/dL、尿 pH 5.5 問 196（物理・化学・生物） 高尿酸血症の患者では、血液中に尿酸ナトリウムが健常者より高濃度で存在して い る。 図 に 示 す よ う に 尿 酸 ナ ト リ ウ ム は 弱 酸・ 強 塩 基 の 塩 で あ り、 尿 酸 の p a は 5.75（25 ℃）である。いま、400 μmol/L の尿酸ナトリウム水溶液があった とすると、この水溶液の pH に最も近い値はどれか。１つ選べ。 ただし、尿酸ナトリウムは水溶液中で次のように反応するものとし、水のイオン 積 w ＝［H ］ ＋ ［OH ］＝ 1.0 × 10 − （mol/L） −14 2 （25 ℃）、log 2 ＝ 0.30 とする。また、 温度は 25 ℃で、尿酸ナトリウムは水溶液中で完全に溶解しており、沈殿は生じて いないものとする。 尿酸ナトリウム（NaU） NaU → U− ＋ Na＋ 尿酸ナトリウム 尿酸イオン U− ＋ H 2O ⇄ HU ＋ OH− 尿酸	"[""6.8"",""7.6"",""8.2"",""8.8"",""9.4""]"	singleChoice	2	null	normal	false	parsed	"[""none""]"	P111-CASE-196	https://www.mhlw.go.jp/content/001677930.pdf	https://www.mhlw.go.jp/content/001677933.pdf	2026-02-22	MHLW website content under Public Data License 1.0 unless separately indicated; third-party content requires separate review
P111-197	111	197	実践	実務	（実務） この患者に指導する内容として適切なのはどれか。２つ選べ。	"[""水分は、多めに摂取してください。"",""毎日ビールを飲み続けていて構いません。"",""処方 2 の薬剤は、飲みにくければ水に溶かしてから服用しても構いません。"",""処方 2 の薬剤は、尿をより酸性にする作用があります。"",""処方 3 及び 4 の薬剤は、吸収をよくするために食後に服用してください。""]"	multiChoice	[0,2]	null	normal	false	parsed	"[""none""]"	P111-CASE-196	https://www.mhlw.go.jp/content/001677930.pdf	https://www.mhlw.go.jp/content/001677933.pdf	2026-02-22	MHLW website content under Public Data License 1.0 unless separately indicated; third-party content requires separate review
P111-198	111	198	実践	物理・化学・生物	‑199 60 歳女性。統合失調症にて入院中。ハロペリドールと以下の併用薬による 治療を受けていたが、手の震えなどの訴えが患者からあった。医師、薬剤師はアカ シジアを疑った。医師との合同カンファレンスでハロペリドールをパリペリドン経 口徐放錠（PAL）に切り替える方針となった。合同カンファレンス後、医師から PAL 6 mg、 1 日 1 回就寝前の処方を検討しているとの連絡があった。 （併用薬） 酸化マグネシウム錠 330 mg 1 回 1 錠 （ 1 日 2 錠） 1日2回 朝夕食後 ビペリデン塩酸塩錠 1 mg 1回1錠 むずむず、流涎あるとき 1 日 3 回まで （合同カンファレンス直前検査値） AST 16 IU/L、ALT 13 IU/L、血清クレアチニン 0.66 mg/dL、 空腹時血糖 115 mg/dL、HbA1c 6.2％、CCr 72 mL/min （PAL の添付文書に記載された情報） 注）本剤は、浸透圧を利用した放出制御システム（OROS）を応用した、 パリペリドンの放出制御型の徐放錠である。規格は 3 mg、 6 mg、 9 mg。 問 198（実務） PAL への切り替えについて薬剤師が医師に提案する内容として適切なのはどれ か。２つ選べ。	"[""服用は朝食後とする。"",""統合失調症の悪化に備えリスペリドンを追加する。"",""切り替えは低用量の 3 mg から開始する。"",""酸化マグネシウムは他剤に変更する。"",""服用開始後 2 日目に 1 日用量の評価を行う。""]"	multiChoice	[0,2]	null	normal	false	parsed	"[""none""]"	P111-CASE-198	https://www.mhlw.go.jp/content/001677930.pdf	https://www.mhlw.go.jp/content/001677933.pdf	2026-02-22	MHLW website content under Public Data License 1.0 unless separately indicated; third-party content requires separate review
P111-199	111	199	実践	実務	（物理・化学・生物） OROS は半透膜でコートされており、浸透圧による水の流入に伴うプッシュ層 の膨潤を利用した徐放性薬物放出システムである。浸透圧によるプッシュ層への水 の流入量を計算するモデルとして、大気圧（1.0×105 Pa）下、27 ℃で Na2SO4 水溶 液と純水を半透膜で仕切られた U 字管に同量ずつ入れた。その後、図 1 のように 平衡に達したときの界面の差が cm、Na2SO4 水溶液の濃度が 0.010 mol/L となっ た。0.010 mol/L Na2SO4 水溶液と純水の密度は、ともに 27 ℃で 1.0 g/mL とす る。また、同条件下では水銀柱の高さが図 2 のように 76 cm であった。なお、界 面の差 cm を水銀柱の高さ cm に換算するには ＝ で求められることがわかっている。 cm の値に最も近いのはどれか。１つ選べ。 なお、気体定数は 8.3 J/K・mol とする。	"[""0.10 cm"",""0.80 cm"",""2.4 cm"",""5.3 cm"",""8.0 cm""]"	singleChoice	null	null	excluded	false	parsed	"[""concentration_unit""]"	P111-CASE-198	https://www.mhlw.go.jp/content/001677930.pdf	https://www.mhlw.go.jp/content/001677933.pdf	2026-02-22	MHLW website content under Public Data License 1.0 unless separately indicated; third-party content requires separate review
P111-200	111	200	実践	物理・化学・生物	‑201 73 歳男性。脳梗塞後片麻痺の後遺症がある。最近、動悸や息切れを感じて 近医を受診し、急性冠症候群の疑いで総合病院を紹介された。トレッドミル、自転 車エルゴメータは困難であったことから、精査目的で、塩化タリウム（201Tl）注射 液（ 1 回 74 MBq）及びアデノシン注射液を使用した心筋血流シンチグラフィを行 うこととなった。 問 200（実務） アデノシンの作用に影響を及ぼすため、この心筋血流シンチグラフィ実施前日の 夕方から服用を避けるべき薬物はどれか。２つ選べ。	"[""ワルファリン"",""チザニジン"",""テオフィリン"",""プレガバリン"",""ジピリダモール""]"	multiChoice	[2,4]	null	normal	true	parsed	"[""none""]"	P111-CASE-200	https://www.mhlw.go.jp/content/001677930.pdf	https://www.mhlw.go.jp/content/001677933.pdf	2026-02-22	MHLW website content under Public Data License 1.0 unless separately indicated; third-party content requires separate review
P111-201	111	201	実践	実務	（物理・化学・生物） Tl は軌道電子捕獲によって放射性壊変をする。201Tl に関する記述として正し いのはどれか。２つ選べ。	"[""注射された塩化タリウム（201Tl）は、血液中で 201Tl＋ となり、Na＋ と似た体内 挙動を示す。"",""201 Tl は放射性壊変によって原子番号が 1 増える。"",""201 Tl はシングルフォトン放出核種である。"",""塩化タリウム（201Tl）注射液の 74 MBq とは 1 分間に 74 個の原子が放射性壊変 をするときの放射能を表す。"",""201 Tl の半減期を 3 日とすると、74 MBq の 201Tl の 6 日後の放射能は 18.5 MBq である。""]"	multiChoice	[2,4]	null	normal	false	parsed	"[""none""]"	P111-CASE-200	https://www.mhlw.go.jp/content/001677930.pdf	https://www.mhlw.go.jp/content/001677933.pdf	2026-02-22	MHLW website content under Public Data License 1.0 unless separately indicated; third-party content requires separate review
P111-202	111	202	実践	物理・化学・生物	‑203 52 歳男性。 4 月の定期健診で便潜血陽性と判定され、 5 月上旬にＡ市立病 院消化器外科を受診した。その結果、大腸がんの疑いで全大腸内視鏡検査を 5 月下 旬に受けることになった。検査の前処置を自宅で行うため前投薬として以下の処方 1 及び 2 の薬剤が処方され、薬剤師が服薬指導を行った。診療録より 10 年前から 糖尿病でインスリンの自己皮下注射（ 1 回 2 単位、 1 日 3 回食前）をしていること が分かった。 （処方 1 ） ピコスルファート Na 経口液 0.75％ 10 mL 1回1本 1 本を検査前日の夕食後に服用 （処方 2 ） ニフレック配合内用剤（注） 1袋 1 袋に水 2 L を加えて溶解し、検査当日の 7 時から 1 L/h の速度で服用 ⎧ ⎫ ⎜注： 1 袋中、塩化ナトリウム 2.93 g、塩化カリウム 1.485 g、炭酸水素ナト⎜ ⎜ リウム 3.37 g、無水硫酸ナトリウム 11.37 g、その他マクロゴール 4000⎜ ⎜ ⎜ ⎜ （ポリエチレングリコール 4000）など数種類の添加剤を含む。 ⎜ ⎩ ⎭ 問 202（実務） この患者に対する服薬指導として適切なのはどれか。２つ選べ。	"[""検査当日の朝は、インスリンを注射しないでください。"",""処方 1 の薬剤を検査前日に飲み忘れた場合は、検査当日の起床時に服用してく ださい。"",""2 L が飲みきれないと感じる場合は、処方 2 の薬剤を溶解する水の量を半分に してください。"",""処方 2 の薬剤は必ず水で溶かしてください。"",""処方 2 の薬剤は 1 袋を 1 時間で飲みきって構いません。""]"	multiChoice	[0,3]	null	normal	false	parsed	"[""none""]"	P111-CASE-202	https://www.mhlw.go.jp/content/001677930.pdf	https://www.mhlw.go.jp/content/001677933.pdf	2026-02-22	MHLW website content under Public Data License 1.0 unless separately indicated; third-party content requires separate review
P111-203	111	203	実践	実務	（物理・化学・生物） 内視鏡検査は体腔内を直接目視できる検査法であり、内視鏡には光量の損失なし に光を体腔内に導くために光ファイバーを用いている。光ファイバーは図 1 のよう に中心部（コア）とその周囲を覆う外周部（クラッド）からなる構造をしており、 両者の屈折率が異なることによる境界面での全反射を利用して光を伝搬する。い ま、異なる屈折率の媒質 1 と 2 の境界面における光の屈折を図 2 のように考えると き、屈折に関する記述として正しいのはどれか。２つ選べ。ただし、図 2 において 媒質 1 と 2 の屈折率をそれぞれ 1 と 、入射角を θi、屈折角を θr とする。	"[""屈折率は媒質の誘電率と光の波長に関係する。"",""媒質 1 中の光の速さは媒質 2 中よりも速い。"",""コアの屈折率を A、クラッドの屈折率を B とすると、 A ＞ B である。"",""1 sin θr ＝ 2 sin θi が成り立つ。"",""媒質 2 から θr より大きい入射角で光を入射すると媒質 1 の屈折角は θi より小 さくなる。""]"	multiChoice	[0,2]	null	normal	false	parsed	"[""none""]"	P111-CASE-202	https://www.mhlw.go.jp/content/001677930.pdf	https://www.mhlw.go.jp/content/001677933.pdf	2026-02-22	MHLW website content under Public Data License 1.0 unless separately indicated; third-party content requires separate review
P111-204	111	204	実践	物理・化学・生物	‑205 60 歳女性。近医にて 3 年前から 2 型糖尿病、高血圧症、昨年から変形性左 膝関節症と診断され、以下の処方 1 〜 3 の薬剤で治療している。今年、脳ドックを 受けたところ脳腫瘍の疑いを指摘された。通常の MRI 検査を実施した後、さらに 精査目的でガドテル酸メグルミン注射液を用いた造影 MRI 検査を総合病院に入院 して行うこととなった。また、貧血予防でサプリメント（鉄）を 2 年間継続的に服 用している。服薬アドヒアランスに問題ないことから、入院中は処方 1 〜 3 とサプ リメント（鉄）は自己管理となった。 （処方 1 ） アムロジピン錠 5 mg 1 回 1 錠（ 1 日 1 錠） シタグリプチンリン酸塩錠 50 mg 1 回 1 錠（ 1 日 1 錠） 1日1回 朝食後 28 日分 （処方 2 ） メトホルミン塩酸塩錠 250 mg 1 回 1 錠（ 1 日 2 錠） 1日2回 朝夕食後 28 日分 （処方 3 ） ロキソプロフェン Na テープ 50 mg（ 7 × 10 cm 非温感） 4 袋（ 7 枚／袋） 1回1枚 左膝に貼付 （造影 MRI 検査前日の検査値） 血圧 143/83 mmHg、AST 34 IU/L、ALT 34 IU/L、γ‑GTP 43 IU/L、 eGFR 54 mL/min/1.73 m2、HbA1c 7.0％ 問 204（物理・化学・生物） この患者に行う造影 MRI 検査に関する記述として、正しいのはどれか。２つ選 べ。	"[""生体内の水素原子核（プロトン）は、強力な外部磁場中で 2 つのエネルギー準 位に分裂する。"",""ラーモア周波数よりも高い周波数のラジオ波を照射すると、プロトンは基底状 態から励起状態に遷移する。"",""造影剤は放射性医薬品である。"",""造影剤はガドリニウムイオン（Gd3＋）のキレート化合物である。"",""造影剤はプロトンの緩和時間を延長することにより、画像のコントラストを高 める。""]"	multiChoice	[0,3]	null	normal	true	parsed	"[""none""]"	P111-CASE-204	https://www.mhlw.go.jp/content/001677930.pdf	https://www.mhlw.go.jp/content/001677933.pdf	2026-02-22	MHLW website content under Public Data License 1.0 unless separately indicated; third-party content requires separate review
P111-205	111	205	実践	実務	（実務） 病棟薬剤師が造影 MRI 検査前日に患者に説明する内容として適切なのはどれ か。２つ選べ。	"[""アムロジピン錠を検査当日休薬してください。"",""サプリメント（鉄）は検査当日摂取しないでください。"",""メトホルミン塩酸塩錠は検査当日休薬してください。"",""シタグリプチンリン酸塩錠は前日から休薬してください"",""ロキソプロフェン Na テープは検査当日剥がす必要ありません。""]"	multiChoice	[1,4]	null	normal	false	parsed	"[""none""]"	P111-CASE-204	https://www.mhlw.go.jp/content/001677930.pdf	https://www.mhlw.go.jp/content/001677933.pdf	2026-02-22	MHLW website content under Public Data License 1.0 unless separately indicated; third-party content requires separate review
P111-206	111	206	実践	物理・化学・生物	‑207 74 歳男性。紅葉狩りのため、夫婦で 3 泊 4 日の温泉旅行に行った。帰宅後 から発熱症状があり、体温 38.9 ℃（腋窩）、咳と呼吸が困難となる状態のため、総 合病院を受診した。胸部レントゲン画像所見等から肺炎と診断され、入院加療と なった。入院後、採血、血液培養、尿中抗原検査が実施され、以下の処方の薬剤の 投与が開始された。 （検査結果：入院直後） 体温 39.1 ℃、CRP 10.2 mg/dL、CCr 52 mL/min、AST 19 IU/L、 ALT 18 IU/L、SpO2 92％ （処方） 点滴静注 レボフロキサシン注射液 （500 mg/生理食塩液 100 mL） 1 バッグ（500 mg） 1日1回 午前 10 時〜11 時 本日から 7 日間投与 投与開始 3 日目に血液培養検査の結果が出て、レジオネラ菌が原因であることが わかった。咳、呼吸困難の症状は軽快しており、食事も摂れるようになり、解熱傾 向となった。そこで、退院に向けて、主治医から処方の薬剤を内服に切り替えたい との相談が病棟担当薬剤師にあった。 （検査結果：点滴開始 3 日後） 体温 37.2 ℃、CRP 2.3 mg/dL、CCr 48 mL/min、AST 19 IU/L、 ALT 18 IU/L、SpO2 97％ 問 206（物理・化学・生物） 処方されたレボフロキサシンは、ナリジクス酸からの構造変換により開発された 抗菌薬である。レボフロキサシンに関する記述として、正しいのはどれか。２つ選 べ。	"[""イソキノリン構造を持つ。"",""ナリジクス酸の 6 位へフッ素原子を導入したことにより、抗菌作用が増強した。"",""不斉炭素の立体配置は 配置である。"",""抗菌作用の発現には、 1 位の窒素原子と 3 位のカルボキシ基によるキレート形 成が必須である。"",""キラルスイッチにより副作用が軽減した医薬品である。""]"	multiChoice	[1,4]	null	normal	true	parsed	"[""none""]"	P111-CASE-206	https://www.mhlw.go.jp/content/001677930.pdf	https://www.mhlw.go.jp/content/001677933.pdf	2026-02-22	MHLW website content under Public Data License 1.0 unless separately indicated; third-party content requires separate review
P111-207	111	207	実践	実務	（実務） 内服への切り替えに関して、病棟担当薬剤師から主治医への提案として、適切な のはどれか。２つ選べ。	"[""CRP の数値が基準値以下になってから、切り替えてください。"",""腎機能の低下が認められますが、切り替えは可能です。"",""初回投与量は、点滴静注時と同量で構いません。"",""抗菌効果を高めるためにセファクロルを併用してください。"",""キレート形成により吸収を高めるため、アルミニウム製剤を同時に服用させて ください。""]"	multiChoice	[1,2]	null	normal	false	parsed	"[""none""]"	P111-CASE-206	https://www.mhlw.go.jp/content/001677930.pdf	https://www.mhlw.go.jp/content/001677933.pdf	2026-02-22	MHLW website content under Public Data License 1.0 unless separately indicated; third-party content requires separate review
P111-208	111	208	実践	物理・化学・生物	‑209 58 歳男性。身長 174 cm、体重 82 kg。仕事が忙しくなってストレスがたま り、暴飲暴食で早食いとなった。最近、胸やけとともに、口の中に酸っぱい液体が 上がってくる感じがすることから、相談のために薬局を訪れた。服用薬を確認した ところ、近隣のドラッグストアで購入した酸化マグネシウムを服用していたが、症 状は改善しなかったとのことであった。そこで、医療機関への受診を勧めた。近医 にて内視鏡検査の結果、胃食道逆流症と診断され、以下の処方箋を持って再び薬局 を訪れた。 （処方） オメプラゾール錠 20 mg 1 回 1 錠（ 1 日 1 錠） 1日1回 朝食後 14 日分 問 208（物理・化学・生物） 処方されたオメプラゾールは強酸による活性化を受けて効果を発揮する。下図 は、その化学変換を示しており、生成した活性体Ｃが不可逆的に H＋，K＋‑ATP アー ゼプロトンポンプ（ATPase）を阻害する。この反応過程において、強酸性条件下 により増大する性質はどれか。１つ選べ。	"[""Ａのアの窒素原子の求核性"",""Ａのイの炭素原子の求電子性"",""Ｂのウの窒素原子の求電子性"",""Ｂのエの硫黄原子の求核性"",""Ｃと反応する ATPase の SH 基の求電子性""]"	singleChoice	1	null	normal	true	parsed	"[""none""]"	P111-CASE-208	https://www.mhlw.go.jp/content/001677930.pdf	https://www.mhlw.go.jp/content/001677933.pdf	2026-02-22	MHLW website content under Public Data License 1.0 unless separately indicated; third-party content requires separate review
P111-209	111	209	実践	実務	（実務） この患者に対する指導として適切なのはどれか。２つ選べ。	"[""胃で錠剤から成分が溶けだして胃粘膜に直接作用するので、即効性があります。"",""本剤の成分は胃で分解されると効果が落ちるため、酸化マグネシウムを同時に 服用してください。"",""効果には個人差があるので、次回、効果について聞かせてください。"",""飲み忘れた時には、次に飲む時間が近い場合を除いて、気がついた時にできる だけ早く服用してください。"",""炭酸飲料を積極的に飲むようにしてください。""]"	multiChoice	[2,3]	null	normal	false	parsed	"[""none""]"	P111-CASE-208	https://www.mhlw.go.jp/content/001677930.pdf	https://www.mhlw.go.jp/content/001677933.pdf	2026-02-22	MHLW website content under Public Data License 1.0 unless separately indicated; third-party content requires separate review
P111-210	111	210	実践	物理・化学・生物	‑211 59 歳男性。身長 170 cm、体重 82 kg。会社の健康診断で血糖値が高いこと を毎年指摘されていたが放置していた。 2 年前に受診し、糖尿病治療薬が処方され たがほとんど服用せずに自己中断してしまった。最近になり、喉の渇き、頻尿、倦 怠感が顕著となり、総合病院を受診した。空腹時血糖値が 350 mg/dL、HbA1c が 10％を超過しており、主治医と相談の結果、 7 日間の糖尿病教育入院となった。 入院後、処方 1 〜 3 の薬剤が処方され、並行して食事・運動療法、インスリン自 己注射、血糖自己測定法等の指導を受けた。 （処方 1 ） インスリンデグルデク（遺伝子組換え）ペン型注射液 1本 1 回 8 単位 1日1回 就寝前 皮下注射（自己注射） （処方 2 ） インスリンアスパルト（遺伝子組換え）ペン型注射液 1本 1 回 3 単位 1日3回 朝昼夕食直前 皮下注射（自己注射） （処方 3 ） ビルダグリプチン錠 50 mg 1 回 1 錠（ 1 日 2 錠） 1日2回 朝夕食後 7 日分 問 210（実務） 入院後、必要に応じて処方 2 のインスリン投与量を調節し、血糖コントロールが 良好となってきた。退院時指導において、本患者へ伝える内容として、誤っている のはどれか。１つ選べ。	"[""使用後の針は、そのまま中身の見えるビニール袋に入れ、自治体の決まりに 従って廃棄すること。"",""血糖測定の数値は、自ら記録すること。"",""低血糖症状の発現に備えて、ブドウ糖などを手元におくこと。"",""血糖コントロールが網膜症などの合併症予防に重要であること。"",""風邪その他感染症などが原因で、血糖コントロールが不良となる可能性がある こと。""]"	singleChoice	0	null	normal	false	parsed	"[""none""]"	P111-CASE-210	https://www.mhlw.go.jp/content/001677930.pdf	https://www.mhlw.go.jp/content/001677933.pdf	2026-02-22	MHLW website content under Public Data License 1.0 unless separately indicated; third-party content requires separate review
P111-211	111	211	実践	実務	（物理・化学・生物） 処方 3 のビルダグリプチンは、セリンプロテアーゼ（酵素Ａ）阻害薬である。活 性中心であるセリン残基の求核攻撃により、酵素‑阻害薬間で共有結合複合体を形 成するが、この反応は可逆的である。複合体の模式図として適切なのはどれか。 １つ選べ。	[]	singleChoice	0	null	normal	true	no_choice_sequence	"[""none""]"	P111-CASE-210	https://www.mhlw.go.jp/content/001677930.pdf	https://www.mhlw.go.jp/content/001677933.pdf	2026-02-22	MHLW website content under Public Data License 1.0 unless separately indicated; third-party content requires separate review
P111-212	111	212	実践	物理・化学・生物	‑213 34 歳男性。運送業でトラックを運転している。毎年、春先になると鼻の調 子が悪くなっていたが、特に薬は使用していなかった。今年も 2 月末から症状が出 始めたが、 3 月に入ると悪化してきたため、一般用医薬品を求めて薬局を訪れた。 以下は、男性と対応した薬剤師との会話である。 男 性： 1 週間前からくしゃみと透明な鼻水が出て、数日前から鼻がつまってい ます。車の運転に支障が出ないように、眠くならない薬を使いたいのです が、どの薬がお勧めですか。 薬剤師：点鼻薬がありますが、いかがですか。 男 性：点鼻薬は苦手なので、飲み薬はありませんか。 薬剤師：飲み薬でしたらこちらのロラタジン錠又は ア はいかがですか。 問 212（実務） 薬剤師がこの男性に提案する一般用医薬品アの有効成分として最も適切なのはど れか。１つ選べ。	"[""セチリジン塩酸塩"",""エピナスチン塩酸塩"",""フェキソフェナジン塩酸塩"",""ベポタスチンベシル酸塩"",""ジフェンヒドラミン塩酸塩""]"	singleChoice	2	null	normal	false	parsed	"[""none""]"	P111-CASE-212	https://www.mhlw.go.jp/content/001677930.pdf	https://www.mhlw.go.jp/content/001677933.pdf	2026-02-22	MHLW website content under Public Data License 1.0 unless separately indicated; third-party content requires separate review
P111-213	111	213	実践	実務	（物理・化学・生物） 薬剤師の提案を受け、男性は服用回数が少なく、運転に影響が少ないロラタジン 錠を購入することとした。ロラタジンは、シトクロム P 450（CYP）による酸化を 受けて薬効を示すＡに変換される。 この代謝反応において生成する化合物Ｂとして、適切なのはどれか。１つ選べ。	[]	singleChoice	4	null	normal	true	no_choice_sequence	"[""none""]"	P111-CASE-212	https://www.mhlw.go.jp/content/001677930.pdf	https://www.mhlw.go.jp/content/001677933.pdf	2026-02-22	MHLW website content under Public Data License 1.0 unless separately indicated; third-party content requires separate review
P111-214	111	214	実践	物理・化学・生物	‑215 52 歳男性。身長 174 cm、体重 86 kg。仕事の都合で夕食の時間が遅くなる ことが多い。積極的に散歩をしているが、最近お腹が出てきて、皮下脂肪が気にな るようになってきた。テレビで肥満に効く漢方薬の宣伝を見て、防風通聖散（注）を 求めて薬局を訪れた。 （注）防風通聖散：キキョウ、カンゾウ、オウゴン、ビャクジュツ、セッコウ、 ダイオウ、マオウ、トウキ、シャクヤク、センキュウ、サンシシ、 レンギョウ、ハッカ、ケイガイ、ボウフウ、ショウキョウ、カッセキ、 ボウショウを含む 問 214（実務） この男性の状況について質問をしたときに、防風通聖散の販売が適切であると薬 剤師が判断できるのはどれか。２つ選べ。	"[""胃腸が弱い。"",""体力が充実している。"",""便秘がちである。"",""低血圧である。"",""発汗傾向である。""]"	multiChoice	[1,2]	null	normal	false	parsed	"[""none""]"	P111-CASE-214	https://www.mhlw.go.jp/content/001677930.pdf	https://www.mhlw.go.jp/content/001677933.pdf	2026-02-22	MHLW website content under Public Data License 1.0 unless separately indicated; third-party content requires separate review
P111-215	111	215	実践	実務	（物理・化学・生物） 購入して数日後、患者が再び来局し、この漢方薬を服用してから下痢が続くとの 訴えがあった。その主な原因として、防風通聖散に配合される植物由来の生薬Ａが 考えられた。生薬Ａに関する記述として、正しいのはどれか。２つ選べ。	"[""通例、根茎を利用する。"",""セリ科植物を基原とする。"",""主成分としてトロパン型アルカロイドを含有する。"",""同様の作用をもつ生薬としてボウショウがある。"",""大建中湯にも配合されている。""]"	multiChoice	[0,3]	null	normal	false	parsed	"[""none""]"	P111-CASE-214	https://www.mhlw.go.jp/content/001677930.pdf	https://www.mhlw.go.jp/content/001677933.pdf	2026-02-22	MHLW website content under Public Data License 1.0 unless separately indicated; third-party content requires separate review
P111-216	111	216	実践	物理・化学・生物	‑217 69 歳男性。高血圧治療中。20 歳頃から喫煙していた。最近、平坦なとこ ろを歩いていても息切れすることがあり、痰が少し絡むようになった。病院を受診 したところ、COPD と診断された。薬物治療が開始されていたが、症状の改善が 不十分であったため、以下の処方 1 〜 3 に変更となり、患者が処方箋を持って来局 した。患者からの聞き取りによると、医師からは、「心不全はなく、入院の必要も ない。」と説明されたとのことだった。お薬手帳の情報から、併用薬はなく、健康 食品の摂取もなかった。また、インフルエンザワクチン接種が推奨される時期であ り、接種について患者から質問があった。 （処方 1 ） アノーロエリプタ 30 吸入用（注） 1 個 1 回 1 吸入 1日1回 朝吸入 （処方 2 ） アンブロキソール塩酸塩徐放性口腔内崩壊錠 45 mg 1 回 1 錠 （ 1 日 1 錠） 1日1回 夕食後 30 日分 （処方 3 ） カルボシステイン錠 250 mg 1 回 1 錠 （ 1 日 3 錠） 1日3回 朝昼夕食後 30 日分 ⎧ ⎫ ⎜注： 1 吸入でウメクリジニウムとして 62.5 μg 及びビランテロール25 μg を⎜ ⎜ 吸入できるドライパウダー吸入剤 ⎜ ⎩ ⎭ 問 216（物理・化学・生物） この患者には息切れや痰の絡みが生じている。気管支に関する記述として正しい のはどれか。２つ選べ。	"[""気管支は分岐を繰り返しながら細くなり、細気管支、終末細気管支、呼吸細気 管支を経て、肺胞へとつながる。"",""終末細気管支は、ガス交換に関与する。"",""細気管支の細胞から肺表面活性物質が分泌される。"",""気管支の内面は粘膜で覆われており、粘液を分泌する壁細胞が存在している。"",""気管支内に侵入した異物は粘液にからめとられ、線毛の運動により肺胞側へと 輸送される。""]"	multiChoice	[0,2]	null	normal	false	parsed	"[""none""]"	P111-CASE-216	https://www.mhlw.go.jp/content/001677930.pdf	https://www.mhlw.go.jp/content/001677933.pdf	2026-02-22	MHLW website content under Public Data License 1.0 unless separately indicated; third-party content requires separate review
P111-217	111	217	実践	実務	（実務） この患者に対する薬剤師の対応として適切なのはどれか。２つ選べ。	"[""散歩などの運動は行わず、安静に生活するよう指導した。"",""症状が安定している日でも、毎日続けて処方 1 の薬剤を吸入するよう指導した。"",""処方 1 の薬剤を吸入開始後に動悸が起こることがあるが、継続使用により動悸 は治まると説明した。"",""処方 1 の薬剤の使用により、血圧が上昇するおそれがあることを説明した。"",""インフルエンザワクチンを接種しないよう説明した。""]"	multiChoice	[1,3]	null	normal	false	parsed	"[""none""]"	P111-CASE-216	https://www.mhlw.go.jp/content/001677930.pdf	https://www.mhlw.go.jp/content/001677933.pdf	2026-02-22	MHLW website content under Public Data License 1.0 unless separately indicated; third-party content requires separate review
P111-218	111	218	実践	物理・化学・生物	‑219 63 歳女性。コンタクトレンズを使用している。パソコンを使用する仕事に 従事しており、昨日から目の乾きが気になり、一般用医薬品の点眼薬を求めて薬局 を訪れた。来局者が以下の点眼薬の購入を希望したため、薬剤師は聞き取りと説明 を行った。 点眼薬の成分 精製ヒアルロン酸ナトリウム 0.1％ 添加物として、アミノカプロン酸、エデト酸ナトリウム水和物、クロルヘキシジ ングルコン酸塩液、等張化剤、pH 調整剤を含有 問 218（物理・化学・生物） この来局者は目の乾きを気にしている。目と涙液に関する記述として正しいのは どれか。２つ選べ。	"[""角膜は透明な組織で、角膜中に血管は存在しない。"",""結膜は眼球全体を覆う膜である。"",""涙腺は眼球の内下方（鼻に近い位置）に存在する。"",""涙液にはリゾチームが含まれており、抗菌性がある。"",""一般にドライアイでは、水晶体の水分量が減る。""]"	multiChoice	[0,3]	null	normal	false	parsed	"[""none""]"	P111-CASE-218	https://www.mhlw.go.jp/content/001677930.pdf	https://www.mhlw.go.jp/content/001677933.pdf	2026-02-22	MHLW website content under Public Data License 1.0 unless separately indicated; third-party content requires separate review
P111-219	111	219	実践	実務	（実務） この来局者への点眼薬の成分に関する薬剤師の説明として適切なのはどれか。 ２つ選べ。	"[""有効成分ヒアルロン酸ナトリウムは、涙の分泌を促進して目の乾きを改善しま す。"",""有効成分ヒアルロン酸ナトリウムは、高い保水力で目に潤いを与えます。"",""クロルヘキシジングルコン酸塩液が入っているため、薬液に細菌が繁殖する心 配はありません。"",""クロルヘキシジングルコン酸塩液が入っているため、コンタクトレンズを使用 している時の不快感が軽減されます。"",""ベンザルコニウム塩化物が入っていないため、カラーコンタクトレンズでなけ ればコンタクトレンズをつけたままでも点眼できます。""]"	multiChoice	[1,4]	null	normal	false	parsed	"[""none""]"	P111-CASE-218	https://www.mhlw.go.jp/content/001677930.pdf	https://www.mhlw.go.jp/content/001677933.pdf	2026-02-22	MHLW website content under Public Data License 1.0 unless separately indicated; third-party content requires separate review
P111-220	111	220	実践	物理・化学・生物	‑221 58 歳男性。身長 168 cm、体重 70 kg。 3 年前に 2 型糖尿病と診断され、食 事療法と運動療法に加え、処方 1 の薬剤で治療を受けていた。足に痛みやしびれが 生じたため、本日、処方 2 及び処方 3 の薬剤が追加になり、検査値が併記された処 方箋を持って薬局を訪れた。薬剤師による聞き取りにより、半年前から他の医療機 関で処方されたパロキセチン錠 20 mg を服用していることが分かった。 （処方 1 ） テネリグリプチン臭化水素酸塩水和物・カナグリフロジン水和物配合錠（注） 1 回 1 錠 （ 1 日 1 錠） 1日1回 朝食前 30 日分 （処方 2 ） エパルレスタット錠 50 mg 1 回 1 錠 （ 1 日 3 錠） 1日3回 朝昼夕食前 30 日分 （処方 3 ） デュロキセチン塩酸塩カプセル 20 mg 1 回 1 錠 （ 1 日 2 錠） 1日2回 朝夕食後 30 日分 ⎧ ⎫ ⎜注：テネリグリプチンとして 20 mg、カナグリフロジンとして 100 mg を含⎜ ⎜ 有する。 ⎜ ⎩ ⎭ （本日の処方箋に記載されていた検査値） 血圧 115/65 mmHg、HbA1c 7.0％、CCr 90 mL/min、AST 14 IU/L、 ALT 16 IU/L、LDL‑C 95 mg/dL、TG（トリグリセリド）155 mg/dL、 空腹時血糖 114 mg/dL 問 220（物理・化学・生物） 処方 2 の薬剤は、アルドース還元酵素を阻害する。以下の反応のうち、アルドー ス還元酵素が触媒するのはどれか。１つ選べ。	[]	singleChoice	4	null	normal	true	no_choice_sequence	"[""prescription_dosage_form""]"	P111-CASE-220	https://www.mhlw.go.jp/content/001677930.pdf	https://www.mhlw.go.jp/content/001677933.pdf	2026-02-22	MHLW website content under Public Data License 1.0 unless separately indicated; third-party content requires separate review
P111-221	111	221	実践	実務	（実務） 処方 2 及び処方 3 を確認した薬剤師が、聞き取り内容を考慮し、処方に関して医 師へ行う提案として適切なのはどれか。１つ選べ。	"[""処方 1 の薬剤を減量"",""処方 2 の薬剤を減量"",""処方 2 の薬剤を食後へ変更"",""処方 3 の薬剤を減量"",""処方 3 の薬剤をミロガバリンべシル酸塩錠へ変更""]"	singleChoice	4	null	normal	false	parsed	"[""prescription_dosage_form""]"	P111-CASE-220	https://www.mhlw.go.jp/content/001677930.pdf	https://www.mhlw.go.jp/content/001677933.pdf	2026-02-22	MHLW website content under Public Data License 1.0 unless separately indicated; third-party content requires separate review
P111-222	111	222	実践	物理・化学・生物	‑223 51 歳男性。身長 173 cm、体重 81 kg。仕事で自動車を運転することがあ り、排尿回数が多いため水分を控えていた。 1 ケ月前から右季肋部に違和感があっ たが、特に痛みもなかったため、医療機関を受診していなかった。 3 日前に妻から 顔が少し黄色っぽいと言われた。今朝、右季肋部に痛みが現れたため医療機関を受 診した。血液検査で以下のような結果となり、さらにエコー検査、CT 検査等を行 い胆嚢結石と診断された。本人と医師が相談した結果、腹腔鏡下胆嚢摘出術を実施 することになり、それまでの間、以下の処方 1 及び処方 2 で対応することとなり、 処方箋を持って薬局を訪れた。 （検査値） AST 62 IU/L、ALT 68 IU/L、γ‑GTP 163 IU/L、 アルカリホスファターゼ（ALP）525 IU/L、 直接ビリルビン 3 mg/dL （処方 1 ） フロプロピオン錠 80 mg 1 回 1 錠 （ 1 日 3 錠） 1日3回 朝昼夕食後 14 日分 （処方 2 ） ブチルスコポラミン臭化物錠 10 mg 1回1錠 疼痛時 5 回分 問 222（実務） この患者に対する薬剤師の説明内容として適切なのはどれか。２つ選べ。	"[""処方 1 の薬剤により、胆嚢の緊張が緩み、痛みの緩和が期待される。"",""処方 1 の薬剤は、徐脈を起こすことがある。"",""処方 2 の薬剤により、食欲の抑制が期待される。"",""処方 2 の薬剤は、眼の調節障害を起こすことがある。"",""処方 2 の薬剤は、唾液分泌量の増加を起こすことがある。""]"	multiChoice	[0,3]	null	normal	false	parsed	"[""none""]"	P111-CASE-222	https://www.mhlw.go.jp/content/001677930.pdf	https://www.mhlw.go.jp/content/001677933.pdf	2026-02-22	MHLW website content under Public Data License 1.0 unless separately indicated; third-party content requires separate review
P111-223	111	223	実践	実務	（物理・化学・生物） この患者の血液検査で、ビリルビン値に異常が認められた。担当薬剤師は、患者 の状態を把握するため、ビリルビンの代謝過程を以下の図に整理して考えた。 この患者で起こっている可能性が高いのはどれか。２つ選べ。	"[""反応Ｐが主に脾臓などの細網内皮系で進行している。"",""反応Ｑが主に腎臓で進行している。"",""化合物Ａが血液中でリポタンパク質に結合している。"",""化合物Ａの血清値は正常の範囲よりも低い。"",""化合物Ｂの尿中への排出が増加している。""]"	multiChoice	[0,4]	null	normal	false	parsed	"[""none""]"	P111-CASE-222	https://www.mhlw.go.jp/content/001677930.pdf	https://www.mhlw.go.jp/content/001677933.pdf	2026-02-22	MHLW website content under Public Data License 1.0 unless separately indicated; third-party content requires separate review
P111-224	111	224	実践	物理・化学・生物	‑225 72 歳女性。嗄声が継続していたため近医を受診した。胸部 X 線検査で右肺 腫瘤を指摘され、総合病院呼吸器内科を紹介受診した。精査の結果、cT2N3M1b、 Stage ⅣA の非小細胞肺がん（腺がん）と診断された。パフォーマンスステータス （PS）0 。 遺伝子変異陰性、 遺伝子転座陰性、 遺伝子転座陰性、 遺伝子変異陰性、PD‑L1 ≧ 50％。一次治療としてペムブロリズマブが投与 されることになった。 問 224（物理・化学・生物） 本治療には、腫瘍抗原に対する T 細胞の免疫応答と、この免疫応答を調節する ための免疫チェックポイントの機能が関わっている。T 細胞の免疫応答に関する記 述として、正しいのはどれか。２つ選べ。	"[""樹状細胞は、ヘルパー T 細胞に腫瘍抗原などの抗原を提示する。"",""T 細胞のうち、腫瘍抗原に対する免疫応答を増強する細胞を制御性 T 細胞とよ ぶ。"",""抗原提示細胞の CD80/CD86 は、細胞傷害性 T リンパ球抗原‑4（CTLA‑4）と 結合することによりキラー T 細胞の活性化に必要な補助刺激シグナルを伝える。"",""がん細胞の PD‑L1 は、CD28 と結合することによりキラー T 細胞の活性化に 必要な補助刺激シグナルを伝える。"",""がん細胞の PD‑L1 は、PD‑1 と結合することによりキラー T 細胞に抑制性の シグナルを伝えて免疫応答を抑える。""]"	multiChoice	[0,4]	null	normal	false	parsed	"[""none""]"	P111-CASE-224	https://www.mhlw.go.jp/content/001677930.pdf	https://www.mhlw.go.jp/content/001677933.pdf	2026-02-22	MHLW website content under Public Data License 1.0 unless separately indicated; third-party content requires separate review
P111-225	111	225	実践	実務	（実務） この患者へのぺムブロリズマブの投与にあたり、病棟担当薬剤師が留意すること として適切なのはどれか。２つ選べ。	"[""投与前における制吐剤の予防投与"",""投与前における腎機能に応じた用量の調節"",""治療中の咳、息苦しさなどの症状"",""治療中の甲状腺機能の異常"",""治療中の 遺伝子変異陰性に伴う副作用の増悪""]"	multiChoice	[2,3]	null	normal	false	parsed	"[""none""]"	P111-CASE-224	https://www.mhlw.go.jp/content/001677930.pdf	https://www.mhlw.go.jp/content/001677933.pdf	2026-02-22	MHLW website content under Public Data License 1.0 unless separately indicated; third-party content requires separate review
P111-226	111	226	実践	衛生	‑227 院内の感染症対策委員会において、インフルエンザ流行への対応策を検討 した結果、高齢者の死亡リスクがあるため、面会制限を実施するとともに、薬剤師 が院内スタッフへ向けて感染予防の講義を行うことになった。 委員会を見学していた実務実習生から、「高齢者の死亡リスクはどのようにして 求めるのですか。 」と質問があったため、指導薬剤師が高齢者の死亡リスクを求め る模擬データを用いた課題を出した。 （模擬データ） インフルエンザウイルス感染者数と 28 日以内の死亡者数 年齢群（歳） 感染者数（人） 死亡者数（人） 55〜59 600 1 60〜64 400 1 65〜69 400 2 70〜74 400 2 75〜79 400 4 80〜84 400 5 85〜89 300 10 90〜94 300 15 問 226（衛生） 模擬データにおいて、55〜64 歳と比較した 80〜94 歳の年齢群の死亡リスクの オッズ比として最も近いのはどれか。１つ選べ。	"[""0.30"",""1.5"",""3.0"",""15"",""30""]"	singleChoice	3	null	normal	false	parsed	"[""none""]"	P111-CASE-226	https://www.mhlw.go.jp/content/001677930.pdf	https://www.mhlw.go.jp/content/001677933.pdf	2026-02-22	MHLW website content under Public Data License 1.0 unless separately indicated; third-party content requires separate review
P111-227	111	227	実践	実務	（実務） 院内スタッフに向けて行う講義内容として適切なのはどれか。２つ選べ。	"[""このウイルスの主な感染経路は空気感染である。"",""ウイルスの伝播・拡散を防止するために、手指衛生を徹底する。"",""インフルエンザ HA ワクチンの接種前に、鶏卵や鶏肉アレルギーの有無を確認 する。"",""65 歳以上の高齢者に対するインフルエンザ HA ワクチンの定期予防接種は、 努力義務である。"",""感染予防の目的で、ペラミビルを投与することができる。""]"	multiChoice	[1,2]	null	normal	false	parsed	"[""none""]"	P111-CASE-226	https://www.mhlw.go.jp/content/001677930.pdf	https://www.mhlw.go.jp/content/001677933.pdf	2026-02-22	MHLW website content under Public Data License 1.0 unless separately indicated; third-party content requires separate review
P111-228	111	228	実践	衛生	‑229 69 歳女性。乳がん切除後 6 日目に悪寒と 38.6℃の発熱を認め、タゾバク タム・ピペラシリンの投与が開始された。その 3 日後にメチシリン耐性黄色ブドウ 球菌（MRSA）が創部から検出されたため、抗菌薬がバンコマイシンに変更され た。バンコマイシン投与開始後 7 日目の抗菌薬適正使用支援チーム（AST）回診 前の検査所見は以下のとおりであった。 （検査所見） 体温：36.2 ℃ 血液検査：白血球 8,600/μL、赤血球 462 × 104/μL、血小板 18 × 104/μL、 AST 24 IU/L、ALT 30 IU/L、LDH 212 IU/L、 総ビリルビン 1.2 mg/dL、血清クレアチニン 0.6 mg/dL、 eGFR 65.6 mL/min/1.73 m2、空腹時血糖 98 mg/dL、 TG（トリグリセリド）145 mg/dL、総コレステロール 180 mg/dL、 尿酸 6.5 mg/dL、CRP 0.25 mg/dL 創部浸出液：なし 問 228（実務） 医師より前にこの検査所見を見た薬剤師が提案する内容として最も適切なのはど れか。１つ選べ。	"[""バンコマイシンからリネゾリドへの変更"",""バンコマイシンからテイコプラニンへの変更"",""バンコマイシンからセファゾリンへの変更"",""バンコマイシンの減量"",""バンコマイシンの中止""]"	singleChoice	4	null	normal	false	parsed	"[""none""]"	P111-CASE-228	https://www.mhlw.go.jp/content/001677930.pdf	https://www.mhlw.go.jp/content/001677933.pdf	2026-02-22	MHLW website content under Public Data License 1.0 unless separately indicated; third-party content requires separate review
P111-229	111	229	実践	実務	（衛生） この患者が罹患した MRSA 感染症に関する記述として、正しいのはどれか。 ２つ選べ。	"[""日和見感染症の 1 つである。"",""感染症法（注）において、特定の職業への就業によって集団発生を起こし得る感 染症とされている。"",""患者は、第一種感染症指定医療機関に転院しなければならない。"",""定点把握の対象疾患として届出なければならない。"",""病原体は、院内患者から検出され、健常人から検出されることはない。 （注）感染症法：感染症の予防及び感染症の患者に対する医療に関する法律""]"	multiChoice	[0,3]	null	normal	false	parsed	"[""none""]"	P111-CASE-228	https://www.mhlw.go.jp/content/001677930.pdf	https://www.mhlw.go.jp/content/001677933.pdf	2026-02-22	MHLW website content under Public Data License 1.0 unless separately indicated; third-party content requires separate review
P111-230	111	230	実践	衛生	‑231 50 歳女性。これまでに薬の副作用、アレルギー歴なし。肩こり、ほてり、 発汗、イライラを感じている。食事のバランスに気をつけているが、健康診断で骨 密度が低めであることを指摘された。骨の健康が気になり、特定保健用食品を利用 したいと思い、薬局を訪れた。 問 230（実務） この女性に特定保健用食品を勧めるにあたり、薬剤師が備えておくべき知識とし て、正しいのはどれか。２つ選べ。	"[""特定保健用食品には、健康の維持・増進にかかわる特定の保健の用途に適する 食品であることが表示されている。"",""特定保健用食品は、厚生労働省によって認められた食品である。"",""医薬品と同じように、特定保健用食品によって疾病を治療できる。"",""特定保健用食品は、薬局だけで購入することができる。"",""特定保健用食品には、骨粗しょう症になる疾病リスクを低減する可能性を表示 したものがある。""]"	multiChoice	[0,4]	null	normal	false	parsed	"[""none""]"	P111-CASE-230	https://www.mhlw.go.jp/content/001677930.pdf	https://www.mhlw.go.jp/content/001677933.pdf	2026-02-22	MHLW website content under Public Data License 1.0 unless separately indicated; third-party content requires separate review
P111-231	111	231	実践	実務	（衛生） この女性に勧める特定保健用食品の関与成分として適切なのはどれか。２つ選 べ。	"[""キトサン"",""大豆イソフラボン"",""茶カテキン"",""ビタミン K2"",""マルチトール""]"	multiChoice	[1,3]	null	normal	false	parsed	"[""none""]"	P111-CASE-230	https://www.mhlw.go.jp/content/001677930.pdf	https://www.mhlw.go.jp/content/001677933.pdf	2026-02-22	MHLW website content under Public Data License 1.0 unless separately indicated; third-party content requires separate review
P111-232	111	232	実践	衛生	‑233 66 歳女性。12 月下旬、忘年会で海産物を食べた後、嘔吐と下痢で内科を 受診し、ノロウイルス感染症と診断された。この女性は、医療機関で点滴を受けた 後、処方箋を薬局に持参した。 トイレを借りたいと申し出があり、薬局スタッフが案内する途中で嘔吐した。そ の後、トイレの便器でも嘔吐したため、薬局スタッフが吐瀉物の処理を行うことに なった。 問 232（実務） 薬剤師がこの薬局スタッフに指示した内容として適切なのはどれか。２つ選べ。	"[""マスク、ゴム手袋、エプロン及びフェイスシールドを着用する。"",""吐瀉物の処理は、感染拡大防止のため窓を閉め切って行う。"",""患者が触れた手すりやドアノブの消毒は、ベンザルコニウム塩化物液で行う。"",""洋式便座の消毒は、グルタラール液で 2 度拭きする。"",""吐瀉物が付着した白衣の消毒は、0.1％次亜塩素酸ナトリウム液への浸漬によ り行う。""]"	multiChoice	[0,4]	null	normal	false	parsed	"[""none""]"	P111-CASE-232	https://www.mhlw.go.jp/content/001677930.pdf	https://www.mhlw.go.jp/content/001677933.pdf	2026-02-22	MHLW website content under Public Data License 1.0 unless separately indicated; third-party content requires separate review
P111-233	111	233	実践	実務	（衛生） その後、軽快したこの女性が感謝の気持ちを伝えたいと再び来局したときに、食 中毒の種類や相違について質問した。薬剤師が説明した内容として、適切なのはど れか。２つ選べ。	"[""ノロウイルス食中毒は、生のカキ（牡蠣）などの喫食で発生することがある が、食前加熱（85℃、 5 分間）することで防ぐことができる。"",""嘔吐型セレウス菌食中毒は、チャーハンなどの喫食で発生することがあるが、 調理後室温で長時間放置しても再び加熱（85℃、 5 分間）することで防ぐことが できる。"",""ウェルシュ菌食中毒は、カレーなどの喫食で発生することがあるが、調理後室 温で長時間放置しても再び加温（45℃、 5 分間）することで防ぐことができる。"",""カンピロバクター食中毒は、生肉などの喫食で発生することがあるが、食品を 冷凍（−20℃、48 時間）することで防ぐことができる。"",""アニサキスによる食中毒は、鮮魚などの喫食で発生することがあるが、食品を 冷凍（−20℃、48 時間）することで防ぐことができる。""]"	multiChoice	[0,4]	null	normal	false	parsed	"[""none""]"	P111-CASE-232	https://www.mhlw.go.jp/content/001677930.pdf	https://www.mhlw.go.jp/content/001677933.pdf	2026-02-22	MHLW website content under Public Data License 1.0 unless separately indicated; third-party content requires separate review
P111-234	111	234	実践	衛生	‑235 84 歳男性。身長 165 cm、体重 60.5 kg。直腸がん（Stage Ⅲb）に対して、 腹腔鏡下直腸切断術が施行された。術後疼痛管理のためアセトアミノフェン静注液 1,000 mg を手術当日に 1 回投与した。疼痛が継続したため、さらに術後 1 日目と 2 日目に 1 日 4 回投与した。術後 3 日目の血液検査で総ビリルビン 2.63 mg/dL、 AST 5,991 IU/L、ALT 4,438 IU/L であったため、アセトアミノフェン血漿中濃 度を測定した結果、解毒薬の投与推奨域であった。 問 234（実務） 薬剤師が医師へ提案すべき解毒薬はどれか。１つ選べ。	"[""ジメルカプロール"",""‑アセチルシステイン"",""亜硝酸ナトリウム"",""プラリドキシムヨウ化物"",""フルマゼニル""]"	singleChoice	1	null	normal	false	parsed	"[""none""]"	P111-CASE-234	https://www.mhlw.go.jp/content/001677930.pdf	https://www.mhlw.go.jp/content/001677933.pdf	2026-02-22	MHLW website content under Public Data License 1.0 unless separately indicated; third-party content requires separate review
P111-235	111	235	実践	実務	（衛生） 提案した解毒薬の投与により、肝臓内で生成量が増えるアセトアミノフェン代謝 物はどれか。１つ選べ。	[]	singleChoice	4	null	normal	true	no_choice_sequence	"[""none""]"	P111-CASE-234	https://www.mhlw.go.jp/content/001677930.pdf	https://www.mhlw.go.jp/content/001677933.pdf	2026-02-22	MHLW website content under Public Data License 1.0 unless separately indicated; third-party content requires separate review
P111-236	111	236	実践	衛生	‑237 45 歳男性。糖尿病で治療中である。21〜30 歳までの間、化学工場で化学 物質を取り扱う業務に従事していた。血尿を自覚し泌尿器科を受診し、膀胱鏡検 査、造影 CT 及び MRI 検査により、膀胱がんと診断された。経尿道的膀胱腫瘍切 除術を施行し、筋層浸潤がんであることが確認されたため、GC 療法（ゲムシタビ ン・シスプラチン併用療法）による術前化学療法を 4 コース行った後、ロボット支 援根治的膀胱全摘除術を受けることになった。 問 236（実務） この患者の化学療法に伴う悪心・嘔吐の予防に用いる薬剤として適切なのはどれ か。２つ選べ。	"[""クロルプロマジン塩酸塩錠"",""メトクロプラミド錠"",""アプレピタントカプセル"",""オランザピン錠"",""パロノセトロン塩酸塩注射液""]"	multiChoice	[2,4]	null	normal	false	parsed	"[""none""]"	P111-CASE-236	https://www.mhlw.go.jp/content/001677930.pdf	https://www.mhlw.go.jp/content/001677933.pdf	2026-02-22	MHLW website content under Public Data License 1.0 unless separately indicated; third-party content requires separate review
P111-237	111	237	実践	実務	（衛生） この男性が化学工場で業務中に曝露されていた可能性が高い化学物質はどれか。 ２つ選べ。	[]	multiChoice	[1,2]	null	normal	true	no_choice_sequence	"[""none""]"	P111-CASE-236	https://www.mhlw.go.jp/content/001677930.pdf	https://www.mhlw.go.jp/content/001677933.pdf	2026-02-22	MHLW website content under Public Data License 1.0 unless separately indicated; third-party content requires separate review
P111-238	111	238	実践	衛生	‑239 65 歳女性。 3 ケ月前から腰痛を自覚し、市販の痛み止めを服用しても改善 しないため整形外科を受診した。腰椎骨密度が YAM の 62％であり、X 線像から 骨粗しょう症と診断され、処方箋をもって来局した。調剤した後、硬度が特に高い ミネラルウォーター（硬度 300 mg/L 以上）で服用してはいけないことを含めて服 薬指導を行った。 服薬指導後に、患者がカバンからミネラルウォーターを取り出し、 「いつも飲ん でいるこの水は大丈夫ですか。」と質問した。薬剤師は、ボトルのラベルを確認 し、服薬時に使用可能かどうかを評価するために総硬度を計算した。 （処方） リセドロン酸 Na 錠 17.5 mg 1 回 1 錠 （ 1 日 1 錠） 毎週 日曜日 1日1回 起床時 4 日分（投与実日数） （ミネラルウォーター 100 mL の栄養成分） エネルギー 0 kcal タンパク質 0g 脂質 0g 炭水化物 0g ナトリウム 5.8 mg カルシウム 21.6 mg マグネシウム 9.5 mg カリウム 1.2 mg pH 値 6.59 問 238（衛生） このミネラルウォーターの総硬度（mg/L）に最も近い値はどれか。１つ選べ。 ただし、原子量は C 12.0、O 16.0、Na 23.0、Mg 24.3、K 39.0、Ca 40.1 とする。	"[""37"",""63"",""93"",""370"",""630"",""930""]"	singleChoice	5	null	normal	false	parsed	"[""none""]"	P111-CASE-238	https://www.mhlw.go.jp/content/001677930.pdf	https://www.mhlw.go.jp/content/001677933.pdf	2026-02-22	MHLW website content under Public Data License 1.0 unless separately indicated; third-party content requires separate review
P111-239	111	239	実践	実務	（実務） 処方薬の服用に関して、薬剤師がこの患者に伝える内容として適切なのはどれ か。２つ選べ。	"[""このミネラルウォーターではなく、水道水などの軟水で服用してください。"",""服用後すぐに朝食を摂ってください。"",""代謝物で尿が橙赤色になることがあります。"",""噛んだり舐めたりせずに服用してください。"",""服用を忘れて朝食を摂った場合は、昼食前の空腹時に服用してください。""]"	multiChoice	[0,3]	null	normal	false	parsed	"[""none""]"	P111-CASE-238	https://www.mhlw.go.jp/content/001677930.pdf	https://www.mhlw.go.jp/content/001677933.pdf	2026-02-22	MHLW website content under Public Data License 1.0 unless separately indicated; third-party content requires separate review
P111-240	111	240	実践	衛生	‑241 7 月中旬に学校薬剤師が担当中学校の屋外プールの水質検査を実施した。 採水時刻は午前 11 時、天候は晴れ、気温 29.5 ℃、水温 32 ℃であった。循環ろ過 装置の運転は 1 日当たり 2 循環であり、消毒剤として塩素化イソシアヌル酸が自動 注入されている。 対象のプールの採水場所Ａ、Ｂ、Ｃ 給水口Ｘ、排水口Ｙ 上図のプール 3 ケ所（Ａ〜Ｃ）で遊離残留塩素を測定したところ、全て 0.4 mg/L であった。その他の検査結果は次のとおりだった。 （検査結果） 検 査 項 目 採水場所Ａ 採水場所Ｂ 採水場所Ｃ pH 値 7.0 7.1 7.1 濁 度（度） 0.94 0.78 0.89 大 腸 菌 検出 不検出 不検出 一般細菌（CFU/mL） 49 48 44 問 240（衛生） Ａから採取した水の過マンガン酸カリウム消費量を薬剤師が測定することにし た。検水 100 mL をとり、これに過マンガン酸カリウム処理硫酸溶液 5 mL を加 え、さらに 0.002 mol/L 過マンガン酸カリウム溶液 10 mL を正確に加えた。 5 分 間煮沸した後、直ちに 0.005 mol/L シュウ酸ナトリウム溶液 10 mL を正確に加え て脱色させ、さらに 0.002 mol/L 過マンガン酸カリウム溶液で微紅色が消えずに残 るまで滴定したところ、5.0 mL を要した。このとき、過マンガン酸カリウム消費 量（mg/L）に最も近い値はどれか。１つ選べ。ただし、過マンガン酸カリウム溶 液とシュウ酸ナトリウム溶液のファクターを 1.000、過マンガン酸カリウムの式量 を 158 とする。	"[""8.0"",""12"",""16"",""80"",""160""]"	singleChoice	2	null	normal	false	parsed	"[""none""]"	P111-CASE-240	https://www.mhlw.go.jp/content/001677930.pdf	https://www.mhlw.go.jp/content/001677933.pdf	2026-02-22	MHLW website content under Public Data License 1.0 unless separately indicated; third-party content requires separate review
P111-241	111	241	実践	実務	（実務） 水質検査結果を基に、学校薬剤師がプールを管理している教員に対し助言する内 容として、適切なのはどれか。２つ選べ。	"[""過マンガン酸カリウム消費量が多いほど、塩素消毒するとトリハロメタンの生 成が抑制できる。"",""水質を改善するためにオーバーフローしないように注意しながら水を補給する。"",""循環ろ過装置は、水に溶存する有機物を除去するために設置している。"",""入泳者数の多さや入水前のシャワーの不足により、過マンガン酸カリウム消費 量が多くなる。"",""大腸菌が検出されているので、消毒剤を追加して水質の改善が確認できるまで は遊泳させない。""]"	multiChoice	[3,4]	null	normal	false	parsed	"[""none""]"	P111-CASE-240	https://www.mhlw.go.jp/content/001677930.pdf	https://www.mhlw.go.jp/content/001677933.pdf	2026-02-22	MHLW website content under Public Data License 1.0 unless separately indicated; third-party content requires separate review
P111-242	111	242	実践	衛生	‑243 学校薬剤師が教室の環境衛生検査を実施するために 12 月に小学校を訪問 し、二酸化炭素濃度を測定した。各教室には冷暖房及び換気設備が設置されている が、暖房設備が故障し、一時的に石油ファンヒーターを使用している教室があった ので、学校薬剤師は追加で検査することにした。 問 242（実務） 教室等の環境に係る学校環境衛生基準に設定されており、この教室で学校薬剤師 が測定すべき検査項目はどれか。２つ選べ。	"[""二酸化硫黄"",""オゾン"",""一酸化炭素"",""一酸化窒素"",""二酸化窒素""]"	multiChoice	[2,4]	null	normal	false	parsed	"[""none""]"	P111-CASE-242	https://www.mhlw.go.jp/content/001677930.pdf	https://www.mhlw.go.jp/content/001677933.pdf	2026-02-22	MHLW website content under Public Data License 1.0 unless separately indicated; third-party content requires separate review
P111-243	111	243	実践	実務	（衛生） 児童 20 名がいるこの教室の床板面積は 80 m2、床から天井までの高さは 2.5 m である。また、使用している石油ファンヒーターから 1 時間当たり 0.02 L のガス Ａが発生する。ガスＡの濃度を学校環境衛生基準である 0.06 ppm に保つのに必要 な換気回数は 1 時間当たり何回か。１つ選べ。 ただし、外気中のガスＡの濃度は 0.01 ppm、教室内において、これ以外にガス Ａの発生はないものとする。	"[""1回"",""2回"",""3回"",""4回"",""5回""]"	singleChoice	1	null	normal	false	parsed	"[""none""]"	P111-CASE-242	https://www.mhlw.go.jp/content/001677930.pdf	https://www.mhlw.go.jp/content/001677933.pdf	2026-02-22	MHLW website content under Public Data License 1.0 unless separately indicated; third-party content requires separate review
P111-244	111	244	実践	衛生	‑245 9 月上旬に小学校の学校給食施設において、調理場の温湿度計が誤作動を 起こし表示されなくなった。夏場は熱気や蒸気の発生で、高温・高湿になることが 多かったため、現状を把握するために、学校薬剤師が室内の作業環境測定を行うこ とになった。 問 244（衛生） 学校薬剤師が屋内の調理場の乾球温度、湿球温度、黒球温度を測定したところ、 以下の値であった。暑さ指数（湿球黒球温度：WBGT）として最も近い値はどれ か。１つ選べ。 乾球温度：28.0 ℃ 湿球温度：25.0 ℃ 黒球温度：32.0 ℃	"[""25"",""26"",""27"",""28"",""29""]"	singleChoice	2	null	normal	false	parsed	"[""none""]"	P111-CASE-244	https://www.mhlw.go.jp/content/001677930.pdf	https://www.mhlw.go.jp/content/001677933.pdf	2026-02-22	MHLW website content under Public Data License 1.0 unless separately indicated; third-party content requires separate review
P111-245	111	245	実践	実務	（実務） 学校薬剤師が学校給食従事者に対して行う、脱水や熱中症に関する説明内容とし て適切なのはどれか。２つ選べ。	"[""室温が 28.5 ℃以下であれば、熱中症になることはありません。"",""のどの渇きを感じるまで、水分補給は必要ありません。"",""めまいや大量の発汗、筋肉の硬直（こむら返り）などの初期症状に注意してく ださい。"",""病者用食品の経口補水液は、脱水症の予防を目的としたものです。"",""病者用食品の経口補水液を飲み過ぎると、ナトリウムの過剰摂取になるおそれ があります。""]"	multiChoice	[2,4]	null	normal	false	parsed	"[""none""]"	P111-CASE-244	https://www.mhlw.go.jp/content/001677930.pdf	https://www.mhlw.go.jp/content/001677933.pdf	2026-02-22	MHLW website content under Public Data License 1.0 unless separately indicated; third-party content requires separate review
P111-246	111	246	実践	薬理	‑247 79 歳男性。身長 165 cm、体重 47 kg。口渇が著明で、発熱や咳嗽を主訴に 総合病院を受診し、入院後に誤嚥性肺炎と診断され、入院当日から処方 1 による治 療が開始された。 （処方 1 ） 点滴静注 注射用アンピシリンナトリウム・スルバクタムナトリウム （ 3 g/バック 1 バック） 3 g 1日4回 朝昼夕食後・就寝前 1 時間かけて投与 5 日連日投与 喀痰培養検査で、 が同定され、薬剤感受性試験の結果は 以下のとおりであったが、肺膿瘍は認められなかった。 （薬剤感受性試験の結果） 抗菌薬 MIC（μg/mL） 判定 アンピシリン ≧ 32 Resistant（耐性） ピペラシリン ≧ 128 Resistant（耐性） セフトリアキソン ≦1 Susceptible（感性） タゾバクタム・ピペラシリン ≦ 16 Susceptible（感性） この結果を踏まえて、新たな抗生物質の投与により、誤嚥性肺炎は軽快に向かっ たが、軽度の舌苔が認められた。含嗽はしていたが、12 日目より口腔咽頭カンジ ダ症を発症したため、処方 2 が追加となった。 （処方 2 ） イトラコナゾール経口液 1 ％ 1 回 20 mL（ 1 日 20 mL） 1日1回 空腹時 7 日分 また、食事摂取困難な日が継続していたことから、栄養摂取方法について検討が なされた。 問 246（実務） 本症例における薬剤師の対応として正しいのはどれか。１つ選べ。	"[""薬剤感受性試験結果より、処方 1 の薬剤をピペラシリンへ切り替えるよう提案 した。"",""新たな抗生物質への切り替え後は、少なくとも 30 日以上投与することを提案 した。"",""処方 2 の薬剤は、服薬時に数秒間口に含み、口腔内全体に行き渡らせた後に嚥 下する旨を患者に指導した。"",""食事摂取困難の対応として、フルカリック輸液（注）を末梢静脈から投与するよ う提案した。"",""誤嚥が認められた場合の対応として、ジフェンヒドラミンの使用を提案した。 （注：総合ビタミン・糖・アミノ酸・電解質を含む高カロリー輸液）""]"	singleChoice	2	null	normal	false	parsed	"[""none""]"	P111-CASE-246	https://www.mhlw.go.jp/content/001677931.pdf	https://www.mhlw.go.jp/content/001677933.pdf	2026-02-22	MHLW website content under Public Data License 1.0 unless separately indicated; third-party content requires separate review
P111-247	111	247	実践	実務	（薬理） 処方 1 又は 2 に含まれる薬物が阻害するのはどれか。２つ選べ。	"[""トランスペプチダーゼ"",""Ⅱ型トポイソメラーゼ"",""ラノステロール C‑14 脱メチル化酵素"",""1，3‑β‑D‑グルカン合成酵素"",""スクアレンエポキシダーゼ""]"	multiChoice	[0,2]	null	normal	false	parsed	"[""none""]"	P111-CASE-246	https://www.mhlw.go.jp/content/001677931.pdf	https://www.mhlw.go.jp/content/001677933.pdf	2026-02-22	MHLW website content under Public Data License 1.0 unless separately indicated; third-party content requires separate review
P111-248	111	248	実践	薬理	‑249 58 歳女性。 40 歳頃より肌荒れが気になり、ビタミン C 及びビタミン B6 含有サプリメントを服用している。 5 年前に友人より「女性は鉄分が不足がちなの で鉄分含有サプリメントの服用が良い」と勧められ服用している。 2 年前に歩行時 につまずくことが増え、かかりつけ医から紹介されて市民病院を受診したところ、 初期のパーキンソン病と診断され、処方 1 による治療が開始された。しかし、最近 手指の安静時のふるえや動作のぎこちなさが目立つようになり、処方 2 が追加され た。処方 1 、処方 2 とも、同病院の薬剤部で調剤された。 （処方 1 ） プラミペキソール塩酸塩錠 0.5 mg 1 回 2 錠（ 1 日 6 錠） 1日3回 朝昼夕食後 14 日分 （処方 2 ） レボドパ 100 mg・カルビドパ配合錠 1 回 1 錠（ 1 日 3 錠） 1日3回 朝昼夕食後 14 日分 問 248（実務） 処方 1 及び 2 の薬剤について病院薬剤師がこの患者に対して説明する内容とし て、適切なのはどれか。２つ選べ。	"[""処方 2 の薬剤の作用を減弱させるため、ビタミン C 含有サプリメントの服用を 避ける。"",""処方 2 の薬剤の作用を増強させるため、ビタミン B6 含有サプリメントの服用 を避ける。"",""処方 2 の薬剤の吸収を低下させるため、鉄分含有サプリメントの同時服用を避 ける。"",""処方 2 に含まれる薬物の血中濃度を測定するため、来院当日は絶食する。"",""処方 1 と処方 2 の薬剤の併用により突然眠気が出ることがあるため、危険を伴 う機械の操作は避ける。""]"	multiChoice	[2,4]	null	normal	false	parsed	"[""none""]"	P111-CASE-248	https://www.mhlw.go.jp/content/001677931.pdf	https://www.mhlw.go.jp/content/001677933.pdf	2026-02-22	MHLW website content under Public Data License 1.0 unless separately indicated; third-party content requires separate review
P111-249	111	249	実践	実務	（薬理） 患者はその後、この治療を 7 年間継続したところ、wearing-off 現象が見られる ようになった。この現象を改善する薬物の作用機序として、正しいのはどれか。 ２つ選べ。	"[""ドパミン D2 受容体を遮断する。"",""アデノシン A2A 受容体を遮断する。"",""セロトニン 5‑HT1 受容体を刺激する。"",""セロトニントランスポーターを阻害する。"",""カテコール‑ ‑メチルトランスフェラーゼ（COMT）を阻害する。""]"	multiChoice	[1,4]	null	normal	false	parsed	"[""none""]"	P111-CASE-248	https://www.mhlw.go.jp/content/001677931.pdf	https://www.mhlw.go.jp/content/001677933.pdf	2026-02-22	MHLW website content under Public Data License 1.0 unless separately indicated; third-party content requires separate review
P111-250	111	250	実践	薬理	‑251 33 歳女性。身長 158 cm、体重 52 kg。夫と 2 人暮らし。 1 年半前より朝の 関節のこわばりや痛みを自覚し、 1 年前に関節の腫脹・疼痛が出現した。近医でリ ウマトイド因子陽性の関節リウマチと診断され、治療が開始された。処方 1 〜 3 で 治療継続中であったが、疾患活動性の上昇により 7 日前に入院した。病棟カンファ レンスで処方 3 が処方 4 へ変更されることになった。 （処方 1 ） メトトレキサートカプセル 2 mg 1 回 2 カプセル（ 1 日 4 カプセル） 毎週 土曜日 1 日 2 回 朝夕食後 1 日分（投与実日数） メトトレキサートカプセル 2 mg 1 回 1 カプセル（ 1 日 1 カプセル） 毎週 日曜日 1 日 1 回 朝食後 1 日分（投与実日数） （処方 2 ） 葉酸錠 5 mg 1 回 1 錠（ 1 日 1 錠） 毎週 月曜日 1 日 1 回 朝食後 1 日分（投与実日数） （処方 3 ） アダリムマブ（遺伝子組換え）皮下注（40 mg/ 1 キット） 1 キット 1 回 40 mg 2 週間に 1 回 皮下注射（自己注射） （処方 4 ） トファシチニブクエン酸塩錠 5 mg 1 回 1 錠（ 1 日 2 錠） 1日2回 朝夕食後 7 日分 問 250（実務） 病棟カンファレンスに参加した医療チームで情報共有する内容として、適切でな いのはどれか。１つ選べ。	"[""メトトレキサート服用により感染リスクが高まる。"",""トファシチニブ服用により出血傾向になる。"",""トファシチニブ服用により帯状疱疹が発生しやすくなる。"",""トファシチニブ投与中及び終了後少なくとも 1 月経周期は適切な避妊を行う。"",""トファシチニブはシトクロム P450 で代謝されるため、他の薬剤との併用に注 意する。""]"	singleChoice	1	null	normal	false	parsed	"[""none""]"	P111-CASE-250	https://www.mhlw.go.jp/content/001677931.pdf	https://www.mhlw.go.jp/content/001677933.pdf	2026-02-22	MHLW website content under Public Data License 1.0 unless separately indicated; third-party content requires separate review
P111-251	111	251	実践	実務	（薬理） 処方 1 〜 4 のいずれかの薬物の作用機序として、正しいのはどれか。２つ選べ。	"[""IL‑6 受容体に結合することで、IL‑6 により誘導される炎症反応を抑制する。"",""抗原提示細胞表面の CD80/CD86 に結合することで、CD28 を介した共刺激シ グナルを抑制する。"",""ヤヌスキナーゼ（JAK）を阻害することで、リンパ球の活性化を阻害する。"",""カルシニューリンを阻害することで、ヘルパー T 細胞における IL‑2 産生を抑 制する。"",""ジヒドロ葉酸還元酵素を阻害することで、チミジル酸の合成を抑制する。""]"	multiChoice	[2,4]	null	normal	false	parsed	"[""none""]"	P111-CASE-250	https://www.mhlw.go.jp/content/001677931.pdf	https://www.mhlw.go.jp/content/001677933.pdf	2026-02-22	MHLW website content under Public Data License 1.0 unless separately indicated; third-party content requires separate review
P111-252	111	252	実践	薬理	‑253 65 歳女性。身長 147 cm、体重 48 kg。非ホジキンリンパ腫の既往があり、 3 年前に胸部放射線治療を実施し、がん疼痛に対して鎮痛薬を内服していた。その 後、放射線性心膜炎と心嚢液貯留が認められ、循環器内科で経過観察中であった。 今年 4 月、労作時呼吸困難を主訴に受診し、急性心不全と診断され入院となった。 薬剤師が持参薬の確認を行ったところ、処方 1 及び処方 2 の薬剤を持参していた。 （処方 1 ） ロキソプロフェン Na 錠 60 mg 1 回 1 錠（ 1 日 3 錠） レバミピド錠 100 mg 1 回 1 錠（ 1 日 3 錠） 1日3回 朝昼夕食後 10 日分 （処方 2 ） テルミサルタン錠 20 mg 1 回 1 錠（ 1 日 1 錠） 1日1回 朝食後 10 日分 胸部 X 線で両側胸水と心拡大が認められ、心エコーで左室駆出率は 40％に低下 していた。なお、心嚢液貯留は認めなかったが、入院直後の検査値から、処方 1 と 処方 2 を入院後も継続し、処方 3 の追加が検討された。 検査値： 項目 入院 3 ケ月前 入院直後 血圧（mmHg） 124/82 138/90 CCr（mL/min） 57.3 48.6 白血球（/μL） 4,000 4,200 CRP（mg/dL） 0 0.2 （処方 3 ） ダパグリフロジン錠 10 mg 1 回 1 錠（ 1 日 1 錠） フロセミド錠 10 mg 1 回 1 錠（ 1 日 1 錠） エプレレノン錠 25 mg 1 回 1 錠（ 1 日 1 錠） 1日1回 朝食後 10 日分 問 252（実務） 医師に伝える薬学的提案として適切な内容はどれか。２つ選べ。	"[""処方 3 による低カリウム血症が、レバミピド錠により増強される。"",""処方 3 を開始するにあたり急性腎障害を引き起こす誘発要因が疑われるため、 ロキソプロフェンナトリウム錠をアセトアミノフェン錠へ変更する。"",""ダパグリフロジン錠は浮腫を発現するため、中止する。"",""エプレレノン錠は心不全において腎保護的にはたらくため増量する。"",""尿路感染時には、レボフロキサシン錠を追加する。""]"	multiChoice	[1,4]	null	normal	false	parsed	"[""none""]"	P111-CASE-252	https://www.mhlw.go.jp/content/001677931.pdf	https://www.mhlw.go.jp/content/001677933.pdf	2026-02-22	MHLW website content under Public Data License 1.0 unless separately indicated; third-party content requires separate review
P111-253	111	253	実践	実務	（薬理） 処方 3 のいずれかの薬物の作用機序として、正しいのはどれか。２つ選べ。	"[""ネプリライシンを阻害して、心房性ナトリウム利尿ペプチド（ANP）の心保護 作用を増強する。"",""Na＋， K＋‑ATPase を阻害して、心筋細胞内の Ca2＋ 量を増加させる。"",""ナトリウム‑グルコース共輸送体 2 （SGLT2）を阻害して、近位尿細管におけ る Na＋ 再吸収を抑制する。"",""アドレナリン β1 受容体を遮断して、傍糸球体細胞からのレニン分泌を抑制す る。"",""ミネラルコルチコイド受容体を遮断して、集合管における上皮性 Na＋ チャネル の発現を抑制する。""]"	multiChoice	[2,4]	null	normal	false	parsed	"[""none""]"	P111-CASE-252	https://www.mhlw.go.jp/content/001677931.pdf	https://www.mhlw.go.jp/content/001677933.pdf	2026-02-22	MHLW website content under Public Data License 1.0 unless separately indicated; third-party content requires separate review
P111-254	111	254	実践	薬理	‑255 54 歳男性。身長 171 cm、体重 65 kg。脳梗塞の既往あり。通勤中の午前 8 時頃、回転性めまいを自覚して駅で転倒し、救急搬送された。意識消失や明らかな 外傷はなかったが、繰り返し嘔吐をしていた。午前 9 時に病院到着後、頭部 CT で 小脳に最大径 3.5 cm の出血を認め、激しいめまいと平衡障害も出現した。開頭手 術が予定されており、お薬手帳を基に服用薬剤と最終服薬時刻の確認が必要とな り、家族に聴取したところ、同日の朝 7 時に服薬したことがわかった。 （お薬手帳の内容） ビソプロロールフマル酸塩錠 2.5 mg 1回1錠 1日1回 朝食後 エソメプラゾールカプセル 10 mg 1 回 1 カプセル 1日1回 朝食後 オルメサルタン錠 10 mg 1回1錠 1日1回 朝食後 ダビガトランエテキシラートカプセル 75 mg 1 回 1 カプセル 1日2回 朝夕食後 （臨床所見及び検査値） 血圧 153/115 mmHg、脈拍 62 拍/分、AST 45 IU/L、ALT 33 IU/L、 LDL‑C 78 mg/dL、血清クレアチニン 0.7 mg/dL、HbA1c 5.5％ 問 254（実務） 抗血栓薬の中和目的で手術に備えて準備することを提案する薬物として、適切な のはどれか。１つ選べ。	"[""イダルシズマブ"",""プロタミン"",""乾燥濃縮人プロトロンビン複合体"",""アンデキサネット アルファ"",""メナテトレノン""]"	singleChoice	0	null	normal	false	parsed	"[""none""]"	P111-CASE-254	https://www.mhlw.go.jp/content/001677931.pdf	https://www.mhlw.go.jp/content/001677933.pdf	2026-02-22	MHLW website content under Public Data License 1.0 unless separately indicated; third-party content requires separate review
P111-255	111	255	実践	実務	（薬理） この患者はビソプロロールを服用しているため、手術中の緊急時にカテコールア ミン系強心薬に応答しにくい可能性が考えられた。そこで、この患者でも強心効果 が期待できる 2 つの注射剤の準備を医師に提案した。この 2 剤に含まれる薬物の心 筋への作用として適切なのはどれか。２つ選べ。	"[""インスリン受容体を刺激する。"",""グルカゴン受容体を刺激する。"",""過分極活性化環状ヌクレオチド（HCN）チャネルを阻害する。"",""ホスホジエステラーゼⅢを阻害する。"",""アデニル酸シクラーゼを阻害する。""]"	multiChoice	[1,3]	null	normal	false	parsed	"[""none""]"	P111-CASE-254	https://www.mhlw.go.jp/content/001677931.pdf	https://www.mhlw.go.jp/content/001677933.pdf	2026-02-22	MHLW website content under Public Data License 1.0 unless separately indicated; third-party content requires separate review
P111-256	111	256	実践	薬理	‑257 77 歳男性。身長 165 cm、体重 61 kg。10 年前に腎硬化症と診断され、処 方 1 〜 4 の薬剤で治療中である。 （処方 1 ） 炭酸水素ナトリウム錠 500 mg 1 回 1 錠（ 1 日 3 錠） 1日3回 朝昼夕食後 5 日分 （処方 2 ） 球形吸着炭細粒 1 回 2 g（ 1 日 6 g） 1日3回 朝昼夕食間 5 日分 （処方 3 ） アルファカルシドール錠 0.5 μg 1 回 1 錠（ 1 日 1 錠） ダプロデュスタット錠 4 mg 1 回 1 錠（ 1 日 1 錠） アムロジピン錠 5 mg 1 回 2 錠（ 1 日 2 錠） オルメサルタン錠 40 mg 1 回 1 錠（ 1 日 1 錠） 1日1回 朝食後 5 日分 （処方 4 ） ドキサゾシンメシル酸塩錠 4 mg 1 回 1 錠（ 1 日 2 錠） 1日2回 朝夕食後 5 日分 しかし、半年前から腎機能が徐々に低下してきたため、食事制限を行った。患者 は腎代替療法として血液透析を希望しており、透析シャント形成のために入院と なった。また、入院前日に同院内で歯科治療を受け、処方 5 が追加され服薬してい たが痛みは持続している。入院時の血液検査結果は以下のとおりであった。 （処方 5 ） アセトアミノフェン錠 500 mg 1回1錠 疼痛時 10 回分 （検査値） 血清クレアチニン 7.4 mg/dL、CCr 7.2 mL/min、K 5.9 mEq/L、 Ca 9.2 mg/dL、P 3.1 mg/dL、HCO3− 24.1 mEq/L、 Hb 9.8 g/dL、血液 pH 7.39、血圧 180/110 mmHg 問 256（実務） この患者に伝える内容として適切なのはどれか。２つ選べ。	"[""体の中の酸とアルカリのバランスが整ってきており、処方 1 の薬剤の内服継続 が必要であること。"",""血液透析導入後は食事制限がなくなること。"",""処方 3 及び 4 の薬剤を服用中は立ちくらみ症状に注意すること。"",""処方 5 の薬剤は 1 時間空ければ、繰り返し服用可能であること。"",""血液透析を開始した後は、ダプロデュスタットによる治療が不要になること。""]"	multiChoice	[0,2]	null	normal	false	parsed	"[""none""]"	P111-CASE-256	https://www.mhlw.go.jp/content/001677931.pdf	https://www.mhlw.go.jp/content/001677933.pdf	2026-02-22	MHLW website content under Public Data License 1.0 unless separately indicated; third-party content requires separate review
P111-257	111	257	実践	実務	（薬理） 検査値からこの患者は高カリウム血症と判断できる。その原因と考えられる処方 1 〜 3 に含まれる薬物の作用機序はどれか。１つ選べ。	"[""電位依存性 L 型 Ca2＋ チャネルの遮断"",""低酸素誘導因子‑プロリン水酸化酵素（HIF‑PH）の阻害"",""ビタミン D 受容体の刺激"",""アドレナリン α1 受容体の遮断"",""アンジオテンシンⅡ AT1 受容体の遮断""]"	singleChoice	4	null	normal	false	parsed	"[""none""]"	P111-CASE-256	https://www.mhlw.go.jp/content/001677931.pdf	https://www.mhlw.go.jp/content/001677933.pdf	2026-02-22	MHLW website content under Public Data License 1.0 unless separately indicated; third-party content requires separate review
P111-258	111	258	実践	薬理	‑259 47 歳男性。飲酒歴なし。 7 ケ月前に左母趾の激痛と腫脹を認め、痛風発作 と診断されナプロキセン錠が処方された。 3 ケ月前より以下の薬剤が処方された。 検査値が併記された処方箋を持って患者が薬局を訪れた際、薬剤師に対して「痛み は和らいできたが、尿酸値が徐々に上がってきた。このまま服用を続けてよいの か。」と相談があった。 （処方） アロプリノール錠 100 mg 1 回 1 錠（ 1 日 3 錠） 1日3回 朝昼夕食後 28 日分 （検査値） 血清尿酸 7.5 mg/dL、AST 92 IU/L、ALT 117 IU/L、γ‑GTP 86 IU/L、 eGFR 82 mL/min/1.73 m2、尿 pH 4.5、尿比重 1.020、尿糖（−）、 尿中尿酸排泄量 0.406 mg/kg/時（正常値：0.483〜0.509 mg/kg/時） 問 258（実務） この患者の今回受診時の検査結果を踏まえ、処方薬（アロプリノール）に代えて 医師へ提案すべき薬物として最も適切なのはどれか。１つ選べ。	"[""コルヒチン"",""ベンズブロマロン"",""ドチヌラド"",""トピロキソスタット"",""フェブキソスタット""]"	singleChoice	2	null	normal	false	parsed	"[""none""]"	P111-CASE-258	https://www.mhlw.go.jp/content/001677931.pdf	https://www.mhlw.go.jp/content/001677933.pdf	2026-02-22	MHLW website content under Public Data License 1.0 unless separately indicated; third-party content requires separate review
P111-259	111	259	実践	実務	（薬理） 前問で提案すべき薬物の作用機序として、正しいのはどれか。２つ選べ。	"[""キサンチンオキシダーゼを阻害する。"",""尿酸トランスポーター URAT1を阻害する。"",""微小管の形成を阻害する。"",""近位尿細管における尿酸の再吸収を阻害する。"",""遠位尿細管における尿酸の分泌を阻害する。""]"	multiChoice	[1,3]	null	normal	false	parsed	"[""none""]"	P111-CASE-258	https://www.mhlw.go.jp/content/001677931.pdf	https://www.mhlw.go.jp/content/001677933.pdf	2026-02-22	MHLW website content under Public Data License 1.0 unless separately indicated; third-party content requires separate review
P111-260	111	260	実践	薬理	‑261 59 歳男性。 1 年前の勤務先の定期健康診断で眼圧高値を指摘され、専門医 で精密検査を受けるよう勧められた。その後、市立病院眼科を受診したところ、原 発性開放隅角緑内障と診断され、処方 1 の薬剤による治療を受けていた。しかし、 眼圧低下効果が十分に得られないため、本日、新たに処方 2 が追加され来局した。 （処方 1 ） ラタノプロスト点眼液 0.005％（2.5 mL/本） 1本 1日1回 夕 両目に点眼 （処方 2 ） ブリモニジン酒石酸塩点眼液 0.1％（5 mL/本） 1 本 1日2回 朝夕 両目に点眼 問 260（実務） 点眼薬使用に関して、薬剤師がこの患者に指導する内容として、適切なのはどれ か。２つ選べ。	"[""処方 2 の薬剤により、めまいや低血圧が起こることがあるので注意する。"",""夕の点眼時には、処方 1 の薬剤と処方 2 の薬剤を 5 分以上空けて点眼する。"",""処方 2 の薬剤により、目の周りの皮膚が黒っぽくなる。"",""処方 2 の薬剤は、 1 回に 2 滴点眼した方がより効果的である。"",""処方 2 の薬剤は、点眼後すぐにまばたきを繰り返して薬剤を眼全体に広げる。""]"	multiChoice	[0,1]	null	normal	false	parsed	"[""none""]"	P111-CASE-260	https://www.mhlw.go.jp/content/001677931.pdf	https://www.mhlw.go.jp/content/001677933.pdf	2026-02-22	MHLW website content under Public Data License 1.0 unless separately indicated; third-party content requires separate review
P111-261	111	261	実践	実務	（薬理） その後、ブリモニジンの追加によっても十分な効果が得られないため、ラタノプ ロスト及びブリモニジンのどちらとも作用機序の異なる薬物を含む薬剤を追加する こととなった。追加できる薬物の作用機序として、正しいのはどれか。２つ選べ。	"[""プロスタノイド FP 受容体を刺激して、ぶどう膜強膜流出経路からの房水排出 を促進する。"",""アドレナリン β 及び α1 受容体を遮断して、毛様体上皮細胞による房水産生を 抑制するとともに、ぶどう膜強膜流出経路からの房水排出を促進する。"",""アドレナリン α2 受容体を刺激して、毛様体上皮細胞による房水産生を抑制す る。"",""Rho キナーゼを阻害して、線維柱帯細胞の細胞骨格を変化させることで、線維 柱帯‑シュレム管流出経路からの房水排出を促進する。"",""BK チャネル（大コンダクタンス Ca2＋ 依存性 K＋ チャネル）を遮断して、線維 柱帯‑シュレム管流出経路からの房水排泄を促進する。""]"	multiChoice	[1,3]	null	normal	false	parsed	"[""none""]"	P111-CASE-260	https://www.mhlw.go.jp/content/001677931.pdf	https://www.mhlw.go.jp/content/001677933.pdf	2026-02-22	MHLW website content under Public Data License 1.0 unless separately indicated; third-party content requires separate review
P111-262	111	262	実践	薬理	‑263 8 歳女児。身長 128 cm、体重 28 kg。前日より突然の発熱、関節痛、咽頭 痛、咳嗽が出現し、自宅で経過をみていたが軽快せず、近医を受診した。検査の結 果、A 型インフルエンザと診断され、処方 1 〜処方 4 が記載された処方箋を持参 して来局した。薬剤師は処方箋に基づき、吸入薬の使い方や内服薬について説明す ることにした。 （処方 1 ） ラニナミビルオクタン酸エステル水和物吸入粉末剤 20 mg 1本 1 回 1 吸入 1日1回 朝 吸入 （処方 2 ） カルボシステインドライシロップ 50％ 1 回 0.56 g（ 1 日 1.68 g） アンブロキソール塩酸塩ドライシロップ小児用 1.5％ 1 回 0.56 g（ 1 日 1.68 g） 1日3回 朝昼夕食後 5 日分 （処方 3 ） メジコン配合シロップ（注） 1 回 3 mL（ 1 日 9 mL） 1日3回 朝昼夕食後 5 日分 ⎧ ⎫ ⎜ 注： 1 mL 中にデキストロメトルファン臭化水素酸塩水和物 2.5 mg、クレ⎜ ⎜ ゾールスルホン酸カリウム 15 mg を含有する。 ⎜ ⎩ ⎭ （処方 4 ） アセトアミノフェンドライシロップ小児用 20％ 1 回 1.5 g 発熱時 5 回分 問 262（薬理） 処方 1 〜 4 のいずれかの薬物の作用機序として、正しいのはどれか。２つ選べ。	"[""気道粘膜において漿液分泌を減少させるとともに、線毛運動を亢進させる。"",""視床下部の体温調節中枢に作用し、熱放散を促進させて解熱作用を示す。"",""知覚神経の ATP P2X3 受容体を遮断し、神経興奮を抑制する。"",""活性代謝物がインフルエンザウイルスのノイラミニダーゼを阻害し、感染細胞 からのウイルスの放出を抑制する。"",""痰中のムチンのジスルフィド結合を開裂させ、痰の粘調性を低下させる。""]"	multiChoice	[1,3]	null	normal	false	parsed	"[""none""]"	P111-CASE-262	https://www.mhlw.go.jp/content/001677931.pdf	https://www.mhlw.go.jp/content/001677933.pdf	2026-02-22	MHLW website content under Public Data License 1.0 unless separately indicated; third-party content requires separate review
P111-263	111	263	実践	実務	（実務） 薬剤師の対応として適切なのはどれか。２つ選べ。	"[""異常行動発現のおそれがあるため、子供から目を離さないよう、母親に説明す る。"",""処方 1 の薬剤は下を向いたまま吸入するよう、患児に説明する。"",""処方 1 の薬剤を吸入した後すぐにうがいをするよう、患児に説明する。"",""処方 3 の薬剤を服用すると眠気が出る可能性がある旨を母親と患児に説明する。"",""処方 4 の薬剤をロキソプロフェンナトリウム錠に変更するよう、医師に提案す る。""]"	multiChoice	[0,3]	null	normal	false	parsed	"[""none""]"	P111-CASE-262	https://www.mhlw.go.jp/content/001677931.pdf	https://www.mhlw.go.jp/content/001677933.pdf	2026-02-22	MHLW website content under Public Data License 1.0 unless separately indicated; third-party content requires separate review
P111-264	111	264	実践	薬理	‑265 57 歳女性。身長 161 cm、体重 60 kg、体表面積 1.562 m2。アルコール過 敏症あり。HER2 陽性の再発乳がんと診断され、多発骨転移及びリンパ節転移を認 めたため、外来で抗 HER2 療法を含む化学療法（トラスツズマブ＋ペルツズマブ ＋ドセタキセル）が以下のレジメンで開始されることとなった。併せて処方 1 も開 始されることになった。この患者に対するレジメン及び処方について、カンファレ ンスが開かれた。 （初回コース：トラスツズマブ＋ペルツズマブ＋ドセタキセル療法レジメン） 一般名 標準投与量 投与速度 投与日 投与期間 トラスツズマブ 8 mg/kg 90 分 ペルツズマブ 840 mg/body 60 分 Day 1 3 週毎 ドセタキセル（注） 75 mg/m2 60 分 （注：ドセタキセルはエタノール無添加の製剤を使用） （処方 1 ） デノスマブ（遺伝子組換え）皮下注（120 mg/1.7 mL） 1 バイアル 1 回 120 mg 皮下注射 問 264（実務） カンファレンスで薬剤師が説明する内容として適切なのはどれか。２つ選べ。	"[""2 コース目以降のトラスツズマブの投与量は 1 コース目より増量すること。"",""デノスマブによる副作用として、しびれが増す可能性があること。"",""壊死起因性抗がん薬が含まれるため、投与後の血管外漏出時には局所処置を行 うこと。"",""1 コース目のペルツズマブ投与時間は短縮できること。"",""このドセタキセル製剤は禁忌になるため、他の薬剤に変更すること。""]"	multiChoice	[1,2]	null	normal	false	parsed	"[""none""]"	P111-CASE-264	https://www.mhlw.go.jp/content/001677931.pdf	https://www.mhlw.go.jp/content/001677933.pdf	2026-02-22	MHLW website content under Public Data License 1.0 unless separately indicated; third-party content requires separate review
P111-265	111	265	実践	実務	（薬理） この患者に使用される薬物の作用機序で、副作用の発現にも関連しているのはど れか。２つ選べ。	"[""神経細胞の軸索輸送に関わる微小管の脱重合を阻害する。"",""DNA トポイソメラーゼⅠを阻害し、アポトーシスを誘導する。"",""B 細胞上の CD20 に結合し、B 細胞の機能を低下させる。"",""RANKL（NF‑κB 活性化受容体リガンド）に結合し、破骨細胞の分化を阻害す る。"",""血管内皮細胞上の血管内皮細胞増殖因子受容体（VEGFR）に結合し、血管新 生を阻害する。""]"	multiChoice	[0,3]	null	normal	false	parsed	"[""none""]"	P111-CASE-264	https://www.mhlw.go.jp/content/001677931.pdf	https://www.mhlw.go.jp/content/001677933.pdf	2026-02-22	MHLW website content under Public Data License 1.0 unless separately indicated; third-party content requires separate review
P111-266	111	266	実践	薬剤	‑267 75 歳男性。身長 165 cm、体重 58 kg。数年前に高血圧症及び心房細動を発 症し、脳塞栓症の発症リスクが高いことから、近隣のクリニックを受診しており、 内服薬（処方 1 及び処方 2 ）にて経過観察中である。心拍数と血圧は良好にコント ロールされている。 （処方 1 ） ダビガトランエテキシラートメタンスルホン酸塩カプセル 75 mg 1 回 2 カプセル（ 1 日 4 カプセル） 1日2回 朝夕食後 28 日分 （処方 2 ） ビソプロロールフマル酸塩錠 2.5 mg 1 回 1 錠（ 1 日 1 錠） メチルジゴキシン錠 0.1 mg 1 回 1 錠（ 1 日 1 錠） イルベサルタン錠 100 mg 1 回 1 錠（ 1 日 1 錠） ヒドロクロロチアジド錠 25 mg 1 回 1 錠（ 1 日 1 錠） 1日1回 朝食後 28 日分 クリニックでの定期受診の際、爪甲の変色と肥厚から爪白癬と診断された。外用 薬の塗布にて経過観察していたが、効果が不十分であったことから、処方 3 が追加 された。患者は処方 1 、処方 2 及び処方 3 を持ってかかりつけ薬局を訪れた。 （処方 3 ） イトラコナゾールカプセル 50 mg 1 回 4 カプセル（ 1 日 4 カプセル） 1日1回 朝食直後 14 日分 （検査値） Hb 10.2 g/dL、血小板 22 × 104/μL、血清クレアチニン 0.83 mg/dL、 eGFR 68 mL/min/1.73 m2 問 266（実務） 薬局薬剤師が処方箋を受け取った際、医師に処方提案すべき内容として最も適切 なのはどれか。１つ選べ。	"[""イトラコナゾールとの併用による出血リスクを回避するため、処方 1 の薬剤を リバーロキサバン錠へ変更する。"",""イトラコナゾールによりメチルジゴキシンの血中濃度が低下するため、メチル ジゴキシンの用量を増量する。"",""イトラコナゾールによりダビガトランの血中濃度が上昇するため、処方 3 の薬 剤をテルビナフィン塩酸塩錠へ変更する。"",""イトラコナゾールの吸収低下を避けるため、処方 3 の薬剤の用法を朝食直後か ら朝食前へ変更する。"",""イトラコナゾールの薬効への影響を考慮し、ビソプロロール服用を一時中止す る。""]"	singleChoice	2	null	normal	false	parsed	"[""none""]"	P111-CASE-266	https://www.mhlw.go.jp/content/001677931.pdf	https://www.mhlw.go.jp/content/001677933.pdf	2026-02-22	MHLW website content under Public Data License 1.0 unless separately indicated; third-party content requires separate review
P111-267	111	267	実践	実務	（薬剤） 前問の処方提案の理由に最も深く関係する薬物相互作用の機序はどれか。１つ選 べ。	"[""肝臓における有機アニオントランスポーター OATP1B1 の阻害"",""肝臓における UDP‑グルクロン酸転移酵素 UGT1A1 の阻害"",""消化管における CYP3A の阻害"",""消化管における P‑糖タンパク質の阻害"",""消化管内 pH の変動による溶解性低下""]"	singleChoice	3	null	normal	false	parsed	"[""none""]"	P111-CASE-266	https://www.mhlw.go.jp/content/001677931.pdf	https://www.mhlw.go.jp/content/001677933.pdf	2026-02-22	MHLW website content under Public Data License 1.0 unless separately indicated; third-party content requires separate review
P111-268	111	268	実践	薬剤	‑269 32 歳女性。身長 158 cm、体重 55 kg。第 2 子を自然分娩で出産した。産後 7 日目より左ふくらはぎに違和感を覚え、腫脹と痛みが増強した。下肢静脈エコー で左腓腹静脈から膝窩静脈にかけて血栓を認め、深部静脈血栓症と診断され、ヘパ リンナトリウムの静脈内投与が開始された。医師は退院後の抗凝固療法について内 服への切り替えを検討している。医師は授乳への影響を踏まえ、適切な薬剤につい て薬剤師に相談した。診断時の身体・検査所見は以下のとおりであった。 （身体所見） 血圧 112/68 mmHg、脈拍 92 拍/分、体温 36.8 ℃、左下腿に腫脹と圧痛を認め、 軽度の発赤あり、呼吸苦や胸痛はなし （検査所見） D‑ダイマー 3.8 μg/mL、PT‑INR 1.0、APTT 33 秒、血小板 27.5 × 104/μL、 血清クレアチニン 0.58 mg/dL、eGFR 95 mL/min/1.73 m2 問 268（実務） 作用機序及び乳汁移行性を考慮し、薬剤師が提案すべき薬物として最も適切なの はどれか。１つ選べ。	"[""アスピリン"",""エドキサバントシル酸塩水和物"",""シロスタゾール"",""アピキサバン"",""ワルファリンカリウム""]"	singleChoice	4	null	normal	false	parsed	"[""none""]"	P111-CASE-268	https://www.mhlw.go.jp/content/001677931.pdf	https://www.mhlw.go.jp/content/001677933.pdf	2026-02-22	MHLW website content under Public Data License 1.0 unless separately indicated; third-party content requires separate review
P111-269	111	269	実践	実務	（薬剤） 薬剤師が提案した薬物の乳汁移行性が低い理由として正しいのはどれか。２つ選 べ。	"[""弱酸性薬物であるため。"",""弱塩基性薬物であるため。"",""高分子薬物であるため。"",""水溶性が高い薬物であるため。"",""血漿タンパク結合率が高い薬物であるため。""]"	multiChoice	[0,4]	null	normal	false	parsed	"[""none""]"	P111-CASE-268	https://www.mhlw.go.jp/content/001677931.pdf	https://www.mhlw.go.jp/content/001677933.pdf	2026-02-22	MHLW website content under Public Data License 1.0 unless separately indicated; third-party content requires separate review
P111-270	111	270	実践	薬剤	‑271 80 歳男性。 2 日前、39.2 ℃ の発熱、悪寒、呼吸苦が認められたため、家 族 に 連 れ ら れ て 救 急 外 来 を 受 診。 意 識 は 清 明 で あ っ た が、 血 圧 は 低 下 傾 向 （96/58 mmHg）、 呼 吸 数 は 増 加（24 回/分） し て お り、 血 液 検 査 で は CRP 18.4 mg/dL 及び白血球数 15,200/μL であった。胸部 X 線では右下葉に浸潤影を 認め、市中肺炎に伴う重症感染症が疑われ、即日入院となった。休日の夜間帯であ り迅速な対応が求められたため、当直医は広域抗菌薬であるメロペネム水和物点滴 用 1 回 1 g を 1 日 3 回、静脈内投与で開始した。 入院翌日、薬剤師が持参薬を確認したところ、全般発作型てんかん治療のためバ ルプロ酸ナトリウム徐放錠 200 mgを服用中であることが発覚した。入院後も発作 の症状はみられていない。 問 270（薬剤） 入院翌日にバルプロ酸ナトリウムを服用するときに想定されるバルプロ酸の体内 動態の変化として、最も適切なのはどれか。１つ選べ。	"[""消化管吸収の低下"",""血漿タンパク結合率の低下"",""グルクロン酸抱合体の加水分解能の低下"",""水酸化体の生成能の低下"",""グルクロン酸抱合体の尿細管再吸収の低下""]"	singleChoice	2	null	normal	false	parsed	"[""none""]"	P111-CASE-270	https://www.mhlw.go.jp/content/001677931.pdf	https://www.mhlw.go.jp/content/001677933.pdf	2026-02-22	MHLW website content under Public Data License 1.0 unless separately indicated; third-party content requires separate review
P111-271	111	271	実践	実務	（実務） 薬剤師が医師に提案する内容として、最も適切なのはどれか。１つ選べ。	"[""バルプロ酸ナトリウムを中止し、抗菌薬治療を優先する。"",""メロペネム水和物を継続し、バルプロ酸ナトリウムの用量を増量する。"",""メロペネム水和物を継続し、意識障害について精神科への受診を勧める。"",""メロペネム水和物をタゾバクタム・ピペラシリンに変更し、バルプロ酸ナトリ ウムの治療を継続する。"",""バルプロ酸ナトリウムを中止し、カルバマゼピンに変更する。""]"	singleChoice	3	null	normal	false	parsed	"[""none""]"	P111-CASE-270	https://www.mhlw.go.jp/content/001677931.pdf	https://www.mhlw.go.jp/content/001677933.pdf	2026-02-22	MHLW website content under Public Data License 1.0 unless separately indicated; third-party content requires separate review
P111-272	111	272	実践	薬剤	‑273 58 歳男性。身長 170 cm、体重 65 kg、体表面積 1.75 m2。患者は 5 年前より 高尿酸血症に対してプロベネシド錠を服用している。今回の入院では、急性リンパ 性白血病の治療として、メトトレキサート・ホリナート救援療法を行うこととなっ た。そこで、主治医はプロベネシド錠からアロプリノール錠へ処方を変更した。 （変更前処方） プロベネシド錠 250 mg 1 回 2 錠（ 1 日 4 錠） 1日2回 朝夕食後 30 日分 （変更後処方） アロプリノール錠 100 mg 1 回 2 錠（ 1 日 4 錠） 1日2回 朝夕食後 7 日分 （入院時検査所見） 体温 36.8 ℃ 赤血球 310 × 104 /μL、白血球 18,000/μL、血小板 8.2 × 104 /μL、 血清クレアチニン 0.9 mg/dL、eGFR 67.9 mL/min/1.73 m2、 尿酸 7.8 mg/dL、AST 35 IU/L、ALT 40 IU/L 問 272（薬剤） プロベネシド錠からアロプリノール錠に変更された理由として、最も適切なのは どれか。１つ選べ。	"[""プロベネシドがホリナートの肝取り込みを阻害するため。"",""ホリナートがプロベネシドの尿細管再吸収を阻害するため。"",""メトトレキサートがプロベネシドの肝代謝を阻害するため。"",""プロベネシドがメトトレキサートの尿細管分泌を阻害するため。"",""プロベネシドがメトトレキサートの尿細管再吸収を促進するため。""]"	singleChoice	3	null	normal	false	parsed	"[""none""]"	P111-CASE-272	https://www.mhlw.go.jp/content/001677931.pdf	https://www.mhlw.go.jp/content/001677933.pdf	2026-02-22	MHLW website content under Public Data License 1.0 unless separately indicated; third-party content requires separate review
P111-273	111	273	実践	実務	（実務） この患者の薬物治療に対する薬剤師の提案として、適切なのはどれか。２つ選 べ。	"[""メトトレキサートの消失を確認するため、投与開始 48 時間後の血中濃度を確 認する。"",""ホリナートカルシウムの投与はメトトレキサートと同時に開始する。"",""尿の pH を 7.0 以上に維持するため、炭酸水素ナトリウム注射液を追加する。"",""メトトレキサートの排泄を促すため、フロセミドを追加する。"",""発熱時には、アモキシシリンを追加する。""]"	multiChoice	[0,2]	null	normal	false	parsed	"[""none""]"	P111-CASE-272	https://www.mhlw.go.jp/content/001677931.pdf	https://www.mhlw.go.jp/content/001677933.pdf	2026-02-22	MHLW website content under Public Data License 1.0 unless separately indicated; third-party content requires separate review
P111-274	111	274	実践	薬剤	‑275 85 歳男性。身長 165 cm、体重 82 kg、BMI 30.1。 2 型糖尿病の既往があ り、処方 1 及び処方 2 の薬剤で治療中である。 （処方 1 ） ダパグリフロジンプロピレングリコール錠 5 mg 1 回 1 錠（ 1 日 1 錠） 1日1回 朝食後 28 日分 （処方 2 ） メトホルミン塩酸塩錠 500 mg 1 回 1 錠（ 1 日 2 錠） 1 日 2 回 朝夕食後 28 日分 2 ケ月前より、微量アルブミン尿がみられたため、糖尿病性腎症の進行抑制を目 的として処方 3 が追加された。 （処方 3 ） リシノプリル錠 5 mg 1 回 1 錠（ 1 日 1 錠） 1日1回 朝食後 28 日分 3 日前より、下痢と食欲不振が続き、水分摂取も十分にできていなかった。来院 当日、全身倦怠感、口渇、悪心、軽度の呼吸苦を訴え、救急搬送された。来院時に は、以下の身体所見及び検査結果が得られた。 （身体所見） 血圧 95/62 mmHg、呼吸 26 回/分、口腔内乾燥、皮膚冷感 （検査値） Na 132 mEq/L、K 5.2 mEq/L、Cl 105 mEq/L、空腹時血糖 220 mg/dL、 血清クレアチニン 2.10 mg/dL、血中ケトン体（−）、AST 35 IU/L、 ALT 40 IU/L、動脈血 pH 7.25（基準範囲 7.35−7.45）、 PaCO2 18 mmHg（基準範囲 35−45 mmHg）、 HCO3− 10 mEq/L（基準範囲 22−26 mEq/L）、 乳酸 203 mg/dL（基準範囲 3.7−16.3 mg/dL） 問 274（実務） 来院時、この患者に生じている症状として最も適切なのはどれか。１つ選べ。	"[""代謝性アルカローシス"",""糖尿病ケトアシドーシス"",""乳酸アシドーシス"",""呼吸性アルカローシス"",""遠位型尿細管性アシドーシス""]"	singleChoice	2	null	normal	false	parsed	"[""none""]"	P111-CASE-274	https://www.mhlw.go.jp/content/001677931.pdf	https://www.mhlw.go.jp/content/001677933.pdf	2026-02-22	MHLW website content under Public Data License 1.0 unless separately indicated; third-party content requires separate review
P111-275	111	275	実践	実務	（薬剤） 薬剤師は処方 1 又は処方 2 の薬剤の副作用を疑い、注意事項等情報（添付文書） 等から薬物動態に関する下表の情報を得た。 薬物動態パラメータ ダパグリフロジン メトホルミン 血漿タンパク結合率 91％ 2％ バイオアベイラビリティ 78％ 60％ 尿中未変化体排泄率（経口投与時） 1％ 52％ 糞中未変化体排泄率（経口投与時） 15％ データなし この患者に生じている症状の原因と考えられる薬物とその理由として、最も可能 性が高い組合せはどれか。１つ選べ。 薬物 理由	"[""ダパグリフロジン 消化管吸収量の増大"",""メトホルミン 消化管吸収量の増大"",""ダパグリフロジン 肝代謝の低下"",""メトホルミン 肝代謝の低下"",""ダパグリフロジン 腎排泄の低下"",""メトホルミン 腎排泄の低下""]"	singleChoice	5	null	normal	true	parsed	"[""none""]"	P111-CASE-274	https://www.mhlw.go.jp/content/001677931.pdf	https://www.mhlw.go.jp/content/001677933.pdf	2026-02-22	MHLW website content under Public Data License 1.0 unless separately indicated; third-party content requires separate review
P111-276	111	276	実践	薬剤	‑277 8 歳女児。近視の薬物治療を希望する母親に連れられて来院した。当院で は、 6 歳から 18 歳未満の中等度近視の小児に対して、低濃度アトロピン硫酸塩点 眼薬（院内製剤）を使用した近視進行抑制治療を実施している。 診察の結果、中等度近視と診断され、患児及び母親にインフォームド・コンセン トを行い、以下の院内製剤が処方された。 （処方）アトロピン点眼薬 0.01％（院内製剤）5 mL 1本 1回1滴 1日1回 就寝前 両眼に点眼 なお、本院内製剤は、医療用医薬品である 1 ％アトロピン硫酸塩点眼液（注） 0.5 mL を、注射用生理食塩液 49.5 mL で希釈し、点眼用プラスチック容器に 5 mL ずつ分注して調製する。 ⎧ ⎫ ⎜注：アトロピン硫酸塩水和物点眼液 1 ％ ⎜ ⎜ ・有効成分：（ 1 mL 中）日局アトロピン硫酸塩水和物 10 mg ⎜ ⎜ ⎜ ⎜ 〈性状〉水に極めて溶けやすく、エタノール（95）に溶けやすく、 ⎜ ⎜ ⎜ ⎜ ジエチルエーテルにほとんど溶けない。光によって変化する。 ⎜ ⎜ ⎜ ⎜ ・添加物：亜硫酸水素ナトリウム、ベンザルコニウム塩化物、等張化剤、⎜ ⎜ ⎜ ⎜ リン酸二水素ナトリウム水和物、無水リン酸一水素ナトリウム⎜ ⎜ ⎜ ・pH：5.0〜6.5 ⎜ ⎜ ⎩ ⎭ 問 276（薬剤） 本院内製剤及びその調製法に関する記述のうち、正しいのはどれか。２つ選べ。	"[""非水性点眼剤である。"",""無菌的に調製する必要がある。"",""調製した製剤の浸透圧は、約 600 mOsm となる。"",""日本薬局方「エンドトキシン試験法」への適合を確認する必要はない。"",""涙液中のナトリウムイオンによってゲル化することで効果が持続する。""]"	multiChoice	[1,3]	null	normal	false	parsed	"[""none""]"	P111-CASE-276	https://www.mhlw.go.jp/content/001677931.pdf	https://www.mhlw.go.jp/content/001677933.pdf	2026-02-22	MHLW website content under Public Data License 1.0 unless separately indicated; third-party content requires separate review
P111-277	111	277	実践	実務	（実務） 本院内製剤の交付時の説明として、適切なのはどれか。２つ選べ。	"[""効果が感じられない場合は、点眼量を増やしてください。"",""眩しさを感じることがあるので、就寝前に点眼してください。"",""頭痛や動悸といった全身性の副作用に注意してください。"",""副作用による被害が生じたときは、医薬品副作用被害救済制度の対象となりま す。"",""本院内製剤は、公的医療保険の適用対象です。""]"	multiChoice	[1,2]	null	normal	false	parsed	"[""none""]"	P111-CASE-276	https://www.mhlw.go.jp/content/001677931.pdf	https://www.mhlw.go.jp/content/001677933.pdf	2026-02-22	MHLW website content under Public Data License 1.0 unless separately indicated; third-party content requires separate review
P111-278	111	278	実践	薬剤	‑279 58 歳女性。 2 年前に右乳房の浸潤性乳管がんと診断され、右乳房全切除及 び 腋 窩 リ ン パ 節 郭 清 が 施 行 さ れ た。 病 理 検 査 の 結 果、 ホ ル モ ン 受 容 体 陰 性、 HER2 に対する免疫組織化学染色 1＋の HER2 低発現乳がんと診断され、術後補助 療法として放射線治療（胸壁・鎖骨上窩照射）が施行された。半年前、局所再発及 び肺転移が確認され、ドキソルビシン＋シクロホスファミド併用療法にて全身化学 療法が開始された。初期には治療が奏効していたが、 4 コース後に画像上で肺転移 及び鎖骨上窩リンパ節の増大を認めた。今回の入院では、トラスツズマブ デルク ステカンを導入することになった。 問 278（実務） トラスツズマブ デルクステカンの副作用のうち、この患者の背景からリスクが 高まると考えられるのはどれか。２つ選べ。	"[""Infusion reaction"",""間質性肺疾患"",""下痢"",""心機能低下"",""末梢神経障害""]"	multiChoice	[1,3]	null	normal	true	parsed	"[""none""]"	P111-CASE-278	https://www.mhlw.go.jp/content/001677931.pdf	https://www.mhlw.go.jp/content/001677933.pdf	2026-02-22	MHLW website content under Public Data License 1.0 unless separately indicated; third-party content requires separate review
P111-279	111	279	実践	実務	（薬剤） トラスツズマブ デルクステカンは抗体薬物複合体（ADC）である。本 ADC の 特徴に関する記述として、正しいのはどれか。２つ選べ。	"[""抗体と薬物の結合は非共有結合である。"",""薬物抗体比（抗体 1 分子あたりの結合薬物数）は 1 である。"",""能動的ターゲッティング製剤である。"",""受動輸送で細胞内に取り込まれる。"",""リソソーム内で分解されて、薬物が遊離される。""]"	multiChoice	[2,4]	null	normal	false	parsed	"[""none""]"	P111-CASE-278	https://www.mhlw.go.jp/content/001677931.pdf	https://www.mhlw.go.jp/content/001677933.pdf	2026-02-22	MHLW website content under Public Data License 1.0 unless separately indicated; third-party content requires separate review
P111-280	111	280	実践	薬剤	‑281 82 歳男性。身長 167 cm、体重 50 kg。 2 型糖尿病の既往があり、シタグリ プチンリン酸塩錠の服用により血糖コントロールは良好であったが、歩行時にふく らはぎの痛みと足趾の冷感、皮膚色調の変化を主訴に血管外科を受診した。下肢動 脈の超音波検査及び CT 血管造影にて、重度の閉塞性動脈硬化症が確認された。バ イパス手術は積極的な適用とはならず、まずは保存的治療として、アルプロスタジ ル注射用（点滴静注①）による血流改善を目的とした薬物療法を入院にて行う方針 となった。 また、栄養状態が悪いため、経静脈的にアミノ酸・糖・電解質・ビタミン B1 の 栄養剤（点滴静注②）も投与することとなった。点滴静注①と②の注射処方が発行 されたため、処方内容に誤りや注意点がないか、担当薬剤師は確認を行った。 （入院時検査値） 空腹時血糖 110 mg/dL、血清クレアチニン 0.9 mg/dL、血圧 135/85 mmHg、 eGFR 70 mL/min/1.73 m2、血清アルブミン 2.3 g/dL、Na 140 mEq/L、 K 4.2 mEq/L （処方） 点滴静注① アルプロスタジル注射用（10 μg/バイアル 1 本）10 μg 生理食塩液 100 mL 1日1回 10 時 2 時間かけて投与 点滴静注② アミノ酸・糖・電解質・ビタミン B1 製剤 500 mL 1日1回 10 時 2 時間かけて投与 問 280（実務） 注射処方の確認を行った薬剤師の判断として、適切なのはどれか。２つ選べ。	"[""点滴静注①と②は、混注しても問題ない。"",""本患者には点滴静注②の投与速度をさらに緩徐にすることを提案する。"",""本患者は糖尿病を有するため、点滴静注①は禁忌であり疑義照会する。"",""点滴静注①の投与時には、一過性の血圧低下に注意して血圧を監視する。"",""生理食塩液は配合変化を生じるため、点滴静注①の希釈液として不適である。""]"	multiChoice	[1,3]	null	normal	false	parsed	"[""none""]"	P111-CASE-280	https://www.mhlw.go.jp/content/001677931.pdf	https://www.mhlw.go.jp/content/001677933.pdf	2026-02-22	MHLW website content under Public Data License 1.0 unless separately indicated; third-party content requires separate review
P111-281	111	281	実践	実務	（薬剤） 点滴静注①には、添加剤として、精製大豆油、高度精製卵黄レシチン、オレイン 酸、濃グリセリンが含まれる。本製剤に含まれている微粒子の模式図として適切な のはどれか。１つ選べ。ただし、外相は水とする。	[]	singleChoice	2	null	normal	true	no_choice_sequence	"[""none""]"	P111-CASE-280	https://www.mhlw.go.jp/content/001677931.pdf	https://www.mhlw.go.jp/content/001677933.pdf	2026-02-22	MHLW website content under Public Data License 1.0 unless separately indicated; third-party content requires separate review
P111-282	111	282	実践	薬剤	‑283 58 歳男性。身長 171 cm、体重 84 kg。 5 年前に 2 型糖尿病と診断され脂質 異常症を合併している。食事・運動療法を継続し、処方 1 の薬剤にて治療が行われ ていた。 （処方 1 ） メトホルミン塩酸塩錠 500 mg 1 回 1 錠（ 1 日 3 錠） 1日3回 朝昼夕食後 28 日分 アトルバスタチン錠 10 mg 1 回 1 錠（ 1 日 1 錠） 1日1回 朝食後 28 日分 今回、外来診察時の身体所見及び検査所見は以下のとおりであり、血糖コント ロールが不十分であったため、処方 2 の薬剤を追加することになった。 （身体所見） 体温 36.8 ℃、血圧 141/82 mmHg、脈拍 62 拍/分 （検査所見） 空腹時血糖 152 mg/dL、HbA1c 7.8％、AST 28 IU/L、ALT 32 IU/L、 LDL‑C 116 mg/dL、HDL‑C 41 mg/dL、TG（トリグリセリド）148 mg/dL、 eGFR 75 mL/min/1.73 m2 （処方 2 ） セマグルチド錠 3 mg 1 回 1 錠（ 1 日 1 錠） 1日1回 起床時 28 日分 問 282（実務） この患者に実施する処方 2 に対する服薬指導として、適切なのはどれか。２つ選 べ。	"[""飲み忘れた場合には、気づいたときに服用するよう指導する。"",""コップ半分（約 120 mL 以下）の水で服用するよう指導する。"",""急性膵炎の初期症状である激しい腹痛の出現に注意するよう指導する。"",""服用開始初期に QT 延長症候群が出やすいことを説明する。"",""服用を続けることで体重増加が起きやすいことを説明する。""]"	multiChoice	[1,2]	null	normal	false	parsed	"[""none""]"	P111-CASE-282	https://www.mhlw.go.jp/content/001677931.pdf	https://www.mhlw.go.jp/content/001677933.pdf	2026-02-22	MHLW website content under Public Data License 1.0 unless separately indicated; third-party content requires separate review
P111-283	111	283	実践	実務	（薬剤） 服薬指導にあたってセマグルチド錠の医薬品情報を確認した。有効成分のセマグ ルチドは、アルブミンとの結合性を増すために疎水基を導入したジペプチジル ペプチダーゼ‑4（DPP‑4）耐性遺伝子組換えヒトグルカゴン様修飾ペプチドであ り、経口製剤とするために吸収促進剤であるサルカプロザートナトリウム（SNAC） が添加されており、主に胃で吸収されると記載されている。本製剤の組成は以下で ある。 〔セマグルチド錠の組成〕 ・有効成分：セマグルチド（分子量 4113.58、等電点 約 5.4） ・添加物：SNAC※、ポビドン、結晶セルロース、ステアリン酸マグネシウム ※ SNAC は胃の pH を局所的に上昇させる。 SNAC の構造式 ・剤形：素錠 本処方製剤からの有効成分の吸収改善に関する記述として、正しいのはどれか。 ２つ選べ。ただし、消化管に有効成分を輸送するトランスポーターはないものとす る。	"[""腸溶性コーティングにより、有効成分の胃酸による変性を回避することができ る。"",""ステアリン酸マグネシウムによって、胃内で微細なエマルションを形成するこ とにより、有効成分の粘液層内における拡散性が向上する。"",""胃の局所の pH が上昇することにより、有効成分の急速な酵素的分解を防ぐこ とができる。"",""ポビドンによって胆汁分泌が促進され、有効成分の腸管内での溶解性が向上す る。"",""SNAC が胃内容物と相互作用するとその吸収促進効果が減弱する。""]"	multiChoice	[2,4]	null	normal	true	parsed	"[""none""]"	P111-CASE-282	https://www.mhlw.go.jp/content/001677931.pdf	https://www.mhlw.go.jp/content/001677933.pdf	2026-02-22	MHLW website content under Public Data License 1.0 unless separately indicated; third-party content requires separate review
P111-284	111	284	実践	薬剤	‑285 7 歳男児。身長 124 cm、体重 25 kg。母親によると、患児は食後に「喉が 熱い感じがする」と訴えることが多く、夜間に咳き込んだり、胸をさする仕草をみ せたりすることがある。また、酸っぱいものを吐き戻すことがあり、体重減少はな いが、食欲が少し落ちているとのこと。医師の診察により逆流性食道炎と診断さ れ、ロキサチジン酢酸エステル塩酸塩の細粒剤（アルタット細粒 20％（注））が処方 されることになった。 本処方製剤には苦味のある有効成分が含まれている。患児及び母親への服薬指導 を実施する際、処方された細粒剤とそのカプセル剤の製剤及び薬物動態を確認し、 以下の情報を得た。 ⑴ 生物学的同等性試験（健康成人男子へのクロスオーバー単回 75 mg 経口投与） ※ ※ 評 価 パ ラ メ ー タ ー で あ る AUC 及 び Cmax に つ い て 統 計 解 析 を 行 っ た 結 果、 AUC 及び Cmax は対数正規分布し、絶食時及び食後のいずれの場合も判定基準で ある log（0.80）〜 log（1.25）の範囲内であった。 ⑵ 有効成分の原末及びカプセル剤を経口投与した後の血漿中濃度及び薬物動態パ ラメーターの比較（健康成人 5 名） AUC Cmax Tmax T1/2 製 剤 （ng・h/mL） （ng/mL） （h） （h） 原 末 2302 ± 170 431 ± 20 1.4 ± 0.2 2.72 ± 0.16 カプセル剤 1865 ± 178 237 ± 17 3.0 ± 0.3 4.05 ± 0.29 （Mean±S E, n＝5） ⎧ ⎫ ⎜注：アルタット細粒 20％の組成及び特性 ⎜ ⎜ ・有効成分：ロキサチジン酢酸エステル塩酸塩 200 mg/g ⎜ ⎜ ⎜ ⎜ ・添加物：結晶セルロース（粒）、ヒドロキシプロピルセルロース、 ⎜ ⎜ ⎜ ⎜ エチルセルロース、クエン酸トリエチル、タルク、 ⎜ ⎜ ⎜ ⎜ D‑マンニトール、アスパルテーム（L‑フェニルアラニン化合物） 、 ⎜ ⎜ ⎜ ⎜ アセスルファムカリウム、含水二酸化ケイ素、香料 ⎜ ⎜ ⎜ ⎜ ・特性：日本薬局方一般試験法「製剤の粒度の試験法」により試験すると⎜ ⎜ ⎜ ⎜ き、18 号（850 μm）ふるい及び 30 号（500 μm）ふるいを全量⎜ ⎜ 通過した。 ⎜ ⎩ ⎭ 問 284（薬剤） 処方された細粒剤に関する記述として、正しいのはどれか。２つ選べ。	"[""カプセル剤と生物学的に同等である。"",""カプセル剤と比較して食事の影響を受けやすいので注意が必要である。"",""速放性の製剤である。"",""コーティングと甘味剤によって苦味がマスキングされている。"",""飲みにくい場合は、微粉砕する必要がある。""]"	multiChoice	[0,3]	null	normal	false	parsed	"[""none""]"	P111-CASE-284	https://www.mhlw.go.jp/content/001677931.pdf	https://www.mhlw.go.jp/content/001677933.pdf	2026-02-22	MHLW website content under Public Data License 1.0 unless separately indicated; third-party content requires separate review
P111-285	111	285	実践	実務	（実務） ロキサチジン酢酸エステル塩酸塩は、小児の逆流性食道炎に対して、体重 30 kg 未満では 1 回 37.5 mg、体重 30 kg 以上では 1 回 75 mg を 1 日 2 回経口投与 する。この患児に対するアルタット細粒 20％の 1 日量（製剤量）として、最も近 い値はどれか。１つ選べ。	"[""0.030 g"",""0.075 g"",""0.150 g"",""0.375 g"",""0.500 g""]"	singleChoice	3	null	normal	false	parsed	"[""none""]"	P111-CASE-284	https://www.mhlw.go.jp/content/001677931.pdf	https://www.mhlw.go.jp/content/001677933.pdf	2026-02-22	MHLW website content under Public Data License 1.0 unless separately indicated; third-party content requires separate review
P111-286	111	286	実践	病態・薬物治療	‑287 75 歳女性。65 歳のときに脂質異常症と診断されたが、薬物治療は受けて いなかった。昨夜、右手に力が入りにくくなり、しばらくすると回復した。本日、 午前 6 時頃に起床したが、午前 7 時頃に右上肢の痺れが現れ、次第に悪化した。ろ れつが回らなくなる症状が現れたため、家族が救急車を呼び、午前 7 時 50 分に救 急外来へ搬送された。検査の結果、脳梗塞と診断された。また頭蓋内出血は認めら れなかった。診断時の時刻は午前 8 時 30 分であり、直ちに治療を開始することと なった。不整脈の既往はなく、搬送時の身体所見及び血液検査結果は以下のとおり であった。 （身体所見） 身長 151 cm、体重 57 kg、意識清明、血圧 192/102 mmHg、脈拍 90 拍/分（整） （血液検査） 白血球 6,200/μL、CRP 0.4 mg/dL、AST 42 IU/L、ALT 36 IU/L、 血清クレアチニン 0.9 mg/dL、BUN 20 mg/dL、eGFR 46.6 mL/min/1.73 m2 問 286（病態・薬物治療） この患者の病態として、適切なのはどれか。２つ選べ。	"[""心原性の可能性が高い。"",""梗塞部位は左半球にある。"",""脳動脈瘤が破裂した。"",""今後、病巣で出血することはない。"",""一過性脳虚血発作があった。""]"	multiChoice	[1,4]	null	normal	false	parsed	"[""none""]"	P111-CASE-286	https://www.mhlw.go.jp/content/001677932.pdf	https://www.mhlw.go.jp/content/001677933.pdf	2026-02-22	MHLW website content under Public Data License 1.0 unless separately indicated; third-party content requires separate review
P111-287	111	287	実践	実務	（実務） この患者の脳梗塞急性期に対する治療薬として、適切なのはどれか。２つ選べ。	"[""アルテプラーゼ（遺伝子組換え）"",""エダラボン"",""オザグレルナトリウム"",""ダビガトランエテキシラートメタンスルホン酸塩"",""ファスジル塩酸塩水和物""]"	multiChoice	[0,1]	[[0,1],[0,2],[1,2]]	multiple_accepted	false	parsed	"[""none""]"	P111-CASE-286	https://www.mhlw.go.jp/content/001677932.pdf	https://www.mhlw.go.jp/content/001677933.pdf	2026-02-22	MHLW website content under Public Data License 1.0 unless separately indicated; third-party content requires separate review
P111-288	111	288	実践	病態・薬物治療	‑289 76 歳男性。身長 165 cm、体重 55 kg。月に 1 回程度の機会飲酒（ 1 回日本 酒 1 合程度）。 3 週間後に、消化器外科にて食道がんの全摘出手術を施行する予定 である。外来受診の際に、この患者より「10 日前から、夜眠れない日が続いてい ます。辛いです。 」と担当医に相談があった。患者は 2 年前に、せん妄を発症した 経験があるため、担当医は入院中のせん妄発症に注意が必要と考えている。また、 担当医は夜眠れないことも、せん妄のリスクと考え、せん妄発症リスクの低い睡眠 導入剤を処方したいと考えている。 （電子カルテに記載されていた他院内科からの処方内容） シタグリプチンリン酸塩錠 50 mg 1 回 1 錠（ 1 日 1 錠） 1日1回 朝食後 14 日分 フルボキサミンマレイン酸塩錠 50 mg 1 回 1 錠（ 1 日 2 錠） 1日2回 朝夕食後 14 日分 （前回外来受診時の身体所見及び検査値） 血圧 126/77 mmHg、脈拍 71 拍/分、 血清クレアチニン 0.75 mg/dL、BUN 17.0 mg/dL、 eGFR 76.7 mL/min/1.73 m2、AST 21 IU/L、ALT 20 IU/L、 γ‑GTP 22 IU/L、空腹時血糖 121 mg/dL、HbA1c 6.7％ 問 288（病態・薬物治療） 夜眠れないことに加え、この患者のせん妄発症リスク因子として考えられるのは どれか。２つ選べ。	"[""アルコール依存"",""年齢"",""精神疾患"",""腎機能障害"",""肝機能障害""]"	multiChoice	[1,2]	null	normal	false	parsed	"[""none""]"	P111-CASE-288	https://www.mhlw.go.jp/content/001677932.pdf	https://www.mhlw.go.jp/content/001677933.pdf	2026-02-22	MHLW website content under Public Data License 1.0 unless separately indicated; third-party content requires separate review
P111-289	111	289	実践	実務	（実務） 消化器外科の担当医から処方する薬剤について、せん妄対策チームに相談があっ た。チーム内の薬剤師が提案する薬剤として最も適切なのはどれか。１つ選べ。	"[""ラメルテオン"",""フルニトラゼパム"",""レンボレキサント"",""ゾルピデム酒石酸塩"",""クエチアピンフマル酸塩""]"	singleChoice	2	null	normal	false	parsed	"[""none""]"	P111-CASE-288	https://www.mhlw.go.jp/content/001677932.pdf	https://www.mhlw.go.jp/content/001677933.pdf	2026-02-22	MHLW website content under Public Data License 1.0 unless separately indicated; third-party content requires separate review
P111-290	111	290	実践	病態・薬物治療	‑291 33 歳既婚女性。頭痛、生理痛及び便秘があり、薬局へ相談に訪れた。薬剤 師は相談者から以下の内容を聞き取った。 ・挙児を強く希望しているが、いまだ妊娠には至っていない。 ・出産経験はない。 ・妊娠を考えて、症状があってもなるべく薬を飲まないように我慢していた。 ・生理時に下腹部だけでなく骨盤の辺りも痛むようになったが、痛みがあるのは生 理期間中の数日間だけなので、市販の薬で乗り切りたい。 ・週に 5 日ほど排便がない時がある。 ・天気の悪い日は頭が痛くなる。 ・妊娠から授乳期まで服用しても安心な薬があるなら使用したい。 問 290（実務） 相談に応じた薬剤師が、この女性に勧める一般用医薬品として、適切なのはどれ か。２つ選べ。	"[""酸化マグネシウム"",""ロペラミド"",""ロキソプロフェン"",""イブプロフェン"",""アセトアミノフェン""]"	multiChoice	[0,4]	null	normal	false	parsed	"[""none""]"	P111-CASE-290	https://www.mhlw.go.jp/content/001677932.pdf	https://www.mhlw.go.jp/content/001677933.pdf	2026-02-22	MHLW website content under Public Data License 1.0 unless separately indicated; third-party content requires separate review
P111-291	111	291	実践	実務	（病態・薬物治療） 数日後、この女性は婦人科を受診し、子宮内膜症と診断された。本患者における 子宮内膜症の病態として、正しいのはどれか。２つ選べ。	"[""出産の経験がないことが、発症のリスク因子である。"",""黄体ホルモンの作用により、病変組織が発生した。"",""子宮内腔以外に病変は発生しない。"",""疼痛の悪化には、月経を重ねたことが関係している。"",""子宮体がんを合併するリスクが高い。""]"	multiChoice	[0,3]	null	normal	false	parsed	"[""none""]"	P111-CASE-290	https://www.mhlw.go.jp/content/001677932.pdf	https://www.mhlw.go.jp/content/001677933.pdf	2026-02-22	MHLW website content under Public Data License 1.0 unless separately indicated; third-party content requires separate review
P111-292	111	292	実践	病態・薬物治療	‑293 57 歳男性。身長 160 cm、体重 65 kg。総合病院にて IgA 腎症による慢性 腎不全、高血圧及び高リン血症に対し、以下の処方薬で治療が行われていた。 （処方薬） ロサルタンカリウム錠 50 mg 1 回 1 錠（ 1 日 1 錠） カルベジロール錠 10 mg 1 回 1 錠（ 1 日 1 錠） 1日1回 朝食後 フロセミド錠 40 mg 1 回 1 錠（ 1 日 2 錠） 1日2回 朝昼食後 炭酸ランタン口腔内崩壊錠 500 mg 1 回 1 錠（ 1 日 3 錠） 1日3回 朝昼夕食直後 最近、全身倦怠感が強くなってきたため、検査入院となった。以下の身体所見及 び検査所見が認められた。 （身体所見） 体温 36.3 ℃、血圧 128/72 mmHg、脈拍 75 拍/分（整）、SpO2 97％、 下肢浮腫（−） （尿検査） 尿タンパク（±）、尿潜血（ 2＋） （血液検査） 赤血球 230 × 104/μL、Hb 7.6 g/dL、 MCV（平均赤血球容積）80 fL（基準値 80〜100 fL）、白血球 4,500/μL、 血小板 20 × 104/μL、AST 25 IU/L、ALT 15 IU/L、 血清クレアチニン 4.51 mg/dL、eGFR 14.4 mL/min/1.73 m2、 血清アルブミン 3.2 g/dL、総タンパク 6.4 g/dL、K 4.0 mEq/L、 補正 Ca 8.7 mg/dL、P 4.4 mg/dL、 intact‑PTH 50 pg/mL（基準値 10〜65 pg/mL）、 フェリチン 80 ng/mL（基準値 25〜250 ng/mL）、 トランスフェリン飽和度（TSAT）15％（基準値 20〜30％）、 LVEF 60％、BNP 17.2 pg/mL（基準値 ＜ 18.4 pg/mL） 問 292（病態・薬物治療） この患者の現在の病態として適切なのはどれか。２つ選べ。	"[""心不全"",""骨代謝異常"",""鉄代謝異常"",""肝不全"",""貧血""]"	multiChoice	[2,4]	null	normal	false	parsed	"[""none""]"	P111-CASE-292	https://www.mhlw.go.jp/content/001677932.pdf	https://www.mhlw.go.jp/content/001677933.pdf	2026-02-22	MHLW website content under Public Data License 1.0 unless separately indicated; third-party content requires separate review
P111-293	111	293	実践	実務	（実務） この患者の病態に応じた医師への処方提案として、適切なのはどれか。２つ選 べ。	"[""カルベジロール錠の増量"",""炭酸ランタン口腔内崩壊錠の増量"",""ニフェジピン徐放錠の追加"",""クエン酸第一鉄ナトリウム錠の追加"",""ロキサデュスタット錠の追加""]"	multiChoice	[3,4]	null	normal	false	parsed	"[""none""]"	P111-CASE-292	https://www.mhlw.go.jp/content/001677932.pdf	https://www.mhlw.go.jp/content/001677933.pdf	2026-02-22	MHLW website content under Public Data License 1.0 unless separately indicated; third-party content requires separate review
P111-294	111	294	実践	病態・薬物治療	‑295 58 歳男性。身長 172 cm、体重 73 kg。 2 型糖尿病で 10 年前から総合病院 を受診し、現在は処方 1 〜 4 の薬剤を使用している。 （処方 1 ） エンパグリフロジン錠 10 mg 1 回 1 錠（ 1 日 1 錠） 1日1回 朝食後 56 日分 （処方 2 ） メトホルミン塩酸塩錠 500 mg 1 回 1 錠（ 1 日 2 錠） 1日2回 朝夕食後 56 日分 （処方 3 ） インスリングラルギン（遺伝子組換え）注射液（300 単位/ 1 キット） 6 キット 1 回 25 単位 1日1回 朝食前 皮下注射（自己注射） （処方 4 ） インスリンリスプロ（遺伝子組換え）注射液（300 単位/ 1 キット） 5 キット 1回 朝 8 単位 昼 4 単位 夕 6 単位 1 日 3 回 朝昼夕食直前 皮下注射（自己注射） 12 月初旬の受診時の検査結果は以下のとおりだった。 （12 月初旬の検査結果） 空腹時血糖 127 mg/dL、HbA1c 7.0％、尿糖（ 4＋）、尿タンパク（−）、 尿ケトン体（−）、血清クレアチニン 0.7 mg/dL、eGFR 78 mL/min/1.73 m2 8 週間経過した 1 月末、年末年始の食生活の乱れから空腹時血糖 177 mg/dL、 HbA1c 7.8％になった。医師からは、「食事内容に気を付け、薬をきちんと使用す ること。次回受診時に改善が見られなければ薬を増やす。」と言われた。さらに 2 週間経った本日、嘔吐と下痢のため近医を受診して胃腸炎と診断され、処方 5 及び 処方 6 の処方箋を持って薬局を訪れた。 （処方 5 ） 酪酸菌配合剤 1 回 1 錠（ 1 日 3 錠） 1日3回 朝昼夕食後 7 日分 （処方 6 ） ドンペリドン錠 10 mg 1 回 1 錠（ 1 日 3 錠） 1日3回 朝昼夕食前 7 日分 薬剤師に「昨夜から食事が摂れなかったが、今朝は家にあったプリンだけ食べら れた。甘いものを食べたので、糖尿病の薬はきちんと使用した。」と伝えた。 問 294（実務） 薬剤師は患者から同意を得て、総合病院の主治医に連絡をした。シックデイにお ける対応に従えばよいと確認をした上で指導を行った。胃腸症状が続いている間に 関する説明内容として適切なのはどれか。２つ選べ。	"[""エンパグリフロジンの服用は続けてください。"",""メトホルミンは服用しないでください。"",""インスリンはどちらも注射しないでください。"",""試験紙で尿ケトン体を調べてみてください。"",""炭水化物の摂取は控えてください。""]"	multiChoice	[1,3]	null	normal	false	parsed	"[""none""]"	P111-CASE-294	https://www.mhlw.go.jp/content/001677932.pdf	https://www.mhlw.go.jp/content/001677933.pdf	2026-02-22	MHLW website content under Public Data License 1.0 unless separately indicated; third-party content requires separate review
P111-295	111	295	実践	実務	（病態・薬物治療） その 3 日後には胃腸炎の症状は消失して、いつもの食事摂取ができるようにな り、血糖自己測定結果は以下のとおりであったが、血糖コントロール状況が心配と なり、翌日糖尿病で通院している総合病院を受診した。 （いつもの食事摂取ができるようになった日の血糖自己測定） 朝食前 112 mg/dL、朝食後 252 mg/dL、 昼食前 146 mg/dL、昼食後 170 mg/dL、 夕食前 105 mg/dL、夕食後 163 mg/dL、 就寝前 127 mg/dL （総合病院受診時の検査結果） 空腹時血糖 180 mg/dL、HbA1c 8.0％、尿糖（ 4＋）、 尿タンパク（−）、尿ケトン体（−） 今後の糖尿病治療として適切なのはどれか。２つ選べ。	"[""エンパグリフロジンを継続する。"",""メトホルミンを減量する。"",""インスリングラルギンを増量する。"",""朝食直前のインスリンリスプロを増量する。"",""夕食直前のインスリンリスプロを増量する。""]"	multiChoice	[0,3]	null	normal	false	parsed	"[""none""]"	P111-CASE-294	https://www.mhlw.go.jp/content/001677932.pdf	https://www.mhlw.go.jp/content/001677933.pdf	2026-02-22	MHLW website content under Public Data License 1.0 unless separately indicated; third-party content requires separate review
P111-296	111	296	実践	病態・薬物治療	‑297 9 歳男児。身長 136 cm、体重 31 kg。 1 年前に咳嗽、喀痰及び呼吸困難を 主訴に来院し、気管支ぜん息と診断されて治療が開始された。現在は、月に 1 〜 2 回、夜間に息苦しさとともに「ヒューヒュー」「ゼーゼー」といった呼吸音が聞こ えるとのことである。呼吸機能検査（スパイログラム）では、 1 秒量（FEV1）と 1 秒率（FEV1 ％）の低下がみられたが、％肺活量（％VC）は基準範囲内であっ た。また、血液検査ではハウスダストに対する IgE 抗体が陽性であった。現在の 処方は以下のとおりである。 （処方 1 ） アドエア 100 ディスカス 60 吸入用（注） 1 個 1 回 1 吸入 1 日 2 回 朝就寝前 吸入 ⎧ ⎫ ⎜注：サルメテロールキシナホ酸塩及びフルチカゾンプロピオン酸エステルを⎜ ⎜ 含有する吸入粉末剤。 1 吸入で、サルメテロールとして 50 μg 及びフル⎜ ⎜ ⎜ ⎜ チカゾンプロピオン酸エステルとして 100 μg を吸入できる。 ⎜ ⎩ ⎭ （処方 2 ） モンテルカストチュアブル錠 5 mg 1 回 1 錠（ 1 日 1 錠） 1日1回 就寝前 30 日分 （処方 3 ） プロカテロール塩酸塩水和物エアゾール 5 μg 1個 発作時 1 回 2 吸入 1 日 4 回まで 問 296（病態・薬物治療） 本患者の病態に関する記述として、適切なのはどれか。２つ選べ。	"[""アトピー型の気管支ぜん息と考えられる。"",""呼吸機能検査の結果から、拘束性換気障害が疑われる。"",""胸部聴診では、発作時に呼吸に伴って笛音が聴取される。"",""血中のシアル化糖鎖抗原（KL‑6）が高値を示す。"",""喀痰中の好中球が増加している。""]"	multiChoice	[0,2]	null	normal	false	parsed	"[""none""]"	P111-CASE-296	https://www.mhlw.go.jp/content/001677932.pdf	https://www.mhlw.go.jp/content/001677933.pdf	2026-02-22	MHLW website content under Public Data License 1.0 unless separately indicated; third-party content requires separate review
P111-297	111	297	実践	実務	（実務） 患児の保護者への処方薬に関する説明として、適切なのはどれか。２つ選べ。	"[""処方 1 の薬剤吸入時は、素早く浅く吸い込むようにしてください。"",""処方 1 の薬剤吸入後は、効果を持続させるためうがいを避けてください。"",""処方 2 の薬剤は、すでに起こっているぜん息発作を止める薬ではありません。"",""処方 3 の薬剤は、使用前によく振ってください。"",""処方 3 の薬剤のマウスピース（吸入口）は、水洗いしないでください。""]"	multiChoice	[2,3]	null	normal	false	parsed	"[""none""]"	P111-CASE-296	https://www.mhlw.go.jp/content/001677932.pdf	https://www.mhlw.go.jp/content/001677933.pdf	2026-02-22	MHLW website content under Public Data License 1.0 unless separately indicated; third-party content requires separate review
P111-298	111	298	実践	病態・薬物治療	‑299 56 歳女性。 1 日の排尿回数が日中・夜間に関係なく増えており、外出先で トイレの心配をすることが多くなってきた。また、急に我慢できないような尿意を 覚えることがあるため、「市販の薬を試してみたい。」と相談に薬局を訪れた。医師 の診察・治療は受けておらず、薬剤によるアレルギー及び副作用の経験はないとの ことであった。 薬局にはプロピベリン塩酸塩 10 mg を含有する医薬品があり、来局者が使用可 能かを確認することにした。 問 298（病態・薬物治療） この女性の病態として正しいのはどれか。２つ選べ。	"[""膀胱に感染性炎症がある。"",""膀胱からの求心路障害はない。"",""残尿がある。"",""大脳から排尿中枢への抑制が弱くなっている。"",""腹圧の上昇で起こる。""]"	multiChoice	[1,3]	null	normal	false	parsed	"[""none""]"	P111-CASE-298	https://www.mhlw.go.jp/content/001677932.pdf	https://www.mhlw.go.jp/content/001677933.pdf	2026-02-22	MHLW website content under Public Data License 1.0 unless separately indicated; third-party content requires separate review
P111-299	111	299	実践	実務	（実務） 薬剤師が来局者に確認する内容として重要なのはどれか。２つ選べ。	"[""喫煙歴"",""光線過敏症の既往歴"",""グレープフルーツジュースの飲用習慣"",""排尿困難の症状の有無"",""緑内障の有無""]"	multiChoice	[3,4]	null	normal	false	parsed	"[""none""]"	P111-CASE-298	https://www.mhlw.go.jp/content/001677932.pdf	https://www.mhlw.go.jp/content/001677933.pdf	2026-02-22	MHLW website content under Public Data License 1.0 unless separately indicated; third-party content requires separate review
P111-300	111	300	実践	病態・薬物治療	‑301 29 歳男性。身長 170 cm、体重 47 kg。喫煙 20 本/日。腹痛、反復する下 痢、体重減少を認めたため近所の消化器内科を受診した。内視鏡検査を実施したと ころ、クローン病と診断され、以下の処方 1 〜 3 の薬剤で治療を開始することに なった。なお、重症度分類では軽症〜中等症であった。 （検査値） 赤血球 450 × 104/μL、白血球 7,800/μL、血小板 16.8 × 104/μL、 Hb 14.1 g/dL、血清クレアチニン 0.83 mg/dL、AST 21 IU/L、 ALT 22 IU/L、CRP 1.5 mg/dL （処方 1 ） ブデソニド腸溶性顆粒充填カプセル 3 mg 1 回 3 カプセル（ 1 日 3 カプセル） 1日1回 朝食後 7 日分 （処方 2 ） ペンタサ錠 500 mg（注 1） 1 回 1 錠（ 1 日 3 錠） 1日3回 朝昼夕食後 7 日分 （注 1 ： 1 錠中にメサラジン 500 mg を含有する） （処方 3 ） エレンタール配合内用剤（注 2）80 g 1 回 1 袋（ 1 日 3 袋） 1日3回 朝昼夕 7 日分 （注 2 ：成分栄養剤） 問 300（実務） この薬物治療及び栄養療法について、薬剤師が患者へ説明する内容として適切な のはどれか。２つ選べ。	"[""処方 1 の薬剤は症状が改善しても、寛解維持のために長期的に服薬を継続する 必要がある。"",""処方 2 の錠剤を粉砕したり、口腔内で噛み砕いたりしないで服用する。"",""処方 3 の薬剤は、脂肪分をほとんど含んでいないため、腸への負担が少ない。"",""処方 3 の薬剤は、下痢症状を改善する作用がある。"",""食事は食物繊維を多く含むメニューとするのが望ましい。""]"	multiChoice	[1,2]	null	normal	false	parsed	"[""none""]"	P111-CASE-300	https://www.mhlw.go.jp/content/001677932.pdf	https://www.mhlw.go.jp/content/001677933.pdf	2026-02-22	MHLW website content under Public Data License 1.0 unless separately indicated; third-party content requires separate review
P111-301	111	301	実践	実務	（病態・薬物治療） この患者の病態及び薬物治療として正しいのはどれか。２つ選べ。	"[""慢性炎症がある。"",""貧血症状がみられる。"",""明らかな腸閉塞が認められる。"",""現治療が無効な場合は、プレドニゾロンを内服する。"",""薬物療法を完遂することで、完治が期待できる。""]"	multiChoice	[0,3]	null	normal	false	parsed	"[""none""]"	P111-CASE-300	https://www.mhlw.go.jp/content/001677932.pdf	https://www.mhlw.go.jp/content/001677933.pdf	2026-02-22	MHLW website content under Public Data License 1.0 unless separately indicated; third-party content requires separate review
P111-302	111	302	実践	病態・薬物治療	‑303 76 歳女性。身長 153 cm、体重 42 kg。在宅医療を受けていたが転倒し、大 腿骨近位部骨折のため整形外科にて入院加療となった。後日、仙骨部に褥瘡が認め られたため、褥瘡対策チームが介入することとなった。褥瘡患部は、感染の可能性 のある黄色壊死組織を形成していたため（黄色期）、処方 1 の薬剤で治療が開始さ れた。 （処方 1 ） カデックス軟膏 0.9％（注） 100 g 1 回適量 1日2回 朝夕 患部に塗布 ⎧ ⎫ ⎜ 注：カデキソマー 150、マクロゴール 400、マクロゴール 4,000 を基剤と⎜ ⎜ し、 1 g中にヨウ素 9 mg を含有する。 ⎜ ⎩ ⎭ 2 週間後、褥瘡対策チームの回診の際、医師が褥瘡の診察を行い、処方 1 の薬剤 から処方 2 の薬剤へ変更となった。 （処方 2 ） トレチノイントコフェリル軟膏 0.25％ 30 g 1 回適量 1日2回 朝夕 患部に塗布 問 302（実務） この患者への薬物治療について、整形外科病棟の症例検討カンファレンスで研修 医や医療スタッフ向けに発表して欲しいと褥瘡対策チームの薬剤師へ依頼があっ た。薬剤師の発表内容として、適切なのはどれか。２つ選べ。	"[""処方 1 の基剤は水溶性であるため、滲出液が多い患部に適していること。"",""処方 1 の薬剤の効果が不十分であったため、処方 2 の薬剤へ変更となったこと。"",""処方 1 及び 2 の薬剤の塗布後は、安静のために一定の体位を保ってもらうこと。"",""処方 2 の薬剤は使用部位の疼痛、出血をみることがあるため、壊死組織除去後 は使用を中止すること。"",""処方 2 の薬剤には細胞増殖促進作用があり、肉芽形成を促すために使用してい ること。""]"	multiChoice	[0,4]	null	normal	false	parsed	"[""none""]"	P111-CASE-302	https://www.mhlw.go.jp/content/001677932.pdf	https://www.mhlw.go.jp/content/001677933.pdf	2026-02-22	MHLW website content under Public Data License 1.0 unless separately indicated; third-party content requires separate review
P111-303	111	303	実践	実務	（病態・薬物治療） 処方 2 を開始した 10 日後、褥瘡は滲出液の少ない白色期に移行した。この時期 の病態及び治療について適切なのはどれか。２つ選べ。	"[""皮膚の上皮化が進み、肉芽組織が収縮している。"",""症状が改善すると、黒色期に移行する。"",""薬物治療として、積極的に壊死組織を除去する薬剤を使用する。"",""軟膏の基剤として、乳剤性基剤又は油脂性基剤が適している。"",""外科的手術として、デブリードマンが推奨される。""]"	multiChoice	[0,3]	null	normal	false	parsed	"[""none""]"	P111-CASE-302	https://www.mhlw.go.jp/content/001677932.pdf	https://www.mhlw.go.jp/content/001677933.pdf	2026-02-22	MHLW website content under Public Data License 1.0 unless separately indicated; third-party content requires separate review
P111-304	111	304	実践	病態・薬物治療	‑305 19 歳男性。身長 165 cm、体重 51 kg。以前より、右足の痛みと腫れがあ り、 1 ケ月前に父親とともに近所の整形外科を受診した。その 2 週間後、医師は骨 腫瘍を疑い、大学病院を紹介した。精査の結果、大腿骨遠位の骨肉腫と診断され、 加療のため昨日入院となった。入院時の検査結果は以下のとおりである。 （入院時の検査値） 赤血球 520 × 104/μL、Hb 14.3 g/dL、白血球 7,500/μL、 好中球 3,100/μL、血小板 15.8 × 104/μL、血清クレアチニン 0.86 mg/dL、 BUN 16.0 mg/dL、AST 23 IU/L、ALT 22 IU/L、総ビリルビン 1.0 mg/dL 検査の結果、化学療法は施行可能と判断され、明日から以下の MAP 療法を実施 することとなった。 （MAP 療法） 投与量 投与スケジュール ドキソルビシン塩酸塩注射用 30 mg/m2/day day 1，2 シスプラチン注射液 120 mg/m2/day day 1 メトトレキサート注射液 12 g/m2/day day 21，28 ＊ 1 コースは 35 日間で、 2 コース施行 問 304（実務） この患者の治療に関して、病棟担当薬剤師が実務実習中の学生の指導を行うこと となった。薬剤師が実務実習生へ説明する内容として、適切なのはどれか。２つ選 べ。	"[""ドキソルビシン塩酸塩の総投与量が、500 mg/m2 以下であるのを確認すること。"",""シスプラチンは冷蔵庫に保管すること。"",""シスプラチンの点滴時間が長時間に及ぶ場合には、遮光して投与すること。"",""メトトレキサートは、静脈内投与開始から 10 分以内に終了するのが望ましい こと。"",""メトトレキサートの治療効果を高めるために、水分の摂取量を制限すること。""]"	multiChoice	[0,2]	null	normal	false	parsed	"[""none""]"	P111-CASE-304	https://www.mhlw.go.jp/content/001677932.pdf	https://www.mhlw.go.jp/content/001677933.pdf	2026-02-22	MHLW website content under Public Data License 1.0 unless separately indicated; third-party content requires separate review
P111-305	111	305	実践	実務	（病態・薬物治療） MAP 療法による副作用を予防するために、この患者に投与すべきなのはどれ か。２つ選べ。	"[""アセタゾラミド"",""セベラマー"",""トリクロルメチアジド"",""ホリナートカルシウム"",""メスナ""]"	multiChoice	[0,3]	null	normal	false	parsed	"[""none""]"	P111-CASE-304	https://www.mhlw.go.jp/content/001677932.pdf	https://www.mhlw.go.jp/content/001677933.pdf	2026-02-22	MHLW website content under Public Data License 1.0 unless separately indicated; third-party content requires separate review
P111-306	111	306	実践	法規・制度・倫理	‑307 50 歳男性。かかりつけの内科クリニックでコレステロール値が高いと指摘 され、食事療法と運動療法を行っていたが、コントロール不良のため薬物療法を開 始することとなり、本日、処方 1 の薬剤が記載された処方箋を持って薬局を訪れ た。 （処方 1 ） シンバスタチン錠 5 mg 1 回 1 錠（ 1 日 1 錠） 1日1回 夕食後 28 日分 処方 1 の薬剤は本日より初めて服用する薬である。この男性が持参したお薬手帳 には 7 日前に近所の耳鼻科で処方された以下の薬剤が記載されていた。男性による と「ずっと鼻がつまっていたので受診したら、慢性副鼻腔炎と言われ、薬をもらっ た。」とのことだった。 （お薬手帳の内容） クラリスロマイシン錠 200 mg 1 回 1 錠（ 1 日 1 錠） 1日1回 朝食後 28 日分 カルボシステイン錠 500 mg 1 回 1 錠（ 1 日 3 錠） 1日3回 朝昼夕食後 28 日分 薬剤師は、処方 1 の薬剤とお薬手帳の薬剤との相互作用について医師に疑義照会 を行った。その結果、シンバスタチン錠 5 mg からフルバスタチン錠 10 mg へ変更 する旨の回答を得たので、処方 1 から処方 2 に変更することとなった。 （処方 2 ） フルバスタチン錠 10 mg 1 回 1 錠（ 1 日 1 錠） 1日1回 夕食後 28 日分 また、患者より「毎日グレープフルーツジュースを飲んだり、時々市販の酸化マ グネシウムという便秘薬を夕食後に飲むのですが、飲み合わせは大丈夫ですか。」 との質問を受けた。 問 306（法規・制度・倫理） 薬剤師法、健康保険法その他関連法令に照らし、疑義照会に関する記述として適 切なのはどれか。２つ選べ。	"[""次回以降、処方 1 の薬剤が処方され、お薬手帳の薬剤を服用中の場合、医師へ の照会を省略し、薬剤師の判断で処方 2 の薬剤に変更することができる。"",""薬剤師は処方箋の記載内容に疑問や不明点がある場合、疑義照会する義務があ る。"",""疑義照会後の変更の内容を薬剤師が記載した処方箋について、改めて医師の署 名又は記名押印を受ける必要はない。"",""調剤報酬点数表には、疑義照会を行い処方が変更された場合の加算は存在しな い。"",""疑義照会を行い、処方箋を交付した医師が不在であった場合、同じ医療機関に 勤務する別の医師の回答に基づき薬剤を変更して調剤することができる。""]"	multiChoice	[1,2]	null	normal	false	parsed	"[""none""]"	P111-CASE-306	https://www.mhlw.go.jp/content/001677932.pdf	https://www.mhlw.go.jp/content/001677933.pdf	2026-02-22	MHLW website content under Public Data License 1.0 unless separately indicated; third-party content requires separate review
P111-307	111	307	実践	実務	（実務） 服薬指導でこの患者に伝えることとして適切なのはどれか。２つ選べ。	"[""カルボシステイン錠を服用している人が処方 1 のお薬を服用すると、処方 1 の お薬の作用が弱くなるため、処方 2 のお薬に変更になりました。"",""クラリスロマイシン錠を服用している人が処方 1 のお薬を服用すると、処方 1 のお薬の副作用が出やすくなるため、処方 2 のお薬に変更になりました。"",""処方 2 のお薬は、コレステロールの排泄を促進する作用があります。"",""処方 2 のお薬は、グレープフルーツジュースとの飲み合わせについて注意喚起 されていません。"",""処方 2 のお薬と酸化マグネシウムを同時に服用すると、処方 2 のお薬の吸収が 低下するため、時間をずらして服用してください。""]"	multiChoice	[1,3]	null	normal	false	parsed	"[""none""]"	P111-CASE-306	https://www.mhlw.go.jp/content/001677932.pdf	https://www.mhlw.go.jp/content/001677933.pdf	2026-02-22	MHLW website content under Public Data License 1.0 unless separately indicated; third-party content requires separate review
P111-308	111	308	実践	法規・制度・倫理	‑309 81 歳男性。一人暮らし。息子が車で 30 分くらいの場所に住んでいる。息 子は週末にこの男性宅を訪問し、生活の世話をしている。この男性は 65 歳から高 血圧症、高尿酸血症及び前立腺肥大症の治療を行っていた。 1 年前に認知症と診断 され、処方 1 、処方 2 及び処方 3 の薬剤で治療中である。血圧コントロール不良の ため、今回より処方 4 の薬剤が追加となり、男性が息子とともに処方箋を持って薬 局を訪れた。受付時に、この男性から「最近飲み忘れが多く、結構薬が残ってしま います。今日から薬が 1 つ増えると聞いたのですが、ただでさえ飲み忘れがあるの に、これ以上増えたらもっと飲めなくなるのではないかと心配です。何か良い方法 はないですか。睡眠はよくとれており体調には問題ありません。」と相談があった。 （処方 1 ） カンデサルタン錠 4 mg 1 回 1 錠（ 1 日 1 錠） ドネペジル塩酸塩錠 10 mg 1 回 1 錠（ 1 日 1 錠） 1日1回 朝食後 14日分 （処方 2 ） アロプリノール錠 100 mg 1 回 1 錠（ 1 日 1 錠） ナフトピジル錠 50 mg 1 回 1 錠（ 1 日 1 錠） 1日1回 昼食後 14日分 （処方 3 ） スボレキサント錠 10 mg 1 回 1 錠（ 1 日 1 錠） 酸化マグネシウム錠 500 mg 1 回 1 錠（ 1 日 1 錠） 1日1回 就寝前 14日分 コメント：酸化マグネシウム錠は排便のあった日は服用しないでよい。 （処方 4 ） ヒドロクロロチアジド錠 12.5 mg 1 回 0.5 錠（ 1 日 0.5 錠） 1日1回 朝食後 14日分 （処方箋に記載されていた検査値） 血圧 164/86 mmHg、AST 32 IU/L、ALT 18 IU/L、 血清クレアチニン 0.9 mg/dL、BUN 23 mg/dL、尿酸 10.1 mg/dL 問 308（実務） この男性の訴えや症状に対し、一包化以外に薬剤師が行うこととして適切なのは どれか。２つ選べ。	"[""電話で毎日服薬確認することを息子に提案する。"",""医師に疑義照会せずに、カンデサルタン錠とヒドロクロロチアジド錠を配合錠 に変更する。"",""処方 2 の薬剤の服用タイミングについて、朝食後への変更を医師に提案する。"",""アロプリノールの中止を医師に提案する。"",""スボレキサントの増量を医師に提案する。""]"	multiChoice	[0,2]	null	normal	false	parsed	"[""none""]"	P111-CASE-308	https://www.mhlw.go.jp/content/001677932.pdf	https://www.mhlw.go.jp/content/001677933.pdf	2026-02-22	MHLW website content under Public Data License 1.0 unless separately indicated; third-party content requires separate review
P111-309	111	309	実践	実務	（法規・制度・倫理） 薬剤師は、この男性と息子に、高血圧治療薬による低血圧のリスクについて説明 した。さらに、薬剤師は、薬剤師法に基づく薬剤の使用状況の継続的な把握と薬学 的指導（フォローアップ）の必要性を検討した。この男性に対する薬剤師のフォ ローアップとして、正しいのはどれか。２つ選べ。	"[""フォローアップを行うことについて、薬剤師は都道府県知事に申請し、登録を 受けなければならない。"",""フォローアップを行うことについて、処方医の指示は不要である。"",""フォローアップの結果、服薬アドヒアランスの低下が確認された場合、薬剤師 の判断で用法用量の変更をこの男性に指示する。"",""電話でのフォローアップは認められていない。"",""フォローアップを行った場合であっても、次回調剤時の服薬指導は必要である。""]"	multiChoice	[1,4]	null	normal	false	parsed	"[""none""]"	P111-CASE-308	https://www.mhlw.go.jp/content/001677932.pdf	https://www.mhlw.go.jp/content/001677933.pdf	2026-02-22	MHLW website content under Public Data License 1.0 unless separately indicated; third-party content requires separate review
P111-310	111	310	実践	法規・制度・倫理	‑311 ある薬局で、薬局製造販売医薬品として薬局製剤指針（平成 28 年 3 月 28 日 厚生労働省医薬・生活衛生局審査管理課）に記載されている葛根湯を製造し、 販売することになった。葛根湯の製造方法等は以下のとおりである。 【211】K20 成分及び分量 日本薬局方 カッコン 8.0 g 又は本質 〃 マオウ 4.0 g 〃 ショウキョウ 1.0 g 〃 タイソウ 4.0 g 〃 ケイヒ 3.0 g 〃 シャクヤク 3.0 g 〃 カンゾウ 2.0 g 全量 25.0 g 製造方法 以上の切断又は破砕した生薬をとり、 1 包として製する。 用法及び用量 本品 1 包に水約 500 mL を加えて、 Ａ ぐらいまで煎じつめ、 煎じかすを除き、煎液を 3 回に分けて Ｂ に服用する。上記 は大人の 1 日量である。 15 才未満 7 才以上 大人の 2/3、 7 才未満 4 才以上 大人の 1/2、 4 才未満 2 才以上 大人の 1/3、 2 才未満 大人の 1/4 以下を服用 する。 効能又は効果 体力中等度以上のものの次の諸症：感冒の初期（汗をかいていな いもの）、鼻かぜ、鼻炎、頭痛、肩こり、筋肉痛、手や肩の痛み 貯蔵方法及び 密閉容器 有効期間 問 310（法規・制度・倫理） この薬局で製造し、販売する当該製剤に関する記述として正しいのはどれか。 ２つ選べ。	"[""製造するにあたり、医薬品の製造業の許可を受ける必要がある。"",""調剤室以外の場所に貯蔵することはできない。"",""販売するにあたり、医薬品の販売業の許可を受ける必要がある。"",""第 3 類医薬品として販売する。"",""製造物責任法における製造物に該当する。""]"	multiChoice	[0,4]	null	normal	false	parsed	"[""none""]"	P111-CASE-310	https://www.mhlw.go.jp/content/001677932.pdf	https://www.mhlw.go.jp/content/001677933.pdf	2026-02-22	MHLW website content under Public Data License 1.0 unless separately indicated; third-party content requires separate review
P111-311	111	311	実践	実務	（実務） この薬局製剤の用法及び用量について、Ａ及びＢに入る語句の組合せのうち適切 なのはどれか。１つ選べ。 Ａ Ｂ	"[""半量 食直前"",""半量 食直後"",""半量 食間"",""20 分の 1 食直前"",""20 分の 1 食直後"",""20 分の 1 食間""]"	singleChoice	2	null	normal	false	parsed	"[""none""]"	P111-CASE-310	https://www.mhlw.go.jp/content/001677932.pdf	https://www.mhlw.go.jp/content/001677933.pdf	2026-02-22	MHLW website content under Public Data License 1.0 unless separately indicated; third-party content requires separate review
P111-312	111	312	実践	法規・制度・倫理	‑313 49 歳男性。職場の健康診断で尿糖が「要注意」と判定され、生活習慣を改 善するよう指導されたため、健康診断結果を持って薬局に相談に来た。薬剤師が糖 尿病の予後や合併症を説明したところ、男性は食事の改善と運動の実践を決意し、 「自宅で尿糖を測定したいので尿糖検査薬を購入したい。」と申し出た。相談の結 果、一般用検査薬である尿糖検査薬（第 2 類医薬品）を購入することになった。 問 312（実務） この検査薬の説明として、正しいのはどれか。２つ選べ。	"[""この検査薬は果糖やガラクトースを測定するものです。"",""出始めや終わりの尿は使わず、途中の尿（中間尿）で検査してください。"",""採取してから 1 時間静置した尿を検査に使用してください。"",""採取した尿に検査紙を 30 分間浸してから判定してください。"",""尿糖が検出され陽性だった場合は、医療機関を受診してください。""]"	multiChoice	[1,4]	null	normal	false	parsed	"[""none""]"	P111-CASE-312	https://www.mhlw.go.jp/content/001677932.pdf	https://www.mhlw.go.jp/content/001677933.pdf	2026-02-22	MHLW website content under Public Data License 1.0 unless separately indicated; third-party content requires separate review
P111-313	111	313	実践	実務	（法規・制度・倫理） 男性は、この検査薬を継続して使用することを考えており、今後の製品の購入に 関して質問した。薬剤師の説明として正しいのはどれか。２つ選べ。	"[""販売できるのは薬剤師又は登録販売者に限られるため、不在時には購入できま せん。"",""健康診断結果又は医師の指示書を持参しないと購入できません。"",""薬局だけではなく店舗販売業の許可を受けたドラッグストアでも購入が可能で す。"",""インターネットでの販売が認められていない製品です。"",""高度管理医療機器の販売業の許可を得ていない店舗では購入できません。""]"	multiChoice	[0,2]	null	normal	false	parsed	"[""none""]"	P111-CASE-312	https://www.mhlw.go.jp/content/001677932.pdf	https://www.mhlw.go.jp/content/001677933.pdf	2026-02-22	MHLW website content under Public Data License 1.0 unless separately indicated; third-party content requires separate review
P111-314	111	314	実践	法規・制度・倫理	‑315 75 歳男性。身長 168 cm、67 kg。かかりつけの内科を受診し、高血圧症の 治療中である。今回、収縮期血圧が 151 mmHg、拡張期血圧が 87 mmHg であり、 エサキセレノン錠 2.5 mg が追加された処方箋がかかりつけ薬局に FAX で送られ てきた。薬剤師は実務実習生に服薬指導の内容を考えるように指示した。実務実習 生は注意事項等情報（添付文書）のみを参考に検討していたことから、薬剤師はエ サキセレノンの医薬品リスク管理計画（RMP：Risk Management Plan）も追加で 参考にするようアドバイスした。 問 314（実務） 追加薬剤の薬理作用に関連したリスクはどれか。２つ選べ。	"[""高カリウム血症"",""生殖発生毒性"",""低血圧関連事象"",""QT 延長"",""血栓塞栓症""]"	multiChoice	[0,2]	null	normal	false	parsed	"[""none""]"	P111-CASE-314	https://www.mhlw.go.jp/content/001677932.pdf	https://www.mhlw.go.jp/content/001677933.pdf	2026-02-22	MHLW website content under Public Data License 1.0 unless separately indicated; third-party content requires separate review
P111-315	111	315	実践	実務	（法規・制度・倫理） 薬剤師が追加で参考にするようアドバイスした資料に関する記述として、正しい のはどれか。２つ選べ。	"[""PMDA（独立行政法人医薬品医療機器総合機構）が作成する。"",""新たな安全性の懸念が認められた場合は、必要に応じて医薬品安全性監視計画 及びリスク最小化計画を見直す。"",""安全性検討事項には、重要な特定されたリスクが含まれる。"",""患者向医薬品ガイドの作成による情報提供は、医薬品安全性監視活動の 1 つで ある。"",""リスク最小化活動には、製造工程における不純物管理が含まれる。""]"	multiChoice	[1,2]	null	normal	false	parsed	"[""none""]"	P111-CASE-314	https://www.mhlw.go.jp/content/001677932.pdf	https://www.mhlw.go.jp/content/001677933.pdf	2026-02-22	MHLW website content under Public Data License 1.0 unless separately indicated; third-party content requires separate review
P111-316	111	316	実践	法規・制度・倫理	‑317 35 歳女性。身長 150 cm、体重 45 kg。 2 年前より潰瘍性大腸炎と診断さ れ、処方 1 の薬剤で治療していたが、症状が改善しないため今回入院して処方 2 の 薬剤が追加され 2 週間の投与を受けた。しかし、症状は改善せず、腎機能が正常で あることを確認の上、処方 3 の薬剤の追加が検討されている。 （処方 1 ） リアルダ錠 1,200 mg（注） 1 回 4 錠（ 1 日 4 錠） 1日1回 朝食後 （処方 2 ） プレドニゾロン錠 5 mg 朝 6 錠、昼 2 錠（ 1 日 8 錠） 1日2回 朝昼食後 （処方 3 ） フィルゴチニブマレイン酸塩錠 200 mg 1 回 1 錠（ 1 日 1 錠） 1日1回 朝食後 （注： 1 錠中にメサラジン 1,200 mg を含有するフィルムコーティング錠） 問 316（実務） 病棟の薬剤師の対応として適切なのはどれか。２つ選べ。	"[""処方 1 と処方 3 の薬剤は併用禁忌であることを処方医に伝える。"",""処方 2 と処方 3 の薬剤は併用禁忌であることを処方医に伝える。"",""間質性肺炎の既往歴を患者に確認する。"",""挙児希望の有無を患者に確認する。"",""卵アレルギーの有無を患者に確認する。""]"	multiChoice	[2,3]	null	normal	false	parsed	"[""none""]"	P111-CASE-316	https://www.mhlw.go.jp/content/001677932.pdf	https://www.mhlw.go.jp/content/001677933.pdf	2026-02-22	MHLW website content under Public Data License 1.0 unless separately indicated; third-party content requires separate review
P111-317	111	317	実践	実務	（法規・制度・倫理） 病棟の薬剤師は、この患者の担当医から「フィルゴチニブ錠は 1 日当たりの薬価 が高いので、後発医薬品はないですか。」との質問を受け、「フィルゴチニブ錠は再 審査期間中の医薬品なので後発医薬品は販売されていません。」と答えた。医療用 医薬品の再審査に関する記述として正しいのはどれか。２つ選べ。	"[""製造販売業者は、承認後 2 年間は半年ごとに、それ以降は 1 年ごとに再審査期 間が終了するまで、安全性定期報告を行う必要がある。"",""再審査は、承認後に新医薬品の使用成績等の調査を行い、その医薬品の安全性 等の再確認を行う制度である。"",""再審査期間中であっても、特許権の存続期間が終了すれば、後発医薬品が承認 されることがある。"",""指定された再審査期間が延長されることはない。"",""再審査の申請のための調査又は試験は、GVP 省令に従って実施しなければな らない。""]"	multiChoice	[0,1]	null	normal	false	parsed	"[""none""]"	P111-CASE-316	https://www.mhlw.go.jp/content/001677932.pdf	https://www.mhlw.go.jp/content/001677933.pdf	2026-02-22	MHLW website content under Public Data License 1.0 unless separately indicated; third-party content requires separate review
P111-318	111	318	実践	法規・制度・倫理	‑319 8 歳男児。アトピー性皮膚炎に対しステロイド軟膏を使用していたが、顔 面の皮疹の改善が見られないため、今回より以下の処方に変更となり、患児は母親 とともに処方箋を持って薬局を訪れた。服薬指導時に薬剤を見た母親から「薬の名 前の横に劇と書いてあるけれど、大丈夫なのでしょうか。 1 日 1 回に減らして塗っ てもよいですか。」との質問があった。 （処方） タクロリムス水和物軟膏 0.03％ 5g 1 回適量 1日2回 朝夕 顔面に塗布 問 318（実務） 変更後の薬剤について、母親に説明する内容として適切なのはどれか。２つ選 べ。	"[""この薬は自己判断で使用回数を変更すると、本来の効果が得られないことがあ るので指示どおり使用する。"",""眼の周囲に塗布してはならない。"",""びらんや潰瘍面にも使用できる。"",""使用初期に皮膚刺激感を感じることがある。"",""毛細血管拡張や皮膚萎縮、緑内障などに注意が必要である。""]"	multiChoice	[0,3]	null	normal	false	parsed	"[""none""]"	P111-CASE-318	https://www.mhlw.go.jp/content/001677932.pdf	https://www.mhlw.go.jp/content/001677933.pdf	2026-02-22	MHLW website content under Public Data License 1.0 unless separately indicated; third-party content requires separate review
P111-319	111	319	実践	実務	（法規・制度・倫理） 変更後の薬剤の薬局における取扱いに関し、法令に照らし正しいのはどれか。 ２つ選べ。	"[""かぎを施していない調剤棚に貯蔵することができる。"",""本薬剤は、他の劇薬以外の物と区別して貯蔵しなければならない。"",""盗難にあったときは、都道府県知事に届け出なければならない。"",""患者に交付するときの薬袋に、白地に赤枠赤字で「劇」の文字を記載しなけれ ばならない。"",""廃棄するときは、あらかじめ、都道府県知事に届け出なければならない。""]"	multiChoice	[0,1]	null	normal	false	parsed	"[""none""]"	P111-CASE-318	https://www.mhlw.go.jp/content/001677932.pdf	https://www.mhlw.go.jp/content/001677933.pdf	2026-02-22	MHLW website content under Public Data License 1.0 unless separately indicated; third-party content requires separate review
P111-320	111	320	実践	法規・制度・倫理	‑321 82 歳女性。東京都在住。息子夫婦と同居している。末期の胃がんで自宅で の看取りを希望し、訪問診療と訪問看護を受けている。経口薬の服用が難しくなっ てきたため麻薬貼付剤を使用していたが、レスキューの使用回数が増え貼付剤での 疼痛コントロールが困難になった。そのため、以下の持続皮下注射処方に変更とな り、息子が処方箋を近隣の東京都内の薬局に持参した。電動式の PCA（自己調節 鎮痛法）用のシリンジポンプを使用して持続皮下注射を行うこととなった。この患 者がシリンジポンプを使用するのは初めてである。 （処方） モルヒネ塩酸塩注 100 mg シリンジ（100 mg/10 mL/本） 1本 持続皮下注 0.25 mL/h より開始 PCA 設定：0.25 mL/回 ロックアウトタイム 15 分 問 320（法規・制度・倫理） 薬局におけるこの処方薬剤の取扱いに関する記述として、正しいのはどれか。 ２つ選べ。	"[""在庫量の不足のため調剤できない場合は、あらかじめ共同で都知事の許可を受 けた麻薬小売業者の薬局から譲り受けることができる。"",""次回、同一麻薬製剤が投与される場合は、麻薬処方箋に患者の住所の記載がな くても、処方医に確認する必要はない。"",""患者又は同居している家族から、麻薬の譲受証を受け取る必要はない。"",""薬局の開設者は、薬局に麻薬管理者を置き、管理させなければならない。"",""患者が東京都外に引越した場合、この薬局で調剤することができない。""]"	multiChoice	[0,2]	null	normal	false	parsed	"[""none""]"	P111-CASE-320	https://www.mhlw.go.jp/content/001677932.pdf	https://www.mhlw.go.jp/content/001677933.pdf	2026-02-22	MHLW website content under Public Data License 1.0 unless separately indicated; third-party content requires separate review
P111-321	111	321	実践	実務	（実務） 息子に対して行うこの薬剤やポンプの使用に関する説明として適切なのはどれ か。２つ選べ。	"[""薬剤がなくなったら家族が薬剤をセットしてください。"",""患者や家族が流速を変更できないようになっています。"",""ロックアウトタイム中は PCA ボタンを押しても薬剤が出ない構造になってい ます。"",""この薬剤は薬剤師がご自宅に持っていくことができないので、毎回薬局に取り に来てください。"",""今後、この薬剤が 2 本以上処方された場合、未使用の薬剤は冷蔵庫で保管する 必要があります。""]"	multiChoice	[1,2]	null	normal	false	parsed	"[""none""]"	P111-CASE-320	https://www.mhlw.go.jp/content/001677932.pdf	https://www.mhlw.go.jp/content/001677933.pdf	2026-02-22	MHLW website content under Public Data License 1.0 unless separately indicated; third-party content requires separate review
P111-322	111	322	実践	法規・制度・倫理	‑323 82 歳女性。身長 157 cm、体重 40 kg。大腸がんの治療で入院していたが、 食事を摂ることができなくなり中心静脈栄養（TPN：Total Parenteral Nutrition） 療法を開始した。退院後も自宅で皮下埋込型中心静脈ポート（CV ポート）から投 与する TPN 療法を継続することとなった。地域のケアマネジャーと相談し、新た に介護保険を利用することとなり認定を受けた。自宅における患者の点滴は、 CV ポートに接続されたフーバー針（皮下埋込式カテーテル用穿刺針）を介して投 与される。 退院後は処方 1 及び処方 2 の薬剤で治療することとなり、薬局の薬剤師が患者宅 を訪問して薬剤管理指導を行うこととなった。 （処方 1 ） エルネオパ NF 2 号輸液（注）（1,500 mL/袋） 1 袋 1日1回 24 時間かけて点滴静注 14 日分 （処方 2 ） 静注用脂肪乳剤輸液 20％（250 mL/袋） 1袋 1日1回 4 時間かけて点滴静注 月曜、木曜に投与 4 日分（投与実日数） ⎧ ⎫ ⎜ 注：高カロリー輸液用アミノ酸・糖・電解質・総合ビタミン・微量元素液⎜ ⎜ で、 1 袋 1,500 mL 中に総遊離アミノ酸 45 g、ブドウ糖 262.5 g、電解⎜ ⎜ ⎜ ⎜ 質、総合ビタミン、微量元素などを含む総熱量 1,230 kcal の製剤 ⎜ ⎩ ⎭ 問 322（実務） 薬剤管理指導のために訪問した薬剤師が患者の介護を行う家族に対して説明する 内容として適切なのはどれか。２つ選べ。	"[""処方 1 の薬剤は変質を防ぐために冷蔵庫で保管してください。"",""処方 1 の薬剤を交換する前に手を消毒してください。"",""処方 2 の薬剤は輸液フィルターを通して投与してください。"",""入浴時は CV ポートからフーバー針をはずしてください。"",""使用済みのフーバー針は、家庭系一般廃棄物としてお住まいの地域のルールに 従って処理してください。""]"	multiChoice	[1,3]	null	normal	false	parsed	"[""none""]"	P111-CASE-322	https://www.mhlw.go.jp/content/001677932.pdf	https://www.mhlw.go.jp/content/001677933.pdf	2026-02-22	MHLW website content under Public Data License 1.0 unless separately indicated; third-party content requires separate review
P111-323	111	323	実践	実務	（法規・制度・倫理） 薬剤師の説明後、患者の家族から、新たに利用するこの保険について質問され た。家族への説明として、適切なのはどれか。２つ選べ。	"[""この保険は、利用開始に伴い保険料が増額になります。"",""この保険から給付される 1 ケ月当たりのサービス利用の上限額は、年齢によっ て区分されています。"",""サービスの利用に際しての自己負担割合は、利用者の所得に応じて異なります。"",""在宅での服薬状況の確認や服薬指導に対する費用は、医療保険ではなく、この 保険が適用されます。"",""薬剤料は、医療保険ではなく、この保険が適用されます。""]"	multiChoice	[2,3]	null	normal	false	parsed	"[""none""]"	P111-CASE-322	https://www.mhlw.go.jp/content/001677932.pdf	https://www.mhlw.go.jp/content/001677933.pdf	2026-02-22	MHLW website content under Public Data License 1.0 unless separately indicated; third-party content requires separate review
P111-324	111	324	実践	法規・制度・倫理	‑325 46 歳男性。消化性潰瘍の既往あり。高血圧症及び脂質異常症に対し処方 1 の薬剤による治療を行っている。先日、急に話しづらさを感じ、かかりつけ医の紹 介で別の医療機関において画像検査を受けた結果、TIA（一過性脳虚血発作）と診 断されて入院となり、処方 2 の薬剤による治療が開始された。 （処方 1 ） アムロジピン錠 5 mg 1 回 1 錠（ 1 日 1 錠） ロスバスタチン錠 5 mg 1 回 1 錠（ 1 日 1 錠） 1日1回 朝食後 28 日分 （処方 2 ） アスピリン腸溶錠 100 mg 1 回 1 錠（ 1 日 1 錠） 1日1回 朝食後 3 日分 （処方 3 ） アスピリン腸溶錠 100 mg 1 回 1 錠（ 1 日 1 錠） 1日1回 朝食後 28 日分 問 324（実務） 処方 2 の薬剤による治療開始時に、病院で薬剤師が患者に説明する内容として適 切なのはどれか。２つ選べ。	"[""この薬は TIA による後遺症の治療薬である。"",""この薬の服用中は納豆の摂取を控える必要がある。"",""消化性潰瘍が再発することがある。"",""この薬の服用中は発熱や頭痛が起こらない。"",""出血リスクがあるため、検査や手術等の際は服用中止が指示される場合がある。""]"	multiChoice	[2,4]	null	normal	true	parsed	"[""none""]"	P111-CASE-324	https://www.mhlw.go.jp/content/001677932.pdf	https://www.mhlw.go.jp/content/001677933.pdf	2026-02-22	MHLW website content under Public Data License 1.0 unless separately indicated; third-party content requires separate review
P111-325	111	325	実践	実務	（法規・制度・倫理） 退院後の外来受診で、これらの薬剤は継続となり、処方 1 及び処方 3 が記載され た処方箋が発行された。この男性は、仕事が忙しく、かかりつけの薬局の開局時間 内に処方箋を持参できず、開局時間外である 19 時に薬局に電話したところ、対応 してくれることになり処方箋を持参した。薬剤師は会計時にこの患者に調剤の領収 証と明細書を渡したところ、費用の内容について質問を受けた。患者に対する保険 調剤に関する説明として、正しいのはどれか。２つ選べ。	"[""調剤技術料の項目に含まれる調剤基本料は、処方 3 の追加を理由として、変わ ることはありません。"",""調剤技術料には、薬剤師が患者の症状を踏まえて、説明や指導を行うことに対 する費用の項目があります。"",""薬学管理料には、患者の服薬状況等の情報を収集、分析、評価し、薬剤服用歴 へ記録することに対する費用の項目があります。"",""薬剤料は、薬局の開局時間外に処方箋を受け付けたので、費用が追加されてい ます。"",""1 点の単価は 100 円です。 一般問題（薬学実践問題）【実務】""]"	multiChoice	[0,2]	null	normal	false	parsed	"[""none""]"	P111-CASE-324	https://www.mhlw.go.jp/content/001677932.pdf	https://www.mhlw.go.jp/content/001677933.pdf	2026-02-22	MHLW website content under Public Data License 1.0 unless separately indicated; third-party content requires separate review
P111-326	111	326	実践	実務	60 歳女性。白金製剤を含む化学療法治療後に増悪した再発卵巣がんに対し、ド キソルビシン塩酸塩を MPEG‑DSPE（注）修飾リポソームに封入した注射剤（ドキシ ル注）による治療を検討することになった。 ⎧ ⎫ ⎜注： ‑（Carbonyl‑methoxypolyethylene glycol 2000）‑1，2‑distearoyl‑ ‑ ⎜ ⎜ glycero‑3‑phosphoethanolamine sodium salt ⎜ ⎩ ⎭ 治療導入前のカンファレンスにおいて薬剤師が情報提供する内容として、適切な のはどれか。２つ選べ。	"[""本剤は、従来のドキソルビシン塩酸塩製剤の代替として使用しない。"",""添加剤に大豆由来の成分が含まれるので、大豆アレルギーがないことを患者に 確認した。"",""インフュージョンリアクションを軽減するためにリポソーム化した製剤である。"",""高度催吐リスクのため、デキサメタゾン、セロトニン 5‑HT3 受容体遮断薬及 びタキキニン NK1 受容体遮断薬の 3 剤を前投与する。"",""投与中に血管外漏出が見られたときは、漏出部位と同一静脈から再度点滴を再 開する。""]"	multiChoice	[0,1]	null	normal	false	parsed	"[""none""]"		https://www.mhlw.go.jp/content/001677932.pdf	https://www.mhlw.go.jp/content/001677933.pdf	2026-02-22	MHLW website content under Public Data License 1.0 unless separately indicated; third-party content requires separate review
P111-327	111	327	実践	実務	注射剤調剤として適切なのはどれか。２つ選べ。	"[""抗がん剤を調製する場合は、陰圧操作で行う。"",""使用期限が長い方の注射剤を優先的に払い出す。"",""箱を開封したばかりの輸液製剤であっても、液漏れがないことを確認する。"",""輸液製剤のゴム栓のシールがはがれている場合、目視でゴム栓に異常がなけれ ば、そのまま調剤する。"",""閉鎖式薬物移送システム（CSTD）は、無菌性を向上させる目的で使用する。""]"	multiChoice	[0,2]	null	normal	false	parsed	"[""none""]"		https://www.mhlw.go.jp/content/001677932.pdf	https://www.mhlw.go.jp/content/001677933.pdf	2026-02-22	MHLW website content under Public Data License 1.0 unless separately indicated; third-party content requires separate review
P111-328	111	328	実践	実務	2 歳女児。母親に連れられ喫茶店にいたところ、母親が目を離した隙に、未使 用の紙巻たばこを口に含んだ。母親は、女児を連れて直ちに喫茶店の向かいにあっ た薬局を訪れた。薬剤師が確認したところ、紙巻たばこの先端から 2 cm 程度が噛 みちぎられていた。女児には特に目立った症状はなく、顔色も良好であった。薬剤 師が母親に提案する対応として、適切なのはどれか。２つ選べ。	"[""口の中に残っているものがあれば、取り除く。"",""口に含んだ後の経過時間及び状態を記録する。"",""牛乳を飲ませた後、胃内容物を吐き出させる。"",""経口補水液を飲ませる。"",""成分として薬用炭を含む一般用医薬品を服用させる。""]"	multiChoice	[0,1]	null	normal	false	parsed	"[""none""]"		https://www.mhlw.go.jp/content/001677932.pdf	https://www.mhlw.go.jp/content/001677933.pdf	2026-02-22	MHLW website content under Public Data License 1.0 unless separately indicated; third-party content requires separate review
P111-329	111	329	実践	実務	45 歳女性。20 歳頃より 2 〜 3 ケ月に 1 回程度、閃輝暗点を伴う頭痛があり、 近隣のクリニックで片頭痛と診断されていた。治療には、処方された鎮痛剤を用い ていたが、数年前から症状が安定し、医師から一般用医薬品での対処で問題ないと 言われた。その後、一般用医薬品で症状をコントロールできていたが、半年前から 1 ケ月に 1 〜 2 回の頻度で頭痛が生じ、使用回数が増えてきた。日常生活にも支障 をきたすようになり、痛みの予兆があると不安で気分が落ち込むようになったた め、再受診した。女性は以下の処方箋を持って薬局を訪れた。 （処方） ラスミジタンコハク酸塩錠 100 mg 1回1錠 頭痛時 14 回分 この処方薬剤に関して、薬剤師が女性に説明する内容として、適切なのはどれ か。２つ選べ。	"[""痛みの予兆があるときに服用すると、発作を予防できる。"",""服用しても痛みが治まらない場合は、さらに 1 錠追加服用する。"",""服用後は、めまいや眠気に注意する。"",""血管収縮作用による胸の痛みや圧迫感が現れることがあるので、注意する。"",""使用過多により頭痛が生じることがあるので、注意する。""]"	multiChoice	[2,4]	null	normal	false	parsed	"[""none""]"		https://www.mhlw.go.jp/content/001677932.pdf	https://www.mhlw.go.jp/content/001677933.pdf	2026-02-22	MHLW website content under Public Data License 1.0 unless separately indicated; third-party content requires separate review
P111-330	111	330	実践	実務	64 歳女性。夫と同居。 1 年前、軽度のアルツハイマー型認知症と診断され、処 方 1 の薬剤による治療が行われていた。 6 ケ月前より、認知症周辺症状（BPSD） が出現し、処方 2 の薬剤が追加された。その後、BPSD は改善されたが、 3 ケ月前 には血圧が上昇し処方 3 の薬剤が追加された。その後、処方 3 の薬剤が増量された が、降圧効果が不十分だったため、処方 3 は変更となり、 2 ケ月前より処方 1 、 2 及び 4 の薬剤を服用中である。本日、女性が夫とともに処方箋を持って薬局を訪れ た際、処方 5 の薬剤がさらに追加されていた。薬剤師が女性の体調を確認したとこ ろ、 2 〜 3 週間前から血圧が高くなり、最近では倦怠感や頭重感、むくみ、しびれ の自覚症状があるとのことだった。 （処方 1 ） ドネペジル塩酸塩錠 5 mg 1 回 1 錠（ 1 日 1 錠） 1日1回 朝食後 30 日分 （処方 2 ） 抑肝散エキス顆粒 1 回 2.5 g（ 1 日 7.5 g） 1日3回 朝昼夕食前 30 日分 （処方 3 ） テルミサルタン錠 20 mg 1 回 1 錠（ 1 日 1 錠） 1日1回 朝食後 30 日分 （処方 4 ） テルミサルタン 40 mg・ヒドロクロロチアジド配合錠 1 回 1 錠（ 1 日 1 錠） 1日1回 朝食後 30 日分 （処方 5 ） 塩化カリウム徐放錠 600 mg 1 回 2 錠（ 1 日 4 錠） 1日2回 朝夕食後 30 日分 薬剤師は、薬歴に記録された 1 ケ月前の検査値と処方箋に記載された今回の検査 値を比較し、医師に疑義照会を行った。 （ 1 ケ月前の血圧及び検査値） 血圧 142/85 mmHg、AST 35 IU/L、ALT 43 IU/L、 CK（クレアチンキナーゼ）58 U/L、血清クレアチニン 0.9 mg/dL、 総ビリルビン 1.0 mg/dL、Na 138 mEq/L、K 3.8 mEq/L （処方箋記載の検査値） 血圧 155/90 mmHg、AST 150 IU/L、ALT 78 IU/L、 CK（クレアチンキナーゼ）950 U/L、血清クレアチニン 1.0 mg/dL、 総ビリルビン 1.1 mg/dL、Na 145 mEq/L、K 2.3 mEq/L 医師に提案する内容として、適切なのはどれか。２つ選べ。	"[""ドネペジル塩酸塩錠を中止する。"",""抑肝散エキス顆粒を中止する。"",""テルミサルタン・ヒドロクロロチアジド配合錠を中止する。"",""塩化カリウム徐放錠を減量する。"",""フロセミド錠を追加する。""]"	multiChoice	[1,2]	null	normal	false	parsed	"[""none""]"		https://www.mhlw.go.jp/content/001677932.pdf	https://www.mhlw.go.jp/content/001677933.pdf	2026-02-22	MHLW website content under Public Data License 1.0 unless separately indicated; third-party content requires separate review
P111-331	111	331	実践	実務	インシデントレポートに関する記述として、適切なのはどれか。２つ選べ。	"[""再発防止のために作成される。"",""保健所に提出する。"",""薬剤に関連するインシデント報告はまれである。"",""当事者の責任追及のために利用する。"",""当事者以外が報告してもよい。""]"	multiChoice	[0,4]	null	normal	false	parsed	"[""none""]"		https://www.mhlw.go.jp/content/001677932.pdf	https://www.mhlw.go.jp/content/001677933.pdf	2026-02-22	MHLW website content under Public Data License 1.0 unless separately indicated; third-party content requires separate review
P111-332	111	332	実践	実務	55 歳男性。最近、物が二重に見えたり、頭痛やめまい症状が現れたりしたた め、大学病院を受診し、造影 CT 検査を受けるために入院となった。医師は造影剤 としてイオパミドール注射液を使用予定である。本剤の使用にあたり、入院支援セ ンターの薬剤師が収集する情報として重要性が高いのはどれか。２つ選べ。	"[""亜鉛サプリメントの使用"",""閉所に対する恐怖"",""気管支ぜん息の既往"",""脂質異常症治療薬の使用"",""腎機能""]"	multiChoice	[2,4]	null	normal	false	parsed	"[""none""]"		https://www.mhlw.go.jp/content/001677932.pdf	https://www.mhlw.go.jp/content/001677933.pdf	2026-02-22	MHLW website content under Public Data License 1.0 unless separately indicated; third-party content requires separate review
P111-333	111	333	実践	実務	70 歳男性。前立腺がんによるがん性疼痛に対して、モルヒネ硫酸塩水和物徐放 錠を服用していた。疼痛の悪化に伴い入院となり、骨転移に対して処方 1 及び 2 の 薬剤が開始となった。 （処方 1 ） デノスマブ（遺伝子組換え）皮下注（120 mg/1.7 mL） 1 バイアル 1 回 120 mg 皮下注射 （処方 2 ） デノタスチュアブル配合錠（注） 1 回 2 錠（ 1 日 2 錠） 1日1回 昼食後 7 日分 （注：沈降炭酸カルシウム／コレカルシフェロール／炭酸マグネシウム配合錠） （開始時検査値） 血清アルブミン 4.0 g/dL、AST 10 IU/L、ALT 14 IU/L、 血清クレアチニン 0.88 mg/dL、血清カルシウム 8.3 mg/dL この患者に対して病棟担当薬剤師が行う服薬指導の内容として、適切なのはどれ か。２つ選べ。	"[""処方 1 の薬剤の開始後は、定期的な歯科検査を受けること。"",""処方 1 の薬剤服用中は、カリウム含有量の多い食品を積極的に摂取すること。"",""処方 2 の薬剤は、処方 1 の薬剤の副作用を軽減するために処方されていること。"",""処方 2 の薬剤の副作用の症状として、テタニー症状があること。"",""処方 2 の薬剤は、かみ砕いたり、口中で溶かさずにそのまま服用すること。""]"	multiChoice	[0,2]	null	normal	false	parsed	"[""none""]"		https://www.mhlw.go.jp/content/001677932.pdf	https://www.mhlw.go.jp/content/001677933.pdf	2026-02-22	MHLW website content under Public Data License 1.0 unless separately indicated; third-party content requires separate review
P111-334	111	334	実践	実務	56 歳男性。身長 163 cm、体重 58 kg。食道がん全摘出から 5 日後の栄養管理と して、処方 1 及び 2 の薬剤が投与される予定である。 （入院時の検査値） HbA1c 5.4％、空腹時血糖 101 mg/dL、血清クレアチニン 0.72 mg/dL、 BUN 17.0 mg/dL、AST 19 IU/L、ALT 22 IU/L （処方 1 ） 高カロリー輸液用アミノ酸・糖・電解質・総合ビタミン液（注 1） 1 バッグ 高カロリー輸液用微量元素製剤 2 mL シリンジ 1本 1日1回 持続点滴 24 時間 （注 1 ：1,500 mL 中にブドウ糖 180 g、総遊離アミノ酸 30 g が含まれる） （処方 2 ） 20％静注用脂肪乳剤 100 mL（注 2） 1 バッグ 1日1回 持続点滴 4 時間 （注 2 ：100 mL 中に熱量が約 200 kcal 含まれる） この患者の担当薬剤師が、薬学実習生に対して、本症例に関する説明を行った。 説明内容として、適切なのはどれか。２つ選べ。ただし、アミノ酸は 16％の窒素 を含むものとする。	"[""処方 1 の薬剤を投与する時は、輸液バッグを遮光カバーで被覆すること。"",""処方 2 の薬剤は 0.22 μm 孔径の輸液フィルターを使用して投与すること。"",""処方 2 の薬剤は末梢静脈からの投与が可能であること。"",""非タンパク質カロリー/窒素比（NPC/N）が 400 程度に設定されていること。"",""腎機能が低下しているため、アミノ酸の減量を担当医に提案する予定であるこ と。""]"	multiChoice	[0,2]	null	normal	false	parsed	"[""none""]"		https://www.mhlw.go.jp/content/001677932.pdf	https://www.mhlw.go.jp/content/001677933.pdf	2026-02-22	MHLW website content under Public Data License 1.0 unless separately indicated; third-party content requires separate review
P111-335	111	335	実践	実務	医師より、以下に示す組成の輸液（1,000 mL）の調製依頼があった。生理食塩 液、塩化カルシウム注射液（0.5 mol/L）、50 w/v％ブドウ糖注射液及び注射用水 を用いて調製する時、必要量（mL）として最も近い値の組合せはどれか。１つ選 べ。塩化ナトリウムの式量及びブドウ糖の分子量は、それぞれ 58.5 及び 180 とす る。 （電解質組成） Na＋ 77 mEq/L、Ca2＋ 3 mEq/L、Cl− 80 mEq/L 浸透圧を 300 mOsm/L に調整する。 塩化カルシウム 50 w/v％ブドウ糖 生理食塩液 注射液 注射用水 注射液 （0.5 mol/L）	"[""50.7 3.0 50.9 895.4"",""50.7 6.0 50.9 892.4"",""50.7 6.0 57.1 886.2"",""500.7 3.0 50.9 445.4"",""500.7 3.0 57.1 439.2"",""500.7 6.0 57.1 436.2""]"	singleChoice	3	null	normal	false	parsed	"[""none""]"		https://www.mhlw.go.jp/content/001677932.pdf	https://www.mhlw.go.jp/content/001677933.pdf	2026-02-22	MHLW website content under Public Data License 1.0 unless separately indicated; third-party content requires separate review
P111-336	111	336	実践	実務	63 歳男性。数日前から感冒症状を自覚していたが、前日から咳、痰及び鼻汁が ひどくなった。男性は近隣のクリニックを受診し、以下の処方 1 及び 2 が記載され た処方箋を持って薬局を訪れた。 （処方 1 ） PL 配合顆粒（注） 1 回 1 包（ 1 日 4 包） デキストロメトルファン臭化水素酸塩錠 15 mg 1 回 1 錠（ 1 日 4 錠） 1日4回 朝昼夕食後、就寝前 5 日分 ⎧ ⎫ ⎜注： 1 包（ 1 g）中： ⎜ ⎜ サリチルアミド 270 mg、アセトアミノフェン 150 mg、⎜ ⎜ ⎜ ⎜ 無水カフェイン 60 mg、 ⎜ ⎜ ⎜ ⎜ プロメタジンメチレンジサリチル酸塩 13.5 mg を含む ⎜ ⎩ ⎭ （処方 2 ） アンブロキソール塩酸塩錠 15 mg 1 回 1 錠（ 1 日 3 錠） 1日3回 朝昼夕食後 5 日分 薬剤師が男性の薬歴を確認したところ、 6 ケ月前から総合病院で以下の薬剤が処 方されていることが確認できた。 （総合病院からの処方） ナフトピジル口腔内崩壊錠 50 mg 1 回 1 錠（ 1 日 1 錠） 1日1回 朝食後 14 日分 薬剤師は、今回の処方中にこの患者に対して禁忌となる成分が含まれている可能 性に気づき、クリニックの医師に疑義照会することにした。その成分はどれか。 １つ選べ。	"[""サリチルアミド"",""アセトアミノフェン"",""プロメタジンメチレンジサリチル酸塩"",""デキストロメトルファン臭化水素酸塩"",""アンブロキソール塩酸塩""]"	singleChoice	2	null	normal	false	parsed	"[""none""]"		https://www.mhlw.go.jp/content/001677932.pdf	https://www.mhlw.go.jp/content/001677933.pdf	2026-02-22	MHLW website content under Public Data License 1.0 unless separately indicated; third-party content requires separate review
P111-337	111	337	実践	実務	注射剤の吸着や配合変化に関する記述として適切なのはどれか。２つ選べ。	"[""ニトログリセリンは輸液ルートに吸着するため、ポリ塩化ビニル（PVC）フ リーの輸液ルートを用いる。"",""ジアゼパム注射液には非水溶性溶媒が用いられているため、大量の輸液で希釈 し投与する。"",""アミノ酸輸液（リン酸塩含有輸液）にグルコン酸カルシウムを混合すると、難 溶性の塩を生成するため配合を避ける。"",""注射用アムホテリシン B リポソーム製剤の希釈時には沈殿を防ぐために、生理 食塩液を用いる。"",""オメプラゾールナトリウム注射剤にアルカリ性の注射剤を混合すると白濁する。""]"	multiChoice	[0,2]	null	normal	false	parsed	"[""none""]"		https://www.mhlw.go.jp/content/001677932.pdf	https://www.mhlw.go.jp/content/001677933.pdf	2026-02-22	MHLW website content under Public Data License 1.0 unless separately indicated; third-party content requires separate review
P111-338	111	338	実践	実務	‑339 13 歳男児。体重 50 kg。エピペン注射液 0.3 mg（注）の処方が記載された処 方箋を持って母親とともに薬局を訪れた。薬剤師が情報収集したところ、男児は昼 食にうどんを食べた後、屋外の運動場でサッカーをしているときに倒れたとのこと だった。倒れたのは運動開始 30 分後だった。緊急搬送後、適切な処置により症状 は消失し、その後小麦による食物依存性運動誘発アナフィラキシーと診断され、エ ピペン注射液を処方された。 ⎧ ⎫ ⎜注： 1 管 2 mL、アドレナリンを 2 mg 含有するプレフィルドシリンジ。 ⎜ ⎜ 1 回に 0.3 mL 注射される。 ⎜ ⎩ ⎭ なお、 2 週間前にもパスタを食べた後にサッカーをしたところ、軽度のかゆみや 発疹の症状があった。夜食にうどんやパスタを食べても異常はなく、空腹時にサッ カーをしても異常はなかった。 問 338 処方された薬剤の使用方法に関する説明内容として、適切なのはどれか。２つ 選べ。	"[""注射前によく振ってから使用する。"",""通常、臀部に注射する。"",""緊急の場合は衣服の上からでも注射可能である。"",""注射部位に垂直に針を刺す。"",""残液がなくなるまで繰り返し使用可能である。""]"	multiChoice	[2,3]	null	normal	false	parsed	"[""none""]"		https://www.mhlw.go.jp/content/001677932.pdf	https://www.mhlw.go.jp/content/001677933.pdf	2026-02-22	MHLW website content under Public Data License 1.0 unless separately indicated; third-party content requires separate review
P111-339	111	339	実践	実務	使用方法の説明後、男児の母親から、今後の生活における注意点について質問 があった。薬剤師が行う生活指導の内容として、適切なのはどれか。２つ選べ。	"[""運動は屋外を避け、屋内の体育館で行う。"",""小麦を含む食品を摂取した場合は、食後の運動を避ける。"",""運動中、こまめに水分を補給することで発症を予防できる。"",""エピペン注射液を常時携帯させる。"",""食事は、小麦の完全除去が必要である。""]"	multiChoice	[1,3]	null	normal	false	parsed	"[""none""]"		https://www.mhlw.go.jp/content/001677932.pdf	https://www.mhlw.go.jp/content/001677933.pdf	2026-02-22	MHLW website content under Public Data License 1.0 unless separately indicated; third-party content requires separate review
P111-340	111	340	実践	実務	28 歳男性。牛乳アレルギーあり。既往歴及び使用中の医薬品はなし。喫煙 1 日 10 本程度、飲酒 1 日ビール 500 mL 程度。以前から胃腸が弱く、朝食後や通勤 時に便意を催すことが多い。 1 週間後に昇進試験を受験する予定だが、緊張により 下痢気味であるため、男性は止瀉薬を求めて薬局を訪れた。以下のうち、この男性 に勧める一般用医薬品として、適切なのはどれか。２つ選べ。 成分 1 回量（成人）	"[""1 錠中 1錠 イブプロフェン 150 mg、 ブチルスコポラミン臭化物 10 mg"",""12 錠中 4錠 ベルベリン塩化物水和物 300 mg、 ロートエキス 60 mg、 タンニン酸アルブミン 2,000 mg、 ウルソデオキシコール酸 30 mg"",""2 カプセル中 2 カプセル 木クレオソート 90 mg"",""1 錠中 1錠 ロートエキス 3 倍散 60 mg、 タンニン酸ベルベリン 100 mg"",""3 錠中 1錠 トリメブチンマレイン酸塩 300 mg""]"	multiChoice	[2,3]	null	normal	false	parsed	"[""none""]"		https://www.mhlw.go.jp/content/001677932.pdf	https://www.mhlw.go.jp/content/001677933.pdf	2026-02-22	MHLW website content under Public Data License 1.0 unless separately indicated; third-party content requires separate review
P111-341	111	341	実践	実務	37 歳女性。経口避妊剤トリキュラー 28 の処方箋を持って薬局を訪れた。今回 初めて本剤を服用するので、質問票に記載してもらったところ、15 年間の喫煙歴 （ 1 日 10 本）があり、お酒は週に数回飲んでいることが分かった。なお、指導の 際に本剤の写真（下図）が印刷されたリーフレットを用いて説明した。 色調 赤褐色 白色 淡黄褐色 白色（大） 錠数 6錠 5錠 10 錠 7錠 レボノルゲストレル 0.050 mg 0.075 mg 0.125 mg 含有せず 有効成分 （ 1 錠中） 日局エチニルエストラ 0.030 mg 0.040 mg 0.030 mg 含有せず ジオール（ 1 錠中） 服用日（薬剤シートの番号 1（開始日） 7 〜11 日間 12〜21 日間 22〜28 日間 に従って、 1 から 28 まで 〜 6 日間 順に服用） 服薬指導として適切なのはどれか。２つ選べ。	"[""この薬は、性感染症のリスクを低下させます。"",""初めてこの薬を服用する場合は、月経が終了した日から 1 番目の赤褐色の錠剤 を飲み始めてください。"",""通常、白色（大）錠剤を服用している間に月経がありますが、最後まで飲み 切ってください。"",""この薬を飲み始めるとむくみが生じるので、できる限り水分摂取を制限してく ださい。"",""この薬の使用中は禁煙してください。""]"	multiChoice	[2,4]	null	normal	true	parsed	"[""none""]"		https://www.mhlw.go.jp/content/001677932.pdf	https://www.mhlw.go.jp/content/001677933.pdf	2026-02-22	MHLW website content under Public Data License 1.0 unless separately indicated; third-party content requires separate review
P111-342	111	342	実践	実務	58 歳男性。体重 62 kg、体表面積 1.72 m2。 2 年前、S 状結腸がん（Stage Ⅲ） と 診 断 さ れ、S 状 結 腸 切 除 術 が 施 行 さ れ た。 そ の 後、 術 後 補 助 化 学 療 法 と し て FOLFOX 療法（オキサリプラチン、レボホリナートカルシウム、フルオロウラ シル）を 12 コース施行し、外来通院にて定期検査を実施していた。しかし、 2 ケ 月前の定期検査の際、肝転移が見つかった。主治医が診察及び面談を行い、患者の 希望や検査結果を踏まえ、FOLFIRI ＋ パニツムマブ療法の導入が検討されている。 （FOLFIRI ＋ パニツムマブ療法） 投与量 投与スケジュール 処方 1 パニツムマブ（遺伝子組換え）注 6 mg/kg day 1 処方 2 イリノテカン塩酸塩注射液 150 mg/m2 day 1 レボホリナートカルシウム水和物注 処方 3 200 mg/m2 day 1 射液 処方 4 フルオロウラシル注射液 400 mg/m2 day 1 処方 5 フルオロウラシル注射液 2,400 mg/m2 day 1，2 病棟カンファレンスに参加する際、この薬物治療に関して病棟担当薬剤師が留意 する情報として、適切なのはどれか。２つ選べ。	"[""処方 1 の薬剤は、 遺伝子が変異型であることを確認した上で使用するこ と。"",""UGT1A1 の酵素活性が低下する遺伝子型を持つ患者では、処方 2 の薬剤による 骨髄抑制の発現率が高まること。"",""処方 3 の薬剤は、処方 4 及び 5 の薬剤の抗腫瘍効果を高めるために使用するこ と。"",""処方 4 及び 5 の薬剤は、生理食塩液との混和を避けること。"",""処方 5 の薬剤は、腕などの末梢静脈から投与すること。""]"	multiChoice	[1,2]	null	normal	false	parsed	"[""none""]"		https://www.mhlw.go.jp/content/001677932.pdf	https://www.mhlw.go.jp/content/001677933.pdf	2026-02-22	MHLW website content under Public Data License 1.0 unless separately indicated; third-party content requires separate review
P111-343	111	343	実践	実務	78 歳女性。卵巣がん Stage Ⅳの腹腔内転移により再発し、化学療法を実施して いたが、症状悪化に伴い緩和医療へ方針変更となった。大腸への浸潤により腹痛が 出現し、緩和ケアチームが介入した。以下の処方で痛みのコントロールは不良で、 経口摂取が徐々に困難となり、経鼻胃管の挿入を計画している。 （処方） オキシコンチン TR 錠 20 mg（注） 1 回 1 錠（ 1 日 2 錠） 1日2回 朝夕食後 10 日分 （注：オキシコドン塩酸塩水和物徐放錠（乱用防止用製剤）） そのため、フェンタニル貼付剤へのオピオイドスイッチングを検討しており、主 治医から病棟担当薬剤師へスイッチングの相談があった。バイタルサインは以下の とおりであった。 （バイタルサイン） 項目 入院 30 日目 血圧（mmHg） 110 / 70 体温（℃） 36.2 脈拍（拍/分） 60 呼吸（回/分） 16 医師からの相談内容について、薬剤師が提供する情報として適切なのはどれか。 １つ選べ。	"[""貼付後、速やかに血中濃度が上昇し、安定した鎮痛効果が得られる。"",""スイッチングのタイミングとして、オキシコドン塩酸塩水和物徐放錠の最終投 与時から貼付を開始する。"",""バイタルサインから、フェンタニル貼付剤の吸収率が増加すると判断できる。"",""レスキュー薬としてフェンタニル舌下錠を用いる。"",""フェンタニル貼付剤は、疼痛部位に貼付するとより効果的である。""]"	singleChoice	1	null	normal	false	parsed	"[""none""]"		https://www.mhlw.go.jp/content/001677932.pdf	https://www.mhlw.go.jp/content/001677933.pdf	2026-02-22	MHLW website content under Public Data License 1.0 unless separately indicated; third-party content requires separate review
P111-344	111	344	実践	実務	45 歳男性。20 歳から毎日飲酒し、40 歳頃から仕事のストレスのため飲酒量が 増えていった。約 1 ケ月前から家庭内トラブルで飲酒量が急激に増加し、数日前か ら全身倦怠感の増悪と幻覚が現れた。その後、精神科を受診したところ、アルコー ル依存症と診断され、そのまま入院となった。入院中は断酒及び生活習慣の改善を 実施し、入院 4 週間後にあたる本日、以下の薬剤が処方され、 1 週間後に飲酒試験 が入院下で実施されることになった。 （処方） ジスルフィラム末 1 回 0.1 g（ 1 日 0.2 g） 1日2回 朝夕食後 7 日分 この患者又は家族に対する説明及び指導内容として、適切なのはどれか。２つ選 べ。	"[""飲酒試験における飲酒量は、入院直前と同量である。"",""入院中は、飲酒試験以外でアルコールを摂取しない。"",""今回の治療は、アルコールによる禁断症状を緩和することを目的にしている。"",""退院後の飲酒は、少量から始める。"",""アルコールを含む化粧品の使用は避ける。""]"	multiChoice	[1,4]	null	normal	false	parsed	"[""none""]"		https://www.mhlw.go.jp/content/001677932.pdf	https://www.mhlw.go.jp/content/001677933.pdf	2026-02-22	MHLW website content under Public Data License 1.0 unless separately indicated; third-party content requires separate review
P111-345	111	345	実践	実務	病 院 に 勤 務 す る 薬 剤 師 が 治 験 コ ー デ ィ ネ ー タ ー（CRC：Clinical Research Coordinator）として治験に参画することになった。この薬剤師が行う業務として、 適切なのはどれか。２つ選べ。	"[""治験実施計画書を作成する。"",""GLP（Good Laboratory Practice）に準拠して安全性に関する試験を実施する。"",""治験審査委員会において、治験実施の可否について判断する。"",""治験責任医師による同意説明の補助を行う。"",""被験者の来院スケジュール管理を行う。""]"	multiChoice	[3,4]	null	normal	false	parsed	"[""none""]"		https://www.mhlw.go.jp/content/001677932.pdf	https://www.mhlw.go.jp/content/001677933.pdf	2026-02-22	MHLW website content under Public Data License 1.0 unless separately indicated; third-party content requires separate review
P110-001	110	1	必須	物理・化学・生物	図はダニエル電池（Zn;ZnSO（aq）CuSO 4 （aq） 4 ;Cu）の模式図である。この電池 の標準起電力として正しいのはどれか。1つ選べ。 ただし、Zn と Cu の半電池の標準電極電位はそれぞれ -₀ . ₇₆₃ V と +₀ . ₃₃₇ V とする。 導線 多孔質壁 Zn Cu 板 板 ZnSO4 溶液 CuSO4 溶液	"[""+₀ . ₂₁₃ V"",""+₀ . ₄₂₆ V"",""+₁ . ₁₀₀ V"",""-₀ . ₄₂₆ V"",""-₁ . ₁₀₀ V""]"	singleChoice	2	null	normal	true	parsed	"[""none""]"		https://www.mhlw.go.jp/content/001455149.pdf	https://www.mhlw.go.jp/content/001458551.pdf	2025-02-23	MHLW website content under Public Data License 1.0 unless separately indicated; third-party content requires separate review
P110-002	110	2	必須	物理・化学・生物	熱力学における「閉じた系」において、熱、物質及び仕事のうち、外界とやりと りができるものだけをすべて挙げたのはどれか。1つ選べ。	"[""熱"",""物質"",""仕事"",""熱、仕事"",""物質、仕事"",""熱、物質""]"	singleChoice	3	null	normal	false	parsed	"[""none""]"		https://www.mhlw.go.jp/content/001455149.pdf	https://www.mhlw.go.jp/content/001458551.pdf	2025-02-23	MHLW website content under Public Data License 1.0 unless separately indicated; third-party content requires separate review
P110-003	110	3	必須	物理・化学・生物	難溶性塩である水酸化鉄（Ⅲ）（Fe（OH） 3）の純水中での溶解度を S mol/L とす ると、その溶解度積（Ksp）を正しく表しているのはどれか。1つ選べ。 1 ₃S （mol/L） 3 3 2 ₄S （mol/L） 3 3 3 ₉S （mol/L） 3 3 4 ₉S （mol/L） 4 4 5 ₂₇S （mol/L） 4 4	[]	singleChoice	4	null	normal	true	no_choice_sequence	"[""none""]"		https://www.mhlw.go.jp/content/001455149.pdf	https://www.mhlw.go.jp/content/001458551.pdf	2025-02-23	MHLW website content under Public Data License 1.0 unless separately indicated; third-party content requires separate review
P110-004	110	4	必須	物理・化学・生物	スピン量子数が ₁/₂ である原子核が外部磁場の中に置かれると、そのエネルギー が ₂ つのエネルギー準位に分かれることを表しているのはどれか。1つ選べ。	"[""化学シフト"",""McLafferty（マクラファティー）転位"",""ラジカル開裂"",""超微細分裂"",""ゼーマン分裂""]"	singleChoice	4	null	normal	false	parsed	"[""none""]"		https://www.mhlw.go.jp/content/001455149.pdf	https://www.mhlw.go.jp/content/001458551.pdf	2025-02-23	MHLW website content under Public Data License 1.0 unless separately indicated; third-party content requires separate review
P110-005	110	5	必須	物理・化学・生物	溶媒中で解離しない薬物Ｘを ₅₀ mmol 含む水溶液 ₁₀₀ mL に酢酸エチルを加えて 振とう、静置したところ、二液相に分相し、酢酸エチル相中のＸは ₄₅ mmol で あった。Ｘの分配係数（酢酸エチル相中の濃度/水相中の濃度）を ₁₈ とすると、酢 酸エチル相の体積はどれか。1つ選べ。 た だ し、 分 配 に 用 い る 溶 媒 は 互 い の 溶 媒 で 飽 和 さ れ て お り、 水 相の 体 積 は ₁₀₀ mL とする。	"[""₅₀ mL"",""₁₀₀ mL"",""₁₅₀ mL"",""₂₀₀ mL"",""₂₅₀ mL""]"	singleChoice	0	null	normal	false	parsed	"[""none""]"		https://www.mhlw.go.jp/content/001455149.pdf	https://www.mhlw.go.jp/content/001458551.pdf	2025-02-23	MHLW website content under Public Data License 1.0 unless separately indicated; third-party content requires separate review
P110-006	110	6	必須	物理・化学・生物	以下のアルドヘキソースＡのアノマーはどれか。1つ選べ。 CH2OH O OH OH HO OH A CH2OH CH2OH CH2OH CH2OH CH2OH HO O OH O OH O OH O HO O OH OH HO OH HO HO HO HO OH OH OH OH OH OH OH 1 2 3 4 5	[]	singleChoice	3	null	normal	true	no_choice_sequence	"[""none""]"		https://www.mhlw.go.jp/content/001455149.pdf	https://www.mhlw.go.jp/content/001458551.pdf	2025-02-23	MHLW website content under Public Data License 1.0 unless separately indicated; third-party content requires separate review
P110-007	110	7	必須	物理・化学・生物	以下の薬物に含まれる金属元素Ｍとして適切なのはどれか。1つ選べ。 H OH N O O M OH N H O NH H2N	"[""Li"",""Mg"",""Al"",""Ca"",""Zn""]"	singleChoice	2	null	normal	false	parsed	"[""none""]"		https://www.mhlw.go.jp/content/001455149.pdf	https://www.mhlw.go.jp/content/001458551.pdf	2025-02-23	MHLW website content under Public Data License 1.0 unless separately indicated; third-party content requires separate review
P110-008	110	8	必須	物理・化学・生物	以下の化合物のうち、最も酸性度が高いのはどれか。1つ選べ。 OH OH OH OH OH NH2 Cl NO2 1 2 3 4 5	[]	singleChoice	4	null	normal	true	no_choice_sequence	"[""none""]"		https://www.mhlw.go.jp/content/001455149.pdf	https://www.mhlw.go.jp/content/001458551.pdf	2025-02-23	MHLW website content under Public Data License 1.0 unless separately indicated; third-party content requires separate review
P110-009	110	9	必須	物理・化学・生物	以下の化学種のうち、ベンジルカチオンが最も安定化されているのはどれか。 1つ選べ。 H ＋ H H ＋ H H ＋ H H ＋ H H ＋ H OCH3 OCH3 OCH3 OCH3 OCH3 OCH3 H3CO OCH3 1 2 3 4 5	[]	singleChoice	3	null	normal	true	no_choice_sequence	"[""none""]"		https://www.mhlw.go.jp/content/001455149.pdf	https://www.mhlw.go.jp/content/001458551.pdf	2025-02-23	MHLW website content under Public Data License 1.0 unless separately indicated; third-party content requires separate review
P110-010	110	10	必須	物理・化学・生物	ビンクリスチンの生合成前駆体となるアミノ酸はどれか。1つ選べ。 HO CH3 N H CH3 N O H H N O CH3 H O O O N H CH3 O CH3 OH CHO O CH3 ビンクリスチン	"[""オルニチン"",""チロシン"",""トリプトファン"",""フェニルアラニン"",""リシン""]"	singleChoice	2	null	normal	false	parsed	"[""none""]"		https://www.mhlw.go.jp/content/001455149.pdf	https://www.mhlw.go.jp/content/001458551.pdf	2025-02-23	MHLW website content under Public Data License 1.0 unless separately indicated; third-party content requires separate review
P110-011	110	11	必須	物理・化学・生物	血管平滑筋細胞を持たず血管内皮細胞と基底膜から構成され、栄養成分や老廃 物の物質交換が行われるのはどれか。1つ選べ。	"[""大動脈"",""細動脈"",""毛細血管"",""大静脈"",""胸管""]"	singleChoice	2	null	normal	false	parsed	"[""none""]"		https://www.mhlw.go.jp/content/001455149.pdf	https://www.mhlw.go.jp/content/001458551.pdf	2025-02-23	MHLW website content under Public Data License 1.0 unless separately indicated; third-party content requires separate review
P110-012	110	12	必須	物理・化学・生物	核酸に含まれるプリン塩基のヒトにおける最終代謝産物はどれか。1つ選べ。 1 O 2 O 3 NH2 N N N HN HN N N N H2N N N N N H H H 4 O 5 O H N N HN HN O O N N O N N H H H H	[]	singleChoice	4	null	normal	true	no_choice_sequence	"[""none""]"		https://www.mhlw.go.jp/content/001455149.pdf	https://www.mhlw.go.jp/content/001458551.pdf	2025-02-23	MHLW website content under Public Data License 1.0 unless separately indicated; third-party content requires separate review
P110-013	110	13	必須	物理・化学・生物	真核生物において、転写開始の際に RNA ポリメラーゼⅡの結合に必要な DNA 上の領域はどれか。1つ選べ。	"[""イントロン"",""エクソン"",""プロモーター"",""テロメア"",""ターミネーター""]"	singleChoice	2	null	normal	false	parsed	"[""none""]"		https://www.mhlw.go.jp/content/001455149.pdf	https://www.mhlw.go.jp/content/001458551.pdf	2025-02-23	MHLW website content under Public Data License 1.0 unless separately indicated; third-party content requires separate review
P110-014	110	14	必須	物理・化学・生物	オステオカルシンとカルシウムイオンが結合できるようにする、グルタミン酸 残基に対する翻訳後修飾はどれか。1つ選べ。	"[""アセチル化"",""メチル化"",""ミリストイル化"",""リン酸化"",""カルボキシ化""]"	singleChoice	4	null	normal	false	parsed	"[""none""]"		https://www.mhlw.go.jp/content/001455149.pdf	https://www.mhlw.go.jp/content/001458551.pdf	2025-02-23	MHLW website content under Public Data License 1.0 unless separately indicated; third-party content requires separate review
P110-015	110	15	必須	物理・化学・生物	ウイルスゲノムを中心としてその周囲を取り囲むタンパク質の壳はどれか。 1つ選べ。	"[""エンベロープ"",""カプシド"",""コア"",""スパイク"",""ビリオン 必須問題 【衛生】""]"	singleChoice	1	null	normal	false	parsed	"[""none""]"		https://www.mhlw.go.jp/content/001455149.pdf	https://www.mhlw.go.jp/content/001458551.pdf	2025-02-23	MHLW website content under Public Data License 1.0 unless separately indicated; third-party content requires separate review
P110-016	110	16	必須	衛生	下図の年次推移を示す我が国の人口統計指標はどれか。1つ選べ。 ₁₅ （人口千対） ₁₀ ₅ ₀ ₁₉₅₀ ₁₉₅₅ ₁₉₆₀ ₁₉₆₅ ₁₉₇₀ ₁₉₇₅ ₁₉₈₀ ₁₉₈₅ ₁₉₉₀ ₁₉₉₅ ₂₀₀₀ ₂₀₀₅ ₂₀₁₀ ₂₀₁₅ ₂₀₂₀ （年） （厚生労働省「人口動態統計」を基に作成）	"[""出生率"",""合計特殊出生率"",""総再生産率"",""粗死亡率"",""年齢調整死亡率""]"	singleChoice	3	null	normal	true	parsed	"[""none""]"		https://www.mhlw.go.jp/content/001455149.pdf	https://www.mhlw.go.jp/content/001458551.pdf	2025-02-23	MHLW website content under Public Data License 1.0 unless separately indicated; third-party content requires separate review
P110-017	110	17	必須	衛生	再興感染症はどれか。1つ選べ。	"[""結核"",""クリプトスポリジウム症"",""重症急性呼吸器症候群（SARS）"",""レジオネラ症"",""ロタウイルス感染症""]"	singleChoice	0	null	normal	false	parsed	"[""none""]"		https://www.mhlw.go.jp/content/001455149.pdf	https://www.mhlw.go.jp/content/001458551.pdf	2025-02-23	MHLW website content under Public Data License 1.0 unless separately indicated; third-party content requires separate review
P110-018	110	18	必須	衛生	有害物質の経皮曝露を防ぐために化学防護手袋を使用することは、労働衛生の ₅ 管理のうち、どれに該当するか。1つ選べ。	"[""総括管理"",""健康管理"",""作業管理"",""労働衛生教育"",""作業環境管理""]"	singleChoice	2	null	normal	false	parsed	"[""none""]"		https://www.mhlw.go.jp/content/001455149.pdf	https://www.mhlw.go.jp/content/001458551.pdf	2025-02-23	MHLW website content under Public Data License 1.0 unless separately indicated; third-party content requires separate review
P110-019	110	19	必須	衛生	以下の構造式で示す腐敗アミンの前駆体となるアミノ酸はどれか。1つ選べ。 HN N NH2	"[""リシン"",""チロシン"",""ヒスチジン"",""アルギニン"",""トリプトファン""]"	singleChoice	2	null	normal	true	parsed	"[""none""]"		https://www.mhlw.go.jp/content/001455149.pdf	https://www.mhlw.go.jp/content/001458551.pdf	2025-02-23	MHLW website content under Public Data License 1.0 unless separately indicated; third-party content requires separate review
P110-020	110	20	必須	衛生	コウジカビ Aspergillus flavus が産生する主要な肝発がん物質はどれか。1つ選べ。	"[""シトリニン"",""パツリン"",""アフラトキシン B 1"",""フモニシン B 1"",""デオキシニバレノール""]"	singleChoice	2	null	normal	false	parsed	"[""none""]"		https://www.mhlw.go.jp/content/001455149.pdf	https://www.mhlw.go.jp/content/001458551.pdf	2025-02-23	MHLW website content under Public Data License 1.0 unless separately indicated; third-party content requires separate review
P110-021	110	21	必須	衛生	主に非意図的に生成することから化審法 で規制されていないのはどれか。 （注） 1つ選べ。 （注）化審法：化学物質の審査及び製造等の規制に関する法律	"[""ポリ塩化ジベンゾ︲p︲ジオキシン"",""ポリ塩化ビフェニル"",""ペルフルオロ（オクタン︲₁︲スルホン酸）"",""ヘキサブロモビフェニル"",""ビス（トリブチルスズ）= オキシド""]"	singleChoice	0	null	normal	false	parsed	"[""none""]"		https://www.mhlw.go.jp/content/001455149.pdf	https://www.mhlw.go.jp/content/001458551.pdf	2025-02-23	MHLW website content under Public Data License 1.0 unless separately indicated; third-party content requires separate review
P110-022	110	22	必須	衛生	非電離放射線のうち、眼の水晶体タンパク質の変性によってガラス工白内障を 引き起こすのはどれか。1つ選べ。	"[""UVA"",""UVB"",""UVC"",""赤外線"",""可視光線""]"	singleChoice	3	null	normal	false	parsed	"[""none""]"		https://www.mhlw.go.jp/content/001455149.pdf	https://www.mhlw.go.jp/content/001458551.pdf	2025-02-23	MHLW website content under Public Data License 1.0 unless separately indicated; third-party content requires separate review
P110-023	110	23	必須	衛生	水道水質基準の基準項目に定められている大腸菌を特異的に検出するための基 質はどれか。1つ選べ。 1 2 Br 3 Cl NH CH2OH CH2OH CH2OH O O O CN HO O HO O O OH NO2 OH OH HO OH OH OH 4 CH3 5 － O CO2H CH2OH N O O O O N ＋ CH3 O O OH OH HO HO OH OH	[]	singleChoice	3	null	normal	true	no_choice_sequence	"[""none""]"		https://www.mhlw.go.jp/content/001455149.pdf	https://www.mhlw.go.jp/content/001458551.pdf	2025-02-23	MHLW website content under Public Data License 1.0 unless separately indicated; third-party content requires separate review
P110-024	110	24	必須	衛生	湖沼で藍藻類や放線菌が産生するカビ臭の原因物質はどれか。1つ選べ。	"[""クロラミン"",""ジェオスミン"",""トリハロメタン"",""クロロフェノール"",""ミクロシスチン""]"	singleChoice	1	null	normal	false	parsed	"[""none""]"		https://www.mhlw.go.jp/content/001455149.pdf	https://www.mhlw.go.jp/content/001458551.pdf	2025-02-23	MHLW website content under Public Data License 1.0 unless separately indicated; third-party content requires separate review
P110-025	110	25	必須	衛生	逆転層は大気汚染物質の滞留を引き起こす。盆地や谷間などの低地に冷たい空 気が流入して発生するのはどれか。1つ選べ。	"[""沈降性逆転層"",""地形性逆転層"",""放射性逆転層"",""移流性逆転層"",""前線性逆転層 必須問題 【薬理】""]"	singleChoice	1	null	normal	false	parsed	"[""none""]"		https://www.mhlw.go.jp/content/001455149.pdf	https://www.mhlw.go.jp/content/001458551.pdf	2025-02-23	MHLW website content under Public Data License 1.0 unless separately indicated; third-party content requires separate review
P110-026	110	26	必須	薬理	モルモット摘出回腸標本の収縮反応について、アセチルコリン単独による濃度︲ 反応曲線（破線）と、薬物Ｘ存在下でのアセチルコリンによる濃度︲反応曲線（実 線）を作成したところ、下図のようになった。薬物Ｘはどれか。1つ選べ。 ただし、アセチルコリン単独により生じる最大収縮を ₁₀₀％とした。また、薬物 Ｘの単独では収縮反応が生じなかった。 ₁₀₀ 反応率︵％︶ ₅₀ ₀ アセチルコリン（対数濃度）	"[""ヒスタミン"",""アトロピン"",""ピリドスチグミン"",""パパベリン"",""ベタネコール""]"	singleChoice	3	null	normal	true	parsed	"[""none""]"		https://www.mhlw.go.jp/content/001455149.pdf	https://www.mhlw.go.jp/content/001458551.pdf	2025-02-23	MHLW website content under Public Data License 1.0 unless separately indicated; third-party content requires separate review
P110-027	110	27	必須	薬理	フェニレフリンの昇圧作用の機序はどれか。1つ選べ。	"[""アドレナリン a1 受容体刺激"",""アドレナリン a2 受容体遮断"",""アドレナリン b1 受容体刺激"",""カテコール︲O ︲メチルトランスフェラーゼ阻害"",""ノルアドレナリン再取り込み阻害""]"	singleChoice	0	null	normal	false	parsed	"[""none""]"		https://www.mhlw.go.jp/content/001455149.pdf	https://www.mhlw.go.jp/content/001458551.pdf	2025-02-23	MHLW website content under Public Data License 1.0 unless separately indicated; third-party content requires separate review
P110-028	110	28	必須	薬理	ピロカルピンが毛様体筋を収縮させる機序はどれか。1つ選べ。	"[""アドレナリン a1 受容体遮断"",""アドレナリン a2 受容体刺激"",""アドレナリン b2 受容体遮断"",""アセチルコリン M2 受容体遮断"",""アセチルコリン M3 受容体刺激""]"	singleChoice	4	null	normal	false	parsed	"[""none""]"		https://www.mhlw.go.jp/content/001455149.pdf	https://www.mhlw.go.jp/content/001458551.pdf	2025-02-23	MHLW website content under Public Data License 1.0 unless separately indicated; third-party content requires separate review
P110-029	110	29	必須	薬理	ロクロニウムの筋弛緩作用に関わる作用点はどれか。1つ選べ。	"[""アセチルコリン NM 受容体"",""電位依存性 Na チャネル +"",""リアノジン受容体"",""コリンアセチルトランスフェラーゼ"",""コリンエステラーゼ""]"	singleChoice	0	null	normal	false	parsed	"[""none""]"		https://www.mhlw.go.jp/content/001455149.pdf	https://www.mhlw.go.jp/content/001458551.pdf	2025-02-23	MHLW website content under Public Data License 1.0 unless separately indicated; third-party content requires separate review
P110-030	110	30	必須	薬理	オレキシン受容体を選択的に遮断することで、睡眠を誘導するのはどれか。 1つ選べ。	"[""ヒドロキシジン"",""リルマザホン"",""レンボレキサント"",""ゾピクロン"",""ペントバルビタール""]"	singleChoice	2	null	normal	false	parsed	"[""none""]"		https://www.mhlw.go.jp/content/001455149.pdf	https://www.mhlw.go.jp/content/001458551.pdf	2025-02-23	MHLW website content under Public Data License 1.0 unless separately indicated; third-party content requires separate review
P110-031	110	31	必須	薬理	タンドスピロンの抗不安作用に関わる作用点はどれか。1つ選べ。	"[""ドパミン D2 受容体"",""c︲アミノ酪酸 GABAA 受容体"",""ニコチン性アセチルコリン受容体"",""セロトニン ₅︲HT1A 受容体"",""ヒスタミン H1 受容体""]"	singleChoice	3	null	normal	false	parsed	"[""none""]"		https://www.mhlw.go.jp/content/001455149.pdf	https://www.mhlw.go.jp/content/001458551.pdf	2025-02-23	MHLW website content under Public Data License 1.0 unless separately indicated; third-party content requires separate review
P110-032	110	32	必須	薬理	グルタミン酸 NMDA 受容体を遮断するアルツハイマー型認知症治療薬はどれ か。1つ選べ。	"[""リバスチグミン"",""ドネペジル"",""エダラボン"",""メマンチン"",""ガランタミン""]"	singleChoice	3	null	normal	false	parsed	"[""none""]"		https://www.mhlw.go.jp/content/001455149.pdf	https://www.mhlw.go.jp/content/001458551.pdf	2025-02-23	MHLW website content under Public Data License 1.0 unless separately indicated; third-party content requires separate review
P110-033	110	33	必須	薬理	尋常性乾癬の治療に用いられるセクキヌマブの標的分子はどれか。1つ選べ。	"[""ホスホジエステラーゼⅣ（PDE Ⅳ）"",""チロシンキナーゼ ₂ （Tyk₂）"",""ビタミン D 受容体"",""IL︲₁₂ 及び IL︲₂₃"",""IL︲₁₇A""]"	singleChoice	4	null	normal	false	parsed	"[""none""]"		https://www.mhlw.go.jp/content/001455149.pdf	https://www.mhlw.go.jp/content/001458551.pdf	2025-02-23	MHLW website content under Public Data License 1.0 unless separately indicated; third-party content requires separate review
P110-034	110	34	必須	薬理	細胞内サイクリック GMP（cGMP）濃度上昇作用及び K チャネル開口作用を + 併せ持つ狭心症治療薬はどれか。1つ選べ。	"[""ニコランジル"",""ベラパミル"",""ジルチアゼム"",""硝酸イソソルビド"",""アテノロール""]"	singleChoice	0	null	normal	false	parsed	"[""none""]"		https://www.mhlw.go.jp/content/001455149.pdf	https://www.mhlw.go.jp/content/001458551.pdf	2025-02-23	MHLW website content under Public Data License 1.0 unless separately indicated; third-party content requires separate review
P110-035	110	35	必須	薬理	アンチトロンビン非依存的に血液凝固第 Xa 因子の活性を直接阻害する抗凝固 薬はどれか。1つ選べ。	"[""エノキサパリン"",""フォンダパリヌクス"",""ダビガトランエテキシラート"",""ワルファリン"",""エドキサバン""]"	singleChoice	4	null	normal	false	parsed	"[""none""]"		https://www.mhlw.go.jp/content/001455149.pdf	https://www.mhlw.go.jp/content/001458551.pdf	2025-02-23	MHLW website content under Public Data License 1.0 unless separately indicated; third-party content requires separate review
P110-036	110	36	必須	薬理	タキキニン NK1 受容体を遮断して、抗悪性腫瘍薬による遅発性嘔吐を抑制する のはどれか。1つ選べ。	"[""オンダンセトロン"",""ドンペリドン"",""アプレピタント"",""ジメンヒドリナート"",""メトクロプラミド""]"	singleChoice	2	null	normal	false	parsed	"[""none""]"		https://www.mhlw.go.jp/content/001455149.pdf	https://www.mhlw.go.jp/content/001458551.pdf	2025-02-23	MHLW website content under Public Data License 1.0 unless separately indicated; third-party content requires separate review
P110-037	110	37	必須	薬理	高尿酸血症治療薬トピロキソスタットが阻害するのはどれか。1つ選べ。	"[""シクロオキシゲナーゼ"",""キサンチンオキシダーゼ"",""尿酸オキシダーゼ"",""尿酸トランスポーター"",""有機アニオントランスポーター""]"	singleChoice	1	null	normal	false	parsed	"[""none""]"		https://www.mhlw.go.jp/content/001455149.pdf	https://www.mhlw.go.jp/content/001458551.pdf	2025-02-23	MHLW website content under Public Data License 1.0 unless separately indicated; third-party content requires separate review
P110-038	110	38	必須	薬理	プロゲステロン受容体を刺激して、子宮内膜細胞の増殖を抑制するのはどれ か。1つ選べ。	"[""リュープロレリン"",""タモキシフェン"",""ジエノゲスト"",""エンザルタミド"",""デュタステリド""]"	singleChoice	2	null	normal	false	parsed	"[""none""]"		https://www.mhlw.go.jp/content/001455149.pdf	https://www.mhlw.go.jp/content/001458551.pdf	2025-02-23	MHLW website content under Public Data License 1.0 unless separately indicated; third-party content requires separate review
P110-039	110	39	必須	薬理	ペプチドグリカン前駆体のペンタペプチド末端の D︲アラニル︲D︲アラニンと結 合して、細菌の細胞壁合成を阻害するのはどれか。1つ選べ。	"[""アミカシン"",""セファゾリン"",""バンコマイシン"",""メロペネム"",""ミカファンギン""]"	singleChoice	2	null	normal	false	parsed	"[""none""]"		https://www.mhlw.go.jp/content/001455149.pdf	https://www.mhlw.go.jp/content/001458551.pdf	2025-02-23	MHLW website content under Public Data License 1.0 unless separately indicated; third-party content requires separate review
P110-040	110	40	必須	薬理	HER₂（ヒト上皮増殖因子受容体 ₂ 型）と結合することにより、乳がん細胞の増 殖を抑制するのはどれか。1つ選べ。	"[""エキセメスタン"",""トラスツズマブ"",""ベバシズマブ"",""ダウノルビシン"",""ブスルファン 必須問題 【薬剤】""]"	singleChoice	1	null	normal	false	parsed	"[""none""]"		https://www.mhlw.go.jp/content/001455149.pdf	https://www.mhlw.go.jp/content/001458551.pdf	2025-02-23	MHLW website content under Public Data License 1.0 unless separately indicated; third-party content requires separate review
P110-041	110	41	必須	薬剤	下図のように、細胞膜の形態変化を伴って高分子医薬品を細胞内へ取り込む輸 送機構はどれか。1つ選べ。 高分子医薬品 細胞外 細胞膜 細胞内	"[""単純拡散"",""促進拡散"",""一次性能動輸送"",""二次性能動輸送"",""膜動輸送""]"	singleChoice	4	null	normal	true	parsed	"[""none""]"		https://www.mhlw.go.jp/content/001455149.pdf	https://www.mhlw.go.jp/content/001458551.pdf	2025-02-23	MHLW website content under Public Data License 1.0 unless separately indicated; third-party content requires separate review
P110-042	110	42	必須	薬剤	経口投与された薬物が吸収される経路として、正しいのはどれか。1つ選べ。	"[""小腸 → リンパ管 → 大腸 → 全身循環系"",""小腸 → リンパ管 → 肝臓 → 全身循環系"",""小腸 → 門脈 → 大腸 → 全身循環系"",""小腸 → 門脈 → 肝臓 → 全身循環系"",""小腸 → 胆管 → 大腸 → 全身循環系"",""小腸 → 胆管 → 肝臓 → 全身循環系""]"	singleChoice	3	null	normal	false	parsed	"[""none""]"		https://www.mhlw.go.jp/content/001455149.pdf	https://www.mhlw.go.jp/content/001458551.pdf	2025-02-23	MHLW website content under Public Data License 1.0 unless separately indicated; third-party content requires separate review
P110-043	110	43	必須	薬剤	炎症性疾患時に増加し、プロプラノロールが最も強く結合する血漿タンパク質 はどれか。1つ選べ。	"[""アルブミン"",""a︲グロブリン"",""フィブリノーゲン"",""C 反応性タンパク質"",""a1︲酸性糖タンパク質""]"	singleChoice	4	null	normal	false	parsed	"[""none""]"		https://www.mhlw.go.jp/content/001455149.pdf	https://www.mhlw.go.jp/content/001458551.pdf	2025-02-23	MHLW website content under Public Data License 1.0 unless separately indicated; third-party content requires separate review
P110-044	110	44	必須	薬剤	薬物代謝における第Ⅱ相反応に関与するのはどれか。1つ選べ。	"[""シトクロム P₄₅₀"",""UDP︲グルクロン酸転移酵素"",""フラビン含有モノオキシゲナーゼ"",""アルコール脱水素酵素"",""モノアミン酸化酵素""]"	singleChoice	1	null	normal	false	parsed	"[""none""]"		https://www.mhlw.go.jp/content/001455149.pdf	https://www.mhlw.go.jp/content/001458551.pdf	2025-02-23	MHLW website content under Public Data License 1.0 unless separately indicated; third-party content requires separate review
P110-045	110	45	必須	薬剤	下図は腎臓のネフロンを模式的に示したものである。図中の 1 ～ 5 のうち、有 機アニオントランスポーター（OAT₁、OAT₃）を介した薬物の輸送を表すのはど れか。1つ選べ。 ただし、図中の矢印の向きは薬物が移行する方向を示す。 血液 糸球体 近位尿細管 ヘンレ係蹄 遠位尿細管 5 排泄	[]	singleChoice	2	null	normal	true	no_choice_sequence	"[""none""]"		https://www.mhlw.go.jp/content/001455149.pdf	https://www.mhlw.go.jp/content/001458551.pdf	2025-02-23	MHLW website content under Public Data License 1.0 unless separately indicated; third-party content requires separate review
P110-046	110	46	必須	薬剤	体内動態が線形 ₁︲コンパートメントモデルに従う薬物を経口投与した場合、最 高血中濃度到達時間が短縮する要因はどれか。1つ選べ。	"[""投与量の減少"",""吸収率の上昇"",""分布容積の増大"",""吸収速度定数の上昇"",""消失速度定数の低下""]"	singleChoice	3	null	normal	false	parsed	"[""none""]"		https://www.mhlw.go.jp/content/001455149.pdf	https://www.mhlw.go.jp/content/001458551.pdf	2025-02-23	MHLW website content under Public Data License 1.0 unless separately indicated; third-party content requires separate review
P110-047	110	47	必須	薬剤	体内動態が線形 ₁︲コンパートメントモデルに従い、消失半減期が ₂ 時間である 薬物を静脈内定速注入する。投与開始後、薬物の血中濃度が定常状態の血中濃度の ₇₅％に到達する時間（h）はどれか。1つ選べ。	"[""₁"",""₂"",""₃"",""₄"",""₅""]"	singleChoice	3	null	normal	false	parsed	"[""none""]"		https://www.mhlw.go.jp/content/001455149.pdf	https://www.mhlw.go.jp/content/001458551.pdf	2025-02-23	MHLW website content under Public Data License 1.0 unless separately indicated; third-party content requires separate review
P110-048	110	48	必須	薬剤	ある薬物の肝固有クリアランス（CL int）が肝血流量（Q h）と比較して十分に小 さい場合、その薬物の肝クリアランスはどのように近似できるか。1つ選べ。 ただし、fu は血漿タンパク非結合形分率とする。	"[""Qh"",""CL int"",""fu・Q h"",""fu・CL int"",""CL int/fu""]"	singleChoice	3	null	normal	false	parsed	"[""none""]"		https://www.mhlw.go.jp/content/001455149.pdf	https://www.mhlw.go.jp/content/001458551.pdf	2025-02-23	MHLW website content under Public Data License 1.0 unless separately indicated; third-party content requires separate review
P110-049	110	49	必須	薬剤	陽イオン性界面活性剤はどれか。1つ選べ。	"[""ステアリン酸ナトリウム"",""ポリソルベート ₈₀"",""ラウリル硫酸ナトリウム"",""レシチン"",""ベンゼトニウム塩化物""]"	singleChoice	4	null	normal	false	parsed	"[""none""]"		https://www.mhlw.go.jp/content/001455149.pdf	https://www.mhlw.go.jp/content/001458551.pdf	2025-02-23	MHLW website content under Public Data License 1.0 unless separately indicated; third-party content requires separate review
P110-050	110	50	必須	薬剤	造粒に用いる機器のうち、混合、造粒、乾燥の工程を同一装置内で行うことが できるのはどれか。1つ選べ。	"[""流動層造粒機"",""転動造粒機"",""押出し造粒機"",""噴霧乾燥造粒機"",""破砕造粒機""]"	singleChoice	0	null	normal	false	parsed	"[""none""]"		https://www.mhlw.go.jp/content/001455149.pdf	https://www.mhlw.go.jp/content/001458551.pdf	2025-02-23	MHLW website content under Public Data License 1.0 unless separately indicated; third-party content requires separate review
P110-051	110	51	必須	薬剤	構造粘性を有する製剤でみられる、下図のレオグラムを示す現象はどれか。 1つ選べ。 せん断速度 D 下降曲線 上昇曲線 せん断応力 S	"[""クリープ"",""チキソトロピー"",""応力緩和"",""ダイラタンシー"",""コアセルベーション""]"	singleChoice	1	null	normal	true	parsed	"[""none""]"		https://www.mhlw.go.jp/content/001455149.pdf	https://www.mhlw.go.jp/content/001458551.pdf	2025-02-23	MHLW website content under Public Data License 1.0 unless separately indicated; third-party content requires separate review
P110-052	110	52	必須	薬剤	透析用剤に適用される日本薬局方一般試験法はどれか。1つ選べ。	"[""アルコール数測定法"",""エンドトキシン試験法"",""重金属試験法"",""制酸力試験法"",""溶出試験法""]"	singleChoice	1	null	normal	false	parsed	"[""none""]"		https://www.mhlw.go.jp/content/001455149.pdf	https://www.mhlw.go.jp/content/001458551.pdf	2025-02-23	MHLW website content under Public Data License 1.0 unless separately indicated; third-party content requires separate review
P110-053	110	53	必須	薬剤	下の模式図で示される経口徐放カプセル剤の型はどれか。1つ選べ。 速放性顆粒 徐放性顆粒 ₁ 徐放性顆粒 ₂ 徐放性顆粒 ₃	"[""スパンスル型"",""ロンタブ型"",""グラデュメット型"",""スパスタブ型"",""レジネート型""]"	singleChoice	0	null	normal	true	parsed	"[""none""]"		https://www.mhlw.go.jp/content/001455149.pdf	https://www.mhlw.go.jp/content/001458551.pdf	2025-02-23	MHLW website content under Public Data License 1.0 unless separately indicated; third-party content requires separate review
P110-054	110	54	必須	薬剤	薬物の直腸からの吸収改善を図るために用いられている吸収促進剤はどれか。 1つ選べ。	"[""アルギン酸ナトリウム"",""安息香酸ナトリウム"",""カプリン酸ナトリウム"",""チオグリコール酸"",""プロカイン塩酸塩""]"	singleChoice	2	null	normal	false	parsed	"[""none""]"		https://www.mhlw.go.jp/content/001455149.pdf	https://www.mhlw.go.jp/content/001458551.pdf	2025-02-23	MHLW website content under Public Data License 1.0 unless separately indicated; third-party content requires separate review
P110-055	110	55	必須	薬剤	レクチンによる認識機構を介した能動的ターゲティングのための修飾基として 用いられるのはどれか。1つ選べ。	"[""糖鎖"",""ポリペプチド"",""長鎖不飽和脂肪酸"",""オリゴヌクレオチド"",""ポリエチレングリコール 必須問題 【病態・薬物治療】""]"	singleChoice	0	null	normal	false	parsed	"[""none""]"		https://www.mhlw.go.jp/content/001455149.pdf	https://www.mhlw.go.jp/content/001458551.pdf	2025-02-23	MHLW website content under Public Data License 1.0 unless separately indicated; third-party content requires separate review
P110-056	110	56	必須	病態・薬物治療	心筋細胞の壊死を直接起こすことにより、心不全を誘発するのはどれか。1つ 選べ。	"[""アミオダロン"",""ドキソルビシン"",""エナラプリル"",""ビソプロロール"",""ピオグリタゾン""]"	singleChoice	1	null	normal	false	parsed	"[""none""]"		https://www.mhlw.go.jp/content/001455149.pdf	https://www.mhlw.go.jp/content/001458551.pdf	2025-02-23	MHLW website content under Public Data License 1.0 unless separately indicated; third-party content requires separate review
P110-057	110	57	必須	病態・薬物治療	デキストラン硫酸固定化セルロースを用いた吸着器によるアフェレシス 施行 （注） 中の患者への投与禁忌薬はどれか。1つ選べ。 （注）アフェレシス：生体内のさまざまな血液関連因子を分離・除去して治療する 広範囲な医療技術の総称	"[""ニフェジピン"",""エナラプリルマレイン酸塩"",""イルベサルタン"",""エサキセレノン"",""ドキサゾシンメシル酸塩""]"	singleChoice	1	null	normal	false	parsed	"[""none""]"		https://www.mhlw.go.jp/content/001455149.pdf	https://www.mhlw.go.jp/content/001458551.pdf	2025-02-23	MHLW website content under Public Data License 1.0 unless separately indicated; third-party content requires separate review
P110-058	110	58	必須	病態・薬物治療	心房と心室を直接連絡する副伝導路により、心室の早期興奮が生じるのはどれ か。1つ選べ。	"[""Adams-Stokes（アダムス・ストークス）症候群"",""Brugada（ブルガダ）症候群"",""QT 延長症候群"",""WPW（Wolff-Parkinson-White）症候群"",""洞不全症候群""]"	singleChoice	3	null	normal	false	parsed	"[""none""]"		https://www.mhlw.go.jp/content/001455149.pdf	https://www.mhlw.go.jp/content/001458551.pdf	2025-02-23	MHLW website content under Public Data License 1.0 unless separately indicated; third-party content requires separate review
P110-059	110	59	必須	病態・薬物治療	急性心筋梗塞の初期治療に用いられるのはどれか。1つ選べ。	"[""アスピリン"",""イソプレナリン塩酸塩"",""ダビガトランエテキシラートメタンスルホン酸塩"",""プレドニゾロン"",""プロプラノロール塩酸塩""]"	singleChoice	0	null	normal	false	parsed	"[""none""]"		https://www.mhlw.go.jp/content/001455149.pdf	https://www.mhlw.go.jp/content/001458551.pdf	2025-02-23	MHLW website content under Public Data License 1.0 unless separately indicated; third-party content requires separate review
P110-060	110	60	必須	病態・薬物治療	重症筋無力症で認められる症状はどれか。1つ選べ。	"[""突発性発熱"",""前向性健忘"",""聴覚障害"",""振戦"",""構音障害""]"	singleChoice	4	null	normal	false	parsed	"[""none""]"		https://www.mhlw.go.jp/content/001455149.pdf	https://www.mhlw.go.jp/content/001458551.pdf	2025-02-23	MHLW website content under Public Data License 1.0 unless separately indicated; third-party content requires separate review
P110-061	110	61	必須	病態・薬物治療	喀血を生じる疾患はどれか。1つ選べ。	"[""気管支拡張症"",""出血性腸炎"",""くも膜下出血"",""胃潰瘍"",""胃食道逆流症""]"	singleChoice	0	null	normal	false	parsed	"[""none""]"		https://www.mhlw.go.jp/content/001455149.pdf	https://www.mhlw.go.jp/content/001458551.pdf	2025-02-23	MHLW website content under Public Data License 1.0 unless separately indicated; third-party content requires separate review
P110-062	110	62	必須	病態・薬物治療	痛風発作治療薬として最も適切なのはどれか。1つ選べ。	"[""アロプリノール"",""ダパグリフロジン"",""ナプロキセン"",""ラスブリカーゼ"",""クエン酸カリウム・クエン酸ナトリウム""]"	singleChoice	2	null	normal	false	parsed	"[""none""]"		https://www.mhlw.go.jp/content/001455149.pdf	https://www.mhlw.go.jp/content/001458551.pdf	2025-02-23	MHLW website content under Public Data License 1.0 unless separately indicated; third-party content requires separate review
P110-063	110	63	必須	病態・薬物治療	慢性甲状腺炎の検査所見で陽性になるのはどれか。1つ選べ。	"[""抗ペルオキシダーゼ抗体"",""抗甲状腺刺激ホルモン（TSH）受容体抗体"",""抗グルタミン酸脱炭酸酵素（GAD）抗体"",""抗アセチルコリン受容体抗体"",""抗環状シトルリン化ペプチド（CCP）抗体""]"	singleChoice	0	null	normal	false	parsed	"[""none""]"		https://www.mhlw.go.jp/content/001455149.pdf	https://www.mhlw.go.jp/content/001458551.pdf	2025-02-23	MHLW website content under Public Data License 1.0 unless separately indicated; third-party content requires separate review
P110-064	110	64	必須	病態・薬物治療	シクロスポリン点眼液が使用される眼疾患はどれか。1つ選べ。	"[""白内障"",""春季カタル"",""感染性角膜炎"",""加齢黄斑変性"",""緑内障""]"	singleChoice	1	null	normal	false	parsed	"[""none""]"		https://www.mhlw.go.jp/content/001455149.pdf	https://www.mhlw.go.jp/content/001458551.pdf	2025-02-23	MHLW website content under Public Data License 1.0 unless separately indicated; third-party content requires separate review
P110-065	110	65	必須	病態・薬物治療	空気感染が主な伝播経路となるウイルス感染症はどれか。1つ選べ。	"[""麻しん"",""風しん"",""HIV 感染症"",""流行性耳下腺炎（ムンプス）"",""インフルエンザ""]"	singleChoice	0	null	normal	false	parsed	"[""none""]"		https://www.mhlw.go.jp/content/001455149.pdf	https://www.mhlw.go.jp/content/001458551.pdf	2025-02-23	MHLW website content under Public Data License 1.0 unless separately indicated; third-party content requires separate review
P110-066	110	66	必須	病態・薬物治療	播種性血管内凝固症候群（DIC）で認められる検査所見はどれか。1つ選べ。	"[""アンチトロンビンの減少"",""フィブリノゲン・フィブリン分解産物（FDP）の減少"",""血小板数の増加"",""プラスミノゲンの増加"",""プロトロンビン時間（PT）の短縮""]"	singleChoice	0	null	normal	false	parsed	"[""none""]"		https://www.mhlw.go.jp/content/001455149.pdf	https://www.mhlw.go.jp/content/001458551.pdf	2025-02-23	MHLW website content under Public Data License 1.0 unless separately indicated; third-party content requires separate review
P110-067	110	67	必須	病態・薬物治療	特発性肺線維症の治療に用いられるのはどれか。1つ選べ。	"[""アベマシクリブ"",""インターフェロン アルファ"",""ゲフィチニブ"",""ピルフェニドン"",""ブレオマイシン""]"	singleChoice	3	null	normal	false	parsed	"[""none""]"		https://www.mhlw.go.jp/content/001455149.pdf	https://www.mhlw.go.jp/content/001458551.pdf	2025-02-23	MHLW website content under Public Data License 1.0 unless separately indicated; third-party content requires separate review
P110-068	110	68	必須	病態・薬物治療	胆石症の疝痛発作時に、疼痛緩和のために使用される薬物として最も適切なの はどれか。1つ選べ。	"[""ウルソデオキシコール酸"",""エストラジオール"",""ブチルスコポラミン臭化物"",""ベザフィブラート"",""モルヒネ塩酸塩""]"	singleChoice	2	null	normal	false	parsed	"[""none""]"		https://www.mhlw.go.jp/content/001455149.pdf	https://www.mhlw.go.jp/content/001458551.pdf	2025-02-23	MHLW website content under Public Data License 1.0 unless separately indicated; third-party content requires separate review
P110-069	110	69	必須	病態・薬物治療	以下の医薬品情報源のうち、一次資料はどれか。1つ選べ。	"[""ガイドライン"",""索引誌"",""医薬品インタビューフォーム"",""原著論文"",""医薬品添付文書""]"	singleChoice	3	null	normal	false	parsed	"[""none""]"		https://www.mhlw.go.jp/content/001455149.pdf	https://www.mhlw.go.jp/content/001458551.pdf	2025-02-23	MHLW website content under Public Data License 1.0 unless separately indicated; third-party content requires separate review
P110-070	110	70	必須	病態・薬物治療	レジオネラ肺炎に対して最も有効性が期待できる抗菌薬はどれか。1つ選べ。	"[""シプロフロキサシン"",""タゾバクタム・ピペラシリン"",""メロペネム"",""アミカシン"",""バンコマイシン 必須問題 【法規・制度・倫理】""]"	singleChoice	0	null	normal	false	parsed	"[""none""]"		https://www.mhlw.go.jp/content/001455149.pdf	https://www.mhlw.go.jp/content/001458551.pdf	2025-02-23	MHLW website content under Public Data License 1.0 unless separately indicated; third-party content requires separate review
P110-071	110	71	必須	法規・制度・倫理	薬剤師が ₂ 年ごとに厚生労働大臣に届け出なければならない事項はどれか。 1つ選べ。	"[""個人番号（マイナンバー）"",""住所"",""認定薬剤師の資格"",""薬剤師国家試験合格の年"",""再教育研修の受講の有無""]"	singleChoice	1	null	normal	false	parsed	"[""none""]"		https://www.mhlw.go.jp/content/001455149.pdf	https://www.mhlw.go.jp/content/001458551.pdf	2025-02-23	MHLW website content under Public Data License 1.0 unless separately indicated; third-party content requires separate review
P110-072	110	72	必須	法規・制度・倫理	医薬品医療機器等法において、「薬局医薬品」とは、「要指導医薬品及び A 以外の医薬品をいう。」となっている。A にあてはまるのはどれか。1つ選べ。	"[""医療用医薬品"",""処方箋医薬品"",""一般用医薬品"",""体外診断用医薬品"",""薬局製造販売医薬品""]"	singleChoice	2	null	normal	false	parsed	"[""none""]"		https://www.mhlw.go.jp/content/001455149.pdf	https://www.mhlw.go.jp/content/001458551.pdf	2025-02-23	MHLW website content under Public Data License 1.0 unless separately indicated; third-party content requires separate review
P110-073	110	73	必須	法規・制度・倫理	医薬品の製造販売承認申請のための一般毒性試験を実施する際に、遵守しなけ ればならないのはどれか。1つ選べ。	"[""GCP"",""GLP"",""GMP"",""GQP"",""GVP""]"	singleChoice	1	null	normal	false	parsed	"[""none""]"		https://www.mhlw.go.jp/content/001455149.pdf	https://www.mhlw.go.jp/content/001458551.pdf	2025-02-23	MHLW website content under Public Data License 1.0 unless separately indicated; third-party content requires separate review
P110-074	110	74	必須	法規・制度・倫理	毒物劇物営業者が行う劇物の容器及び被包への表示について、「医薬用外」の文 字に加えて表示する内容として正しいのはどれか。1つ選べ。	"[""白地に赤色をもって「劇」の文字"",""白地に黒色をもって「劇」の文字"",""白地に赤色をもって「劇物」の文字"",""赤地に白色をもって「劇物」の文字"",""白地に黒色をもって「劇物」の文字""]"	singleChoice	2	null	normal	false	parsed	"[""none""]"		https://www.mhlw.go.jp/content/001455149.pdf	https://www.mhlw.go.jp/content/001458551.pdf	2025-02-23	MHLW website content under Public Data License 1.0 unless separately indicated; third-party content requires separate review
P110-075	110	75	必須	法規・制度・倫理	医薬品副作用被害救済制度の概要を示した下図において、健康被害者が給付を 請求する先の Ａ として正しいのはどれか。1つ選べ。 ③諮問 厚生労働大臣 薬事審議会＊ ④答申 ＊（旧）薬事・食品衛生審議会 ②判定の ⑤判定結果の 申し出 通知 ①給付請求 健康被害者 （本人または遺族） Ａ ⑥給付	"[""主治医"",""都道府県知事"",""製造販売業者"",""社会保険診療報酬支払基金"",""独立行政法人医薬品医療機器総合機構（PMDA）""]"	singleChoice	4	null	normal	true	parsed	"[""none""]"		https://www.mhlw.go.jp/content/001455149.pdf	https://www.mhlw.go.jp/content/001458551.pdf	2025-02-23	MHLW website content under Public Data License 1.0 unless separately indicated; third-party content requires separate review
P110-076	110	76	必須	法規・制度・倫理	評価療養の対象となるのはどれか。1つ選べ。	"[""出産に係る診療"",""医薬品の治験に係る診療"",""特別の療養環境（差額ベッド）"",""予約診療"",""紹介状なしでの特定機能病院の初診""]"	singleChoice	1	null	normal	false	parsed	"[""none""]"		https://www.mhlw.go.jp/content/001455149.pdf	https://www.mhlw.go.jp/content/001458551.pdf	2025-02-23	MHLW website content under Public Data License 1.0 unless separately indicated; third-party content requires separate review
P110-077	110	77	必須	法規・制度・倫理	介護保険法において、第 ₂ 号被保険者が要介護認定を受けられる特定疾病に該 当するのはどれか。1つ選べ。	"[""関節リウマチ"",""結核"",""C 型肝炎"",""高血圧症"",""脂質異常症""]"	singleChoice	0	null	normal	false	parsed	"[""none""]"		https://www.mhlw.go.jp/content/001455149.pdf	https://www.mhlw.go.jp/content/001458551.pdf	2025-02-23	MHLW website content under Public Data License 1.0 unless separately indicated; third-party content requires separate review
P110-078	110	78	必須	法規・制度・倫理	世界医師会総会にて採択された、ヒポクラテスの誓いを現代化したものである ジュネーブ宣言の根幹となるのはどれか。1つ選べ。	"[""患者の権利"",""生命倫理の ₄ 原則"",""医師の遵守すべき倫理"",""非人道的な人体実験の実施条件"",""人を対象とした医学研究の倫理的原則""]"	singleChoice	2	null	normal	false	parsed	"[""none""]"		https://www.mhlw.go.jp/content/001455149.pdf	https://www.mhlw.go.jp/content/001458551.pdf	2025-02-23	MHLW website content under Public Data License 1.0 unless separately indicated; third-party content requires separate review
P110-079	110	79	必須	法規・制度・倫理	汚染されたヒト乾燥硬膜の使用により感染した疾患であって、生物由来製品感 染等被害救済制度の創設の契機となったのはどれか。1つ選べ。	"[""成人 T 細胞白血病"",""クロイツフェルト・ヤコブ病"",""トキソプラズマ症"",""大腿四頭筋短縮症"",""後天性免疫不全症候群""]"	singleChoice	1	null	normal	false	parsed	"[""none""]"		https://www.mhlw.go.jp/content/001455149.pdf	https://www.mhlw.go.jp/content/001458551.pdf	2025-02-23	MHLW website content under Public Data License 1.0 unless separately indicated; third-party content requires separate review
P110-080	110	80	必須	法規・制度・倫理	コミュニケーションを円滑にするため取り入れる傾聴の技能や態度として、適 切なのはどれか。1つ選べ。	"[""ブロッキング"",""ミラーリング"",""エンコーディング"",""パターナリズム"",""デコーディング 必須問題 【実務】""]"	singleChoice	1	null	normal	false	parsed	"[""none""]"		https://www.mhlw.go.jp/content/001455149.pdf	https://www.mhlw.go.jp/content/001458551.pdf	2025-02-23	MHLW website content under Public Data License 1.0 unless separately indicated; third-party content requires separate review
P110-081	110	81	必須	実務	以下の成分を含む一般用医薬品を使用した場合に、出血傾向に最も注意が必要 なのはどれか。1つ選べ。	"[""センノシド"",""ロぺラミド塩酸塩"",""ミノキシジル"",""フェキソフェナジン塩酸塩"",""イコサペント酸エチル""]"	singleChoice	4	null	normal	false	parsed	"[""none""]"		https://www.mhlw.go.jp/content/001455149.pdf	https://www.mhlw.go.jp/content/001458551.pdf	2025-02-23	MHLW website content under Public Data License 1.0 unless separately indicated; third-party content requires separate review
P110-082	110	82	必須	実務	通常、食前に服用する薬剤はどれか。1つ選べ。	"[""セレコキシブ錠"",""イマチニブメシル酸塩錠"",""メナテトレノンカプセル"",""エパルレスタット錠"",""イトラコナゾールカプセル""]"	singleChoice	3	null	normal	false	parsed	"[""none""]"		https://www.mhlw.go.jp/content/001455149.pdf	https://www.mhlw.go.jp/content/001458551.pdf	2025-02-23	MHLW website content under Public Data License 1.0 unless separately indicated; third-party content requires separate review
P110-083	110	83	必須	実務	居宅療養管理指導をしている患者のケアプラン作成において、薬剤師が情報提 供しなければならない職種はどれか。1つ選べ。	"[""介護福祉士"",""介護支援専門員"",""生活相談員"",""社会福祉士"",""訪問介護員""]"	singleChoice	1	null	normal	false	parsed	"[""none""]"		https://www.mhlw.go.jp/content/001455149.pdf	https://www.mhlw.go.jp/content/001458551.pdf	2025-02-23	MHLW website content under Public Data License 1.0 unless separately indicated; third-party content requires separate review
P110-084	110	84	必須	実務	災害派遣医療チーム（DMAT）が最も優先すべき活動はどれか。1つ選べ。	"[""広域医療搬送対象患者の選出"",""心的外傷後ストレス障害（PTSD）の診療"",""長期的な医療支援"",""一般用医薬品の販売"",""被災地の復興支援""]"	singleChoice	0	null	normal	false	parsed	"[""none""]"		https://www.mhlw.go.jp/content/001455149.pdf	https://www.mhlw.go.jp/content/001458551.pdf	2025-02-23	MHLW website content under Public Data License 1.0 unless separately indicated; third-party content requires separate review
P110-085	110	85	必須	実務	透析療法を受けている患者への販売を避けるべき一般用医薬品の成分はどれ か。1つ選べ。	"[""ロペラミド塩酸塩"",""テプレノン"",""乾燥酵母"",""トリメブチンマレイン酸塩"",""スクラルファート""]"	singleChoice	4	null	normal	false	parsed	"[""none""]"		https://www.mhlw.go.jp/content/001455149.pdf	https://www.mhlw.go.jp/content/001458551.pdf	2025-02-23	MHLW website content under Public Data License 1.0 unless separately indicated; third-party content requires separate review
P110-086	110	86	必須	実務	以下のうち、学校薬剤師の職務はどれか。1つ選べ。	"[""保健室内での調剤"",""救急時の一般用医薬品の販売"",""ワクチンの投与"",""校内土壌の放射能汚染検査"",""薬物乱用防止のための教育""]"	singleChoice	4	null	normal	false	parsed	"[""none""]"		https://www.mhlw.go.jp/content/001455149.pdf	https://www.mhlw.go.jp/content/001458551.pdf	2025-02-23	MHLW website content under Public Data License 1.0 unless separately indicated; third-party content requires separate review
P110-087	110	87	必須	実務	周術期の患者において血栓症のリスクが最も高い薬剤はどれか。1つ選べ。	"[""メトホルミン塩酸塩錠"",""サクビトリルバルサルタンナトリウム水和物錠"",""ダパグリフロジンプロピレングリコール錠"",""ドロスピレノン・エチニルエストラジオール錠"",""セマグルチド錠""]"	singleChoice	3	null	normal	false	parsed	"[""none""]"		https://www.mhlw.go.jp/content/001455149.pdf	https://www.mhlw.go.jp/content/001458551.pdf	2025-02-23	MHLW website content under Public Data License 1.0 unless separately indicated; third-party content requires separate review
P110-088	110	88	必須	実務	以下のうち、Common Terminology Criteria for Adverse Events（CTCAE） が用いられる指標として適切なのはどれか。1つ選べ。	"[""医薬品自主回収時の健康危険度"",""インシデント発生時の患者への影響度分類レベル"",""医薬品・医療機器等安全性情報の緊急度"",""医薬品による有害事象の重症度"",""患者の日常生活における制限の程度""]"	singleChoice	3	null	normal	false	parsed	"[""none""]"		https://www.mhlw.go.jp/content/001455149.pdf	https://www.mhlw.go.jp/content/001458551.pdf	2025-02-23	MHLW website content under Public Data License 1.0 unless separately indicated; third-party content requires separate review
P110-089	110	89	必須	実務	以下のうち、医薬品による副作用が疑われる症例について、医薬関係者が報告 する医薬品安全性情報報告書への記載項目はどれか。1つ選べ。	"[""患者の生年月日"",""患者氏名"",""副作用の発現期間"",""家族の副作用歴"",""被疑薬の製造番号""]"	singleChoice	2	null	normal	false	parsed	"[""none""]"		https://www.mhlw.go.jp/content/001455149.pdf	https://www.mhlw.go.jp/content/001458551.pdf	2025-02-23	MHLW website content under Public Data License 1.0 unless separately indicated; third-party content requires separate review
P110-090	110	90	必須	実務	腫瘍崩壊症候群の予防に用いられる薬剤はどれか。1つ選べ。	"[""ウルソデオキシコール酸錠"",""フェブキソスタット錠"",""メトトレキサート錠"",""ラモセトロン塩酸塩錠"",""タクロリムス錠""]"	singleChoice	1	null	normal	false	parsed	"[""none""]"		https://www.mhlw.go.jp/content/001455149.pdf	https://www.mhlw.go.jp/content/001458551.pdf	2025-02-23	MHLW website content under Public Data License 1.0 unless separately indicated; third-party content requires separate review
P110-091	110	91	理論	物理	理想気体からなる閉じた系における熱力学第一法則に関する記述として、正し いのはどれか。2つ選べ。	"[""定温過程において、系に加えられた熱量はすべて系がする仕事になる。"",""内部エネルギー変化は、系に加えられた熱量と系が外界からされた仕事の和で 表される。"",""断熱過程において、系の体積が増加すると内部エネルギーも増加する。"",""内部エネルギー変化は経路関数である熱と仕事からなり、それ自体も経路関数 である。"",""系が外界に対してする仕事は、不可逆過程の方が可逆過程より大きい。""]"	multiChoice	[0,1]	null	normal	false	parsed	"[""none""]"		https://www.mhlw.go.jp/content/001455152.pdf	https://www.mhlw.go.jp/content/001458551.pdf	2025-02-23	MHLW website content under Public Data License 1.0 unless separately indicated; third-party content requires separate review
P110-092	110	92	理論	物理	ファントホッフプロットは直線を示す。このことに関する記述として正しいの はどれか。2つ選べ。	"[""温度の逆数に対して平衡定数の対数をプロットしたものである。"",""切片から標準反応エンタルピーが求まる。"",""傾きから標準反応エントロピーが求まる。"",""吸熱反応のとき、傾きは負である。"",""傾きが正のとき、温度が上がるにつれて平衡定数は大きくなる。""]"	multiChoice	[0,3]	null	normal	false	parsed	"[""none""]"		https://www.mhlw.go.jp/content/001455152.pdf	https://www.mhlw.go.jp/content/001458551.pdf	2025-02-23	MHLW website content under Public Data License 1.0 unless separately indicated; third-party content requires separate review
P110-093	110	93	理論	物理	ボルツマン分布は、異なるエネルギー準位 E 1、E 2（E 2 2 E 1）にある分子の数 をそれぞれ N 1、N 2 としたとき、熱平衡状態における両者の比（R = N 2/N 1）とエ ネルギー差（DE = E 2 - E 1）との間にある一定の関係を与える。この関係を表す グラフの概形として正しいのはどれか。1つ選べ。 1 2 3 ₁ ₁ ₁ R R R ₀ DE ₀ DE ₀ DE 4 5 ₁ ₁ R R ₀ DE ₀ DE	[]	singleChoice	2	null	normal	true	no_choice_sequence	"[""none""]"		https://www.mhlw.go.jp/content/001455152.pdf	https://www.mhlw.go.jp/content/001458551.pdf	2025-02-23	MHLW website content under Public Data License 1.0 unless separately indicated; third-party content requires separate review
P110-094	110	94	理論	物理	次の酵素反応の反応速度 v はミカエリス・メンテンの式に従う。 E+S ES P ただし、E は酵素、S は基質、ES は E と S の複合体、P は生成物を表し、ミカ エリス定数を K m、最大反応速度を Vmax とする。この反応に関する記述として、 正しいのはどれか。2つ選べ。 d［P］	"[""v は、P の生成速度 e o で表される。 dt d［ES］"",""v は、［ES］が一定 e = ₀ o となる定常状態を仮定した場合の速度であ dt る。"",""［S］が K m の ₂ 倍であるとき、v は Vmax の ₁/₄ となる。"",""K m は反応温度に依存しない。"",""K m が小さいほど E と S の親和性は低い。""]"	multiChoice	[0,1]	null	normal	false	parsed	"[""none""]"		https://www.mhlw.go.jp/content/001455152.pdf	https://www.mhlw.go.jp/content/001458551.pdf	2025-02-23	MHLW website content under Public Data License 1.0 unless separately indicated; third-party content requires separate review
P110-095	110	95	理論	物理	放射性医薬品に汎用されるテクネチウム Tc は、 Mo から放射平衡を利用し 99m 99 てジェネレーターにより得られる。このことに関する記述として正しいのはどれ か。2つ選べ。	"[""放射平衡は、親核種の半減期が娘核種の半減期より十分長いときに成り立つ。"",""Mo と Tc の間には永続平衡が成り立つ。 99 99m"",""Tc の壊変形式は核異性体転移である。 99m"",""カラムから未壊変の Mo を溶出する方法をミルキングという。"",""カラムの担体には微量の Tl を含む NaI の単結晶を用いる。""]"	multiChoice	[0,2]	null	normal	false	parsed	"[""none""]"		https://www.mhlw.go.jp/content/001455152.pdf	https://www.mhlw.go.jp/content/001458551.pdf	2025-02-23	MHLW website content under Public Data License 1.0 unless separately indicated; third-party content requires separate review
P110-096	110	96	理論	物理	₂₈％アンモニア水を量り、水で全量 ₅₀₀ mL とした後、その ₂₀ mL を正確に量 り、さらに水で全量 ₁₀₀₀ mL とした。この水溶液の pH を測定したところ、₁₁ . ₀ であった。₂₈％アンモニア水の採取量に最も近いのはどれか。1つ選べ。 ただし、₂₈％アンモニア水の比重 d = ₀ . ₉₀、アンモニアの分子量 NH 3 = ₁₇、 アンモニアの塩基解離定数 K b = ₁ . ₇ # ₁₀ mol/L、水のイオン積［H ［ ］OH ］= -5 + - ₁ . ₀ # ₁₀ （mol/L）、 1 ． 0 から 1 ． 1 の範囲の値は ₁ とし、温度は ₂₅ ℃とする。 -14 2	"[""₁₀ mL"",""₂₀ mL"",""₅₀ mL"",""₁₀₀ mL"",""₂₀₀ mL""]"	singleChoice	3	null	normal	false	parsed	"[""none""]"		https://www.mhlw.go.jp/content/001455152.pdf	https://www.mhlw.go.jp/content/001458551.pdf	2025-02-23	MHLW website content under Public Data License 1.0 unless separately indicated; third-party content requires separate review
P110-097	110	97	理論	物理	−98 次 の 記 述 は、X 線 造 影 剤 と し て 用 い ら れ る 日 本 薬 局 方 ア ミ ド ト リ ゾ 酸 （C11H 9 I 3 N2O4：₆₁₃ . ₉₁）の純度試験と定量法に関するものである。 H I H₃C N CO₂H O I I HN CH₃ O アミドトリゾ酸 純度試験 芳香族第一アミン 本品 ₀ . ₂₀ g をとり、水 ₅ mL 及び水酸化ナトリウム試液 ₁ mL を加えて溶かし、亜硝酸ナトリウム溶液（ ₁ → ₁₀₀） ₄ mL 及び ₁ mol/L 塩 酸試液 ₁₀ mL を加えて振り混ぜ、 ₂ 分間放置する。次にアミド硫酸アンモニウム 試液 ₅ mL を加えてよく振り混ぜ、 ₁ 分間放置した後、₁︲ナフトールのエタノール （₉₅）溶液（ ₁ → ₁₀）₀ . ₄ mL、水酸化ナトリウム試液 ₁₅ mL 及び水を加えて正確 に ₅₀ mL とする。この液につき、同様に操作して得た空試験液を対照とし、紫外 可視吸光度測定法により試験を行うとき、波長 ₄₈₅ nm における吸光度は ₀ . ₁₅ 以 下である。 定量法 本品約 ₀ . ₅ g を精密に量り、けん化フラスコに入れ、水酸化ナトリウム試液 ₄₀ mL に溶かし、亜鉛粉末 ₁ g を加え、還流冷却器を付けて ₃₀ 分間煮沸し、冷 後、ろ過する。フラスコ及びろ紙を水 ₅₀ mL で洗い、洗液は先のろ液に合わせ る。この液に酢酸（₁₀₀） ₅ mL を加え、 ア₀ . ₁ mol/L 硝酸銀液で滴定する（指示 薬：イテトラブロモフェノールフタレインエチルエステル試液 ₁ mL）。ただし、滴 定の終点は沈殿の黄色が ウ に変わるときとする。 ₀ . ₁ mol/L 硝酸銀液 ₁ mL = エ mg C11H 9I 3N2O4 問 97 純度試験の操作を行って得られる芳香族第一アミンの許容限度に最も近いのは どれか。1つ選べ。 ただし、芳香族第一アミンの本操作による呈色物の比吸光度 E 1cm（₄₈₅ nm）は 1％ ₄₇₅、層長は ₁ cm とする。	"[""₀ . ₀₄₀％"",""₀ . ₀₇₉％"",""₀ . ₁₆％"",""₀ . ₇₉％"",""₁ . ₅₈％""]"	singleChoice	1	null	normal	false	parsed	"[""none""]"		https://www.mhlw.go.jp/content/001455152.pdf	https://www.mhlw.go.jp/content/001458551.pdf	2025-02-23	MHLW website content under Public Data License 1.0 unless separately indicated; third-party content requires separate review
P110-098	110	98	理論	物理	定量法に関する記述として正しいのはどれか。2つ選べ。	"[""本定量法の原理は、Volhard 法に基づいている。"",""下線部アの標準液は、₀ . ₁ mol/L チオシアン酸アンモニウム液の標定に用いら れる。"",""下線部イの指示薬の代わりにフルオレセインナトリウムを用いることができ る。"",""ウ に入る色は、橙色である。"",""エ に入る数字は、₂₀ . ₄₆ である。""]"	multiChoice	[1,4]	null	normal	false	parsed	"[""none""]"		https://www.mhlw.go.jp/content/001455152.pdf	https://www.mhlw.go.jp/content/001458551.pdf	2025-02-23	MHLW website content under Public Data License 1.0 unless separately indicated; third-party content requires separate review
P110-099	110	99	理論	物理	日本薬局方金チオリンゴ酸ナトリウムの定量法には原子吸光光度法が用いられ る。このことに関する記述として正しいのはどれか。2つ選べ。なお、測定条件は 以下のとおりである。 測定条件 使用ガス：可燃性ガス ア 支燃性ガス 空気 ランプ： イ （波長 ₂₄₂ . ₈ nm）	"[""ア に入るのは、アセチレンである。"",""イ に入るのは、重水素放電管である。"",""原子化には冷蒸気方式が用いられる。"",""定量には、ランベルト・ベール（Lambert︲Beer）の法則が適用される。"",""金の原子スペクトルは、連続スペクトルである。""]"	multiChoice	[0,3]	null	normal	true	parsed	"[""none""]"		https://www.mhlw.go.jp/content/001455152.pdf	https://www.mhlw.go.jp/content/001458551.pdf	2025-02-23	MHLW website content under Public Data License 1.0 unless separately indicated; third-party content requires separate review
P110-100	110	100	理論	物理	フェノール、パラオキシ安息香酸及びトルエンを含む混合物試料を高速液体ク ロマトグラフィー（HPLC）により分析した。このことに関する記述として正しい のはどれか。2つ選べ。なお、HPLC の分析条件は以下のとおりである。 分析条件 検出器：紫外吸光光度計（測定波長：₂₇₀ nm） カラム：内径 ₄ . ₆ mm、長さ ₁₅ cm のステンレス管に粒径 ₅ nm の液体クロマ トグラフィー用オクタデシルシリル化シリカゲルを充てんする。 カラム温度：₃₅ ℃付近の一定温度 移動相：pH ₇ . ₀ の ₀ . ₁ mol/L リン酸塩緩衝液／メタノール（ ₃：₁ ）混液	"[""使用した HPLC は順相クロマトグラフィーである。"",""₃ つの化合物のうち、最後に溶出するのはトルエンである。"",""カラム温度を高くするとピーク高さは大きくなり、ピーク面積は減少する。"",""パラオキシ安息香酸の保持時間を長くするには、移動相中の緩衝液の pH を低 くする。"",""トルエンの保持時間を長くするには、移動相中のメタノールの比率を高くす る。""]"	multiChoice	[1,3]	null	normal	true	parsed	"[""none""]"		https://www.mhlw.go.jp/content/001455152.pdf	https://www.mhlw.go.jp/content/001458551.pdf	2025-02-23	MHLW website content under Public Data License 1.0 unless separately indicated; third-party content requires separate review
P110-101	110	101	理論	化学	有機化合物Ａ～Ｄが ₁₀₀ mg ずつ含まれるジエチルエーテル（エーテル）溶液 ₁₀₀ mL について、エーテルと同体積の各水溶液を用いて、分液ロートによる以下 の操作を行った。このとき分液操作②によって得られた水層には、有機化合物Ｄの 塩が主に含まれていた。有機化合物Ａ～Ｄを分離する分液操作の組合せとして、最 も適切なのはどれか。1つ選べ。 OCH3 CO2H NH2 OH Ａ Ｂ Ｃ Ｄ 有機化合物Ａ～Ｄを含むジエチルエーテル溶液 分液操作① 水層 エーテル層 分液操作② 水層 エーテル層 分液操作③ 水層 エーテル層 ア ₂ mol/L 塩酸を用いる分液操作 イ ₂ mol/L NaOH 水溶液を用いる分液操作 ウ 飽和 NaHCO3 水溶液を用いる分液操作 分液操作① 分液操作② 分液操作③	"[""ア イ ウ"",""イ ウ ア"",""ウ ア イ"",""ア ウ イ"",""イ ア ウ"",""ウ イ ア""]"	singleChoice	5	null	normal	false	parsed	"[""none""]"		https://www.mhlw.go.jp/content/001455152.pdf	https://www.mhlw.go.jp/content/001458551.pdf	2025-02-23	MHLW website content under Public Data License 1.0 unless separately indicated; third-party content requires separate review
P110-102	110	102	理論	化学	以下の反応式のうち、右に示された主生成物が誤っているのはどれか。1つ選べ。 ただし、各反応はそれぞれ適切な溶媒を用いて行い、反応終了後、適切な後処理 を施したものとする。 H3C H3C 1 ）NaNH2，液体アンモニア	"[""H"",""）CH3CH2Br CH3 1） BH H3C H3C""]"	singleChoice	3	null	normal	true	parsed	"[""none""]"		https://www.mhlw.go.jp/content/001455152.pdf	https://www.mhlw.go.jp/content/001458551.pdf	2025-02-23	MHLW website content under Public Data License 1.0 unless separately indicated; third-party content requires separate review
P110-103	110	103	理論	化学	以下の反応で、生成物を与える電子移動を示す一連の矢印が正しいのはどれ か。2つ選べ。 O ONa	"[""H3C CH3 H3C CH3 H H H B- H H Na ＋ O O"",""H3C CH3NH CH3 N CH3 H H CH3 CH3 -"",""H3C O H 3C I H3C OCH3 CH3 CH3 ＋ H NO2"",""＋ NO2 NO2 CH3 CH3 H3C ＋ H3C H3C ＋"",""CH3 CH3 CH3 H3C H3C H3C H3C Br Br-""]"	multiChoice	[2,3]	null	normal	false	parsed	"[""none""]"		https://www.mhlw.go.jp/content/001455152.pdf	https://www.mhlw.go.jp/content/001458551.pdf	2025-02-23	MHLW website content under Public Data License 1.0 unless separately indicated; third-party content requires separate review
P110-104	110	104	理論	化学	下図は、DNA の二重らせん構造の一部で、 ₂ 本のポリヌクレオチド鎖間で形 成される相補的塩基対を示している。以下の記述のうち、適切なのはどれか。2つ 選べ。 塩基イ 塩基ア ポリヌクレオチド鎖ウ - O P O O H O O H N N N O O N H N N - O P O O N H O N O O H O O O P O- N 矢印Ａ N O O N H N N O H3C O H N N H O O P O- 酸素原子エ （ は水素結合を示す。）	"[""塩基アのヘテロ環はピラジン環である。"",""塩基イはウリジンである。"",""矢印Ａはポリヌクレオチド鎖ウの ₃ʼ→ ₅ʼ末端の方向を指す。"",""酸素原子エは水素結合受容体として機能する。"",""塩基アと塩基イの相補的塩基対は、平面状に形成される。""]"	multiChoice	[3,4]	null	normal	true	parsed	"[""none""]"		https://www.mhlw.go.jp/content/001455152.pdf	https://www.mhlw.go.jp/content/001458551.pdf	2025-02-23	MHLW website content under Public Data License 1.0 unless separately indicated; third-party content requires separate review
P110-105	110	105	理論	化学	下図は、アセチル CoA が生合成される一連の反応を模式的に示している。以 下の記述のうち、正しいのはどれか。2つ選べ。 NH2 NH2 O イ N N N N - O O O O H3C O O N N N N - O P O P O P O O H3C O P O O O- O- O- H H O- H H O O H H H H Mg2＋ - O P O P O- HO OH HO OH O- O- 酵素 ア NH2 ウ N N O CoA−SH O N N H3C S CoA + - O P O O O- H H H＋ アセチル CoA H H HO OH NH2 オ エ N N O O H3C CH3 O O N N HS O P O P O O N N H H O- O- H H OH H H O OH CoA︲SH O P O- O-	"[""構造式アの Mg は、リン酸部位の陰イオンを電気的に中和し、リン原子の求 2+ 電子性を高めている。"",""矢印イで示した酸素原子は、酢酸イオンに由来する。"",""アセチル CoA の点線で囲ったカルボニル基の炭素原子は、矢印ウの硫黄原子 を酸素原子に置換したものに比べて求電子性が低い。"",""矢印エで示したリン原子は、 ₅ 価 ₄ 配位構造をもつキラル中心である。"",""アセチル CoA が生合成される過程において、CoA︲SH のスルファニル基（チ オール基）オは求核剤として作用し、S N ₂ 反応によりアセチル化される。""]"	multiChoice	[0,1]	null	normal	true	parsed	"[""none""]"		https://www.mhlw.go.jp/content/001455152.pdf	https://www.mhlw.go.jp/content/001458551.pdf	2025-02-23	MHLW website content under Public Data License 1.0 unless separately indicated; third-party content requires separate review
P110-106	110	106	理論	化学	下図に示すブレオマイシン A 2 は DNA 鎖を切断することができる。このため に必要な化学的性質として、最も適切なのはどれか。1つ選べ。 ア H NH2 H H H2N N NH2 O オ ウ エ O O N NH N N CH3 O N H H H H O HO N S H2N O N S H H ＋ CH3 CH3 HN O S N H H CH3 H H CH3 OH CH3 H O O OH H NH N OH O HO H H H H O H H H HO HO OH H2N O H O イ ブレオマイシン A 2	"[""部分構造アにおける Fe（Ⅱ）との配位能"",""部分構造イにおける Mg（Ⅱ）との配位能"",""部分構造ウにおける Mg（Ⅱ）との配位能"",""部分構造エにおける光増感作用"",""部分構造オにおける Fe（Ⅱ）との配位能""]"	singleChoice	0	null	normal	true	parsed	"[""none""]"		https://www.mhlw.go.jp/content/001455152.pdf	https://www.mhlw.go.jp/content/001458551.pdf	2025-02-23	MHLW website content under Public Data License 1.0 unless separately indicated; third-party content requires separate review
P110-107	110	107	理論	化学	下図は、インスリンの構造を模式的に示している。図中の はアミノ酸残基 を示し、特徴のあるアミノ酸残基を ₃ 文字表記している。 Ｎ末端 S S Ｃ末端 Ａ鎖 Cys Cys Cys Cys Asn ₁ ₆ ₇ ₁₁ ₂₀ S S ₂₁ Ｎ末端 S S Ｃ末端 Ｂ鎖 Asn Cys Cys Pro Lys Thr ₁ ₃ ₇ ₁₀ ₁₉ ₂₈ ₃₀ インスリン （ の部分はアミノ酸残基を省略している。） 近年、インスリンの化学構造を部分的に改変することで、治療目的に沿った血糖 降下作用を発揮するインスリンアナログ製剤（ 1 ～ 5 ）が開発されている。このう ち、構造改変によりインスリンの等電点（pI 約 ₅ . ₄）を中性付近（pI 約 ₆ . ₇）に 近づけることにより、生理的 pH で等電点沈殿を起こし、皮下で徐々に溶解、吸収 され、 ₁ 日 ₁ 回の皮下投与で安定した血糖降下作用を示すのはどれか。1つ選べ。 なお、各アナログ製剤の構造はインスリンと同様な方法で図示しており、図中の はインスリンと異なるアミノ酸残基を示す。 S S Cys Cys Cys Cys Asn ₁ ₆ ₇ ₁₁ ₂₀ S S ₂₁ S S Asn Cys Cys Lys Pro Thr ₁ ₃ ₇ ₁₀ ₁₉ ₂₈ ₃₀ S S Cys Cys Cys Cys Gly ₁ ₆ ₇ ₁₁ ₂₀ S S ₂₁ S S Asn Cys Cys Pro Lys Thr Arg Arg ₁ ₃ ₇ ₁₀ ₁₉ ₂₈ ₃₀ S S Cys Cys Cys Cys Asn ₁ ₆ ₇ ₁₁ ₂₀ S S ₂₁ S S Lys Cys Cys Pro Glu Thr ₁ ₃ ₇ ₁₀ ₁₉ ₂₈ ₃₀ S S Cys Cys Cys Cys Asn ₁ ₆ ₇ ₁₁ ₂₀ S S ₂₁ 4 S S CO2H Asn Cys Cys Pro N H ₁ ₃ ₇ ₁₀ ₁₉ ₂₈ HN O H HO2C N O CO2H S S Cys Cys Cys Cys Asn ₁ ₆ ₇ ₁₁ ₂₀ S S ₂₁ S S Asn Cys Cys Asp Lys Thr ₁ ₃ ₇ ₁₀ ₁₉ ₂₈ ₃₀	[]	singleChoice	1	null	normal	true	no_choice_sequence	"[""none""]"		https://www.mhlw.go.jp/content/001455152.pdf	https://www.mhlw.go.jp/content/001458551.pdf	2025-02-23	MHLW website content under Public Data License 1.0 unless separately indicated; third-party content requires separate review
P110-108	110	108	理論	化学	図は、アラニン誘導体Ａの H NMR スペクトル〔₄₀₀ MHz、CDCl 3、基準物質 はテトラメチルシラン（TMS）〕を示している。以下の記述のうち、正しいのはど れか。2つ選べ。 なお、×印のシグナルは CDCl 3 中に含まれる CHCl 3 のプロトンに由来するシグ ナルであり、ｆのピークは重水（D 2 O）を添加するとほぼ消失した。 キ コ カ H オ イ H₃CO H O H H H N H O CH₃ ケ H O H CH₃ ク ア エ ウ アラニン誘導体Ａ ａの拡大図 ｂの拡大図 ｄの拡大図 ｈの拡大図 ｇの拡大図 TMS ｅの拡大図 ｆの拡大図 ａ ₇.₈ ₆.₉ ₆.₇ ₆.₆ ₄.₈ ₄.₃ ₄.₂ ₁.₅ ｂ ₁.₃ ｄ ｃ ｈ ｇ H 2O ｅ ｆ ₈.₀ ₇.₀ ₆.₀ ₅.₀ ₄.₀ ₃.₀ ₂.₀ ₁.₀ ₀ ppm	"[""ピークａ、ｂ、ｃのプロトン数の合計は ₆ である。"",""ピークｅに対応するプロトンはエであり、重水を加えると四重線（カルテッ ト）となる。"",""ピークｇに対応するプロトンはカとキである。"",""アのプロトンとカップリング（スピン︲スピン結合）しているのは、ピークｄ に対応するプロトンである。"",""イのプロトンのピークは、コのプロトンのシグナルより高磁場側にある。""]"	multiChoice	[1,3]	null	normal	true	parsed	"[""none""]"		https://www.mhlw.go.jp/content/001455152.pdf	https://www.mhlw.go.jp/content/001458551.pdf	2025-02-23	MHLW website content under Public Data License 1.0 unless separately indicated; third-party content requires separate review
P110-109	110	109	理論	化学	下図はアコニチンの構造を示している。これを主要成分として含有する生薬Ａ に関する記述として、正しいのはどれか。2つ選べ。 HO O CH3 H3C O O H H3C H O N OH HO O H O O H3C O CH3 CH3 アコニチン	"[""アコニチンの骨格は、酢酸︲マロン酸経路により生合成される。"",""アコニチンの窒素原子は、アミノ酸由来ではない。"",""高圧蒸気処理などの修治によってアコニチンのエステルが加水分解されて、毒 性が低減する。"",""生薬Ａはナス科植物の根を基原とする。"",""生薬Ａを含む処方は、体力が充実している患者に適応される。""]"	multiChoice	[1,2]	null	normal	true	parsed	"[""none""]"		https://www.mhlw.go.jp/content/001455152.pdf	https://www.mhlw.go.jp/content/001458551.pdf	2025-02-23	MHLW website content under Public Data License 1.0 unless separately indicated; third-party content requires separate review
P110-110	110	110	理論	化学	以下の漢方処方が示す作用と、それに主に関与する構成生薬との組合せのう ち、誤っているのはどれか。1つ選べ。 処方名と作用 主に関与する構成生薬	"[""六君子湯の補気作用 ニンジン"",""桂枝茯苓丸の駆瘀血作用 トウニン"",""加味逍遙散の補血作用 トウキ"",""葛根湯の発汗作用 シャクヤク"",""五苓散の利水作用 ブクリョウ""]"	singleChoice	3	null	normal	false	parsed	"[""none""]"		https://www.mhlw.go.jp/content/001455152.pdf	https://www.mhlw.go.jp/content/001458551.pdf	2025-02-23	MHLW website content under Public Data License 1.0 unless separately indicated; third-party content requires separate review
P110-111	110	111	理論	生物	心筋の興奮と収縮に関する記述として、正しいのはどれか。2つ選べ。	"[""洞房結節に生じた電気的興奮は、心房内を伝わり房室結節を経て心室筋へと伝 わる。"",""電位依存性 K チャネルの活性化により、心室筋に脱分極が生じる。 +"",""心室筋の脱分極に伴って増加した細胞内の Ca がトロポニンに結合すること 2+ によって、心室筋が収縮する。"",""心室筋の脱分極によって、P 波が心電図に記録される。"",""心拍数を増加させる心臓血管中枢からのシグナルは、迷走神経を介して伝わる。""]"	multiChoice	[0,2]	null	normal	false	parsed	"[""none""]"		https://www.mhlw.go.jp/content/001455152.pdf	https://www.mhlw.go.jp/content/001458551.pdf	2025-02-23	MHLW website content under Public Data License 1.0 unless separately indicated; third-party content requires separate review
P110-112	110	112	理論	生物	甲状腺ホルモン（T3、T4）はヨウ素を含むアミノ酸誘導体であるが、アミノ酸 から直接作られるのではない。甲状腺濾胞における生合成過程では、タンパク質の チログロブリンが前駆物質となる。下図は、甲状腺濾胞において T3、T4 が作られ るまでに、チログロブリンが移動する流れを示したものである。チログロブリンは 甲状腺濾胞上皮細胞で作られてからコロイド中に分泌され、再び甲状腺濾胞上皮細 胞に取り込まれ、最終的に T3、T4 が濾胞外に分泌される。図中の 1 ～ 5 のうち、 チログロブリンのヨウ素化反応が行われる場所はどれか。1つ選べ。 小胞体 ゴルジ体 分泌小胞 3 コロイド コロイド エンド 分泌 リソソーム ソーム 甲状腺濾胞 小胞 甲状腺濾胞上皮細胞	[]	singleChoice	2	null	normal	true	no_choice_sequence	"[""none""]"		https://www.mhlw.go.jp/content/001455152.pdf	https://www.mhlw.go.jp/content/001458551.pdf	2025-02-23	MHLW website content under Public Data License 1.0 unless separately indicated; third-party content requires separate review
P110-113	110	113	理論	生物	幹細胞に関する記述として、正しいのはどれか。2つ選べ。	"[""造血幹細胞は、単能性幹細胞である。"",""組織幹細胞は、非対称な細胞分裂をしない。"",""人工多能性幹細胞（iPS 細胞）は、成体の体細胞に複数の遺伝子を導入し、分 化状態を初期化することにより作製される。"",""胚性幹細胞（ES 細胞）は、初期胚の内部細胞塊から樹立される。"",""ES 細胞は、全能性を持つ。""]"	multiChoice	[2,3]	null	normal	false	parsed	"[""none""]"		https://www.mhlw.go.jp/content/001455152.pdf	https://www.mhlw.go.jp/content/001458551.pdf	2025-02-23	MHLW website content under Public Data License 1.0 unless separately indicated; third-party content requires separate review
P110-114	110	114	理論	生物	ヒトにおける脂肪酸の生合成に関する記述として、正しいのはどれか。2つ選 べ。	"[""ミトコンドリアで行われる。"",""アシル鎖の伸長過程で、補酵素として NADH が利用される。"",""クエン酸により促進される。"",""アセチル CoA を前駆物質としてリノール酸が合成される。"",""アセチル CoA をマロニル CoA に転換する反応が律速段階である。""]"	multiChoice	[2,4]	null	normal	false	parsed	"[""none""]"		https://www.mhlw.go.jp/content/001455152.pdf	https://www.mhlw.go.jp/content/001458551.pdf	2025-02-23	MHLW website content under Public Data License 1.0 unless separately indicated; third-party content requires separate review
P110-115	110	115	理論	生物	コラーゲンは、下図に示すように、ポリペプチド鎖（コラーゲン単量体）の ₃ 本が、らせん状に絡み合って三重らせん構造（コラーゲン三量体）を形成する。 図上段に示すように、単量体ポリペプチド鎖のアミノ酸配列では、 ₃ 個おきにグリ シン残基（Gly）が配置する。Ｘはプロリン（Pro）の翻訳後修飾で生じたアミノ 酸である。このコラーゲンに関する記述として、正しいのはどれか。2つ選べ。 コラーゲン単量体 −Gly−Pro− Ｘ −Gly−Glu− Ｘ −Gly−Glu− Ｘ −Gly− コラーゲン三量体	"[""コラーゲンの三重らせん構造は、a︲ヘリックスである。"",""Ｘは、ヒドロキシ化されたプロリンである。"",""グリシン残基が繰り返し存在することが、三重らせん構造の形成に重要であ る。"",""ビタミン C は、コラーゲン産生細胞の核内に入り、コラーゲン遺伝子の転写を 促進する。"",""コラーゲン三量体は、細胞内の細胞骨格を構成することにより組織の強度を保 つ。""]"	multiChoice	[1,2]	null	normal	true	parsed	"[""none""]"		https://www.mhlw.go.jp/content/001455152.pdf	https://www.mhlw.go.jp/content/001458551.pdf	2025-02-23	MHLW website content under Public Data License 1.0 unless separately indicated; third-party content requires separate review
P110-116	110	116	理論	生物	図 ₁ に示す DNA の塩基配列は、ある遺伝子のセンス鎖の一部で、転写・翻訳 されるときの読み枠は配列の下に示されている。この塩基配列中＊印のシトシン残 基 ₂ ケ所に脱アミノ反応が生じた。変化したヌクレオチド残基が修復されずに塩基 配列の変異が ₂ ケ所とも固定した。ただし、フレームシフト変異は起きていない。 変異した DNA が転写・翻訳されてできるタンパク質の当該部分のアミノ酸配列は どれか。1つ選べ。 図 ₂ にコドン対応表を示す。 図₁ 図₂ ＊ ＊ ₂ 番目の塩基 ₅' ＡＣＴＧＡＡＣＧＴ ₃' U C A G U Phe Tyr Cys C U Ser 終止 A Leu 終止 Trp G U His C 1番目の塩基 3番目の塩基 C Leu Pro Arg A Gln G U Asn Ser Ile C A Thr A Lys Arg Met G U Asp C G Val Ala Gly A Glu G	"[""Thr︲Glu︲Arg"",""Ile︲Glu︲Cys"",""Thr︲Glu︲Cys"",""Leu︲Glu︲Trp"",""Ile︲Glu︲Arg""]"	singleChoice	1	null	normal	true	parsed	"[""none""]"		https://www.mhlw.go.jp/content/001455152.pdf	https://www.mhlw.go.jp/content/001458551.pdf	2025-02-23	MHLW website content under Public Data License 1.0 unless separately indicated; third-party content requires separate review
P110-117	110	117	理論	生物	細胞周期は有糸分裂と細胞質分裂が起こる分裂期（M 期）と間期に分けられ、 間期はさらに G1 期、S 期、G2 期に分けられる。増殖中の細胞集団の細胞に対し て、DNA 結合性蛍光色素で細胞を標識した。このとき蛍光強度は細胞内 DNA 量 を反映する。個々の細胞の蛍光強度を測定したところ、相対蛍光強度と細胞数の関 係は下図のようになった。G2 期の細胞はどこに分布するか。1つ選べ。 細胞数 Ａ Ｂ Ｃ ₁ ₂ 相対蛍光強度	"[""領域Ａ"",""領域Ｂ"",""領域Ｃ"",""領域Ａと領域Ｂ"",""領域Ａと領域Ｃ""]"	singleChoice	2	null	normal	true	parsed	"[""none""]"		https://www.mhlw.go.jp/content/001455152.pdf	https://www.mhlw.go.jp/content/001458551.pdf	2025-02-23	MHLW website content under Public Data License 1.0 unless separately indicated; third-party content requires separate review
P110-118	110	118	理論	生物	マクロファージをリポ多糖で刺激して得た培養液を採取し、この培養液中のサ イトカインＸの濃度をサンドイッチ ELISA（Enzyme︲linked immunosorbent assay） 法で定量することにした。各試料をマイクロプレートに採取し反応を行った後、 4₅0 nm の吸光度を測定した。サイトカインＸの標準物質を用いて標準曲線（検量 線）を作成したところ、下図のようになった。この測定に関する記述として適切な のはどれか。2つ選べ。 標準曲線（検量線） 吸光度（測定波長：4₅0 nm） 0.8 0.6 0.4 0.2 0 200 400 600 800 1000 1200 サイトカインＸ（pg/mL）	"[""この培養液の測定値が吸光度 1 . ₅ であった場合、培養液を希釈して再測定する ことが必要である。"",""10 倍希釈した培養液の測定値が吸光度 0 . 6 である場合、もとの培養液中のサイ トカインＸ濃度は約 600 pg/mL である。"",""培養液に含まれる別のサイトカインＹを測定するためには、サイトカインＸの 測定とすべて同じ抗体を利用できる。"",""サンドイッチ ELISA 法では抗原に対する 2 種類の抗体が使われるが、それぞ れの抗体が認識するエピトープは異なる。"",""この培養液の測定で発色が検出限界以下だった場合、標準曲線（検量線）の測 定の場合よりも反応時間を長めにしてもよい。""]"	multiChoice	[0,3]	null	normal	true	parsed	"[""none""]"		https://www.mhlw.go.jp/content/001455152.pdf	https://www.mhlw.go.jp/content/001458551.pdf	2025-02-23	MHLW website content under Public Data License 1.0 unless separately indicated; third-party content requires separate review
P110-119	110	119	理論	生物	細菌毒素に関する記述として、正しいのはどれか。2つ選べ。	"[""リポ多糖は、グラム陰性菌外膜の構成成分であり、多糖部位に免疫刺激作用が ある。"",""スーパー抗原は、B 細胞受容体と非特異的に結合して抗体産生を抑制する。"",""ストレプトリジン O は、化膿レンサ球菌から産生され、コレステロールと結 合して宿主の細胞膜に孔をあける。"",""ベロ毒素は、百日咳菌から産生され、咽頭粘膜と結合して偽膜を形成する。"",""破傷風毒素は、運動神経の終末部から取り込まれ、脊髄まで運ばれる。 一般問題（薬学理論問題）【物理・化学・生物／衛生】""]"	multiChoice	[0,2,4]	null	normal	false	parsed	"[""none""]"		https://www.mhlw.go.jp/content/001455152.pdf	https://www.mhlw.go.jp/content/001458551.pdf	2025-02-23	MHLW website content under Public Data License 1.0 unless separately indicated; third-party content requires separate review
P110-120	110	120	理論	衛生	−121 ナイアシンに関する以下の問いに答えよ。 問 120（衛生） ナイアシンに関する記述として正しいのはどれか。2つ選べ。	"[""妊娠中にナイアシンが欠乏すると、胎児に神経管閉鎖障害が起こる。"",""ナイアシンが欠乏すると、皮膚炎や下痢、中枢神経症状が現れる。"",""ナイアシンの一種であるニコチン酸には「日本人の食事摂取基準（₂₀₂₀ 年 版）」で耐容上限量が設定されていない。"",""トウモロコシを主食とする地域では、ナイアシンの欠乏症に注意する必要があ る。"",""ナイアシンが過剰になると、頭蓋内圧の亢進が起こる。""]"	multiChoice	[1,3]	null	normal	false	parsed	"[""none""]"		https://www.mhlw.go.jp/content/001455152.pdf	https://www.mhlw.go.jp/content/001458551.pdf	2025-02-23	MHLW website content under Public Data License 1.0 unless separately indicated; third-party content requires separate review
P110-121	110	121	理論	物理・化学・生物	（物理・化学・生物） ナイアシンから合成される下図の補酵素について、正しいのはどれか。2つ選 べ。 H H O O- NH2 O P O N O O OH OH NH2 N N O P O N N O- O OH O O P O- O-	"[""酸化型の構造を示している。"",""₃₄₀ nm の吸収極大を有する。"",""₃︲ヒドロキシ︲₃︲メチルグルタリル CoA（HMG︲CoA）からメバロン酸を産生 する反応に関与する。"",""ピルビン酸からアセチル CoA を産生する反応に関与する。"",""ミトコンドリア内膜上での電子の受け渡しに関与する。 一般問題（薬学理論問題）【衛生】""]"	multiChoice	[1,2]	null	normal	true	parsed	"[""none""]"		https://www.mhlw.go.jp/content/001455152.pdf	https://www.mhlw.go.jp/content/001458551.pdf	2025-02-23	MHLW website content under Public Data License 1.0 unless separately indicated; third-party content requires separate review
P110-122	110	122	理論	衛生	下表は、日本人を対象とした ₅ つのコホート研究のデータを統合して解析し、 男性の飲酒量と大腸がん、結腸がん及び直腸がんの関係について調べた結果であ る。この表に関する記述として正しいのはどれか。2つ選べ。 ただし、下表を基に算出した「飲酒しない群」の大腸がん発症率は ₁₀ 万観察人 年当たり ₁₄₂ 人、「₂₃ . ₀ g/日以上のアルコール摂取群」の大腸がん発症率は ₁₀ 万 観察人年当たり ₁₉₆ 人である。 日本人男性における飲酒と大腸がん、結腸がん及び直腸がんのリスクとの関係 週に ₁ 回以上 飲酒頻度及び 飲酒しない 週に ₁ 回未満 アルコール摂取量（g/日） アルコール摂取量 ₀ . ₁－₂₂ . ₉ ₂₃ . ₀－₄₅ . ₉ ₄₆ . ₀－₆₈ . ₉ ₆₉ . ₀－₉₁ . ₉ ₉₂ . ₀ 以上 観察人年（注 1） ₂₁₈ , ₈₆₇ ₈₁ , ₉₂₉ ₂₀₇ , ₂₁₁ ₂₂₀ , ₃₆₇ ₁₇₅ , ₄₁₄ ₈₃ , ₄₃₈ ₄₅ , ₅₃₅ 大腸がん 発症数 ₃₁₁ ₈₇ ₂₉₅ ₃₆₃ ₃₇₄ ₁₈₂ ₁₁₂ ハザード比（注 2） ₁ . ₀₀ ₁ . ₀₀ ₁ . ₂₂ ₁ . ₄₂ ₁ . ₉₅ ₂ . ₁₅ ₂ . ₉₆ （₉₅％信頼区間） （₀ . ₇₉－₁ . ₂₈） （₀ . ₉₂－₁ . ₆₁）（₁ . ₂₁－₁ . ₆₆）（₁ . ₅₃－₂ . ₄₉）（₁ . ₇₄－₂ . ₆₄）（₂ . ₂₇－₃ . ₁₆） 結腸がん 発症数 ₁₉₀ ₅₇ ₁₇₇ ₂₄₉ ₂₃₃ ₁₀₂ ₈₅ ハザード比（注 2） ₁ . ₀₀ ₁ . ₁₃ ₁ . ₂₁ ₁ . ₆₀ ₁ . ₉₇ ₁ . ₉₀ ₃ . ₄₄ （₉₅％信頼区間） （₀ . ₇₃－₁ . ₇₅） （₀ . ₈₀－₁ . ₈₄）（₁ . ₃₁－₁ . ₉₅）（₁ . ₅₁－₂ . ₅₇）（₁ . ₄₅－₂ . ₄₉）（₂ . ₅₀－₄ . ₇₂） 直腸がん 発症数 ₁₁₉ ₃₁ ₁₁₈ ₁₁₄ ₁₃₉ ₈₀ ₂₈ ハザード比（注 2） ₁ . ₀₀ ₁ . ₀₈ ₁ . ₃₀ ₁ . ₁₈ ₂ . ₀₁ ₂ . ₇₅ ₂ . ₁₀ （₉₅％信頼区間） （₀ . ₇₁－₁ . ₆₅） （₀ . ₉₀－₁ . ₅₆）（₁ . ₄₆－₂ . ₇₈）（₁ . ₄₆－₂ . ₇₈）（₂ . ₀₀－₃ . ₇₉）（₁ . ₁₆－₃ . ₈₃） American Journal of Epidemiology ₂₀₀₈；₁₆₇：₁₃₉₇︲₁₄₀₆ を基に作成 （注 ₁ ）表中の「観察人年」は、観察した人数とその観察期間の積である。 （注 ₂ ）ハザード比の基準は「飲酒しない」群である。	"[""週に ₁ 回未満の飲酒であっても、飲酒は大腸がんのリスクを有意に増加させ る。"",""₂₂ . ₉ g/日以下のアルコール摂取であっても、週に ₁ 回以上の飲酒は直腸がん のリスクを有意に増加させる。"",""₂₃ . ₀ g/日以上のアルコール摂取は、結腸がんのリスクを有意に増加させる。"",""飲酒しない群と比較して、₂₃ . ₀ g/日以上アルコールを摂取する日本人男性で は、飲酒によって ₁₀ 万観察人年当たり ₃₃₈ 人が過剰に大腸がんを発症すると推 定される。"",""飲酒しない群と比較して、₂₃ . ₀ g/日以上アルコールを摂取する日本人男性の 大腸がんのうち、₂₈％は飲酒によるものであると推定される。""]"	multiChoice	[2,4]	null	normal	true	parsed	"[""none""]"		https://www.mhlw.go.jp/content/001455152.pdf	https://www.mhlw.go.jp/content/001458551.pdf	2025-02-23	MHLW website content under Public Data License 1.0 unless separately indicated; third-party content requires separate review
P110-123	110	123	理論	衛生	疾病予防とその目的及び具体例の組合せのうち、正しいのはどれか。2つ選 べ。 疾病予防 目 的 具体例	"[""一次予防 早期発見・早期治療 新生児マススクリーニング"",""一次予防 健康増進 衛生教育や健康教室"",""二次予防 特異的予防 予防接種"",""二次予防 早期発見・早期治療 デイサービス"",""三次予防 能力低下防止 呼吸用保護具の使用"",""三次予防 機能回復 リハビリテーション""]"	multiChoice	[1,5]	null	normal	false	parsed	"[""none""]"		https://www.mhlw.go.jp/content/001455152.pdf	https://www.mhlw.go.jp/content/001458551.pdf	2025-02-23	MHLW website content under Public Data License 1.0 unless separately indicated; third-party content requires separate review
P110-124	110	124	理論	衛生	下図は性感染症報告数（男女総数）の年次推移を示しており、ア～ウは梅毒、 性器クラミジア感染症又は淋菌感染症のいずれかである。以下の記述のうち正しい のはどれか。2つ選べ。 （人） ₅₀₀₀₀ 性感染症報告数（定点または全数） ₄₅₀₀₀ ₄₀₀₀₀ ₃₅₀₀₀ ₃₀₀₀₀ ア ₂₅₀₀₀ ₂₀₀₀₀ ₁₅₀₀₀ イ ₁₀₀₀₀ ₅₀₀₀ ウ ₀ ₁₉₉₉ ₂₀₀₀ ₂₀₀₁ ₂₀₀₂ ₂₀₀₃ ₂₀₀₄ ₂₀₀₅ ₂₀₀₆ ₂₀₀₇ ₂₀₀₈ ₂₀₀₉ ₂₀₁₀ ₂₀₁₁ ₂₀₁₂ ₂₀₁₃ ₂₀₁₄ ₂₀₁₅ ₂₀₁₆ ₂₀₁₇ ₂₀₁₈ ₂₀₁₉ ₂₀₂₀ ₂₀₂₁ ₂₀₂₂ （年） 厚生労働省：性感染症報告数の年次推移より作成	"[""アは、淋菌感染症である。"",""イの病原体は、ウイルスである。"",""イの母子感染の経路は、主に母乳感染である。"",""ウの血液感染防止のため、献血された血液の抗体検査が行われている。"",""ウは、感染症法 により、全医療機関において全数把握となっている。 （注） （注）感染症法：感染症の予防及び感染症の患者に対する医療に関する法律""]"	multiChoice	[3,4]	null	normal	true	parsed	"[""none""]"		https://www.mhlw.go.jp/content/001455152.pdf	https://www.mhlw.go.jp/content/001458551.pdf	2025-02-23	MHLW website content under Public Data License 1.0 unless separately indicated; third-party content requires separate review
P110-125	110	125	理論	衛生	この ₂₀ 年間の生活習慣病に関する記述として正しいのはどれか。2つ選べ。	"[""糖尿病の患者数は ₄₀ 歳代より急激に増加するが、そのほとんどは ₁ 型糖尿病 である。"",""慢性閉塞性肺疾患（COPD）による総死亡者数は減少傾向にある。"",""心疾患による粗死亡率は増加傾向にある。"",""脳血管疾患のうち、粗死亡率が最も高いのは、脳内出血である。"",""全悪性新生物死亡のうち、膵臓がんの死亡者数は男女とも増加傾向にある。""]"	multiChoice	[2,4]	null	normal	false	parsed	"[""none""]"		https://www.mhlw.go.jp/content/001455152.pdf	https://www.mhlw.go.jp/content/001458551.pdf	2025-02-23	MHLW website content under Public Data License 1.0 unless separately indicated; third-party content requires separate review
P110-126	110	126	理論	衛生	新生児マススクリーニングの対象疾患のうち、タンデムマス法によるアシルカ ルニチンの測定結果により診断されるのはどれか。2つ選べ。	"[""ガラクトース血症"",""先天性甲状腺機能低下症"",""中鎖アシル CoA 脱水素酵素欠乏症（MCAD 欠損症）"",""フェニルケトン尿症"",""プロピオン酸血症""]"	multiChoice	[2,4]	null	normal	false	parsed	"[""none""]"		https://www.mhlw.go.jp/content/001455152.pdf	https://www.mhlw.go.jp/content/001458551.pdf	2025-02-23	MHLW website content under Public Data License 1.0 unless separately indicated; third-party content requires separate review
P110-127	110	127	理論	衛生	食品Ａ～Ｃにおけるタンパク質の栄養価を比較するために、「日本食品標準成 分表 ₂₀₂₀ 年版（八訂）アミノ酸成分表」を用いて、アミノ酸組成（mg/g タンパ ク質）を調べ、 「FAO/WHO/UNU（₂₀₀₇ 年）のアミノ酸評点パターン（ ₁ ～ ₂ 歳）」と比較した。下図に関する記述として正しいのはどれか。2つ選べ。 ただし、食品Ａ～Ｃは、米、はとむぎ又は鶏卵のいずれかである。 ₃₁ アミノ酸評点パターン ₅₈ 食品Ａ イソロイシン ₄₇ ₄₄ 食品Ｂ 食品Ｃ ₆₃ ₉₈ ロイシン ₉₅ ₁₅₀ ₅₂ ₈₄ リシン（リジン） ₄₀ ₁₈ ₂₆ ₆₃ 含硫アミノ酸合計 ₅₅ ₄₇ アミノ酸 ₄₆ ₁₁₀ 芳香族アミノ酸合計 ₁₂₀ ₉₉ ₂₇ ₅₆ トレオニン（スレオニン） ₄₃ ₃₂ ₇.₄ ₁₇ トリプトファン ₁₇ ₅.₆ ₄₂ ₇₃ バリン ₇₀ ₆₀ ₁₈ ₃₀ ヒスチジン ₃₀ ₂₄ ₀ ₅₀ ₁₀₀ ₁₅₀ ₂₀₀ アミノ酸含量（mg/g タンパク質）	"[""食品Ａは鶏卵である。"",""食品Ｂには制限アミノ酸がない。"",""食品Ｃの第一制限アミノ酸は、トリプトファンである。"",""アミノ酸スコアは、食品Ａ2食品Ｂ2食品Ｃである。"",""食品Ｃのアミノ酸スコアは ₇₇ である。""]"	multiChoice	[0,3]	null	normal	true	parsed	"[""none""]"		https://www.mhlw.go.jp/content/001455152.pdf	https://www.mhlw.go.jp/content/001458551.pdf	2025-02-23	MHLW website content under Public Data License 1.0 unless separately indicated; third-party content requires separate review
P110-128	110	128	理論	衛生	食品添加物Ａ～Ｅに関する記述として正しいのはどれか。2つ選べ。 Ａ Ｂ H3C COOH NaO3S OH N SO3Na CH3 N O CH3 CH3 H COONa H CH3 H O O H H SO3Na H H OH H3C CH3 OH H H COONa O H O H H OH OH H H OH Ｃ Ｄ Ｅ NaClO H OH H HO O N O S H N N HO OH	"[""Ａは、食品に甘味を与える目的で使用される指定添加物である。"",""Ｂは、鮮魚介類や食肉、野菜類の色調を調節する目的で使用される。"",""Ｃは、食品を漂白する目的で使用され、殺菌料としても用いられる。"",""Ｄは、金属イオンと錯体を形成することによって、油脂などの酸化を防ぐ目的 で使用される。"",""Ｅは、カビや細菌などの発育を抑制し、保存性を高める目的で乳製品などの食 品に添加して使用される。""]"	multiChoice	[0,2]	null	normal	false	parsed	"[""none""]"		https://www.mhlw.go.jp/content/001455152.pdf	https://www.mhlw.go.jp/content/001458551.pdf	2025-02-23	MHLW website content under Public Data License 1.0 unless separately indicated; third-party content requires separate review
P110-129	110	129	理論	衛生	特別用途食品と保健機能食品に関する記述として正しいのはどれか。2つ選 べ。	"[""機能性表示食品には、疾病リスク低減表示が認められている。"",""特定保健用食品は、消費者庁による安全性と機能性に関する審査を行うことな く事業者が販売できる。"",""n︲₃ 系脂肪酸は、栄養機能食品として機能を表示することができる。"",""保健機能食品以外の食品には、機能性の表示が認められていない。"",""病者用食品を販売するためには、厚生労働省に届け出なければならない。""]"	multiChoice	[2,3]	null	normal	false	parsed	"[""none""]"		https://www.mhlw.go.jp/content/001455152.pdf	https://www.mhlw.go.jp/content/001458551.pdf	2025-02-23	MHLW website content under Public Data License 1.0 unless separately indicated; third-party content requires separate review
P110-130	110	130	理論	衛生	食の安全を確保するための法制度に関する記述として正しいのはどれか。2つ 選べ。	"[""食品衛生法に基づいて広域連携協議会が設置され、複数の都道府県にまたがる 広域的な食中毒事案への対策が講じられている。"",""HACCP に沿った衛生管理では、都道府県が作成した衛生管理計画に基づいて 衛生管理を実施しなければならない。"",""食品衛生法では、薬剤師は、指定成分等含有食品の摂取によるものと疑われる 人の健康被害の把握に努めることとされている。"",""食品表示法に基づく栄養成分表示では、熱量、たんぱく質、脂質、炭水化物、 カルシウム及びビタミン類の表示が義務づけられている。"",""分別生産流通管理（IP ハンドリング）が行われた非遺伝子組換え農産物を原料 とする食品は、「遺伝子組換えでない」の表示が義務づけられている。""]"	multiChoice	[0,2]	null	normal	false	parsed	"[""none""]"		https://www.mhlw.go.jp/content/001455152.pdf	https://www.mhlw.go.jp/content/001458551.pdf	2025-02-23	MHLW website content under Public Data License 1.0 unless separately indicated; third-party content requires separate review
P110-131	110	131	理論	衛生	化学物質の毒性又は毒性発現機序に関する記述として正しいのはどれか。2つ 選べ。	"[""吸入曝露された六価クロムは、鼻中隔穿孔及び肺がんを起こす。"",""カドミウムは、中枢神経系に移行し、視野狭窄及び運動失調を起こす。"",""フェノトリンは、ナトリウムチャネルを開放状態にして、神経伝達を阻害す る。"",""グリホサートは、アセチルコリンエステラーゼを阻害して副交感神経の興奮を 起こす。"",""₂ , ₃ , ₇ , ₈︲テトラクロロジベンゾ︲p︲ジオキシンは、プレグナン X 受容体（PXR） に結合し、種々の遺伝子の転写を活性化する。""]"	multiChoice	[0,2]	null	normal	false	parsed	"[""none""]"		https://www.mhlw.go.jp/content/001455152.pdf	https://www.mhlw.go.jp/content/001458551.pdf	2025-02-23	MHLW website content under Public Data License 1.0 unless separately indicated; third-party content requires separate review
P110-132	110	132	理論	衛生	活性酸素による傷害を防ぐための生体防御因子に関する記述として、正しいの はどれか。2つ選べ。	"[""カタラーゼは、過酸化水素を水と酸素に分解する。"",""スーパーオキシドジスムターゼは、活性中心にヘム鉄をもつ。"",""グルタチオンペルオキシダーゼは、活性中心にマンガンをもつ。"",""b︲カロテンは、体内で代謝されてビタミン A となる。"",""ビタミン E は、主に細胞質で抗酸化作用を示す。""]"	multiChoice	[0,3]	null	normal	false	parsed	"[""none""]"		https://www.mhlw.go.jp/content/001455152.pdf	https://www.mhlw.go.jp/content/001458551.pdf	2025-02-23	MHLW website content under Public Data License 1.0 unless separately indicated; third-party content requires separate review
P110-133	110	133	理論	衛生	中毒原因物質とスクリーニング試験（試験方法または検査試薬）の組合せのう ち、正しいのはどれか。2つ選べ。 中毒原因物質 試験方法または検査試薬 H N	"[""CH3 ピリジン︲ピラゾロン法 CH3 CH3 H N"",""H クロモトロープ酸法 HO O H H OH H O N O H3C"",""NH 銅︲ピリジン法 O OH O"",""ラインシュ法 H3C N H CH3 OH H"",""デュケノア試薬 H H3C O CH3 H3C""]"	multiChoice	[2,4]	null	normal	false	parsed	"[""none""]"		https://www.mhlw.go.jp/content/001455152.pdf	https://www.mhlw.go.jp/content/001458551.pdf	2025-02-23	MHLW website content under Public Data License 1.0 unless separately indicated; third-party content requires separate review
P110-134	110	134	理論	衛生	化学物質の in vitro 遺伝毒性試験に関する記述として、正しいのはどれか。 2つ選べ。	"[""細菌を用いる復帰突然変異試験は、試験菌株の表現型がアミノ酸非要求性に復 帰することを利用する方法である。"",""マウスリンフォーマ TK（チミジンキナーゼ）試験は、突然変異によりコロ ニーが形成されなくなることを利用する方法である。"",""小核試験は、塩基対置換型の点突然変異を検出する方法である。"",""コメットアッセイは、切断された DNA の電気泳動における移動度が小さくな ることを利用して遺伝毒性を検出する方法である。"",""不定期 DNA 合成試験は、損傷した DNA の修復合成を測定する方法である。""]"	multiChoice	[0,4]	null	normal	false	parsed	"[""none""]"		https://www.mhlw.go.jp/content/001455152.pdf	https://www.mhlw.go.jp/content/001458551.pdf	2025-02-23	MHLW website content under Public Data License 1.0 unless separately indicated; third-party content requires separate review
P110-135	110	135	理論	衛生	ある輸入果実が農薬Ａで汚染されていることが判明し、その残留濃度は ₀ . ₀₅ ppm であった。我が国では、この果実に対して、農薬Ａの個別の残留基準値は設 定されていない。また、農薬Ａの許容一日摂取量（ADI）は ₀ . ₀₂₉ mg/kg 体重/日、 急性参照用量（ARfD）は ₀ . ₃ mg/kg 体重である。農薬Ａのリスク評価及びリスク 管理に関する記述として、正しいのはどれか。2つ選べ。	"[""ARfD は、₂₄ 時間又はそれより短時間の経口摂取でヒトの健康に悪影響を示さ ないと推定される体重 ₁ kg 当たりの摂取量である。"",""ARfD は、慢性毒性試験で得られる最大無作用量（NOAEL）又は最小作用量 （LOAEL）を安全係数で除して求められる。"",""ADI は、非意図的汚染物質をヒトが一生涯にわたって摂取し続けても健康への 悪影響がないと考えられる体重 ₁ kg 当たり、 ₁ 日当たりの摂取量である。"",""体重 ₅₀ kg の成人がこの果実を仮に毎日 ₄₀ kg 食べ続けても、農薬Ａの ADI を 超える摂取量とはならない。"",""一律基準（₀ . ₀₁ ppm）が適用されるため、この果実を販売することは食品衛生 法違反である。""]"	multiChoice	[0,4]	null	normal	false	parsed	"[""none""]"		https://www.mhlw.go.jp/content/001455152.pdf	https://www.mhlw.go.jp/content/001458551.pdf	2025-02-23	MHLW website content under Public Data License 1.0 unless separately indicated; third-party content requires separate review
P110-136	110	136	理論	衛生	電離放射線による人体への影響及び評価基準に関する記述として、正しいのは どれか。2つ選べ。	"[""吸収線量は、物質 ₁ kg 当たりに、 ₁ J のエネルギーを吸収した際に物質が受け た線量を ₁ Gy と定義されている。"",""実効線量は、確定的影響のしきい値を規定するのに用いられる。"",""等価線量は、全身の被ばくの影響を評価するための指標で、各組織又は臓器当 たりの吸収線量に組織加重係数を掛けて、合計して算出する。"",""等価線量を求めるのに用いられる放射線加重係数は、c 線より a 線の方が大きい。"",""「時間」 、「距離」 、「遮へい」の防御の ₃ 原則は、内部被ばくの低減に重要である。""]"	multiChoice	[0,3]	null	normal	false	parsed	"[""none""]"		https://www.mhlw.go.jp/content/001455152.pdf	https://www.mhlw.go.jp/content/001458551.pdf	2025-02-23	MHLW website content under Public Data License 1.0 unless separately indicated; third-party content requires separate review
P110-137	110	137	理論	衛生	地球環境の保全に関する国際的な取組みに関する記述として、正しいのはどれ か。2つ選べ。	"[""水銀に関する水俣条約では、水銀化合物及び水銀化合物を使用した製品の製造 と輸出入が規制されている。"",""生物の多様性に関する条約カルタヘナ議定書では、絶滅のおそれのある野生動 植物の種の国際取引が規制されている。"",""残留性有機汚染物質に関するストックホルム条約では、クロロフルオロカーボ ン及びハイドロクロロフルオロカーボンなど残留性有機化合物の使用が規制され ている。"",""ロンドン条約 ₁₉₉₆ 年議定書では、廃棄物等の海洋投棄及び洋上焼却が規制さ れている。"",""オゾン層を破壊する物質に関するモントリオール議定書では、温室効果ガスで ある二酸化炭素排出量の削減目標が定められている。""]"	multiChoice	[0,3]	null	normal	false	parsed	"[""none""]"		https://www.mhlw.go.jp/content/001455152.pdf	https://www.mhlw.go.jp/content/001458551.pdf	2025-02-23	MHLW website content under Public Data License 1.0 unless separately indicated; third-party content requires separate review
P110-138	110	138	理論	衛生	下図は、薬品沈殿︲急速ろ過方式の浄水過程を模式的に示したものである。次 の記述のうち、正しいのはどれか。2つ選べ。 Ａ Ｂ Ｃ Ｄ 原水 凝集沈殿 急速ろ過 塩素処理 浄水	"[""Ａの段階で前塩素処理を追加すると、アンモニア態窒素を除去したり、藍藻類 の繁殖を抑制したりすることができる。"",""Ｂの段階で中塩素処理、次いで粒状活性炭処理を追加すると、生物膜を形成し た生物活性炭による有機物の除去に有効である。 れき"",""急速ろ過の過程では、主に砂層及び石礫層に繁殖した微生物によって有機物が 除去される。"",""Ｃの段階でオゾン処理及び粒状活性炭処理を追加すると、溶解性の有機物や臭 気物質の除去に有効である。"",""トリハロメタン前駆物質の除去を目的として、Ｄの段階で粉末活性炭を注入す る。""]"	multiChoice	[0,3]	null	normal	true	parsed	"[""none""]"		https://www.mhlw.go.jp/content/001455152.pdf	https://www.mhlw.go.jp/content/001458551.pdf	2025-02-23	MHLW website content under Public Data License 1.0 unless separately indicated; third-party content requires separate review
P110-139	110	139	理論	衛生	環境汚染（大気汚染、水質汚濁、土壌汚染等）を防止するための法規制に関す る記述として、正しいのはどれか。2つ選べ。	"[""大気汚染防止法では、自動車などの移動発生源から排出されるばい煙や揮発性 有機化合物及び粉じんについて排出基準が定められている。"",""水質汚濁防止法では、健康に係る有害物質及び生活環境に係る汚染状態につい て排水基準が定められている。"",""都道府県は、国が定めた一般排出基準あるいは一律排水基準よりも厳しい「上 乗せ排出基準」あるいは「上乗せ排水基準」を定めることができる。"",""土壌汚染対策法では、すべての特定有害物質について「土壌含有基準」が定め られている。"",""ダイオキシン類対策特別措置法では、大気、水質、土壌及び農作物を対象に環 境基準が定められている。""]"	multiChoice	[1,2]	null	normal	false	parsed	"[""none""]"		https://www.mhlw.go.jp/content/001455152.pdf	https://www.mhlw.go.jp/content/001458551.pdf	2025-02-23	MHLW website content under Public Data License 1.0 unless separately indicated; third-party content requires separate review
P110-140	110	140	理論	衛生	下図の汚染物質Ａ～Ｃは、全国の一般環境大気測定局における窒素酸化物、二 酸化硫黄又は光化学オキシダントのいずれかの季節変動を示したものである。汚染 物質Ａ～Ｃに関する記述のうち、正しいのはどれか。2つ選べ。 ₀ . ₀₆ ₀ . ₀₄ 汚染物質Ｃ 濃度［ppm］ ₀ . ₀₂ 汚染物質Ｂ ₀ . ₀₀ 汚染物質Ａ ₇月 ₄月 ₁月 ₁月 ₁月 ₁月 ₄月 ₁月 ₄月 ₄月 ₇月 月 月 ₄月 ₇月 月 ₇月 月 ₇月 月 ₁₀ ₁₀ ₁₀ ₁₀ ₁₀ 年 年 年 年 年 年 ₁₇ ₁₈ ₁₉ ₂₀ ₂₁ ₂₂ ₂₀ ₂₀ ₂₀ ₂₀ ₂₀ ₂₀ 全国の一般環境大気測定局の月平均値の季節変動 （国立環境研究所 大気汚染常時監視データを基に作成）	"[""汚染物質Ａは、揮発性有機化合物や非メタン炭化水素に太陽光、特に紫外線が 照射されることによって生成する。"",""汚染物質Ｂは、移動発生源である自動車のほかに、一般家庭で使用される燃焼 器具も発生源となる。"",""汚染物質Ｃは、主に固定発生源における化石燃料の燃焼によって生成する。"",""汚染物質Ａの測定には、ザルツマン法が用いられる。"",""汚染物質Ｃの測定には、中性ヨウ化カリウム法が用いられる。 一般問題（薬学理論問題）【法規・制度・倫理】""]"	multiChoice	[1,4]	null	normal	true	parsed	"[""none""]"		https://www.mhlw.go.jp/content/001455152.pdf	https://www.mhlw.go.jp/content/001458551.pdf	2025-02-23	MHLW website content under Public Data License 1.0 unless separately indicated; third-party content requires separate review
P110-141	110	141	理論	法規・制度・倫理	薬剤師の免許の取消し等に関する記述として、正しいのはどれか。2つ選べ。	"[""薬剤師業務の停止期間は、 ₃ 年以内である。"",""戒告処分を受けた場合、再教育研修の対象になる。"",""処分にあたっては、社会保障審議会の意見を聴かなければならない。"",""薬剤師が認知症の診断を受けた場合、絶対的欠格事由として免許が取り消され る。"",""薬剤師免許を取り消された者が、再び免許を取得しようとする場合は、改めて 国家試験を受けて合格する必要がある。""]"	multiChoice	[0,1]	null	normal	false	parsed	"[""none""]"		https://www.mhlw.go.jp/content/001455152.pdf	https://www.mhlw.go.jp/content/001458551.pdf	2025-02-23	MHLW website content under Public Data License 1.0 unless separately indicated; third-party content requires separate review
P110-142	110	142	理論	法規・制度・倫理	薬局の開設者が、患者の同意なしでも患者の個人情報を第三者に提供できるの はどれか。2つ選べ。	"[""患者が通学する学校の養護教諭から、今後の健康管理のため患者の処方薬につ いて照会があった場合"",""民間保険会社から、保険加入の勧誘のため患者の連絡先について照会があった 場合"",""患者が意識不明で緊急搬送された医療機関から、患者の薬剤服用歴について照 会があった場合"",""服薬指導時に得た患者情報から処方内容に疑義が生じ、処方医に照会する場合"",""患者が勤める勤務先から、健康状態の確認のため既往歴について照会があった 場合""]"	multiChoice	[2,3]	null	normal	false	parsed	"[""none""]"		https://www.mhlw.go.jp/content/001455152.pdf	https://www.mhlw.go.jp/content/001458551.pdf	2025-02-23	MHLW website content under Public Data License 1.0 unless separately indicated; third-party content requires separate review
P110-143	110	143	理論	法規・制度・倫理	医薬品医療機器等法における再生医療等製品に関する記述として、正しいのは どれか。2つ選べ。	"[""動物の細胞に、培養その他の加工を施したものは該当しない。"",""人の体内で発現する遺伝子を含有させたものは該当しない。"",""製造販売業者は、感染症定期報告を行わなければならない。"",""再生医療等製品取扱医療関係者は、使用の対象者に対し適切な説明を行い、同 意を得て使用するよう努めなければならない。"",""医薬品副作用被害救済制度の対象ではない。""]"	multiChoice	[2,3]	null	normal	false	parsed	"[""none""]"		https://www.mhlw.go.jp/content/001455152.pdf	https://www.mhlw.go.jp/content/001458551.pdf	2025-02-23	MHLW website content under Public Data License 1.0 unless separately indicated; third-party content requires separate review
P110-144	110	144	理論	法規・制度・倫理	医薬品医療機器等法に基づく薬局管理者の義務はどれか。2つ選べ。	"[""薬局に勤務する薬剤師その他の従業者を監督しなければならない。"",""薬局の構造設備及び医薬品その他の物品を管理しなければならない。"",""薬局の前年における総取扱処方箋枚数を都道府県知事に届け出なければならな い。"",""薬局開設許可証を薬局の見やすい場所に掲示しなければならない。"",""薬局開設者に対する必要な意見を書面に残す場合は、薬局開設者の許可を受け なければならない。""]"	multiChoice	[0,1]	null	normal	false	parsed	"[""none""]"		https://www.mhlw.go.jp/content/001455152.pdf	https://www.mhlw.go.jp/content/001458551.pdf	2025-02-23	MHLW website content under Public Data License 1.0 unless separately indicated; third-party content requires separate review
P110-145	110	145	理論	法規・制度・倫理	劇薬の取扱いについて、正しいのはどれか。2つ選べ。	"[""貯蔵又は陳列の際には、他の医薬品と区別して貯蔵し、又は陳列しなければな らない。"",""貯蔵する場所には、かぎを施さなければならない。"",""₁₈ 歳未満の者に交付してはならない。"",""劇薬を譲渡する際に譲受人から交付される文書には、品名、数量、使用目的等 の記載が必要である。"",""譲受人から交付された文書の譲渡人による保存期間は、譲渡の日から ₃ 年間で ある。""]"	multiChoice	[0,3]	null	normal	false	parsed	"[""none""]"		https://www.mhlw.go.jp/content/001455152.pdf	https://www.mhlw.go.jp/content/001458551.pdf	2025-02-23	MHLW website content under Public Data License 1.0 unless separately indicated; third-party content requires separate review
P110-146	110	146	理論	法規・制度・倫理	医療法に基づく医療事故調査制度における医療事故の対応に関する記述とし て、正しいのはどれか。2つ選べ。	"[""報告先は、独立行政法人医薬品医療機器総合機構（PMDA）である。"",""対象となる医療事故は、医療に起因する入院治療を必要とする程度の健康被害 である。"",""病院の管理者は、病院の開設許可権者に申し出て、医療事故に該当するか否か の判定を受けなければならない。"",""病院の管理者は、医療事故が発生した場合、遅滞なく、定められた報告先に報 告しなければならない。"",""病院の管理者は、医療事故が発生した場合、原因を明らかにするために調査を 行わなければならない。""]"	multiChoice	[3,4]	null	normal	false	parsed	"[""none""]"		https://www.mhlw.go.jp/content/001455152.pdf	https://www.mhlw.go.jp/content/001458551.pdf	2025-02-23	MHLW website content under Public Data License 1.0 unless separately indicated; third-party content requires separate review
P110-147	110	147	理論	法規・制度・倫理	我が国の医療保険制度に関する記述として、正しいのはどれか。2つ選べ。な お、公費負担医療を受けている場合を除く。	"[""国民は公的保険に加入しなければならない。"",""保険者が支払う療養の給付に関する費用は、被保険者が支払う一部負担金を除 いた残額である。"",""₇₅ 歳以上の被保険者が支払う一部負担金の割合は、所得に関わらず同じである。"",""健康保険の被保険者が扶養する配偶者や子供は、国民健康保険に加入しなけれ ばならない。"",""健康保険では、勤務中や業務により発生した病気や怪我等を対象に療養の給付 を行う。""]"	multiChoice	[0,1]	null	normal	false	parsed	"[""none""]"		https://www.mhlw.go.jp/content/001455152.pdf	https://www.mhlw.go.jp/content/001458551.pdf	2025-02-23	MHLW website content under Public Data License 1.0 unless separately indicated; third-party content requires separate review
P110-148	110	148	理論	法規・制度・倫理	評価対象医薬品Ａは比較対照医薬品Ｂと比べて追加的有用性が示されており、 費用効用分析を行うこととなった。分析の結果、増分費用効果比（ICER）は「₂₀₀ 万円／QALY」であった。分析結果の記述として、正しいのはどれか。1つ選べ。 質調整生存年 費用 （QALY） （円） 評価対象医薬品Ａ使用群（₁₀₀ 名） ₆₀ ₃億 比較対照医薬品Ｂ使用群（₁₀₀ 名） ₁₀ ₂億	"[""Ａに切り替えずＢを使用する場合、₁QALY 当たり ₂₀₀ 万円の費用を削減でき る。"",""Ｂを使用してＡと同等の QALY を得るには、₂₀₀ 万円の費用の追加が必要である。"",""Ａに切り替えずＢを使用することによって、₁QALY の減少に伴い、₂₀₀ 万円 の費用の削減ができる。"",""ＢからＡに切り替える場合、₁QALY 当たり ₂₀₀ 万円の費用を削減できる。"",""ＢからＡに切り替えることによって、₁QALY を追加的に得るのに ₂₀₀ 万円の 費用の追加が必要である。""]"	singleChoice	4	null	normal	false	parsed	"[""none""]"		https://www.mhlw.go.jp/content/001455152.pdf	https://www.mhlw.go.jp/content/001458551.pdf	2025-02-23	MHLW website content under Public Data License 1.0 unless separately indicated; third-party content requires separate review
P110-149	110	149	理論	法規・制度・倫理	我が国の医薬分業について正しいのはどれか。2つ選べ。	"[""いわゆる医薬分業率とは、全患者のうち投薬が必要とされた患者への処方件数 に対する院外処方箋枚数の割合である。"",""都道府県による医薬分業率の地域差は、令和元年（₂₀₁₉ 年）以降認められなく なった。"",""かかりつけ薬局において薬歴管理を行うことにより、重複投薬や相互作用の有 無の確認ができ、薬物療法の有効性・安全性の向上が期待される。"",""西洋の医療制度が導入された明治 ₂ 年（₁₈₆₉ 年）を医薬分業元年として、急速 に分業が進んだ。"",""医師は、患者に必要な医薬品を病院・診療所にある医薬品に限定されることな く処方することができる。""]"	multiChoice	[2,4]	null	normal	false	parsed	"[""none""]"		https://www.mhlw.go.jp/content/001455152.pdf	https://www.mhlw.go.jp/content/001458551.pdf	2025-02-23	MHLW website content under Public Data License 1.0 unless separately indicated; third-party content requires separate review
P110-150	110	150	理論	法規・制度・倫理	薬剤師と実務実習生の会話である。会話内容に関する記述として適切なのはど れか。2つ選べ。 薬 剤 師：初めての服薬指導はうまくできましたか？ 実務実習生：いいえ、あまりうまくできませんでした。 薬 剤 師：①どのあたりがうまくいかないと思ったのですか？ 実務実習生：本当の患者さんを前にして緊張してしまい、準備した資料が気に なって②患者さんの目をあまり見られませんでした。 薬 剤 師：③初めての服薬指導は緊張しますよね。それで、緊張して患者さん の目を見てお話ができなかったと感じているのですね。 実務実習生：そうなんです。 薬 剤 師：私が見ていた感想としては、④漏れなく情報を伝えられたのは非常 に良かったです。患者さんの目を見てお話できなかった点は改善すべ きですが、患者さんの気持ちに寄り添ってお話しようと取り組んでい たのは素晴らしかったです。 実務実習生：ありがとうございます。次回は患者さんの目を見てお話することを 意識してみます。	"[""①で薬剤師は、実務実習生が考えや気持ちを話せるように、閉じた質問を行っ た。"",""②で実務実習生は、言語コミュニケーションがうまくできなかったことを伝え た。"",""③で薬剤師は、実務実習生の話を理解していることを伝えるために、実務実習 生が話した内容を共感的に繰り返した。"",""④で薬剤師は、Positive・Negative・Positive を活用してフィードバックした。"",""実務実習生は、薬剤師との会話の中で終始、非主張的な反応を示していた。""]"	multiChoice	[2,3]	null	normal	false	parsed	"[""none""]"		https://www.mhlw.go.jp/content/001455152.pdf	https://www.mhlw.go.jp/content/001458551.pdf	2025-02-23	MHLW website content under Public Data License 1.0 unless separately indicated; third-party content requires separate review
P110-151	110	151	理論	薬理	細胞内情報伝達系に関する記述として、正しいのはどれか。2つ選べ。	"[""ドパミン D2 受容体が刺激されると、Gi タンパク質を介してアデニル酸シク ラーゼ活性が抑制される。"",""グルタミン酸 NMDA 受容体が刺激されると、Ca の細胞膜透過性が亢進され 2+ る。"",""c︲アミノ酪酸 GABAB 受容体が刺激されると、Cl の細胞膜透過性が亢進され - る。"",""グルカゴン受容体が刺激されると、受容体型チロシンキナーゼが活性化され る。"",""インスリン受容体が刺激されると、膜結合型グアニル酸シクラーゼが活性化さ れる。""]"	multiChoice	[0,1]	null	normal	false	parsed	"[""none""]"		https://www.mhlw.go.jp/content/001455159.pdf	https://www.mhlw.go.jp/content/001458551.pdf	2025-02-23	MHLW website content under Public Data License 1.0 unless separately indicated; third-party content requires separate review
P110-152	110	152	理論	薬理	自律神経系に作用する薬物に関する記述として、正しいのはどれか。2つ選 べ。	"[""アコチアミドは、アセチルコリン M1 受容体を遮断して、胃酸分泌を抑制する。"",""セビメリンは、アセチルコリン M3 受容体を刺激して、唾液分泌を促進させる。"",""サルブタモールは、アドレナリン b1 受容体を遮断して、子宮平滑筋を収縮さ せる。"",""ピンドロールは、アドレナリン b2 受容体を刺激して、気管支平滑筋を弛緩さ せる。"",""クロニジンは、アドレナリン a2 受容体を刺激して、交感神経活動を抑制する。""]"	multiChoice	[1,4]	null	normal	false	parsed	"[""none""]"		https://www.mhlw.go.jp/content/001455159.pdf	https://www.mhlw.go.jp/content/001458551.pdf	2025-02-23	MHLW website content under Public Data License 1.0 unless separately indicated; third-party content requires separate review
P110-153	110	153	理論	薬理	外科的手術時に用いられる薬物に関する記述として、正しいのはどれか。2つ 選べ。	"[""血液／ガス分配係数の大きい吸入麻酔薬ほど、麻酔の導入は速い。"",""最小肺胞濃度（MAC）の大きい吸入麻酔薬ほど、麻酔作用は強い。"",""デクスメデトミジンは、アドレナリン a2 受容体を刺激することで、鎮痛及び 鎮静作用を生じる。"",""チアミラールは、c︲アミノ酪酸 GABAA 受容体のバルビツール酸結合部位に結 合することで、意識消失を生じる。"",""ケタミンは、ヒスタミン H1 受容体を遮断することで、不動化（筋弛緩）を起 こす。""]"	multiChoice	[2,3]	null	normal	false	parsed	"[""none""]"		https://www.mhlw.go.jp/content/001455159.pdf	https://www.mhlw.go.jp/content/001458551.pdf	2025-02-23	MHLW website content under Public Data License 1.0 unless separately indicated; third-party content requires separate review
P110-154	110	154	理論	薬理	抗てんかん薬に関する記述として、正しいのはどれか。2つ選べ。	"[""ラコサミドは、電位依存性 Na チャネルの緩徐な不活性化を促進して、神経 + 細胞の過剰興奮を抑制する。"",""スルチアムは、電位依存性 T 型 Ca チャネルを遮断して、欠神発作に特徴的 2+ な棘徐波複合の発生を抑制する。"",""スチリペントールは、シナプス小胞タンパク質 ₂A（SV₂A）に結合して、神経 伝達物質の遊離を抑制する。"",""ビガバトリンは、c︲アミノ酪酸（GABA）トランスアミナーゼを不可逆的に阻 害して、脳内 GABA 濃度を上昇させる。"",""ルフィナミドは、グルタミン酸 AMPA 受容体を非競合的に遮断して、神経細 胞における活動電位の発生を抑制する。""]"	multiChoice	[0,3]	null	normal	false	parsed	"[""none""]"		https://www.mhlw.go.jp/content/001455159.pdf	https://www.mhlw.go.jp/content/001458551.pdf	2025-02-23	MHLW website content under Public Data License 1.0 unless separately indicated; third-party content requires separate review
P110-155	110	155	理論	薬理	抗アレルギー薬に関する記述として、正しいのはどれか。2つ選べ。	"[""スプラタストは、プロスタノイド TP 受容体及びプロスタノイド DP2（CRTH₂） 受容体を遮断する。"",""プランルカストは、ロイコトリエン CysLT1 受容体を遮断する。"",""シプロヘプタジンは、トロンボキサン合成酵素を阻害する。"",""ラマトロバンは、ヒスタミン H1 受容体を遮断する。"",""デュピルマブは、IL︲₄ 受容体 a サブユニットに結合して、IL︲₄ 及び IL︲₁₃ の 作用を抑制する。 一般問題（薬学理論問題）【薬理／病態・薬物治療】""]"	multiChoice	[1,4]	null	normal	false	parsed	"[""none""]"		https://www.mhlw.go.jp/content/001455159.pdf	https://www.mhlw.go.jp/content/001458551.pdf	2025-02-23	MHLW website content under Public Data License 1.0 unless separately indicated; third-party content requires separate review
P110-156	110	156	理論	薬理	−157 ₆₃ 歳男性。慢性心不全と診断され、治療中である。その他の既往歴及び常 用薬はない。 問 156（薬理） 心不全治療薬に関する記述として、正しいのはどれか。2つ選べ。	"[""ミルリノンは、ホスホジエステラーゼⅢ（PDE Ⅲ）を阻害して、心筋細胞内 サイクリック AMP（cAMP）の分解を抑制する。"",""コルホルシンダロパートは、Na , K ︲ATPase を阻害して、陽性の変力作用及 + + び陰性の変時作用を示す。"",""イバブラジンは、ネプリライシンを阻害して、心房性ナトリウム利尿ペプチド の分解を抑制する。"",""カンデサルタンは、アンジオテンシンⅡ AT1 受容体を遮断して、心筋のリモ デリングを抑制する。"",""ベルイシグアトは、過分極活性化環状ヌクレオチド依存性（HCN）チャネルを 遮断して、心拍数を減少させる。""]"	multiChoice	[0,3]	null	normal	false	parsed	"[""none""]"		https://www.mhlw.go.jp/content/001455159.pdf	https://www.mhlw.go.jp/content/001458551.pdf	2025-02-23	MHLW website content under Public Data License 1.0 unless separately indicated; third-party content requires separate review
P110-157	110	157	理論	病態・薬物治療	（病態・薬物治療） 服薬は正しく継続され、副作用もみられなかったが、 ₁ ケ月前から労作時の息切 れが徐々に増悪するようになった。 ₂ ～ ₃ 日前からは安静時にも息苦しさを自覚す るようになり、昨夜突然、強い咳を伴った呼吸困難が出現したため救急搬送され た。下肢に浮腫が認められ、血圧は ₈₈/₆₀ mmHg であった。心臓超音波検査を 行ったところ、左室駆出率（LVEF）は ₃₀％に低下していた。さらに、胸部 X 線 検査により肺うっ血と軽度な心拡大の所見が認められ、慢性心不全の急性増悪と診 断され入院となった。この患者の来院時の病態及び症状に関する記述として、正し いのはどれか。2つ選べ。	"[""右心機能は正常である。"",""心臓からのナトリウム利尿ペプチドの分泌が亢進している。"",""心電図で ST 上昇が認められる。"",""呼吸症状は、起坐位よりも仰臥位で増悪する。"",""尿量は増加している可能性が高い。 一般問題（薬学理論問題）【薬理】""]"	multiChoice	[1,3]	null	normal	false	parsed	"[""none""]"		https://www.mhlw.go.jp/content/001455159.pdf	https://www.mhlw.go.jp/content/001458551.pdf	2025-02-23	MHLW website content under Public Data License 1.0 unless separately indicated; third-party content requires separate review
P110-158	110	158	理論	薬理	高血圧症治療薬に関する記述として、正しいのはどれか。2つ選べ。	"[""テラゾシンは、アドレナリン a1 及び b1 受容体を遮断して、反射性頻脈を起こ さずに血圧を低下させる。"",""アムロジピンは、電位依存性 L 型 Ca チャネルを遮断して、血管平滑筋細胞 2+ への Ca 流入を抑制する。 2+"",""アリスキレンは、エンドセリン ETA 及び ETB 受容体を遮断して、血管平滑筋 を弛緩させる。"",""インダパミドは、遠位尿細管における Na の再吸収を阻害して、循環血流量 + を減少させる。"",""エサキセレノンは、集合管において、バソプレシン V2 受容体を遮断して、水 の再吸収を抑制する。""]"	multiChoice	[1,3]	null	normal	false	parsed	"[""none""]"		https://www.mhlw.go.jp/content/001455159.pdf	https://www.mhlw.go.jp/content/001458551.pdf	2025-02-23	MHLW website content under Public Data License 1.0 unless separately indicated; third-party content requires separate review
P110-159	110	159	理論	薬理	抗血小板薬に関する記述として、正しいのはどれか。2つ選べ。	"[""シロスタゾールは、ADP P₂Y12 受容体を遮断することで、血小板内サイクリッ ク AMP（cAMP）濃度を増加させる。"",""オザグレルは、アデノシン A2 受容体を遮断することで、血小板内 Ca 濃度の 2+ 上昇を抑制する。"",""ベ ラ プ ロ ス ト は、 プ ロ ス タ ノ イ ド IP 受 容 体 を 刺 激 す る こ と で、 血 小 板 内 cAMP 濃度を増加させる。"",""サルポグレラートは、セロトニン ₅︲HT2 受容体を遮断することで、血小板内 Ca 濃度の上昇を抑制する。 2+"",""プラスグレルは、ホスホジエステラーゼⅢ（PDE Ⅲ）を阻害することで、血 小板内 cAMP 濃度を増加させる。""]"	multiChoice	[2,3]	null	normal	false	parsed	"[""none""]"		https://www.mhlw.go.jp/content/001455159.pdf	https://www.mhlw.go.jp/content/001458551.pdf	2025-02-23	MHLW website content under Public Data License 1.0 unless separately indicated; third-party content requires separate review
P110-160	110	160	理論	薬理	呼吸器系に作用する薬物に関する記述として、正しいのはどれか。2つ選べ。	"[""オキシメテバノールは、オピオイド受容体を刺激して、鎮咳作用を示す。"",""L︲カルボシステインは、構造中に SH 基を有し、ムコタンパク質のペプチド鎖 の連結を切断して、去痰作用を示す。"",""フルマゼニルは、末梢性化学受容器を刺激して、間接的に呼吸中枢を興奮させ る。"",""ブロムヘキシンは、アンブロキソールの活性代謝物であり、肺サーファクタン ト分泌を促進する。"",""ニンテダニブは、血管内皮増殖因子受容体（VEGFR）、線維芽細胞増殖因子受 容体（FGFR）及び血小板由来増殖因子受容体（PDGFR）のチロシンキナーゼを 阻害して、肺の線維化を抑制する。""]"	multiChoice	[0,4]	null	normal	false	parsed	"[""none""]"		https://www.mhlw.go.jp/content/001455159.pdf	https://www.mhlw.go.jp/content/001458551.pdf	2025-02-23	MHLW website content under Public Data License 1.0 unless separately indicated; third-party content requires separate review
P110-161	110	161	理論	薬理	過敏性腸症候群治療薬に関する記述として、正しいのはどれか。2つ選べ。	"[""ポリカルボフィルカルシウムは、胃内の酸性条件下でカルシウムを脱離し、腸 管腔内において膨潤・ゲル化することで、水分バランスを調節する。"",""ラモセトロンは、求心性神経終末に存在するセロトニン ₅︲HT3 受容体を遮断 することで、大腸痛覚の伝達を抑制する。"",""メペンゾラートは、副交感神経のセロトニン ₅︲HT4 受容体を刺激し、アセチ ルコリン遊離を促進することで、腸運動を亢進する。"",""トリメブチンは、消化管運動亢進時には、アドレナリン作動性神経のオピオイ ド n 受容体を刺激することで、腸運動を抑制する。"",""リナクロチドは、胆汁酸トランスポーターを阻害し、胆汁酸の再吸収を抑制す ることで、腸管内に水分及び電解質を分泌させる。 一般問題（薬学理論問題）【薬理／病態・薬物治療】""]"	multiChoice	[0,1]	null	normal	false	parsed	"[""none""]"		https://www.mhlw.go.jp/content/001455159.pdf	https://www.mhlw.go.jp/content/001458551.pdf	2025-02-23	MHLW website content under Public Data License 1.0 unless separately indicated; third-party content requires separate review
P110-162	110	162	理論	病態・薬物治療	−163 ₅₀ 歳男性。営業職で飲酒の機会が多く、 ₅ 年間で体重は ₈ kg 増加した。 健診にて ₄ 年前より高血糖を指摘されていたが、放置していた。最近、口渇と頻尿 を認めるようになったため病院を受診し検査を受けた結果、 ₂ 型糖尿病と診断され た。服薬歴なし。喫煙 ₂₀ 本/日。運動習慣はない。 問 162（病態・薬物治療） この患者の身体所見及び検査値は以下のとおりである。 身長 ₁₇₅ cm、体重 ₈₀ kg、血圧 ₁₄₆/₉₄ mmHg、脈拍 ₆₂ 拍/分、下腿に浮腫はない。 尿検査：糖（ ₃+）、尿タンパク（!）、潜血（-）、ケトン体（-）、 尿アルブミン/クレアチニン比 ₉₀ mg/gCr 血液検査：空腹時血糖 ₁₈₂ mg/dL、HbA₁c ₈ . ₄％、LDL︲C ₁₆₂ mg/dL、 TG（トリグリセリド）₂₃₀ mg/dL、HDL︲C ₃₈ mg/dL、尿酸 ₅ . ₈ mg/dL、 血清クレアチニン ₀ . ₈ mg/dL、BUN ₁₂ mg/dL、 eGFR ₈₁ mL/min/₁ . ₇₃ m 、Na ₁₄₂ mEq/L、Cl ₁₀₂ mEq/L、 K ₄ . ₂ mEq/L 眼底検査：異常なし 本患者において ₂ 型糖尿病に合併しているのはどれか。2つ選べ。	"[""糖尿病性腎症"",""単純網膜症"",""病型分類Ⅰ型の脂質異常症"",""高尿酸血症"",""肥満症""]"	multiChoice	[0,4]	null	normal	false	parsed	"[""none""]"		https://www.mhlw.go.jp/content/001455159.pdf	https://www.mhlw.go.jp/content/001458551.pdf	2025-02-23	MHLW website content under Public Data License 1.0 unless separately indicated; third-party content requires separate review
P110-163	110	163	理論	薬理	（薬理） 糖尿病治療薬に関する記述として、正しいのはどれか。2つ選べ。	"[""グリクラジドは、ATP 感受性 K チャネルを開口して、膵臓ランゲルハンス島 + b 細胞からのインスリン分泌を促進する。"",""ピオグリタゾンは、ペルオキシソーム増殖剤応答性受容体 a（PPAR a）を刺 激して、アディポネクチンの分泌を低下させる。"",""ボグリボースは、小腸上皮細胞に存在する a︲グルコシダーゼを阻害して、単 糖類の生成を抑制する。"",""ルセオグリフロジンは、ナトリウム︲グルコース共輸送体 ₂ （SGLT₂）を阻害 して、近位尿細管におけるグルコースの再吸収を抑制する。"",""イメグリミンは、インクレチンの分解を抑制して、膵臓ランゲルハンス島 a 細 胞からのグルカゴン分泌を促進する。 一般問題（薬学理論問題）【薬理】""]"	multiChoice	[2,3]	null	normal	false	parsed	"[""none""]"		https://www.mhlw.go.jp/content/001455159.pdf	https://www.mhlw.go.jp/content/001458551.pdf	2025-02-23	MHLW website content under Public Data License 1.0 unless separately indicated; third-party content requires separate review
P110-164	110	164	理論	薬理	脂質異常症治療薬に関する記述として、正しいのはどれか。2つ選べ。	"[""アトルバスタチンは、₃︲ヒドロキシ︲₃︲メチルグルタリル CoA（HMG︲CoA） 還元酵素を阻害して、肝細胞の低密度リポタンパク質（LDL）受容体を増加させ る。"",""コレスチミドは、転写因子 SREBP︲₁c の活性を抑制して、トリグリセリドの合 成を抑制する。"",""プロブコールは、小腸コレステロールトランスポーターを阻害して、腸管から のコレステロール吸収を抑制する。"",""ベザフィブラートは、ミクロソームトリグリセリド輸送タンパク質（MTP） を阻害して、超低密度リポタンパク質（VLDL）の産生を抑制する。"",""ニコモールは、ニコチン酸受容体を刺激し、脂肪組織における脂肪分解を抑制 して、肝臓への遊離脂肪酸の動員を減少させる。 一般問題（薬学理論問題）【薬理／病態・薬物治療】""]"	multiChoice	[0,4]	null	normal	false	parsed	"[""none""]"		https://www.mhlw.go.jp/content/001455159.pdf	https://www.mhlw.go.jp/content/001458551.pdf	2025-02-23	MHLW website content under Public Data License 1.0 unless separately indicated; third-party content requires separate review
P110-165	110	165	理論	病態・薬物治療	−166 ₆ 歳男児。咽頭痛のため耳鼻咽喉科を受診した。血液検査で抗ストレプト リジン O（ASO）抗体と抗ストレプトキナーゼ（ASK）抗体の上昇が認められ、 A 群溶血性レンサ球菌（溶連菌）咽頭炎と診断された。 問 165（病態・薬物治療） A 群溶血性レンサ球菌（溶連菌）咽頭炎に関する記述として、正しいのはどれ か。2つ選べ。	"[""空気感染が、主な感染経路である。"",""起因菌は、血液寒天培地上で溶血反応を示す。"",""特徴的な所見として、舌に白色の水疱を認めることが多い。"",""合併症として、急性糸球体腎炎を認めることがある。"",""自然治癒することはない。""]"	multiChoice	[1,3]	null	normal	false	parsed	"[""none""]"		https://www.mhlw.go.jp/content/001455159.pdf	https://www.mhlw.go.jp/content/001458551.pdf	2025-02-23	MHLW website content under Public Data License 1.0 unless separately indicated; third-party content requires separate review
P110-166	110	166	理論	薬理	（薬理） レンサ球菌属に対して抗菌作用を示す薬物に関する記述として、正しいのはどれ か。2つ選べ。	"[""セファレキシンは、細菌のピルビン酸転移酵素を阻害して、UDP︲N ︲アセチル ムラミン酸の合成を抑制する。"",""エリスロマイシンは、細菌のジヒドロ葉酸還元酵素を阻害して、テトラヒドロ 葉酸の生成を抑制する。"",""アモキシシリンは、細菌のペニシリン結合タンパク質に共有結合して、不可逆 的にトランスペプチダーゼ活性を阻害する。"",""クリンダマイシンは、細菌のリボソーム ₅₀S サブユニットに結合して、ペプチ ド転移酵素反応を阻害する。"",""アジスロマイシンは、細菌のリボソーム ₃₀S サブユニットと結合して、アミノ アシル tRNA が mRNA と結合するのを阻害する。 一般問題（薬学理論問題）【薬理】""]"	multiChoice	[2,3]	null	normal	false	parsed	"[""none""]"		https://www.mhlw.go.jp/content/001455159.pdf	https://www.mhlw.go.jp/content/001458551.pdf	2025-02-23	MHLW website content under Public Data License 1.0 unless separately indicated; third-party content requires separate review
P110-167	110	167	理論	薬理	抗悪性腫瘍薬に関する記述として、正しいのはどれか。2つ選べ。	"[""オキサリプラチンは、がん細胞の DNA 鎖内及び鎖間に架橋を形成して、DNA の複製及び転写を阻害する。"",""パクリタキセルは、微小管の重合を阻害して、紡錘糸の機能を抑制する。"",""イリノテカンは、体内で活性代謝物に変化し、トポイソメラーゼⅠ活性を阻害 して、切断された一本鎖 DNA の再結合を抑制する。"",""ニボルマブは、T 細胞上の PD︲₁ に結合し、PD︲₁ と PD︲L₁ 及び PD︲L₂ の結 合を阻害して、T 細胞の活性化を抑制する。"",""ラムシルマブは、上皮増殖因子受容体（EGFR）に結合し、EGF の作用を抑制 して、腫瘍血管新生を抑制する。""]"	multiChoice	[0,2]	null	normal	false	parsed	"[""none""]"		https://www.mhlw.go.jp/content/001455159.pdf	https://www.mhlw.go.jp/content/001458551.pdf	2025-02-23	MHLW website content under Public Data License 1.0 unless separately indicated; third-party content requires separate review
P110-168	110	168	理論	薬理	鉱質コルチコイド作用が弱く、糖質コルチコイド作用が最も強いステロイド性 抗炎症薬はどれか。1つ選べ。 1 2 3 O O O H H3C OH H H3C OH H H3C OH HO OH HO OH HO OH H3C H CH3 H3C H OH H3C H H H F H F H F H O O O 4 5 O O H H3C OH H H3C OH HO OH HO OH H3C H H3C H H H H H O O H CH3 一般問題（薬学理論問題）【薬剤】	[]	singleChoice	0	null	normal	true	no_choice_sequence	"[""none""]"		https://www.mhlw.go.jp/content/001455159.pdf	https://www.mhlw.go.jp/content/001458551.pdf	2025-02-23	MHLW website content under Public Data License 1.0 unless separately indicated; third-party content requires separate review
P110-169	110	169	理論	薬剤	メトプロロールは、肝臓における代謝及び尿中への排泄の両過程により体内か ら消失する。全身クリアランスは ₁ . ₀ L/min であり、静脈内投与後の尿中未変化 体排泄率は投与量の ₁₀％である。メトプロロールを経口投与した際、肝初回通過 効果により消失する割合（％）に最も近い値はどれか。1つ選べ。 ただし、メトプロロールの消化管からの吸収は ₁₀₀％であり、消化管における代 謝はなく、肝血流量は ₁ . ₅ L/min とする。	"[""₂₀"",""₃₀"",""₄₀"",""₅₀"",""₆₀""]"	singleChoice	4	null	normal	false	parsed	"[""none""]"		https://www.mhlw.go.jp/content/001455159.pdf	https://www.mhlw.go.jp/content/001458551.pdf	2025-02-23	MHLW website content under Public Data License 1.0 unless separately indicated; third-party content requires separate review
P110-170	110	170	理論	薬剤	ある薬物は血漿と組織に分布し、その血漿中非結合形分率は ₀ . ₁₀、組織中非結 合形分率は ₀ . ₅₀ である。この薬物を患者に投与したときの分布容積（L）に最も 近い値はどれか。1つ選べ。 ただし、この患者の血漿容積は ₃ L、組織容積は ₄₀ L とする。	"[""₀.₃"",""₃"",""₁₁"",""₄₃"",""₂₀₃""]"	singleChoice	2	null	normal	false	parsed	"[""none""]"		https://www.mhlw.go.jp/content/001455159.pdf	https://www.mhlw.go.jp/content/001458551.pdf	2025-02-23	MHLW website content under Public Data License 1.0 unless separately indicated; third-party content requires separate review
P110-171	110	171	理論	薬剤	ある薬物のアルブミンへの結合定数は ₁₀（nmol/L） 、結合部位数は ₂ であ る。この薬物のアルブミン結合に関する両逆数プロットを点線で表し、また、この 薬物のアルブミンへの結合が別の薬物の共存により競合的に阻害された場合を実線 で表すとき、正しい図はどれか。1つ選べ。 ただし、図中の r はアルブミン ₁ 分子当たりに結合している薬物の分子数を、 ［Df］は非結合形薬物濃度を示す。 1 2 3 ₅ ₅ ₅ ₄ ₄ ₄ ₃ ₃ ₃ ₁/r ₁/r ₁/r ₂ ₂ ₂ ₁ ₁ ₁ -₁₀ ₀ ₁₀ ₂₀ ₃₀ -₁₀ ₀ ₁₀ ₂₀ ₃₀ -₁₀ ₀ ₁₀ ₂₀ ₃₀ ₁/［Df］ （（nmol/L） ） ₁/［Df］ （（nmol/L） ） ₁/［Df］ （（nmol/L） ） -1 -1 -1 4 5 6 ₁₀ ₁₀ ₁₀ ₈ ₈ ₈ ₆ ₆ ₆ ₁/r ₁/r ₁/r ₄ ₄ ₄ ₂ ₂ ₂ -₁₀ ₀ ₁₀ ₂₀ ₃₀ -₁₀ ₀ ₁₀ ₂₀ ₃₀ -₁₀ ₀ ₁₀ ₂₀ ₃₀ ₁/［Df］ （（nmol/L） ） ₁/［Df］ （（nmol/L） ） ₁/［Df］ （（nmol/L） ） -1 -1 -1	[]	singleChoice	0	null	normal	true	no_choice_sequence	"[""none""]"		https://www.mhlw.go.jp/content/001455159.pdf	https://www.mhlw.go.jp/content/001458551.pdf	2025-02-23	MHLW website content under Public Data License 1.0 unless separately indicated; third-party content requires separate review
P110-172	110	172	理論	薬剤	プロドラッグとその活性代謝物の組合せとして、正しいのはどれか。2つ選べ。 プロドラッグ 活性代謝物	"[""カルビドパ ドパミン"",""カペシタビン フルオロウラシル"",""アシクロビル バラシクロビル"",""カンデサルタンシレキセチル カンデサルタン"",""オセルタミビル ラニナミビル""]"	multiChoice	[1,3]	null	normal	false	parsed	"[""none""]"		https://www.mhlw.go.jp/content/001455159.pdf	https://www.mhlw.go.jp/content/001458551.pdf	2025-02-23	MHLW website content under Public Data License 1.0 unless separately indicated; third-party content requires separate review
P110-173	110	173	理論	薬剤	腎機能が低下したある患者のイヌリンクリアランスが ₃₀ mL/min/₁ . ₇₃ m 、ク レアチニンクリアランスが ₅₀ mL/min/₁ . ₇₃ m であった。この患者の腎機能に関 する記述として適切なのはどれか。2つ選べ。 ただし、クレアチニンは血漿タンパク質に結合せず、尿細管で再吸収されないも のとする。	"[""糸球体ろ過速度は ₂₀ mL/min/₁ . ₇₃ m と推定できる。"",""イヌリンの尿細管での再吸収クリアランスは ₂₀ mL/min/₁ . ₇₃ m と推定でき る。"",""クレアチニンの尿細管分泌クリアランスは ₂₀ mL/min/₁ . ₇₃ m と推定できる。"",""糸球体ろ過速度が正常なときより、イヌリンクリアランスは大きいと考えられ る。"",""糸球体ろ過速度が正常なときより、クレアチニンクリアランスは小さいと考え られる。""]"	multiChoice	[2,4]	null	normal	false	parsed	"[""none""]"		https://www.mhlw.go.jp/content/001455159.pdf	https://www.mhlw.go.jp/content/001458551.pdf	2025-02-23	MHLW website content under Public Data License 1.0 unless separately indicated; third-party content requires separate review
P110-174	110	174	理論	薬剤	薬物の腎排泄過程における相互作用により血中濃度が上昇する薬物、併用薬、 関与するトランスポーターの組合せとして、正しいのはどれか。2つ選べ。 薬物 併用薬 トランスポーター ペプチドトランスポーター	"[""プロカインアミド シメチジン PEPT₁ 有機アニオントランスポーター"",""メトホルミン リファンピシン OATP₁B₁ 有機アニオントランスポーター"",""メトトレキサート プロベネシド OAT₁ 、OAT₃"",""ジゴキシン ベラパミル P︲糖タンパク質 有機カチオントランスポーター"",""シクロスポリン シスプラチン OCT₂""]"	multiChoice	[2,3]	null	normal	false	parsed	"[""none""]"		https://www.mhlw.go.jp/content/001455159.pdf	https://www.mhlw.go.jp/content/001458551.pdf	2025-02-23	MHLW website content under Public Data License 1.0 unless separately indicated; third-party content requires separate review
P110-175	110	175	理論	薬剤	体内動態が線形 ₁︲コンパートメントモデルに従い、生物学的半減期が ₁ . ₄ 時間 である薬物を、 ₃ 種類の剤形で同用量を経口投与したとき、下表に示す血中濃度時 間曲線下面積（AUC）と一次モーメント時間曲線下面積（AUMC）が得られた。 この結果に関する記述として、正しいのはどれか。2つ選べ。 ただし、絶対的バイオアベイラビリティはいずれも ₁₀₀％とし、ln ₂ = ₀ . ₆₉₃ と する。 剤形 AUC（mg・h/L） AUMC（mg・h /L） 経口液剤 ₆.₀ 散剤 ₂.₀ ₉.₀ 錠剤 ₁₀	"[""最高血中濃度が最も大きいのは経口液剤である。"",""投与量を増やすと平均滞留時間は長くなる。"",""経口液剤を経口投与したときの平均吸収時間は約 ₁ . ₀ h である。"",""散剤の平均溶出時間は約 ₀ . ₅ h である。"",""錠剤の平均崩壊時間は約 ₁ . ₅ h である。""]"	multiChoice	[0,2]	null	normal	true	parsed	"[""none""]"		https://www.mhlw.go.jp/content/001455159.pdf	https://www.mhlw.go.jp/content/001458551.pdf	2025-02-23	MHLW website content under Public Data License 1.0 unless separately indicated; third-party content requires separate review
P110-176	110	176	理論	薬剤	ある水不溶性の薬物粉体 ₂₅ . ₀ g を ₅₀ . ₀ mL の容器に充てんした。この容器を 水で満たしたとき、全体の質量（容器質量を除く）は ₅₅ . ₀ g であった。この粉体 の真密度（g/mL）に最も近い値はどれか。1つ選べ。 ただし、水の密度を ₁ . ₀₀ g/mL とし、添加した水は粉体の空隙をすべて満たす ものとする。	"[""₀ . ₈₀"",""₁ . ₀₀"",""₁ . ₂₅"",""₁ . ₅₀"",""₁ . ₇₅""]"	singleChoice	2	null	normal	false	parsed	"[""none""]"		https://www.mhlw.go.jp/content/001455159.pdf	https://www.mhlw.go.jp/content/001458551.pdf	2025-02-23	MHLW website content under Public Data License 1.0 unless separately indicated; third-party content requires separate review
P110-177	110	177	理論	薬剤	テオフィリン無水物（分子量 ₁₈₀）の結晶、非晶質、及び両者の混合物につい て、下図のＡ～Ｃに示す水蒸気吸着等温線が得られた。この結果に関する記述のう ち、正しいのはどれか。2つ選べ。 ただし、結晶は吸湿せず、非晶質は相対湿度 ₈₀％以上ですべて水和物に転移す るものとする。 ₁₂ Ａ ₁₀ 質量変化（％） ₈ Ｂ ₆ ₄ ₂ Ｃ ₀ ₀ ₁₀ ₂₀ ₃₀ ₄₀ ₅₀ ₆₀ ₇₀ ₈₀ ₉₀ 相対湿度（％）	"[""Ａは、₁₀₀％の結晶である。"",""Ｂは、質量比で ₄₀％の結晶と ₆₀％の非晶質の混合物である。"",""Ｃは、質量比で ₆₀％の結晶と ₄₀％の非晶質の混合物である。"",""テオフィリンの無水物は吸湿して二水和物となる。"",""相対湿度 ₅₀％で保存したＢは、質量比で ₁ ％の吸着水を含む。""]"	multiChoice	[1,4]	null	normal	true	parsed	"[""none""]"		https://www.mhlw.go.jp/content/001455159.pdf	https://www.mhlw.go.jp/content/001458551.pdf	2025-02-23	MHLW website content under Public Data License 1.0 unless separately indicated; third-party content requires separate review
P110-178	110	178	理論	薬剤	図中の直線は、 ₃ 種の薬物Ａ、Ｂ、Ｃがそれぞれ溶解補助剤Ｘと可溶性複合体 ＡＸ、ＢＸ、ＣＸを形成し、溶解度が増大する様子を示している。 Ａ Ｂ 薬物の溶解度 Ｃ 溶解補助剤Ｘの添加濃度 以下の記述のうち、正しいのはどれか。2つ選べ。 なお、いずれの場合も安定度定数 K は次式で表される。 ［可溶性複合体］ K= ［薬物］・［Ｘ］ ただし、［ ］は濃度を示す。	"[""溶解補助剤を添加しないとき、薬物の溶解度の大小関係は、Ａ = Ｃ 2 Ｂであ る。"",""可溶性複合体ＡＸと可溶性複合体ＢＸの安定度定数は等しい。"",""可溶性複合体ＡＸの安定度定数は、可溶性複合体ＣＸの安定度定数より大き い。"",""可溶性複合体ＢＸの安定度定数は、可溶性複合体ＣＸの安定度定数より小さ い。"",""K の値が小さいほど、薬物とＸは安定な可溶性複合体を形成する。""]"	multiChoice	[0,2]	null	normal	false	parsed	"[""none""]"		https://www.mhlw.go.jp/content/001455159.pdf	https://www.mhlw.go.jp/content/001458551.pdf	2025-02-23	MHLW website content under Public Data License 1.0 unless separately indicated; third-party content requires separate review
P110-179	110	179	理論	薬剤	薬物の溶解性を高める製剤的手法に関する記述として、正しいのはどれか。 2つ選べ。	"[""微粉化により、比表面積を小さくする。"",""シクロデキストリンにより、ミセルを形成させる。"",""水と混和する有機溶媒を添加して、溶媒の極性を変化させる。"",""結晶性薬物の場合、非晶質化して熱力学的に安定化させる。"",""テオフィリンの場合、エチレンジアミンと複合体を形成させる。""]"	multiChoice	[2,4]	null	normal	false	parsed	"[""none""]"		https://www.mhlw.go.jp/content/001455159.pdf	https://www.mhlw.go.jp/content/001458551.pdf	2025-02-23	MHLW website content under Public Data License 1.0 unless separately indicated; third-party content requires separate review
P110-180	110	180	理論	薬剤	分散系医薬品と製剤の種類（投与時）との組合せのうち、正しいのはどれか。 2つ選べ。 分散系医薬品（有効成分） 製剤の種類（投与時）	"[""ドキシル注 ₂₀ mg（ドキソルビシン塩酸塩） リポソーム"",""ネオーラル内用液 ₁₀％（シクロスポリン） 高分子ミセル"",""リュープリン注射用 ₁ . ₈₈ mg（リュープロレリン酢酸塩） 多相エマルション"",""フェジン静注 ₄₀ mg（含糖酸化鉄） 分散コロイド"",""₁％ディプリバン注（プロポフォール） サスペンション""]"	multiChoice	[0,3]	null	normal	false	parsed	"[""none""]"		https://www.mhlw.go.jp/content/001455159.pdf	https://www.mhlw.go.jp/content/001458551.pdf	2025-02-23	MHLW website content under Public Data License 1.0 unless separately indicated; third-party content requires separate review
P110-181	110	181	理論	薬剤	下図はロータリー打錠機による打錠工程を模式的に示したものである。工程Ａ はどれか。1つ選べ。 ホッパー 上杵 原料粉体 スクレーパー 錠剤 錠剤出口 臼 ターンテーブル 下杵 秤重 レール Ａ	"[""臼への充填"",""予備圧縮"",""重量調節"",""圧縮成形"",""錠剤放出""]"	singleChoice	2	null	normal	true	parsed	"[""none""]"		https://www.mhlw.go.jp/content/001455159.pdf	https://www.mhlw.go.jp/content/001458551.pdf	2025-02-23	MHLW website content under Public Data License 1.0 unless separately indicated; third-party content requires separate review
P110-182	110	182	理論	薬剤	粘膜に適用する製剤に関する記述のうち、正しいのはどれか。2つ選べ。	"[""バッカル錠は、咀嚼により、有効成分を放出する口腔用錠剤である。"",""点鼻粉末剤には、通例、密閉容器が用いられる。"",""点眼剤の非水性溶剤には、通例、植物油が用いられる。"",""眼軟膏剤に含まれる粒子の最大粒子径は、通例、₁₅₀ nm 以下である。"",""坐剤の油脂性基剤として、マクロゴールが用いられる。""]"	multiChoice	[1,2]	null	normal	false	parsed	"[""none""]"		https://www.mhlw.go.jp/content/001455159.pdf	https://www.mhlw.go.jp/content/001458551.pdf	2025-02-23	MHLW website content under Public Data License 1.0 unless separately indicated; third-party content requires separate review
P110-183	110	183	理論	薬剤	日本薬局方一般試験法に関する記述として、正しいのはどれか。2つ選べ。	"[""製剤均一性試験法において、医薬品の有効成分含量が ₅ mg で、有効成分濃度 が ₂ . ₅％の素錠には、質量偏差試験が適用できる。"",""溶出試験法には、パドルオーバーディスク法、シリンダー法及び縦型拡散セル 法がある。"",""カールフィッシャー法は、試料のオスモル濃度を凝固点降下法を用いて測定す る方法である。"",""エンドトキシン試験法は、ライセート試薬を用いてグラム陰性菌由来のエンド トキシンを検出又は定量する試験法である。"",""注射剤の採取容量試験法は、表示量よりやや過剰に採取できる量が容器に充填 されていることを確認する試験法である。 一般問題（薬学理論問題）【病態・薬物治療】""]"	multiChoice	[3,4]	null	normal	false	parsed	"[""none""]"		https://www.mhlw.go.jp/content/001455159.pdf	https://www.mhlw.go.jp/content/001458551.pdf	2025-02-23	MHLW website content under Public Data License 1.0 unless separately indicated; third-party content requires separate review
P110-184	110	184	理論	病態・薬物治療	アトピー性皮膚炎の病態と治療に関する記述として、正しいのはどれか。2つ 選べ。	"[""乳幼児期には、体幹や四肢に乾燥や皮疹が発症したのちに頭部や顔面に拡大す る。"",""掻痒、左右対称性の湿疹及び慢性・反復性経過を特徴とする。"",""血液検査では、血中 IgA 値が高値を示す。"",""外用療法の第一選択は、非ステロイド性抗炎症薬（NSAIDs）である。"",""タクロリムス軟膏を使用する場合は、塗布部位の灼熱感やほてり、感染症に注 意する。""]"	multiChoice	[1,4]	null	normal	false	parsed	"[""none""]"		https://www.mhlw.go.jp/content/001455159.pdf	https://www.mhlw.go.jp/content/001458551.pdf	2025-02-23	MHLW website content under Public Data License 1.0 unless separately indicated; third-party content requires separate review
P110-185	110	185	理論	病態・薬物治療	₂₂ 歳女性。不安を主訴に来院。高校 ₂ 年の ₃ 月頃より、大学受験のストレスを 感じるようになった。その頃から友人と一緒に食事をした際に、喉が詰まった感じ で物を飲み込みづらくなったが受験のストレスと思って放置した。大学入学後も、 友人との外食の際に何度か同様の症状が出現し、次第に人に見られている気がして 手が震えるようになり、友人と遊ぶこともできなくなった。就職が決まり、今後仕 事に支障がでるのではないかと心配し、内科を受診したが身体所見や神経学的所見 に異常はないため、精神科を紹介された。 精神科での診察で質問に対して的確に回答し、抑うつ症状は認められなかった。 自宅では普通に食事はできる。自分では気にする必要はないと理解しているが、な ぜ、外食時にはこんなに緊張して食事ができなくなるかわからないという。 この患者の治療薬として適切なのはどれか。2つ選べ。	"[""パロキセチン"",""炭酸リチウム"",""エチゾラム"",""ハロペリドール"",""オランザピン""]"	multiChoice	[0,2]	null	normal	false	parsed	"[""none""]"		https://www.mhlw.go.jp/content/001455159.pdf	https://www.mhlw.go.jp/content/001458551.pdf	2025-02-23	MHLW website content under Public Data License 1.0 unless separately indicated; third-party content requires separate review
P110-186	110	186	理論	病態・薬物治療	₁₇ 歳男性。₁₄ 歳時、起床時に右肩がぴくついた後、意識が消失した。病院に おいて脳波検査で異常が指摘され、てんかんと診断された。バルプロ酸ナトリウム による治療が開始され、問題なく経過していた。今回、全般性強直間代発作が出現 し、重積状態になったため救急搬送された。₂₀ 分ほどけいれん発作が持続してい る。 本患者のけいれん抑制のために最初に静脈内投与される薬物として、適切なのは どれか。2つ選べ。	"[""メタンフェタミン"",""ジアゼパム"",""プロポフォール"",""ロラゼパム"",""フェノバルビタール""]"	multiChoice	[1,3]	null	normal	false	parsed	"[""none""]"		https://www.mhlw.go.jp/content/001455159.pdf	https://www.mhlw.go.jp/content/001458551.pdf	2025-02-23	MHLW website content under Public Data License 1.0 unless separately indicated; third-party content requires separate review
P110-187	110	187	理論	病態・薬物治療	薬剤性過敏症症候群に関する記述として、正しいのはどれか。2つ選べ。	"[""重症型の呼吸器障害である。"",""原因医薬品として、抗てんかん薬や高尿酸血症治療薬がある。"",""原因医薬品の服用直後に発症することが多い。"",""初期症状として、発熱や紅斑がみられる。"",""発症時には原因薬を増量し、経過を観察する。""]"	multiChoice	[1,3]	null	normal	false	parsed	"[""none""]"		https://www.mhlw.go.jp/content/001455159.pdf	https://www.mhlw.go.jp/content/001458551.pdf	2025-02-23	MHLW website content under Public Data License 1.0 unless separately indicated; third-party content requires separate review
P110-188	110	188	理論	病態・薬物治療	腫瘍マーカーに関する記述として、正しいのはどれか。2つ選べ。	"[""腫瘍細胞のみから産生される。"",""治療中の経過観察に用いられる。"",""定量は、病変部の組織をサンプルとして行われる。"",""早期の前立腺がんでは、PSA（prostate specific antigen）は検出されない。"",""AFP（a︲fetoprotein）は肝細胞がんのマーカーである。""]"	multiChoice	[1,4]	null	normal	false	parsed	"[""none""]"		https://www.mhlw.go.jp/content/001455159.pdf	https://www.mhlw.go.jp/content/001458551.pdf	2025-02-23	MHLW website content under Public Data License 1.0 unless separately indicated; third-party content requires separate review
P110-189	110	189	理論	病態・薬物治療	白血球減少症の病態及び治療薬に関する記述として、正しいのはどれか。2つ 選べ。	"[""初期症状として、発熱や全身倦怠感がある。"",""再生不良性貧血では起こらない。"",""原因薬として、抗甲状腺薬がある。"",""治療には、エリスロポエチンが使用される。"",""放射線照射に伴う場合には、メトトレキサート大量療法が有効である。""]"	multiChoice	[0,2]	null	normal	false	parsed	"[""none""]"		https://www.mhlw.go.jp/content/001455159.pdf	https://www.mhlw.go.jp/content/001458551.pdf	2025-02-23	MHLW website content under Public Data License 1.0 unless separately indicated; third-party content requires separate review
P110-190	110	190	理論	病態・薬物治療	慢性閉塞性肺疾患（COPD）に関する記述として、正しいのはどれか。2つ選 べ。	"[""末梢気道病変と気腫性病変が複合的に関与して発症する。"",""中高年期より若年期での発症が多い。"",""病期分類には、対標準 ₁ 秒量（％FEV1）を用いる。"",""気管支ぜん息を合併している場合には、副腎皮質ステロイド製剤の吸入よりも 内服が推奨される。"",""インフルエンザワクチン接種は禁忌である。""]"	multiChoice	[0,2]	null	normal	false	parsed	"[""none""]"		https://www.mhlw.go.jp/content/001455159.pdf	https://www.mhlw.go.jp/content/001458551.pdf	2025-02-23	MHLW website content under Public Data License 1.0 unless separately indicated; third-party content requires separate review
P110-191	110	191	理論	病態・薬物治療	食道静脈瘤に関する記述として、正しいのはどれか。2つ選べ。	"[""肝硬変患者に好発する。"",""硝酸薬が危険因子である。"",""門脈圧の上昇がみられる。"",""典型的な症状に呑酸がある。"",""出血がなければ経過観察する。""]"	multiChoice	[0,2]	null	normal	false	parsed	"[""none""]"		https://www.mhlw.go.jp/content/001455159.pdf	https://www.mhlw.go.jp/content/001458551.pdf	2025-02-23	MHLW website content under Public Data License 1.0 unless separately indicated; third-party content requires separate review
P110-192	110	192	理論	病態・薬物治療	生薬とその主な副作用の組合せのうち、正しいのはどれか。2つ選べ。 生薬 主な副作用	"[""カンゾウ 高カリウム血症"",""ダイオウ 下痢"",""オウゴン 腸間膜静脈硬化症"",""サンシシ 胆汁うっ滞"",""マオウ 動悸""]"	multiChoice	[1,4]	null	normal	false	parsed	"[""none""]"		https://www.mhlw.go.jp/content/001455159.pdf	https://www.mhlw.go.jp/content/001458551.pdf	2025-02-23	MHLW website content under Public Data License 1.0 unless separately indicated; third-party content requires separate review
P110-193	110	193	理論	病態・薬物治療	症例対照研究の特徴として、正しいのはどれか。2つ選べ。	"[""まれな疾患の研究には適していない。"",""バイアスが生じやすい。"",""多数のアウトカムを扱うことができる。"",""後ろ向き研究である。"",""大きなサンプルサイズが必要である。""]"	multiChoice	[1,3]	null	normal	false	parsed	"[""none""]"		https://www.mhlw.go.jp/content/001455159.pdf	https://www.mhlw.go.jp/content/001458551.pdf	2025-02-23	MHLW website content under Public Data License 1.0 unless separately indicated; third-party content requires separate review
P110-194	110	194	理論	病態・薬物治療	疾患Ｘの有無を調べる検査Ａの感度は ₉₅％、特異度は ₉₀％である。疾患Ｘの 有病率が ₁₀％の集団に対し検査Ａを実施した場合、検査Ａの結果が陽性の患者の うち、真に疾患Ｘに罹患している確率（陽性的中率）に最も近い値はどれか。1つ 選べ。	"[""₁₀％"",""₃₀％"",""₅₀％"",""₇₀％"",""₉₀％""]"	singleChoice	2	null	normal	false	parsed	"[""none""]"		https://www.mhlw.go.jp/content/001455159.pdf	https://www.mhlw.go.jp/content/001458551.pdf	2025-02-23	MHLW website content under Public Data License 1.0 unless separately indicated; third-party content requires separate review
P110-195	110	195	理論	病態・薬物治療	薬物動態の変化に関連する記述として、正しいのはどれか。2つ選べ。	"[""心不全患者では、水溶性薬物の腎排泄速度が低下する。"",""肥満患者では、脂溶性薬物の分布容積が小さくなる。"",""小児では、水溶性薬物の体重当たりの分布容積が成人よりも大きい。"",""妊娠に伴って、糸球体ろ過速度が低下する。"",""血清アルブミン値低下患者では、薬物の分布容積が低下する。""]"	multiChoice	[0,2]	null	normal	false	parsed	"[""none""]"		https://www.mhlw.go.jp/content/001455159.pdf	https://www.mhlw.go.jp/content/001458551.pdf	2025-02-23	MHLW website content under Public Data License 1.0 unless separately indicated; third-party content requires separate review
P110-196	110	196	実践	物理・化学・生物	−197 ₇₀ 歳男性。陳旧性心筋梗塞、胆管結石の既往歴があり、交通外傷で救急搬 送され、入院となった。 入院直後に、心室細動、心肺停止となり院内急変対応チームが対応し、心肺蘇生 を行ったところ心拍は再開した。その時、バイタルサインは体温 ₃₄ . ₅ ℃、血圧 ₈₆/₅₀ mmHg、心拍 ₁₁₃ 拍/分、呼吸数 ₂₇ 回/分で、超音波検査等を実施し、外傷 による出血性ショックの診断となった。気管挿管後人工呼吸器管理とし、緊急輸血 を行い、生理食塩液とアドレナリン注 ₁ mg を投与した。 生理食塩液の持続投与下で動脈血液ガス等を確認した結果、医師は ₈ . ₄ w/v％炭 酸水素ナトリウム（NaHCO3）注射液の点滴を開始した。点滴開始から ₉₀ 分後に 状態の改善を認めた。₈ . ₄ w/v％ NaHCO3 注射液点滴開始前と点滴開始から ₉₀ 分 後の動脈血液ガス等は以下のとおりであった。 （動脈血液ガス） NaHCO3 注射液 NaHCO3 注射液 項目 点滴開始前 点滴開始から ₉₀ 分後 pH ₆ . ₈₂ ₇ . ₃₈ PaCO2（mmHg） ₆₃ . ₇ ₄₅ . ₅ PaO2（mmHg） ₁₃₀ . ₀ ₁₃₁ . ₁ HCO3 （mEq/L） ₁₀ . ₁ ₂₇ . ₄ - Base Excess（mEq/L） -₂₃ . ₀ ₂.₃ （その他の検査） NaHCO3 注射液 NaHCO3 注射液 項目 点滴開始前 点滴開始から ₉₀ 分後 ヘモグロビン（g/dL） ₉.₀ ₉.₀ 血清クレアチニン（mg/dL） ₁ . ₇₉ ₁ . ₄₉ eGFR（mL/min/₁ . ₇₃ m ） ₃₀ . ₀ ₃₇ . ₀ 尿中ケトン体 陰性 陰性 問 196（物理・化学・生物） 血液中 HCO3 について、NaHCO3 注射液の点滴開始前の物質量と開始 ₉₀ 分後の - 物 質 量 の 差 は ₈ . ₄ w/v％ NaHCO3 注 射 液 何 mL に 相 当 す る か。1 つ 選 べ。 た だ し、この患者の血液の体積を ₅ . ₀ L とし、点滴による変化や代謝等は考慮しないも のとする。また、NaHCO3 の式量を ₈₄ とする。	"[""₂₄ mL"",""₄₈ mL"",""₆₃ mL"",""₈₇ mL"",""₁₀₂ mL""]"	singleChoice	3	null	normal	false	parsed	"[""none""]"	P110-CASE-196	https://www.mhlw.go.jp/content/001455160.pdf	https://www.mhlw.go.jp/content/001458551.pdf	2025-02-23	MHLW website content under Public Data License 1.0 unless separately indicated; third-party content requires separate review
P110-197	110	197	実践	実務	（実務） 生理食塩液の持続投与に加え、₈ . ₄ w/v％ NaHCO3 注射液が処方された理由とし て最も適切なのはどれか。1つ選べ。	"[""ケトアシドーシスであったため。"",""呼吸性アシドーシスであったため。"",""代謝性アシドーシスであったため。"",""PaO2 が高値であったため。"",""ヘモグロビンが低値であったため。""]"	singleChoice	2	null	normal	false	parsed	"[""none""]"	P110-CASE-196	https://www.mhlw.go.jp/content/001455160.pdf	https://www.mhlw.go.jp/content/001458551.pdf	2025-02-23	MHLW website content under Public Data License 1.0 unless separately indicated; third-party content requires separate review
P110-198	110	198	実践	物理・化学・生物	−199 ₃₈ 歳女性。アレルギー性鼻炎で近医を受診し、処方 ₁ による治療を受けて いた。しかし、薬剤師は処方 ₁ の薬剤の供給が不安定になったとの情報を得たた め、医師と他剤への変更を検討し、処方 ₁ は処方 ₂ へ変更された。なお、処方 ₁ の 薬剤と処方 ₂ の薬剤は、添加剤が同じものを調剤した。 （処方 ₁ ） セチリジン塩酸塩錠 ₁₀ mg ₁ 回 ₁ 錠（ ₁ 日 ₁ 錠） ₁日₁回 就寝前 ₂₈ 日分 （処方 ₂ ） レボセチリジン塩酸塩錠 ₅ mg ₁ 回 ₁ 錠（ ₁ 日 ₁ 錠） ₁日₁回 就寝前 ₂₈ 日分 問 198（実務） 変更後の処方 ₂ に関して薬剤師が患者に行う説明として、適切なのはどれか。 2つ選べ。	"[""処方 ₂ の薬剤は、処方 ₁ の薬剤と同じように服用してください。"",""処方 ₂ の薬剤は、処方 ₁ の薬剤と効果が同等です。"",""処方 ₂ の薬剤は、処方 ₁ の薬剤より副作用が軽くなります。"",""処方 ₁ の薬剤の供給が安定すれば、医師の同意がなくても処方 ₁ に戻せます。"",""飲合せに注意する薬が処方 ₁ の薬剤と異なりますので、今後別の薬を服用する 場合は、相談してください。""]"	multiChoice	[0,1]	null	normal	false	parsed	"[""none""]"	P110-CASE-198	https://www.mhlw.go.jp/content/001455160.pdf	https://www.mhlw.go.jp/content/001458551.pdf	2025-02-23	MHLW website content under Public Data License 1.0 unless separately indicated; third-party content requires separate review
P110-199	110	199	実践	実務	（物理・化学・生物） セチリジン塩酸塩はその R︲エナンチオマーと S︲エナンチオマーのラセミ体で、 旋光性は示さない。一方、レボセチリジン塩酸塩は R︲エナンチオマーであり、旋 光性を示し、比旋光度［a］ D = +₁₀ . ₈₀ ° である。いま、レボセチリジン塩酸塩を 含む原末 ₁ . ₀₀ g を量り、水に溶かして全量 ₂₀₀ mL とし、層長 ₁₀₀ mm の測定管を 用いて温度 ₂₅ ℃で旋光度 aD を測定したところ、+₀ . ₀₅₂ °であった。この原末中 のレボセチリジン塩酸塩の含量に最も近いのはどれか。1つ選べ。ただし、原末中 には R︲エナンチオマー以外に旋光性を示す物質は含まないものとする。	"[""₉₂ . ₂％"",""₉₄ . ₁％"",""₉₆ . ₃％"",""₉₈ . ₄％"",""₁₀₀ . ₇％""]"	singleChoice	2	null	normal	false	parsed	"[""none""]"	P110-CASE-198	https://www.mhlw.go.jp/content/001455160.pdf	https://www.mhlw.go.jp/content/001458551.pdf	2025-02-23	MHLW website content under Public Data License 1.0 unless separately indicated; third-party content requires separate review
P110-200	110	200	実践	物理・化学・生物	−201 ₄₅ 歳女性。慢性的に片頭痛を繰り返しており、現在、処方 ₁ 及び ₂ の薬剤 を服用している。 病院再診時、患者の片頭痛日誌を確認したところ、月 ₄ 回以上通勤できないほど の片頭痛発作があった。医師は処方 ₂ の薬剤を変更するため、病院薬剤師に薬剤の 選択について意見を求めた。 （処方 ₁ ） スマトリプタンコハク酸塩錠 ₅₀ mg ₁回₁錠 頭痛時 ₁₀ 回分（₁₀ 錠） （処方 ₂ ） バルプロ酸ナトリウム徐放錠 ₂₀₀ mg ₁ 回 ₁ 錠（ ₁ 日 ₂ 錠） ₁日₂回 朝夕食後 ₂₈ 日分 問 200（実務） 薬剤師が提案する変更後の処方薬として適切なのはどれか。2つ選べ。	"[""セレコキシブ"",""ガルカネズマブ"",""エルゴタミン"",""ロメリジン塩酸塩"",""ロキソプロフェンナトリウム""]"	multiChoice	[1,3]	null	normal	false	parsed	"[""none""]"	P110-CASE-200	https://www.mhlw.go.jp/content/001455160.pdf	https://www.mhlw.go.jp/content/001458551.pdf	2025-02-23	MHLW website content under Public Data License 1.0 unless separately indicated; third-party content requires separate review
P110-201	110	201	実践	実務	（物理・化学・生物） スマトリプタンはセロトニン（₅︲HT）受容体のアゴニストとして薬効を発揮す るが、受容体のサブタイプによって結合の強さが異なる。3H 標識した ₅︲HT を用 いた結合実験により、スマトリプタンはヒト ₅︲HT 受容体のうち ₅︲HT1D 受容体と 最も強く結合することがわかっている。スマトリプタンが結合していない ₅︲HT1D 受容体を R、スマトリプタンの遊離形を S、スマトリプタンと ₅︲HT1D 受容体の結 合形を RS とし、R と S は次のように ₁：₁ で反応するものとする。 R + S RS スマトリプタンの総濃度（ ）と ₅︲HT1D 受容体の総濃度（ ［S］+［RS］ ［R］+［RS］ ） がともに ₁₀₀ nmol/L であるとき、 ₅︲HT1D 受容体のうちスマトリプタンが結合し た割合が ₀ . ₈₀ とすると、この反応の解離定数 Kd に最も近いのはどれか。1つ選 べ。	"[""₀ . ₂₀ nmol/L"",""₀ . ₈₀ nmol/L"",""₅ . ₀ nmol/L"",""₈₀ nmol/L"",""₁₀₀ nmol/L""]"	singleChoice	2	null	normal	false	parsed	"[""none""]"	P110-CASE-200	https://www.mhlw.go.jp/content/001455160.pdf	https://www.mhlw.go.jp/content/001458551.pdf	2025-02-23	MHLW website content under Public Data License 1.0 unless separately indicated; third-party content requires separate review
P110-202	110	202	実践	物理・化学・生物	−203 ₄ 歳男児。体重 ₁₄ kg。事故で低酸素脳症となり大学病院に入院していた が退院し、在宅で人工呼吸器と胃瘻及び導尿による管理を行っている。脳下垂体機 能不全に対しては ₃ ケ月に ₁ 回、大学病院の内分泌・代謝内科を外来受診すること になっており、初回受診時に、以下の薬剤が処方された。 （処方 ₁ ） ヒドロコルチゾン錠 ₁₀ mg ₁ 回 ₀ . ₂₅ 錠（ ₁ 日 ₀ . ₇₅ 錠） ₁日₃回 朝昼夕食前 ₉₀ 日分 （処方 ₂ ） デスモプレシン酢酸塩水和物口腔内崩壊錠 ₆₀ ng ₁ 回 ₁ 錠（ ₁ 日 ₂ 錠） ₁日₂回 ₁₀ 時、₂₂ 時 ₉₀ 日分 （処方 ₃ ） レボチロキシンナトリウム水和物散 ₀ . ₀₁％ ₁ 回 ₀ . ₃₅ g（ ₁ 日 ₀ . ₃₅ g） ₁日₁回 朝食前 ₉₀ 日分 問 202（物理・化学・生物） 処方 ₂ の薬剤は製造過程で水溶液を凍結乾燥して調製される。水の状態図中に記 された状態変化のうち、凍結乾燥の過程における水の状態変化を正しく表している のはどれか。1つ選べ。ただし、状態変化はＡからＢへ矢印の方向に起こるものと する。 1 2 3 圧力 圧力 圧力 Ａ Ａ Ｂ Ａ Ｂ Ｂ 温度 温度 温度 4 5 圧力 圧力 Ｂ Ｂ Ａ Ａ 温度 温度	[]	singleChoice	2	null	normal	true	no_choice_sequence	"[""none""]"	P110-CASE-202	https://www.mhlw.go.jp/content/001455160.pdf	https://www.mhlw.go.jp/content/001458551.pdf	2025-02-23	MHLW website content under Public Data License 1.0 unless separately indicated; third-party content requires separate review
P110-203	110	203	実践	実務	（実務） 初回受診後の患者家族に対して薬局薬剤師が行う服薬指導として正しいのはどれ か。2つ選べ。	"[""発熱時には処方 ₁ の薬剤を増量する必要があるので、医師の指示を受けてくだ さい。"",""幼児は成人よりも体重あたりの必要水分量が多いので、 ₁ 日合計 ₂ L 以上の水 を薬剤と共に与えてください。"",""決められた服用時刻を遵守すれば、食事の時間はいつでもかまいません。"",""痙れんや嘔吐は薬剤による副作用の可能性があるので、医師に連絡してください。"",""大豆製品は処方 ₃ の薬剤の効果を強めるので、摂らせないようにしてください。""]"	multiChoice	[0,3]	null	normal	false	parsed	"[""none""]"	P110-CASE-202	https://www.mhlw.go.jp/content/001455160.pdf	https://www.mhlw.go.jp/content/001458551.pdf	2025-02-23	MHLW website content under Public Data License 1.0 unless separately indicated; third-party content requires separate review
P110-204	110	204	実践	物理・化学・生物	−207 体育の新任教諭が初めてプール水の遊離残留塩素と pH を測定することに なった。学校薬剤師は測定にあたっての留意点について新任教諭から問合せを受け た。 問 204（物理・化学・生物） pH 計に関する記述として正しいのはどれか。2つ選べ。	"[""参照電極にはガラス電極を用いる。"",""指示電極の電位はネルンストの式に従う。"",""測定される pH は温度の影響を受けない。"",""校正された pH 計の電位を基準としてプール水の pH が測定される。"",""参照電極の内部液には飽和塩化アンモニウム水溶液が用いられる。""]"	multiChoice	[1,3]	null	normal	false	parsed	"[""none""]"	P110-CASE-204	https://www.mhlw.go.jp/content/001455160.pdf	https://www.mhlw.go.jp/content/001458551.pdf	2025-02-23	MHLW website content under Public Data License 1.0 unless separately indicated; third-party content requires separate review
P110-205	110	205	実践	実務	（実務） 学校薬剤師の回答として適切なのはどれか。2つ選べ。	"[""測定時期は、遊離残留塩素と pH の両方ともプール使用後です。"",""遊離残留塩素と pH の両方とも少なくともプール内の対角線上のほぼ等間隔の ₃ ケ所から採水して測定してください。"",""遊離残留塩素濃度は、塩素剤の消毒効果を表す指標です。"",""入泳者が持ち込んだ汚れや毛髪が原因で遊離残留塩素濃度が高くなります。"",""pH の値によらず塩素剤の消毒効果は変わりません。""]"	multiChoice	[1,2]	null	normal	false	parsed	"[""none""]"	P110-CASE-204	https://www.mhlw.go.jp/content/001455160.pdf	https://www.mhlw.go.jp/content/001458551.pdf	2025-02-23	MHLW website content under Public Data License 1.0 unless separately indicated; third-party content requires separate review
P110-206	110	206	実践	物理・化学・生物	（衛生） その後、同教諭が遊離残留塩素を測定したところ、基準値を下回っていたため、 消毒剤を追加することとなった。屋内プールの水質管理を担当していた別の教諭が、 水処理に使用される消毒剤Ａと凝集剤Ｂを誤って混合したため、ガスＣが発生した。 消毒剤Ａ、凝集剤Ｂ及びガスＣの組合せのうち、該当するのはどれか。1つ選べ。 消毒剤Ａ 凝集剤Ｂ ガスＣ	"[""次亜塩素酸ナトリウム 重炭酸ナトリウム ホルムアルデヒド"",""次亜塩素酸ナトリウム チオ硫酸ナトリウム 塩化水素"",""次亜塩素酸ナトリウム ポリ塩化アルミニウム 塩素"",""塩素化イソシアヌル酸 重炭酸ナトリウム 二酸化炭素"",""塩素化イソシアヌル酸 チオ硫酸ナトリウム 硫化水素"",""塩素化イソシアヌル酸 ポリ塩化アルミニウム クロロホルム""]"	singleChoice	2	null	normal	false	parsed	"[""none""]"	P110-CASE-206	https://www.mhlw.go.jp/content/001455160.pdf	https://www.mhlw.go.jp/content/001458551.pdf	2025-02-23	MHLW website content under Public Data License 1.0 unless separately indicated; third-party content requires separate review
P110-207	110	207	実践	実務	（実務） 屋内プールで刺激臭がするという連絡を受けて駆けつけた学校薬剤師が、検知管 と真空方式ガス採取器を用いてガスＣの濃度を測定することになった。ガスＣの測 定に用いられる検知管の取扱い及び測定方法に関する記述として、正しいのはどれ か。2つ選べ。 検知管 ppm 真空方式ガス採取器	"[""冷蔵庫で保存した検知管は、取り出したら直ちに使用することができる。"",""両端を折り取ったのちに使用しなかった検知管は、アルミホイルに包んで冷蔵 庫で保存することができる。"",""検知管の変色層の先端面が斜めの場合には、中間点を濃度として読み取る。"",""真空方式ガス採取器は、漏れがないことを確認したのちに、試料の採取に用いる。"",""真空方式ガス採取器で採取した空気を検知管に通す。""]"	multiChoice	[2,3]	null	normal	false	parsed	"[""none""]"	P110-CASE-206	https://www.mhlw.go.jp/content/001455160.pdf	https://www.mhlw.go.jp/content/001458551.pdf	2025-02-23	MHLW website content under Public Data License 1.0 unless separately indicated; third-party content requires separate review
P110-208	110	208	実践	物理・化学・生物	−209 ₈₄ 歳男性。息子と二人暮らし。長年、近隣のクリニックで高血圧症と頻 脈、アレルギー性鼻炎のため、処方 ₁ による薬物治療を受けていた。 （処方 ₁ ） ビソプロロールフマル酸塩錠 ₅ mg ₁ 回 ₁ 錠（ ₁ 日 ₁ 錠） エバスチン錠 ₁₀ mg ₁ 回 ₁ 錠（ ₁ 日 ₁ 錠） ₁日₁回 朝食後 ₂₈ 日分 ₁ 年前の受診で、もの忘れが多く、その日の曜日が分からなくなることがたまに あり、付き添いの息子が処方医に相談したところ、神経内科の専門医を紹介され、 そこで認知症と診断された。リバスチグミンテープ ₄ . ₅ mg で治療を開始し、漸増 の後、現在は処方 ₁ とともに処方 ₂ の薬剤の使用を継続している。 （処方 ₂ ） リバスチグミンテープ ₁₈ mg ₁ 回 ₁ 枚（ ₁ 日 ₁ 枚） ₁日₁回 朝 ₂₈ 日分 胸部、上腕部、背部のいずれかに貼付 （全 ₂₈ 枚） 今回来局した息子から、「医師には言い忘れたが、最近、服薬時や飲食・飲水時 に、むせの頻度が以前より高くなったので、誤嚥性肺炎になることを心配してい る」との相談があった。 問 208（実務） 息子の相談に対するアドバイスとして、以下のうち適切なのはどれか。2つ選べ。	"[""誤嚥性肺炎の原因になるため、歯磨きは控えてください。"",""脱水時の水分補給には、経口補水液のゼリータイプをお勧めします。"",""処方 ₁ の薬剤を ₅₅ ℃程度のお湯に崩壊・懸濁させ、とろみをつけて服用させ てください。"",""むせたときは、息子さんの判断で、以降は処方 ₁ の薬剤の服用を中止してくだ さい。"",""処方 ₂ の薬剤を内服薬のドネペジル塩酸塩錠に変更するように医師に提案でき ます。""]"	multiChoice	[1,2]	null	normal	false	parsed	"[""none""]"	P110-CASE-208	https://www.mhlw.go.jp/content/001455160.pdf	https://www.mhlw.go.jp/content/001458551.pdf	2025-02-23	MHLW website content under Public Data License 1.0 unless separately indicated; third-party content requires separate review
P110-209	110	209	実践	実務	（物理・化学・生物） 処方 ₂ に含まれる薬物は、下図のように、アセチルコリンエステラーゼの活性中 心のセリン残基と反応し、共有結合中間体を形成する。 CH3 H3C 処方 ₂ に含まれる薬物 N H CH3 O H3C N O OH CH3 Ser 共有結合中間体 アセチルコリンエステラーゼの 活性中心 共有結合中間体の構造として、正しいのはどれか。1つ選べ。 CH3 H3C N CH3 H CH3 H3C N CH3 H CH3 O N O O CH3 O O O Ser Ser Ser 1 2 3 CH3 CH3 H3C H3C N N H CH3 H CH3 O O N O H3C N O O CH3 CH3 O Ser Ser 4 5	[]	singleChoice	0	null	normal	true	no_choice_sequence	"[""none""]"	P110-CASE-208	https://www.mhlw.go.jp/content/001455160.pdf	https://www.mhlw.go.jp/content/001458551.pdf	2025-02-23	MHLW website content under Public Data License 1.0 unless separately indicated; third-party content requires separate review
P110-210	110	210	実践	物理・化学・生物	−211 ₈₆ 歳女性。高血圧症と ₂ 型糖尿病。フレイルによる通院困難のため、多職 種の訪問による自宅でのケアと処方 ₁ による薬物治療を受けていた。訪問医から病 院の循環器科での検査入院を勧められ、心房細動の診断を受け、ワルファリンカリ ウムによる治療が開始された。退院後、娘が以下の処方箋を持って薬局を訪れた。 （処方 ₁ ） オルメサルタン口腔内崩壊錠 ₂₀ mg ₁ 回 ₁ 錠（ ₁ 日 ₁ 錠） シタグリプチンリン酸塩水和物錠 ₅₀ mg ₁ 回 ₁ 錠（ ₁ 日 ₁ 錠） ₁日₁回 朝食後 ₇ 日分 （処方 ₂ ） ワルファリンカリウム錠 ₁ mg ₁ 回 ₁ . ₅ 錠（ ₁ 日 ₁ . ₅ 錠） ₁日₁回 夕食後 ₇ 日分 患者は独居だが、近所に住む娘が食事や服薬の管理をしており、今後の在宅療養 に合わせて再度アドバイスして欲しいと依頼があった。 問 210（物理・化学・生物） 処方 ₂ に含まれる薬物は、下図のように、還元酵素Ａを阻害することで、血液凝 固系が機能するために必須な補酵素イが化合物アから生成されるのを抑制する。 化合物ア 阻害 OH 還元酵素Ａ 処方 ₂ に含まれる薬物 CH3 CH3 OH CH3 CH3 CH3 CH3 補酵素イ 化合物アの構造として適切なのはどれか。1つ選べ。 OH CH3	"[""CH3 OH CH3 CH3 CH3 CH3 CH3"",""CH3 CH3 CH3 CH3 CH3 OH CH3"",""CH3 CH3 CH3 CH3 CH3 O CH3"",""CH3 O CH3 CH3 CH3 CH3 O CH3"",""CH3 O CH3 CH3 CH3 CH3""]"	singleChoice	3	null	normal	true	parsed	"[""none""]"	P110-CASE-210	https://www.mhlw.go.jp/content/001455160.pdf	https://www.mhlw.go.jp/content/001458551.pdf	2025-02-23	MHLW website content under Public Data License 1.0 unless separately indicated; third-party content requires separate review
P110-211	110	211	実践	実務	（実務） 処方 ₂ の薬剤に関連したアドバイスとして、最も適切なのはどれか。1つ選べ。	"[""健康のため、青汁やクロレラなどを多めに摂取しましょう。"",""チーズの摂取は避けてください。"",""便の色が黒くなったらすぐに医師や薬剤師に連絡してください。"",""骨を丈夫にすると言われるビタミン K のサプリメントを、積極的に摂取しま しょう。"",""ナットウキナーゼは血栓を溶かすと言われるので、納豆を食べましょう。""]"	singleChoice	2	null	normal	false	parsed	"[""none""]"	P110-CASE-210	https://www.mhlw.go.jp/content/001455160.pdf	https://www.mhlw.go.jp/content/001458551.pdf	2025-02-23	MHLW website content under Public Data License 1.0 unless separately indicated; third-party content requires separate review
P110-212	110	212	実践	物理・化学・生物	−213 ₃₁ 歳女性。 ₁ ケ月前に粘血便、下痢が出現したため近所の消化器内科を受 診し、大腸内視鏡検査により全大腸炎型潰瘍性大腸炎と診断された。医師との面談 で、患者が安価な治療を望んだため、処方 ₁ による治療が開始され症状は改善し た。その後、病状が安定していたが、たびたびめまいや頭痛が生じたとの訴えが あったため、医師は処方 ₁ を処方 ₂ へ変更し、患者が処方 ₂ の処方箋を持って薬局 を訪れた。 （処方 ₁ ） サラゾスルファピリジン錠 ₅₀₀ mg ₁ 回 ₁ 錠（ ₁ 日 ₄ 錠） ₁日₄回 朝昼夕食後、就寝前 ₁₄ 日分 （処方 ₂ ） メサラジン錠 ₅₀₀ mg（注） ₁ 回 ₂ 錠（ ₁ 日 ₄ 錠） ₁日₂回 朝夕食後 ₁₄ 日分 （注）エチルセルロースでコーティングした放出調節製剤 問 212（物理・化学・生物） 処方 ₁ の薬物は、大腸へ到達後、下図のように、腸内細菌により代謝（還元）さ れて効果を示す。 N O O S N 腸内細菌 H N CO2H 主たる活性成分 N （還元反応） OH 処方 ₁ の薬物 全大腸炎型潰瘍性大腸炎に有効な主たる活性成分の構造はどれか。1つ選べ。 NH O O N O O N O O S S S N N N H N CO2H H N H N N OH NH2 OH OH 1 2 3 N O O S H2N CO2H N H H N CO2H N OH H OH 4 5	[]	singleChoice	4	null	normal	true	no_choice_sequence	"[""none""]"	P110-CASE-212	https://www.mhlw.go.jp/content/001455160.pdf	https://www.mhlw.go.jp/content/001458551.pdf	2025-02-23	MHLW website content under Public Data License 1.0 unless separately indicated; third-party content requires separate review
P110-213	110	213	実践	実務	（実務） 薬剤師が、処方 ₂ の薬剤の服用及び注意事項について患者に説明する内容とし て、適切なのはどれか。2つ選べ。	"[""錠剤が大きくて飲みにくい場合は、粉砕し水や微温湯に懸濁して服用してもよ いこと。"",""糞便中に白いものがみられる可能性があること。"",""グレープフルーツジュースの飲用は避けること。"",""症状が改善しても、再燃しないように服薬を継続する必要があること。"",""処方 ₂ の薬剤の服用中は、大腸がん検査を避けること。""]"	multiChoice	[1,3]	null	normal	false	parsed	"[""none""]"	P110-CASE-212	https://www.mhlw.go.jp/content/001455160.pdf	https://www.mhlw.go.jp/content/001458551.pdf	2025-02-23	MHLW website content under Public Data License 1.0 unless separately indicated; third-party content requires separate review
P110-214	110	214	実践	物理・化学・生物	−215 ₅₂ 歳男性。身長 ₁₆₇ cm、体重 ₅₆ kg。最近、右首のくぼみあたりに腫れや しこりがあり、近医を受診した。医師の診察により、頸部リンパ節腫大を認めたた め、医師は精査目的で地域医療支援病院の血液内科を紹介した。病変部位の生検の 結果、ホジキンリンパ腫と診断された。 ₃ 日後から ABVD 療法を開始する予定で ある。 （ABVD 療法） 投与 投与 投与量 時間 スケジュール （処方 ₁ ）ドキソルビシン塩酸塩注射用 ₂₅ mg/m /day ₃₀ 分 day ₁，₁₅ （処方 ₂ ）ブレオマイシン塩酸塩注射用 ₁₀ mg/m /day ₃₀ 分 day ₁，₁₅ （処方 ₃ ）ビンブラスチン硫酸塩注射用 ₆ mg/m /day ₁₅ 分 day ₁，₁₅ （処方 ₄ ）ダカルバジン注射用 ₃₇₅ mg/m /day ₆₀ 分 day ₁，₁₅ ₁ コースは ₂₈ 日間で、 ₄ コースを実施する。なお、 ₄ コース実施後に ISRT （病巣部放射線照射療法）を施行予定 問 214（実務） 病棟カンファレンスに参加する際、この治療に関して担当薬剤師が留意する情報 として、適切なのはどれか。2つ選べ。	"[""処方 ₁ の薬剤は過剰な塩化物イオンにより分解するため、生理食塩液との混和 を避けること。"",""処方 ₂ の薬剤の累積投与量の増加に伴い、肺機能の低下に注意すること。"",""処方 ₃ の薬剤は非壊死起因性抗がん剤であるため、薬液が血管外へ漏出しても 投与を継続すること。"",""処方 ₄ の薬剤は光に不安定であり、光分解によって血管痛の原因となる物質が 生じるため、点滴容器及び経路全体を遮光して投与すること。"",""ABVD 療法の催吐性リスクは軽度のため、ドンペリドンの嘔気時服用で対処 すること。""]"	multiChoice	[1,3]	null	normal	false	parsed	"[""none""]"	P110-CASE-214	https://www.mhlw.go.jp/content/001455160.pdf	https://www.mhlw.go.jp/content/001458551.pdf	2025-02-23	MHLW website content under Public Data License 1.0 unless separately indicated; third-party content requires separate review
P110-215	110	215	実践	実務	（物理・化学・生物） 処方 ₄ の薬物はプロドラッグであり、代謝物が DNA と共有結合を形成して抗腫 瘍効果を示す。以下の代謝経路に示す化合物のうち、DNA 塩基による求核置換反 応を受け、薬効を示す活性本体として、最も適切なのはどれか。1つ選べ。 N NH N NH 生体内酸化 O N N O N N NH2 N CH3 NH2 N CH3 H 3C OH 処方 ₄ の薬物 Ａ O + H H H3C N N Ｂ Ｄ N NH N NH O NH2 O HN N NH2 NH2 N CH3 Ｅ Ｃ （Ｄの対アニオンは省略している。）	"[""Ａ"",""Ｂ"",""Ｃ"",""Ｄ"",""Ｅ""]"	singleChoice	3	null	normal	false	parsed	"[""none""]"	P110-CASE-214	https://www.mhlw.go.jp/content/001455160.pdf	https://www.mhlw.go.jp/content/001458551.pdf	2025-02-23	MHLW website content under Public Data License 1.0 unless separately indicated; third-party content requires separate review
P110-216	110	216	実践	物理・化学・生物	−217 保険薬局に勤務している薬剤師が、看護学校の講師を担当することになっ た。講義では、植物に含まれている麻薬成分が医療用麻薬として使用されているこ とを紹介することにした。最近、高度のがん疼痛のある患者が、その初回の服薬を 躊躇した事例を経験したことから、その場合の対応や、現場での医療用麻薬の有効 な使い方についても講義しようと考えている。患者が服薬を躊躇した事例の処方薬 は、モルヒネ塩酸塩水和物徐放性カプセルとモルヒネ塩酸塩水和物内用液であっ た。 問 216（実務） 講義で伝える内容として、適切なのはどれか。2つ選べ。	"[""オピオイドを定期的に鎮痛に必要な量で投与すれば、がん患者の生命予後に影 響を与えない。"",""がん疼痛管理にオピオイドを使用する場合、精神依存が生じる可能性は低く、 オピオイドの使用を控える理由とはならない。"",""服薬を躊躇したこの高度のがん疼痛のある患者に対しては、弱オピオイドを提 案する。"",""高度の腎機能障害がある患者に対しては、この事例の処方薬の投与を推奨す る。"",""がん疼痛の突出痛がある場合、オピオイドの徐放製剤をレスキュー薬として投 与する。""]"	multiChoice	[0,1]	null	normal	false	parsed	"[""none""]"	P110-CASE-216	https://www.mhlw.go.jp/content/001455160.pdf	https://www.mhlw.go.jp/content/001458551.pdf	2025-02-23	MHLW website content under Public Data License 1.0 unless separately indicated; third-party content requires separate review
P110-217	110	217	実践	実務	（物理・化学・生物） また、講義ではモルヒネと同じ植物に含まれる麻薬成分である化合物Ｘについて も紹介し、化合物Ｘは一般用医薬品の鎮咳薬としても利用され、一部ではその濫用 が問題になっていることを述べることにした。化合物Ｘの化学構造式と、その基原 となる植物写真の組合せとして、正しいのはどれか。1つ選べ。 Ａ Ｂ Ｃ CH2 CH3 CH3 H N H N H N H H HO O OH O H3C O H H H3C O HO H O ア イ 化学構造式 写真	"[""A ア"",""B ア"",""C ア"",""A イ"",""B イ"",""C イ""]"	singleChoice	3	null	normal	true	parsed	"[""none""]"	P110-CASE-216	https://www.mhlw.go.jp/content/001455160.pdf	https://www.mhlw.go.jp/content/001458551.pdf	2025-02-23	MHLW website content under Public Data License 1.0 unless separately indicated; third-party content requires separate review
P110-218	110	218	実践	物理・化学・生物	−219 ₃₆ 歳男性。一昨日食事会があり中華料理とアルコールを摂取した。昨日か ら胸やけと胃の痛みがあり、まだ治まらなかったので、一般用医薬品の購入を希望 し来局した。薬剤師は以下の成分を含む医薬品を提案した。男性はこの薬の成分、 副作用や飲み方などについての詳しい説明を求めた。 ＜提案した一般用医薬品に含まれる成分＞ ピレンゼピン塩酸塩水和物 メタケイ酸アルミン酸マグネシウム 炭酸水素ナトリウム ビオヂアスターゼ ₂₀₀₀ 問 218（実務） 薬剤師の販売時の説明として、適切なのはどれか。2つ選べ。	"[""ピレンゼピンは、胃酸を中和することで効果を発揮する成分です。"",""メタケイ酸アルミン酸マグネシウムは、ピレンゼピンで起こる便秘を防止する ために配合されています。"",""本剤には食物の消化を促進する成分が含まれています。"",""本剤の服用により、目のかすみ、異常なまぶしさなどの症状が現れることがあ ります。"",""₂ 週間服用しても症状が治まらない場合は、さらに服用を継続してください。""]"	multiChoice	[2,3]	null	normal	false	parsed	"[""none""]"	P110-CASE-218	https://www.mhlw.go.jp/content/001455160.pdf	https://www.mhlw.go.jp/content/001458551.pdf	2025-02-23	MHLW website content under Public Data License 1.0 unless separately indicated; third-party content requires separate review
P110-219	110	219	実践	実務	（物理・化学・生物） この患者の胸やけや胃の痛みにつながった可能性が高いのはどれか。2つ選べ。	"[""胃酸が下部食道壁を刺激している。"",""胃腺の壁細胞からの胃酸分泌が減少している。"",""胃粘膜表面を覆う粘液の分泌が増加している。"",""胃内でアセチルコリンやヒスタミンの分泌量が増加している。"",""幽門括約筋が拡張し、胃内容物の排出が促進されている。""]"	multiChoice	[0,3]	null	normal	false	parsed	"[""none""]"	P110-CASE-218	https://www.mhlw.go.jp/content/001455160.pdf	https://www.mhlw.go.jp/content/001458551.pdf	2025-02-23	MHLW website content under Public Data License 1.0 unless separately indicated; third-party content requires separate review
P110-220	110	220	実践	物理・化学・生物	−221 ₄₀ 歳女性。全身倦怠感が続いたため、近医を受診した。血液検査の結果は 以下のとおりであった。 （血液検査） 赤血球 ₄₂₄ # ₁₀ /nL、白血球 ₄ , ₈₀₀/nL、 Hb ₉ . ₀ g/dL、Ht（ヘマトクリット）₃₂ . ₅％、 MCV（平均赤血球容積）₇₆ . ₇ fL（基準値 ₈₀～₁₀₀ fL）、 MCH（平均赤血球血色素量）₂₁ . ₂ pg（基準値 ₂₇～₃₄ pg）、 MCHC（平均赤血球ヘモグロビン濃度）₂₇ . ₇％（基準値 ₃₀～₃₅％）、 フェリチン ₄ . ₂ ng/mL（基準値 ₅ ～₁₅₇ ng/mL）、 総鉄結合能（TIBC）₅₅₀ ng/dL（基準値 ₂₅₀～₄₆₀ ng/dL）、 不飽和鉄結合能（UIBC） ア ng/dL（基準値 ₁₅₀～₃₈₅ ng/dL） この検査結果を受け、医師から以下の薬が処方された。 （処方） クエン酸第一鉄ナトリウム錠 ₅₀ mg ₁ 回 ₂ 錠（ ₁ 日 ₄ 錠） ₁日₂回 朝夕食後 ₁₄ 日分 問 220（実務） この患者の検査結果及び薬物治療について、適切なのはどれか。2つ選べ。	"[""血液検査の結果から、巨赤芽球性貧血であると考えられる。"",""薬で便が黒くなることがあるため、事前に情報提供しておく必要がある。"",""この薬の頻度の高い副作用に血栓塞栓症がある。"",""血清鉄量が改善されたら、この薬は速やかに服用を中止する。"",""薬を食後服用としているのは、悪心・嘔吐の副作用を軽減させるねらいがあ る。""]"	multiChoice	[1,4]	null	normal	false	parsed	"[""none""]"	P110-CASE-220	https://www.mhlw.go.jp/content/001455160.pdf	https://www.mhlw.go.jp/content/001458551.pdf	2025-02-23	MHLW website content under Public Data License 1.0 unless separately indicated; third-party content requires separate review
P110-221	110	221	実践	実務	（物理・化学・生物） この患者に当てはまるのはどれか。2つ選べ。	"[""ア の数値は、UIBC の基準値より低い。"",""血清フェリチン値が基準値より低いことから、貯蔵鉄が不足している。"",""血中トランスフェリン濃度は、基準値よりも低い。"",""服用した鉄剤は、 ₃ 価の鉄イオンとして輸送体により腸管から吸収される。"",""消化管から吸収された鉄により、まず血清鉄量が増加し、遅れて貯蔵鉄量が増 加する。""]"	multiChoice	[1,4]	null	normal	false	parsed	"[""none""]"	P110-CASE-220	https://www.mhlw.go.jp/content/001455160.pdf	https://www.mhlw.go.jp/content/001458551.pdf	2025-02-23	MHLW website content under Public Data License 1.0 unless separately indicated; third-party content requires separate review
P110-222	110	222	実践	物理・化学・生物	−223 ₆₈ 歳男性。パーキンソン病及びうつ病の治療のため継続して薬剤を服用 し、パーキンソン病の症状は軽快していたが、 ₁ ケ月前より時間帯によって歩くこ とができたりできなかったりする症状が認められ、生活に支障をきたすようになっ た。薬の調節とリハビリテーションを行う目的で ₄ 週間の入院となった。 （入院時持参薬） レボドパ ₁₀₀ mg・カルビドパ配合錠 ペルゴリドメシル酸塩錠 ₂₅₀ ng パロキセチン錠 ₂₀ mg 問 222（物理・化学・生物） 下図に示すように、レボドパは、末梢で酵素Ａが触媒する反応によってドパミン に、カテコール︲O︲メチルトランスフェラーゼ（COMT）によるメチル化によって 代謝物Ｂに変換される。以下の記述のうち、正しいのはどれか。2つ選べ。 ドパミン レボドパ 代謝物Ｂ 酵素Ａ COMT	"[""レボドパは、ラセミ体である。"",""酵素Ａによる反応は、アミノ基転移反応である。"",""酵素Ａによる反応は、ビタミン B6 に由来する補酵素によって促進される。"",""レボドパよりもドパミンの方が、脳内へ移行しやすい。"",""代謝物Ｂは、レボドパ分子内のヒドロキシ基がメチル化されたものである。""]"	multiChoice	[2,4]	null	normal	true	parsed	"[""none""]"	P110-CASE-222	https://www.mhlw.go.jp/content/001455160.pdf	https://www.mhlw.go.jp/content/001458551.pdf	2025-02-23	MHLW website content under Public Data License 1.0 unless separately indicated; third-party content requires separate review
P110-223	110	223	実践	実務	（実務） 入院後、レボドパ・カルビドパ配合錠を ₁ 回 ₁ 錠、 ₁ 日 ₃ 回から ₁ 回 ₁ 錠、 ₁ 日 ₅ 回に増量したが、症状が改善しなかったため、さらに薬剤を追加することとなっ た。この患者に追加する薬剤の候補として適切なのはどれか。2つ選べ。	"[""イストラデフィリン錠"",""エンタカポン錠"",""セレギリン塩酸塩錠"",""サフィナミドメシル酸塩錠"",""ラサギリンメシル酸塩錠""]"	multiChoice	[0,1]	null	normal	false	parsed	"[""none""]"	P110-CASE-222	https://www.mhlw.go.jp/content/001455160.pdf	https://www.mhlw.go.jp/content/001458551.pdf	2025-02-23	MHLW website content under Public Data License 1.0 unless separately indicated; third-party content requires separate review
P110-224	110	224	実践	物理・化学・生物	−225 ₅₅ 歳女性。身長 ₁₆₂ cm、体重 ₅₁ kg。腹痛と微熱が続くため総合病院内科 を受診した。来院時の体温 ₃₇ . ₆ ℃。血液検査で炎症所見、及び左下腹部に圧痛を ともなう腫瘤が認められたため精査目的で入院となり、直腸がん Stage Ⅳb と診断 された。コンパニオン診断が実施され、その結果をもとに mFOLFOX₆ （レボホ リナート、フルオロウラシル、オキサリプラチン）にセツキシマブを組合せた治療 を実施する方針となった。 問 224（実務） この化学療法を選択するにあたり、参照されたコンパニオン診断の検査項目はど れか。1つ選べ。	"[""ALK 融合遺伝子"",""EGFR 遺伝子"",""HER₂ タンパク質"",""RAS 遺伝子"",""UGT1A1 遺伝子""]"	singleChoice	3	null	normal	false	parsed	"[""none""]"	P110-CASE-224	https://www.mhlw.go.jp/content/001455160.pdf	https://www.mhlw.go.jp/content/001458551.pdf	2025-02-23	MHLW website content under Public Data License 1.0 unless separately indicated; third-party content requires separate review
P110-225	110	225	実践	実務	（物理・化学・生物） 前問で参照された検査項目で確かめられたのはどれか。1つ選べ。	"[""特定のがん遺伝子が存在すること。"",""特定のがん抑制遺伝子に変異が存在すること。"",""特定のがん原遺伝子 に変異が存在しないこと。 （注）"",""特定の薬物代謝酵素遺伝子の一塩基多型のタイプが存在すること。"",""転座した異常染色体が存在すること。 （注）がん原遺伝子：原がん遺伝子ともいう""]"	singleChoice	2	null	normal	false	parsed	"[""none""]"	P110-CASE-224	https://www.mhlw.go.jp/content/001455160.pdf	https://www.mhlw.go.jp/content/001458551.pdf	2025-02-23	MHLW website content under Public Data License 1.0 unless separately indicated; third-party content requires separate review
P110-226	110	226	実践	衛生	−227 ₃₄ 歳 女 性。 こ の 女 性 の ₁₂ 歳 の 娘 に 市 か ら ヒ ト パ ピ ロ ー マ ウ イ ル ス （HPV）ワクチン接種についてのお知らせが届いた。娘は HPV ワクチンの接種歴 がない。この女性は HPV ワクチンの説明を聞くため、市から送られた下の成分表 を含む資料を持って娘と一緒にかかりつけ薬局に来局した。その HPV ワクチンの 成分、投与方法、そして免疫応答を高める成分（アジュバント）が入っていること などを、下の成分表を確認しながら薬剤師が説明した。 HPV ワクチンの成分表 HPV ワクチンの成分 分量 薬効成分 ヒトパピローマウイルス ₁₆ 型 L₁ タンパク質ウイルス様 ₂₀ ng 粒子 ヒトパピローマウイルス ₁₈ 型 L₁ タンパク質ウイルス様 ₂₀ ng 粒子 添加物Ａ ₃︲脱アシル化︲₄' ︲モノホスホリルリピッド A ₅₀ ng （リポ多糖誘導体） 添加物Ｂ 水酸化アルミニウム懸濁液（アルミニウムとして） ₅₀₀ ng その他の 塩化ナトリウム（等張化剤）、リン酸二水素ナトリウム（緩衝剤）、 添加物 pH 調節剤 問 226（実務） このワクチンに関する説明として正しいのはどれか。2つ選べ。	"[""これは弱毒生ワクチンです。"",""子宮頸がんを予防するものです。"",""筋肉注射で接種します。"",""接種は ₁ 回で完了します。"",""HPV（₁₆ 型／₁₈ 型）感染後に接種しても、がんを予防する効果があります。""]"	multiChoice	[1,2]	null	normal	false	parsed	"[""none""]"	P110-CASE-226	https://www.mhlw.go.jp/content/001455160.pdf	https://www.mhlw.go.jp/content/001458551.pdf	2025-02-23	MHLW website content under Public Data License 1.0 unless separately indicated; third-party content requires separate review
P110-227	110	227	実践	実務	（物理・化学・生物） このワクチンに含まれる添加物に関する記述として、誤っているのはどれか。 1つ選べ。	"[""添加物Ａは、細菌由来成分の誘導体である。"",""添加物Ａと添加物Ｂは、ともにアジュバントである。"",""添加物Ｂは、抗原を吸着し、投与部位での抗原の滞留時間を延ばす。"",""添加物Ａは、抗原提示細胞の抗原提示機能を促進する。"",""添加物Ａと添加物Ｂは、ともに自然免疫応答を抑制し、獲得免疫応答を促進す る。""]"	singleChoice	4	null	normal	false	parsed	"[""none""]"	P110-CASE-226	https://www.mhlw.go.jp/content/001455160.pdf	https://www.mhlw.go.jp/content/001458551.pdf	2025-02-23	MHLW website content under Public Data License 1.0 unless separately indicated; third-party content requires separate review
P110-228	110	228	実践	衛生	−229 ₇₆ 歳男性。下肢にしびれを感じて外科を受診し、 ₆ ケ月にわたって通院し ていたが、その間、腎機能が徐々に低下していたため内科を紹介された。血液検査 結果により慢性腎臓病と診断され、外来で経過を観察することになった。 （外来時の身体所見） 身長 ₁₆₈ cm、体重 ₇₄ kg、体温 ₃₆ . ₅ ℃、血圧 ₁₄₂/₈₅ mmHg （検査値） BUN ₄₀ mg/dL、血清クレアチニン ₁ . ₄ mg/dL、eGFR ₄₂ mL/min/₁ . ₇₃ m 、 血清アルブミン ₂ . ₆ g/dL、空腹時血糖 ₈₁ mg/dL、HbA₁c ₅ . ₆％、 Na ₁₃₈ mEq/L、K ₄ . ₅ mEq/L、ALT ₃₅ IU/L、尿中アルブミン ₁₀₀ mg/day、 尿アルブミン/クレアチニン比 ₈₃ . ₃ mg/gCr、尿タンパク（+）、 尿タンパク/クレアチニン比 ₀ . ₂₅ g/gCr（簡易尿検査） 問 228（実務） この患者の慢性腎臓病の重症度を分類する上で、必要な検査データはどれか。 2つ選べ。	"[""BUN"",""血清アルブミン"",""eGFR"",""尿アルブミン/クレアチニン比"",""尿タンパク/クレアチニン比""]"	multiChoice	[2,4]	null	normal	false	parsed	"[""none""]"	P110-CASE-228	https://www.mhlw.go.jp/content/001455160.pdf	https://www.mhlw.go.jp/content/001458551.pdf	2025-02-23	MHLW website content under Public Data License 1.0 unless separately indicated; third-party content requires separate review
P110-229	110	229	実践	実務	（衛生） この患者が内科で出された処方箋を持って家族と来局した。この患者に服薬指導 した際に、家族から食生活に関する質問があり、食塩の摂取を控えるよう助言し た。薬剤師が腎臓病に関連するリスク因子について論文検索したところ、食塩摂取 量と末期腎不全（End Stage Renal Disease：ESRD）発症との関連性について検討 した論文があった。その論文においては、慢性腎臓病の患者 ₅₀₀ 人のうち、₁₀₀ 人 が ESRD を発症し、食塩 ₆ . ₀ g/日以上を摂取していた患者は ₈₅ 人であった。ま た、ESRD を発症した ₁₀₀ 人のうち、食塩 ₆ . ₀ g/日以上を摂取していた患者が ₂₀ 人 であった。 食塩摂取（₆ . ₀ g/日以上）による ESRD 発症のオッズ比として最も近い値はどれ か。1つ選べ。	"[""₁.₃"",""₂.₃"",""₃.₇"",""₄.₁"",""₄.₉""]"	singleChoice	0	null	normal	false	parsed	"[""none""]"	P110-CASE-228	https://www.mhlw.go.jp/content/001455160.pdf	https://www.mhlw.go.jp/content/001458551.pdf	2025-02-23	MHLW website content under Public Data License 1.0 unless separately indicated; third-party content requires separate review
P110-230	110	230	実践	衛生	−231 新 聞 報 道 で、 致 死 率 の 高 い 感 染 症 で あ る 重 症 熱 性 血 小 板 減 少 症 候 群 （SFTS）を知った中学生（₁₄ 歳）と父親がドラッグストアに来局した。この親子 は、夏休みに登山をすることになったので、SFTS とその感染を防ぐための方法を 教えて欲しいとの相談があった。 問 230（衛生） SFTS に関する説明内容として正しいのはどれか。2つ選べ。	"[""感染症法 において SFTS が含まれる四類感染症は、全数報告対象とされて （注） いる。"",""原虫によって引き起こされる感染症である。"",""ダニが媒介する感染症である。"",""SFTS に対するワクチンがある。"",""感染者との接触及び血液を介した感染のおそれはない。 （注）感染症法：感染症の予防及び感染症の患者に対する医療に関する法律""]"	multiChoice	[0,2]	null	normal	false	parsed	"[""none""]"	P110-CASE-230	https://www.mhlw.go.jp/content/001455160.pdf	https://www.mhlw.go.jp/content/001458551.pdf	2025-02-23	MHLW website content under Public Data License 1.0 unless separately indicated; third-party content requires separate review
P110-231	110	231	実践	実務	（実務） 薬剤師はこの親子に、皮膚の露出を少なくするために長袖・長ズボンなどの衣服 を着用することに加えて、虫よけ剤の使用を勧めた。虫よけ剤の活性成分として適 切なのはどれか。2つ選べ。	"[""イミダクロプリド"",""ディート"",""イカリジン"",""ジクロルボス"",""ジフェンヒドラミン""]"	multiChoice	[1,2]	null	normal	false	parsed	"[""none""]"	P110-CASE-230	https://www.mhlw.go.jp/content/001455160.pdf	https://www.mhlw.go.jp/content/001458551.pdf	2025-02-23	MHLW website content under Public Data License 1.0 unless separately indicated; third-party content requires separate review
P110-232	110	232	実践	衛生	−233 ₆₁ 歳女性。肺アスペルギローマの既往。急性リンパ性白血病と診断され、 シタラビン大量療法が施行された。療法開始から ₁₅ 日目に固形成分を含まない水 様性便となったため、副作用の対応として処方 ₁ ～ ₄ の薬剤で治療開始された。し かし、症状が悪化したことから、 ₅ 日後に糞便検体を採取して検査した結果、 toxin A 及び toxin B が陽性であった。Clostridioides difficile 感染症の院内での拡 大を防止するため、院内のチームで対策を検討することになった。 （処方 ₁ ） 点滴静注 メロペネム点滴静注用（ ₁ g/バイアル ₁ 本） ₁ g 生理食塩液 ₁₀₀ mL ₁日₃回 ₈ 時間ごと ₃₀ 分かけて投与 ₇ 日連日投与 （処方 ₂ ） イトラコナゾール錠 ₁₀₀ mg ₁ 回 ₁ 錠（ ₁ 日 ₁ 錠） ₁日₁回 朝食直後 ₇ 日分 （処方 ₃ ） ロペラミド塩酸塩カプセル ₁ mg ₁ 回 ₁ カプセル（ ₁ 日 ₂ カプセル） ₁日₂回 朝夕食後 ₇ 日分 （処方 ₄ ） メトクロプラミド錠 ₅ mg ₁ 回 ₁ 錠（ ₁ 日 ₃ 錠） 酪酸菌（宮入菌）製剤錠 ₂₀ mg ₁ 回 ₂ 錠（ ₁ 日 ₆ 錠） ₁日₃回 朝昼夕食前 ₇ 日分 問 232（実務） この患者に処方された処方 ₁ ～ ₄ の薬剤のうち、Clostridioides difficile 感染症 を誘発し、下痢を悪化させた可能性のある薬剤はどれか。1つ選べ。	"[""メロペネム点滴静注用"",""イトラコナゾール錠"",""ロペラミド塩酸塩カプセル"",""メトクロプラミド錠"",""酪酸菌（宮入菌）製剤錠""]"	singleChoice	0	null	normal	false	parsed	"[""none""]"	P110-CASE-232	https://www.mhlw.go.jp/content/001455160.pdf	https://www.mhlw.go.jp/content/001458551.pdf	2025-02-23	MHLW website content under Public Data License 1.0 unless separately indicated; third-party content requires separate review
P110-233	110	233	実践	実務	（衛生） この患者から広がる可能性がある院内感染症とその防止のため、薬剤師が備えて おくべき知識として、正しいのはどれか。2つ選べ。	"[""この感染症の主な感染経路は間接伝播である。"",""この原因菌は芽胞を形成するので、この患者が使用した食器の消毒には煮沸消 毒（₁₀₀ ℃、₃₀ 分）が有効である。"",""消毒用エタノールによる手指の消毒が有効である。"",""クレゾール石けんと流水による手洗いが有効である。"",""便座等の消毒には次亜塩素酸ナトリウムが有効である。""]"	multiChoice	[3,4]	null	normal	false	parsed	"[""none""]"	P110-CASE-232	https://www.mhlw.go.jp/content/001455160.pdf	https://www.mhlw.go.jp/content/001458551.pdf	2025-02-23	MHLW website content under Public Data License 1.0 unless separately indicated; third-party content requires separate review
P110-234	110	234	実践	衛生	−235 ₅₅ 歳女性。身長 ₁₆₀ cm、体重 ₇₀ kg。地域のイベントの一つとして、近所 の薬局で開催された健康フェアに参加した。糖分を多く含む飲料を好み、運動習慣 がほとんどなく、ここ ₁₀ 年来、健康診断を受けていなかった。薬局において血 圧、指の穿刺血液による空腹時血糖値、HbA₁c 値及び総コレステロール値を測定 し た と こ ろ、 血 圧 は ₁₃₅/₈₅ mmHg、 空 腹 時 血 糖 値 は ₁₂₀ mg/dL、HbA₁c 値 は ₅ . ₈％、総コレステロール値は ₂₂₀ mg/dL であった。薬剤師が受診を勧めたとこ ろ、受診前にできることとして、生活習慣の改善や特定保健用食品（トクホ）につ いて質問された。 問 234（衛生） 薬剤師の助言として適しているのはどれか。2つ選べ。	"[""適度な運動習慣を身につけ、適正体重に近づけてください。"",""低タンパク質で高脂肪の食事を心がけてください。"",""血糖値が気になる方には、難消化性デキストリンを含むトクホがあります。"",""血圧が高めの方には、キシリトールを含むトクホがあります。"",""コレステロールが高めの方には、ラクトトリペプチドを含むトクホがあります。""]"	multiChoice	[0,2]	null	normal	false	parsed	"[""none""]"	P110-CASE-234	https://www.mhlw.go.jp/content/001455160.pdf	https://www.mhlw.go.jp/content/001458551.pdf	2025-02-23	MHLW website content under Public Data License 1.0 unless separately indicated; third-party content requires separate review
P110-235	110	235	実践	実務	（実務） この女性は生活習慣に改善がみられず、再び健康フェアに参加した際に受診勧奨 さ れ、 近 医 を 受 診 し た。 血 圧 は ₁₆₀/₉₅ mmHg、 空 腹 時 血 糖 値 は ₁₄₅ mg/dL、 HbA₁c 値は ₆ . ₈％であった。患者は運動療法・食事療法を実施していたが、改善 しなかったため、処方 ₁ と ₂ が出され来局した。 （処方 ₁ ） エナラプリルマレイン酸塩錠 ₅ mg ₁ 回 ₁ 錠（ ₁ 日 ₁ 錠） ₁日₁回 朝食後 ₁₄ 日分 （処方 ₂ ） メトホルミン塩酸塩錠 ₂₅₀ mg ₁ 回 ₁ 錠（ ₁ 日 ₂ 錠） ₁日₂回 朝夕食後 ₁₄ 日分 薬剤師からこの患者への指導として適切でないのはどれか。1つ選べ。	"[""まぶたや唇の腫れなどを認めた場合には教えてください。"",""悪心、下痢などを認めた場合には教えてください。"",""空咳などを認めた場合には教えてください。"",""副作用予防のため適度に水分を摂取してください。"",""バリウム造影剤を用いる検査は受けないでください。""]"	singleChoice	4	null	normal	false	parsed	"[""none""]"	P110-CASE-234	https://www.mhlw.go.jp/content/001455160.pdf	https://www.mhlw.go.jp/content/001458551.pdf	2025-02-23	MHLW website content under Public Data License 1.0 unless separately indicated; third-party content requires separate review
P110-236	110	236	実践	衛生	−237 ₅₀ 歳男性。慢性腎臓病ステージ ₃b。脳梗塞急性期で経口摂取できず、 ₃ 日間末梢静脈栄養を投与していたが、栄養不足が懸念されることから、主治医よ り完全静脈栄養（Total Parenteral Nutrition：TPN）の処方設計について薬剤師 に相談があり、協働して実施することになった。 問 236（実務） 処方を設計する際に、検討すべきこととして適切なのはどれか。2つ選べ。	"[""腎機能への影響を考慮し、分岐鎖アミノ酸（BCAA）を投与する。"",""低リン血症のリスクがあるため、リン酸二カリウム製剤を投与する。"",""代謝性アルカローシスのリスクがあるため、生理食塩液や塩化カリウム製剤を 投与する。"",""低カルシウム血症のリスクがあるため、活性型ビタミン D3 製剤を投与する。"",""腎不全が進行した場合、カリウム製剤を積極的に投与する。""]"	multiChoice	[0,3]	null	normal	false	parsed	"[""none""]"	P110-CASE-236	https://www.mhlw.go.jp/content/001455160.pdf	https://www.mhlw.go.jp/content/001458551.pdf	2025-02-23	MHLW website content under Public Data License 1.0 unless separately indicated; third-party content requires separate review
P110-237	110	237	実践	実務	（衛生） この男性への TPN の処方として、ブドウ糖含有率 ₅₀％の基本輸液 ₅₀₀ mL、脂 肪乳剤（ダイズ油 ₂₀％）₁₀₀ mL、アミノ酸を ₅ ％含む総合アミノ酸輸液 ₃₇₅ mL、 高 カ ロ リ ー 輸 液 用 微 量 元 素 製 剤 ₂ mL、 総 合 ビ タ ミ ン 剤 ₅ mL を 設 計 し た。 Atwater 係数を用いて計算した場合、この処方における非タンパク質カロリー/窒 素比（NPC/N）の値として最も近いのはどれか。1つ選べ。 ただし、脂肪乳剤（ダイズ油 ₂₀％）₁₀₀ mL に含まれる熱量を ₂₀₀ kcal、アミノ 酸は ₁₆％の窒素を含むものとする。	"[""₁₀₀"",""₂₀₀"",""₃₀₀"",""₄₀₀"",""₅₀₀""]"	singleChoice	3	null	normal	false	parsed	"[""none""]"	P110-CASE-236	https://www.mhlw.go.jp/content/001455160.pdf	https://www.mhlw.go.jp/content/001458551.pdf	2025-02-23	MHLW website content under Public Data License 1.0 unless separately indicated; third-party content requires separate review
P110-238	110	238	実践	衛生	−239 海外の規制当局より、メトホルミン塩酸塩を含有する製剤（特定のロッ ト）から N︲ニトロソジメチルアミン（NDMA）が検出されたとの発表があっ た。₁₀ 年間にわたってメトホルミン塩酸塩含有製剤を服用してきた患者（体重 ₅₀ kg）がこのニュースを見て来局し、健康に対するリスクを教えて欲しいという 相談があった。そこで、公表されている NDMA の含有量を調べたところ、メトホ ルミン塩酸塩 ₁ , ₀₀₀ mg 当たり ₀ . ₀₈ ng の NDMA が含まれていることがわかっ た。薬剤師は、₁₀ 年間服用した場合の発がんリスクを計算し、患者に伝えること とした。 問 238（衛生） この患者が、このメトホルミン塩酸塩含有製剤を、 ₁ 日当たり ₁ , ₅₀₀ mg の用量 で ₁₀ 年間にわたって服用したとき、増加すると推定される発がんリスクに最も近 い値はどれか。1つ選べ。 ただし、NDMA の実質安全量（体重 ₅₀ kg の成人が生涯（₇₀ 年間）曝露した場 合に発がんリスクが ₁ . ₀ # ₁₀ 増加する曝露量）を ₀ . ₁ ng/日とし、発がんリスク は服用量及び服用期間に比例するものとする。	"[""₁ . ₀ # ₁₀"",""₁ . ₇ # ₁₀"",""₅ . ₉ # ₁₀"",""₁ . ₇ # ₁₀"",""₅ . ₉ # ₁₀""]"	singleChoice	3	null	normal	false	parsed	"[""none""]"	P110-CASE-238	https://www.mhlw.go.jp/content/001455160.pdf	https://www.mhlw.go.jp/content/001458551.pdf	2025-02-23	MHLW website content under Public Data License 1.0 unless separately indicated; third-party content requires separate review
P110-239	110	239	実践	実務	（実務） NDMA が検出されたメトホルミン塩酸塩を服用したことによるリスクは極めて 低く、これまでに国内外において重篤な健康被害が発生したとの報告はない。 この患者に対する薬剤師の説明内容として、適切なのはどれか。2つ選べ。	"[""NDMA によるがんの発症には、閾値があること。"",""摂取した NDMA の量は、実質安全量を下回っていること。"",""他の同種同効薬に変更する必要があること。"",""血糖値が落ち着いていれば服用を止め、次回受診時に医師に報告すること。"",""必要に応じて、発がんリスクに関する情報を医師に提供できること。""]"	multiChoice	[1,4]	null	normal	false	parsed	"[""none""]"	P110-CASE-238	https://www.mhlw.go.jp/content/001455160.pdf	https://www.mhlw.go.jp/content/001458551.pdf	2025-02-23	MHLW website content under Public Data License 1.0 unless separately indicated; third-party content requires separate review
P110-240	110	240	実践	衛生	−241 ₂ 歳 ₈ ケ月女児。 ₁ 週間前から腹痛を訴えることがあり、今朝になって、 嘔吐したため、近医を受診した。母親からの聞き取りでは、日頃から鉛を含む金属 製アクセサリーを舐める癖があり、誤飲したおそれがあるとのことであった。レン トゲン検査では異物は見当たらなかった。尿中の d︲アミノレブリン酸濃度は ₁₀ mg/L と高値であった。また、血液検査では有核赤血球数の増加がみられ、赤 血球遊離プロトポルフィリン濃度は ₁₈₀ ng/dL（基準値 ₃₀～₈₆ ng/dL）、原子吸光 光度計で測定した血中鉛濃度は ₇₅ ng/dL であった。 問 240（実務） 薬剤師が医師に提案する解毒薬として適切なのはどれか。2つ選べ。	"[""EDTA カルシウム二ナトリウム"",""ホメピゾール"",""メチレンブルー"",""亜硝酸アミル"",""ジメルカプロール（BAL）""]"	multiChoice	[0,4]	null	normal	false	parsed	"[""none""]"	P110-CASE-240	https://www.mhlw.go.jp/content/001455160.pdf	https://www.mhlw.go.jp/content/001458551.pdf	2025-02-23	MHLW website content under Public Data License 1.0 unless separately indicated; third-party content requires separate review
P110-241	110	241	実践	実務	（衛生） ヘムの生合成経路を表した下図中の 1 ～ 5 のうち、この女児の中毒原因物質に よって抑制される反応はどれか。2つ選べ。 O CO2H CO2H CoA O S CO2H	"[""H2N"",""3 スクシニル CoA CO2H H2N N d︲アミノレブリン酸 H H2N CO2H ポルフォビリノーゲン グリシン CO2H CO2H CO2H CO2H CO2H CH3 HO2C HO2C H3C CO2H CO2H CO2H NH HN NH HN NH HN HO NH HN NH HN NH HN HO2C H3C CH3 CO2H HO2C CO2H HO2C CO2H HO2C CO2H HO2C CO2H ヒドロキシメチルビラン ウロポルフィリノーゲンⅢ コプロポルフィリノーゲンⅢ CH2 CH2 CH2 CH3 CH3 CH3 H3C H3C H3C CH2 CH2 CH2 NH HN N HN N N""]"	multiChoice	[1,4]	null	normal	true	parsed	"[""none""]"	P110-CASE-240	https://www.mhlw.go.jp/content/001455160.pdf	https://www.mhlw.go.jp/content/001458551.pdf	2025-02-23	MHLW website content under Public Data License 1.0 unless separately indicated; third-party content requires separate review
P110-242	110	242	実践	衛生	−243 ある高校で、夏休み前の ₇ 月に野球大会を開催することとなった。大会当 日に、熱中症を防止する目的で、体育の教諭がグラウンドの中央付近の高さ約 ₁ m の地点で、乾球温度計及び黒球温度計を用いて温度を測定した。また、同時に電気 式湿度計で相対湿度を測定した。午前 ₈ 時及び午後 ₂ 時の測定結果を表 ₁ に示し た。 表₁ 測定結果 午前 ₈ 時 午後 ₂ 時 乾球温度（℃） ₂₈ . ₀ ₃₂ . ₀ 黒球温度（℃） ₃₄ . ₀ ₃₈ . ₀ 相対湿度（％） ₈₀ . ₀ ₃₀ . ₀ 表₂ 乾球温度と相対湿度から湿球温度（℃）を求める表（標準気圧の場合） 相対湿度（％） 乾球温度（℃） ₃₀ ₃₅ ₄₀ ₄₅ ₅₀ ₅₅ ₆₀ ₆₅ ₇₀ ₇₅ ₈₀ ₈₅ ₉₀ ₂₅ ₁₅ ₁₅ ₁₆ ₁₇ ₁₈ ₁₉ ₂₀ ₂₀ ₂₁ ₂₂ ₂₂ ₂₃ ₂₄ ₂₆ ₁₅ ₁₆ ₁₇ ₁₈ ₁₉ ₂₀ ₂₀ ₂₁ ₂₂ ₂₃ ₂₃ ₂₄ ₂₅ ₂₇ ₁₆ ₁₇ ₁₈ ₁₉ ₂₀ ₂₀ ₂₁ ₂₂ ₂₃ ₂₄ ₂₄ ₂₅ ₂₆ ₂₈ ₁₇ ₁₈ ₁₉ ₂₀ ₂₀ ₂₁ ₂₂ ₂₃ ₂₄ ₂₄ ₂₅ ₂₆ ₂₇ ₂₉ ₁₇ ₁₈ ₁₉ ₂₀ ₂₁ ₂₂ ₂₃ ₂₄ ₂₅ ₂₅ ₂₆ ₂₇ ₂₈ ₃₀ ₁₈ ₁₉ ₂₀ ₂₁ ₂₂ ₂₃ ₂₄ ₂₅ ₂₆ ₂₆ ₂₇ ₂₈ ₂₉ ₃₁ ₁₉ ₂₀ ₂₁ ₂₂ ₂₃ ₂₄ ₂₅ ₂₆ ₂₆ ₂₇ ₂₈ ₂₉ ₃₀ ₃₂ ₁₉ ₂₁ ₂₂ ₂₃ ₂₄ ₂₅ ₂₆ ₂₆ ₂₇ ₂₈ ₂₉ ₃₀ ₃₁ ₃₃ ₂₀ ₂₁ ₂₂ ₂₄ ₂₅ ₂₆ ₂₆ ₂₇ ₂₈ ₂₉ ₃₀ ₃₁ ₃₂ ₃₄ ₂₁ ₂₂ ₂₃ ₂₄ ₂₅ ₂₆ ₂₇ ₂₈ ₂₉ ₃₀ ₃₁ ₃₂ ₃₂ 問 242（衛生） 午前 ₈ 時及び午後 ₂ 時の暑さ指数（WBGT）の値に最も近いのはどれか。1つ 選べ。 ただし、気圧は標準気圧とする。また、屋外での WBGT は次式で求められ、湿 球温度は表 ₂ から求めるものとする。 WBGT（℃）= ₀ . ₇ # 湿球温度 + ₀ . ₂ # 黒球温度 + ₀ . ₁ # 乾球温度 午前 ₈ 時 午後 ₂ 時	"[""₂₅ ₂₂"",""₂₅ ₂₈"",""₂₇ ₂₄"",""₂₇ ₃₀"",""₂₉ ₂₆"",""₂₉ ₃₂""]"	singleChoice	2	null	normal	false	parsed	"[""none""]"	P110-CASE-242	https://www.mhlw.go.jp/content/001455160.pdf	https://www.mhlw.go.jp/content/001458551.pdf	2025-02-23	MHLW website content under Public Data License 1.0 unless separately indicated; third-party content requires separate review
P110-243	110	243	実践	実務	（実務） 野球大会当日、複数の生徒が体調不良を訴え、保健室で手当てを受けた。この高 校では、教育委員会が作成した「学校における熱中症対策ガイドライン」をもとに 今後の対策を話し合うこととなり、熱中症を防止するために必要な注意事項につい て学校薬剤師に助言を求めた。 学校薬剤師が学校に対して行う助言の内容として、正しいのはどれか。2つ選 べ。	"[""乾球温度と気動が同じ場合には、湿球温度が高いほど熱中症のリスクは減少する。"",""WBGT の算出に用いる黒球温度は、紫外線の影響を最も強く受ける。"",""乾球温度が高い場合には、風があっても感覚温度が下がらないことがある。"",""体育館内の競技では、熱輻射の影響が無いので熱中症のリスクはない。"",""体が暑さに慣れていない時期は、熱中症のリスクが高まる。""]"	multiChoice	[2,4]	null	normal	false	parsed	"[""none""]"	P110-CASE-242	https://www.mhlw.go.jp/content/001455160.pdf	https://www.mhlw.go.jp/content/001458551.pdf	2025-02-23	MHLW website content under Public Data License 1.0 unless separately indicated; third-party content requires separate review
P110-244	110	244	実践	衛生	−245 病院で、以下の事故事例を用いて、抗がん剤シクロホスファミド水和物の 調製に関する新人薬剤師の研修会を行うことになった。 ＜事故事例＞ シクロホスファミド水和物の溶解に閉鎖式薬物移送システム（CSTD）で調製 するところ、その器具がなかった。薬剤師は安全キャビネットを使用して、シ クロホスファミド水和物 ₅₀₀ mg（凍結乾燥粉末）を生理食塩液 ₂₅ mL で溶解 させているときに ₁₈ G の注射針がシリンジから外れ、誤って薬液を飛散させ てしまった。 問 244（実務） シクロホスファミド水和物の溶解調製及び事故時の対応に関して、新人薬剤師が 指導を受ける内容として正しいのはどれか。2つ選べ。	"[""溶解液はバイアル内を陽圧に保ちながら調製を行う。"",""調製にはルアーロック型のシリンジを使用する。"",""外径がより細い ₃₂ G の注射針を用いて調製する。"",""飛散した薬液は安全キャビネット内で中心部から周囲に向かって拭き取る。"",""薬液を拭き取った後は水を含ませたガーゼで拭き、さらに消毒用エタノールを 含ませたガーゼで清拭する。""]"	multiChoice	[1,4]	null	normal	false	parsed	"[""none""]"	P110-CASE-244	https://www.mhlw.go.jp/content/001455160.pdf	https://www.mhlw.go.jp/content/001458551.pdf	2025-02-23	MHLW website content under Public Data License 1.0 unless separately indicated; third-party content requires separate review
P110-245	110	245	実践	実務	（衛生） この過程で排出されたものの廃棄に関して、新人薬剤師が備えておくべき知識と して正しいのはどれか。2つ選べ。	"[""使用した注射針は、図Ａに示した形状のマークをつけた容器に入れて廃棄する ことが推奨されている。"",""拭き取りに使用したガーゼは、事業系一般廃棄物として扱う。"",""使用後のバイアルは、特別管理産業廃棄物として扱う。"",""使用したシリンジは、事業系一般廃棄物として扱う。"",""調製時に用いたディスポーザブル手袋は、特別管理一般廃棄物として扱う。 図Ａ""]"	multiChoice	[0,2]	null	normal	false	parsed	"[""none""]"	P110-CASE-244	https://www.mhlw.go.jp/content/001455160.pdf	https://www.mhlw.go.jp/content/001458551.pdf	2025-02-23	MHLW website content under Public Data License 1.0 unless separately indicated; third-party content requires separate review
P110-246	110	246	実践	薬理	−247 ₃₀ 歳男性。以下の処方 ₁ ～ ₃ が記載された処方箋を持って薬局を訪れた。 この薬局では、 ₁ 名の薬学生が実習中であった。 （処方 ₁ ） リスペリドン錠 ₁ mg ₁ 回 ₁ 錠（ ₁ 日 ₃ 錠） スルピリド錠 ₁₀₀ mg ₁ 回 ₁ 錠（ ₁ 日 ₃ 錠） ₁日₃回 朝昼夕食後 ₁₄ 日分 （処方 ₂ ） ハロペリドール細粒 ₁ ％ ₁ 回 ₀ . ₆ g（ ₁ 日 ₀ . ₆ g） ₁日₁回 朝食後 ₁₄ 日分 （処方 ₃ ） ラメルテオン錠 ₈ mg ₁ 回 ₁ 錠（ ₁ 日 ₁ 錠） ₁日₁回 就寝前 ₁₄ 日分 問 246（薬理） 処方 ₁ ～ ₃ のいずれかの薬物に関する記述として、正しいのはどれか。2つ選 べ。	"[""ドパミン D2 受容体に部分アゴニストとして作用することで、ドパミン神経系 を安定化させる。"",""ヒスタミン H1 受容体及びアドレナリン a1 受容体を刺激することで、統合失調 症の陰性症状を改善する。"",""ドパミン D2 受容体を遮断することで、統合失調症の陽性症状を改善する。"",""c︲アミノ酪酸 GABAA 受容体のベンゾジアゼピン結合部位に結合することで、 睡眠を誘発する。"",""メラトニン MT1 及び MT2 受容体を刺激することで、睡眠︲覚醒リズムを正常 化する。""]"	multiChoice	[2,4]	null	normal	false	parsed	"[""none""]"	P110-CASE-246	https://www.mhlw.go.jp/content/001455161.pdf	https://www.mhlw.go.jp/content/001458551.pdf	2025-02-23	MHLW website content under Public Data License 1.0 unless separately indicated; third-party content requires separate review
P110-247	110	247	実践	実務	（実務） 指導薬剤師は、実務実習生に下表の換算値を用いて経口抗精神病薬のクロルプロ マジン換算量を算出する課題を出した。この患者の ₁ 日分のクロルプロマジン換算 量はどれか。1つ選べ。 （経口抗精神病薬の等価換算表） 経口クロルプロマジン ₁₀₀ mg に 薬物 相当する換算値 クロルプロマジン ₁₀₀ スルピリド ₂₀₀ ハロペリドール ₂ リスペリドン ₁	"[""₃₀₀ mg"",""₄₈₀ mg"",""₆₆₀ mg"",""₇₅₀ mg"",""₉₀₀ mg""]"	singleChoice	3	null	normal	true	parsed	"[""none""]"	P110-CASE-246	https://www.mhlw.go.jp/content/001455161.pdf	https://www.mhlw.go.jp/content/001458551.pdf	2025-02-23	MHLW website content under Public Data License 1.0 unless separately indicated; third-party content requires separate review
P110-248	110	248	実践	薬理	−249 ₁₆ 歳女性。夜間の睡眠を十分にとっていたにもかかわらず、高校での授業 中に耐え難い眠気が繰り返し生じ、居眠りすることが多くなった。そのため睡眠ク リニックを受診し、指導された通りに生活習慣の改善を実施したが、 ₂ 週間経って も居眠りが消失しなかった。終夜睡眠ポリグラフ検査や反復睡眠潜時検査の結果か らナルコレプシーと診断され、生活習慣の改善を継続するとともに、以下の処方が 開始となった。 （処方 ₁ ） モダフィニル錠 ₁₀₀ mg ₁ 回 ₁ 錠（ ₁ 日 ₁ 錠） ₁日₁回 朝食後 ₁₄ 日分 問 248（実務） 処方 ₁ の薬剤及び用法について、この患者に説明する内容として適切なのはどれ か。2つ選べ。	"[""依存性が形成される可能性があること。"",""流通管理のため、空の PTP シートを回収すること。"",""脱毛の可能性があること。"",""服用開始後、頭痛が生じる可能性があること。"",""服用期間中はカフェインを含む飲料の摂取は避けること。""]"	multiChoice	[0,3]	null	normal	true	parsed	"[""none""]"	P110-CASE-248	https://www.mhlw.go.jp/content/001455161.pdf	https://www.mhlw.go.jp/content/001458551.pdf	2025-02-23	MHLW website content under Public Data License 1.0 unless separately indicated; third-party content requires separate review
P110-249	110	249	実践	実務	（薬理） 服薬コンプライアンスは良好であったが、約 ₁ ケ月服用しても授業中の居眠り等 の症状は改善しなかったため、モダフィニルが徐々に増量され、 ₃ ケ月後には ₃₀₀ mg/日となった。モダフィニルの増量中に、「眠りにつくときに怖い夢ばかり みる」との訴えがあったため、処方 ₂ が追加された。その後も居眠り等の症状が十 分に改善されなかったため、モダフィニル錠は、処方 ₃ に変更された。 （処方 ₂ ） クロミプラミン塩酸塩錠 ₁₀ mg ₁ 回 ₁ 錠（ ₁ 日 ₁ 錠） ₁日₁回 就寝前 ₁₄ 日分 （処方 ₃ ） メチルフェニデート塩酸塩錠 ₁₀ mg ₁ 回 ₁ 錠（ ₁ 日 ₂ 錠） ₁日₂回 朝昼食後 ₁₄ 日分 処方 ₂ 及び処方 ₃ のいずれかの薬物の作用機序として、正しいのはどれか。2つ 選べ。	"[""c︲アミノ酪酸（GABA）及びヒスタミンの遊離を促進する。"",""アデノシン A1 及び A2A 受容体を遮断する。"",""非特異的にホスホジエステラーゼを阻害する。"",""ドパミン及びノルアドレナリンの再取り込みを阻害する。"",""セロトニン及びノルアドレナリンの再取り込みを阻害する。""]"	multiChoice	[3,4]	null	normal	false	parsed	"[""none""]"	P110-CASE-248	https://www.mhlw.go.jp/content/001455161.pdf	https://www.mhlw.go.jp/content/001458551.pdf	2025-02-23	MHLW website content under Public Data License 1.0 unless separately indicated; third-party content requires separate review
P110-250	110	250	実践	薬理	−251 ₂₉ 歳女性。 ₅ 年前に潰瘍性大腸炎と診断され、メサラジン、副腎皮質ステ ロイド薬、タクロリムス、アザチオプリン、アダリムマブを使用してきたが、これ までの治療薬では寛解の維持が困難であった。医師はこれまでとは異なる作用機序 の薬剤を新たに開始することを検討している。 問 250（薬理） 新たに開始する候補薬剤の作用機序として、適切なのはどれか。2つ選べ。	"[""IL︲₁₂ 及び IL︲₂₃ の p₄₀ サブユニットに特異的に結合して、ヘルパー T 細胞の 活性化を抑制する。"",""TNF︲a に特異的に結合して、TNF︲a の作用を抑制する。"",""カルシニューリンを阻害して、IL︲₂ の産生を抑制する。"",""プリン塩基の合成を阻害して、リンパ球の増殖を抑制する。"",""ヤヌスキナーゼ（JAK）を阻害して、リンパ球の活性化を抑制する。""]"	multiChoice	[0,4]	null	normal	false	parsed	"[""none""]"	P110-CASE-250	https://www.mhlw.go.jp/content/001455161.pdf	https://www.mhlw.go.jp/content/001458551.pdf	2025-02-23	MHLW website content under Public Data License 1.0 unless separately indicated; third-party content requires separate review
P110-251	110	251	実践	実務	（実務） 患者は内服薬による治療を希望し、新たに内服薬を開始することになった。医師 より、開始する薬剤に関する留意点について、患者への説明を依頼された。説明す る内容として適切なのはどれか。2つ選べ。	"[""寛解が得られた後、寛解維持期においては隔日投与となること。"",""腎機能障害が現れやすいこと。"",""脂質検査値の異常が現れる可能性があること。"",""眠気が起こりやすいこと。"",""感染症を起こしやすいこと。""]"	multiChoice	[2,4]	null	normal	false	parsed	"[""none""]"	P110-CASE-250	https://www.mhlw.go.jp/content/001455161.pdf	https://www.mhlw.go.jp/content/001458551.pdf	2025-02-23	MHLW website content under Public Data License 1.0 unless separately indicated; third-party content requires separate review
P110-252	110	252	実践	薬理	−253 ₂₈ 歳女性。高校教員として勤務している。ここ数ケ月、仕事のストレスか ら風邪をひきやすく、体調が優れない日が続いていた。最近になり、左胸背部に赤 い発疹が多く現れ、ピリピリとする痛みが出てきたことから、近医を受診した。診 断の結果、帯状疱疹と診断され、以下の処方箋を持って薬局を訪れた。 （処方） バラシクロビル錠 ₅₀₀ mg ₁ 回 ₂ 錠（ ₁ 日 ₆ 錠） アセトアミノフェン錠 ₅₀₀ mg ₁ 回 ₁ 錠（ ₁ 日 ₃ 錠） ₁日₃回 朝昼夕食後 ₇ 日分 問 252（実務） この患者への説明として、適切なのはどれか。2つ選べ。	"[""他の教職員や生徒へ感染させる危険性があるため、出勤停止となります。"",""むくみが現れたり、尿量が減った場合は、すぐに知らせてください。"",""帯状疱疹は再発する可能性があります。"",""服用期間中は水分摂取を控えるようにしてください。"",""痛みが強い時は患部を冷やしてください。""]"	multiChoice	[1,2]	null	normal	false	parsed	"[""none""]"	P110-CASE-252	https://www.mhlw.go.jp/content/001455161.pdf	https://www.mhlw.go.jp/content/001458551.pdf	2025-02-23	MHLW website content under Public Data License 1.0 unless separately indicated; third-party content requires separate review
P110-253	110	253	実践	実務	（薬理） 処方薬で治療を継続した結果、皮疹は治まったものの、その部位で断続的な刺す ような痛みや持続的で焼けるような痛みが生じるようになった。これらの症状に対 して使用する薬物の作用機序として、正しいのはどれか。2つ選べ。	"[""電位依存性 Ca2+ チャネルの機能の抑制"",""c︲アミノ酪酸 GABAB 受容体の刺激"",""オピオイド n 受容体の刺激"",""セロトニン ₅︲HT1B/1D 受容体の刺激"",""カルシトニン遺伝子関連ペプチド（CGRP）受容体の遮断""]"	multiChoice	[0,2]	null	normal	false	parsed	"[""none""]"	P110-CASE-252	https://www.mhlw.go.jp/content/001455161.pdf	https://www.mhlw.go.jp/content/001458551.pdf	2025-02-23	MHLW website content under Public Data License 1.0 unless separately indicated; third-party content requires separate review
P110-254	110	254	実践	薬理	−255 ₅₆ 歳男性。身長 ₁₆₅ cm、体重 ₆₃ kg。 ₁ 年前に健診で心電図異常が見つか り、循環器内科で精密検査となった。その結果、頻脈性不整脈と診断され、ジソピ ラミド（₅₀ mg カプセルを ₁ 回 ₁ カプセル、 ₁ 日 ₃ 回朝昼夕食後服用）による治療 が開始され、継続して服用していた。 ₂ 週間前に動悸や立ちくらみを自覚するよう になり、精密検査と治療の見直しのため入院となった。入院から ₄ 日目にジソピラ ミドを ₁ 日 ₁₅₀ mg から ₃₀₀ mg に増量したが、症状が改善されなかったことか ら、ジソピラミドをソタロール（₈₀ mg 錠を ₁ 回 ₁ 錠、 ₁ 日 ₂ 回朝夕食後服用）に 変更となった。ソタロール服用開始から ₅ 日目に、担当薬剤師が病室を訪れた際 に、下図に示す心電図の異常を発見した。 （心電図） ₁ マスは、横軸が ₀ . ₀₄ 秒、縦軸が ₀ . ₁ mV 問 254（薬理） この患者に使用された ₂ つの抗不整脈薬に共通する作用機序はどれか。1つ選 べ。	"[""電位依存性 Na チャネル遮断 +"",""電位依存性 Ca チャネル遮断 2+"",""電位依存性 K チャネル遮断 +"",""アドレナリン b 受容体遮断"",""アセチルコリン M2 受容体遮断""]"	singleChoice	2	null	normal	true	parsed	"[""none""]"	P110-CASE-254	https://www.mhlw.go.jp/content/001455161.pdf	https://www.mhlw.go.jp/content/001458551.pdf	2025-02-23	MHLW website content under Public Data License 1.0 unless separately indicated; third-party content requires separate review
P110-255	110	255	実践	実務	（実務） 認められた心電図異常はどれか。2つ選べ。	"[""ST 上昇"",""房室ブロック"",""徐脈"",""QT 延長"",""テント状 T 波の出現""]"	multiChoice	[2,3]	null	normal	false	parsed	"[""none""]"	P110-CASE-254	https://www.mhlw.go.jp/content/001455161.pdf	https://www.mhlw.go.jp/content/001458551.pdf	2025-02-23	MHLW website content under Public Data License 1.0 unless separately indicated; third-party content requires separate review
P110-256	110	256	実践	薬理	−257 ₆₃ 歳男性。 ₅ 年前に糖尿病性腎症と診断され、シタグリプチンリン酸塩水 和物、アルファカルシドール、ニフェジピン、酸化マグネシウム、セベラマー塩酸 塩、ポリスチレンスルホン酸カルシウムで治療してきた。 ₂ 年前に貧血症状が現 れ、ダルベポエチンアルファ（遺伝子組換え）が追加された。現在のダルベポエチ ンアルファ（遺伝子組換え）の用法・用量は、処方 ₁ のとおりである。 （処方 ₁ ） ダルベポエチンアルファ（遺伝子組換え）注射液 ₁₂₀ ng ₁回₁本 静脈内投与 ₂ 週間に ₁ 回 ₄ 週分 最近、血液中のヘモグロビン濃度が低下し、目標値を維持することができておら ず、その原因も不明であった。なお、血清フェリチン値は ₁₂₆ ng/mL、トランス フェリン飽和度は ₃₃％と正常域にある。この状態をふまえて、腎臓内科医は、処 方 ₁ から処方 ₂ へ変更した。 （処方 ₂ ） ダプロデュスタット錠 ₄ mg ₁ 回 ₁ 錠（ ₁ 日 ₁ 錠） ₁日₁回 朝食後 ₁₄ 日分 問 256（薬理） 処方 ₁ 又は処方 ₂ の薬物の作用機序として、正しいのはどれか。2つ選べ。	"[""補体 C₅ に結合することで、補体 C₅ を介した赤血球の破壊を抑制する。"",""チミジル酸合成酵素の補酵素として作用することで、赤血球の産生を促進す る。"",""ヘム合成酵素の補酵素として作用することで、ヘムの合成を促進する。"",""赤芽球系前駆細胞に作用することで、赤血球への分化を促進する。"",""低酸素誘導因子（HIF）プロリン水酸化酵素を阻害することで、HIF を介した エリスロポエチンの産生を促進する。""]"	multiChoice	[3,4]	null	normal	false	parsed	"[""none""]"	P110-CASE-256	https://www.mhlw.go.jp/content/001455161.pdf	https://www.mhlw.go.jp/content/001458551.pdf	2025-02-23	MHLW website content under Public Data License 1.0 unless separately indicated; third-party content requires separate review
P110-257	110	257	実践	実務	（実務） 処方 ₂ の薬剤の重大な副作用はどれか。1つ選べ。	"[""心室性不整脈"",""白血球減少"",""低血圧"",""血栓塞栓症"",""下痢""]"	singleChoice	3	null	normal	false	parsed	"[""none""]"	P110-CASE-256	https://www.mhlw.go.jp/content/001455161.pdf	https://www.mhlw.go.jp/content/001458551.pdf	2025-02-23	MHLW website content under Public Data License 1.0 unless separately indicated; third-party content requires separate review
P110-258	110	258	実践	薬理	−259 ₆₅ 歳男性。最近、尿意を我慢できなくなってきたため、近くの泌尿器科を 受診したところ、過活動膀胱と診断され、行動療法とともに以下の処方で治療を開 始することとなった。当薬局への来局は今回が初めてであったことから、お薬手帳 の確認と聞き取りを行った。 （処方） ソリフェナシンコハク酸塩錠 ₅ mg ₁ 回 ₁ 錠（ ₁ 日 ₁ 錠） ₁日₁回 朝食後 ₁₄ 日分 （お薬手帳の内容） ラタノプロスト点眼液 ₁日₁回₁滴 ドルゾラミド塩酸塩点眼液 ₁日₁回₁滴 患者からの聞き取りにて、眼科通院中で、お薬手帳に記載の点眼液を使用中であ ることを泌尿器科の処方医に伝えていなかったことが分かった。 問 258（実務） 眼科において治療中と考えられる疾患として、最も可能性が高いのはどれか。 1つ選べ。	"[""加齢黄斑変性"",""白内障"",""緑内障"",""ぶどう膜炎"",""流行性角結膜炎""]"	singleChoice	2	null	normal	false	parsed	"[""none""]"	P110-CASE-258	https://www.mhlw.go.jp/content/001455161.pdf	https://www.mhlw.go.jp/content/001458551.pdf	2025-02-23	MHLW website content under Public Data License 1.0 unless separately indicated; third-party content requires separate review
P110-259	110	259	実践	実務	（薬理） 前問で最も可能性が高い疾患を患者が治療中であることを眼科医に確認できたの で、泌尿器科の医師に処方変更を提案することにした。提案する薬物の作用機序と して適切なのはどれか。1つ選べ。	"[""アドレナリン a1 受容体刺激"",""アドレナリン b3 受容体刺激"",""アセチルコリン M3 受容体遮断"",""アンドロゲン受容体遮断"",""ミネラルコルチコイド受容体（アルドステロン受容体）遮断""]"	singleChoice	1	null	normal	false	parsed	"[""none""]"	P110-CASE-258	https://www.mhlw.go.jp/content/001455161.pdf	https://www.mhlw.go.jp/content/001458551.pdf	2025-02-23	MHLW website content under Public Data License 1.0 unless separately indicated; third-party content requires separate review
P110-260	110	260	実践	薬理	−261 ₄₈ 歳男性。 ₂ ケ月前から食欲の低下を感じ、消化器内科で精査したとこ ろ、ヘリコバクター・ピロリ陽性と診断され、一次除菌を行うこととなった。 （処方） ボノサップパック ₄₀₀ ₁ シート （注） ₁日₂回 朝夕食後 ₇ 日分 注： ₁ 回分として、ボノプラザン錠 ₂₀ mg ₁ 錠、アモキシシリンカプセル ₂₅₀ mg ₃ カプセル、クラリスロマイシン錠 ₂₀₀ mg ₁ 錠を服用 問 260（実務） この処方薬の服薬指導時の患者への説明として、適切なのはどれか。2つ選べ。	"[""ボノプラザン錠は、服用時に噛んだり、砕いたりすると効果が減弱します。"",""よくみられる副作用として、腹痛や頻回の下痢があります。"",""味覚異常が現れることがありますが、多くの場合数日で治まります。"",""服用期間中は激しい運動を控えてください。"",""処方分の薬を飲み終えた後、すぐに除菌の判定を行います。""]"	multiChoice	[1,2]	null	normal	false	parsed	"[""none""]"	P110-CASE-260	https://www.mhlw.go.jp/content/001455161.pdf	https://www.mhlw.go.jp/content/001458551.pdf	2025-02-23	MHLW website content under Public Data License 1.0 unless separately indicated; third-party content requires separate review
P110-261	110	261	実践	実務	（薬理） ヘリコバクター・ピロリの除菌療法において、ボノプラザン以外にラベプラゾー ルも用いられてきた。ボノプラザン又はラベプラゾールに関する記述として、正し いのはどれか。2つ選べ。	"[""ボノプラザンは、壁細胞における H ，K ︲ATPase の発現を抑制する。 + +"",""ボノプラザンは、胃酸による活性化を必要としない。"",""ボノプラザンは、弱酸性であり、壁細胞内に分子形として集積する。"",""ラベプラゾールは、K と競合して、壁細胞からの H 分泌を阻害する。 + +"",""ラベプラゾールは、H ，K ︲ATPase とジスルフィド結合を形成する。 + +""]"	multiChoice	[1,4]	null	normal	false	parsed	"[""none""]"	P110-CASE-260	https://www.mhlw.go.jp/content/001455161.pdf	https://www.mhlw.go.jp/content/001458551.pdf	2025-02-23	MHLW website content under Public Data License 1.0 unless separately indicated; third-party content requires separate review
P110-262	110	262	実践	薬理	−263 ₆₅ 歳男性。 ₂ 型糖尿病のため処方 ₁ ～ ₃ にて治療していた。 （処方 ₁ ） メトホルミン塩酸塩錠 ₂₅₀ mg ₁ 回 ₁ 錠（ ₁ 日 ₃ 錠） ₁日₃回 朝昼夕食後 ₂₈ 日分 （処方 ₂ ） グリメピリド錠 ₁ mg ₁ 回 ₁ 錠（ ₁ 日 ₂ 錠） ₁日₂回 朝夕食後 ₂₈ 日分 （処方 ₃ ） シタグリプチンリン酸塩錠 ₅₀ mg ₁ 回 ₁ 錠（ ₁ 日 ₁ 錠） ダパグリフロジン錠 ₅ mg ₁ 回 ₁ 錠（ ₁ 日 ₁ 錠） エナラプリルマレイン酸塩錠 ₅ mg ₁ 回 ₁ 錠（ ₁ 日 ₁ 錠） ₁日₁回 朝食後 ₂₈ 日分 最近、血糖コントロールが不良であることから、今回、処方 ₃ が処方 ₄ へ変更と なり、処方 ₁ 、 ₂ 及び ₄ が記載された処方箋を持ってかかりつけ薬局を訪れた。 （処方 ₄ ） セマグルチド（遺伝子組換え）錠 ₇ mg ₁ 回 ₁ 錠（ ₁ 日 ₁ 錠） ダパグリフロジン錠 ₅ mg ₁ 回 ₁ 錠（ ₁ 日 ₁ 錠） エナラプリルマレイン酸塩錠 ₅ mg ₁ 回 ₁ 錠（ ₁ 日 ₁ 錠） ₁日₁回 朝食後 ₂₈ 日分 問 262（実務） 処方変更に関して、医師に疑義照会すべき内容はどれか。2つ選べ。	"[""セマグルチドの投与剤形"",""セマグルチド錠の服用タイミング"",""セマグルチド錠の開始用量"",""セマグルチド錠とグリメピリド錠の併用禁忌"",""セマグルチド錠とダパグリフロジン錠の併用禁忌""]"	multiChoice	[1,2]	null	normal	false	parsed	"[""none""]"	P110-CASE-262	https://www.mhlw.go.jp/content/001455161.pdf	https://www.mhlw.go.jp/content/001458551.pdf	2025-02-23	MHLW website content under Public Data License 1.0 unless separately indicated; third-party content requires separate review
P110-263	110	263	実践	実務	（薬理） 処方 ₁ ～ ₄ のいずれかの薬物の作用機序として、正しいのはどれか。2つ選べ。	"[""グルカゴン様ペプチド︲₁（GLP︲₁）受容体を刺激して、膵臓からのインスリン 及びグルカゴン分泌を促進する。"",""ジペプチジルペプチダーゼ︲₄（DPP︲₄）を阻害して、小腸から分泌されるイン クレチンの分解を抑制する。"",""アンジオテンシン変換酵素（ACE）を阻害して、血中でのアンジオテンシンⅠ の生成を抑制する。"",""ミトコンドリア呼吸鎖複合体Ⅰを阻害して、血糖値依存的なインスリン分泌を 促進する。"",""AMP 活性化プロテインキナーゼ（AMPK）を活性化して、肝臓での糖新生を 抑制する。""]"	multiChoice	[1,4]	null	normal	false	parsed	"[""none""]"	P110-CASE-262	https://www.mhlw.go.jp/content/001455161.pdf	https://www.mhlw.go.jp/content/001458551.pdf	2025-02-23	MHLW website content under Public Data License 1.0 unless separately indicated; third-party content requires separate review
P110-264	110	264	実践	薬理	−265 ₆₂ 歳女性。最近 ₂ 週間ほど、咳嗽・喀痰があり、微熱も続いていた。市販 薬を継続服用していたが改善せず、呼吸器内科を受診したところ、肺結核と診断さ れた。処方は以下のとおりである。 （処方 ₁ ） リファンピシンカプセル ₁₅₀ mg ₁ 回 ₃ カプセル（ ₁ 日 ₃ カプセル） ₁日₁回 朝食前 ₃₀ 日分 （処方 ₂ ） イソニアジド錠 ₁₀₀ mg ₁ 回 ₂ 錠（ ₁ 日 ₂ 錠） ピラジナミド原末 ₁ 回 ₁ . ₅ g（ ₁ 日 ₁ . ₅ g） エタンブトール塩酸塩錠 ₂₅₀ mg ₁ 回 ₃ 錠（ ₁ 日 ₃ 錠） ₁日₁回 朝食後 ₃₀ 日分 問 264（実務） この患者に説明する内容として、適切なのはどれか。2つ選べ。	"[""しっかりと服薬遵守すれば、今回処方された分の薬で治療が終了すること。"",""リファンピシンの服用により、尿や便が橙赤色等に着色する可能性があるこ と。"",""イソニアジドの副作用として高尿酸血症があること。"",""ピラジナミドは、チーズなどのチラミンを多く含む食品との相互作用により、 動悸が現れること。"",""エタンブトールの副作用として視力障害があること。""]"	multiChoice	[1,4]	null	normal	false	parsed	"[""none""]"	P110-CASE-264	https://www.mhlw.go.jp/content/001455161.pdf	https://www.mhlw.go.jp/content/001458551.pdf	2025-02-23	MHLW website content under Public Data License 1.0 unless separately indicated; third-party content requires separate review
P110-265	110	265	実践	実務	（薬理） 処方 ₁ 及び処方 ₂ のいずれかの薬物の結核菌に対する作用として、正しいのはど れか。2つ選べ。	"[""DNA 依存性 RNA ポリメラーゼを阻害して、RNA 合成を抑制する。"",""ミコール酸の合成を阻害して、細胞壁合成を抑制する。"",""トポイソメラーゼⅣと DNA ジャイレースを阻害して、核酸合成を抑制する。"",""ATP 合成酵素を阻害して、結核菌細胞内の ATP 量を低下させる。"",""リボソーム ₃₀S サブユニットに作用して、タンパク質合成を阻害する。""]"	multiChoice	[0,1]	null	normal	false	parsed	"[""none""]"	P110-CASE-264	https://www.mhlw.go.jp/content/001455161.pdf	https://www.mhlw.go.jp/content/001458551.pdf	2025-02-23	MHLW website content under Public Data License 1.0 unless separately indicated; third-party content requires separate review
P110-266	110	266	実践	薬剤	−267 ₄₅ 歳男性。喫煙歴 ₂₀ 年（ ₁ 日 ₂₀～₃₀ 本程度）。男性は、最近、痰が絡ん で咳込みが多く、健康のために禁煙を希望し、薬局を訪れた。薬剤師は、禁煙サ ポートのため男性の生活習慣及び健康状態を聞き取り、ニコチンガム製剤による禁 煙を勧めることにした。男性と話し合いのうえ、禁煙期間の目標を ₉₀ 日に設定 し、最初の ₁ 週間は ₁ 日の使用個数の目安を以下とした。 （販売する一般用医薬品） ニコチンガム製剤（ニコチン ₂ mg 含有／個） （使用個数の目安） ₁日₉個 また、男性に対して習慣的に摂取している飲食物を質問したところ、以下の情報 が得られた。 ・炭酸水（ａ）を頻繁に飲用している。 ・亜鉛含有サプリメント（ｂ）を食後に摂取している。 ・気分を落ち着かせるために、セントジョーンズワート含有食品（ｃ）を毎日摂取 している。 問 266（薬剤） ニコチンガム製剤による禁煙補助療法の十分な効果を得るために、摂取を控える 必要がある飲食物とその理由の組合せとして正しいのはどれか。1つ選べ。 飲食物 理由	"[""a 口腔内において製剤からのニコチンの溶出が低下するため。"",""a 口腔内が酸性に傾くことによりニコチンの吸収が低下するため。"",""b 胃内 pH の上昇によりニコチンの吸収が低下するため。"",""b 消化管においてキレート形成によりニコチンの吸収が低下するため。 小腸における CYP₃A₄ の誘導によりニコチンの代謝が促進される"",""c ため。 小腸における P︲糖タンパク質の誘導によりニコチンの消化管分泌"",""c が促進されるため。""]"	singleChoice	1	null	normal	false	parsed	"[""none""]"	P110-CASE-266	https://www.mhlw.go.jp/content/001455161.pdf	https://www.mhlw.go.jp/content/001458551.pdf	2025-02-23	MHLW website content under Public Data License 1.0 unless separately indicated; third-party content requires separate review
P110-267	110	267	実践	実務	（実務） 薬剤師は、禁煙補助療法導入時のニコチンガム製剤の使用方法及び使用上の注意 を説明することにした。薬剤師が説明する内容として、適切なのはどれか。2つ選 べ。	"[""ピリッとした味を感じるまでゆっくりと噛んだ後、頬と歯茎の間に置く。"",""喫煙の欲求がなくても定期的に使用する。"",""治療開始時は、喫煙との併用が可能である。"",""使用中に唾液が多くなった場合は、唾液を飲み込まず、ティッシュペーパーな どに唾液を出す。"",""使用後のガムは、医療廃棄物として薬局で回収する。""]"	multiChoice	[0,3]	null	normal	false	parsed	"[""none""]"	P110-CASE-266	https://www.mhlw.go.jp/content/001455161.pdf	https://www.mhlw.go.jp/content/001458551.pdf	2025-02-23	MHLW website content under Public Data License 1.0 unless separately indicated; third-party content requires separate review
P110-268	110	268	実践	薬剤	−269 ₆₈ 歳女性。身長 ₁₅₅ cm、体重 ₅₀ kg。下腿浮腫及び尿の泡立ちを自覚する ようになり、近医を受診した。タンパク尿及び低アルブミン血症を認め、ネフロー ゼ症候群が疑われ、精査加療のため総合病院に入院となった。検査の結果、以下の 治療を開始した。 （入院時検査値） 血圧 ₁₄₂/₉₂ mmHg、血清総タンパク ₅ . ₁ g/dL、血清アルブミン ₂ . ₆ g/dL、 BUN ₃₈ mg/dL、血清クレアチニン ₁ . ₀ mg/dL、総コレステロール ₃₃₈ mg/dL、 LDL︲C ₂₄₈ mg/dL、Na ₁₄₂ mEq/L、K ₄ . ₂ mEq/L、尿タンパク（ ₃+） （処方 ₁ ） プレドニゾロン錠 ₅ mg ₁ 回 ₈ 錠（ ₁ 日 ₈ 錠） フロセミド錠 ₄₀ mg ₁ 回 ₁ 錠（ ₁ 日 ₁ 錠） ₁日₁回 朝食後 ₇ 日分 （処方 ₂ ） ピタバスタチン Ca 錠 ₂ mg ₁ 回 ₁ 錠（ ₁ 日 ₁ 錠） ₁日₁回 夕食後 ₇ 日分 ₁ 週間後、浮腫の軽減が不十分であったため、多職種によるカンファレンスで薬 剤師に意見が求められた。 問 268（実務） 薬剤師がカンファレンスで提案する内容として、適切なのはどれか。2つ選べ。	"[""ヒドロクロロチアジドの追加"",""プレドニゾロンの中止"",""フロセミドの増量"",""カルペリチドの追加"",""ピタバスタチンの減量""]"	multiChoice	[0,2]	null	normal	false	parsed	"[""none""]"	P110-CASE-268	https://www.mhlw.go.jp/content/001455161.pdf	https://www.mhlw.go.jp/content/001458551.pdf	2025-02-23	MHLW website content under Public Data License 1.0 unless separately indicated; third-party content requires separate review
P110-269	110	269	実践	実務	（薬剤） 治療開始後、ステロイド抵抗性との診断を受け、シクロスポリンカプセルが追加 されることになった。そのため、薬剤師は処方 ₂ の薬剤についてフルバスタチンへ の変更を医師に提案した。その理由として正しいのはどれか。1つ選べ。	"[""シクロスポリンがピタバスタチンの消化管吸収を阻害するため。"",""シクロスポリンがピタバスタチンの肝取り込みを阻害するため。"",""ピタバスタチンがシクロスポリンの代謝を阻害するため。"",""ピタバスタチンがシクロスポリンの尿細管分泌を阻害するため。"",""シクロスポリンがピタバスタチンの尿細管再吸収を阻害するため。""]"	singleChoice	1	null	normal	false	parsed	"[""none""]"	P110-CASE-268	https://www.mhlw.go.jp/content/001455161.pdf	https://www.mhlw.go.jp/content/001458551.pdf	2025-02-23	MHLW website content under Public Data License 1.0 unless separately indicated; third-party content requires separate review
P110-270	110	270	実践	薬剤	−271 ₆₉ 歳男性。数日前より髪の毛が抜けやすくなり、ふけや頭皮のかゆみを自 覚した。皮膚科を受診したところ、頭部白癬と診断され、経口抗真菌薬で治療する ことになった。男性は以下の処方箋を持って、薬局を訪れた。男性の持参したお薬 手帳を薬剤師が確認したところ、現在服用中の薬剤との薬物相互作用が懸念され た。 （処方） イトラコナゾールカプセル ₅₀ mg ₁ 回 ₂ カプセル（ ₁ 日 ₂ カプセル） ₁日₁回 朝食直後 ₁₄ 日分 （お薬手帳から確認された現在の服用薬） オルメサルタン口腔内崩壊錠 ₂₀ mg ₁ 回 ₁ 錠（ ₁ 日 ₁ 錠） フェブキソスタット錠 ₂₀ mg ₁ 回 ₁ 錠（ ₁ 日 ₁ 錠） ₁日₁回 朝食後 ビルダグリプチン錠 ₅₀ mg ₁ 回 ₁ 錠（ ₁ 日 ₂ 錠） ₁日₂回 朝夕食後 ミグリトール口腔内崩壊錠 ₅₀ mg ₁ 回 ₁ 錠（ ₁ 日 ₃ 錠） ₁日₃回 朝昼夕食直前 シンバスタチン錠 ₅ mg ₁ 回 ₁ 錠（ ₁ 日 ₁ 錠） ₁日₁回 夕食後 問 270（薬剤） お薬手帳から確認された現在服用中の薬剤とイトラコナゾールカプセルとの間で 懸念される薬物相互作用の発現機序として、最も適切なのはどれか。1つ選べ。	"[""胃内 pH の上昇による溶解性の低下"",""核内受容体を介した小腸 P︲糖タンパク質の発現量増加"",""肝臓の OATP₁B₁ に対する競合阻害"",""代謝物による CYP₃A₄ の不可逆的阻害"",""ヘム鉄への配位結合による CYP₃A₄ の阻害""]"	singleChoice	4	null	normal	false	parsed	"[""none""]"	P110-CASE-270	https://www.mhlw.go.jp/content/001455161.pdf	https://www.mhlw.go.jp/content/001458551.pdf	2025-02-23	MHLW website content under Public Data License 1.0 unless separately indicated; third-party content requires separate review
P110-271	110	271	実践	実務	（実務） 前問で懸念された薬物相互作用を回避するために、薬剤師が皮膚科の医師に提案 する処方変更の内容として、適切なのはどれか。1つ選べ。	"[""投与量の減量"",""投与タイミングの就寝前への変更"",""テルビナフィン塩酸塩錠への変更"",""イトラコナゾール内用液への変更"",""ボリコナゾール錠への変更""]"	singleChoice	2	null	normal	false	parsed	"[""none""]"	P110-CASE-270	https://www.mhlw.go.jp/content/001455161.pdf	https://www.mhlw.go.jp/content/001458551.pdf	2025-02-23	MHLW website content under Public Data License 1.0 unless separately indicated; third-party content requires separate review
P110-272	110	272	実践	薬剤	−273 ₂₅ 歳女性。身長 ₁₆₀ cm、体重 ₅₅ kg。朝、自室から起床してこないため、 心配に思った家族が部屋の中に入ったところ、ベッドの上で仰向けになって意識を 失っていた。呼びかけに反応しなかったため、救急隊を要請した。病院搬送時の意 識レベルは Japan Coma Scale（JCS）₂₀₀、血圧 ₁₀₀/₅₅ mmHg、脈拍 ₁₀₅ 拍/分、 呼吸 ₁₅ 回/分、体温 ₃₆ . ₀ ℃であった。採取した尿を用いて定性試験でバルビツー ル酸類が強陽性であった。家族からの情報によると、女性は以前よりてんかん治療 のためフェノバルビタールを常用しており、たびたび体調を崩していた。胃内容物 を分析したところ、フェノバルビタールが検出され、過量摂取による意識障害と診 断された。 問 272（薬剤） 薬剤師がフェノバルビタールの血清中濃度を測定したところ、₆₅ ng/mL であっ た。医師は、球形吸着炭の ₆ 時間ごとの繰り返し投与、及び炭酸水素ナトリウム注 射液の持続投与を開始した。 ₂ 日後、フェノバルビタールの血清中濃度は ₄₀ ng/mL となり、意識は徐々に回復した。フェノバルビタールの体内動態に及ぼす球形吸着 炭及び炭酸水素ナトリウムの作用として、適切なのはどれか。2つ選べ。	"[""血漿タンパク結合の阻害"",""肝取り込みの促進"",""腸肝循環の抑制"",""尿細管分泌の促進"",""尿細管再吸収の抑制""]"	multiChoice	[2,4]	null	normal	false	parsed	"[""none""]"	P110-CASE-272	https://www.mhlw.go.jp/content/001455161.pdf	https://www.mhlw.go.jp/content/001458551.pdf	2025-02-23	MHLW website content under Public Data License 1.0 unless separately indicated; third-party content requires separate review
P110-273	110	273	実践	実務	（実務） ₃ 日後には、この患者の意識は完全に回復した。しかし、病棟薬剤師が患者の異 変に気付き、医師とともに症状を確認したところ、一過性の退薬症状が出現したと 考えられた。観察された症状として適切なのはどれか。2つ選べ。	"[""不安"",""傾眠"",""手指振戦"",""発疹"",""過度の心拍数低下""]"	multiChoice	[0,2]	null	normal	false	parsed	"[""none""]"	P110-CASE-272	https://www.mhlw.go.jp/content/001455161.pdf	https://www.mhlw.go.jp/content/001458551.pdf	2025-02-23	MHLW website content under Public Data License 1.0 unless separately indicated; third-party content requires separate review
P110-274	110	274	実践	薬剤	−275 ₆₅ 歳男性。高血圧症及び気管支ぜん息に対して処方 ₁ 及び処方 ₂ の薬剤を 使用していた。 （処方 ₁ ） パルミコート ₂₀₀ ng タービュヘイラー ₅₆ 吸入 ₁本 （注） ₁ 回 ₁ 吸入 ₁日₂回 朝夕 吸入 （注：ブデソニド ₁ 回吸入量 ₂₀₀ ng のドライパウダー吸入式ステロイド薬） （処方 ₂ ） テルミサルタン錠 ₄₀ mg ₁ 回 ₁ 錠（ ₁ 日 ₁ 錠） エプレレノン錠 ₅₀ mg ₁ 回 ₁ 錠（ ₁ 日 ₁ 錠） ₁日₁回 朝食後 ₂₈ 日分 血圧が ₁₆₀/₉₅ mmHg 前後で推移していたため、テルミサルタン錠を ₈₀ mg に 増量した。数日後、患者はめまいや頭痛を自覚したため、再来院した。血圧を測定 したところ ₉₂/₆₆ mmHg と低値を示した。 問 274（薬剤） テルミサルタン錠の添付文書には、本態性高血圧症の患者にテルミサルタン ₂₀ mg、₄₀ mg 及び ₈₀ mg をカプセル剤もしくは溶液として単回経口投与したとき の薬物動態パラメータが示されており、₄₀ mg 以上の投与量で用量比以上の曝露の 上昇がみられた旨の記載がある。テルミサルタンの投与量と血中濃度時間曲線下面 積（AUC）の関係を示す図として、最も近いのはどれか。1つ選べ。 ただし、この薬物の AUC は剤形による影響を受けないものとする。 1 2 ₂₄₀₀ ₂₄₀₀ AUC（ng・h/mL） AUC（ng・h/mL） ₂₀₀₀ ₂₀₀₀ ₁₆₀₀ ₁₆₀₀ ₁₂₀₀ ₁₂₀₀ ₈₀₀ ₈₀₀ ₄₀₀ ₄₀₀ ₀ ₂₀ ₄₀ ₆₀ ₈₀ ₁₀₀ ₀ ₂₀ ₄₀ ₆₀ ₈₀ ₁₀₀ 投与量（mg） 投与量（mg） 3 4 ₂₄₀₀ ₂₄₀₀ AUC（ng・h/mL） AUC（ng・h/mL） ₂₀₀₀ ₂₀₀₀ ₁₆₀₀ ₁₆₀₀ ₁₂₀₀ ₁₂₀₀ ₈₀₀ ₈₀₀ ₄₀₀ ₄₀₀ ₀ ₂₀ ₄₀ ₆₀ ₈₀ ₁₀₀ ₀ ₂₀ ₄₀ ₆₀ ₈₀ ₁₀₀ 投与量（mg） 投与量（mg） ₂₄₀₀ AUC（ng・h/mL） ₂₀₀₀ ₁₆₀₀ ₁₂₀₀ ₈₀₀ ₄₀₀ ₀ ₂₀ ₄₀ ₆₀ ₈₀ ₁₀₀ 投与量（mg）	[]	singleChoice	3	null	normal	true	no_choice_sequence	"[""none""]"	P110-CASE-274	https://www.mhlw.go.jp/content/001455161.pdf	https://www.mhlw.go.jp/content/001458551.pdf	2025-02-23	MHLW website content under Public Data License 1.0 unless separately indicated; third-party content requires separate review
P110-275	110	275	実践	実務	（実務） テ ル ミ サ ル タ ン 錠 は ₄₀ mg に 減 量 さ れ 自 覚 症 状 は 消 失 し た が、 血 圧 が ₁₆₀/₉₅ mmHg まで上昇した。そのため、他の降圧薬を追加することになった。追 加する薬物として適切なのはどれか。2つ選べ。	"[""プロプラノロール塩酸塩"",""トリクロルメチアジド"",""ベラパミル塩酸塩"",""スピロノラクトン"",""アムロジピンベシル酸塩""]"	multiChoice	[1,4]	null	normal	false	parsed	"[""none""]"	P110-CASE-274	https://www.mhlw.go.jp/content/001455161.pdf	https://www.mhlw.go.jp/content/001458551.pdf	2025-02-23	MHLW website content under Public Data License 1.0 unless separately indicated; third-party content requires separate review
P110-276	110	276	実践	薬剤	−277 ₆₈ 歳女性。₁₅ 年前、乳がんにより右乳房の切除術を受けた。再発なく経 過していたが、 ₃ 年前に腰痛が出現し、骨転移、胸膜転移及び右胸水を認めたた め、再発と診断された。オピオイドによる疼痛管理が開始され、 ₁ 年前からは緩和 医療に移行し、処方 ₁ 及び処方 ₂ の薬剤を使用していた。 （処方 ₁ ） フェンタニルクエン酸塩テープ ₄ mg（ ₁ 日用） （注 1） ₁ 回 ₁ 枚（ ₁ 日 ₁ 枚） ₁日₁回 ₂₄ 時間毎 ₇ 日分 （処方 ₂ ） モルヒネ塩酸塩水和物内用液 ₁₀ mg ₁ 回 ₂ 包（₁₀ mg/包） 疼痛時内服 ₁₀ 回分（全 ₂₀ 包） その後、皮膚に対する副作用が強く出現したため、処方 ₁ の薬剤の貼付部位の変 更や保湿を行ったが改善されず、処方 ₁ を処方 ₃ に変更した。 （処方 ₃ ） ヒドロモルフォン塩酸塩徐放錠 ₂₄ mg ₁ 回 ₁ 錠（ ₁ 日 ₁ 錠） （注 2） ₁日₁回 朝食後 ₇ 日分 注₁ 製剤の断面図と有効成分の構造式及び物性 ・フェンタニルクエン酸塩テープ（断面図） 膏体（薬物含有層） 支持体 ライナー ・フェンタニルクエン酸塩の化学構造及び性状 分子量：₅₂₈ . ₅₉（塩係数：₁ . ₅₇） 構造式： HO CO₂H N ・HO₂C CO₂H CH₃ N O 性 状：白色の結晶又は結晶性の粉末である。メタノール又は酢 酸（₁₀₀）に溶けやすく、水又はエタノール（₉₅）にや や溶けにくく、ジエチルエーテルに極めて溶けにくい。 注₂ ヒドロモルフォン塩酸塩徐放錠 ₂₄ mg の組成及び性状 ・有効成分： ₁ 錠中ヒドロモルフォン塩酸塩 ₂₇ . ₁ mg（ヒドロモルフォン として ₂₄ mg） ・添加物：D︲マンニトール、ヒドロキシプロピルセルロース、 ヒプロメロース酢酸エステルコハク酸エステル、 フマル酸ステアリルナトリウム ・剤形：素錠（徐放錠） 問 276（薬剤） 処方 ₁ 及び処方 ₃ の薬剤に関する記述として、正しいのはどれか。2つ選べ。	"[""処方 ₁ の薬剤は、定常状態で薬物を ₀ 次放出する。"",""処方 ₁ の薬剤の ₁ 枚当たりの有効成分含量は、フェンタニルに換算して ₂ . ₅₅ mg である。"",""処方 ₁ の薬剤からの有効成分の吸収量は、貼付部位の温度が上昇すると増大す る。"",""処方 ₃ の薬剤は、シングルユニット型のリザーバー型製剤である。"",""処方 ₃ の薬剤は、初回分を処方 ₁ の薬剤の剥離直後に服用する。""]"	multiChoice	[1,2]	null	normal	true	parsed	"[""none""]"	P110-CASE-276	https://www.mhlw.go.jp/content/001455161.pdf	https://www.mhlw.go.jp/content/001458551.pdf	2025-02-23	MHLW website content under Public Data License 1.0 unless separately indicated; third-party content requires separate review
P110-277	110	277	実践	実務	（実務） 処方 ₃ の薬剤に変更後、持続痛は適切に管理されていた。しかし、 ₆ ケ月を過ぎ た頃、突出痛に対する処方 ₂ の薬剤の効果が不十分となった。医師は、処方 ₂ の薬 剤の投与量を増量したが、服用後に不快な眠気が続くようになったため、処方 ₂ を 処方 ₄ に変更した。 （処方 ₄ ） フェンタニルクエン酸塩舌下錠 ₁₀₀ ng ₁回₁錠 疼痛時 舌下投与 ₁₀ 回分 薬剤師が患者に伝える内容として、適切なのはどれか。2つ選べ。	"[""処方 ₂ の薬剤に比べ作用の発現が速いので、突出痛に対し迅速に対応できる。"",""最小用量から開始し、 ₁ 回の最適量は、症状に応じて医師が段階的に調節す る。"",""痛みが強いときは、錠剤を噛み砕いてから舌下におく。"",""口の中が乾燥している場合は、口に水を含み、含んだ水で溶かすように使用す る。"",""突出痛に加え、持続性疼痛が増強されたときにも使用する。""]"	multiChoice	[0,1]	null	normal	false	parsed	"[""none""]"	P110-CASE-276	https://www.mhlw.go.jp/content/001455161.pdf	https://www.mhlw.go.jp/content/001458551.pdf	2025-02-23	MHLW website content under Public Data License 1.0 unless separately indicated; third-party content requires separate review
P110-278	110	278	実践	薬剤	−279 ₃₆ 歳女性。糖尿病の家族歴あり。妊娠のため、近隣の産婦人科クリニック を受診した。妊娠初期から定期的に血糖測定していたところ、血糖値の上昇傾向が 見られ、食事療法を行っていた。妊娠 ₂₄ 週時（妊娠中期）に実施した ₇₅ g ブドウ糖 負荷試験で、空腹時血糖値 ₉₈ mg/dL、 ₁ 時間値 ₁₉₂ mg/dL、 ₂ 時間値 ₁₈₀ mg/dL であったため、紹介された総合病院に管理入院し、食事療法に加えて、血糖自己測 定及びインスリン療法が導入された。 （処方 ₁ ） インスリンデテミル（遺伝子組換え） ₃₀₀ 単位/₃ mL ₁筒 ₁ 回 ₃ 単位 ₁日₁回 就寝前 皮下注射（自己注射） （処方 ₂ ） インスリンアスパルト（遺伝子組換え） ₃₀₀ 単位/₃ mL ₁筒 ₁ 回 ₃ 単位 ₁日₃回 朝昼夕食直前 皮下注射（自己注射） （入院時検査値） 白血球 ₈ , ₅₀₀/nL、Hb ₁₂ . ₀ g/dL、血小板 ₃₂ . ₀ # ₁₀4/nL、 随時血糖 ₁₇₈ mg/dL、HbA₁c ₅ . ₇％ 問 278（実務） 薬剤師が患者に提供する情報として、正しいのはどれか。2つ選べ。	"[""妊娠中期以降はインスリン抵抗性が改善するので、投与量を漸減していく可能 性が高い。"",""インスリン注射に不安があれば、処方 ₂ を経口血糖降下薬に置き換える BOT 療法（Basal Supported Oral Therapy）の導入が可能である。"",""出産後に血糖値が正常化しても、食事療法と運動療法の継続や定期的な検査が 必要である。"",""妊娠中は ₁ 日に複数回の血糖自己測定により、厳格な血糖管理を行う。"",""出産直後は高血糖を起こしやすいので、経口血糖降下薬を追加する可能性があ る。""]"	multiChoice	[2,3]	null	normal	false	parsed	"[""none""]"	P110-CASE-278	https://www.mhlw.go.jp/content/001455161.pdf	https://www.mhlw.go.jp/content/001458551.pdf	2025-02-23	MHLW website content under Public Data License 1.0 unless separately indicated; third-party content requires separate review
P110-279	110	279	実践	実務	（薬剤） 処方 ₁ の薬剤が持効性を示す機構として、正しいのはどれか。1つ選べ。	"[""インスリン分子を結晶化することで、溶解性を低下させた。"",""投与後、皮下組織において、インスリン分子が安定した可溶性のマルチヘキサ マーを形成するようにした。"",""インスリン分子の等電点を改変することで、生理的な pH で微細な沈殿物を形 成するようにした。"",""インスリン分子に脂肪酸を結合させることで、血中でアルブミンと複合体を形 成するようにした。"",""インスリン分子をプロタミン硫酸塩との複合体とすることで、溶解速度を低下 させた。""]"	singleChoice	3	null	normal	false	parsed	"[""none""]"	P110-CASE-278	https://www.mhlw.go.jp/content/001455161.pdf	https://www.mhlw.go.jp/content/001458551.pdf	2025-02-23	MHLW website content under Public Data License 1.0 unless separately indicated; third-party content requires separate review
P110-280	110	280	実践	薬剤	−281 ₆₅ 歳男性。身長 ₁₆₅ cm、体重 ₆₀ kg。腹痛及び背部痛を訴え、近医を受診 した。血中膵酵素及び腫瘍マーカー（CA₁₉︲₉、CEA）が高値であったため、超音 波内視鏡検査を施行したところ、膵臓がんと診断された。治癒切除が不能と判断さ れ、胆道ドレナージが施行された。その後、化学療法として GnP 療法（ゲムシタ ビン・nab︲パクリタキセル併用療法）で治療を行うことになった。 レジメン（GnP） 点滴 薬剤 用量 Day ₁ Day ₈ Day ₁₅ Day ₂₂ 時間 （処方 ₁ ） ₃₀ 分 ₁₂₅ ○ ○ ○ アブラキサン点滴静注用 mg/m （注） 2 生理食塩液で懸濁 （処方 ₂ ） ₃₀ 分 ₁ , ₀₀₀ ○ ○ ○ ゲムシタビン点滴静注用 mg/m 生理食塩液で溶解 休薬 ○ （注：パクリタキセル注射剤（アルブミン懸濁型）） 問 280（実務） 処方 ₁ の薬剤による治療に関して、薬剤師が医療スタッフに伝える注意事項とし て、適切なのはどれか。2つ選べ。	"[""投与前に好中球数及び血小板数が減少していないかを確認する。"",""ヒト由来成分に対する過敏症予防のための前投与が実施されたかを確認する。"",""投与時に血管痛が出た場合は、次回から懸濁に用いる液をブドウ糖液に変更す る。"",""インラインフィルターを使用して投与することを確認する。"",""感染症伝播のリスクについての説明を患者に行ったかを確認する。""]"	multiChoice	[0,4]	null	normal	false	parsed	"[""none""]"	P110-CASE-280	https://www.mhlw.go.jp/content/001455161.pdf	https://www.mhlw.go.jp/content/001458551.pdf	2025-02-23	MHLW website content under Public Data License 1.0 unless separately indicated; third-party content requires separate review
P110-281	110	281	実践	実務	（薬剤） 処方 ₁ の薬剤に関する記述として、正しいのはどれか。1つ選べ。	"[""有効成分とアルブミンを可逆的に結合することによって、血中で速やかに崩壊 するナノ粒子とした。"",""腫瘍組織への集積性を高めるために、有効成分を生分解性高分子でマイクロカ プセル化した。"",""有効成分とアルブミンを共有結合することによって、血中滞留性を改善した。"",""アルコールと界面活性剤の添加によって、有効成分の溶解性を改善した。"",""アルブミンの添加により膠質浸透圧を調整することで、副作用である血管痛を 軽減した。""]"	singleChoice	0	null	normal	false	parsed	"[""none""]"	P110-CASE-280	https://www.mhlw.go.jp/content/001455161.pdf	https://www.mhlw.go.jp/content/001458551.pdf	2025-02-23	MHLW website content under Public Data License 1.0 unless separately indicated; third-party content requires separate review
P110-282	110	282	実践	薬剤	−283 ₆₅ 歳男性。帯状疱疹の予防のためにワクチン接種を希望した。男性は、か かりつけの病院で接種可能かを確認し、接種の予約を行った。接種の当日は平熱 で、問診の結果からワクチン接種が可能と判定され、以下のワクチン製剤の ₁ 回目 の接種を行うことになった。 シングリックス筋注用 ₁ バイアル（専用溶解用液 ₀ . ₅ mL ₁ 本添付） （注） ₁ 回 ₀ . ₅ mL を筋肉内注射 注：乾燥組換え帯状疱疹ワクチン。水痘帯状疱疹ウイルス糖タンパク質 E 抗原 を有効成分とする凍結乾燥製剤と専用溶解用液からなる。前者は、添加物と して精製白糖及びポリソルベート ₈₀ 等を含有する。後者は、グラム陰性菌 Salmonella minnesota R₅₉₅ 株のリポ多糖の非毒性型誘導体である ₃︲脱アシ ル化︲₄' ︲モノホスホリルリピッド A と精製キラヤサポニンを包含するリポ ソームからなるアジュバントを含有する。 問 282（薬剤） このワクチン製剤に関する記述として、正しいのはどれか。2つ選べ。	"[""専用溶解用液中の脂質粒子は、内水層を有する。"",""ポリソルベート ₈₀ は、微生物の発育を阻止する目的で添加されている。"",""精製白糖は、無痛化を目的に添加されている。"",""凍結を避けて、 ₂ ～ ₈ ℃で保存する。"",""血液中に移行後、製剤が徐々に分解されて有効成分を放出する。""]"	multiChoice	[0,3]	null	normal	false	parsed	"[""none""]"	P110-CASE-282	https://www.mhlw.go.jp/content/001455161.pdf	https://www.mhlw.go.jp/content/001458551.pdf	2025-02-23	MHLW website content under Public Data License 1.0 unless separately indicated; third-party content requires separate review
P110-283	110	283	実践	実務	（実務） ワクチン接種後、被接種者が待合室に向かう途中で気分が悪いとその場に倒れこ んだ。その場に居合わせた薬剤師と看護師は、待機している医師に対応を要請し た。患者は呼びかけには反応するが、頻脈と蒼白が観察された。駆けつけた医師は 被接種者の症状からアナフィラキシーを疑ったため、その場に居合わせた薬剤師と 看護師とともにチームとして患者に対応した。 この患者に対する迅速な対応として、適切なのはどれか。2つ選べ。	"[""患者を仰臥位に保持"",""アドレナリンの静脈内投与"",""急速輸液に使用する等張電解質液の準備"",""二相性反応予防に使用する抗ヒスタミン薬の準備"",""胸骨圧迫と人工呼吸の実施""]"	multiChoice	[0,2]	null	normal	false	parsed	"[""none""]"	P110-CASE-282	https://www.mhlw.go.jp/content/001455161.pdf	https://www.mhlw.go.jp/content/001458551.pdf	2025-02-23	MHLW website content under Public Data License 1.0 unless separately indicated; third-party content requires separate review
P110-284	110	284	実践	薬剤	−285 ₈₂ 歳男性。夜中に咳込みが激しくなり、病院を受診したところ、気管支ぜ ん息と診断され、処方 ₁ の薬剤が処方された。薬剤師は吸入練習機を用いて吸入指 導を行い、薬剤を交付した。しかし、数日後、家族が薬局に来局し、「処方 ₁ の薬 剤を吸入するとむせるようになり、吸入が困難になった」と話した。薬剤師が処方 医にこの情報を提供したところ、再診察を行い処方 ₁ を処方 ₂ に変更した。 （処方 ₁ ） アニュイティ ₁₀₀ ng エリプタ ₃₀ 吸入用 ₁本 （注 1） ₁ 回 ₂ 吸入 ₁日₁回 朝 吸入 注 ₁ ：フルチカゾンフランカルボン酸エステルを含有するドライパウダー吸 入器（DPI） 。 ₁ 吸入でフルチカゾンフランカルボン酸エステルとし て ₁₀₀ ng を吸入できる。 （処方 ₂ ） オルベスコ ₁₀₀ ng インヘラー ₅₆ 吸入用 ₁本 （注 2） ₁ 回 ₁ 吸入 ₁日₁回 朝 吸入 注 ₂ ：シクレソニドを含有する加圧式定量噴霧器（pMDI）。 ₁ 吸入でシク レソニドとして ₁₀₀ ng を吸入できる。 問 284（薬剤） 処方 ₁ と処方 ₂ の薬剤に関する記述として正しいのはどれか。2つ選べ。	"[""処方 ₁ と処方 ₂ の薬剤は、いずれも無菌試験法に適合する。"",""処方 ₁ と処方 ₂ の薬剤は、いずれも吸入剤の空気力学的粒度測定法に適合す る。"",""処方 ₁ の薬剤に用いられている容器は、薬剤を含むエアゾール缶、定量バルブ とアクチュエーター等から構成される。"",""処方 ₂ の薬剤は、吸入量が一定となるように調製された固体粒子のエアゾール として吸入する。"",""処方 ₂ の薬剤には、耐圧性の密封容器が用いられる。""]"	multiChoice	[1,4]	null	normal	false	parsed	"[""none""]"	P110-CASE-284	https://www.mhlw.go.jp/content/001455161.pdf	https://www.mhlw.go.jp/content/001458551.pdf	2025-02-23	MHLW website content under Public Data License 1.0 unless separately indicated; third-party content requires separate review
P110-285	110	285	実践	実務	（実務） 処方 ₂ の薬剤について、家族に対する薬剤師の説明として適切なのはどれか。 2つ選べ。	"[""急性の発作にも使用できます。"",""毎回、「試し噴射」を行い、噴霧を確認してから使用してください。"",""噴霧のタイミングに合わせて、ゆっくり深く吸い込んでください。"",""吸入後のうがいは必要ありません。"",""吸気と噴霧のタイミングを合わせにくいときは、吸入補助具の使用をお勧めし ます。""]"	multiChoice	[2,4]	null	normal	false	parsed	"[""none""]"	P110-CASE-284	https://www.mhlw.go.jp/content/001455161.pdf	https://www.mhlw.go.jp/content/001458551.pdf	2025-02-23	MHLW website content under Public Data License 1.0 unless separately indicated; third-party content requires separate review
P110-286	110	286	実践	病態・薬物治療	−287 ₆₇ 歳女性。既往歴及び服薬歴はない。大腿骨近位部骨折のため、 ₁ ケ月間 入院加療することになった。入院時の大腿骨骨密度は、若年成人平均値（YAM） の ₆₅％であり、血清カルシウム値 ₉ . ₆ mg/dL、血清リン値 ₃ . ₅ mg/dL であった。 退院時に以下の治療薬が処方された。 （処方 ₁ ） リセドロン酸 Na 錠 ₁₇ . ₅ mg ₁ 回 ₁ 錠（ ₁ 日 ₁ 錠） ₁日₁回 起床時 ₄ 日分（ ₁ 週間に一度） （処方 ₂ ） エルデカルシトール錠 ₀ . ₇₅ ng ₁ 回 ₁ 錠（ ₁ 日 ₁ 錠） ₁日₁回 朝食後 ₂₈ 日分 約 ₁ ケ月後に同病院の診察前の薬剤師外来にて服薬について患者にインタビュー したところ、服用を大変面倒と感じており、飲み忘れることが時々あるとのことで あった。残薬を持参するよう患者に伝えたが、その後の外来受診でも持参しなかっ た。退院から約半年経過してようやく持参した薬剤を確認したところ、リセドロン 酸ナトリウム錠は ₁₀ 錠、エルデカルシトール錠は ₅₀ 錠の残薬が認められた。 問 286（病態・薬物治療） この患者の病態及び治療に関する記述として、正しいのはどれか。2つ選べ。	"[""原発性の骨粗しょう症と考えられる。"",""発症に、カルシウム不足による骨基質の石灰化障害が関与している。"",""入院前は、骨吸収が骨形成を上回った状態と考えられる。"",""処方薬はいずれも横臥状態での服用が可能である。"",""エルデカルシトールは、リセドロン酸による低カルシウム血症を増強する。""]"	multiChoice	[0,2]	null	normal	false	parsed	"[""none""]"	P110-CASE-286	https://www.mhlw.go.jp/content/001455162.pdf	https://www.mhlw.go.jp/content/001458551.pdf	2025-02-23	MHLW website content under Public Data License 1.0 unless separately indicated; third-party content requires separate review
P110-287	110	287	実践	実務	（実務） 患者の服薬遵守状況が良好でなく、治療効果が十分得られていないことを医師に 報告し、薬剤の変更などの提案を行うことになった。提案として適切なのはどれ か。2つ選べ。	"[""リセドロン酸ナトリウム錠をラロキシフェン塩酸塩錠に変更"",""メナテトレノンカプセルの追加"",""リセドロン酸ナトリウム錠を月 ₁ 回服用製剤に変更"",""リセドロン酸ナトリウム錠からテリパラチド皮下注（ ₁ 日 ₁ 回）自己注射に変更"",""リセドロン酸ナトリウム錠からデノスマブ皮下注（ ₆ ケ月 ₁ 回）に変更""]"	multiChoice	[2,4]	null	normal	false	parsed	"[""none""]"	P110-CASE-286	https://www.mhlw.go.jp/content/001455162.pdf	https://www.mhlw.go.jp/content/001458551.pdf	2025-02-23	MHLW website content under Public Data License 1.0 unless separately indicated; third-party content requires separate review
P110-288	110	288	実践	病態・薬物治療	−289 ₆₅ 歳男性。毎年 ₂ 月から ₆ 月頃にかけて、鼻水、くしゃみ、鼻づまりの症 状に悩むため、 ₂ 月になり、一般用医薬品購入のため、来局した。初めての来局 だったので、聞き取りを行い、以下の情報が得られた。 ・出勤や訪問などの外出時に、くしゃみや鼻水がひどくなるが、その症状に対する 薬は飲んだことがない。 ・数年前に市販の花粉症に対する内服薬を購入したことがあるが、品名は忘れた。 ・就寝時布団に入り暖まると、鼻づまりがひどくなり、寝つきが悪くなることが多 い。 ・仕事で週に ₂ ～ ₃ 回、社用車を運転して取引先を訪問することがある。 ・泌尿器科クリニックで前立腺肥大症と診断され、治療を受けている。 ・頻尿と残尿感を改善する内服薬を ₁ 日 ₁ 回夕食後に服用している。ただし、薬剤 名は不明である。 問 288（病態・薬物治療） この来局者の病態に関する記述として、正しいのはどれか。2つ選べ。	"[""鼻閉には、鼻粘膜における血管透過性の亢進が関与している。"",""免疫複合体が鼻粘膜に沈着して発症した。"",""鼻汁中の好酸球が減少している。"",""症状の原因を特定するには、スクラッチテストが有用である。"",""通年性に、鼻粘膜の腫脹が認められる可能性が高い。""]"	multiChoice	[0,3]	null	normal	false	parsed	"[""none""]"	P110-CASE-288	https://www.mhlw.go.jp/content/001455162.pdf	https://www.mhlw.go.jp/content/001458551.pdf	2025-02-23	MHLW website content under Public Data License 1.0 unless separately indicated; third-party content requires separate review
P110-289	110	289	実践	実務	（実務） 聞き取りの内容を踏まえて、この来局者に提案する一般用医薬品として最も適切 なのはどれか。1つ選べ。 成分 包装 用法・用量 ₁ 錠中 ₆錠 ₁回₁錠 エピナスチン塩酸塩 ₂₀ mg ₁ 日 ₁ 回服用 ₁ 錠中 ₄₈ 錠 ₁回₁錠 エピナスチン塩酸塩 ₂₀ mg ₁ 日 ₁ 回服用 ₂ 錠中 ₁₈ 錠 ₁回₁錠 クロルフェニラミンマレイン酸塩 ₁₂ mg、 ₁ 日 ₁ ～ ₂ 回服用 フェニレフリン塩酸塩 ₁₂ mg、 ダツラエキス ₂₄ mg ₂ カプセル中 ₂₄ カプセル ₁ 回 ₂ カプセル 塩酸プソイドエフェドリン ₆₀ mg、 ₁ 日 ₂ 回服用 4 マレイン酸カルビノキサミン ₆ mg、 ベラドンナ総アルカロイド ₀ . ₂ mg、 無水カフェイン ₅₀ mg ₂ カプセル中 ₄₈ カプセル ₁ 回 ₂ カプセル 塩酸プソイドエフェドリン ₆₀ mg、 ₁ 日 ₂ 回服用 5 マレイン酸カルビノキサミン ₆ mg、 ベラドンナ総アルカロイド ₀ . ₂ mg、 無水カフェイン ₅₀ mg	[]	singleChoice	0	null	normal	true	no_choice_sequence	"[""none""]"	P110-CASE-288	https://www.mhlw.go.jp/content/001455162.pdf	https://www.mhlw.go.jp/content/001458551.pdf	2025-02-23	MHLW website content under Public Data License 1.0 unless separately indicated; third-party content requires separate review
P110-290	110	290	実践	病態・薬物治療	−291 ₆₅ 歳男性。 ₂ 型糖尿病の既往があり処方 ₁ の薬剤を服用している。約 ₁₅ 年前に C 型肝炎ウイルス（HCV）感染症と診断され、インターフェロン治療を受 けたがウイルスは陰性化しなかった。その後、C 型慢性肝炎に対して処方 ₂ の薬剤 を内服し経過観察中であったが、AST 及び ALT の軽度上昇が認められたため、 直接作用型抗ウイルス薬（処方 ₃ ）が追加された。 （処方 ₁ ） カナグリフロジン錠 ₁₀₀ mg ₁ 回 ₁ 錠（ ₁ 日 ₁ 錠） テネリグリプチン錠 ₂₀ mg ₁ 回 ₁ 錠（ ₁ 日 ₁ 錠） ₁日₁回 朝食後 ₂₈ 日分 （処方 ₂ ） ウルソデオキシコール酸錠 ₁₀₀ mg ₁ 回 ₂ 錠（ ₁ 日 ₆ 錠） ₁日₃回 朝昼夕食後 ₂₈ 日分 （処方 ₃ ） レジパスビル・ソホスブビル配合錠 ₁ 回 ₁ 錠（ ₁ 日 ₁ 錠） ₁日₁回 夕食後 ₂₈ 日分 問 290（実務） この患者に対する服薬指導として、誤っているのはどれか。1つ選べ。	"[""カナグリフロジンにより、口が渇いたり尿量が増えることがあります。"",""抗ウイルス薬を飲み忘れた場合は、翌日の夕食後まで服用しないでください。"",""抗ウイルス薬の併用により、低血糖が発現する可能性が高まるため、ふらつき などの症状に注意してください。"",""抗ウイルス薬は、₁₂ 週間飲み続ける必要があるので、継続して受診してくださ い。"",""抗ウイルス薬により血圧が上昇する可能性がありますので、家庭でも血圧を測 定してください。""]"	singleChoice	1	null	normal	false	parsed	"[""none""]"	P110-CASE-290	https://www.mhlw.go.jp/content/001455162.pdf	https://www.mhlw.go.jp/content/001458551.pdf	2025-02-23	MHLW website content under Public Data License 1.0 unless separately indicated; third-party content requires separate review
P110-291	110	291	実践	実務	（病態・薬物治療） 処方 ₃ 追加時とその ₂ ケ月後受診時の検査値は下表のとおりであった。 （身体所見並びに検査結果） 項目 処方 ₃ 追加時 ₂ ケ月後受診時 身長（cm） ₁₆₅ ₁₆₅ 体重（kg） ₈₀ ₈₂ BMI ₂₉ . ₄ ₃₀ . ₁ HbA₁c（％） ₈.₂ ₈.₃ eGFR（mL/min/₁ . ₇₃ m ） ₄₀ ₂₉ 血圧（mmHg） ₁₃₀/₈₀ ₁₃₂/₈₀ AST（IU/L） ₆₅ ₇₀ ALT（IU/L） ₇₀ ₈₂ 尿タンパク ! + 検査結果を見た医師から、院内における採用薬の確認と治療薬の変更について、 薬剤部に問合せがあった。 検査値から判断し、処方 ₃ の薬剤を変更することにした。変更後の治療薬とし て、最も適切なのはどれか。1つ選べ。	"[""ラミブジン"",""グレカプレビル・ピブレンタスビル配合錠"",""エンテカビル"",""テノホビルアラフェナミド"",""ソホスブビル・ベルパタスビル配合錠+リバビリン""]"	singleChoice	1	null	normal	true	parsed	"[""none""]"	P110-CASE-290	https://www.mhlw.go.jp/content/001455162.pdf	https://www.mhlw.go.jp/content/001458551.pdf	2025-02-23	MHLW website content under Public Data License 1.0 unless separately indicated; third-party content requires separate review
P110-292	110	292	実践	病態・薬物治療	−293 ₅₀ 歳男性。 ₄ ケ月前に、僧帽弁閉鎖不全症に対して、自己の僧帽弁を温存 する僧帽弁形成術が施行された。その後、外来で経過観察を行っていたが、継続す る ₃₈ ℃台の発熱、手掌や足底に紅斑が認められ、精査目的で入院となった。入院 ゆうぜい 時施行された経食道心エコーでは、僧帽弁周囲に疣贅（疣腫）が認められた。原因 微生物を同定するため血液培養検査を実施した結果、メチシリン感受性黄色ブドウ 球菌が検出されたため、感染性心内膜炎と診断された。脳膿瘍や髄膜炎の合併症は 認められなかった。主治医からの依頼があり、抗菌薬適正使用支援チームとして介 入することとなった。 （入院時検査所見） 白血球 ₁₂ , ₅₀₀/nL、CRP ₇ . ₅ mg/dL（基準値 ₀ . ₁₄ mg/dL 以下）、 Hb ₁₅ . ₆ g/dL、AST ₂₅ IU/L、ALT ₁₅ IU/L、BUN ₁₆ . ₃ mg/dL、 血清クレアチニン ₀ . ₈₅ mg/dL、尿タンパク（-）、尿潜血（-） 問 292（病態・薬物治療） この患者の合併症と治療に関する記述として、正しいのはどれか。2つ選べ。	"[""貧血の所見があり、出血性病変の合併が疑われる。"",""腎機能が低下し、腎梗塞の合併が疑われる。"",""疣贅による僧帽弁の障害により、心不全を合併するリスクがある。"",""脳塞栓症よりも、肺塞栓症を合併するリスクが高い。"",""血液培養の結果から、抗菌薬としてセファゾリンが推奨される。""]"	multiChoice	[2,4]	null	normal	false	parsed	"[""none""]"	P110-CASE-292	https://www.mhlw.go.jp/content/001455162.pdf	https://www.mhlw.go.jp/content/001458551.pdf	2025-02-23	MHLW website content under Public Data License 1.0 unless separately indicated; third-party content requires separate review
P110-293	110	293	実践	実務	（実務） この患者の抗菌薬を用いた治療において、抗菌薬適正使用支援チームが主治医に 助言する内容として最も適切なのはどれか。2つ選べ。	"[""指定感染症であるため、速やかに保健所に届出をする。"",""治療効果確認のための血液培養検体は、複数セット採取する。"",""治療効果確認のための血液検体採取は、次回抗菌薬点滴開始直前に行う。"",""血液培養により陰性化が確認された場合、速やかに抗菌薬治療を終了する。"",""血液培養結果が陽性であっても、CRP が基準値内まで低下すれば抗菌薬治療を 終了する。""]"	multiChoice	[1,2]	null	normal	false	parsed	"[""none""]"	P110-CASE-292	https://www.mhlw.go.jp/content/001455162.pdf	https://www.mhlw.go.jp/content/001458551.pdf	2025-02-23	MHLW website content under Public Data License 1.0 unless separately indicated; third-party content requires separate review
P110-294	110	294	実践	病態・薬物治療	−295 ₂₉ 歳女性。既婚。 ₃ 年前に夫をドナーとした生体腎移植（ABO 血液型適 合）を受け、拒絶反応を抑制するため免疫抑制薬を以下の処方で服用しながら、生 活をしている。腎移植後、体調がよくなり生活も安定してきたので、子供を欲しい と思うようになった。 （処方） シクロスポリンカプセル ₂₅ mg ₁ 回 ₃ カプセル（ ₁ 日 ₆ カプセル） ₁日₂回 朝夕食後 ₂₈ 日分 問 294（病態・薬物治療） 患者の希望を考慮すると、今後の免疫抑制薬として選択可能なのはどれか。2つ 選べ。	"[""シクロスポリン"",""タクロリムス"",""バシリキシマブ"",""ミゾリビン"",""エベロリムス""]"	multiChoice	[0,1]	null	normal	false	parsed	"[""none""]"	P110-CASE-294	https://www.mhlw.go.jp/content/001455162.pdf	https://www.mhlw.go.jp/content/001458551.pdf	2025-02-23	MHLW website content under Public Data License 1.0 unless separately indicated; third-party content requires separate review
P110-295	110	295	実践	実務	（実務） ₁ 年後、この患者は妊娠したが、妊娠第 ₂₅ 週目になって血圧の上昇（₁₅₄/₁₁₂ mmHg）がみられたため入院し、降圧療法を行うことになった。なお、入院時の 血液検査結果は以下のとおりである。 （検査値） BUN ₁₈ mg/dL、血清クレアチニン ₀ . ₇ mg/dL、eGFR ₈₀ mL/min/₁ . ₇₃ m 、 Na ₁₄₃ mEq/L、K ₅ . ₂ mEq/L、Cl ₁₀₅ mEq/L この患者に対して禁忌ではなく、用いることができる降圧薬はどれか。2つ選 べ。	"[""アテノロール"",""エナラプリルマレイン酸塩"",""エサキセレノン"",""バルサルタン"",""ニフェジピン""]"	multiChoice	[0,4]	null	normal	false	parsed	"[""none""]"	P110-CASE-294	https://www.mhlw.go.jp/content/001455162.pdf	https://www.mhlw.go.jp/content/001458551.pdf	2025-02-23	MHLW website content under Public Data License 1.0 unless separately indicated; third-party content requires separate review
P110-296	110	296	実践	病態・薬物治療	−297 ₂₅ 歳女性。既婚。子供を欲しいと思っている。 ₂ ケ月ほど前から屋外での 作業の後、微熱、疲労感、関節痛及び両頬に紅斑が現れたため、市販の感冒薬と解 熱鎮痛薬で様子を見ていた。 ₃ 日前から ₃₈ ℃台の発熱と下肢の浮腫、冷たいもの を持つと両手指のしびれ・蒼白現象などが出現したため、総合病院を受診したとこ ろ、精査目的で入院となった。 血液検査結果は以下のとおりであった。 （検査値） 白血球 ₂ , ₈₀₀/nL、赤血球 ₄₀₀ # ₁₀ /nL、血小板 ₉ . ₃ # ₁₀ /nL、 4 4 血中総ビリルビン ₀ . ₆ mg/dL、ALT ₂₆ IU/L、AST ₁₅ IU/L、 BUN ₄₅ mg/dL、血清クレアチニン ₂ . ₀ mg/dL、抗核抗体 ₆₄₀ 倍、 抗 Sm 抗体 ₈ 倍、尿タンパク（₂+） 問 296（病態・薬物治療） この患者の病態に関する記述として正しいのはどれか。2つ選べ。	"[""関節リウマチの典型的な初期症状が発現している。"",""発症には、主に細胞性免疫（Ⅳ型アレルギー）が関与する。"",""検査結果より、ループス腎炎は否定できる。"",""手指に Raynaud（レイノー）現象が認められる。"",""粘膜症状や精神神経系症状など多様な全身症状が現れることがある。""]"	multiChoice	[3,4]	null	normal	false	parsed	"[""none""]"	P110-CASE-296	https://www.mhlw.go.jp/content/001455162.pdf	https://www.mhlw.go.jp/content/001458551.pdf	2025-02-23	MHLW website content under Public Data License 1.0 unless separately indicated; third-party content requires separate review
P110-297	110	297	実践	実務	（実務） その後、この患者に対して、以下の処方で治療が開始されることになった。 （処方） プレドニゾロン錠 ₅ mg 朝 ₃ 錠、昼 ₂ 錠、夕 ₁ 錠（ ₁ 日 ₆ 錠） ₁日₃回 朝昼夕食後 ₇ 日分 この患者に対する入院中から退院時の服薬指導において、病棟薬剤師が患者に伝 える内容として適切なのはどれか。2つ選べ。	"[""重篤な臓器障害が発症した場合は、ステロイドパルス療法として ₁ クール ₇ 日 間点滴投与すること。"",""ステロイド抵抗性を示した場合は、免疫抑制薬が追加されること。"",""退院後の維持療法では、同用量のプレドニゾロンが用いられること。"",""屋外での作業時には日よけをすること。"",""妊娠は、病状に影響しないこと。""]"	multiChoice	[1,3]	null	normal	false	parsed	"[""none""]"	P110-CASE-296	https://www.mhlw.go.jp/content/001455162.pdf	https://www.mhlw.go.jp/content/001458551.pdf	2025-02-23	MHLW website content under Public Data License 1.0 unless separately indicated; third-party content requires separate review
P110-298	110	298	実践	病態・薬物治療	−299 ₃₅ 歳男性。肘や膝に黄色っぽい隆起が見られるようになったため、心配に なり医療機関を受診したところ、精査目的にて入院となった。身体所見及び検査値 と家族歴は、以下のとおりであった。 （身体所見及び検査値） 身長 ₁₆₈ cm、体重 ₇₆ kg、血圧 ₁₁₈/₇₆ mmHg、LDL︲C ₂₆₂ mg/dL、 HDL︲C ₆₂ mg/dL、TG（トリグリセリド）₁₄₅ mg/dL、 空腹時血糖 ₁₁₃ mg/dL、HbA₁c ₅ . ₉％、AST ₁₀₂ IU/L、ALT ₂₂ IU/L、 CK（クレアチンキナーゼ）₄ , ₂₁₅ IU/L （家族歴） 父親が ₅₀ 歳で心筋梗塞を発症 また問診の結果、 ₃ ケ月前に他の医療機関で LDL コレステロール高値を指摘さ れロスバスタチンにて治療を行っていたが、 ₁ ケ月前から筋肉痛や脱力感を自覚す るようになったため、最近 ₁ 週間は自己判断で服用を中止していることが分かっ た。今回の診察で、肘や膝の皮膚の隆起は皮膚結節性黄色腫であることが判明し、 アキレス腱にも著明な肥厚が見られた（X 線撮影により肥厚は ₉ . ₀ mm）。 問 298（実務） この患者に対して薬剤師がアセスメントを行うために備えるべき知識として適切 なのはどれか。2つ選べ。	"[""食事療法に際し、炭水化物エネルギー比を ₅₀～₆₀％とする。"",""運動療法を行う前に、動脈硬化性疾患のスクリーニングを実施する。"",""LDL︲C 管理目標値は ₁₂₀ mg/dL である。"",""半年に一度の LDL アフェレシスを提案する。"",""筋肉痛と脱力感は、ロスバスタチンを継続投与しても自然に消失する。""]"	multiChoice	[0,1]	null	normal	false	parsed	"[""none""]"	P110-CASE-298	https://www.mhlw.go.jp/content/001455162.pdf	https://www.mhlw.go.jp/content/001458551.pdf	2025-02-23	MHLW website content under Public Data License 1.0 unless separately indicated; third-party content requires separate review
P110-299	110	299	実践	実務	（病態・薬物治療） 検査所見と診察の結果から判断してロスバスタチンを変更することになった。変 更後の治療薬として適切なのはどれか。2つ選べ。	"[""ピタバスタチン"",""エゼチミブ"",""ペマフィブラート"",""エボロクマブ"",""イコサペント酸エチル""]"	multiChoice	[1,3]	null	normal	false	parsed	"[""none""]"	P110-CASE-298	https://www.mhlw.go.jp/content/001455162.pdf	https://www.mhlw.go.jp/content/001458551.pdf	2025-02-23	MHLW website content under Public Data License 1.0 unless separately indicated; third-party content requires separate review
P110-300	110	300	実践	病態・薬物治療	−301 ₅₅ 歳女性。₄₅ 歳時に気管支ぜん息と診断されたことをきっかけに節煙し た。しかし、仕事によるストレスで喫煙の回数と飲酒量がここ最近増えている。 ₃ 年前から、ブデソニド／ホルモテロールフマル酸塩水和物吸入剤を使用していた が、効果不十分のため、半年前からは処方 ₁ の薬剤を使用している。その他の併用 薬と副作用歴はない。 （処方 ₁ ） テリルジー ₁₀₀ エリプタ ₃₀ 吸入用 ₁個 （注） ₁ 回 ₁ 吸入 ₁日₁回 朝吸入 注： ₁ 吸入でフルチカゾンフランカルボン酸エステルとして ₁₀₀ ng、ウメ クリジニウムとして ₆₂ . ₅ ng 及びビランテロールとして ₂₅ ng を吸入で きるドライパウダー吸入剤 今回もこの患者が処方 ₁ の処方箋を持って保険薬局に来局した。薬剤師が患者に インタビューしたところ、次の回答を得た。 患者： 「きちんと吸入していますが、最近、咳が出て調子が悪いです。特に、花粉 の飛散時期は咳が出やすいです。ピークフローメータをあまり使っていな かったので、もう一度、使い方と意義について教えてほしいです。」 問 300（病態・薬物治療） 処方 ₁ の薬剤について特に注意すべき副作用はどれか。2つ選べ。	"[""高カリウム血症"",""低血糖"",""間質性肺炎"",""動悸"",""口腔カンジダ症""]"	multiChoice	[3,4]	null	normal	false	parsed	"[""none""]"	P110-CASE-300	https://www.mhlw.go.jp/content/001455162.pdf	https://www.mhlw.go.jp/content/001458551.pdf	2025-02-23	MHLW website content under Public Data License 1.0 unless separately indicated; third-party content requires separate review
P110-301	110	301	実践	実務	（実務） 患者に対する薬剤師の説明内容として適切でないのはどれか。1つ選べ。	"[""ピークフローメータは深呼吸をしてから口に加え、毎回同じ姿勢で測定する。"",""ピークフロー値は ₁ 秒量とよく相関し、ぜん息の状態を把握する指標となる。"",""ピークフローメータは息がもれないように吹き口を唇で覆い、できるだけすば やく一気に吹く。"",""ピークフロー値は一度に少なくとも ₃ 回測定し、最も低い値を記録する。"",""ピークフロー値の日内変動が大きい場合は、気道過敏性が亢進していると考え られる。""]"	singleChoice	3	null	normal	false	parsed	"[""none""]"	P110-CASE-300	https://www.mhlw.go.jp/content/001455162.pdf	https://www.mhlw.go.jp/content/001458551.pdf	2025-02-23	MHLW website content under Public Data License 1.0 unless separately indicated; third-party content requires separate review
P110-302	110	302	実践	病態・薬物治療	−303 ₇₅ 歳男性。慢性胃炎の既往がある。 ₂ 年前に脳梗塞を発症し、それ以来、 処方 ₁ 及び処方 ₂ の薬剤を継続的に服用している。 （処方 ₁ ） ワルファリンカリウム錠 ₁ mg ₁ 回 ₁ 錠（ ₁ 日 ₁ 錠） ₁日₁回 朝食後 ₂₈ 日分 （処方 ₂ ） レバミピド錠 ₁₀₀ mg ₁ 回 ₁ 錠（ ₁ 日 ₃ 錠） ₁日₃回 朝昼夕食後 ₂₈ 日分 咳と嗄声が続き、血痰を認めたため近医を受診し、胸部 X 線で右肺腫瘤を指摘 された。総合病院呼吸器内科を紹介受診し、入院して精査した結果、Stage ⅣB の 非小細胞肺がん（腺がん）と診断された。遺伝子検査も実施され、EGFR 遺伝子 変異陽性と判明した。パフォーマンスステータス（PS） ₁ 。患者に喫煙歴はな く、機会飲酒のみ。外来通院治療を強く希望したため、ゲフィチニブ（処方 ₃ ）で の治療を開始することになり、処方 ₁ 、処方 ₂ とも総合病院で一括して処方するこ とになった。 （処方 ₃ ） ゲフィチニブ錠 ₂₅₀ mg ₁ 回 ₁ 錠（ ₁ 日 ₁ 錠） ₁日₁回 朝食後 ₁₄ 日分 状態が安定したら退院し、処方 ₁ ～ ₃ の薬剤での治療を継続する予定である。 問 302（病態・薬物治療） この患者の病態と治療に関する記述として、正しいのはどれか。2つ選べ。	"[""肺野部に発生することが多いがんである。"",""発症前と同じ日常生活が制限なく行える。"",""他臓器に遠隔転移している。"",""手術での根治切除が可能である。"",""腫瘍マーカーとして、SCC 抗原（squamous cell carcinoma related antigen） が用いられる。""]"	multiChoice	[0,2]	null	normal	false	parsed	"[""none""]"	P110-CASE-302	https://www.mhlw.go.jp/content/001455162.pdf	https://www.mhlw.go.jp/content/001458551.pdf	2025-02-23	MHLW website content under Public Data License 1.0 unless separately indicated; third-party content requires separate review
P110-303	110	303	実践	実務	（実務） 処方 ₃ の開始にあたり、病棟薬剤師の対応として、適切なのはどれか。2つ選 べ。	"[""ゲフィチニブによる手足症候群を予防するため、レボフロキサシンの追加を医 師に提案する。"",""レバミピドをオメプラゾールに変更するよう医師に処方提案する。"",""プロトロンビン時間が延長する可能性があるので、ワルファリンカリウムの用 量調節を医師に提案する。"",""退院後の服薬時に息切れ、呼吸困難、発熱などの症状が現れたらすぐに受診す るよう、患者に説明する。"",""ゲフィチニブの効果を減弱させる可能性があるため、グレープフルーツジュー スの摂取を避けるよう患者に説明する。""]"	multiChoice	[2,3]	null	normal	false	parsed	"[""none""]"	P110-CASE-302	https://www.mhlw.go.jp/content/001455162.pdf	https://www.mhlw.go.jp/content/001458551.pdf	2025-02-23	MHLW website content under Public Data License 1.0 unless separately indicated; third-party content requires separate review
P110-304	110	304	実践	病態・薬物治療	−305 ₅₈ 歳女性。乳がんによる骨転移性疼痛に対して、デノスマブ皮下注とモル ヒネ硫酸塩水和物徐放錠にて治療中であった。腰痛の悪化により、モルヒネ硫酸塩 水和物徐放錠が増量された。FDG︲PET を行ったところ、腰椎に集積像が確認 （注） された。増量後は、疼痛コントロールは良好であったが、日常生活に支障をきたす ほどの眠気が増強してきたため来院し、患者希望により緩和ケアチームが関与する ことになった。来院時の検査値は以下のとおりである。 （注）FDG︲PET：Fluorodeoxyglucose-Positron emission tomography（ フ ル オ ロ デオキシグルコース陽電子放出断層撮影） （検査値） AST ₁₅ IU/L、ALT ₁₆ IU/L、BUN ₃₅ . ₀ mg/dL、 血清クレアチニン ₁ . ₆ mg/dL、eGFR ₂₆ . ₇ mL/min/₁ . ₇₃ m2 問 304（病態・薬物治療） この患者の腰椎病変に関する記述として、正しいのはどれか。2つ選べ。	"[""病変は、乳がんの直接浸潤により生じたと考えられる。"",""病変部では、ブドウ糖の取り込みが上昇している。"",""脊髄圧迫が生じている可能性が高い。"",""症状の緩和には、ビタミン D の摂取が有効である。"",""高用量メトトレキサートを中心とした化学療法が奏功する。""]"	multiChoice	[1,2]	null	normal	false	parsed	"[""none""]"	P110-CASE-304	https://www.mhlw.go.jp/content/001455162.pdf	https://www.mhlw.go.jp/content/001458551.pdf	2025-02-23	MHLW website content under Public Data License 1.0 unless separately indicated; third-party content requires separate review
P110-305	110	305	実践	実務	（実務） 緩和ケアチームの薬剤師の対応として、適切なのはどれか。2つ選べ。	"[""デノスマブ皮下注の投与中は、低カルシウム血症の発現に注意するよう、情報 共有する。"",""デノスマブ皮下注からゾレドロン酸水和物注射液への変更を検討する。"",""モルヒネ硫酸塩水和物徐放錠の投与中は、QT 延長の副作用の発現に注意する よう、情報共有する。"",""モルヒネ硫酸塩水和物徐放錠からフェンタニルクエン酸塩テープへの変更を検 討する。"",""モルヒネ硫酸塩水和物徐放錠からロキソプロフェンナトリウム錠への変更を検 討する。""]"	multiChoice	[0,3]	null	normal	false	parsed	"[""none""]"	P110-CASE-304	https://www.mhlw.go.jp/content/001455162.pdf	https://www.mhlw.go.jp/content/001458551.pdf	2025-02-23	MHLW website content under Public Data License 1.0 unless separately indicated; third-party content requires separate review
P110-306	110	306	実践	法規・制度・倫理	−307 ₇₀ 歳女性。₂₀ 年前に糖尿病と診断され、通院加療していたが、内服薬の みでのコントロールが困難となり、インスリン導入目的で入院となった。インスリ ンを使用し、血糖コントロールが良好となったため、まもなく退院できる見込みで ある。患者より、インスリン投与前に自己検査用グルコース測定器 を用いて行 （注） う血糖自己測定について退院前に再度説明して欲しいとの訴えがあった。患者に 困ったことはないか質問すると、穿刺後血液が少ししか出ないことや、「測定でき ません」と表示され再検査しなければならないことが多くて困るとのことであっ た。 （注）この患者が使用している自己検査用グルコース測定器：以下に特徴を列記 し、形状等を図で示す。 ・医療機器承認番号が付されている。 ・高度管理医療機器である。 ・特定保守管理医療機器である。 ＜形状等＞ 電源ボタン メインパネル チップ装着部 問 306（実務） この患者への説明として適切なのはどれか。2つ選べ。	"[""指に糖分などがついていると測定結果に影響が出るため、穿刺前は手を流水で 洗ってください。"",""消毒した指はよく乾かしてから穿刺してください。"",""穿刺前に指先を冷やすと血液が出やすくなります。"",""穿刺しても血液が出ない場合は、指先を強く押して血液を絞り出してくださ い。"",""₁ 回の穿刺で血液が測定用チップに十分に吸引できず測定できなかった場合 は、新たに穿刺し、同じチップに血液を追加で吸引してください。""]"	multiChoice	[0,1]	null	normal	false	parsed	"[""none""]"	P110-CASE-306	https://www.mhlw.go.jp/content/001455162.pdf	https://www.mhlw.go.jp/content/001458551.pdf	2025-02-23	MHLW website content under Public Data License 1.0 unless separately indicated; third-party content requires separate review
P110-307	110	307	実践	実務	（法規・制度・倫理） この患者が使用している医療機器の制度上の取扱いについて、正しいのはどれ か。2つ選べ。	"[""薬局で販売する場合には、薬局開設の許可のほかに、該当する分類の医療機器 販売業の許可を受ける必要がある。"",""不具合が原因となり健康被害が生じた場合、健康被害救済制度の救済給付の対 象となる。"",""医療従事者だけでなく一般の人が自宅などでも使用できる医療機器であること から、一般医療機器に分類される。"",""厚生労働大臣に製造販売の届出を行った医療機器である。"",""保守点検、修理その他の管理に専門的な知識及び技能を必要とする医療機器で ある。""]"	multiChoice	[0,4]	null	normal	false	parsed	"[""none""]"	P110-CASE-306	https://www.mhlw.go.jp/content/001455162.pdf	https://www.mhlw.go.jp/content/001458551.pdf	2025-02-23	MHLW website content under Public Data License 1.0 unless separately indicated; third-party content requires separate review
P110-308	110	308	実践	法規・制度・倫理	−309 ₅₀ 歳女性。身長 ₁₅₅ cm、体重 ₄₈ kg。B 型肝炎の既往あり。起床時の手指 関節のこわばり、肘関節、膝関節の痛みを主訴として受診し、関節リウマチと診断 され、処方 ₁ と処方 ₂ の薬剤で治療していた。その後、炎症がコントロールでき ず、受診した際に注射薬の追加が提案されたが、患者から「自分で注射するのは怖 い。病院内で点滴してほしい。」との要望があったため、処方 ₃ が追加されること となった。 なお、処方 ₃ の薬剤は、製造販売業者から卸売販売業者を経て、納入されたもの である。 （処方 ₁ ） メトトレキサートカプセル ₂ mg ₁ 回 ₁ カプセル（ ₁ 日 ₂ カプセル） 毎週 日曜日 ₁日₂回 ₈ 時、₂₀ 時 ₄ 日分（投与実日数） （処方 ₂ ） メトトレキサートカプセル ₂ mg ₁ 回 ₁ カプセル（ ₁ 日 ₁ カプセル） 毎週 月曜日 ₁日₁回 ₈時 ₄ 日分（投与実日数） （処方 ₃ ） 点滴静注 アバタセプト（遺伝子組換え）点滴静注用 （₂₅₀ mg/バイアル ₂ 本） ₅₀₀ mg 生理食塩液 ₁₀₀ mL ₁日₁回 ₃₀ 分かけて投与 問 308（実務） 処方 ₃ の薬剤を投与開始するにあたり、この患者に行う説明として適切なのはど れか。2つ選べ。	"[""この薬は、免疫の異常に対して働き、関節の痛みや腫れなどの症状を改善し、 関節の破壊を防止します。"",""点滴中に息苦しくなることがありますが、一定時間安静にすれば回復しますの で心配いりません。"",""この薬の投与によって B 型肝炎の再燃のリスクがありますので、定期的な検査 が必要です。"",""命にかかわるような副作用は報告されていない安全なお薬です。"",""点滴治療開始後は、同一成分の自己注射を希望しても変更することはできませ ん。""]"	multiChoice	[0,2]	null	normal	false	parsed	"[""none""]"	P110-CASE-308	https://www.mhlw.go.jp/content/001455162.pdf	https://www.mhlw.go.jp/content/001458551.pdf	2025-02-23	MHLW website content under Public Data License 1.0 unless separately indicated; third-party content requires separate review
P110-309	110	309	実践	実務	（法規・制度・倫理） 処方 ₃ の関節リウマチ治療薬の規制に関する記述として、正しいのはどれか。 2つ選べ。	"[""この薬剤を使用した医療機関の開設者の氏名及び住所は、卸売販売業者から製 造販売業者に報告される。"",""直接の容器・被包には、白地に赤枠、赤字で「生物」の文字が記載されてい る。"",""取り扱う医療関係者は、使用対象者の氏名、住所等の記録を保存しなければな らない。"",""製造販売業者は、製造に用いた生物による感染症に関する最新の論文を知った ときは、₁₅ 日以内に厚生労働大臣に報告しなければならない。"",""注意事項等情報（添付文書）又は直接の容器・被包には、製造に用いた生物の 名称が記載されている。""]"	multiChoice	[0,4]	null	normal	false	parsed	"[""none""]"	P110-CASE-308	https://www.mhlw.go.jp/content/001455162.pdf	https://www.mhlw.go.jp/content/001458551.pdf	2025-02-23	MHLW website content under Public Data License 1.0 unless separately indicated; third-party content requires separate review
P110-310	110	310	実践	法規・制度・倫理	−311 ₃₀ 歳男性。広告で見たかぜ薬を求めて来局した。購入希望のかぜ薬は要指 導医薬品であった。薬剤師が症状など必要な情報の聞き取りをしたところ、この来 局者が使用者本人であり、肩のこりや痛みで医師から処方された薬を服用している ことがわかった。お薬手帳を持参しており、手帳に記載されていた薬剤以外に服用 している薬剤やサプリメントはないとのことであった。 （来局者が購入希望したかぜ薬の成分） ロキソプロフェンナトリウム水和物 ジヒドロコデインリン酸塩 d︲クロルフェニラミンマレイン酸塩 dl︲メチルエフェドリン塩酸塩 グアイフェネシン 無水カフェイン （お薬手帳に記載されていた薬剤） メコバラミン錠 ₅₀₀ ng 葛根湯エキス顆粒 問 310（法規・制度・倫理） 男性が購入希望したかぜ薬の販売に関する記述として、正しいのはどれか。2つ 選べ。	"[""鍵のかかる陳列棚であっても、購入者が近づける設備は認められない。"",""説明した内容を購入者が理解したことを確認しなければならない。"",""一定の条件の下で特定販売（インターネット販売）が可能である。"",""薬局では販売できるが、店舗販売業では販売できない。"",""販売した薬局名のほか、販売した薬剤師の氏名も購入者に伝える必要がある。""]"	multiChoice	[1,4]	null	normal	false	parsed	"[""none""]"	P110-CASE-310	https://www.mhlw.go.jp/content/001455162.pdf	https://www.mhlw.go.jp/content/001458551.pdf	2025-02-23	MHLW website content under Public Data License 1.0 unless separately indicated; third-party content requires separate review
P110-311	110	311	実践	実務	（実務） 薬剤師は男性に、葛根湯はかぜにも適応があることと、葛根湯の注意事項等情報 （添付文書）の併用注意に希望したかぜ薬の成分が記載されていることを説明し た。このかぜ薬の成分のうち、併用注意の成分はどれか。1つ選べ。	"[""ロキソプロフェンナトリウム水和物"",""ジヒドロコデインリン酸塩"",""d︲クロルフェニラミンマレイン酸塩"",""dl︲メチルエフェドリン塩酸塩"",""グアイフェネシン""]"	singleChoice	3	null	normal	false	parsed	"[""none""]"	P110-CASE-310	https://www.mhlw.go.jp/content/001455162.pdf	https://www.mhlw.go.jp/content/001458551.pdf	2025-02-23	MHLW website content under Public Data License 1.0 unless separately indicated; third-party content requires separate review
P110-312	110	312	実践	法規・制度・倫理	−313 ₆₈ 歳男性。身長 ₁₇₂ cm、体重 ₆₃ kg。高血圧症及び慢性心不全のため処方 ₁ の薬剤を服用していた。今回の受診で血圧が ₁₆₄/₉₀ mmHg を示し、処方 ₂ へ変 更となり、処方箋を持って薬局を訪れた。薬局にて患者に服薬指導を行い薬を渡 し、調剤録と薬剤服用歴の記載を行った。薬剤服用歴の P（計画）欄に、「₃₀ 日処 方のため、服用 ₁₅ 日後に電話にてフォローアップを行う。（本人の了承済）」と記 載した。 （処方 ₁ ） バルサルタン錠 ₄₀ mg ₁ 回 ₁ 錠（ ₁ 日 ₁ 錠） ビソプロロールフマル酸塩錠 ₂ . ₅ mg ₁ 回 ₁ 錠（ ₁ 日 ₁ 錠） ₁日₁回 朝食後 ₃₀ 日分 （処方 ₂ ） バルサルタン錠 ₈₀ mg ₁ 回 ₁ 錠（ ₁ 日 ₁ 錠） ビソプロロールフマル酸塩錠 ₂ . ₅ mg ₁ 回 ₁ 錠（ ₁ 日 ₁ 錠） ₁日₁回 朝食後 ₃₀ 日分 問 312（実務） このフォローアップを行う際、血圧の値以外に優先して確認すべき症状や状態は どれか。2つ選べ。	"[""動悸やふらつきの出現"",""歯ぐきからの出血の出現"",""まぶしさの出現"",""口内炎の出現"",""体重の急な増加""]"	multiChoice	[0,4]	null	normal	false	parsed	"[""none""]"	P110-CASE-312	https://www.mhlw.go.jp/content/001455162.pdf	https://www.mhlw.go.jp/content/001458551.pdf	2025-02-23	MHLW website content under Public Data License 1.0 unless separately indicated; third-party content requires separate review
P110-313	110	313	実践	実務	（法規・制度・倫理） 保険薬局における薬剤服用歴と調剤録（注）に関する内容として、正しいのはどれ か。2つ選べ。 （注）薬剤師法で規定されている調剤録	"[""調剤後、患者の薬剤の使用状況を継続的に把握し、その際指導した内容は、処 方箋が調剤済みの場合、調剤録への記入事項に該当しない。"",""調剤録は、調剤した薬剤師ではなく、薬局の管理者が記載しなければならな い。"",""薬局開設者は、薬局に調剤録を備えなければならない。"",""薬剤服用歴の記録・管理の実施は、薬局の義務であり、調剤報酬の対象とはな らない。"",""保険薬剤師が調剤を行う場合は、患者の服薬状況及び薬剤服用歴を確認しなけ ればならない。""]"	multiChoice	[2,4]	null	normal	false	parsed	"[""none""]"	P110-CASE-312	https://www.mhlw.go.jp/content/001455162.pdf	https://www.mhlw.go.jp/content/001458551.pdf	2025-02-23	MHLW website content under Public Data License 1.0 unless separately indicated; third-party content requires separate review
P110-314	110	314	実践	法規・制度・倫理	−315 ICU に常駐する薬剤師が、この病棟で使用している輸血用血液製剤のうち の血液成分の製剤に関する病棟スタッフ向けの講義を実施し、血液製剤に関する内 容やその留意点について質問を受けた。 この病院で採用されている血液成分の製剤は、赤血球液︲LR「日赤」 、照射赤血 （注） 球液︲LR「日赤」 、濃厚血小板︲LR「日赤」 、照射濃厚血小板︲LR「日赤」 、 （注） （注） （注） 新鮮凍結血漿︲LR「日赤」 の ₅ 種類であるが、ICU 病棟では、リスクマネジメ （注） ントの観点から赤血球液と濃厚血小板は照射済の製剤を使用することが病棟の内規 で決まっている。 （注） ・赤血球液︲LR「日赤」、照射赤血球液︲LR「日赤」：有効成分としてヒト赤血球 を含む ・濃厚血小板︲LR「日赤」、照射濃厚血小板︲LR「日赤」：有効成分としてヒト血 小板を含む ・新鮮凍結血漿︲LR「日赤」：有効成分としてヒト血漿を含む 問 314（実務） この病棟で使用される血液成分の製剤について、薬剤師が講義で話す内容として 適切なのはどれか。2つ選べ。	"[""赤血球製剤には血液保存液（CPD 液）と赤血球保存用の添加液（MAP 液）が 混合されているため、常温保存が可能である。"",""血小板製剤は振とうしながら保存する必要がある。"",""血漿製剤には血球成分は含まれていないため、使用前の血液型の確認は必要な い。"",""照射されている血液製剤とは、輸血による移植片対宿主病（GVHD）予防目的 で、放射線が照射された製品である。"",""新鮮凍結血漿︲LR「日赤」は、放射線部で照射後に使用すること。""]"	multiChoice	[1,3]	null	normal	false	parsed	"[""none""]"	P110-CASE-314	https://www.mhlw.go.jp/content/001455162.pdf	https://www.mhlw.go.jp/content/001458551.pdf	2025-02-23	MHLW website content under Public Data License 1.0 unless separately indicated; third-party content requires separate review
P110-315	110	315	実践	実務	（法規・制度・倫理） 薬剤師が講義時に受けた質問に対する回答として、誤っているのはどれか。1つ 選べ。	"[""赤血球製剤の原料となる血液の確保は献血により行われています。"",""献血の採血は日本赤十字社が行っています。"",""血液製剤は、大きく ₂ つに分類すると「輸血用血液製剤」と「血漿分画製剤」 になります。"",""輸血用血液製剤の国内自給率は ₁₀₀％です。"",""血液成分の製剤の使用に関する記録は、医療機関において使用日から ₃₀ 年の 保存義務があります。""]"	singleChoice	4	null	normal	false	parsed	"[""none""]"	P110-CASE-314	https://www.mhlw.go.jp/content/001455162.pdf	https://www.mhlw.go.jp/content/001458551.pdf	2025-02-23	MHLW website content under Public Data License 1.0 unless separately indicated; third-party content requires separate review
P110-316	110	316	実践	法規・制度・倫理	−317 ₁₀ 歳男児。小学校では他の児童と比べ、忘れ物が多く、授業中も落ち着き がなく集中力が続かないと担任から指摘され、専門医を受診したところ、注意欠 陥・多動性障害（ADHD）と診断された。環境調整や保護者への支援などを行っ たが効果が不十分なため、以下の薬剤が開始されることになった。 （処方） メチルフェニデート塩酸塩徐放錠 ₁₈ mg ₁ 回 ₁ 錠（ ₁ 日 ₁ 錠） ₁日₁回 朝食後 ₁₄ 日分 問 316（実務） 患児と保護者に行う服薬指導として適切なのはどれか。2つ選べ。	"[""このお薬はかまずに服用してください。"",""便の中にお薬が見える場合は、薬が吸収されていない可能性があるため、すぐ に連絡してください。"",""このお薬を飲むと食欲が低下することがあるため、症状がひどい場合は相談し てください。"",""このお薬の飲み忘れに気付いたら、何時でもかまいませんのでできるだけ早く 服用してください。"",""このお薬は、用法・用量を守って服用していれば依存性は出現しません。""]"	multiChoice	[0,2]	null	normal	false	parsed	"[""none""]"	P110-CASE-316	https://www.mhlw.go.jp/content/001455162.pdf	https://www.mhlw.go.jp/content/001458551.pdf	2025-02-23	MHLW website content under Public Data License 1.0 unless separately indicated; third-party content requires separate review
P110-317	110	317	実践	実務	（法規・制度・倫理） この処方薬に関する記述として正しいのはどれか。2つ選べ。	"[""この男児が処方薬を持参して海外に ₁ 週間の家族旅行に行く場合、あらかじめ 地方厚生局長の許可を受ける必要がある。"",""調剤されたこの処方薬を薬局が廃棄する場合には、廃棄後 ₃₀ 日以内に都道府 県知事に届け出なければならない。"",""医薬関係者向けの新聞又は雑誌など、主として医薬関係者等を対象として行う 広告以外の広告は禁止されている。"",""薬局は、鍵をかけた堅固な設備内に保管しなければならない。"",""薬局で取り扱うには、この処方薬の適正流通管理システムへの登録が必要であ る。""]"	multiChoice	[2,4]	null	normal	false	parsed	"[""none""]"	P110-CASE-316	https://www.mhlw.go.jp/content/001455162.pdf	https://www.mhlw.go.jp/content/001458551.pdf	2025-02-23	MHLW website content under Public Data License 1.0 unless separately indicated; third-party content requires separate review
P110-318	110	318	実践	法規・制度・倫理	−319 ₇₉ 歳男性。難治性の気管支ぜん息と診断され、吸入ステロイド薬及び長時 間作用性気管支拡張薬による吸入療法を行っていた。しかし、効果不十分のため ₃ ケ月前よりメポリズマブ（遺伝子組換え）皮下注が追加され、院内処方にて病院で 使用法の指導・確認を行っていた。今月より院外処方となり、薬局に処方 ₁ の処方 箋を持って訪れた。薬剤師は、患者に練習用模擬ペンにて一連の操作をしてもら い、適切に使用できるか確認することとした。 なお、この男性は、同一世帯に ₇₅ 歳の妻がおり、両者とも要支援・要介護認定 は受けていない。この夫婦は年金受給者でその他の収入はなく、窓口負担割合が ₁ 割である。 （処方 ₁ ：処方日 ₇ 月 ₁ 日） メポリズマブ（遺伝子組換え）皮下注（₁₀₀ mg/ ₁ キット） ₁ キット （注） ₁ 回 ₁₀₀ mg ₄ 週間に ₁ 回 皮下注射（自己注射） （注）この薬剤 ₁ キットの薬価は約 ₁₆ 万円である。 （皮下注ペンの構造と概要） 薬液確認バー 針キャップ （透明） 安全カバー 薬液確認窓 使用前 使用後 未使用の場合、 薬液確認窓から 薬液が見えます 薬液注入後、薬液確認バーが 左側に移動します 穿刺用針は安全カバーに内蔵されており、針キャップを外し、安全カバーが見 えなくなるまで穿刺部位にペン先を押し込むと、針が刺さり、薬液が注入され る構造となっている。 問 318（実務） 患者の操作等について薬剤師が確認するポイントとして適切なのはどれか。2つ 選べ。	"[""注入前に、ペンを激しく振ってから、薬液確認窓から薬液があるか確認した か。"",""ペンを注射部位に押し当てる前に、針キャップを外したか。"",""注入前の作動確認として、安全カバーを指でペン本体に押し込み、動くことを 確認したか。"",""手を怪我するなどにより、ペンを注射部位に深く押し込むことができなくなっ ていないか。"",""注射部位に対して斜め ₄₅ 度の角度で押し当て注入したか。""]"	multiChoice	[1,3]	null	normal	false	parsed	"[""none""]"	P110-CASE-318	https://www.mhlw.go.jp/content/001455162.pdf	https://www.mhlw.go.jp/content/001458551.pdf	2025-02-23	MHLW website content under Public Data License 1.0 unless separately indicated; third-party content requires separate review
P110-319	110	319	実践	実務	（法規・制度・倫理） 問題なく自己注射ができると確認でき、医師に情報提供したところ、この薬剤を 継続使用することとなった。その後、 ₇ 月 ₂₈ 日に受診し、その日に薬局に処方 ₁ と同じ内容の処方箋を持って訪れた。この患者の医療費の自己負担に関する制度の 内容として、適切なのはどれか。2つ選べ。	"[""半年（ ₆ ケ月）の自己負担額が一定金額を超えた場合、超過分が支給される。"",""本制度が利用可能かの判断は、独立行政法人医薬品医療機器総合機構（PMDA） が行う。"",""この患者への支給は国民健康保険組合が行う。"",""本制度は、対象者の年齢の上限は設定されていない。"",""同一世帯の妻が同じ医療保険に加入しているので、自己負担を合算して本制度 を利用できる。""]"	multiChoice	[3,4]	null	normal	false	parsed	"[""none""]"	P110-CASE-318	https://www.mhlw.go.jp/content/001455162.pdf	https://www.mhlw.go.jp/content/001458551.pdf	2025-02-23	MHLW website content under Public Data License 1.0 unless separately indicated; third-party content requires separate review
P110-320	110	320	実践	法規・制度・倫理	−321 ₆₉ 歳男性。一人暮らし。隣県に息子が住んでおり、休日にこの男性の世話 をしている。処方 ₁ 及び ₂ の薬剤で治療していたが、物忘れが多くなり、 ₂ ケ月前 より処方 ₃ の薬剤が開始となった。服薬を忘れることもあり、息子は一人では面倒 をみられないと近所の地域包括支援センターに相談し、要介護認定の申請を行い、 今月要支援 ₂ の認定を受けた。主治医は、残薬が多く服薬に問題があるため、服薬 支援のために薬局薬剤師の在宅訪問を考えた。この男性、息子、医師、薬剤師、介 護支援専門員と相談の結果、薬剤師の月 ₁ 回訪問が決まり、契約を締結し、薬剤管 理指導の費用を介護保険で請求することとなった。初回訪問時の処方は以下のとお りである。 （処方 ₁ ） イミダプリル塩酸塩錠 ₅ mg ₁ 回 ₁ 錠（ ₁ 日 ₁ 錠） タムスロシン塩酸塩口腔内崩壊錠 ₀ . ₁ mg ₁ 回 ₁ 錠（ ₁ 日 ₁ 錠） ₁日₁回 朝食後 ₂₈ 日分 （処方 ₂ ） 酸化マグネシウム錠 ₃₃₀ mg ₁ 回 ₂ 錠（ ₁ 日 ₆ 錠） ₁日₃回 朝昼夕食後 ₂₈ 日分 （処方 ₃ ） ガランタミン口腔内崩壊錠 ₈ mg ₁ 回 ₁ 錠（ ₁ 日 ₂ 錠） ファモチジン口腔内崩壊錠 ₁₀ mg ₁ 回 ₁ 錠（ ₁ 日 ₂ 錠） ₁日₂回 朝夕食後 ₂₈ 日分 問 320（法規・制度・倫理） 薬局薬剤師が薬剤管理指導を請求する保険の算定要件等に関する記述として、適 切なのはどれか。2つ選べ。	"[""在宅患者訪問薬剤管理指導料で請求する。"",""管理指導に携わる薬剤師は、 ₅ 年以上の実務経験が求められる。"",""保険薬局の指定を受けていれば、この管理指導に関する実施について、あらた めて届出をする必要はない。"",""₁ ケ月に請求できる訪問回数に制限が設けられている。"",""訪問時に居宅サービスの変更につながる情報を得た場合でも、医師以外の関係 者に報告する必要はない。""]"	multiChoice	[2,3]	null	normal	false	parsed	"[""none""]"	P110-CASE-320	https://www.mhlw.go.jp/content/001455162.pdf	https://www.mhlw.go.jp/content/001458551.pdf	2025-02-23	MHLW website content under Public Data License 1.0 unless separately indicated; third-party content requires separate review
P110-321	110	321	実践	実務	（実務） 薬剤師が ₂ 回目の訪問時に患者宅にあるヘルパーの訪問記録から、薬がきちんと 飲めているが、ここ ₁ ケ月ほど軟便が続いているという情報を得た。この患者に合 わせた薬剤師の対応として最も適切なのはどれか。1つ選べ。	"[""水分摂取を控えるよう患者と息子に指導した。"",""酸化マグネシウムの減量を主治医に提案した。"",""市販の止瀉薬を購入し、服用するよう患者と息子に指導した。"",""ファモチジンの増量を主治医に提案した。"",""ガランタミンの増量を主治医に提案した。""]"	singleChoice	1	null	normal	false	parsed	"[""none""]"	P110-CASE-320	https://www.mhlw.go.jp/content/001455162.pdf	https://www.mhlw.go.jp/content/001458551.pdf	2025-02-23	MHLW website content under Public Data License 1.0 unless separately indicated; third-party content requires separate review
P110-322	110	322	実践	法規・制度・倫理	−323 ₇₂ 歳男性。数年前よりＡ病院から処方 ₁ の薬剤が処方されていた。さら に、 ₂ 週間前から処方 ₂ が開始された。本日、男性はかかりつけ薬局に電話し、 ₃ 日前から腹部の不快感を感じているが治らないと訴えた。薬剤師は、男性よりこ こ数週間は食生活に大きな変化がないことを聴取した。また、処方 ₁ の薬剤が多く 残っており、夕食後は飲み忘れてしまうことも分かった。対応については、折り返 し電話する旨を伝えた。薬剤師は、この薬局で実務実習中の薬学部学生に、練習と して電話で伝える指導内容案とＡ病院への服薬情報提供書案の作成を指示した。ま た、処方 ₁ と処方 ₂ の薬剤の注意事項等情報（添付文書）を確認したところ、処方 ₂ の薬剤の副作用欄に「腹部不快感 ₀ . ₅～ ₂ ％未満」と記載されていた。 なお、この薬局は地域連携薬局の認定を有していることを薬局内に掲示してい る。その他の薬局の認定は受けていない。 （処方 ₁ ） ロスバスタチン錠 ₂ . ₅ mg ₁ 回 ₁ 錠（ ₁ 日 ₁ 錠） ₁日₁回 夕食後 ₃₀ 日分 （処方 ₂ ） サキサグリプチン水和物錠 ₅ mg ₁ 回 ₁ 錠（ ₁ 日 ₁ 錠） ₁日₁回 朝食後 ₃₀ 日分 問 322（実務） 指導薬剤師は、実務実習生の指導内容案と服薬情報提供書案を確認した。適切な のはどれか。2つ選べ。	"[""指導内容案：処方 ₂ の薬剤の服用を直ちに中止すること"",""指導内容案：残薬は薬局で対応できないので医師に相談すること"",""情報提供書案：処方 ₁ の薬剤について ₁ 日 ₁ 回朝食後に変更の提案をすること"",""情報提供書案：処方 ₁ の薬剤の副作用発現の可能性が高いこと"",""情報提供書案：処方 ₂ の薬剤の副作用発現の可能性が高いこと""]"	multiChoice	[2,4]	null	normal	false	parsed	"[""none""]"	P110-CASE-322	https://www.mhlw.go.jp/content/001455162.pdf	https://www.mhlw.go.jp/content/001458551.pdf	2025-02-23	MHLW website content under Public Data License 1.0 unless separately indicated; third-party content requires separate review
P110-323	110	323	実践	実務	（法規・制度・倫理） 薬剤師は、実務実習生に、この薬局が掲示している認定に関する条件や特徴につ いて質問した。学生の回答のうち、適切なのはどれか。2つ選べ。	"[""患者さんのご自宅での訪問指導に関する薬局の実績の有無に関わらず、訪問指 導の依頼にすぐに対応できる体制を整えている必要があります。"",""現在の薬局の所在地で、₁₀ 年以上営業を続けている必要があります。"",""オンライン服薬指導に対応できる体制を整えている必要があります。"",""地域包括ケアシステムに関する研修を修了した薬剤師が常勤している必要があ ります。"",""患者さんが入退院した時は、医療機関と連携して服薬情報などをやり取りでき る体制を整えている必要があります。""]"	multiChoice	[3,4]	null	normal	false	parsed	"[""none""]"	P110-CASE-322	https://www.mhlw.go.jp/content/001455162.pdf	https://www.mhlw.go.jp/content/001458551.pdf	2025-02-23	MHLW website content under Public Data License 1.0 unless separately indicated; third-party content requires separate review
P110-324	110	324	実践	法規・制度・倫理	−325 ある薬局で、服薬指導の内容と服薬アドヒアランスとの関係を明らかにす るために、この薬局で過去 ₅ 年間に降圧薬を調剤された成人患者を対象として、薬 歴を用いて後ろ向きに調査を行い、学会発表することを計画している。研究に用い るデータは、患者名はわからないように集計、解析する予定である。 調査対象となる患者全員に個別に説明し同意を取得するのは困難なので、研究概 要の薬局内へのポスター掲示と薬局ホームページへの掲載によりいつでも質問を受 け付けることができるようにすることで、倫理審査委員会の承認を受ける予定であ る。なお、この研究にかかる費用はこの薬局で負担することとした。 問 324（実務） この薬局で研究のために作成するポスターに記載する内容として必要なのはどれ か。2つ選べ。	"[""研究目的"",""研究協力の拒否の方法"",""研究に携わっている全員の連絡先"",""倫理審査委員会の委員の氏名"",""この研究に要する費用""]"	multiChoice	[0,1]	null	normal	false	parsed	"[""none""]"	P110-CASE-324	https://www.mhlw.go.jp/content/001455162.pdf	https://www.mhlw.go.jp/content/001458551.pdf	2025-02-23	MHLW website content under Public Data License 1.0 unless separately indicated; third-party content requires separate review
P110-325	110	325	実践	実務	（法規・制度・倫理） 当該研究に関して倫理審査委員会に提出する申請書類を作成する際に、遵守する ことが求められるのはどれか。1つ選べ。	"[""医薬品の臨床試験の実施の基準に関する省令"",""人を対象とする生命科学・医学系研究に関する倫理指針"",""医薬品の安全性に関する非臨床試験の実施の基準に関する省令"",""日本薬局方"",""臨床研究法 一般問題（薬学実践問題）【実務】""]"	singleChoice	1	null	normal	false	parsed	"[""none""]"	P110-CASE-324	https://www.mhlw.go.jp/content/001455162.pdf	https://www.mhlw.go.jp/content/001458551.pdf	2025-02-23	MHLW website content under Public Data License 1.0 unless separately indicated; third-party content requires separate review
P110-326	110	326	実践	実務	₄₀ 歳男性。身長 ₁₇₂ cm、体重 ₇₀ kg。今回、生体腎移植を受けるために入院し た。移植後の拒絶反応予防のために、以下の処方が開始された。 （処方 ₁ ） タクロリムス水和物徐放性カプセル ₅ mg ₁ 回 ₂ カプセル（ ₁ 日 ₂ カプセル） ₁日₁回 朝食後 ₇ 日分 （処方 ₂ ） ミコフェノール酸モフェチルカプセル ₂₅₀ mg ₁ 回 ₄ カプセル（ ₁ 日 ₈ カプセル） ₁日₂回 朝夕食後 ₇ 日分 （処方 ₃ ） メチルプレドニゾロン錠 ₄ mg 朝 ₆ 錠、昼 ₂ 錠（ ₁ 日 ₈ 錠） ₁日₂回 朝昼食後 ₇ 日分 服薬開始後 ₁₀ 日目の服薬指導時、薬剤師に下痢の訴えがあった。 訴えに対する薬剤師の薬学的管理事項として、誤っているのはどれか。1つ選 べ。	"[""口の渇き、尿量の変化を確認"",""ミコフェノール酸モフェチルの血中濃度測定依頼を提案"",""メチルプレドニゾロン錠の中止を提案"",""症状軽減のために半夏瀉心湯エキス顆粒の処方提案"",""感染症確認のために便培養依頼を提案""]"	singleChoice	2	null	normal	false	parsed	"[""none""]"		https://www.mhlw.go.jp/content/001455162.pdf	https://www.mhlw.go.jp/content/001458551.pdf	2025-02-23	MHLW website content under Public Data License 1.0 unless separately indicated; third-party content requires separate review
P110-327	110	327	実践	実務	₆₈ 歳女性。夕方買い物に出かけた際に転倒し、救急車で整形外科病院に搬送さ れた。 （入院時検査値） 血圧 ₁₄₂/₉₃ mmHg、LDL︲C ₁₃₄ mg/dL、eGFR ₆₀ . ₅ mL/min/₁ . ₇₃ m 下半身の痛みを訴えており、自力で立つことができない状態であった。レントゲ ン検査の結果、大腿骨頸部骨折と診断され、緊急で骨接合術が実施されることに なった。主治医よりこの患者の服薬状況について、確認依頼があった。そこで薬剤 師は、患者が携帯していたお薬手帳より、現在の内服薬の情報を入手した。 （お薬手帳の内容） エルデカルシトールカプセル ₀ . ₅ ng ₁ 回 ₁ カプセル ₁日₁回 朝食後 ラロキシフェン塩酸塩錠 ₆₀ mg ₁回₁錠 ₁日₁回 朝食後 アムロジピン錠 ₅ mg ₁回₁錠 ₁日₁回 朝食後 ロスバスタチン錠 ₂ . ₅ mg ₁回₁錠 ₁日₁回 朝食後 スボレキサント錠 ₁₅ mg ₁回₁錠 ₁日₁回 就寝直前 術後、完全に歩行可能になるまで服用を中止すべき内服薬はどれか。1つ選べ。	"[""エルデカルシトールカプセル"",""ラロキシフェン塩酸塩錠"",""アムロジピン錠"",""ロスバスタチン錠"",""スボレキサント錠""]"	singleChoice	1	null	normal	false	parsed	"[""none""]"		https://www.mhlw.go.jp/content/001455162.pdf	https://www.mhlw.go.jp/content/001458551.pdf	2025-02-23	MHLW website content under Public Data License 1.0 unless separately indicated; third-party content requires separate review
P110-328	110	328	実践	実務	₅ 歳男児。₃₇ ℃の微熱と咽頭痛があり、近医を受診したが、翌日に ₃₉ . ₂ ℃ま で上昇し、眼球結膜の充血及び全身に赤い発疹が出現したために近医より大学病院 を紹介され受診した。心臓超音波検査の結果、右冠動脈径 ₄ . ₁ mm と拡大を認め、 川崎病と診断された。入院後より大量免疫グロブリン静注療法とアスピリンの内服 を開始した。翌日には解熱し、 ₁ 週間後にほぼ症状は消失した。心臓超音波検査で 右冠動脈径 ₃ . ₈ mm と縮小傾向を確認し、 ₂ 週間後に退院となった。アスピリンは 退院後も継続処方となっている。 薬剤師が退院時に患者家族へ伝える内容として適切なのはどれか。2つ選べ。	"[""免疫グロブリン静注療法は、退院後も定期的に実施する必要がある。"",""アスピリンは、退院後も血栓予防のために服用することが重要である。"",""アスピリンは、入院中と同じ用法・用量で服用する。"",""アスピリン服用中に、インフルエンザと診断された場合には、すぐに主治医に 連絡する。"",""麻しん、風しんワクチンは、退院後速やかに接種しても差し支えない。""]"	multiChoice	[1,3]	null	normal	false	parsed	"[""none""]"		https://www.mhlw.go.jp/content/001455162.pdf	https://www.mhlw.go.jp/content/001458551.pdf	2025-02-23	MHLW website content under Public Data License 1.0 unless separately indicated; third-party content requires separate review
P110-329	110	329	実践	実務	医薬品とサプリメント含有成分による相互作用の組合せのうち、誤っているの はどれか。1つ選べ。 医薬品（本剤） ― サプリメント含有成分 相互作用 本剤の作用が減弱	"[""レボドパ・カルビドパ ― 鉄 するおそれがある セロトニン作用に"",""パロキセチン ― セント・ジョーンズワート よる症状が現れる ことがある。 本剤の吸収が促進"",""アレンドロン酸 ― カルシウム されるおそれがあ る 本剤の効果が減弱"",""レボフロキサシン ― マグネシウム するおそれがある 過度の中枢神経刺"",""アミノフィリン ― カフェイン 激作用が現れるこ とがある""]"	singleChoice	2	null	normal	false	parsed	"[""none""]"		https://www.mhlw.go.jp/content/001455162.pdf	https://www.mhlw.go.jp/content/001458551.pdf	2025-02-23	MHLW website content under Public Data License 1.0 unless separately indicated; third-party content requires separate review
P110-330	110	330	実践	実務	₅₂ 歳女性。非小細胞肺がん。以下の処方箋を持ってかかりつけ薬局を訪れた。 （処方） アファチニブマレイン酸塩錠 ₄₀ mg ₁ 回 ₁ 錠（ ₁ 日 ₁ 錠） ₁日₁回 朝食の ₃ 時間後 ₁₄ 日分 薬歴の内容から以下の薬剤が ₃ 週毎に処方されていた。 （薬歴の内容） ジフェンヒドラミン塩酸塩錠 ₁₀ mg ₁回₅錠 必要時 ₁ 回分（ ₅ 錠） レボフロキサシン錠 ₅₀₀ mg ₁ 回 ₁ 錠（ ₁ 日 ₁ 錠） ₁日₁回 朝食後 発熱時開始 ロキソプロフェンナトリウム錠 ₆₀ mg ₁回₁錠 ₃₈ ℃以上の発熱時 ₅ 回分（全 ₅ 錠） 患者の今回の処方と薬歴情報から、薬物治療に対する評価と指導計画について適 切なのはどれか。2つ選べ。	"[""今回の処方薬は、化学療法施行後に開始された薬剤である。"",""血小板減少による発熱が出現していた可能性がある。"",""下痢症状が出現しても自然に治まることを伝える。"",""発疹、皮膚の乾燥やかゆみが出現する可能性があることを伝える。"",""服用忘れに気づいた日は、翌日の決められた時間に ₂ 回分を服用することを伝 える。""]"	multiChoice	[0,3]	null	normal	false	parsed	"[""none""]"		https://www.mhlw.go.jp/content/001455162.pdf	https://www.mhlw.go.jp/content/001458551.pdf	2025-02-23	MHLW website content under Public Data License 1.0 unless separately indicated; third-party content requires separate review
P110-331	110	331	実践	実務	₆₈ 歳男性。身長 ₁₇₄ cm、体重 ₉₃ kg。既往歴として高血圧、脂質異常症、心房 細動。薬物アレルギー歴無し。₁₂ 時頃、ゴルフ中に突然倒れた。救急隊到着時、 本人から発語は見られていたが、次第に会話が困難になった。救急搬送時（₁₄ 時）、頭部 MRI で左中大動脈領域に梗塞巣を認め、各種所見から心原性脳梗塞と診 断された。また大動脈解離、急性膵炎は否定され、その他、心弁膜症、臓器出血の 合併は認められなかった。 （搬送時の検査値） 血圧 ₁₆₂/₁₀₂ mmHg、血糖 ₁₃₀ mg/dL、LDL︲C ₁₁₀ mg/dL、 HDL︲C ₆₀ mg/dL、TG（トリグリセリド）₁₃₀ mg/dL、 eGFR ₇₅ mL/min/₁ . ₇₃ m2、PT︲INR ₀ . ₉₇、AST ₁₈ IU/L、ALT ₁₉ IU/L、 APTT（活性化部分トロンボプラスチン時間）₂₆ 秒（基準値：₂₅～₃₂ 秒）、 血小板 ₂₅ # ₁₀ /nL 救急担当薬剤師が今後の治療について医師との共有事項として適切なのはどれ か。2つ選べ。	"[""ヘパリンナトリウムの静脈内投与による急性期治療"",""予後改善効果を目的とした急性期におけるエダラボン投与"",""脳浮腫が出現した場合のトルバプタン投与"",""発症早期における新たな血栓防止のための抗血小板療法の開始"",""急性期における DOAC（直接阻害型経口抗凝固薬）の使用""]"	multiChoice	[0,1]	[[0,1],[0,4],[1,4]]	multiple_accepted	false	parsed	"[""none""]"		https://www.mhlw.go.jp/content/001455162.pdf	https://www.mhlw.go.jp/content/001458551.pdf	2025-02-23	MHLW website content under Public Data License 1.0 unless separately indicated; third-party content requires separate review
P110-332	110	332	実践	実務	₂₄ 歳女性。陸上競技者。日本で行われる国際大会に出場予定であるが、大会出 場の重圧で鼻詰まり症状が出たり、おなかの調子が悪くなることがあった。そのた めこの女性は明日から始まる大会に向けて所属チームのスポーツファーマシストに 一般用医薬品の購入について相談した。この女性に推奨できる一般用医薬品に含ま れる成分はどれか。2つ選べ。	"[""ブチルスコポラミン臭化物"",""ホミカ"",""マオウ"",""ロラタジン"",""プソイドエフェドリン""]"	multiChoice	[0,3]	null	normal	false	parsed	"[""none""]"		https://www.mhlw.go.jp/content/001455162.pdf	https://www.mhlw.go.jp/content/001458551.pdf	2025-02-23	MHLW website content under Public Data License 1.0 unless separately indicated; third-party content requires separate review
P110-333	110	333	実践	実務	₆₀ 歳男性。がん化学療法後に増悪した PD︲L₁ 陽性の再発食道扁平上皮がんに 対してペムブロリズマブ ₂₀₀ mg の点滴静注が開始された。 ₄ コース目施行時に担 当薬剤師は患者から ₃ コース終了頃から倦怠感と寒気が続いているとの訴えを聴取 した。また看護記録から体重増加と心拍 ₄₂ 拍/分で徐脈であることを確認した。担 当薬剤師は以下の医薬品リスク管理計画を参考に有害事象発現の可能性を考えた。 身体所見と看護記録に基づいて薬剤師から提案する検査項目はどれか。1つ選べ。 【重要な特定されたリスク】 間質性肺疾患 神経障害（ギランバレー症候群） 大腸炎・重度の下痢 重度の皮膚障害（皮膚粘膜眼症候群， 肝機能障害・硬化性胆管炎 多形紅斑，類天疱瘡等） 腎機能障害 脳炎・髄膜炎 内分泌障害（下垂体機能障害，甲状腺 重症筋無力症 機能障害，副腎機能障害） 心筋炎 ₁ 型糖尿病 免疫性血小板減少性紫斑病 ぶどう膜炎 溶血性貧血 筋炎・横紋筋融解症 赤芽球癆 膵炎 infusion reaction ペムブロリズマブリスク管理計画 ₂₀₁₇ より引用	"[""プロラクチン"",""テストステロン"",""抗利尿ホルモン"",""ゴナドトロピン"",""甲状腺刺激ホルモン""]"	singleChoice	4	null	normal	false	parsed	"[""none""]"		https://www.mhlw.go.jp/content/001455162.pdf	https://www.mhlw.go.jp/content/001458551.pdf	2025-02-23	MHLW website content under Public Data License 1.0 unless separately indicated; third-party content requires separate review
P110-334	110	334	実践	実務	₆₈ 歳女性。 ₁ 週間前より右下肢に腫脹が見られるようになり、かかりつけ医か ら大学病院を紹介され、受診した。下肢静脈超音波検査による血栓の確認及び D︲ダイマーの上昇により、深部静脈血栓症と診断され、即日入院となった。薬剤 師は、患者が携帯していたお薬手帳より、現在の使用中の薬剤情報を入手した。ま た、入院後も服用継続の予定である。 （お薬手帳の内容） ミコナゾールゲル経口用 ₂ ％ ₂₀ g ₁ 回適量 ₁日₄回 朝昼夕就寝前 口腔内に塗布 （臨床検査値） D︲ダイマー ₈ . ₉ ng/mL（基準値：₁ . ₀ ng/mL 未満）、 eGFR ₇₂ mL/min/₁ . ₇₃ m この患者に適切な深部静脈血栓症の治療薬はどれか。2つ選べ。	"[""シロスタゾール"",""クロピドグレル"",""ワルファリンカリウム"",""アピキサバン"",""ダルテパリン""]"	multiChoice	[3,4]	null	normal	false	parsed	"[""none""]"		https://www.mhlw.go.jp/content/001455162.pdf	https://www.mhlw.go.jp/content/001458551.pdf	2025-02-23	MHLW website content under Public Data License 1.0 unless separately indicated; third-party content requires separate review
P110-335	110	335	実践	実務	₆₃ 歳男性。数日前より全身倦怠感があり、血圧低下、体重減少が出現したため 近医を受診し、大学病院を紹介された。外観上皮膚の色素沈着が認められた。検査 の結果、コルチゾールの低値及び ACTH の高値が認められ、アジソン病の確定診 断を受け、以下の処方が開始となった。 （入院時検査値） 身長 ₁₆₅ cm、体重 ₅₃ kg、血圧 ₉₉/₅₉ mmHg、Na ₁₃₄ mEq/L、 K ₅ . ₃ mEq/L、空腹時血糖 ₇₅ mg/dL、コルチゾール ₁ . ₀ ng/dL、 ACTH ₁ , ₇₉₆ pg/mL （処方） ヒドロコルチゾン錠 ₁₀ mg 朝 ₁ . ₅ 錠、昼 ₀ . ₅ 錠（ ₁ 日 ₂ 錠） ₁日₂回 朝昼食後 ₇ 日分 しかし、投薬開始後、低血圧及び低 Na 血症の改善が不十分であり、処方に追加 する治療薬の検討が必要となった。 この患者に追加する最も適切な治療薬はどれか。1つ選べ。	"[""デキサメタゾン"",""ベタメタゾン"",""フルドロコルチゾン"",""スピロノラクトン"",""エプレレノン""]"	singleChoice	2	null	normal	false	parsed	"[""none""]"		https://www.mhlw.go.jp/content/001455162.pdf	https://www.mhlw.go.jp/content/001458551.pdf	2025-02-23	MHLW website content under Public Data License 1.0 unless separately indicated; third-party content requires separate review
P110-336	110	336	実践	実務	粉砕又は脱カプセルを避けるべき薬剤とその理由として正しいのはどれか。 2つ選べ。 薬剤 理由 ダビガトランエテキシラートメタン 放出制御製剤であるため スルホン酸塩カプセル 2 ポマリドミドカプセル 光で分解するため 3 バルプロ酸ナトリウム錠 苦味が出るため 4 ラベプラゾールナトリウム錠 腸溶錠であるため 5 リセドロン酸ナトリウム錠 口腔咽頭刺激があるため	[]	multiChoice	[3,4]	null	normal	true	no_choice_sequence	"[""none""]"		https://www.mhlw.go.jp/content/001455162.pdf	https://www.mhlw.go.jp/content/001458551.pdf	2025-02-23	MHLW website content under Public Data License 1.0 unless separately indicated; third-party content requires separate review
P110-337	110	337	実践	実務	₆₇ 歳女性。身長 ₁₆₃ cm、体重 ₆₂ kg。乳がんの術後化学療法としてペルツズマ ブ、トラスツズマブ、ドセタキセルによる化学療法を施行している。外来日の検査 値の結果を踏まえ、医師はペグフィルグラスチム（遺伝子組換え）の投与を行っ た。また患者は即時入院となった。この患者に使用する抗菌薬として適切なのはど れか。2つ選べ。 （検査値） 体温 ₃₈ . ₁ ℃、好中球数 ₄₅₀/nL、eGFR ₇₂ . ₅ mL/min/₁ . ₇₃ m	"[""セフェピム"",""エリスロマイシン"",""メロペネム"",""ミノサイクリン"",""ダプトマイシン""]"	multiChoice	[0,2]	null	normal	false	parsed	"[""none""]"		https://www.mhlw.go.jp/content/001455162.pdf	https://www.mhlw.go.jp/content/001458551.pdf	2025-02-23	MHLW website content under Public Data License 1.0 unless separately indicated; third-party content requires separate review
P110-338	110	338	実践	実務	手袋を外す時の手技について、感染対策上、誤っているのはどれか。1つ選 べ。ただし、手袋の外側を濃い色で、内側を薄い色で示している。	"[""手袋の外側の手首のあたりを反対の手でつまむ。"",""手袋を中表にして外し、まだ手袋を着用している手で外した手袋を持ってお く。"",""素手になった手で反対側の手袋の外側をつまむ。"",""手袋を引き上げるように裏返しにして外していく。"",""外した後、 ₂ 枚の手袋をひとかたまりになった状態で廃棄し、速乾性手指消毒 剤で手指消毒を行う。""]"	singleChoice	2	null	normal	false	parsed	"[""none""]"		https://www.mhlw.go.jp/content/001455162.pdf	https://www.mhlw.go.jp/content/001458551.pdf	2025-02-23	MHLW website content under Public Data License 1.0 unless separately indicated; third-party content requires separate review
P110-339	110	339	実践	実務	院内において、病棟で使用するネブライザーの消毒用の次亜塩素酸ナトリウム の調製を薬剤部で行い、払い出すこととなった。次亜塩素酸ナトリウム濃度 ₆ ％の 消毒薬を購入し、₀ . ₀₁％（₁₀₀ ppm）に調製して ₁ L のボトルで払い出すこととし た。このとき、原液 ア に水を加え全量を イ とし、この液 ウ を採取 し、これに水を加えて全量を ₁ L とした。容量の組合せとして正しいのはどれか。 1つ選べ。 ア イ ウ	"[""₅₀ mL ₁L ₁₀₀ mL"",""₃₀ mL ₃₀₀ mL ₅₀ mL"",""₁₀ mL ₂₀₀ mL ₁₀ mL"",""₅ mL ₃₀₀ mL ₁₀₀ mL"",""₅ mL ₁.₅ L ₅₀ mL""]"	singleChoice	3	null	normal	false	parsed	"[""none""]"		https://www.mhlw.go.jp/content/001455162.pdf	https://www.mhlw.go.jp/content/001458551.pdf	2025-02-23	MHLW website content under Public Data License 1.0 unless separately indicated; third-party content requires separate review
P110-340	110	340	実践	実務	₆₅ 歳男性。身長 ₁₇₈ cm、体重 ₇₅ kg。食道がんの術前・術後の栄養管理に栄養 サポートチーム（NST）が介入することになった。術前においては、本患者の食 道に通過障害はあるものの、水分摂取は可能で食道以外に障害はなかった。術後に おいても、水分摂取は可能であった。この患者に対する栄養療法に関する記述とし て適切なのはどれか。2つ選べ。	"[""術前の栄養管理は、経腸栄養療法は実施できない。"",""術後の栄養管理には、経腸栄養療法が適している。"",""末梢静脈栄養療法では ₁ 日で必要な糖質量を摂取できる。"",""経腸栄養剤としては、消化態栄養剤よりも半消化態栄養剤の方が適している。"",""経腸栄養療法よりも、中心静脈栄養療法の方が感染性リスクは少ない。""]"	multiChoice	[1,3]	null	normal	false	parsed	"[""none""]"		https://www.mhlw.go.jp/content/001455162.pdf	https://www.mhlw.go.jp/content/001458551.pdf	2025-02-23	MHLW website content under Public Data License 1.0 unless separately indicated; third-party content requires separate review
P110-341	110	341	実践	実務	₂₇ 歳女性。身長 ₁₅₉ cm、体重 ₅₀ kg。この患者の母親が、処方箋を持って薬局 を訪れた。この患者は、 ₂ 年前から、双極性障害と診断され、処方 ₁ の薬剤による 治療を継続中である。お薬手帳及び薬剤服用歴を確認したところ、今回から処方 ₂ の薬剤が追加されている。患者の母親と面談したところ、「最近、娘は夜眠らずに 活動する日もあり、早口で話すことも多くなった。」とのことであった。 （臨床所見及び検査値） 血圧 ₁₁₈/₇₆ mmHg、AST ₁₆ IU/L、ALT ₁₂ IU/L、HDL︲C ₈₃ mg/dL、 LDL︲C ₁₁₂ mg/dL、TG（トリグリセリド）₁₀₄ mg/dL、 空腹時血糖 ₁₀₆ mg/dL、HbA₁c ₅ . ₂％、血清クレアチニン ₀ . ₇₄ mg/dL、 血中リチウム濃度 ₀ . ₈ mEq/L、口渇（-） （処方 ₁ ） 炭酸リチウム錠 ₂₀₀ mg ₁ 回 ₁ 錠（ ₁ 日 ₃ 錠） ₁日₃回 朝昼夕食後 ₇ 日分 （処方 ₂ ） オランザピン錠 ₁₀ mg ₁ 回 ₁ 錠（ ₁ 日 ₁ 錠） ₁日₁回 夕食後 ₇ 日分 薬剤師がこの患者の母親へ指導した内容について SOAP 形式で薬剤服用歴管理 記録簿に記載した。（S）、（O）、（A）、（P）の項目と対応する記載内容として、適 切なのはどれか。2つ選べ。	"[""S：過量投与による中毒を予防するために、継続して血中リチウム濃度の数値 や変化を確認すること。"",""O：「最近、娘は夜眠らずに活動する日もあり、早口で話すことも多くなっ た。」との患者の母親から聞きとった情報。"",""O：次回来局時に、血糖値上昇や体重増加などの副作用発現の有無を確認する こと。"",""A：臨床所見及び検査値の結果を確認し、処方 ₂ の薬剤の服用開始が可能であ ると判断したこと。"",""P：処方 ₂ の薬剤により体重増加のおそれがあるため、娘に食事等に注意し適 度な運動を心掛けるように伝えてもらうこと。""]"	multiChoice	[3,4]	null	normal	false	parsed	"[""none""]"		https://www.mhlw.go.jp/content/001455162.pdf	https://www.mhlw.go.jp/content/001458551.pdf	2025-02-23	MHLW website content under Public Data License 1.0 unless separately indicated; third-party content requires separate review
P110-342	110	342	実践	実務	₇₅ 歳男性。₅₀ 歳の娘と二人暮らし。娘は、父親の服薬管理の相談のため、薬 局を訪れた。父親は、当該薬局で一包化調剤を受け、 ₁ 日 ₃ 回、朝食後、夕食後、 就寝前に処方薬を服用している。父親は、自分でお薬カレンダーに服用時点ごとに 一包化した薬剤をセットしているが、加齢黄斑変性による視力の低下が原因で、最 近、セットミスが多くなってきた。父親は身の回りのことを自分でしたいとの願望 が強く、娘は、このまま父親に薬剤管理をさせてあげたいと思っている。娘が持参 した一包化された薬剤は以下のとおりである。なお、父親に特に物忘れはなく、日 常生活にも問題はない。 （一包化包装への印字） 服用日：2025 年 2 月 14 日 服用日：2025 年 2 月 14 日 厚生 太郎 様 厚生 太郎 様 朝食後 夕食後 アジルサルタン錠 20 mg ベザフィブラート徐放錠 200 mg アムロジピン錠 2 . 5 mg カルボシステイン錠 250 mg アスピリン腸溶錠 100 mg ランソプラゾール OD 錠 15 mg ベザフィブラート徐放錠 200 mg カルボシステイン錠 250 mg 服用日：2025 年 2 月 14 日 厚生 太郎 様 就寝前 ラメルテオン錠 8 mg カルボシステイン錠 250 mg 薬剤師が、薬剤のセットミスを軽減できる可能性が高い工夫はどれか。2つ選 べ。	"[""氏名の印字を「ひらがな」に変更する。"",""用法のフォントサイズを大きくする。"",""効能・効果の印字を追加する。"",""服用時点ごとに色分けしたラインを分包紙に引く。"",""合剤への処方変更を医師に提案し、服用剤数を減らす。""]"	multiChoice	[1,3]	null	normal	false	parsed	"[""none""]"		https://www.mhlw.go.jp/content/001455162.pdf	https://www.mhlw.go.jp/content/001458551.pdf	2025-02-23	MHLW website content under Public Data License 1.0 unless separately indicated; third-party content requires separate review
P110-343	110	343	実践	実務	以下の薬局製造販売医薬品の製造及び販売に関して正しいのはどれか。2つ選 べ。 かぜ薬 ₄︲②（成分及び分量） 日本薬局方 アセトアミノフェン ₀ . ₃₆ g 〃 エテンザミド ₀.₉ g 〃 クロルフェニラミンマレイン酸塩 ₀ . ₀₀₇₅ g 〃 dl︲メチルエフェドリン塩酸塩散 ₁₀％ ₀.₆ g 〃 ジヒドロコデインリン酸塩散 ₁ ％ ₂.₄ g 賦形剤 〃 デンプン，乳糖水和物又はこれらの混合物 適量 全量 ₆ . ₀ g	"[""₁₂ 歳未満にも対応できるようにジヒドロコデインを半量とした医薬品を製造す る。"",""原料の製造番号や秤量値などを記載した製造記録を作成する。"",""販売前に他の痛み止めを服用していないことを確認する。"",""薬剤師不在時に登録販売者が販売する。"",""当該薬局で製造したものを系列の他店舗において販売する。""]"	multiChoice	[1,2]	null	normal	false	parsed	"[""none""]"		https://www.mhlw.go.jp/content/001455162.pdf	https://www.mhlw.go.jp/content/001458551.pdf	2025-02-23	MHLW website content under Public Data License 1.0 unless separately indicated; third-party content requires separate review
P110-344	110	344	実践	実務	₃₂ 歳女性。半年前に家族性高コレステロール血症と診断され、生活習慣の改善 及び以下の処方の薬剤による治療を行っている。冠動脈疾患の既往歴はない。 LDL︲C は管理目標値まで下げることができたが、本日の診察の際に患者から「妊 娠の可能性がある」との報告があり、薬剤の変更が検討された。 （処方） エゼチミブ・アトルバスタチン ₂₀ mg 配合錠 ₁ 回 ₁ 錠（ ₁ 日 ₁ 錠） ₁日₁回 朝食後 ₂₈ 日分 （検査値） 血圧 ₁₂₂/₇₄ mmHg、LDL︲C ₈₀ mg/dL、HDL︲C ₇₅ mg/dL、 TG（トリグリセリド）₈₀ mg/dL この患者に提案できる治療薬はどれか。1つ選べ。	"[""ロスバスタチン"",""プロブコール"",""コレスチミド"",""ペマフィブラート"",""ロミタピド""]"	singleChoice	2	null	normal	false	parsed	"[""none""]"		https://www.mhlw.go.jp/content/001455162.pdf	https://www.mhlw.go.jp/content/001458551.pdf	2025-02-23	MHLW website content under Public Data License 1.0 unless separately indicated; third-party content requires separate review
P110-345	110	345	実践	実務	₆₂ 歳女性。卵巣がんにて、パクリタキセル、カルボプラチン、ベバシズマブを 用いた外来化学療法を施行している。ベバシズマブの重大な副作用である血栓塞栓 症の早期発見のために、患者に伝えておくべき自覚症状として適切なのはどれか。 2つ選べ。	"[""口渇"",""息苦しさ"",""黒色便"",""胸の痛み"",""味覚障害""]"	multiChoice	[1,3]	null	normal	false	parsed	"[""none""]"		https://www.mhlw.go.jp/content/001455162.pdf	https://www.mhlw.go.jp/content/001458551.pdf	2025-02-23	MHLW website content under Public Data License 1.0 unless separately indicated; third-party content requires separate review
P109-001	109	1	必須	物理・化学・生物	永久双極子モーメントをもつ分子はどれか。1つ選べ。	"[""ベンゼン"",""メタン"",""二酸化炭素"",""水"",""四塩化炭素""]"	singleChoice	3	null	normal	false	parsed	"[""none""]"		https://www.mhlw.go.jp/content/001226759.pdf	https://www.mhlw.go.jp/content/001228441.pdf	2024-02-18	MHLW website content under Public Data License 1.0 unless separately indicated; third-party content requires separate review
P109-002	109	2	必須	物理・化学・生物	SDS ポリアクリルアミドゲル電気泳動を行った後、タンパク質の染色に用いる最 も適切な化合物はどれか。1つ選べ。	"[""ニンヒドリン"",""臭化エチジウム"",""o︲フタルアルデヒド"",""フルオレセインイソチオシアネート"",""クーマシーブリリアントブルー（クマシーブリリアントブルー）""]"	singleChoice	4	null	normal	false	parsed	"[""none""]"		https://www.mhlw.go.jp/content/001226759.pdf	https://www.mhlw.go.jp/content/001228441.pdf	2024-02-18	MHLW website content under Public Data License 1.0 unless separately indicated; third-party content requires separate review
P109-003	109	3	必須	物理・化学・生物	質量数は変わらず原子番号が ₁ 増加した娘核種が生成するのはどれか。1つ選 べ。	"[""a 壊変"",""b 壊変 -"",""b 壊変 +"",""軌道電子捕獲"",""核異性体転移""]"	singleChoice	1	null	normal	false	parsed	"[""none""]"		https://www.mhlw.go.jp/content/001226759.pdf	https://www.mhlw.go.jp/content/001228441.pdf	2024-02-18	MHLW website content under Public Data License 1.0 unless separately indicated; third-party content requires separate review
P109-004	109	4	必須	物理・化学・生物	粉末 X 線回折パターンの横軸に表されるパラメータはどれか。1つ選べ。 ただし、i は入射 X 線と格子面群との間の角度である。	"[""₂i"",""i i ₂""]"	singleChoice	0	null	normal	false	parsed	"[""none""]"		https://www.mhlw.go.jp/content/001226759.pdf	https://www.mhlw.go.jp/content/001228441.pdf	2024-02-18	MHLW website content under Public Data License 1.0 unless separately indicated; third-party content requires separate review
P109-005	109	5	必須	物理・化学・生物	₂₅ ℃における ₀ . ₀₁ mol/L 安息香酸水溶液の pH に最も近い値はどれか。1つ選 べ。 ただし、安息香酸の pKa = ₄ . ₂（₂₅ ℃）とする。	"[""₁.₅"",""₃.₀"",""₄.₅"",""₆.₀"",""₇.₅""]"	singleChoice	1	null	normal	false	parsed	"[""none""]"		https://www.mhlw.go.jp/content/001226759.pdf	https://www.mhlw.go.jp/content/001228441.pdf	2024-02-18	MHLW website content under Public Data License 1.0 unless separately indicated; third-party content requires separate review
P109-006	109	6	必須	物理・化学・生物	同圧下で沸点が最も高いのはどれか。1つ選べ。 1 2 3 CH3CH2CH2CH3 CH3CH2CH2CH2CH3 （CH3）2CHCH3 4 5 （CH3） 2CHCH2CH3 （CH3）4C	[]	singleChoice	1	null	normal	true	no_choice_sequence	"[""none""]"		https://www.mhlw.go.jp/content/001226759.pdf	https://www.mhlw.go.jp/content/001228441.pdf	2024-02-18	MHLW website content under Public Data License 1.0 unless separately indicated; third-party content requires separate review
P109-007	109	7	必須	物理・化学・生物	活性酸素種でないのはどれか。1つ選べ。	"[""O2"",""O2"",""• O2 -"",""• OH"",""H2O2""]"	singleChoice	1	null	normal	false	parsed	"[""none""]"		https://www.mhlw.go.jp/content/001226759.pdf	https://www.mhlw.go.jp/content/001228441.pdf	2024-02-18	MHLW website content under Public Data License 1.0 unless separately indicated; third-party content requires separate review
P109-008	109	8	必須	物理・化学・生物	転位反応はどれか。1つ選べ。 ただし、すべての反応は終了後、適切な後処理を施していることとする。また、 生成物は主生成物のみを示している。 O OH C6H5MgBr OH H2SO4 O NH2OH N OH H N H2SO4 N O OH O NaBH4 OH	[]	singleChoice	3	null	normal	true	no_choice_sequence	"[""none""]"		https://www.mhlw.go.jp/content/001226759.pdf	https://www.mhlw.go.jp/content/001228441.pdf	2024-02-18	MHLW website content under Public Data License 1.0 unless separately indicated; third-party content requires separate review
P109-009	109	9	必須	物理・化学・生物	図は、エチレンへの塩化水素の付加反応における反応の進行度とポテンシャルエ ネルギーの関係を表している。塩化物イオンが求核攻撃する段階の活性化エネル ギーはどれか。1つ選べ。 E3 E1 エネルギー E2 H2C=CH2 E4 ＋ HCl CH3CH2Cl 反応の進行度	"[""E1"",""E1 - E2"",""E3"",""E2 + E3"",""E4""]"	singleChoice	2	null	normal	false	parsed	"[""none""]"		https://www.mhlw.go.jp/content/001226759.pdf	https://www.mhlw.go.jp/content/001228441.pdf	2024-02-18	MHLW website content under Public Data License 1.0 unless separately indicated; third-party content requires separate review
P109-010	109	10	必須	物理・化学・生物	以下の生薬のうち、排尿障害を悪化させる可能性が最も高いのはどれか。1つ 選べ。	"[""ゲンノショウコ"",""センブリ"",""ケツメイシ"",""ロートコン"",""オウバク""]"	singleChoice	3	null	normal	false	parsed	"[""none""]"		https://www.mhlw.go.jp/content/001226759.pdf	https://www.mhlw.go.jp/content/001228441.pdf	2024-02-18	MHLW website content under Public Data License 1.0 unless separately indicated; third-party content requires separate review
P109-011	109	11	必須	物理・化学・生物	第 ₈ 脳神経によって主に伝えられる感覚はどれか。1つ選べ。	"[""嗅覚"",""視覚"",""聴覚"",""味覚"",""触覚""]"	singleChoice	2	null	normal	false	parsed	"[""none""]"		https://www.mhlw.go.jp/content/001226759.pdf	https://www.mhlw.go.jp/content/001228441.pdf	2024-02-18	MHLW website content under Public Data License 1.0 unless separately indicated; third-party content requires separate review
P109-012	109	12	必須	物理・化学・生物	真核細胞の核内の DNA とは別に、独立した DNA を遺伝情報として有する細胞 小器官はどれか。1つ選べ。	"[""ペルオキシソーム"",""ミトコンドリア"",""リソソーム"",""ゴルジ体"",""小胞体""]"	singleChoice	1	null	normal	false	parsed	"[""none""]"		https://www.mhlw.go.jp/content/001226759.pdf	https://www.mhlw.go.jp/content/001228441.pdf	2024-02-18	MHLW website content under Public Data License 1.0 unless separately indicated; third-party content requires separate review
P109-013	109	13	必須	物理・化学・生物	核内受容体のリガンドの前駆体となるビタミンはどれか。1つ選べ。	"[""ナイアシン"",""ピリドキシン"",""パントテン酸"",""レチノール"",""ビオチン""]"	singleChoice	3	null	normal	false	parsed	"[""none""]"		https://www.mhlw.go.jp/content/001226759.pdf	https://www.mhlw.go.jp/content/001228441.pdf	2024-02-18	MHLW website content under Public Data License 1.0 unless separately indicated; third-party content requires separate review
P109-014	109	14	必須	物理・化学・生物	血漿リポタンパク質のうち、その組成に占めるコレステロールの割合が最も高 く、肝臓から全身の組織へのコレステロール輸送を主として担うのはどれか。1つ 選べ。	"[""キロミクロン"",""超低密度リポタンパク質（VLDL）"",""中間密度リポタンパク質（IDL）"",""低密度リポタンパク質（LDL）"",""高密度リポタンパク質（HDL）""]"	singleChoice	3	null	normal	false	parsed	"[""none""]"		https://www.mhlw.go.jp/content/001226759.pdf	https://www.mhlw.go.jp/content/001228441.pdf	2024-02-18	MHLW website content under Public Data License 1.0 unless separately indicated; third-party content requires separate review
P109-015	109	15	必須	物理・化学・生物	主要組織適合遺伝子複合体（MHC）のクラスⅠ分子とクラスⅡ分子の両方で抗 原提示できる免疫担当細胞はどれか。1つ選べ。	"[""樹状細胞"",""キラー T 細胞"",""好中球"",""巨核球"",""制御性 T 細胞 必須問題 【衛生】""]"	singleChoice	0	null	normal	false	parsed	"[""none""]"		https://www.mhlw.go.jp/content/001226759.pdf	https://www.mhlw.go.jp/content/001228441.pdf	2024-02-18	MHLW website content under Public Data License 1.0 unless separately indicated; third-party content requires separate review
P109-016	109	16	必須	衛生	対象集団について、ある一時点における疾病の有無と要因の保有状況を調査 し、その関連を明らかにする疫学研究手法はどれか。1つ選べ。	"[""症例対照研究"",""縦断的研究"",""介入研究"",""コホート研究"",""横断的研究""]"	singleChoice	4	null	normal	false	parsed	"[""none""]"		https://www.mhlw.go.jp/content/001226759.pdf	https://www.mhlw.go.jp/content/001228441.pdf	2024-02-18	MHLW website content under Public Data License 1.0 unless separately indicated; third-party content requires separate review
P109-017	109	17	必須	衛生	予防接種が勧奨されている子宮頸がんのリスク要因はどれか。1つ選べ。	"[""ヒト単純ヘルペスウイルス"",""梅毒トレポネーマ"",""クラミジア・トラコマチス"",""ヒトパピローマウイルス"",""淋菌""]"	singleChoice	3	null	normal	false	parsed	"[""none""]"		https://www.mhlw.go.jp/content/001226759.pdf	https://www.mhlw.go.jp/content/001228441.pdf	2024-02-18	MHLW website content under Public Data License 1.0 unless separately indicated; third-party content requires separate review
P109-018	109	18	必須	衛生	事業者が、常時従事する労働者に対して特殊健康診断を受診させることが義務 付けられているのはどれか。1つ選べ。	"[""石綿（アスベスト）の粉じんを発散する場所における業務"",""重量物を取り扱う業務"",""著しく暑熱な場所における業務"",""電子計算機への入力を反復して行う業務"",""著しい騒音を発する場所における業務""]"	singleChoice	0	null	normal	false	parsed	"[""none""]"		https://www.mhlw.go.jp/content/001226759.pdf	https://www.mhlw.go.jp/content/001228441.pdf	2024-02-18	MHLW website content under Public Data License 1.0 unless separately indicated; third-party content requires separate review
P109-019	109	19	必須	衛生	下図は、食事摂取基準における摂取量とリスクの概念図である。図中のＡで示 されるのはどれか。1つ選べ。 過剰摂取によって健康障害が生じるリスク ₁.₀ 不足のリスク ₀.₅ ₀ . ₀₂₅ ₀ Ａ 習慣的な摂取量	"[""耐用上限量"",""推奨量"",""目安量"",""推定平均必要量"",""目標量""]"	singleChoice	1	null	normal	true	parsed	"[""none""]"		https://www.mhlw.go.jp/content/001226759.pdf	https://www.mhlw.go.jp/content/001228441.pdf	2024-02-18	MHLW website content under Public Data License 1.0 unless separately indicated; third-party content requires separate review
P109-020	109	20	必須	衛生	ホルムアルデヒドや有機酸の殺菌・静菌作用によって食品の保存性を高める方 法はどれか。1つ選べ。	"[""乾燥"",""塩蔵"",""くん煙"",""冷蔵"",""糖漬""]"	singleChoice	2	null	normal	false	parsed	"[""none""]"		https://www.mhlw.go.jp/content/001226759.pdf	https://www.mhlw.go.jp/content/001228441.pdf	2024-02-18	MHLW website content under Public Data License 1.0 unless separately indicated; third-party content requires separate review
P109-021	109	21	必須	衛生	シモン反応によって確認できる薬物はどれか。1つ選べ。 1 2 3 H NH2 HO N CH3 CH3 CH3 O N CH3 H HO 4 5 H3C O CH3 CH3 N H O OH H H O H O H3C O CH3 CH3	[]	singleChoice	0	null	normal	true	no_choice_sequence	"[""none""]"		https://www.mhlw.go.jp/content/001226759.pdf	https://www.mhlw.go.jp/content/001228441.pdf	2024-02-18	MHLW website content under Public Data License 1.0 unless separately indicated; third-party content requires separate review
P109-022	109	22	必須	衛生	遺伝毒性発がん物質のリスク評価に用いられる指標はどれか。1つ選べ。	"[""許容一日摂取量"",""耐容一日摂取量"",""実質安全量"",""急性参照用量"",""無毒性量""]"	singleChoice	2	null	normal	false	parsed	"[""none""]"		https://www.mhlw.go.jp/content/001226759.pdf	https://www.mhlw.go.jp/content/001228441.pdf	2024-02-18	MHLW website content under Public Data License 1.0 unless separately indicated; third-party content requires separate review
P109-023	109	23	必須	衛生	以下の生体組織のうち、放射線に対する感受性が最も高いのはどれか。1つ選 べ。	"[""神経組織"",""造血組織"",""皮膚組織"",""筋肉組織"",""脂肪組織""]"	singleChoice	1	null	normal	false	parsed	"[""none""]"		https://www.mhlw.go.jp/content/001226759.pdf	https://www.mhlw.go.jp/content/001228441.pdf	2024-02-18	MHLW website content under Public Data License 1.0 unless separately indicated; third-party content requires separate review
P109-024	109	24	必須	衛生	地上部での光化学オキシダントの生成に関与する主な非電離放射線はどれか。 1つ選べ。	"[""遠赤外線"",""近赤外線"",""可視光線"",""UV︲A"",""UV︲C""]"	singleChoice	3	null	normal	false	parsed	"[""none""]"		https://www.mhlw.go.jp/content/001226759.pdf	https://www.mhlw.go.jp/content/001228441.pdf	2024-02-18	MHLW website content under Public Data License 1.0 unless separately indicated; third-party content requires separate review
P109-025	109	25	必須	衛生	下図は、環境基本法で規定されている ₇ 種類の公害（典型七公害）の種類別公 害苦情件数の推移を示したものである。アに該当するのはどれか。1つ選べ。 ₃₀ ,₀₀₀ ₂₅ ,₀₀₀ ア ₂₀ ,₀₀₀ 苦情件数（件） ₁₅ ,₀₀₀ ₁₀ ,₀₀₀ ₅ ,₀₀₀ 土壌汚染 地盤沈下 ₀ ₅₃ ₅₄ ₅₅ ₅₆ ₅₇ ₅₈ ₅₉ ₆₀ ₆₁ ₆₂ ₆₃ 元 ₂ ₃ ₄ ₅ ₆ ₇ ₈ ₉ ₁₀ ₁₁ ₁₂ ₁₃ ₁₄ ₁₅ ₁₆ ₁₇ ₁₈ ₁₉ ₂₀ ₂₁ ₂₂ ₂₃ ₂₄ ₂₅ ₂₆ ₂₇ ₂₈ ₂₉ ₃₀ 元 ₂ ₃ 昭和 平成 令和 （年度） 図 典型七公害の種類別公害苦情件数 令和三年度 公害苦情調査結果報告書（総務省、公害等調査委員会事務局）	"[""悪臭"",""振動"",""水質汚濁"",""騒音"",""大気汚染 必須問題 【薬理】""]"	singleChoice	3	null	normal	true	parsed	"[""none""]"		https://www.mhlw.go.jp/content/001226759.pdf	https://www.mhlw.go.jp/content/001228441.pdf	2024-02-18	MHLW website content under Public Data License 1.0 unless separately indicated; third-party content requires separate review
P109-026	109	26	必須	薬理	禁煙補助薬として用いられるニコチン性アセチルコリン受容体部分刺激薬はど れか。1つ選べ。	"[""シアナミド"",""ナロキソン"",""ニコチン"",""バレニクリン"",""フルマゼニル""]"	singleChoice	3	null	normal	false	parsed	"[""none""]"		https://www.mhlw.go.jp/content/001226759.pdf	https://www.mhlw.go.jp/content/001228441.pdf	2024-02-18	MHLW website content under Public Data License 1.0 unless separately indicated; third-party content requires separate review
P109-027	109	27	必須	薬理	自律神経節遮断薬の効果として、正しいのはどれか。1つ選べ。	"[""心拍数低下"",""散瞳"",""消化管運動促進"",""排尿促進"",""発汗促進""]"	singleChoice	1	null	normal	false	parsed	"[""none""]"		https://www.mhlw.go.jp/content/001226759.pdf	https://www.mhlw.go.jp/content/001228441.pdf	2024-02-18	MHLW website content under Public Data License 1.0 unless separately indicated; third-party content requires separate review
P109-028	109	28	必須	薬理	リスペリドンが高プロラクチン血症を引き起こす機序はどれか。1つ選べ。	"[""線条体でのドパミン D2 受容体遮断"",""線条体でのセロトニン ₅︲HT2A 受容体遮断"",""前頭前野でのドパミン D2 受容体遮断"",""下垂体でのセロトニン ₅︲HT2A 受容体遮断"",""下垂体でのドパミン D2 受容体遮断""]"	singleChoice	4	null	normal	false	parsed	"[""none""]"		https://www.mhlw.go.jp/content/001226759.pdf	https://www.mhlw.go.jp/content/001228441.pdf	2024-02-18	MHLW website content under Public Data License 1.0 unless separately indicated; third-party content requires separate review
P109-029	109	29	必須	薬理	アバタセプトの関節リウマチ治療効果発現の標的分子はどれか。1つ選べ。	"[""CD₂₈"",""細胞傷害性 T リンパ球抗原︲₄（CTLA︲₄）"",""CD₈₀/CD₈₆"",""IL︲₆ 受容体"",""TNF︲a""]"	singleChoice	2	null	normal	false	parsed	"[""none""]"		https://www.mhlw.go.jp/content/001226759.pdf	https://www.mhlw.go.jp/content/001228441.pdf	2024-02-18	MHLW website content under Public Data License 1.0 unless separately indicated; third-party content requires separate review
P109-030	109	30	必須	薬理	オステオカルシンのグルタミン酸残基の c︲カルボキシ化を促進するのはどれ か。1つ選べ。	"[""メナテトレノン"",""エルカトニン"",""カルシトリオール"",""テリパラチド"",""イプリフラボン""]"	singleChoice	0	null	normal	false	parsed	"[""none""]"		https://www.mhlw.go.jp/content/001226759.pdf	https://www.mhlw.go.jp/content/001228441.pdf	2024-02-18	MHLW website content under Public Data License 1.0 unless separately indicated; third-party content requires separate review
P109-031	109	31	必須	薬理	血管平滑筋細胞において、可溶性グアニル酸シクラーゼを刺激して血管拡張作 用を示すのはどれか。1つ選べ。	"[""アルプロスタジル"",""シルデナフィル"",""ベラプロスト"",""リオシグアト"",""マシテンタン""]"	singleChoice	3	null	normal	false	parsed	"[""none""]"		https://www.mhlw.go.jp/content/001226759.pdf	https://www.mhlw.go.jp/content/001228441.pdf	2024-02-18	MHLW website content under Public Data License 1.0 unless separately indicated; third-party content requires separate review
P109-032	109	32	必須	薬理	プラスミンのフィブリンへの結合を阻害することで、止血作用を示すのはどれ か。1つ選べ。	"[""フィトナジオン"",""プロタミン"",""トラネキサム酸"",""ヘモコアグラーゼ"",""カルバゾクロムスルホン酸""]"	singleChoice	2	null	normal	false	parsed	"[""none""]"		https://www.mhlw.go.jp/content/001226759.pdf	https://www.mhlw.go.jp/content/001228441.pdf	2024-02-18	MHLW website content under Public Data License 1.0 unless separately indicated; third-party content requires separate review
P109-033	109	33	必須	薬理	メフルシドの利尿作用の機序はどれか。1つ選べ。	"[""心房性ナトリウム利尿ペプチド（ANP）受容体刺激"",""バソプレシン V2 受容体遮断"",""上皮性 Na チャネル遮断 +"",""Na ︲Cl 共輸送体阻害 + -"",""Na ︲K ︲₂Cl 共輸送体阻害 + + -""]"	singleChoice	3	null	normal	false	parsed	"[""none""]"		https://www.mhlw.go.jp/content/001226759.pdf	https://www.mhlw.go.jp/content/001228441.pdf	2024-02-18	MHLW website content under Public Data License 1.0 unless separately indicated; third-party content requires separate review
P109-034	109	34	必須	薬理	ウメクリジニウムの気管支収縮抑制作用の機序はどれか。1つ選べ。	"[""ホスホジエステラーゼ阻害"",""アデノシン A1 受容体遮断"",""アドレナリン b2 受容体刺激"",""アセチルコリン M3 受容体遮断"",""エラスターゼ阻害""]"	singleChoice	3	null	normal	false	parsed	"[""none""]"		https://www.mhlw.go.jp/content/001226759.pdf	https://www.mhlw.go.jp/content/001228441.pdf	2024-02-18	MHLW website content under Public Data License 1.0 unless separately indicated; third-party content requires separate review
P109-035	109	35	必須	薬理	トリメブチンの消化管運動調節作用の機序はどれか。1つ選べ。	"[""ドパミン D2 受容体遮断"",""コリンエステラーゼ阻害"",""アセチルコリン M3 受容体刺激"",""セロトニン ₅︲HT4 受容体刺激"",""オピオイド n 受容体刺激""]"	singleChoice	4	null	normal	false	parsed	"[""none""]"		https://www.mhlw.go.jp/content/001226759.pdf	https://www.mhlw.go.jp/content/001228441.pdf	2024-02-18	MHLW website content under Public Data License 1.0 unless separately indicated; third-party content requires separate review
P109-036	109	36	必須	薬理	ミクロソームトリグリセリド転送タンパク質（MTP）を阻害する脂質異常症治 療薬はどれか。1つ選べ。	"[""エゼチミブ"",""エボロクマブ"",""ロミタピド"",""アトルバスタチン"",""ペマフィブラート""]"	singleChoice	2	null	normal	false	parsed	"[""none""]"		https://www.mhlw.go.jp/content/001226759.pdf	https://www.mhlw.go.jp/content/001228441.pdf	2024-02-18	MHLW website content under Public Data License 1.0 unless separately indicated; third-party content requires separate review
P109-037	109	37	必須	薬理	ソマトスタチン受容体を刺激して、消化管ホルモン産生腫瘍に伴う諸症状を改 善するのはどれか。1つ選べ。	"[""オクトレオチド"",""ソマトレリン"",""ソマトロピン"",""プロチレリン"",""ペグビソマント""]"	singleChoice	0	null	normal	false	parsed	"[""none""]"		https://www.mhlw.go.jp/content/001226759.pdf	https://www.mhlw.go.jp/content/001228441.pdf	2024-02-18	MHLW website content under Public Data License 1.0 unless separately indicated; third-party content requires separate review
P109-038	109	38	必須	薬理	ホスホジエステラーゼ ₄ （PDE₄）を阻害することで、炎症性サイトカインの産 生を抑制する尋常性乾癬の治療薬はどれか。1つ選べ。	"[""マキサカルシトール"",""エトレチナート"",""アプレミラスト"",""セクキヌマブ"",""ブロダルマブ""]"	singleChoice	2	null	normal	false	parsed	"[""none""]"		https://www.mhlw.go.jp/content/001226759.pdf	https://www.mhlw.go.jp/content/001228441.pdf	2024-02-18	MHLW website content under Public Data License 1.0 unless separately indicated; third-party content requires separate review
P109-039	109	39	必須	薬理	DNA ジャイレース及びトポイソメラーゼⅣを阻害することで、細菌の DNA 複 製を抑制する抗菌薬はどれか。1つ選べ。 1 2 OH O OH O O HN OH N N NH2 OH F CO2H H H HO CH3 H N CH3 O H3C HO H O H H NH2 H HO H2N H HO H O H H O OH H HO H HO O H H OH H H H NH2 NH2 4 5 H CH3 O CO2H H H3C N H2N H N CH3 H CH3 H CH3 HO CH3 N H S CH3 H3C OH H H HO O CH3 OO HO H H O CH3 H H CH3 N H CH3 H H H O H OH HO O O H CH3 CH3 O CH3 H H CH3	[]	singleChoice	0	null	normal	true	no_choice_sequence	"[""none""]"		https://www.mhlw.go.jp/content/001226759.pdf	https://www.mhlw.go.jp/content/001228441.pdf	2024-02-18	MHLW website content under Public Data License 1.0 unless separately indicated; third-party content requires separate review
P109-040	109	40	必須	薬理	抗悪性腫瘍薬のうち、チュブリンに結合し微小管の重合を阻害するのはどれ か。1つ選べ。	"[""シスプラチン"",""メトトレキサート"",""ビンクリスチン"",""フルオロウラシル"",""ブレオマイシン 必須問題 【薬剤】""]"	singleChoice	2	null	normal	false	parsed	"[""none""]"		https://www.mhlw.go.jp/content/001226759.pdf	https://www.mhlw.go.jp/content/001228441.pdf	2024-02-18	MHLW website content under Public Data License 1.0 unless separately indicated; third-party content requires separate review
P109-041	109	41	必須	薬剤	下図に示す Fick の法則に従う細胞膜透過において、薬物の透過速度と反比例す るのはどれか。1つ選べ。 細胞外 細胞膜 細胞内 C1 C out C out：細胞外溶液の薬物濃度 C 1 ：細胞外溶液と接する面の膜中薬物濃度 薬物の濃度 C2 C 2 ：細胞内溶液と接する面の膜中薬物濃度 C in C in ：細胞内溶液の薬物濃度 膜の厚さ L	"[""膜の有効表面積"",""薬物の膜中の拡散係数"",""膜の厚さ（L）"",""薬物の膜への分配係数（C 1/C out）"",""細胞外及び細胞内溶液と接する面の膜中薬物濃度の差（C 1 - C 2）""]"	singleChoice	2	null	normal	true	parsed	"[""none""]"		https://www.mhlw.go.jp/content/001226759.pdf	https://www.mhlw.go.jp/content/001228441.pdf	2024-02-18	MHLW website content under Public Data License 1.0 unless separately indicated; third-party content requires separate review
P109-042	109	42	必須	薬剤	小腸上皮細胞を模式的に示した下図中の 1 ～ 6 のうち、P︲糖タンパク質の局在 と基質の輸送方向を正しく表しているのはどれか。1つ選べ。ただし、図中の矢印 の向きは基質の輸送方向を示す。 管腔側 1 2 3 4 5 6 血管側	[]	singleChoice	0	null	normal	true	no_choice_sequence	"[""none""]"		https://www.mhlw.go.jp/content/001226759.pdf	https://www.mhlw.go.jp/content/001228441.pdf	2024-02-18	MHLW website content under Public Data License 1.0 unless separately indicated; third-party content requires separate review
P109-043	109	43	必須	薬剤	血漿タンパク質と結合する薬物について、平衡透析法により薬物の血漿タンパ ク結合率を測定した。半透膜で隔てた透析セルの左側に血漿を、右側に薬物溶液を それぞれ加え、平衡に達するまで ₃₇ ℃で振とうした。各透析セルの薬物濃度を ［Ａ］～［Ｃ］とするとき、血漿タンパク質に結合した薬物濃度を示す式はどれ か。1つ選べ。 透析開始前 平衡後 薬物溶液 振とう 血漿 ［Ｂ］ ［Ｃ］ ［Ａ］ 半透膜 半透膜	"[""［Ｂ］+［Ｃ］"",""［Ａ］+［Ｂ］"",""［Ａ］-［Ｂ］"",""［Ａ］-［Ｃ］"",""［Ｂ］-［Ｃ］""]"	singleChoice	4	null	normal	false	parsed	"[""none""]"		https://www.mhlw.go.jp/content/001226759.pdf	https://www.mhlw.go.jp/content/001228441.pdf	2024-02-18	MHLW website content under Public Data License 1.0 unless separately indicated; third-party content requires separate review
P109-044	109	44	必須	薬剤	ヒト肝臓において、最も発現量が多いシトクロム P₄₅₀ 分子種はどれか。1つ選 べ。	"[""CYP₁A₂"",""CYP₂C₁₉"",""CYP₂D₆"",""CYP₂E₁"",""CYP₃A₄""]"	singleChoice	4	null	normal	false	parsed	"[""none""]"		https://www.mhlw.go.jp/content/001226759.pdf	https://www.mhlw.go.jp/content/001228441.pdf	2024-02-18	MHLW website content under Public Data License 1.0 unless separately indicated; third-party content requires separate review
P109-045	109	45	必須	薬剤	胆汁中への排泄が主な消失経路である薬物はどれか。1つ選べ。	"[""カナマイシン"",""プラバスタチン"",""リチウム"",""メトトレキサート"",""エナラプリル""]"	singleChoice	1	null	normal	false	parsed	"[""none""]"		https://www.mhlw.go.jp/content/001226759.pdf	https://www.mhlw.go.jp/content/001228441.pdf	2024-02-18	MHLW website content under Public Data License 1.0 unless separately indicated; third-party content requires separate review
P109-046	109	46	必須	薬剤	体内動態が線形 ₁︲コンパートメントモデルに従う薬物を ₁ 日 ₁ 回経口投与し、 定常状態における平均薬物血中濃度を ₀ . ₂ mg/L としたい。この薬物の全身クリア ランスを ₀ . ₄ L/h/kg、バイオアベイラビリティを ₀ . ₄ とすると、 ₁ 回あたりの投 与量（mg/kg）として最も近い値はどれか。1つ選べ。	"[""₁"",""₂"",""₅"",""₁₀"",""₂₀""]"	singleChoice	2	null	normal	false	parsed	"[""none""]"		https://www.mhlw.go.jp/content/001226759.pdf	https://www.mhlw.go.jp/content/001228441.pdf	2024-02-18	MHLW website content under Public Data License 1.0 unless separately indicated; third-party content requires separate review
P109-047	109	47	必須	薬剤	TDM における薬物血中濃度の測定において、全血試料を用いて分析する必要が ある薬物はどれか。1つ選べ。	"[""テイコプラニン"",""バルプロ酸ナトリウム"",""フェニトイン"",""シクロスポリン"",""ジゴキシン""]"	singleChoice	3	null	normal	false	parsed	"[""none""]"		https://www.mhlw.go.jp/content/001226759.pdf	https://www.mhlw.go.jp/content/001228441.pdf	2024-02-18	MHLW website content under Public Data License 1.0 unless separately indicated; third-party content requires separate review
P109-048	109	48	必須	薬剤	経口固形製剤からの弱電解質薬物の溶出性に影響を及ぼさない因子はどれか。 1つ選べ。	"[""薬物の粒子径"",""薬物の結晶性"",""タンパク結合率"",""溶液の pH"",""溶液の粘度""]"	singleChoice	2	null	normal	false	parsed	"[""none""]"		https://www.mhlw.go.jp/content/001226759.pdf	https://www.mhlw.go.jp/content/001228441.pdf	2024-02-18	MHLW website content under Public Data License 1.0 unless separately indicated; third-party content requires separate review
P109-049	109	49	必須	薬剤	液体の表面張力を測定する方法はどれか。1つ選べ。	"[""溶解度法"",""沈降法"",""吸着法"",""滴重法"",""反応速度法""]"	singleChoice	3	null	normal	false	parsed	"[""none""]"		https://www.mhlw.go.jp/content/001226759.pdf	https://www.mhlw.go.jp/content/001228441.pdf	2024-02-18	MHLW website content under Public Data License 1.0 unless separately indicated; third-party content requires separate review
P109-050	109	50	必須	薬剤	複合体を形成することによって、以下の疎水性薬物を安定化するのに用いられ る化合物はどれか。1つ選べ。 一般名：アルプロスタジル 構造式： O H CO2H CH3 HO H H H OH	"[""アスコルビン酸"",""a︲シクロデキストリン"",""カルメロースナトリウム"",""エデト酸ナトリウム水和物"",""パラオキシ安息香酸ブチル""]"	singleChoice	1	null	normal	true	parsed	"[""none""]"		https://www.mhlw.go.jp/content/001226759.pdf	https://www.mhlw.go.jp/content/001228441.pdf	2024-02-18	MHLW website content under Public Data License 1.0 unless separately indicated; third-party content requires separate review
P109-051	109	51	必須	薬剤	有効成分を速やかに溶解させ、口腔粘膜から吸収させる口腔用錠剤はどれか。 1つ選べ。	"[""溶解錠"",""舌下錠"",""チュアブル錠"",""口腔内崩壊錠"",""発泡錠""]"	singleChoice	1	null	normal	false	parsed	"[""none""]"		https://www.mhlw.go.jp/content/001226759.pdf	https://www.mhlw.go.jp/content/001228441.pdf	2024-02-18	MHLW website content under Public Data License 1.0 unless separately indicated; third-party content requires separate review
P109-052	109	52	必須	薬剤	日本薬局方の製剤に関する一般試験法のうち、下図の装置を用いるのはどれ か。1つ選べ。 ダイヤルゲージ 円錐 試料台	"[""崩壊試験法"",""眼軟膏剤の金属性異物試験法"",""半固形製剤の流動学的測定法"",""粘着力試験法"",""吸入剤の空気力学的粒度測定法""]"	singleChoice	2	null	normal	true	parsed	"[""none""]"		https://www.mhlw.go.jp/content/001226759.pdf	https://www.mhlw.go.jp/content/001228441.pdf	2024-02-18	MHLW website content under Public Data License 1.0 unless separately indicated; third-party content requires separate review
P109-053	109	53	必須	薬剤	等張化剤として用いられるのはどれか。1つ選べ。	"[""エタノール"",""ポリソルベート ₈₀"",""塩酸"",""クロロブタノール"",""濃グリセリン""]"	singleChoice	4	null	normal	false	parsed	"[""none""]"		https://www.mhlw.go.jp/content/001226759.pdf	https://www.mhlw.go.jp/content/001228441.pdf	2024-02-18	MHLW website content under Public Data License 1.0 unless separately indicated; third-party content requires separate review
P109-054	109	54	必須	薬剤	医薬品の二次包装はどれか。1つ選べ。	"[""ブリスター包装"",""PTP（Press Through Package）包装"",""ストリップ包装"",""ピロー包装"",""プラスチックバッグ""]"	singleChoice	3	null	normal	false	parsed	"[""none""]"		https://www.mhlw.go.jp/content/001226759.pdf	https://www.mhlw.go.jp/content/001228441.pdf	2024-02-18	MHLW website content under Public Data License 1.0 unless separately indicated; third-party content requires separate review
P109-055	109	55	必須	薬剤	下の模式図で表される経口徐放性製剤の放出制御膜として、適切なのはどれか。 1つ選べ。 薬物放出口 薬物層 放出制御膜 プッシュ層	"[""糖衣"",""半透膜"",""腸溶性皮膜"",""生分解性皮膜"",""イオン交換樹脂膜 必須問題 【病態・薬物治療】""]"	singleChoice	1	null	normal	true	parsed	"[""none""]"		https://www.mhlw.go.jp/content/001226759.pdf	https://www.mhlw.go.jp/content/001228441.pdf	2024-02-18	MHLW website content under Public Data License 1.0 unless separately indicated; third-party content requires separate review
P109-056	109	56	必須	病態・薬物治療	神経筋接合部のアセチルコリン受容体に対する自己抗体が産生されることによ り、筋力低下をきたす自己免疫疾患はどれか。1つ選べ。	"[""イートン・ランバート症候群"",""重症筋無力症"",""ギラン・バレー症候群"",""進行性筋ジストロフィー"",""筋萎縮性側索硬化症""]"	singleChoice	1	null	normal	false	parsed	"[""none""]"		https://www.mhlw.go.jp/content/001226759.pdf	https://www.mhlw.go.jp/content/001228441.pdf	2024-02-18	MHLW website content under Public Data License 1.0 unless separately indicated; third-party content requires separate review
P109-057	109	57	必須	病態・薬物治療	身体の一部又は全身に瞬間的な筋収縮が起こり、発作持続時間が短く、意識消 失の自覚症状が無いことが多いてんかん発作はどれか。1つ選べ。	"[""複雑部分発作"",""欠神発作"",""強直間代発作"",""ミオクロニー発作"",""脱力発作""]"	singleChoice	3	null	normal	false	parsed	"[""none""]"		https://www.mhlw.go.jp/content/001226759.pdf	https://www.mhlw.go.jp/content/001228441.pdf	2024-02-18	MHLW website content under Public Data License 1.0 unless separately indicated; third-party content requires separate review
P109-058	109	58	必須	病態・薬物治療	メチルフェニデート塩酸塩が適用される疾患はどれか。1つ選べ。	"[""閉塞隅角緑内障"",""重症うつ病"",""糖尿病性腎症"",""くも膜下出血"",""ナルコレプシー""]"	singleChoice	4	null	normal	false	parsed	"[""none""]"		https://www.mhlw.go.jp/content/001226759.pdf	https://www.mhlw.go.jp/content/001228441.pdf	2024-02-18	MHLW website content under Public Data License 1.0 unless separately indicated; third-party content requires separate review
P109-059	109	59	必須	病態・薬物治療	高ナトリウム血症の患者に禁忌である薬物はどれか。1つ選べ。	"[""トルバプタン"",""エプレレノン"",""エナラプリルマレイン酸塩"",""カルベジロール"",""フロセミド""]"	singleChoice	0	null	normal	false	parsed	"[""none""]"		https://www.mhlw.go.jp/content/001226759.pdf	https://www.mhlw.go.jp/content/001228441.pdf	2024-02-18	MHLW website content under Public Data License 1.0 unless separately indicated; third-party content requires separate review
P109-060	109	60	必須	病態・薬物治療	臨床所見としてスプーン状爪が認められる疾患はどれか。1つ選べ。	"[""鉄欠乏性貧血"",""巨赤芽球性貧血"",""自己免疫性溶血性貧血"",""腎性貧血"",""骨髄異形成症候群""]"	singleChoice	0	null	normal	false	parsed	"[""none""]"		https://www.mhlw.go.jp/content/001226759.pdf	https://www.mhlw.go.jp/content/001228441.pdf	2024-02-18	MHLW website content under Public Data License 1.0 unless separately indicated; third-party content requires separate review
P109-061	109	61	必須	病態・薬物治療	心電図上で QT 間隔の延長により生じやすくなる不整脈はどれか。1つ選べ。	"[""洞停止"",""洞房ブロック"",""心房細動"",""発作性上室頻拍"",""多形性心室頻拍""]"	singleChoice	4	null	normal	false	parsed	"[""none""]"		https://www.mhlw.go.jp/content/001226759.pdf	https://www.mhlw.go.jp/content/001228441.pdf	2024-02-18	MHLW website content under Public Data License 1.0 unless separately indicated; third-party content requires separate review
P109-062	109	62	必須	病態・薬物治療	副腎皮質ステロイド性薬が適用される腎疾患はどれか。1つ選べ。	"[""腎硬化症"",""糖尿病性腎症"",""痛風腎"",""多発性嚢胞腎"",""特発性膜性腎症""]"	singleChoice	4	null	normal	false	parsed	"[""none""]"		https://www.mhlw.go.jp/content/001226759.pdf	https://www.mhlw.go.jp/content/001228441.pdf	2024-02-18	MHLW website content under Public Data License 1.0 unless separately indicated; third-party content requires separate review
P109-063	109	63	必須	病態・薬物治療	ポリカルボフィルカルシウムが適用される疾患はどれか。1つ選べ。	"[""術後イレウス"",""高カルシウム血症"",""過敏性腸症候群"",""腎不全"",""虫垂炎""]"	singleChoice	2	null	normal	false	parsed	"[""none""]"		https://www.mhlw.go.jp/content/001226759.pdf	https://www.mhlw.go.jp/content/001228441.pdf	2024-02-18	MHLW website content under Public Data License 1.0 unless separately indicated; third-party content requires separate review
P109-064	109	64	必須	病態・薬物治療	尿路結石を有する痛風患者に対して、最も適切な尿酸降下薬はどれか。1つ選 べ。	"[""ベンズブロマロン"",""コルヒチン"",""ドチヌラド"",""トピロキソスタット"",""プロベネシド""]"	singleChoice	3	null	normal	false	parsed	"[""none""]"		https://www.mhlw.go.jp/content/001226759.pdf	https://www.mhlw.go.jp/content/001228441.pdf	2024-02-18	MHLW website content under Public Data License 1.0 unless separately indicated; third-party content requires separate review
P109-065	109	65	必須	病態・薬物治療	手術が適応とならないクッシング症候群の治療に用いる薬物はどれか。1つ選 べ。	"[""チアマゾール"",""ミトタン"",""デスモプレシン酢酸塩水和物"",""レボチロキシンナトリウム水和物"",""メチロシン""]"	singleChoice	1	null	normal	false	parsed	"[""none""]"		https://www.mhlw.go.jp/content/001226759.pdf	https://www.mhlw.go.jp/content/001228441.pdf	2024-02-18	MHLW website content under Public Data License 1.0 unless separately indicated; third-party content requires separate review
P109-066	109	66	必須	病態・薬物治療	褥瘡治療に用いる外用薬のうち、壊死組織除去効果を有するのはどれか。1つ 選べ。	"[""アルプロスタジルアルファデクス"",""ブロメライン"",""ポビドンヨード"",""ジメチルイソプロピルアズレン"",""トレチノイントコフェリル""]"	singleChoice	1	null	normal	false	parsed	"[""none""]"		https://www.mhlw.go.jp/content/001226759.pdf	https://www.mhlw.go.jp/content/001228441.pdf	2024-02-18	MHLW website content under Public Data License 1.0 unless separately indicated; third-party content requires separate review
P109-067	109	67	必須	病態・薬物治療	我が国において、肝硬変の原因となるウイルス性肝炎として最も頻度が高いの はどれか。1つ選べ。	"[""Ａ型肝炎"",""Ｂ型肝炎"",""Ｃ型肝炎"",""Ｄ型肝炎"",""Ｅ型肝炎""]"	singleChoice	2	null	normal	false	parsed	"[""none""]"		https://www.mhlw.go.jp/content/001226759.pdf	https://www.mhlw.go.jp/content/001228441.pdf	2024-02-18	MHLW website content under Public Data License 1.0 unless separately indicated; third-party content requires separate review
P109-068	109	68	必須	病態・薬物治療	組換え体医薬品の生産プロセスに関する記述について、 に入る適切な語 句はどれか。1つ選べ。 「目的遺伝子を挿入した発現ベクターを細胞に導入し、産生された を精製 して、組換え体医薬品とする。」	"[""DNA"",""RNA"",""ゲノム"",""タンパク質"",""脂質""]"	singleChoice	3	null	normal	false	parsed	"[""none""]"		https://www.mhlw.go.jp/content/001226759.pdf	https://www.mhlw.go.jp/content/001228441.pdf	2024-02-18	MHLW website content under Public Data License 1.0 unless separately indicated; third-party content requires separate review
P109-069	109	69	必須	病態・薬物治療	下図の 1 ～ 5 は、既存薬Ｘを対照とした新薬Ｙの非劣性を検討した ₅ つの臨床 試験の結果について、両群の差の ₉₅％信頼区間を示したものである。あらかじめ 設定された非劣性マージンが -D のとき、両側 ₅ ％水準で非劣性が結論づけられ るのはどれか。1つ選べ。 -D ₀ 既存薬Ｘが優る 新薬Ｙが優る	[]	singleChoice	3	null	normal	true	no_choice_sequence	"[""none""]"		https://www.mhlw.go.jp/content/001226759.pdf	https://www.mhlw.go.jp/content/001228441.pdf	2024-02-18	MHLW website content under Public Data License 1.0 unless separately indicated; third-party content requires separate review
P109-070	109	70	必須	病態・薬物治療	コンパニオン診断（医薬品の適応判定を目的とした体外診断）のうち、生殖細 胞系列遺伝子に対する検査項目はどれか。1つ選べ。	"[""ALK 融合遺伝子"",""BRAF 遺伝子変異"",""BRCA1/2 遺伝子変異"",""EGFR 遺伝子変異"",""KRAS 遺伝子変異 必須問題 【法規・制度・倫理】""]"	singleChoice	2	null	normal	false	parsed	"[""none""]"		https://www.mhlw.go.jp/content/001226759.pdf	https://www.mhlw.go.jp/content/001228441.pdf	2024-02-18	MHLW website content under Public Data License 1.0 unless separately indicated; third-party content requires separate review
P109-071	109	71	必須	法規・制度・倫理	次のうち、医療における患者の QOL を考えるときに最も重要視すべきなのはど れか。1つ選べ。	"[""患者の人間としての尊厳"",""家族の意思"",""費用対効果"",""医療者の経済的利益"",""医学の進歩""]"	singleChoice	0	null	normal	false	parsed	"[""none""]"		https://www.mhlw.go.jp/content/001226759.pdf	https://www.mhlw.go.jp/content/001228441.pdf	2024-02-18	MHLW website content under Public Data License 1.0 unless separately indicated; third-party content requires separate review
P109-072	109	72	必須	法規・制度・倫理	要配慮個人情報とは、特定の記述等を含む個人情報である。その特定の記述等 に該当するのはどれか。1つ選べ。	"[""生年月日"",""病歴"",""住所"",""学歴"",""電話番号""]"	singleChoice	1	null	normal	false	parsed	"[""none""]"		https://www.mhlw.go.jp/content/001226759.pdf	https://www.mhlw.go.jp/content/001228441.pdf	2024-02-18	MHLW website content under Public Data License 1.0 unless separately indicated; third-party content requires separate review
P109-073	109	73	必須	法規・制度・倫理	薬剤師法において規定されている事項はどれか。1つ選べ。	"[""薬局の開設の許可"",""管理薬剤師の責務"",""一般用医薬品の取扱い"",""処方箋中の疑義の照会"",""守秘義務""]"	singleChoice	3	null	normal	false	parsed	"[""none""]"		https://www.mhlw.go.jp/content/001226759.pdf	https://www.mhlw.go.jp/content/001228441.pdf	2024-02-18	MHLW website content under Public Data License 1.0 unless separately indicated; third-party content requires separate review
P109-074	109	74	必須	法規・制度・倫理	新有効成分含有医薬品等の市販直後調査の実施は、どの時点から ₆ ケ月と規定 されているか。1つ選べ。	"[""承認申請した時"",""承認を受けた時"",""販売を開始した時"",""薬価収載された時"",""医薬品リスク管理計画を策定した時""]"	singleChoice	2	null	normal	false	parsed	"[""none""]"		https://www.mhlw.go.jp/content/001226759.pdf	https://www.mhlw.go.jp/content/001228441.pdf	2024-02-18	MHLW website content under Public Data License 1.0 unless separately indicated; third-party content requires separate review
P109-075	109	75	必須	法規・制度・倫理	医薬品医療機器等法第 ₄₁ 条第 ₁ 項において、日本薬局方を定め公示する目的を 規定している条文の に当てはまるのはどれか。1つ選べ。 「厚生労働大臣は、 を図るため、薬事・食品衛生審議会の意見を聴いて、 日本薬局方を定め、これを公示する。」	"[""医薬品の性状及び品質の適正"",""医薬品の安定供給の確保"",""医薬品の有効性及び安全性の確保"",""医療の安全確保"",""良質かつ適切な医療の確保""]"	singleChoice	0	null	normal	false	parsed	"[""none""]"		https://www.mhlw.go.jp/content/001226759.pdf	https://www.mhlw.go.jp/content/001228441.pdf	2024-02-18	MHLW website content under Public Data License 1.0 unless separately indicated; third-party content requires separate review
P109-076	109	76	必須	法規・制度・倫理	次の文章の に当てはまるのはどれか。1つ選べ。 他の医療提供施設と連携し、地域における医薬品の適正使用の推進、情報提供や 指導を行うなどの機能を有する薬局として、都道府県知事の認定を受けて称するこ とができる名称は、「 連携薬局」である。	"[""医療"",""地域"",""多職種"",""医療機関"",""医療介護""]"	singleChoice	1	null	normal	false	parsed	"[""none""]"		https://www.mhlw.go.jp/content/001226759.pdf	https://www.mhlw.go.jp/content/001228441.pdf	2024-02-18	MHLW website content under Public Data License 1.0 unless separately indicated; third-party content requires separate review
P109-077	109	77	必須	法規・制度・倫理	大麻取締法で規定される「大麻」に該当しない大麻草（カンナビス・サティ バ・エル）の部位はどれか。1つ選べ。	"[""花穂"",""未熟な茎"",""葉"",""種子"",""根""]"	singleChoice	3	null	normal	false	parsed	"[""none""]"		https://www.mhlw.go.jp/content/001226759.pdf	https://www.mhlw.go.jp/content/001228441.pdf	2024-02-18	MHLW website content under Public Data License 1.0 unless separately indicated; third-party content requires separate review
P109-078	109	78	必須	法規・制度・倫理	医療法において、医療提供施設として明記されているのはどれか。1つ選べ。	"[""調剤を実施する薬局"",""医薬品店舗販売業の許可を有する店舗"",""医療を受ける者の居宅"",""医療安全支援センター"",""医療事故調査・支援センター""]"	singleChoice	0	null	normal	false	parsed	"[""none""]"		https://www.mhlw.go.jp/content/001226759.pdf	https://www.mhlw.go.jp/content/001228441.pdf	2024-02-18	MHLW website content under Public Data License 1.0 unless separately indicated; third-party content requires separate review
P109-079	109	79	必須	法規・制度・倫理	介護保険の保険者に該当するのはどれか。1つ選べ。	"[""国民健康保険組合"",""健康保険組合"",""地方厚生局"",""都道府県"",""市町村及び特別区""]"	singleChoice	4	null	normal	false	parsed	"[""none""]"		https://www.mhlw.go.jp/content/001226759.pdf	https://www.mhlw.go.jp/content/001228441.pdf	2024-02-18	MHLW website content under Public Data License 1.0 unless separately indicated; third-party content requires separate review
P109-080	109	80	必須	法規・制度・倫理	エリザベス・キューブラー = ロスによって提唱された死にゆく人の心理過程で 第 ₂ 段階はどれか。1つ選べ。	"[""受容"",""取り引き"",""怒り"",""否認と孤立"",""抑うつ 必須問題 【実務】""]"	singleChoice	2	null	normal	false	parsed	"[""none""]"		https://www.mhlw.go.jp/content/001226759.pdf	https://www.mhlw.go.jp/content/001228441.pdf	2024-02-18	MHLW website content under Public Data License 1.0 unless separately indicated; third-party content requires separate review
P109-081	109	81	必須	実務	一般用医薬品の薬効分類と成分の組合せで正しいのはどれか。1つ選べ。 成分 薬効分類	"[""クロタミトン 鎮痒薬"",""クロルフェニラミンマレイン酸塩 催眠鎮静薬"",""ペミロラストカリウム 鼻炎用点鼻薬"",""テルビナフィン塩酸塩 アレルギー用点眼薬"",""ビサコジル 含嗽薬""]"	singleChoice	0	null	normal	false	parsed	"[""none""]"		https://www.mhlw.go.jp/content/001226759.pdf	https://www.mhlw.go.jp/content/001228441.pdf	2024-02-18	MHLW website content under Public Data License 1.0 unless separately indicated; third-party content requires separate review
P109-082	109	82	必須	実務	入院患者のバンコマイシンによる MRSA 感染症治療プロセスのうち、薬剤師が 主に担当する役割はどれか。1つ選べ。	"[""バンコマイシンを用いた治療の決定 ↓"",""バンコマイシン注射液静脈内投与後の経時的採血 ↓"",""皮膚症状発現時の処置 ↓"",""血中 CRP 及び血中バンコマイシン濃度の測定 ↓"",""測定結果に基づくバンコマイシン投与設計の提案""]"	singleChoice	4	null	normal	false	parsed	"[""none""]"		https://www.mhlw.go.jp/content/001226759.pdf	https://www.mhlw.go.jp/content/001228441.pdf	2024-02-18	MHLW website content under Public Data License 1.0 unless separately indicated; third-party content requires separate review
P109-083	109	83	必須	実務	アフタ性口内炎に用いられる一般用医薬品に含まれる有効成分はどれか。1つ 選べ。	"[""フルオシノロンアセトニド"",""トリアムシノロンアセトニド"",""ベタメタゾン吉草酸エステル"",""デキサメタゾン酢酸エステル"",""ヒドロコルチゾン""]"	singleChoice	1	null	normal	false	parsed	"[""none""]"		https://www.mhlw.go.jp/content/001226759.pdf	https://www.mhlw.go.jp/content/001228441.pdf	2024-02-18	MHLW website content under Public Data License 1.0 unless separately indicated; third-party content requires separate review
P109-084	109	84	必須	実務	健康サポート薬局の届出要件の一つとして、適切なのはどれか。1つ選べ。	"[""個人情報に配慮した相談窓口の設置"",""休日を除く ₂₄ 時間の開局"",""薬局内での無菌調剤"",""予防接種のためのワクチン調製"",""専門薬剤師による抗がん剤の選択支援""]"	singleChoice	0	null	normal	false	parsed	"[""none""]"		https://www.mhlw.go.jp/content/001226759.pdf	https://www.mhlw.go.jp/content/001228441.pdf	2024-02-18	MHLW website content under Public Data License 1.0 unless separately indicated; third-party content requires separate review
P109-085	109	85	必須	実務	生後 ₃ ケ月の乳児に対する薬の使い方として適切なのはどれか。1つ選べ。	"[""散剤を熱湯で溶かしてから飲ませる。"",""散剤をハチミツに混ぜて飲ませる。"",""散剤に数滴の水を加えてペースト状にし、頬の内側か上あごに塗りつけ、すぐ に水を飲ませる。"",""散剤とシロップ剤が一緒に出ている時は、翌日分をあらかじめ混ぜて作り置き しておく。"",""坐剤は冷凍庫に保管し、冷えた状態で使用する。""]"	singleChoice	2	null	normal	false	parsed	"[""none""]"		https://www.mhlw.go.jp/content/001226759.pdf	https://www.mhlw.go.jp/content/001228441.pdf	2024-02-18	MHLW website content under Public Data License 1.0 unless separately indicated; third-party content requires separate review
P109-086	109	86	必須	実務	漢方薬と代表的な副作用の組合せとして正しいのはどれか。1つ選べ。 漢方薬 代表的な副作用	"[""半夏瀉心湯 口内炎"",""芍薬甘草湯 高カリウム血症"",""半夏厚朴湯 下痢"",""小柴胡湯 間質性肺炎"",""黄連解毒湯 腎機能障害""]"	singleChoice	3	null	normal	false	parsed	"[""none""]"		https://www.mhlw.go.jp/content/001226759.pdf	https://www.mhlw.go.jp/content/001228441.pdf	2024-02-18	MHLW website content under Public Data License 1.0 unless separately indicated; third-party content requires separate review
P109-087	109	87	必須	実務	ペニシラミンを解毒薬として使う中毒の原因物質はどれか。1つ選べ。	"[""アセトアミノフェン"",""鉛"",""テトロドトキシン"",""サリン"",""メタノール""]"	singleChoice	1	null	normal	false	parsed	"[""none""]"		https://www.mhlw.go.jp/content/001226759.pdf	https://www.mhlw.go.jp/content/001228441.pdf	2024-02-18	MHLW website content under Public Data License 1.0 unless separately indicated; third-party content requires separate review
P109-088	109	88	必須	実務	ノロウイルスで汚染された病室の床を消毒するのに最も適するのはどれか。 1つ選べ。	"[""クロルヘキシジングルコン酸塩"",""グルタラール"",""次亜塩素酸ナトリウム"",""ポビドンヨード"",""ベンザルコニウム塩化物""]"	singleChoice	2	null	normal	false	parsed	"[""none""]"		https://www.mhlw.go.jp/content/001226759.pdf	https://www.mhlw.go.jp/content/001228441.pdf	2024-02-18	MHLW website content under Public Data License 1.0 unless separately indicated; third-party content requires separate review
P109-089	109	89	必須	実務	チーム医療を実践する上で、最も必要なのはどれか。1つ選べ。	"[""国家資格を有する職種のみで構成する。"",""医師の意見を最優先する。"",""各職種の専門用語を使用する。"",""職種ごとにクリニカルパスを作成する。"",""職種間で医療情報を共有して意思決定する。""]"	singleChoice	4	null	normal	false	parsed	"[""none""]"		https://www.mhlw.go.jp/content/001226759.pdf	https://www.mhlw.go.jp/content/001228441.pdf	2024-02-18	MHLW website content under Public Data License 1.0 unless separately indicated; third-party content requires separate review
P109-090	109	90	必須	実務	麻薬及び向精神薬取締法に基づき、入院患者の麻薬処方箋に記載しなければな らない必須事項はどれか。1つ選べ。	"[""患者の住所"",""処方箋の使用期間"",""麻薬施用者の免許証の番号"",""麻薬業務所の名称"",""麻薬業務所の所在地""]"	singleChoice	2	null	normal	false	parsed	"[""none""]"		https://www.mhlw.go.jp/content/001226759.pdf	https://www.mhlw.go.jp/content/001228441.pdf	2024-02-18	MHLW website content under Public Data License 1.0 unless separately indicated; third-party content requires separate review
P109-091	109	91	理論	物理	分子間相互作用に関する記述のうち、正しいのはどれか。2つ選べ。	"[""クーロン力は電荷間距離の ₂ 乗に反比例する。"",""分散力は分子間にはたらく反発力である。"",""水中における界面活性剤のミセル形成はイオン結合による。"",""疎水性相互作用は水溶液中のタンパク質の高次構造の形成及び安定化に寄与し ている。"",""核酸塩基対は配位結合により形成される。""]"	multiChoice	[0,3]	null	normal	false	parsed	"[""none""]"		https://www.mhlw.go.jp/content/001226760.pdf	https://www.mhlw.go.jp/content/001228441.pdf	2024-02-18	MHLW website content under Public Data License 1.0 unless separately indicated; third-party content requires separate review
P109-092	109	92	理論	物理	状態関数に関する記述のうち、正しいのはどれか。2つ選べ。	"[""状態関数の変化量は系の変化の経路に依存する。"",""示量性状態関数においては加成性が成立する。"",""示強性状態関数は物質量に依存する。"",""体積は示量性状態関数である。"",""エントロピーは示強性状態関数である。""]"	multiChoice	[1,3]	null	normal	false	parsed	"[""none""]"		https://www.mhlw.go.jp/content/001226760.pdf	https://www.mhlw.go.jp/content/001228441.pdf	2024-02-18	MHLW website content under Public Data License 1.0 unless separately indicated; third-party content requires separate review
P109-093	109	93	理論	物理	次の記述は、日本薬局方メフェナム酸の純度試験中の類縁物質に関するもので ある。 本品 ₀ . ₁₀ g をクロロホルム／メタノール混液（ ₃：₁ ） ₅ mL に溶かし、試料溶 液とする。この液 ₁ mL を正確に量り、クロロホルム／メタノール混液（ ₃：₁ ） を加えて正確に ₂₀₀ mL とする。この液 ₁₀ mL を正確に量り、クロロホルム／メタ ノール混液（ ₃：₁ ）を加えて正確に ₅₀ mL とし、標準溶液とする。これらの液に つき、薄層クロマトグラフィー（薄層板に蛍光剤を含む）により試験を行う。試料 溶液及び標準溶液 ₂₅ nL ずつを薄層板にスポットし、展開後風乾した薄層板に紫外 線（主波長 ₂₅₄ nm）を照射するとき、試料溶液から得た主スポット以外のスポッ トは、標準溶液から得たスポットより濃くない。 類縁物質の混入が許容される限度値はどれか。1つ選べ。	"[""₀ . ₁％"",""₀ . ₂％"",""₁ . ₀％"",""₂ . ₀％"",""₂ . ₅％""]"	singleChoice	0	null	normal	true	parsed	"[""none""]"		https://www.mhlw.go.jp/content/001226760.pdf	https://www.mhlw.go.jp/content/001228441.pdf	2024-02-18	MHLW website content under Public Data License 1.0 unless separately indicated; third-party content requires separate review
P109-094	109	94	理論	物理	ある ₂ 価の金属イオン M の ₀ . ₀₁ mol/L 水溶液の pH を上げていくと難溶性塩 2+ M（OH）2 が沈殿する。この沈殿が生成し始める pH に最も近い値はどれか。1つ選 べ。 ただし、M（OH） 2 の溶解度積 Ksp = ₂ . ₀ # ₁₀ （mol/L）、水のイオン積 Kw = -20 3 ［H ］ ［OH ］= ₁ . ₀ # ₁₀ （mol/L）、log ₂ = ₀ . ₃₀ とし、ヒドロキソ錯体の生成な + - -14 2 どの副反応は起こらず、水溶液の温度と体積は変化しないものとする。	"[""₃"",""₅"",""₇"",""₉"",""₁₁""]"	singleChoice	1	null	normal	false	parsed	"[""none""]"		https://www.mhlw.go.jp/content/001226760.pdf	https://www.mhlw.go.jp/content/001228441.pdf	2024-02-18	MHLW website content under Public Data License 1.0 unless separately indicated; third-party content requires separate review
P109-095	109	95	理論	物理	図はある蛍光物質の励起スペクトルと蛍光スペクトルである。 励起スペクトル 蛍光スペクトル 相対蛍光強度 （励起波長 m1） （蛍光波長 m2） m1 m2 波長 この励起スペクトルの極大波長（励起波長）が m1、蛍光スペクトルの極大波長 （蛍光波長）が m2 であるとすると、この蛍光物質の励起波長の光のエネルギーと 蛍光波長の光のエネルギーとの間のエネルギー差を求める式はどれか。1つ選べ。 ただし、プランク定数は h、光速度は c とする。 hc（m2 - m1） m1 m2 h（m2 - m1） cm1 m2 c m2 - m1） （ hm1 m2 m1 m2 hc（m2 - m1） cm1 m2 h（m2 - m1）	[]	singleChoice	0	null	normal	true	no_choice_sequence	"[""none""]"		https://www.mhlw.go.jp/content/001226760.pdf	https://www.mhlw.go.jp/content/001228441.pdf	2024-02-18	MHLW website content under Public Data License 1.0 unless separately indicated; third-party content requires separate review
P109-096	109	96	理論	物理	熱容量に関する記述のうち、正しいのはどれか。2つ選べ。 ただし、V は体積、p は圧力、T は絶対温度、H はエンタルピー、R は気体定 数、CV は定容熱容量、CV，m は定容モル熱容量、Cp，m は定圧モル熱容量である。	"[""モル熱容量は ₁ mol の物質の温度を ₁ K 上昇させるのに必要な熱である。"",""熱容量の単位は J・K である。 dH"",""CV は、CV = により求められる。 dT"",""理想気体では、CV，m 1 Cp，m である。 ₁"",""理想気体の CV，m は、 R である。 ₂""]"	multiChoice	[0,3]	null	normal	false	parsed	"[""none""]"		https://www.mhlw.go.jp/content/001226760.pdf	https://www.mhlw.go.jp/content/001228441.pdf	2024-02-18	MHLW website content under Public Data License 1.0 unless separately indicated; third-party content requires separate review
P109-097	109	97	理論	物理	確認試験と検出される医薬品の組合せのうち、正しいのはどれか。2つ選べ。 確認試験 医薬品	"[""塩化鉄（Ⅲ）との反応による呈色 H CH3 CO2H H3CO"",""フェーリング試薬との反応による呈色 CO2H H NH2 HO OH"",""₂ , ₄︲ジニトロフェニルヒドラジンとの反応による H3C CH3 CH3 呈色 O H"",""ニンヒドリンとの反応による呈色 HO H O H H OH H OH OH H OH"",""亜硝酸ナトリウムでジアゾ化後、N ︲（₁︲ナフチ O ル）︲Nʼ︲ジエチルエチレンジアミンとの反応によ O CH3 る呈色 H2N""]"	multiChoice	[2,4]	null	normal	false	parsed	"[""none""]"		https://www.mhlw.go.jp/content/001226760.pdf	https://www.mhlw.go.jp/content/001228441.pdf	2024-02-18	MHLW website content under Public Data License 1.0 unless separately indicated; third-party content requires separate review
P109-098	109	98	理論	物理	日本薬局方ヨードチンキの定量に関する記述のうち、正しいのはどれか。2つ 選べ。 （1） ヨウ素 本品 ₅ mL を正確に量り、ア ヨウ化カリウム ₀ . ₅ g、水 ₂₀ mL 及び 希塩酸 ₁ mL を加え、₀ . ₁ mol/L チオ硫酸ナトリウム液で滴定する（指示薬： イデンプン試液 ₂ mL）。 ₀ . ₁ mol/L チオ硫酸ナトリウム液 ₁ mL = ₁₂ . ₆₉ mg I （2） ヨウ化カリウム 本品 ₅ mL を正確に量り、ヨウ素瓶に入れ、水 ₂₀ mL、塩 酸 ₅₀ mL 及びクロロホルム ₅ mL を加えて室温に冷却し、ウクロロホルム層の 赤紫色が消えるまで激しく振り混ぜながら、₀ . ₀₅ mol/L ヨウ素酸カリウム液 で滴定する。クロロホルム層の色が消えた後、 ₅ 分間放置して再び着色すると きは更に滴定を続ける。 ここに得た ₀ . ₀₅ mol/L ヨウ素酸カリウム液の消費量 a mL と（１）の滴定 に要した ₀ . ₁ mol/L チオ硫酸ナトリウム液の消費量エb mL から次の式によっ てヨウ化カリウム（KI）の量（mg）を求める。 ヨウ化カリウム（KI）の量（mg）= ₁₆ . ₆₀ # オ	"[""下線部アの物質を加えるのは、ヨウ素とチオ硫酸ナトリウムの反応を促進させ るためである。"",""下線部イの溶液は滴定直前に被滴定液に添加する。"",""下線部ウはヨウ素の色である。"",""本品 ₅ mL を量り、上記に従い、₀ . ₁ mol/L チオ硫酸ナトリウム液（ファク ター ₁ . ₀₀₀）で滴定したとき、下線部エが ₂₃ . ₆₀ mL とすると、ヨウ素（I）の含 量は ₆ . ₀ w/v％である。"",""空欄 オ に入れるべき式は（a - b）である。ただし、（2）の反応は次 のとおりである。 ₂I2 + KIO3 + ₆HCl ₅ICl + KCl + ₃H2O ₂KI + KIO3 + ₆HCl ₃ICl + ₃KCl + ₃H2O""]"	multiChoice	[2,3]	null	normal	false	parsed	"[""none""]"		https://www.mhlw.go.jp/content/001226760.pdf	https://www.mhlw.go.jp/content/001228441.pdf	2024-02-18	MHLW website content under Public Data License 1.0 unless separately indicated; third-party content requires separate review
P109-099	109	99	理論	物理	光の性質に関する記述のうち、正しいのはどれか。2つ選べ。	"[""光が臨界角より小さい入射角で入射すると、すべての光は境界面で全反射す る。"",""ある媒質から真空中に入射する光の屈折率を絶対屈折率という。"",""自然光を偏光板に通すと、特定の方向に振動面をもつ楕円偏光を取り出せる。"",""光が物質に当たったときに四方八方へ進行方向が散らばる現象を散乱という。"",""₂ つの光は位相が一致すると干渉して強め合う。""]"	multiChoice	[3,4]	null	normal	false	parsed	"[""none""]"		https://www.mhlw.go.jp/content/001226760.pdf	https://www.mhlw.go.jp/content/001228441.pdf	2024-02-18	MHLW website content under Public Data License 1.0 unless separately indicated; third-party content requires separate review
P109-100	109	100	理論	物理	ガスクロマトグラフィーに関する記述のうち、正しいのはどれか。2つ選べ。	"[""電子捕獲検出器は、主に C︲H 結合を有する有機化合物の検出に用いられる。"",""定量には内標準法が用いられるが、絶対検量線法は用いられない。"",""難揮発性物質の誘導体化の ₁ つにトリメチルシリル化がある。"",""カラム恒温槽の温度をある温度から一定速度で上昇させると、上昇させない場 合と比較して分離時間が長くなる。"",""電子イオン化及び化学イオン化はガスクロマトグラフィー／質量分析法のイオ ン化法に用いられる。""]"	multiChoice	[2,4]	null	normal	true	parsed	"[""none""]"		https://www.mhlw.go.jp/content/001226760.pdf	https://www.mhlw.go.jp/content/001228441.pdf	2024-02-18	MHLW website content under Public Data License 1.0 unless separately indicated; third-party content requires separate review
P109-101	109	101	理論	化学	以下のアンモニウムイオンのうち、pKa 値が最小なのはどれか。1つ選べ。 H H H H H H H H H H H H H H H N＋ N＋ N＋ N＋ N＋ Cl OCH3 CH3 NO2 1 2 3 4 5	[]	singleChoice	4	null	normal	true	no_choice_sequence	"[""none""]"		https://www.mhlw.go.jp/content/001226760.pdf	https://www.mhlw.go.jp/content/001228441.pdf	2024-02-18	MHLW website content under Public Data License 1.0 unless separately indicated; third-party content requires separate review
P109-102	109	102	理論	化学	エタノール中、ナトリウムエトキシドによる（S ）︲₂︲ブロモペンタンの E₂ 反 応では、 ₃ つのアルケンＡ～Ｃが生成する。以下の記述のうち、正しいのはどれ か。2つ選べ。なお、Newman 投影式Ⅰ～Ⅲは（S ） ︲₂︲ブロモペンタンの配座異性 体を表している。 H Br NaOCH2CH3 H3C CH3 CH3CH2OH H CH3 H H H ＋ ＋ CH2 H3C H H3C CH3 H3C Ａ Ｂ Ｃ CH2CH3 H H Br H Br H Br H H H H CH2CH3 CH3CH2 H CH3 CH3 CH3 Ⅰ Ⅱ Ⅲ	"[""カルボカチオン中間体を経由する反応である。"",""ＡとＢをあわせた収率は、Ｃの収率より大きい。"",""臭素原子を塩素原子に置換した出発物質を用いると、脱離反応が遅くなる。"",""ナトリウムエトキシドの濃度を変えても、反応速度は変化しない。"",""配座異性体Ⅰ～Ⅲのうち、ⅢからＡが生成する。""]"	multiChoice	[1,2]	null	normal	false	parsed	"[""none""]"		https://www.mhlw.go.jp/content/001226760.pdf	https://www.mhlw.go.jp/content/001228441.pdf	2024-02-18	MHLW website content under Public Data License 1.0 unless separately indicated; third-party content requires separate review
P109-103	109	103	理論	化学	電子移動を示す矢印で記した機構が主となって、実際に進行し、生成物が得ら れる反応はどれか。1つ選べ。 Br H H- H3C H Br H Br H 1 ＋ H3C H3C H H3C H H3C H H3C H H H Cl Cl Cl - C ＋ Cl Cl Cl H H CH3 3 CH3 H B H B H H H H - Br Br 4 Br ＋ Br Br Br Cl O Cl O OH O O 5 H3C H H3C H H CH3 O O H Cl H CH3 H3C H H CH3 O OH	[]	singleChoice	3	null	normal	true	no_choice_sequence	"[""none""]"		https://www.mhlw.go.jp/content/001226760.pdf	https://www.mhlw.go.jp/content/001228441.pdf	2024-02-18	MHLW website content under Public Data License 1.0 unless separately indicated; third-party content requires separate review
P109-104	109	104	理論	化学	ビタミン B 1 欠乏症の予防及び治療に用いられるフルスルチアミンは、ビタミ ン B 1（チアミン）の消化管吸収効率を改善したプロドラッグであり、体内でジス ルフィド結合が還元された後、閉環してビタミン B 1 となる。ビタミン B 1 の構造 として、正しいのはどれか。1つ選べ。 H H3C N NH2 O H N S 還元 ビタミン B1 S + HS O OHC N OH （体内） （チアミン） 及び鏡像異性体 CH3 及び鏡像異性体 フルスルチアミン H3C N NH2 H3C N NH2 H3C N NH2 N N N ＋ ＋ N CH3 N CH3 N CH3 O HS HO S OH O OH S OH 1 2 3 H3C N NH2 H3C N NH2 N N ＋ ＋ N CH3 N CH3 O OH S OH 4 5	[]	singleChoice	4	null	normal	true	no_choice_sequence	"[""none""]"		https://www.mhlw.go.jp/content/001226760.pdf	https://www.mhlw.go.jp/content/001228441.pdf	2024-02-18	MHLW website content under Public Data License 1.0 unless separately indicated; third-party content requires separate review
P109-105	109	105	理論	化学	非ステロイド性抗炎症薬Ａ～Ｅに関する記述のうち、正しいのはどれか。2つ 選べ。 CO2H O O CH3 O S CH3 NH N CO2H H CH3 N S OH O N CH3 Ａ Ｂ Ｃ CH3 S O OH CO2H Cl N N H3C N S O O F Ｄ Ｅ	"[""Ａ以外は不斉中心をもたない。"",""Ｂはフェニル酢酸系の抗炎症薬である。"",""Ｃには環状スルホンアミド構造がある。"",""Ｄ以外は酸性官能基をもつ。"",""Ｅにはインドール骨格がある。""]"	multiChoice	[2,3]	null	normal	false	parsed	"[""none""]"		https://www.mhlw.go.jp/content/001226760.pdf	https://www.mhlw.go.jp/content/001228441.pdf	2024-02-18	MHLW website content under Public Data License 1.0 unless separately indicated; third-party content requires separate review
P109-106	109	106	理論	化学	下図に示したように、乳酸脱水素酵素（乳酸デヒドロゲナーゼ）はピルビン酸 から L︲乳酸への変換を触媒する。この酵素の活性中心に関する記述のうち、正し いのはどれか。2つ選べ。 O H OH NADH，H＋ OH OH H3C H3C 乳酸脱水素酵素 O O ピルビン酸 L︲乳酸 HN H アミノ酸残基 168 番 O O - O Arg 109 H NH N H ＋ His 195 H2N ＋ N N H H O O H3C H H - N O H H ＋ H H2NOC N N Arg 171 H H NADH N R 乳酸脱水素酵素の活性中心（模式図）	"[""₁₀₉ 番の Arg はピルビン酸のカルボニル炭素の求電子性を高めている。"",""₁₆₈ 番のアミノ酸残基はアスパラギンである。"",""₁₇₁ 番の Arg とピルビン酸との主たる相互作用は、分散力によるものである。"",""₁₉₅ 番の His はピルビン酸に対してブレンステッド酸としてはたらく。"",""NADH はピルビン酸に対してプロトン供与体としてはたらく。""]"	multiChoice	[0,3]	null	normal	true	parsed	"[""none""]"		https://www.mhlw.go.jp/content/001226760.pdf	https://www.mhlw.go.jp/content/001228441.pdf	2024-02-18	MHLW website content under Public Data License 1.0 unless separately indicated; third-party content requires separate review
P109-107	109	107	理論	化学	下図は、ある化合物の H︲NMR スペクトル〔₄₀₀ MHz、CDCl3、基準物質はテ トラメチルシラン（TMS）〕を示したものである。この化合物の構造式として正し いのはどれか。1つ選べ。なお、×印のシグナルは CDCl3 溶媒中に含まれる CHCl3 のプロトンに由来するシグナルであり、エのピークは重水（D2O）を添加するとほ ぼ消失した。 アの拡大図 キの拡大図 カの拡大図 オの拡大図 ウ、イの拡大図 ア ₆H ₇.₉ ₇.₈ ₆.₇ ₆.₆ ₄.₄ ₄.₃ ₂.₉ ₂.₈ ₂.₇ ₂.₆ TMS × イ ₁.₁ ₁.₀ ₄H オ ウ カ ₂H ₂H H2O キ ₂H ₂H エ ₂H ppm ₈.₀ ₇.₀ ₆.₀ ₅.₀ ₄.₀ ₃.₀ ₂.₀ ₁.₀ ₀ O O CH3 O O CH3 O CH3 N CH3 O O H3C N H2N NH2 NH2 1 2 3 CH3 CH3 O O N CH3 N CH3 O O HO H2N 4 5	[]	singleChoice	4	null	normal	true	no_choice_sequence	"[""none""]"		https://www.mhlw.go.jp/content/001226760.pdf	https://www.mhlw.go.jp/content/001228441.pdf	2024-02-18	MHLW website content under Public Data License 1.0 unless separately indicated; third-party content requires separate review
P109-108	109	108	理論	化学	微生物由来の化合物Ａ～Ｄに関する記述のうち、正しいのはどれか。2つ選 べ。 Ａ OH Ｂ O H H3C H H H CH3 H3C HO CH3 O H H CH3 H3C HO OH CH3 CH3 O CH2 OO H OH O H H O H H H H CH3 CH N CH3 H H O H 3 H O H O N O H CH3 CH3 H OH HO H CH3 O OH H CH3 O O CH3 O H H H H O CH3 H3C O CH3 CH3 H H CH3 Ｃ OH O OH OH O O NH2 OH H H HO CH3 H N CH3 H3C Ｄ HO H O O H OH H HO H H H O H O CH3 CH3 HO H NH2 O O H H HO OH Cl Cl H3C CH3 H O H H O H H O O H N N N N N CO2H H H O H H HN O H NH H NH2 CH3 O OH HO OH	"[""Ａは抗菌薬として利用されている。"",""Ｂのアグリコンは酢酸︲マロン酸経路により生合成される。"",""Ｃはカルシウムイオンと難溶性のキレートを形成する。"",""Ｄはマクロライド系化合物と呼ばれる。"",""Ａ～Ｄは、真菌から単離された化合物である。""]"	multiChoice	[1,2]	null	normal	false	parsed	"[""none""]"		https://www.mhlw.go.jp/content/001226760.pdf	https://www.mhlw.go.jp/content/001228441.pdf	2024-02-18	MHLW website content under Public Data License 1.0 unless separately indicated; third-party content requires separate review
P109-109	109	109	理論	化学	₂₈ 歳女性。日頃からストレスによる疲労感やイライラを強く感じていて、最近 になって胃痛や嘔吐、食欲不振に悩まされるようになった。今回、一般用医薬品を 希望して来局したため、症状から六君子湯（ハンゲ、チンピ、ニンジン、ビャク ジュツ又はソウジュツ、ショウキョウ、カンゾウ、タイソウ、ブクリョウから構成 される）を薦めた。 これらの症状に対して六君子湯が有効と考えた主たる根拠として誤っているのは どれか。1つ選べ。	"[""ハンゲには嘔吐を改善するはたらきがある。"",""チンピには胃の調子を改善するはたらきがある。"",""ニンジンには疲労感を改善するはたらきがある。"",""ビャクジュツ又はソウジュツにはイライラを改善するはたらきがある。"",""ショウキョウには食欲不振を改善するはたらきがある。""]"	singleChoice	3	null	normal	false	parsed	"[""none""]"		https://www.mhlw.go.jp/content/001226760.pdf	https://www.mhlw.go.jp/content/001228441.pdf	2024-02-18	MHLW website content under Public Data License 1.0 unless separately indicated; third-party content requires separate review
P109-110	109	110	理論	化学	−111 解糖系では、下の図 ₁ のように、D︲グルコースが D︲フルクトース ₁ , ₆︲ビ スリン酸へと変換されたのちに、 ₂ 分子のピルビン酸へと分解される。 図₁ CHO CH2OPO32- H OH O O HO H HO H #₂ H OH H OH H3C CO2H H OH H OH ピルビン酸 CH2OH CH2OPO32- D︲グルコース D︲フルクトース ₁ , ₆︲ビスリン酸 また、図 ₂ のように、D︲フルクトース ₁ , ₆︲ビスリン酸は、アルドラーゼによっ て、代謝物ＡとＢへ変換される。この反応はアルドール反応の逆反応である。 図₂ CH2OPO32- O HO H アルドラーゼ H OH 代謝物Ａ + OPO32- H OH （逆アルドール反応） OHC H OH 代謝物Ｂ CH2OPO32- D︲フルクトース ₁ , ₆︲ビスリン酸 さらに、図 ₃ のように、代謝物ＡとＢは細胞質中で酵素的に相互変換可能であ り、代謝物Ｂはさらに代謝物Ｃを経て、ピルビン酸まで変換される。 図₃ NAD+ NADH + リン酸 + H+ H OH H OH 代謝物Ａ OPO32- 2- O3PO OPO32- OHC 代謝物Ｂ O 代謝物Ｃ O H3C CO2H ピルビン酸 問 110 代謝物Ａの構造として正しいのはどれか。1つ選べ。 1 2 3 H OH O H OH OPO32- HO OPO32- HO OPO32- OHC O 4 5 H OH O OPO3 OPO32- OHC OHC	[]	singleChoice	1	null	normal	true	no_choice_sequence	"[""none""]"		https://www.mhlw.go.jp/content/001226760.pdf	https://www.mhlw.go.jp/content/001228441.pdf	2024-02-18	MHLW website content under Public Data License 1.0 unless separately indicated; third-party content requires separate review
P109-111	109	111	理論	生物	解糖系に関する記述のうち、正しいのはどれか。2つ選べ。	"[""アルドラーゼにより六炭糖が三炭糖に開裂する反応（図 ₂ ）は、加リン酸分解 である。"",""D︲グルコースから代謝物Ａを生じるまでの過程で ATP を産生する。"",""図 ₃ のうち、代謝物Ｂから代謝物Ｃを生じる反応は、基質レベルのリン酸化で ある。"",""図 ₃ で生じた NADH は、シャトル機構により細胞質からミトコンドリアのマ トリックスに運ばれる。"",""D︲グルコースから D︲フルクトース ₁ , ₆︲ビスリン酸の生成過程は、ATP により 促進され、AMP により抑制される。""]"	singleChoice	null	null	excluded	false	parsed	"[""none""]"		https://www.mhlw.go.jp/content/001226760.pdf	https://www.mhlw.go.jp/content/001228441.pdf	2024-02-18	MHLW website content under Public Data License 1.0 unless separately indicated; third-party content requires separate review
P109-112	109	112	理論	生物	下図はヒトの眼球断面の模式図である。図のａ～ｅに関する記述のうち、正し いのはどれか。2つ選べ。 ｄ ｂ ａ ｃ ｅ	"[""ａにある筋肉の収縮・弛緩により、焦点を調節する。"",""ｂは、眼房水を産生し、眼圧の維持に関与する。"",""ｃは、血管のない透明な組織であり、光が透過する。"",""ｄには、桿体細胞と錐体細胞の ₂ 種類の視細胞が存在する。"",""ｅは、黄斑の中心窩である。""]"	multiChoice	[1,2]	null	normal	true	parsed	"[""none""]"		https://www.mhlw.go.jp/content/001226760.pdf	https://www.mhlw.go.jp/content/001228441.pdf	2024-02-18	MHLW website content under Public Data License 1.0 unless separately indicated; third-party content requires separate review
P109-113	109	113	理論	生物	骨組織及び骨代謝に関する記述のうち、正しいのはどれか。2つ選べ。	"[""骨芽細胞は造血幹細胞に由来し、骨基質を分解する。"",""破骨細胞は、アルカリホスファターゼを分泌する。"",""副甲状腺ホルモンは、血漿中の Ca 濃度を上昇させる。 2+"",""カルシトニンは甲状腺ろ胞細胞から分泌され、骨吸収を亢進する。"",""活性型ビタミン D3 は、消化管からの Ca 吸収を促進する。 2+""]"	multiChoice	[2,4]	null	normal	false	parsed	"[""none""]"		https://www.mhlw.go.jp/content/001226760.pdf	https://www.mhlw.go.jp/content/001228441.pdf	2024-02-18	MHLW website content under Public Data License 1.0 unless separately indicated; third-party content requires separate review
P109-114	109	114	理論	生物	ケトン体に関する記述として、正しいのはどれか。2つ選べ。	"[""アセチル CoA とマロニル CoA から産生される。"",""グルコースに代わるエネルギー源となる。"",""₃︲ヒドロキシ酪酸、a︲ケトグルタル酸及びアセト酢酸の ₃ つの分子を指す。"",""主に肝臓で作られて、血流を介して各組織に運ばれる。"",""細胞に取り込まれて糖新生の原料となる。""]"	multiChoice	[1,3]	null	normal	false	parsed	"[""none""]"		https://www.mhlw.go.jp/content/001226760.pdf	https://www.mhlw.go.jp/content/001228441.pdf	2024-02-18	MHLW website content under Public Data License 1.0 unless separately indicated; third-party content requires separate review
P109-115	109	115	理論	生物	ペニシリン耐性の黄色ブドウ球菌が発現する b︲ラクタマーゼを精製し、反応 速度論的解析を行った。b︲ラクタマーゼの反応は以下のミカエリス・メンテン式 に従うものとする。 V max #［S］ v= K m +［S］ 異なる濃度のペニシリンを含む ₁₀ mL の反応液中に ₁ ng の b︲ラクタマーゼを加 え、反応生成物の量を測定したところ、ペニシリン濃度（［S］）と ₁ 分間に生じる 反応生成物の量（v）の関係は図 ₁ のようになった。また、ペニシリン濃度の逆数 （₁/［S］）と ₁ 分間に生じた反応生成物量の逆数（₁/v）をプロットしたところ、 図 ₂ のようになり、回帰直線の式は ₁ ₁ = ₇₅ . ₀ # + ₁₅. ₀ v ［S］ であった。 図₁ ₁ 分間に生じる反応生成物（v） 図₂ ₁₀₀ ₀ . ₀₆ ₁ ［nmol/mL・min］ ₀ . ₀₅ v ₀ . ₀₄ ₅₀ ₀ . ₀₃ ₀ . ₀₂ ₀ . ₀₁ ₀ ₀ ₁₀ ₂₀ ₃₀ ₀ ₀.₅ ₁ ₁ ペニシリン濃度［S］（nmol/L） ［S］ 以下の記述のうち、正しいのはどれか。2つ選べ。なお、測定中のペニシリン濃 度の低下は無視できるものとする。	"[""b︲ラクタマーゼは、酸化還元酵素である。"",""反応液中の b︲ラクタマーゼを ₂ ng にしても、単位時間あたりの反応生成物量 は変わらない。"",""この酵素の Vmax の値は ₀ . ₀₆₇ nmol/mL・min（有効数字 ₂ 桁）である。"",""この反応系に競合阻害薬を加えて実験した場合、見かけ上の Km は ₅ . ₀ nmol/L より大きくなる。"",""この反応系に非競合阻害薬を加えて実験した場合、図 ₂ の回帰直線の傾きは小 さくなる。""]"	multiChoice	[2,3]	null	normal	false	parsed	"[""none""]"		https://www.mhlw.go.jp/content/001226760.pdf	https://www.mhlw.go.jp/content/001228441.pdf	2024-02-18	MHLW website content under Public Data License 1.0 unless separately indicated; third-party content requires separate review
P109-116	109	116	理論	生物	プリオン病では、プリオンタンパク質（PrP）の感染性を有した異常型が蓄積 する。プリオンタンパク質の特徴として、正常型である PrP と異常型である c PrP が相互作用（会合）すると、正常型が異常型へと変換されることが知られて Sc いる。図 ₁ は NMR により解析された PrP の立体構造、図 ₂ は PrP の仮想の立 c Sc 体構造をそれぞれ安定な二次構造をわかりやすくリボン図で描いている。なお、図 中には示されていないが、PrP の C 末端には GPI アンカーが付加されている。 c 図 ₃ は、PrP の遺伝子配列から予想される翻訳産物をアミノ酸の一文字表記で示 している。アミノ酸配列のうち、プロリン残基は黒点（●）で、グリシン残基は ₂ 重下線で示している。 以下の記述のうち、正しいのはどれか。2つ選べ。 図₁ 図₂ 図₃ 1 MANLGCWMLVLFVATWSDLGLCKKRPKPGG 30 3 3 31 WNTGGSRYPGQGSPGGNRYPPQGGGGWGQP 60 3 3 3 3 33 61 HGGGWGQPHGGGWGQPHGGGWGQPHGGGWG 90 3 3 3 91 QGGGTHSQWNKPSKPKTNMKHMAGAAAAGA 120 3 3 121 VVGGLGGYMLGSAMSRPIIHFGSDYEDRYY 150 Helix 1 151 RENMHRYPNQVYYRPMDEYSNQNNFVHDCV 180 3 3 Helix 1 Helix 2 181 NITIKQHTVTTTTKGENFTETDVKMMERVV 210 Helix 2 Helix 3 211 EQMCITQYERESQAYYQRGSSMVLFSSPPV 240 3 3 Helix 3 241 ILLISFLIFLIVG 253	"[""図 ₂ に示す PrP は、図 ₁ に示す PrP に比べて b シート構造が多い。 Sc c"",""b シート構造の安定性は、並行するペプチド鎖間で形成されるジスルフィド （S︲S）結合によっている。"",""図 ₃ に示す PrP に点在するプロリンは、その環状構造により二次構造の形成と その規則性に影響を与えている。"",""図 ₃ に示す PrP に多く存在するグリシンは、特定の二次構造からループ構造へ の変化を妨げる要因となっている。"",""PrP において GPI アンカーが結合するアミノ酸残基は、図 ₃ で ₁ 番目のメチ c オニンである。""]"	multiChoice	[0,2]	null	normal	false	parsed	"[""none""]"		https://www.mhlw.go.jp/content/001226760.pdf	https://www.mhlw.go.jp/content/001228441.pdf	2024-02-18	MHLW website content under Public Data License 1.0 unless separately indicated; third-party content requires separate review
P109-117	109	117	理論	生物	抗体とそのクラススイッチに関する記述のうち、誤っているのはどれか。1つ 選べ。	"[""クラススイッチは、抗体可変部の遺伝子再編成の後に B 細胞で生じる。"",""最初に産生される抗体のクラスは、IgM である。"",""クラススイッチにより変化する領域は、重鎖（H 鎖）に存在する。"",""すべての抗体のクラススイッチは、転写産物である RNA の選択的スプライシ ングの違いで生じる。"",""クラススイッチは、T 細胞との細胞間相互作用やサイトカインにより制御され る。""]"	singleChoice	3	null	normal	false	parsed	"[""none""]"		https://www.mhlw.go.jp/content/001226760.pdf	https://www.mhlw.go.jp/content/001228441.pdf	2024-02-18	MHLW website content under Public Data License 1.0 unless separately indicated; third-party content requires separate review
P109-118	109	118	理論	生物	炎症に関する記述のうち、正しいのはどれか。2つ選べ。	"[""発赤は、炎症の兆候の一つで、赤血球が血管外に浸潤する現象である。"",""補体成分の C₃b と C₅b は、肥満細胞からヒスタミンを遊離させるアナフィラ トキシンである。"",""P︲セレクチンは、血管内皮細胞の表面に発現し、白血球の炎症部位への動員に 関わる。"",""Toll 様受容体は、主に炎症後期に線維芽細胞の活性化に関わり組織修復を促 す。"",""炎症時には、肝臓での C 反応性タンパク質の産生が亢進する。""]"	multiChoice	[2,4]	null	normal	false	parsed	"[""none""]"		https://www.mhlw.go.jp/content/001226760.pdf	https://www.mhlw.go.jp/content/001228441.pdf	2024-02-18	MHLW website content under Public Data License 1.0 unless separately indicated; third-party content requires separate review
P109-119	109	119	理論	生物	₂ 種類の染色法を用いて細菌Ａについて調べた。染色法 ₁ （グラム染色）では 明瞭な染色像が観察されなかったため、染色法 ₂ （抗酸染色）での染色を行ったと ころ、染色法 ₂ では陽性であった。染色法 ₁ 、 ₂ の染色操作を図に示した。 染色法 ₁ 染色法 ₂ スライドグラスに菌を塗抹 スライドグラスに菌を塗抹 乾燥、固定 乾燥、固定 クリスタルバイオレット液を滴下 石炭酸フクシン液を滴下 ₂ 分間放置 ₃ ～ ₅ 分間加温 染色 染色 水洗 冷却後、水洗 ルゴール液を滴下 塩酸アルコールを滴下（₂₀ 秒間） ₃₀ 秒間放置 媒染 脱色 水洗 水洗 エタノールを滴下（₂₀ 秒間） メチレンブルー液を滴下 ₃₀ 秒間放置 脱色 水洗 対比染色 水洗、乾燥 サフラニン液を滴下 顕微鏡で観察 ₂ 分間放置 対比染色 水洗、乾燥 顕微鏡で観察 細菌Ａとこれらの染色法に関する記述のうち、正しいのはどれか。2つ選べ。	"[""細菌Ａは、ペプチドグリカン層に加えて染色法 ₁ での染色に抵抗性の細胞壁成 分を持っている。"",""ペプチドグリカン層が厚い細菌では、クリスタルバイオレットとルゴール液で つくられた色素がエタノールで除去される。"",""高級脂肪酸やワックスに富む細胞壁成分を持つ細菌は、染色法 ₂ で染色されな い。"",""細菌Ａの細胞壁は、融点の低い脂質に富んでおり、加温すると石炭酸フクシン の透過性が増す。"",""染色法 ₁ の陽性細菌は青紫色、染色法 ₂ の陽性細菌は赤色に染まる。 一般問題（薬学理論問題）【物理・化学・生物／衛生／法規・制度・倫理】""]"	multiChoice	[0,4]	null	normal	false	parsed	"[""none""]"		https://www.mhlw.go.jp/content/001226760.pdf	https://www.mhlw.go.jp/content/001228441.pdf	2024-02-18	MHLW website content under Public Data License 1.0 unless separately indicated; third-party content requires separate review
P109-120	109	120	理論	生物	−122 ヒト免疫不全ウイルス（HIV）感染と薬害エイズに関する以下の問いに答 えよ。 問 120（物理・化学・生物） 血友病の治療のために投与された非加熱血液製剤により HIV 感染が生じた事例 に関連する生物学的知識として、正しいのはどれか。2つ選べ。	"[""遺伝性血友病は X 連鎖潜性（劣性）遺伝により生じるため、男性に発症しや すい。"",""血漿中の HIV は加熱処理しなくても、孔径 ₀ . ₂₂ nm のメンブレンろ過により 除去できる。"",""血液製剤に混入した HIV は、治療を受ける患者の CD₈ 陽性 T リンパ球に感染 する。"",""HIV はレトロウイルスであり、プロウイルス化により感染宿主細胞内で長期間 潜伏できる。"",""HIV 感染による症状として、花びらのように分かれた核を持つ特徴的な腫瘍化 T 細胞がみられるようになる。""]"	multiChoice	[0,3]	null	normal	false	parsed	"[""none""]"		https://www.mhlw.go.jp/content/001226760.pdf	https://www.mhlw.go.jp/content/001228441.pdf	2024-02-18	MHLW website content under Public Data License 1.0 unless separately indicated; third-party content requires separate review
P109-121	109	121	理論	衛生	（衛生） 図 ₁ は、国内の HIV 感染者及び AIDS 患者の年間新規報告数の推移を示したも のであり、図 ₂ は、₂₀₂₁ 年における国内の HIV 感染者の新規報告の感染経路別内 訳である。HIV 感染者の発生動向に関する記述のうち、正しいのはどれか。2つ 選べ。 その他 経路ウ （₅₄₁. ₅％） 人 経路ア ₁₄₀₀ ₁人 不明 ₉₁ 人 （₀ . ₁％） ₇₈ 人 （₁₂ . ₃％） ₁₂₀₀ Ａ （₁₀ . ₅％） Ｂ 新規報告数（人） ₁₀₀₀ ₈₀₀ ₆₀₀ ₄₀₀ ₂₀₀ ₀ 経路イ 年 ₅₃₁ 人 ₁₉₈₅ ₁₉₈₆ ₁₉₈₇ ₁₉₈₈ ₁₉₈₉ ₁₉₉₀ ₁₉₉₁ ₁₉₉₂ ₁₉₉₃ ₁₉₉₄ ₁₉₉₅ ₁₉₉₆ ₁₉₉₇ ₁₉₉₈ ₁₉₉₉ ₂₀₀₀ ₂₀₀₁ ₂₀₀₂ ₂₀₀₃ ₂₀₀₄ ₂₀₀₅ ₂₀₀₆ ₂₀₀₇ ₂₀₀₈ ₂₀₀₉ ₂₀₁₀ ₂₀₁₁ ₂₀₁₂ ₂₀₁₃ ₂₀₁₄ ₂₀₁₅ ₂₀₁₆ ₂₀₁₇ ₂₀₁₈ ₂₀₁₉ ₂₀₂₀ ₂₀₂₁ （₇₁ . ₆％） 図₁ HIV 感染者及び AIDS 患者の 年間新規報告数の推移 令和 ₃ （₂₀₂₁）年 エイズ発生動向年報（厚生労働省エイズ動向委員会）を基に作成 図₂ ₂₀₂₁ 年における HIV 感染者の 新規報告の感染経路別内訳 令和 ₃ （₂₀₂₁）年 エイズ発生動向年報（厚生労働省エイズ動向委員会）を基に作成	"[""図 ₁ のＡは HIV 感染者で、Ｂは AIDS 患者を表している。"",""₂₀₂₁ 年 に お け る HIV 感 染 者 と AIDS 患 者 を 合 わ せ た 新 規 報 告 数 に 占 め る AIDS 患者の割合は、約 ₈₀％と高い水準である。"",""HIV 感染者年間新規報告数は、男性よりも女性の方が多い。"",""図 ₂ の経路アは、母子感染によるものである。"",""図 ₂ の経路イは、同性間の性的接触によるものである。""]"	multiChoice	[0,4]	null	normal	false	parsed	"[""none""]"		https://www.mhlw.go.jp/content/001226760.pdf	https://www.mhlw.go.jp/content/001228441.pdf	2024-02-18	MHLW website content under Public Data License 1.0 unless separately indicated; third-party content requires separate review
P109-122	109	122	理論	法規・制度・倫理	（法規・制度・倫理） 血液製剤による感染被害の救済制度に関する記述として、正しいのはどれか。2 つ選べ。	"[""適正な使用目的に従い適正に使用された場合の感染被害の救済を目的としている。"",""給付金は、原因となった血液製剤の製造販売業者が全額負担する。"",""医療費給付の対象は、入院を要する程度以上の感染被害である。"",""葬祭料や遺族年金に関する給付項目は含まれていない。"",""製造販売業者の過失が裁判によって証明された場合に救済の対象となる。 一般問題（薬学理論問題）【衛生】""]"	multiChoice	[0,2]	null	normal	false	parsed	"[""none""]"		https://www.mhlw.go.jp/content/001226760.pdf	https://www.mhlw.go.jp/content/001228441.pdf	2024-02-18	MHLW website content under Public Data License 1.0 unless separately indicated; third-party content requires separate review
P109-123	109	123	理論	衛生	保健統計に関する記述のうち、正しいのはどれか。2つ選べ。	"[""保健統計は、人口統計と死亡統計に大別される。"",""人口統計は、人口動態統計と疾病統計に大別される。"",""人口統計は、集団の健康水準の向上を図る上で重要な情報である。"",""人口動態統計は、ある一時点における人口の規模や構造などを調査するもので ある。"",""人口静態統計の代表的なものは、国勢調査である。""]"	multiChoice	[2,4]	null	normal	false	parsed	"[""none""]"		https://www.mhlw.go.jp/content/001226760.pdf	https://www.mhlw.go.jp/content/001228441.pdf	2024-02-18	MHLW website content under Public Data License 1.0 unless separately indicated; third-party content requires separate review
P109-124	109	124	理論	衛生	下図の曲線ア～エは、₁₅ 歳未満、₁₅～₆₄ 歳、₆₅ 歳以上、₇₅ 歳以上のいずれか の年齢区分別人口の割合の推移を、右の数値は ₂₀₂₂ 年における各年齢区分別人口 の割合を示している。年齢区分別人口に関する記述のうち、正しいのはどれか。2 つ選べ。 ₈₀ ア 年齢区分別人口の割合（％） ₇₀ ₆₀ ₅₉ . ₄％ ₅₀ ₄₀ ₃₀ ₂₉ . ₀％ イ ウ ₂₀ ₁₅ . ₅％ ₁₀ ₁₁ . ₆％ エ ₀ ₁₉₅₀ ₅₅ ₆₀ ₆₅ ₇₀ ₇₅ ₈₀ ₈₅ ₉₀ ₉₅ ₂₀₀₀ ₀₅ ₁₀ ₁₅ ₂₀ ₂₂ 年 図 年齢区分別人口の割合の推移（₁₉₅₀ 年～₂₀₂₂ 年） 総務省統計局 人口推計（₂₀₂₂ 年（令和 ₄ 年）₁₀ 月 ₁ 日現在）より作成	"[""アは生産年齢人口の割合を示している。"",""イは ₆₅ 歳以上の老年人口の割合を示している。"",""アとウの和は、従属人口の割合である。"",""イをエで割った値に ₁₀₀ を乗じた値は、老年人口指数である。"",""₂₀₂₂ 年における年少人口指数は、およそ ₁₉ . ₅ である。""]"	multiChoice	[0,4]	null	normal	true	parsed	"[""none""]"		https://www.mhlw.go.jp/content/001226760.pdf	https://www.mhlw.go.jp/content/001228441.pdf	2024-02-18	MHLW website content under Public Data License 1.0 unless separately indicated; third-party content requires separate review
P109-125	109	125	理論	衛生	予防接種に関する記述のうち、正しいのはどれか。2つ選べ。	"[""予防接種で得られる免疫は、人工能動免疫に含まれる。"",""予防接種によって免疫能を獲得することは、宿主に対する疾病予防である。"",""予防接種法におけるＡ類疾病については、接種の努力義務はない。"",""予防接種法におけるＢ類疾病の予防接種は、個人予防よりも集団予防を主な目 的としている。"",""予防接種法に定められた予防接種による健康被害は、医薬品副作用被害救済制 度により救済される。""]"	multiChoice	[0,1]	null	normal	false	parsed	"[""none""]"		https://www.mhlw.go.jp/content/001226760.pdf	https://www.mhlw.go.jp/content/001228441.pdf	2024-02-18	MHLW website content under Public Data License 1.0 unless separately indicated; third-party content requires separate review
P109-126	109	126	理論	衛生	新生児マススクリーニングとその対象疾患に関する記述のうち、正しいのはど れか。2つ選べ。	"[""対象疾患は、後天性代謝異常症及び内分泌疾患である。"",""全ての対象疾患のスクリーニングには、タンデムマス法が用いられている。"",""ガラクトース血症の発見率は、この ₁₀ 年間減少し続けている。"",""メープルシロップ尿症の治療には、分岐鎖アミノ酸制限ミルクの食事療法が行 われる。"",""クレチン症（先天性甲状腺機能低下症）の治療には、ホルモン補充が行われ る。""]"	multiChoice	[3,4]	null	normal	false	parsed	"[""none""]"		https://www.mhlw.go.jp/content/001226760.pdf	https://www.mhlw.go.jp/content/001228441.pdf	2024-02-18	MHLW website content under Public Data License 1.0 unless separately indicated; third-party content requires separate review
P109-127	109	127	理論	衛生	ビタミンに関する記述のうち、正しいのはどれか。2つ選べ。	"[""レチノイン酸は、光を感知するロドプシンの構成成分で視覚機能を正常に保つ のに必要である。"",""a︲トコフェロールは、ヒトでは腸内細菌によって主に供給される。"",""コレカルシフェロールは、紫外線照射により動物の皮膚で ₇︲デヒドロコレステ ロールから合成される。"",""リボフラビンは生体内で活性化され、糖質や脂質のエネルギー代謝に関与する 酵素の補酵素としてはたらく。"",""チアミンは、生体内で補酵素 NAD や NADP として酸化還元反応に関与する。 + +""]"	multiChoice	[2,3]	null	normal	false	parsed	"[""none""]"		https://www.mhlw.go.jp/content/001226760.pdf	https://www.mhlw.go.jp/content/001228441.pdf	2024-02-18	MHLW website content under Public Data License 1.0 unless separately indicated; third-party content requires separate review
P109-128	109	128	理論	衛生	三大栄養素としての糖質、脂質、タンパク質に関する記述のうち、正しいのは どれか。2つ選べ。	"[""単位重量当たりで得られるエネルギーが最も多いのは、糖質である。"",""糖質はエネルギー源となり、エネルギー貯蔵体にも変換される。"",""脂質から単位重量当たりに得られるエネルギーは、タンパク質の約 ₄ 倍であ る。"",""タンパク質はエネルギー源にはならない。"",""脂質やタンパク質の代謝物の中には、ホルモンなどの生理活性物質の前駆体に なるものがある。""]"	multiChoice	[1,4]	null	normal	false	parsed	"[""none""]"		https://www.mhlw.go.jp/content/001226760.pdf	https://www.mhlw.go.jp/content/001228441.pdf	2024-02-18	MHLW website content under Public Data License 1.0 unless separately indicated; third-party content requires separate review
P109-129	109	129	理論	衛生	食品成分に関する記述のうち、正しいのはどれか。2つ選べ。	"[""キトサンは、エビやカニの壳に含まれる成分を原料としたもので、血中コレス テロール値を低下させる作用がある。"",""アスタキサンチンは、ブドウの果皮に含まれており、コラーゲンの合成を促す 作用がある。"",""難消化性デキストリンは、コンニャクに含まれており、脂肪の燃焼を促す作用 がある。"",""ダイゼインは、ダイズに含まれており、抗酸化作用がある。"",""b︲カロテンは、ニンジンやカボチャに含まれており、体内で分解してビタミン E が生成する。""]"	multiChoice	[0,3]	null	normal	false	parsed	"[""none""]"		https://www.mhlw.go.jp/content/001226760.pdf	https://www.mhlw.go.jp/content/001228441.pdf	2024-02-18	MHLW website content under Public Data License 1.0 unless separately indicated; third-party content requires separate review
P109-130	109	130	理論	衛生	甘味料のうち、フェニルケトン尿症患者に対する注意喚起の表示が義務づけら れているのはどれか。1つ選べ。 1 2 H3C O O S O NK O H3C O H O H N O HO N CH3 H H O COOH 3 4 O H O H H H3C N O H2N O N CH3 N CH3 H3C CH3 H HOOC H H O H O COOH H3C COOH CH3 O CH3 CH3 H COONa H CH3 H O O OH H H H H3C CH3 OH H H O COONa H O OH H OH H H OH	[]	singleChoice	3	null	normal	true	no_choice_sequence	"[""none""]"		https://www.mhlw.go.jp/content/001226760.pdf	https://www.mhlw.go.jp/content/001228441.pdf	2024-02-18	MHLW website content under Public Data License 1.0 unless separately indicated; third-party content requires separate review
P109-131	109	131	理論	衛生	食中毒の原因となる微生物に関する記述のうち、正しいのはどれか。2つ選 べ。	"[""黄色ブドウ球菌が産生する毒素は、₁₀₀ ℃で ₃₀ 分間加熱しても毒性を失わな い。"",""ボツリヌス菌は、低酸素状態ではボツリヌス毒素を産生しない。"",""腸管出血性大腸菌は、酸に抵抗性を示し、腸管でベロ毒素を産生する。"",""セレウス菌の嘔吐型食中毒の原因となる毒素は、₁₀₀ ℃で ₃₀ 分間の加熱で毒性 を失う。"",""エルシニア・エンテロコリチカは、 ₄ ℃の低温条件下では発育できない。""]"	multiChoice	[0,2]	null	normal	false	parsed	"[""none""]"		https://www.mhlw.go.jp/content/001226760.pdf	https://www.mhlw.go.jp/content/001228441.pdf	2024-02-18	MHLW website content under Public Data License 1.0 unless separately indicated; third-party content requires separate review
P109-132	109	132	理論	衛生	化合物Ａ～Ｅの代謝と毒性に関する記述のうち、正しいのはどれか。2つ選 べ。 Ａ Ｂ Ｃ NH2 CH3 CH3OH N N O N N CH3 H2N N NH2 Ｄ Ｅ F F F F F F O OH F OH OH HO P N H F F F F F F F F O O	"[""化合物Ａは、生体内でホルムアルデヒド、次いでギ酸に酸化されて視覚障害を 引き起こす。"",""化合物Ｂは、シトクロム P₄₅₀ によって酸化され、生じたエポキシ体がメトヘ モグロビン血症を引き起こす。"",""化合物Ｃは、シトクロム P₄₅₀ によって水酸化され、次いで N ︲脱メチル化さ れる過程で生成するメチルカチオンが DNA と付加体を形成する。"",""化合物Ｄは、シトクロム P₄₅₀ によって速やかに水酸化され、TCA 回路のアコ ニターゼを阻害する。"",""化合物Ｅは、カルボキシルエステラーゼによる加水分解によって活性化され、 アセチルコリンエステラーゼを不可逆的に阻害する。""]"	multiChoice	[0,2]	null	normal	false	parsed	"[""none""]"		https://www.mhlw.go.jp/content/001226760.pdf	https://www.mhlw.go.jp/content/001228441.pdf	2024-02-18	MHLW website content under Public Data License 1.0 unless separately indicated; third-party content requires separate review
P109-133	109	133	理論	衛生	ヒ素に関する記述のうち、正しいのはどれか。2つ選べ。	"[""無機ヒ素化合物の毒性は、 ₅ 価のヒ素の方が、 ₃ 価のヒ素より強い。"",""アルセノベタインは、無機ヒ素と比べて急性毒性が強い。"",""ヒ素及び無機ヒ素化合物は、国際がん研究機関（IARC）の発がん性分類グ ループ ₁ （ヒトに対する発がん性が認められる）に分類されている。"",""無機ヒ素化合物による急性中毒時には、解毒薬として亜硝酸アミルが用いられ る。"",""無機ヒ素化合物は、地壳中に広く分布し、汚染された地下水の飲用による健康 被害が世界的に問題となっている。""]"	multiChoice	[2,4]	null	normal	false	parsed	"[""none""]"		https://www.mhlw.go.jp/content/001226760.pdf	https://www.mhlw.go.jp/content/001228441.pdf	2024-02-18	MHLW website content under Public Data License 1.0 unless separately indicated; third-party content requires separate review
P109-134	109	134	理論	衛生	化学物質の毒性試験に関する記述のうち、正しいのはどれか。2つ選べ。	"[""単回投与毒性試験（急性毒性試験）から得られる半数致死量は、毒物及び劇物 の分類の判定に利用されている。"",""反復投与毒性試験（慢性毒性試験）は、特殊毒性試験に含まれる。"",""微生物を用いる復帰突然変異試験は、非遺伝毒性発がん物質のスクリーニング に用いられている。"",""食品添加物のアレルゲン性試験（抗原性試験）は、遅延型アレルギーを指標と する試験方法である。"",""催奇形性試験（発生毒性試験）は、被験物質を交配前の雌性動物に投与して行 う。""]"	multiChoice	[0,3]	null	normal	false	parsed	"[""none""]"		https://www.mhlw.go.jp/content/001226760.pdf	https://www.mhlw.go.jp/content/001228441.pdf	2024-02-18	MHLW website content under Public Data License 1.0 unless separately indicated; third-party content requires separate review
P109-135	109	135	理論	衛生	下図は、化管法＊ の PRTR 制度における ₂₀₂₁ 年（令和 ₃ 年）度届出排出量・ 移動量の上位 ₁₀ 物質を示したものである。 化合物Ａ 届出排出量 化合物Ｂ 届出移動量 化合物Ｃ クロム及び三価クロム化合物 エチルベンゼン 塩化メチレン ノルマル︲ヘキサン N,N ︲ジメチルホルムアミド ふっ化水素及びその水溶性塩 塩化第二鉄 ₀ ₅ # ₁₀ ₁ # ₁₀ 7 8 届出排出量・移動量［kg/ 年］ ＊ 化管法：特定化学物質の環境への排出量の把握等及び管理の改善の促進に関する法律 令和 ₃ 年度 PRTR データの概要︲化学物質の排出量・移動量の集計結果︲ （令和 ₅ 年 ₃ 月）を基に作成 化合物Ａ～Ｃは以下のア～オのような特徴をもつ化合物である。化合物Ａ～Ｃの 組合せとして正しいのはどれか。1つ選べ。 ア 化合物Ａ及びＣの届出排出量のほぼ全量が大気への排出、化合物Ｂの届出移動 量のほぼ全量が事業所外への廃棄物としての移動である。 イ ヒトの体内で化合物Ａ及びＣは酸化的な代謝を受け、それぞれの代謝物がグリ シン抱合されて尿中に排泄される。 ウ 化合物Ａ及びＣには、室内濃度指針値が定められている。 エ 化合物Ｂへの曝露により、パーキンソン病様の症状が現れることがある。 オ 化合物Ｃは、 ₃ 種類の異性体の混合物である。 化合物Ａ 化合物Ｂ 化合物Ｃ	"[""キシレン 亜鉛の水溶性化合物 ベンゼン"",""キシレン マンガン及びその化合物 トルエン"",""ベンゼン マンガン及びその化合物 キシレン"",""ベンゼン 亜鉛の水溶性化合物 トルエン"",""トルエン 亜鉛の水溶性化合物 キシレン"",""トルエン マンガン及びその化合物 キシレン""]"	singleChoice	5	null	normal	true	parsed	"[""none""]"		https://www.mhlw.go.jp/content/001226760.pdf	https://www.mhlw.go.jp/content/001228441.pdf	2024-02-18	MHLW website content under Public Data License 1.0 unless separately indicated; third-party content requires separate review
P109-136	109	136	理論	衛生	図 ₁ ～ ₄ は、化学物質Ａ、Ｂ、Ｃの発がん作用を調べるために、マウスを用い て皮膚腫瘍（皮膚がん）の発生割合について検討した論文に示されている結果であ る。図 ₁ は、あらかじめ毛を剃ったマウスの背部皮膚に化学物質Ａ又は化学物質Ｂ を ₁ 回だけ塗布し、その後、同一部位に化学物質Ｃを ₁ 週間に ₂ 回ずつ塗布し続け た時の結果である。図 ₂ 、 ₃ 、 ₄ は、化学物質Ａ、Ｂ、Ｃを図 ₁ と同じ用量でそれ ぞれ単独で、毛を剃ったマウスの背部皮膚に ₁ 週間に ₂ 回ずつ塗布し続けた時の結 果である。これらの結果からわかる化学物質Ａ、Ｂ、Ｃの発がん作用に関する記述 のうち、正しいのはどれか。2つ選べ。	"[""化学物質Ａには、発がんプロセスにおいてイニシエーターとしての作用はな い。"",""化学物質Ｂには、発がんプロセスにおいてイニシエーターとしての作用はな い。"",""化学物質Ｃには、発がんプロセスにおいてイニシエーターとしての作用はな い。"",""化学物質Ａには、発がんプロモーターとしての作用がある。"",""化学物質Ｂには、発がんプロモーターとしての作用がある。 化学物質ＡまたはＢ 化学物質Ｃ 化学物質Ａ （ ₁ 回塗布のみ） （ ₂ 回/週の連続塗布） （ ₂ 回/週の連続塗布） ₁₀₀ ₁₀₀ 化学物質Ａ 腫瘍発生マウス（％） 腫瘍発生マウス（％） ₅₀ 化学物質Ａ ₅₀ + 化学物質Ｃ 化学物質Ｂ + 化学物質Ｃ ₀ ₀ ₀ ₁₀ ₂₀ ₃₀ ₀ ₁₀ ₂₀ ₃₀ 時間（週） 時間（週） 図₁ 図₂ 化学物質Ｂ 化学物質Ｃ （ ₂ 回/週の連続塗布） （ ₂ 回/週の連続塗布） ₁₀₀ 化学物質Ｂ ₁₀₀ 化学物質Ｃ 腫瘍発生マウス（％） 腫瘍発生マウス（％） ₅₀ ₅₀ ₀ ₀ ₀ ₁₀ ₂₀ ₃₀ ₀ ₁₀ ₂₀ ₃₀ 時間（週） 時間（週） 図₃ 図₄""]"	multiChoice	[2,3]	null	normal	false	parsed	"[""none""]"		https://www.mhlw.go.jp/content/001226760.pdf	https://www.mhlw.go.jp/content/001228441.pdf	2024-02-18	MHLW website content under Public Data License 1.0 unless separately indicated; third-party content requires separate review
P109-137	109	137	理論	衛生	下水処理に関する記述のうち、正しいのはどれか。2つ選べ。	"[""標準活性汚泥法の曝気槽では、主に嫌気性細菌が有機物質を分解している。"",""標準活性汚泥法の最終沈殿池では、活性汚泥（フロック）の沈降性が低下する ことにより、有機物質の除去効率が上がる。"",""標準活性汚泥法において、最終沈殿池の汚泥の一部は、返送汚泥として曝気槽 に戻され再利用されている。"",""標準活性汚泥法に比べて嫌気・無酸素・好気法は、リン及び窒素の除去効率が 高い。"",""嫌気・無酸素・好気法において、リン蓄積菌は嫌気槽でリンを取り込み、好気 槽でリンを放出している。""]"	multiChoice	[2,3]	null	normal	false	parsed	"[""none""]"		https://www.mhlw.go.jp/content/001226760.pdf	https://www.mhlw.go.jp/content/001228441.pdf	2024-02-18	MHLW website content under Public Data License 1.0 unless separately indicated; third-party content requires separate review
P109-138	109	138	理論	衛生	水質汚濁に係る環境基準に関する記述のうち、正しいのはどれか。2つ選べ。	"[""水質汚濁防止法に基づいて、定められている。"",""水中の有機物量の指標として、河川では化学的酸素要求量（COD）、湖沼及び 海域では生物化学的酸素要求量（BOD）が採用されている。"",""底層を利用する水生生物の個体群を維持できる場を保全・再生する目的で、湖 沼及び海域において底層溶存酸素量の基準値が定められている。"",""地下水には、「生活環境の保全に関する環境基準」が定められている。"",""公共用水域には、直鎖アルキルベンゼンスルホン酸及びその塩の「生活環境の 保全に関する環境基準」が定められている。""]"	multiChoice	[2,4]	null	normal	false	parsed	"[""none""]"		https://www.mhlw.go.jp/content/001226760.pdf	https://www.mhlw.go.jp/content/001228441.pdf	2024-02-18	MHLW website content under Public Data License 1.0 unless separately indicated; third-party content requires separate review
P109-139	109	139	理論	衛生	一般環境大気測定局及び自動車排出ガス測定局における大気汚染物質の測定法 に関する記述のうち、正しいのはどれか。2つ選べ。	"[""一酸化炭素は、照射した赤外線の吸収量に基づいて測定される。"",""二酸化窒素は、紫外線の照射によって励起した二酸化窒素分子が発する蛍光の 強度に基づいて測定される。"",""光化学オキシダントは、ザルツマン試薬との反応により生じる生成物の吸光度 に基づいて測定される。"",""二酸化硫黄は、エチレンとの反応により生じる近紫外線領域の発光の強度に基 づいて測定される。"",""浮遊粒子状物質は、ろ紙上に粒子を捕集して、b 線を照射し、その透過量に基 づいて測定される。""]"	multiChoice	[0,4]	null	normal	false	parsed	"[""none""]"		https://www.mhlw.go.jp/content/001226760.pdf	https://www.mhlw.go.jp/content/001228441.pdf	2024-02-18	MHLW website content under Public Data License 1.0 unless separately indicated; third-party content requires separate review
P109-140	109	140	理論	衛生	暑さ指数（WBGT）は、熱中症を予防することを目的として提案された指標で あり、下図に示した装置Ａ～Ｃで測定した結果（［温度 ₁ ］～［温度 ₃ ］のいずれ か）を用いて、次式より算出することができる。 屋外の場合の算出式：WBGT = ₀ . ₇ #［温度 ₁ ］+ ₀ . ₂ #［温度 ₂ ］+ ₀ . ₁ #［温度 ₃ ］ 屋内の場合の算出式：WBGT = ₀ . ₇ #［温度 ₁ ］+ ₀ . ₃ #［温度 ₂ ］ ［温度 ₁ ］～［温度 ₃ ］は、装置Ａ～Ｃのいずれかで測定した温度である。 装置Ａ 装置Ｂ 装置Ｃ 水で湿らせたガーゼ 黒色に塗装した 水を入れた容器 薄い銅板の球 （中は空洞） ある小学校の屋外の運動場で温度を測定した結果、表 ₁ に示す測定値が得られ た。この時の暑さ指数（WBGT）に最も近い値はどれか。1つ選べ。 表₁ 測定結果 装 置 温 度（℃） Ａ ₄₂ . ₀ Ｂ ₃₂ . ₀ Ｃ ₂₆ . ₀	"[""₂₉"",""₃₀"",""₃₂"",""₃₃"",""₃₈""]"	singleChoice	1	null	normal	true	parsed	"[""none""]"		https://www.mhlw.go.jp/content/001226760.pdf	https://www.mhlw.go.jp/content/001228441.pdf	2024-02-18	MHLW website content under Public Data License 1.0 unless separately indicated; third-party content requires separate review
P109-141	109	141	理論	衛生	廃棄物に関する記述のうち、正しいのはどれか。2つ選べ。	"[""産業廃棄物の種類別排出量として最も多いのは、汚泥である。"",""有害廃棄物の国境を越える移動及びその処理によって生じるヒトの健康被害並 びに環境汚染を防止するために、ロンドン条約が制定されている。"",""循環型社会における廃棄物・リサイクル対策を総合的に推進し、削減対策の優 先順位を明確化するために、循環型社会形成推進基本法が制定されている。"",""海洋汚染の原因となるマイクロプラスチックは、プラスチックゴミの生分解に より生じた微小粒子である。"",""海洋への廃棄物投棄による海洋汚染を防止するための国際的対応として、バー ゼル条約が制定されている。 一般問題（薬学理論問題）【法規・制度・倫理】""]"	multiChoice	[0,2]	null	normal	false	parsed	"[""none""]"		https://www.mhlw.go.jp/content/001226760.pdf	https://www.mhlw.go.jp/content/001228441.pdf	2024-02-18	MHLW website content under Public Data License 1.0 unless separately indicated; third-party content requires separate review
P109-142	109	142	理論	法規・制度・倫理	製造物責任と医薬品に関する記述のうち、正しいのはどれか。2つ選べ。	"[""薬局は、医薬品に関して製造物責任を負う製造業者等に該当する場合がある。"",""一般用医薬品は、製造物責任の対象とならない。"",""製造物責任の損害賠償が認められるためには、欠陥によって入院を必要とする ような医療の提供があったことが必要である。"",""医薬品は、副作用があっても直ちに製造物としての欠陥とはならない。"",""製造物責任の損害賠償が認められるためには、被害者が医薬品製造に関する製 造業者等の過失を立証することが必要である。""]"	multiChoice	[0,3]	null	normal	false	parsed	"[""none""]"		https://www.mhlw.go.jp/content/001226760.pdf	https://www.mhlw.go.jp/content/001228441.pdf	2024-02-18	MHLW website content under Public Data License 1.0 unless separately indicated; third-party content requires separate review
P109-143	109	143	理論	法規・制度・倫理	医薬品の効能・効果、用法・用量、使用上の注意などの医薬品医療機器等法に 定められた「注意事項等情報」について製造販売業者が行うべきこととして、正し いのはどれか。2つ選べ。	"[""医療用医薬品については、電子的な方法で「注意事項等情報」を入手できるよ うに医薬品の容器等に符号を記載しなければならない。"",""要指導医薬品については、電子的な方法で「注意事項等情報」を入手できるよ うに医薬品の容器等に符号を記載した場合は、紙の添付文書を同梱する必要はな い。"",""医療用医薬品の「注意事項等情報」を、独立行政法人医薬品医療機器総合機構 （PMDA）のホームページに公表しなければならない。"",""製造販売した後、速やかに「注意事項等情報」を厚生労働大臣に届け出なけれ ばならない。"",""適応外使用の可能性のある医薬品については、その適応外使用の方法の詳細を 「注意事項等情報」に加えなければならない。""]"	multiChoice	[0,2]	null	normal	false	parsed	"[""none""]"		https://www.mhlw.go.jp/content/001226760.pdf	https://www.mhlw.go.jp/content/001228441.pdf	2024-02-18	MHLW website content under Public Data License 1.0 unless separately indicated; third-party content requires separate review
P109-144	109	144	理論	法規・制度・倫理	特定用途医薬品の指定に必須となる要件はどれか。2つ選べ。	"[""製造販売の承認が与えられた場合に、その用途に関し、特に優れた使用価値を 有すること。"",""その用途に係る対象者が我が国で ₅ 万人未満であること。"",""その用途に関し、既に製造販売承認を与えられている医薬品と作用機序が明ら かに異なる物であること。"",""その用途が、感染症の拡大などの緊急時に用いる必要がある物であること。"",""その用途が、厚生労働大臣が指定する区分に属する疾病の治療等であって、そ の用途に係る需要が著しく充足されていないと認められる物であること。""]"	multiChoice	[0,4]	null	normal	false	parsed	"[""none""]"		https://www.mhlw.go.jp/content/001226760.pdf	https://www.mhlw.go.jp/content/001228441.pdf	2024-02-18	MHLW website content under Public Data License 1.0 unless separately indicated; third-party content requires separate review
P109-145	109	145	理論	法規・制度・倫理	指定薬物に関する記述のうち、正しいのはどれか。2つ選べ。	"[""麻薬及び向精神薬取締法に基づき、厚生労働大臣が指定する。"",""緊急を要する場合、薬事・食品衛生審議会の意見を聴かずに、厚生労働大臣が 指定できる。"",""ジアセチルモルヒネ（ヘロイン）は指定薬物に該当する。"",""指定には、 ₁ つ ₁ つの物質を個別に指定（個別指定）と特定の構造を有する物 質を一括した指定（包括指定）の ₂ つがある。"",""「医療等の用途」以外の用途に供するための製造、販売、購入等は禁止されて いるが、所持の制限はない。""]"	multiChoice	[1,3]	null	normal	false	parsed	"[""none""]"		https://www.mhlw.go.jp/content/001226760.pdf	https://www.mhlw.go.jp/content/001228441.pdf	2024-02-18	MHLW website content under Public Data License 1.0 unless separately indicated; third-party content requires separate review
P109-146	109	146	理論	法規・制度・倫理	毒物及び劇物取締法に関する記述のうち、正しいのはどれか。2つ選べ。	"[""興奮、幻覚、麻酔作用を有する毒物又は劇物を交付する場合、その交付を受け る者の氏名及び住所を確認しなければならない。"",""引火性、発火性又は爆発性を有し、業務その他正当な目的以外での所持が認め られないものとして、トルエンが指定されている。"",""特定毒物使用者は、特定毒物を品目ごとに政令で定める用途以外の用途に供し てはならない。"",""毒物及び劇物の容器・被包には「医薬用外」の文字とともに、毒物については 黒地に白色で「毒物」の文字、劇物については白地に赤色で「劇物」の文字を表 示しなければならない。"",""毒物劇物営業者は、毒物又は劇物を直接に取り扱う製造所、営業所又は店舗ご とに原則として、専任の毒物劇物取扱責任者を置かなければならない。""]"	multiChoice	[2,4]	null	normal	false	parsed	"[""none""]"		https://www.mhlw.go.jp/content/001226760.pdf	https://www.mhlw.go.jp/content/001228441.pdf	2024-02-18	MHLW website content under Public Data License 1.0 unless separately indicated; third-party content requires separate review
P109-147	109	147	理論	法規・制度・倫理	医療法に基づく医療計画策定において定めるべき事項はどれか。2つ選べ。	"[""がん等の ₅ 疾病の治療又は予防に係る事業に関する事項"",""献血に関する住民への理解及び献血受入の円滑な実施に関する事項"",""地域医療に必要となる未承認薬の治験の推進に関する事項"",""医療従事者の確保に関する事項"",""患者申出療養等の評価療養の実施に関する事項""]"	multiChoice	[0,3]	null	normal	false	parsed	"[""none""]"		https://www.mhlw.go.jp/content/001226760.pdf	https://www.mhlw.go.jp/content/001228441.pdf	2024-02-18	MHLW website content under Public Data License 1.0 unless separately indicated; third-party content requires separate review
P109-148	109	148	理論	法規・制度・倫理	健康保険制度に基づく調剤報酬に関する記述のうち、正しいのはどれか。2つ 選べ。	"[""調剤報酬点数表は、保険薬局における保険調剤に関する算定の要件と点数を定 めている。"",""健康保険と国民健康保険では、それぞれ異なる調剤報酬点数表を用いている。"",""調剤報酬改定は、 ₃ 年に ₁ 度行われる。"",""地域医療への貢献を評価した加算が設けられている。"",""近年、調剤医療費の内訳において、薬剤料の構成割合は約 ₅₀％である。""]"	multiChoice	[0,3]	null	normal	false	parsed	"[""none""]"		https://www.mhlw.go.jp/content/001226760.pdf	https://www.mhlw.go.jp/content/001228441.pdf	2024-02-18	MHLW website content under Public Data License 1.0 unless separately indicated; third-party content requires separate review
P109-149	109	149	理論	法規・制度・倫理	国民医療費の動向（₂₀₁₅ 年度～₂₀₁₉ 年度）に関して、正しいのはどれか。2 つ選べ。	"[""高齢化とともに増加傾向にあり、₂₀₁₅ 年度以降、₅₀ 兆円（年間）を超えてい る。"",""保険料のみの財源では賄えず、不足分について公費を投入している。"",""制度区分別では、医療保険等給付分、後期高齢者医療給付分、患者等負担分の うち、後期高齢者医療給付分が最も多い。"",""診療種類別では、医科診療医療費、歯科診療医療費、薬局調剤医療費のうち、 薬局調剤医療費が最も多い。"",""傷病分類別医科診療医療費では、循環器系の疾患が最も多い。""]"	multiChoice	[1,4]	null	normal	false	parsed	"[""none""]"		https://www.mhlw.go.jp/content/001226760.pdf	https://www.mhlw.go.jp/content/001228441.pdf	2024-02-18	MHLW website content under Public Data License 1.0 unless separately indicated; third-party content requires separate review
P109-150	109	150	理論	法規・制度・倫理	パーソナリティの認知におけるハロー効果の傾向を示す説明として、適切なの はどれか。1つ選べ。	"[""自分が考える自分の姿と他人に見える姿が一致している。"",""好ましい（好ましくない）特徴があると、その他の特徴も高く（低く）認識す る。"",""最初に提示された情報が全体の印象を方向づける。"",""最後に得られた情報が全体の印象に影響を与える。"",""個人的経験から、Ａという特性があると必ずＢという特性があると認識する。""]"	singleChoice	1	null	normal	false	parsed	"[""none""]"		https://www.mhlw.go.jp/content/001226760.pdf	https://www.mhlw.go.jp/content/001228441.pdf	2024-02-18	MHLW website content under Public Data License 1.0 unless separately indicated; third-party content requires separate review
P109-151	109	151	理論	薬理	グラフは、回腸平滑筋の収縮に対する薬物Ａ～Ｃの濃度︲反応曲線を示す。各 薬物に関する記述のうち、正しいのはどれか。2つ選べ。ただし、薬物Ａ～Ｃは同 一受容体結合部位にのみ作用し、余剰受容体及び内因性アゴニストの存在は考えな いものとする。 ₁₀₀ 反応率︵％︶ 薬物Ａ 薬物Ｂ 薬物Ｃ ₅₀ ₀ ₁₀ ₁₀ ₁₀ ₁₀ ₁₀ ₁₀ -8 -7 -6 -5 -4 -3 濃度（mol/L）	"[""薬物Ａ及び薬物Ｂの内活性は、ともに ₁₀₀ である。"",""薬物Ａの pD2 値は、約 ₇ である。"",""薬物Ｂの効力は、薬物Ａの効力より高い。"",""₁₀ mol/L の薬物Ｂにより生じる反応は、₁₀ mol/L の薬物Ｃの併用により減 -4 -3 少する。"",""薬物Ｃの EC50 値は、₁₀ mol/L である。""]"	multiChoice	[1,3]	null	normal	true	parsed	"[""none""]"		https://www.mhlw.go.jp/content/001226761.pdf	https://www.mhlw.go.jp/content/001228441.pdf	2024-02-18	MHLW website content under Public Data License 1.0 unless separately indicated; third-party content requires separate review
P109-152	109	152	理論	薬理	末梢性筋弛緩薬に関連した記述のうち、正しいのはどれか。2つ選べ。	"[""スキサメトニウムは、アセチルコリン NM 受容体に作用して、運動神経終末を 持続的に脱分極させる。"",""スガマデクスは、ロクロニウムによる筋弛緩を回復させる。"",""ベクロニウムの筋弛緩作用は、ネオスチグミンを併用することで増強される。"",""ダントロレンは、骨格筋のリアノジン受容体に作用して、筋小胞体からの Ca 2+ 遊離を抑制する。"",""A 型ボツリヌス毒素は、電位依存性 Na チャネルを遮断して、運動神経の興 + 奮伝導を抑制する。""]"	multiChoice	[1,3]	null	normal	false	parsed	"[""none""]"		https://www.mhlw.go.jp/content/001226761.pdf	https://www.mhlw.go.jp/content/001228441.pdf	2024-02-18	MHLW website content under Public Data License 1.0 unless separately indicated; third-party content requires separate review
P109-153	109	153	理論	薬理	痛みを伴う疾患に用いられる薬物に関する記述のうち、正しいのはどれか。2 つ選べ。	"[""タペンタドールは、下行性疼痛抑制系の神経終末でのセロトニン再取り込みを 選択的に阻害して、痛覚情報伝達を抑制する。"",""プレガバリンは、求心性一次知覚神経の電位依存性 Ca チャネルを構成する 2+ a1 サブユニットに結合して、神経伝達物質の遊離を抑制する。"",""レバロルファンは、オピオイド n 受容体を刺激して、モルヒネの鎮痛効果を増 強する。"",""エレヌマブは、カルシトニン遺伝子関連ペプチド（CGRP）受容体に結合して CGRP の作用を阻害することで、片頭痛発作の発症を抑制する。"",""チザニジンは、アドレナリン a2 受容体を刺激して、筋緊張を伴う疼痛を緩和 する。 一般問題（薬学理論問題）【薬理／病態・薬物治療】""]"	multiChoice	[3,4]	null	normal	false	parsed	"[""none""]"		https://www.mhlw.go.jp/content/001226761.pdf	https://www.mhlw.go.jp/content/001228441.pdf	2024-02-18	MHLW website content under Public Data License 1.0 unless separately indicated; third-party content requires separate review
P109-154	109	154	理論	病態・薬物治療	−155 ₇₈ 歳女性。夫と ₂ 人暮らしであるが、半年前から物の置き忘れやしまい忘 れをするようになった。 ₃ ケ月前から誰もいない庭を指さして「子供たちが遊んで いる。」などと言うようになった。睡眠中に大声を出して、手足をばたつかせるこ とがあるが、本人に自覚はない。心配した夫に連れられ病院を受診した。診察時、 受け答えは良好であったが、歩行は小刻み様であった。日付や場所の見当識が一部 曖昧であり、ミニメンタルステート検査は ₃₀ 点満点中 ₂₃ 点であった。また、脳血 流 SPECT により後頭葉の血流低下が認められた。 問 154（病態・薬物治療） この患者に関する記述のうち、正しいのはどれか。2つ選べ。	"[""前頭葉に著明な萎縮が生じている。"",""パーキンソン症状が認められる。"",""脳梗塞によって二次的に発症した可能性が高い。"",""幻視や REM 睡眠行動異常が認められる。"",""症状は階段状に悪化する。""]"	multiChoice	[1,3]	null	normal	false	parsed	"[""none""]"		https://www.mhlw.go.jp/content/001226761.pdf	https://www.mhlw.go.jp/content/001228441.pdf	2024-02-18	MHLW website content under Public Data License 1.0 unless separately indicated; third-party content requires separate review
P109-155	109	155	理論	薬理	（薬理） この患者の症状改善を目的として使用される可能性のある薬物に関する記述のう ち、正しいのはどれか。2つ選べ。	"[""ブロモクリプチンは、線条体においてドパミン D2 受容体を刺激することで、 間接路の GABA 作動性神経を抑制する。"",""ゾニサミドは、グルタミン酸 AMPA 受容体を刺激することで、ドパミン作動 性神経を亢進させる。"",""カルビドパは、ドパミン b︲ヒドロキシラーゼを阻害することで、レボドパの 脳内移行を高める。"",""ドネペジルは、アセチルコリンエステラーゼを阻害することで、アミロイド b タンパク質の分解を促進する。"",""クロナゼパムは、c︲アミノ酪酸 GABAA 受容体のベンゾジアゼピン結合部位に 結合することで、GABA による Cl チャネルの開口を促進する。 - 一般問題（薬学理論問題）【薬理】""]"	multiChoice	[0,4]	null	normal	false	parsed	"[""none""]"		https://www.mhlw.go.jp/content/001226761.pdf	https://www.mhlw.go.jp/content/001228441.pdf	2024-02-18	MHLW website content under Public Data License 1.0 unless separately indicated; third-party content requires separate review
P109-156	109	156	理論	薬理	花粉症の治療に用いられる薬物に関する記述のうち、正しいのはどれか。2つ 選べ。	"[""レボセチリジンは、知覚神経のヒスタミン H1 受容体を遮断し、くしゃみを抑 制する。"",""クロモグリク酸は、ロイコトリエン CysLT1 受容体を遮断し、眼のかゆみを軽 減する。"",""ラマトロバンは、プロスタノイド TP 受容体及びプロスタノイド DP₂ 受容体 （CRTH₂ 受容体）を遮断し、鼻粘膜の炎症を軽減する。"",""ナファゾリンは、鼻粘膜のアドレナリン a1 受容体を遮断することで血管平滑 筋を弛緩させ、鼻閉を軽減する。"",""トラニラストは、ヤヌスキナーゼ（JAK）を阻害することで炎症細胞の活性化 を抑制し、結膜の充血を軽減する。 一般問題（薬学理論問題）【薬理／病態・薬物治療】""]"	multiChoice	[0,2]	null	normal	false	parsed	"[""none""]"		https://www.mhlw.go.jp/content/001226761.pdf	https://www.mhlw.go.jp/content/001228441.pdf	2024-02-18	MHLW website content under Public Data License 1.0 unless separately indicated; third-party content requires separate review
P109-157	109	157	理論	病態・薬物治療	−158 ₃₇ 歳女性。アレルギー疾患の既往歴なし。顔面に紅斑が出現したため、近 医を受診し、全身性エリテマトーデス（SLE）と診断された。ステロイド療法が施 行され、病状は落ち着いた。副腎皮質ステロイド性薬の漸減中に、突然、上機嫌に なって多弁となったり、急に無表情になったり、「スマートフォンの使い方が分か らなくなった。」と困惑して涙ぐんだりする症状が目立つようになった。血液検査 の結果は以下のとおりである。 （検査値） 赤血球 ₄₀₀ # ₁₀ /nL、白血球 ₅ , ₁₂₀/nL、血小板 ₂₀ . ₈ # ₁₀ /nL、 4 4 血清クレアチニン ₁ . ₈₄ mg/dL、eGFR ₃₂ . ₈ mL/min/₁ . ₇₃ m 、 空腹時血糖 ₁₁₂ mg/dL、HbA₁c ₆ . ₅％、抗核抗体（+）、尿タンパク（ ₂+）、 尿潜血（+） 問 157（病態・薬物治療） この患者に関する記述のうち、正しいのはどれか。2つ選べ。	"[""SLE はⅠ型アレルギーによって発症した。"",""顔面の紅斑は鼻梁から頬にかけて一側性である。"",""副腎皮質ステロイド性薬の漸減中の症状から中枢神経ループスが疑われる。"",""血液検査から汎血球減少症が疑われる。"",""血液検査からループス腎炎が疑われる。""]"	multiChoice	[2,4]	null	normal	false	parsed	"[""none""]"		https://www.mhlw.go.jp/content/001226761.pdf	https://www.mhlw.go.jp/content/001228441.pdf	2024-02-18	MHLW website content under Public Data License 1.0 unless separately indicated; third-party content requires separate review
P109-158	109	158	理論	薬理	（薬理） SLE 及びその合併症の治療に用いられる薬物に関する記述のうち、正しいのは どれか。2つ選べ。	"[""シクロホスファミドは、肝臓で代謝されて活性体となり、DNA をアルキル化 して、DNA の複製を阻害する。"",""ミゾリビンは、ジヒドロ葉酸還元酵素を阻害して、チミジル酸の合成を抑制す る。"",""タクロリムスは、活性化 T 細胞核内因子（NFAT）のリン酸化を阻害して、 IL︲₂ の産生を抑制する。"",""ミコフェノール酸モフェチルは、体内でミコフェノール酸に加水分解され、プ リン塩基の合成を抑制する。"",""ベリムマブは、B リンパ球細胞膜の CD₂₀ に結合して、B リンパ球の増殖を抑 制する。 一般問題（薬学理論問題）【薬理】""]"	multiChoice	[0,3]	null	normal	false	parsed	"[""none""]"		https://www.mhlw.go.jp/content/001226761.pdf	https://www.mhlw.go.jp/content/001228441.pdf	2024-02-18	MHLW website content under Public Data License 1.0 unless separately indicated; third-party content requires separate review
P109-159	109	159	理論	薬理	心不全の治療に用いられる薬物に関する記述のうち、正しいのはどれか。2つ 選べ。	"[""ジゴキシンは、Na , K ︲ATPase を活性化し、心筋細胞内 Ca 濃度を上昇さ + + 2+ せて、強心作用を示す。"",""ピモベンダンは、サイクリック AMP（cAMP）誘導体で、細胞内で cAMP に 変換されて、強心作用を示す。"",""ビソプロロールは、アドレナリン b1 受容体を遮断し、心臓のリモデリングを 抑制する。"",""カルペリチドは、生体内で活性体となり、ナトリウム利尿ペプチドの分解を阻 害して、血管拡張作用と利尿作用を示す。"",""イバブラジンは、過分極活性化環状ヌクレオチド依存性チャネル（HCN チャ ネル）を遮断して、心拍数を減少させる。""]"	multiChoice	[2,4]	null	normal	false	parsed	"[""none""]"		https://www.mhlw.go.jp/content/001226761.pdf	https://www.mhlw.go.jp/content/001228441.pdf	2024-02-18	MHLW website content under Public Data License 1.0 unless separately indicated; third-party content requires separate review
P109-160	109	160	理論	病態・薬物治療	高血圧症に用いられる薬物に関する記述のうち、正しいのはどれか。2つ選 べ。	"[""メチルドパは、延髄の血管運動中枢及び交感神経終末のアドレナリン a2 受容 体を遮断することで、交感神経活動を抑制する。"",""ラベタロールは、アドレナリン a1 受容体及び b1 受容体を遮断することで、血 圧を低下させる。"",""テルミサルタンは、傍糸球体細胞のアンジオテンシンⅡ AT1 受容体を遮断す ることで、レニン分泌を抑制する。"",""リシノプリルは、アンジオテンシンⅡの生成を抑制し、副腎皮質からのアルド ステロン分泌を低下させるため、低カリウム血症を引き起こしやすい。"",""ジルチアゼムは、心臓の電位依存性 L 型 Ca チャネルを遮断するため、房室 2+ ブロックを誘発しやすい。""]"	multiChoice	[1,4]	null	normal	false	parsed	"[""none""]"		https://www.mhlw.go.jp/content/001226761.pdf	https://www.mhlw.go.jp/content/001228441.pdf	2024-02-18	MHLW website content under Public Data License 1.0 unless separately indicated; third-party content requires separate review
P109-161	109	161	理論	薬理	造血系に作用する薬物に関する記述のうち、正しいのはどれか。2つ選べ。	"[""エルトロンボパグは、赤芽球系前駆細胞のエリスロポエチン受容体を刺激する ことで、赤血球の産生を促進する。"",""メコバラミンは、赤芽球内のヘム合成酵素の補酵素として作用することで、ヘ ムの合成を促進する。"",""ダプロデュスタットは、低酸素誘導因子（HIF）プロリン水酸化酵素を阻害す ることで、HIF の分解を抑制してエリスロポエチンの産生を促進する。"",""フィルグラスチムは、単球系前駆細胞から単球への分化を促進することで、単 球からの顆粒球コロニー刺激因子（G︲CSF）の放出を増加させる。"",""葉酸は、体内でテトラヒドロ葉酸に代謝されて、DNA 合成の補酵素として作 用し、赤血球の成熟を促進する。""]"	multiChoice	[2,4]	null	normal	false	parsed	"[""none""]"		https://www.mhlw.go.jp/content/001226761.pdf	https://www.mhlw.go.jp/content/001228441.pdf	2024-02-18	MHLW website content under Public Data License 1.0 unless separately indicated; third-party content requires separate review
P109-162	109	162	理論	薬理	胃・十二指腸潰瘍の治療に用いられる薬物に関する記述のうち、正しいのはど れか。2つ選べ。	"[""スクラルファートは、胃潰瘍部位に結合することで、ペプシンによる自己消化 から粘膜組織を保護する。"",""ラニチジンは、胃の壁細胞に存在するヒスタミン H2 受容体を遮断すること で、プロトンポンプの活性化を抑制する。"",""ランソプラゾールは、K に競合してプロトンポンプを阻害することで、胃酸 + 分泌を抑制する。"",""ミソプロストールは、プロスタグランジン合成酵素を活性化することで、胃粘 膜のプロスタグランジンを増加させる。"",""オキセサゼインは、ガストリン受容体を遮断することで、胃酸分泌を抑制す る。""]"	multiChoice	[0,1]	null	normal	false	parsed	"[""none""]"		https://www.mhlw.go.jp/content/001226761.pdf	https://www.mhlw.go.jp/content/001228441.pdf	2024-02-18	MHLW website content under Public Data License 1.0 unless separately indicated; third-party content requires separate review
P109-163	109	163	理論	薬理	肝疾患、膵疾患及び胆道疾患の治療に用いられる薬物に関する記述のうち、正 しいのはどれか。2つ選べ。	"[""フロプロピオンは、カテコール︲O ︲メチルトランスフェラーゼ（COMT）を阻 害してノルアドレナリンの代謝を抑制することで、Oddi 括約筋を弛緩させる。"",""ウルソデオキシコール酸は、胆汁酸の増加を伴わずに胆石表面のコレステロー ルをミセル化することで、コレステロール胆石を溶解する。"",""カモスタットは、膵外分泌を促進して膵機能を活性化することで、慢性膵炎を 改善する。"",""テノホビルは、NS₅A 複製複合体を阻害することで、B 型肝炎ウイルス（HBV） の複製を抑制する。"",""ソホスブビルは、NS₅B RNA 依存性 RNA ポリメラーゼを阻害することで、 C 型肝炎ウイルス（HCV）の複製を抑制する。""]"	multiChoice	[0,4]	null	normal	false	parsed	"[""none""]"		https://www.mhlw.go.jp/content/001226761.pdf	https://www.mhlw.go.jp/content/001228441.pdf	2024-02-18	MHLW website content under Public Data License 1.0 unless separately indicated; third-party content requires separate review
P109-164	109	164	理論	薬理	高尿酸血症の治療に用いられる薬物に関する記述のうち、正しいのはどれか。 2つ選べ。	"[""プロベネシドは、尿細管における尿酸の再吸収及び分泌を阻害する。"",""トピロキソスタットは、キサンチンオキシダーゼにより代謝され、その産物が キサンチンオキシダーゼを阻害する。"",""ラスブリカーゼは、アラントインの生合成を阻害して、尿酸の分解を促進す る。"",""ドチヌラドは、尿酸トランスポーター（URATl）を阻害して、尿酸の再吸収 を抑制する。"",""クエン酸カリウム・クエン酸ナトリウム配合剤は、尿の pH を低下させて、尿 路結石の形成を抑制する。 一般問題（薬学理論問題）【薬理／病態・薬物治療】""]"	multiChoice	[0,3]	null	normal	false	parsed	"[""none""]"		https://www.mhlw.go.jp/content/001226761.pdf	https://www.mhlw.go.jp/content/001228441.pdf	2024-02-18	MHLW website content under Public Data License 1.0 unless separately indicated; third-party content requires separate review
P109-165	109	165	理論	薬理	−166 ₅₀ 歳女性。 ₅ 年前に近医にて高血圧を指摘され、アムロジピン ₅ mg/日を 服用していた。最近の血圧は ₁₅₅/₉₅ mmHg 程度と高値が持続しており、頭痛や脱 力を自覚し今回受診した。二次性高血圧が疑われたため、腹部 CT 検査が実施され て左副腎に腫瘍を認めたが、血中コルチゾール値や血中カテコールアミン値の上昇 は認めなかった。 問 165（薬理） この患者にスピロノラクトンが投与されることになった。スピロノラクトンに関 する記述として、正しいのはどれか。2つ選べ。	"[""上皮性 Na チャネルの発現を増加させる。 +"",""アルドステロン誘導タンパク質の生合成を抑制する。"",""腎尿細管における Na , K ︲ATPase の発現を増加させる。 + +"",""腎尿細管における K 分泌を促進する。 +"",""抗アンドロゲン作用を示す。""]"	multiChoice	[1,4]	null	normal	false	parsed	"[""none""]"		https://www.mhlw.go.jp/content/001226761.pdf	https://www.mhlw.go.jp/content/001228441.pdf	2024-02-18	MHLW website content under Public Data License 1.0 unless separately indicated; third-party content requires separate review
P109-166	109	166	理論	病態・薬物治療	（病態・薬物治療） 本症例で認められる血液検査所見として、正しいのはどれか。2つ選べ。	"[""カリウム低値"",""カルシウム高値"",""LDL コレステロール高値"",""遊離チロキシン（FT₄）高値"",""レニン活性低値""]"	multiChoice	[0,4]	null	normal	false	parsed	"[""none""]"		https://www.mhlw.go.jp/content/001226761.pdf	https://www.mhlw.go.jp/content/001228441.pdf	2024-02-18	MHLW website content under Public Data License 1.0 unless separately indicated; third-party content requires separate review
P109-167	109	167	理論	病態・薬物治療	−168 ₃₅ 歳男性。献血時の検査でヒト免疫不全ウイルス（HIV）抗体陽性とな り、HIV 感染症と診断された。 問 167（病態・薬物治療） この症例に対する治療に関する記述のうち、正しいのはどれか。2つ選べ。	"[""CD₄ 陽性リンパ球数が基準範囲内であっても、抗レトロウイルス療法が必要で ある。"",""抗レトロウイルス療法では、抗 HIV 薬の単剤で治療を開始する。"",""HIV︲RNA 量が減少した場合には、抗 HIV 薬を休薬する。"",""免疫再構築症候群は、後天性免疫不全症候群（AIDS）や HIV 感染症の治療中 にみられる炎症を主体とする病態である。"",""抗レトロウイルス療法を行っても、生命予後は改善しない。""]"	multiChoice	[0,3]	null	normal	false	parsed	"[""none""]"		https://www.mhlw.go.jp/content/001226761.pdf	https://www.mhlw.go.jp/content/001228441.pdf	2024-02-18	MHLW website content under Public Data License 1.0 unless separately indicated; third-party content requires separate review
P109-168	109	168	理論	薬理	（薬理） HIV 感染症治療薬に関する記述のうち、正しいのはどれか。2つ選べ。	"[""エムトリシタビンは、HIV 感染細胞内でリン酸化されて活性体となり、HIV の RNA 依存性 DNA ポリメラーゼを阻害する。"",""マラビロクは、RNA 依存性 DNA ポリメラーゼの活性中心近傍に結合して、 酵素活性を阻害する。"",""ラルテグラビルは、HIV インテグラーゼを阻害して、ウイルス DNA の宿主 DNA への組込みを抑制する。"",""アバカビルは、HIV プロテアーゼを阻害して、ウイルスタンパク質の産生を抑 制する。"",""エファビレンツは、宿主の細胞膜上の C︲C ケモカイン受容体 ₅ （CCR₅）に結 合して、HIV の細胞内への侵入を抑制する。 一般問題（薬学理論問題）【薬理】""]"	multiChoice	[0,2]	null	normal	false	parsed	"[""none""]"		https://www.mhlw.go.jp/content/001226761.pdf	https://www.mhlw.go.jp/content/001228441.pdf	2024-02-18	MHLW website content under Public Data License 1.0 unless separately indicated; third-party content requires separate review
P109-169	109	169	理論	薬理	抗悪性腫瘍薬に関する記述のうち、正しいのはどれか。2つ選べ。	"[""シタラビンは、標的細胞で三リン酸化体となり、DNA ポリメラーゼを阻害し て、DNA 合成を低下させる。"",""テガフールは、活性代謝産物が活性酸素を発生させて、DNA を酸化的に傷害 する。"",""フルダラビンは、トポイソメラーゼⅠを阻害して、がん細胞の G₂ 期への移行 を抑制する。"",""ドキソルビシンは、DNA ポリメラーゼ及び RNA ポリメラーゼを阻害して、 DNA 及び RNA の合成を低下させる。"",""アファチニブは、血管内皮細胞増殖因子受容体（VEGFR）チロシンキナーゼ を阻害して、血管新生を抑制する。 一般問題（薬学理論問題）【薬剤】""]"	multiChoice	[0,3]	null	normal	false	parsed	"[""none""]"		https://www.mhlw.go.jp/content/001226761.pdf	https://www.mhlw.go.jp/content/001228441.pdf	2024-02-18	MHLW website content under Public Data License 1.0 unless separately indicated; third-party content requires separate review
P109-170	109	170	理論	薬剤	下図はイトラコナゾールカプセル ₂₀₀ mg を健常人男性（₂₁～₂₈ 歳）₁₂ 名に経 口投与した際の血中濃度（平均値）の時間推移を示す。イトラコナゾールの最高血 中濃度はファモチジンとともに服用した場合、₅₃％に減少した。イトラコナゾール の吸収過程におけるファモチジンとの相互作用及びその回避法に関する記述のう ち、正しいのはどれか。2つ選べ。 血中イトラコナゾール濃度（ng/mL） ₀ . ₂₅ イトラコナゾール ₀.₂ 単独投与 ₀ . ₁₅ イトラコナゾール +ファモチジン ₀.₁ ₀ . ₀₅ ₀ ₁ ₃ ₆ ₁₂ ₂₄ ₄₈ 時間（h） ○：イトラコナゾールカプセルを水で服用 ●：イトラコナゾールカプセルをファモチジン錠（₄₀ mg）とともに水で服用	"[""イトラコナゾールがファモチジンと難溶性のキレートを形成するため、吸収が 低下する。"",""ファモチジンが P︲糖タンパク質によるイトラコナゾールの分泌を阻害するた め、吸収が低下する。"",""ファモチジンの作用により胃内 pH が上昇し、イトラコナゾールの溶解性が低 下するため、吸収が低下する。"",""ファモチジンの代替薬としてオメプラゾールを検討する。"",""イトラコナゾール製剤として経口液剤を検討する。""]"	multiChoice	[2,4]	null	normal	true	parsed	"[""none""]"		https://www.mhlw.go.jp/content/001226761.pdf	https://www.mhlw.go.jp/content/001228441.pdf	2024-02-18	MHLW website content under Public Data License 1.0 unless separately indicated; third-party content requires separate review
P109-171	109	171	理論	薬剤	経口投与する薬物について、食事により量的バイオアベイラビリティは変わら ないが、速度的バイオアベイラビリティが低下するのはどれか。2つ選べ。	"[""アセトアミノフェン"",""セファクロル"",""リボフラビン"",""フェニトイン"",""インドメタシン ファルネシル""]"	multiChoice	[0,1]	null	normal	false	parsed	"[""none""]"		https://www.mhlw.go.jp/content/001226761.pdf	https://www.mhlw.go.jp/content/001228441.pdf	2024-02-18	MHLW website content under Public Data License 1.0 unless separately indicated; third-party content requires separate review
P109-172	109	172	理論	薬剤	線形 ₁︲コンパートメントモデルに従い、肝代謝と腎排泄によってのみ体内から 消失する薬物Ａを、ある患者に急速静注したときの体内動態データを以下に示す。 この患者の糸球体ろ過速度（GFR）を ₁₂₀ mL/min としたとき、薬物Ａの血漿タ ンパク非結合率に最も近い値はどれか。1つ選べ。ただし、薬物Ａは腎尿細管で分 泌・再吸収を受けず、血漿タンパク非結合形のみが糸球体でろ過されるものとす る。 薬物Ａの体内動態データ 投与量（mg） ₁₀ 血漿中薬物濃度時間曲線下面積（AUC） ₂.₀ （ng・h/mL） 未変化体の尿中総排泄量（mg） ₁.₂ 代謝物の尿中総排泄量（mg） ₈.₈ （未変化体相当量に換算）	"[""₀ . ₀₂"",""₀ . ₀₄"",""₀ . ₀₆"",""₀ . ₀₈"",""₀ . ₁₀""]"	singleChoice	3	null	normal	false	parsed	"[""none""]"		https://www.mhlw.go.jp/content/001226761.pdf	https://www.mhlw.go.jp/content/001228441.pdf	2024-02-18	MHLW website content under Public Data License 1.0 unless separately indicated; third-party content requires separate review
P109-173	109	173	理論	薬剤	薬物のみかけの分布容積とその変動に関与する血漿タンパク結合に関する記述 のうち、正しいのはどれか。2つ選べ。	"[""みかけの分布容積は、体内薬物量と血漿中薬物濃度の平衡定数として定義され る。"",""特定の臓器や細胞内小器官（核やリソソーム、ミトコンドリアなど）に分布す る薬物は、体重 ₁ kg あたりの分布容積が ₁₀ L を越えることがある。"",""脂溶性の高い薬物の分布容積は加齢に伴って減少する。"",""血漿タンパク結合率が高い薬物のみかけの分布容積は体内水分量とほぼ等し い。"",""タンパク非結合型薬物の濃度は、定常状態において血漿中と組織間隙液中との 間でほぼ等しい。""]"	multiChoice	[1,4]	null	normal	false	parsed	"[""none""]"		https://www.mhlw.go.jp/content/001226761.pdf	https://www.mhlw.go.jp/content/001228441.pdf	2024-02-18	MHLW website content under Public Data License 1.0 unless separately indicated; third-party content requires separate review
P109-174	109	174	理論	薬剤	薬物代謝酵素の遺伝子多型に関する記述のうち、正しいのはどれか。2つ選 べ。	"[""CYP₂C₁₉ の遺伝子多型によってオメプラゾールの血中濃度時間曲線下面積 （AUC）は変化するが、代謝物の AUC は変化しない。"",""CYP₂D₆ の遺伝子多型が関与するイミプラミンの poor metabolizer（PM）で は、活性代謝物の血中濃度が高い。"",""アザチオプリンを使用する前には、UDP︲グルクロン酸転移酵素（UGT₁A₁） の遺伝子多型の診断が行われている。"",""N ︲アセチル転移酵素（NAT₂）には遺伝子多型が存在し、日本人では約 ₁₀％ がイソニアジドのアセチル化反応速度が速い群に属する。"",""アルデヒド脱水素酵素（ALDH₂）は PM の頻度に人種差があり、白人と比べ て日本人では PM の出現率が高い。""]"	multiChoice	[1,4]	null	normal	false	parsed	"[""none""]"		https://www.mhlw.go.jp/content/001226761.pdf	https://www.mhlw.go.jp/content/001228441.pdf	2024-02-18	MHLW website content under Public Data License 1.0 unless separately indicated; third-party content requires separate review
P109-175	109	175	理論	薬剤	下表には薬物の肝抽出率及び血漿タンパク結合率を示す。これら ₃ 種の薬物の 体内動態の変動に関する記述のうち、正しいのはどれか。2つ選べ。 薬物 肝抽出率 血漿タンパク結合率 ニカルジピン ₀ . ₇ より大 ₀ . ₈ より大 フェニトイン ₀ . ₃ より小 ₀ . ₈ より大 テオフィリン ₀ . ₃ より小 ₀ . ₈ より小	"[""ニカルジピンの肝クリアランスは、肝血流量による影響を受けない。"",""ニカルジピンの定常状態における非結合形薬物濃度は、肝血流量が一定であれ ば、血漿タンパク結合率の変動による影響を受けない。"",""フェニトインとテオフィリンの肝クリアランスは、いずれも肝固有クリアラン スの変動の影響を受けやすい。"",""血漿タンパク質の減少による肝クリアランスへの影響は、フェニトインよりテ オフィリンの方が大きい。"",""フェニトインとテオフィリンの定常状態における非結合形薬物濃度は、肝固有 クリアランスが一定であれば、血漿タンパク結合率の変動による影響を受けな い。""]"	multiChoice	[2,4]	null	normal	true	parsed	"[""none""]"		https://www.mhlw.go.jp/content/001226761.pdf	https://www.mhlw.go.jp/content/001228441.pdf	2024-02-18	MHLW website content under Public Data License 1.0 unless separately indicated; third-party content requires separate review
P109-176	109	176	理論	薬剤	TDM の実施が望ましい薬物の性質として、正しいのはどれか。2つ選べ。	"[""有効血中濃度の範囲が広い。"",""体内動態の個人差が小さい。"",""薬物相互作用を受ける可能性が低い。"",""体内動態に非線形性が認められる。"",""副作用と対象疾患の症状の区別が難しい。""]"	multiChoice	[3,4]	null	normal	false	parsed	"[""none""]"		https://www.mhlw.go.jp/content/001226761.pdf	https://www.mhlw.go.jp/content/001228441.pdf	2024-02-18	MHLW website content under Public Data License 1.0 unless separately indicated; third-party content requires separate review
P109-177	109	177	理論	薬剤	−178 抗悪性腫瘍薬であるイリノテカンはプロドラッグである。この薬物の製剤 と代謝に関する以下の問に答えよ。 問 177 イリノテカン塩酸塩水和物を有効成分とするオニバイド点滴静注に関する記述 のうち、正しいのはどれか。2つ選べ。なお、本製剤は以下の添加物を含む。 添加物 ₁ , ₂︲ジステアロイル︲sn︲グリセロ︲₃︲ホスホコリン、コレステロール、 N ︲（カルボニル︲メトキシポリエチレングリコール︲₂₀₀₀）︲₁ , ₂︲ジステアロイル ︲sn︲グリセロ︲₃︲ホスホエタノールアミンナトリウム塩、 ₄︲（₂︲ヒドロキシエチル）︲₁︲ピペラジンエタンスルホン酸	"[""イリノテカンをポリエチレングリコール誘導体で可溶化した製剤である。"",""ポリエチレングリコールで表面が修飾されたリポソーム製剤である。"",""能動的ターゲティングにより腫瘍に集積する。"",""細網内皮系を回避することにより血中に滞留する。"",""製剤中に含まれる微粒子は ₁₅₀ nm 程度である。""]"	multiChoice	[1,3]	null	normal	false	parsed	"[""none""]"		https://www.mhlw.go.jp/content/001226761.pdf	https://www.mhlw.go.jp/content/001228441.pdf	2024-02-18	MHLW website content under Public Data License 1.0 unless separately indicated; third-party content requires separate review
P109-178	109	178	理論	薬剤	イリノテカンは酵素（ア）によって活性代謝物（イ）に変換され、さらに酵素 （ウ）によって代謝物（エ）に変換され不活化される。（ア）の酵素及び（イ）の 構造式、 （ウ）の酵素及び（エ）の構造式のそれぞれの組合せとして、正しいのは どれか。1つ選べ。 Ａ Ｂ CH3 CH3 COOH HO O O O O N OH N N N OH O OH O H3C O H3C O OH OH Ｃ CH3 HO3SO O N N O H3C O OH 酵素（ア） 代謝物（イ） 酵素（ウ） 代謝物（エ）	"[""CYP₃A₄ Ａ 硫酸転移酵素 Ｃ"",""UDP︲グルクロン酸転移酵素 Ａ CYP₃A₄ Ｂ"",""カルボキシルエステラーゼ Ａ UDP︲グルクロン酸転移酵素 Ｂ"",""CYP₃A₄ Ｂ 硫酸転移酵素 Ｃ"",""UDP︲グルクロン酸転移酵素 Ｂ カルボキシルエステラーゼ Ａ"",""カルボキシルエステラーゼ Ｂ UDP︲グルクロン酸転移酵素 Ａ""]"	singleChoice	2	null	normal	true	parsed	"[""none""]"		https://www.mhlw.go.jp/content/001226761.pdf	https://www.mhlw.go.jp/content/001228441.pdf	2024-02-18	MHLW website content under Public Data License 1.0 unless separately indicated; third-party content requires separate review
P109-179	109	179	理論	薬剤	₂ 種類の粉体Ａ及びＢの粉体層について、図 1 に示すように、種々の垂直応力 （v）を加えた状態で可動セルを水平方向に引っ張ることでせん断試験を行った。 得られたせん断応力（x）の値を v に対してプロットした結果を図 2 に示す。以下 の記述のうち、正しいのはどれか。2つ選べ。ただし、x と v の間にはクーロンの 式が成立するものとする。 クーロンの式 x = n・v + C n：内部摩擦係数、C：付着力（いずれも定数） 粉体Ａ フタ 垂直応力 v せん断応力（x） 可動セル 引張り応力 粉体Ｂ 粉体層 固定セル せん断応力 x 垂直応力（v） 図1 図2	"[""粉体Ａは粉体Ｂよりも安息角が大きい。"",""粉体Ａを造粒するとグラフの傾きが大きくなる。"",""粉体Ｂは粉体Ａよりも付着力が強い。"",""粉体Ｂに滑沢剤を適量添加すると内部摩擦係数が大きくなる。"",""粉体Ｂは粉体Ａよりもオリフィスからの流出速度が大きい。""]"	multiChoice	[0,4]	null	normal	true	parsed	"[""none""]"		https://www.mhlw.go.jp/content/001226761.pdf	https://www.mhlw.go.jp/content/001228441.pdf	2024-02-18	MHLW website content under Public Data License 1.0 unless separately indicated; third-party content requires separate review
P109-180	109	180	理論	薬剤	固体薬物Ａを S = ₃ cm の円盤状に圧縮し、回転円盤法で ₃₇ ℃において溶解 実験を行った。固体薬物Ａの溶解速度は（ ₁ ）の式に従い、試験中 S は変化しな CS いものとする。t = ₀ のとき C = ₀ 、₁₁ 分後の薬物Ａの濃度が であるとき、 ₂ 固体薬物Ａのみかけの溶解速度定数 k（min ・cm ）に最も近い値はどれか。1 -1 -2 つ選べ。ただし、ln ₂ = ₀ . ₆₉₃ とする。 dC = kS（CS - C ） …（ ₁ ） dt dC ：溶解速度、k：みかけの溶解速度定数、S：有効表面積 dt CS：薬物の溶解度、C：時間 t における溶液中の薬物濃度	"[""₀ . ₀₂₁"",""₀ . ₀₃₃"",""₀ . ₀₆₃"",""₀ . ₀₇₇"",""₀ . ₀₉₉""]"	singleChoice	0	null	normal	false	parsed	"[""none""]"		https://www.mhlw.go.jp/content/001226761.pdf	https://www.mhlw.go.jp/content/001228441.pdf	2024-02-18	MHLW website content under Public Data License 1.0 unless separately indicated; third-party content requires separate review
P109-181	109	181	理論	薬剤	薬物の溶解性の改善に用いる添加剤とその溶解性改善の機構との組合せのう ち、正しいのはどれか。2つ選べ。 添加剤 溶解性改善の機構	"[""ポリオキシエチレン硬化ヒマシ油 ₆₀ 可溶性塩の形成"",""ヒドロキシプロピルメチルセルロース 固体分散体形成"",""ポリビニルピロリドン 自己乳化"",""エチレンジアミン ミセル内取り込み"",""エタノール コソルベンシー""]"	multiChoice	[1,4]	null	normal	false	parsed	"[""none""]"		https://www.mhlw.go.jp/content/001226761.pdf	https://www.mhlw.go.jp/content/001228441.pdf	2024-02-18	MHLW website content under Public Data License 1.0 unless separately indicated; third-party content requires separate review
P109-182	109	182	理論	薬剤	バイオ医薬品の微粒子製剤の水への分散性を、ゼータ電位と平均粒子径から評 価した。下図の異なる pH における結果に関する記述のうち、正しいのはどれか。 2つ選べ。ただし、一次粒子の粒子径は pH により変化せず、温度は一定とする。 また、粒度分布は一峰性で十分小さく、粒子の凝集は可逆的とする。 （mV） （nm） ₂₅ ₄₅₀ ） ） ゼータ電位（ 平均粒子径（ ₀ ₃₀₀ -₂₅ ₁₅₀ ₀ ₂ ₄ ₆ ₈ ₁₀ ₁₂ pH	"[""pH ₂ で分散粒子は正に帯電している。"",""pH ₅ 付近で最も凝集性が高い。"",""pH ₆ 付近で粒子表面は電気的に中性である。"",""pH ₈ 以上で粒子は凝析している。"",""塩を加えることで pH によらず分散性を改善できる。""]"	multiChoice	[0,1]	null	normal	true	parsed	"[""none""]"		https://www.mhlw.go.jp/content/001226761.pdf	https://www.mhlw.go.jp/content/001228441.pdf	2024-02-18	MHLW website content under Public Data License 1.0 unless separately indicated; third-party content requires separate review
P109-183	109	183	理論	薬剤	下図は湿式顆粒圧縮法の製造工程である。Ａ、Ｂの単位操作で使用する装置の 組合せのうち、正しいのはどれか。1つ選べ。 篩過・分級 湿式造粒 乾燥 整粒 混合 打錠 原薬 Ａ Ｂ 添加剤 ア イ 送風 パン スプレー ボール ローラー 粉体 ウ エ スクリーン オ 排気口 ヒーター 空気入口 Ａ Ｂ	"[""ア イ"",""オ エ"",""イ ウ"",""エ オ"",""ウ ア""]"	singleChoice	2	null	normal	true	parsed	"[""none""]"		https://www.mhlw.go.jp/content/001226761.pdf	https://www.mhlw.go.jp/content/001228441.pdf	2024-02-18	MHLW website content under Public Data License 1.0 unless separately indicated; third-party content requires separate review
P109-184	109	184	理論	薬剤	図 1 に示すニフェジピン徐放錠を ₈ 分割又は分割せずに、 ₁ 錠分をヒトに経口 投与したときの血漿中ニフェジピン濃度の推移を図 2 に示す。この錠剤に関する記 述のうち、正しいのはどれか。2つ選べ。 外層部：ゆっくり溶出 内核錠：すみやかに溶出 図1 ニフェジピン徐放錠の構造と溶出特性 ₉₀ ₈₀ 血漿中濃度（ng/mL） Ａ ₇₀ ₆₀ Ｂ ₅₀ ₄₀ ₃₀ ₂₀ ₁₀ ₀ ₀ ₆ ₁₂ ₁₈ ₂₄ 投与後時間（h） 図2 血漿中ニフェジピン濃度推移	"[""スパンタブ型の錠剤である。"",""₈ 分割した錠剤の血中濃度推移はＡである。"",""外層部は徐放性マトリックスである。"",""内核錠は徐放性コーティングされている。"",""錠剤全体が腸溶性コーティングされている。 一般問題（薬学理論問題）【病態・薬物治療】""]"	multiChoice	[1,2]	null	normal	false	parsed	"[""none""]"		https://www.mhlw.go.jp/content/001226761.pdf	https://www.mhlw.go.jp/content/001228441.pdf	2024-02-18	MHLW website content under Public Data License 1.0 unless separately indicated; third-party content requires separate review
P109-185	109	185	理論	病態・薬物治療	薬剤服用後に発症する偽膜性大腸炎に関する記述のうち、正しいのはどれか。 2つ選べ。	"[""主な原因医薬品として、抗菌薬がある。"",""緑膿菌感染による大腸炎である場合が多い。"",""便秘が持続し、腸閉塞に至ることが多い。"",""治療薬として、メトロニダゾールやバンコマイシン塩酸塩が使用される。"",""難治性の場合は、インフリキシマブが用いられる。""]"	multiChoice	[0,3]	null	normal	false	parsed	"[""none""]"		https://www.mhlw.go.jp/content/001226761.pdf	https://www.mhlw.go.jp/content/001228441.pdf	2024-02-18	MHLW website content under Public Data License 1.0 unless separately indicated; third-party content requires separate review
P109-186	109	186	理論	病態・薬物治療	骨粗しょう症に関する記述のうち、正しいのはどれか。2つ選べ。	"[""閉経後は、骨吸収の相対的な低下により、骨量の減少をきたす。"",""典型的な X 線所見として、頭蓋骨の打ち抜き像がある。"",""骨代謝マーカーは、骨折リスクの予測に有用である。"",""閉経後骨粗しょう症の治療には、エストロゲンの補充療法を行う。"",""選択的エストロゲン受容体モジュレーター（SERM）は、乳腺や子宮内膜に対 してエストロゲン様作用を示す。""]"	multiChoice	[2,3]	null	normal	false	parsed	"[""none""]"		https://www.mhlw.go.jp/content/001226761.pdf	https://www.mhlw.go.jp/content/001228441.pdf	2024-02-18	MHLW website content under Public Data License 1.0 unless separately indicated; third-party content requires separate review
P109-187	109	187	理論	病態・薬物治療	再生不良性貧血に関する記述のうち、正しいのはどれか。2つ選べ。	"[""血清鉄が増加する。"",""不飽和鉄結合能が増大する。"",""小球性低色素性貧血に分類される。"",""エリスロポエチン産生が亢進する。"",""血小板数は変化しない。""]"	multiChoice	[0,3]	null	normal	false	parsed	"[""none""]"		https://www.mhlw.go.jp/content/001226761.pdf	https://www.mhlw.go.jp/content/001228441.pdf	2024-02-18	MHLW website content under Public Data License 1.0 unless separately indicated; third-party content requires separate review
P109-188	109	188	理論	病態・薬物治療	₇₂ 歳男性。本態性高血圧症のために、処方 ₁ 及び処方 ₂ を服用していた。最 近、血圧が上昇したため、薬物による降圧療法を強化することになった。追加する 治療薬として、最も適切なのはどれか。1つ選べ。 （処方 ₁ ） ニフェジピン徐放錠 ₂₀ mg ₁ 回 ₂ 錠（ ₁ 日 ₄ 錠） ₁日₂回 朝夕食後 ₁₄ 日分 （処方 ₂ ） テルミサルタン錠 ₄₀ mg ₁ 回 ₂ 錠（ ₁ 日 ₂ 錠） ₁日₁回 朝食後 ₁₄ 日分	"[""アムロジピンベシル酸塩"",""アメジニウムメチル硫酸塩"",""シベンゾリンコハク酸塩"",""イルベサルタン"",""ドキサゾシンメシル酸塩""]"	singleChoice	4	null	normal	false	parsed	"[""none""]"		https://www.mhlw.go.jp/content/001226761.pdf	https://www.mhlw.go.jp/content/001228441.pdf	2024-02-18	MHLW website content under Public Data License 1.0 unless separately indicated; third-party content requires separate review
P109-189	109	189	理論	病態・薬物治療	間質性肺炎に関する記述のうち、正しいのはどれか。2つ選べ。	"[""閉塞性換気障害のために肺活量が減少する。"",""原因として最も頻度が高いのは、副腎皮質ステロイド性薬の副作用である。"",""乾性咳嗽が出現する。"",""胸部聴診で呼息時にブツブツという粗い断続性ラ音が聴取される。"",""特発性肺線維症に対しては、ニンテダニブエタンスルホン酸塩を投与すること がある。""]"	multiChoice	[2,4]	null	normal	false	parsed	"[""none""]"		https://www.mhlw.go.jp/content/001226761.pdf	https://www.mhlw.go.jp/content/001228441.pdf	2024-02-18	MHLW website content under Public Data License 1.0 unless separately indicated; third-party content requires separate review
P109-190	109	190	理論	病態・薬物治療	₂₅ 歳男性。身長 ₁₇₆ cm、体重 ₆₅ kg。₂₀ 歳の時に ₁ 型糖尿病を発症し、 ₁ 日 ₄ 回のインスリン皮下注射と血糖自己測定によるインスリン強化療法を行ってき た。最近の血液検査で HbA₁c 値が ₇ . ₃％であったためインスリン治療の変更が計 画された。 （使用中の薬剤） インスリン アスパルト（遺伝子組換え） 朝食直前 ₁₀ 単位、昼食直前 ₇ 単位、夕食直前 ₉ 単位 インスリン デグルデク（遺伝子組換え） 就寝前 ₁₄ 単位 血糖自己測定値（毎食前と毎食 ₂ 時間後及び就寝前に測定） 前 ₁₀₀ mg/dL 朝食 後 ₁₆₀ mg/dL 前 ₁₁₀ mg/dL 昼食 後 ₂₂₀ mg/dL 前 ₁₄₀ mg/dL 夕食 後 ₂₄₀ mg/dL 就寝前 ₁₆₀ mg/dL インスリン注射量の変更に関して適切なのはどれか。2つ選べ。	"[""朝食直前のインスリン注射量を増量する。"",""朝食直前のインスリン注射量を減量する。"",""昼食直前のインスリン注射量を増量する。"",""夕食直前のインスリン注射量を増量する。"",""就寝前のインスリン注射量を減量する。""]"	multiChoice	[2,3]	null	normal	false	parsed	"[""none""]"		https://www.mhlw.go.jp/content/001226761.pdf	https://www.mhlw.go.jp/content/001228441.pdf	2024-02-18	MHLW website content under Public Data License 1.0 unless separately indicated; third-party content requires separate review
P109-191	109	191	理論	病態・薬物治療	白内障に関する記述のうち、正しいのはどれか。2つ選べ。	"[""硝子体が混濁する疾患の総称である。"",""先天性と後天性とに大別できる。"",""副腎皮質ステロイド性薬の長期投与により、発症を抑制できる。"",""治療に用いる点眼薬として、ピレノキシンとグルタチオンがある。"",""加齢による白内障では、点眼薬の投与により混濁が消失する。""]"	multiChoice	[1,3]	null	normal	false	parsed	"[""none""]"		https://www.mhlw.go.jp/content/001226761.pdf	https://www.mhlw.go.jp/content/001228441.pdf	2024-02-18	MHLW website content under Public Data License 1.0 unless separately indicated; third-party content requires separate review
P109-192	109	192	理論	病態・薬物治療	白癬及びその治療薬に関する記述のうち、正しいのはどれか。2つ選べ。	"[""足白癬の原因で最も頻度の高いのは、カンジダ・アルビカンスである。"",""足白癬への外用薬による治療は、 ₁ 週間で中止する。"",""爪白癬の治療には、内服薬は用いられない。"",""イトラコナゾール錠は、妊婦又は妊娠の可能性のある女性に禁忌である。"",""テルビナフィン塩酸塩錠の副作用として、重篤な肝障害がある。""]"	multiChoice	[3,4]	null	normal	false	parsed	"[""none""]"		https://www.mhlw.go.jp/content/001226761.pdf	https://www.mhlw.go.jp/content/001228441.pdf	2024-02-18	MHLW website content under Public Data License 1.0 unless separately indicated; third-party content requires separate review
P109-193	109	193	理論	病態・薬物治療	多発性骨髄腫の病態に関する記述のうち、正しいのはどれか。2つ選べ。	"[""T 細胞が腫瘍化する。"",""腫瘍細胞が産生する M タンパク質は、単クローン性の免疫グロブリンである。"",""アミロイドタンパク質が臓器や組織に沈着し、臓器障害をきたす。"",""骨髄細胞にフィラデルフィア染色体を認める。"",""脾腫が頻発する。""]"	multiChoice	[1,2]	null	normal	false	parsed	"[""none""]"		https://www.mhlw.go.jp/content/001226761.pdf	https://www.mhlw.go.jp/content/001228441.pdf	2024-02-18	MHLW website content under Public Data License 1.0 unless separately indicated; third-party content requires separate review
P109-194	109	194	理論	病態・薬物治療	ある疾患の予防薬である新薬 X の評価を行うために調査を行ったところ、プラ セボ対照無作為化二重盲検比較試験のデータが得られ、新薬 X の有効性が示され ていた（下表）。この結果から算出できる新薬 X の治療必要数（NNT）が ₂₀ であ るとき、表の（Ａ）に入る数値として適切なのはどれか。1つ選べ。 当該疾患の 当該疾患の 発症あり 発症なし 新薬 X 投与群 （Ａ）人 ₈₀₀ -（Ａ）人 ₈₀₀ 人 プラセボ 投与群 ₈₀ 人 ₇₂₀ 人 ₈₀₀ 人	"[""₁₀"",""₂₀"",""₃₀"",""₄₀"",""₅₀""]"	singleChoice	3	null	normal	true	parsed	"[""none""]"		https://www.mhlw.go.jp/content/001226761.pdf	https://www.mhlw.go.jp/content/001228441.pdf	2024-02-18	MHLW website content under Public Data License 1.0 unless separately indicated; third-party content requires separate review
P109-195	109	195	理論	病態・薬物治療	₅₅ 歳男性。会社員。₂₆ 歳時に結婚し、子供が二人いる。元来まじめな性格 で、会社では昼夜を問わず仕事をしていた。 ₂ 年前に昇進し、一層仕事に励んでい た。今年に入り、朝早く目が覚めてその後眠れないようになった。また、便秘がち になり食欲が低下したため、近医の消化器内科を受診したが軽快しなかった。その 後も体調不良が続き、これらの症状に加え、立ちくらみや耳鳴りが出現したため、 内科を転々とし精査を受けたが、器質的異常は認められなかった。やがて、一日中 身体の不調を自覚するようになり、業務中にミスが増えた。「こんなダメな自分と 一緒にいても未来がないので離婚しよう。」と、妻に頻回に言うようになった。趣 味のゴルフへの興味もなくなり、休日は家でぼんやり過ごすようになったため、心 配した妻と一緒に精神科を受診し、うつ病と診断された。 この患者の病態と治療に関する記述のうち、正しいのはどれか。2つ選べ。	"[""微小妄想が認められる。"",""昏迷が生じている。"",""記憶障害を伴う可能性が高い。"",""治療では、十分な休養が推奨される。"",""薬物療法では、初回から ₂ 剤以上の抗うつ薬を併用する。""]"	multiChoice	[0,3]	null	normal	false	parsed	"[""none""]"		https://www.mhlw.go.jp/content/001226761.pdf	https://www.mhlw.go.jp/content/001228441.pdf	2024-02-18	MHLW website content under Public Data License 1.0 unless separately indicated; third-party content requires separate review
P109-196	109	196	実践	物理・化学・生物	−197 学校薬剤師が授業中の教室の環境に係る検査を実施するため、中学校を訪 れた。この学校には冷暖房設備と機械換気設備が設置されている。学校薬剤師は、 検知管を接続した測定機器を用いて、 ₂ 限目の授業が終了する直前に養護教諭立会 いのもと、教室内で二酸化炭素濃度を測定した。 （測定結果） 二酸化炭素濃度：₁ , ₆₀₀ ppm 学校環境衛生基準：二酸化炭素濃度は ₁ , ₅₀₀ ppm 以下であることが望ましい。 問 196（実務） 測定結果をもとに学校薬剤師が行うこととして、適切なのはどれか。2つ選べ。	"[""測定結果が ₁ , ₅₀₀ ppm を超えたので、未使用の検知管を使って測定機器の気密 性点検を実施する。"",""教室を ₃₀ 分以上換気し、生徒がいない状態で二酸化炭素濃度を再測定する。"",""換気設備の運転時間の検討や工夫を行った後に、換気能力の確認等機械の点検 や整備の実施を助言する。"",""重大な健康被害を生じる可能性が高いことを養護教諭に伝える。"",""測定結果に加え、一酸化炭素などの他の汚染物質濃度の測定結果も合わせて、 空気清浄度を総合的に評価する。""]"	multiChoice	[2,4]	null	normal	false	parsed	"[""none""]"	P109-CASE-196	https://www.mhlw.go.jp/content/001226762.pdf	https://www.mhlw.go.jp/content/001228441.pdf	2024-02-18	MHLW website content under Public Data License 1.0 unless separately indicated; third-party content requires separate review
P109-197	109	197	実践	実務	（物理・化学・生物） 二酸化炭素の検出法とその原理に関連する記述のうち、正しいのはどれか。2つ 選べ。	"[""検知管法は、二酸化炭素が酸性溶液に吸収される性質を利用している。"",""検知管法では、検知管に充てんした検知剤中の pH 指示薬の色の変化によって 二酸化炭素を検出する。"",""二酸化炭素は、赤外吸収スペクトル測定法でも検出できる。"",""二酸化炭素が対称伸縮振動をする場合、双極子モーメントは変化する。"",""二酸化炭素は、水素炎イオン化検出器を用いたガスクロマトグラフィーでも検 出できる。""]"	multiChoice	[1,2]	null	normal	true	parsed	"[""none""]"	P109-CASE-196	https://www.mhlw.go.jp/content/001226762.pdf	https://www.mhlw.go.jp/content/001228441.pdf	2024-02-18	MHLW website content under Public Data License 1.0 unless separately indicated; third-party content requires separate review
P109-198	109	198	実践	物理・化学・生物	−199 ₆₅ 歳女性。身長 ₁₅₅ cm。パート勤務。糖尿病性腎症が進行し、 ₁ 年前か ら血液透析が導入された。透析後目標体重（ドライウエイト）₄₃ kg、透析間体重 増加量平均 ₂ . ₀ kg。女性は、週 ₃ 回透析を受けていたが、透析後に立ちくらみ、 ふらつき、倦怠感、脱力感などの血圧低下症状がみられるようになり、最近は透析 の翌日まで症状が続くようになった。そのため、透析チームは栄養状態の確認、ド ライウエイトの再設定及び透析効率を検討することにした。 問 198（物理・化学・生物） 透析効率の指標に、標準化透析量（Kt/V）がある。Kt/V は透析前 BUN の濃度 ［BUNpre］と透析後 BUN の濃度［BUNpost］の値を用いて次式で計算される。 ［BUNpost］ Kt/V = -ln ［BUNpre］ この患者では、［BUNpre］= ₈₀ mg/dL、［BUNpost］= ₁₀ mg/dL であった。この ときの Kt/V の値として正しいのはどれか。1つ選べ。 ただし、ln ₂ = ₀ . ₆₉ とし、K は透析により単位時間あたりに除去された尿素量 に対応する血液の容量、t は透析時間、V は透析された血液の総容量を表すものと する。	"[""-₂ . ₀₇"",""-₁ . ₃₈"",""-₀ . ₆₉"",""₁ . ₃₈"",""₂ . ₀₇""]"	singleChoice	4	null	normal	false	parsed	"[""none""]"	P109-CASE-198	https://www.mhlw.go.jp/content/001226762.pdf	https://www.mhlw.go.jp/content/001228441.pdf	2024-02-18	MHLW website content under Public Data License 1.0 unless separately indicated; third-party content requires separate review
P109-199	109	199	実践	実務	（実務） 透析効率を評価した結果、ドライウエイトの上方修正を行った。しかし、その後 も透析後の起立時に収縮期血圧が ₂₅ mmHg 以上低下しており、症状の改善もみら れなかった。そのため、医師は透析後の血圧低下を予防するために薬物を投与する ことにした。予防投与される薬物として、最も適切なのはどれか。1つ選べ。	"[""イソプレナリン塩酸塩"",""アデノシン三リン酸二ナトリウム水和物"",""ジゴキシン"",""ドロキシドパ"",""ニトログリセリン""]"	singleChoice	3	null	normal	false	parsed	"[""none""]"	P109-CASE-198	https://www.mhlw.go.jp/content/001226762.pdf	https://www.mhlw.go.jp/content/001228441.pdf	2024-02-18	MHLW website content under Public Data License 1.0 unless separately indicated; third-party content requires separate review
P109-200	109	200	実践	物理・化学・生物	−201 ₅₂ 歳男性。会社員。 ₂ 年前にソフトコンタクトレンズの定期検診で眼圧を 測定したところ、平均ベースライン眼圧は右眼 ₁₆ mmHg、左眼 ₁₈ mmHg であっ たが、両眼で視野狭窄及び欠損があったため、正常眼圧緑内障と診断された。処方 ₁ による治療が開始されたが、その後、進行したため ₃ ケ月前から処方 ₂ が追加さ れた。 （処方 ₁ ） ラタノプロスト点眼液 ₀ . ₀₀₅％（₂ . ₅ mL/本） ₁本 ₁回₁滴 ₁日₁回 夕 両眼点眼 〔添加物〕ベンザルコニウム塩化物、無水リン酸一水素ナトリウム、リン酸二 水素ナトリウム一水和物、等張化剤を含有する。 （処方 ₂ ） チモロール点眼液 ₀ . ₅％（持続性）（₂ . ₅ mL/本） ₁ 本 ₁回₁滴 ₁日₁回 夕 両眼点眼 〔添加物〕メチルセルロース、マクロゴール ₄₀₀₀、クエン酸ナトリウム水和 物、ベンザルコニウム塩化物、pH 調節剤を含有する。 男性が来局した際、薬剤師が点眼液の使用状況を確認したところ、数週間前から 処方 ₂ の使用が ₂ ～ ₃ 日おきであることがわかった。男性は、処方 ₂ の使用直後に 不快なべたつきを感じることと、処方 ₁ と ₂ の使用の間に待つ時間が長すぎるので 処方 ₂ の使用を忘れてしまうことを理由として挙げた。 問 200（物理・化学・生物） 男性が感じた不快なべたつきの原因の ₁ つに点眼液のゲル化が考えられる。処方 ₂ の点眼液が点眼前はゾル状態、点眼後はゲル状態になるのに主に関わる物質はど れか。1つ選べ。	"[""メチルセルロース"",""マクロゴール ₄₀₀₀"",""クエン酸ナトリウム水和物"",""ベンザルコニウム塩化物"",""チモロール""]"	singleChoice	0	null	normal	false	parsed	"[""none""]"	P109-CASE-200	https://www.mhlw.go.jp/content/001226762.pdf	https://www.mhlw.go.jp/content/001228441.pdf	2024-02-18	MHLW website content under Public Data License 1.0 unless separately indicated; third-party content requires separate review
P109-201	109	201	実践	実務	（実務） 薬剤師が患者の訴えについて処方医に相談すると、再度診察を実施することに なった。その後、処方 ₁ 及び ₂ が中止となり処方 ₃ へ変更となった。 （処方 ₃ ） ラタノプロスト・チモロール配合点眼液（₂ . ₅ mL/本） ₁ 本 ₁日₁回 夕 両眼点眼 〔添加物〕ベンザルコニウム塩化物、無水リン酸一水素ナトリウム、リン酸二 水素ナトリウム一水和物、等張化剤を含有する。 薬剤師が患者に再度説明する使用上の注意として、適切なのはどれか。2つ選べ。	"[""ソフトコンタクトレンズを装着したまま点眼できる。"",""点眼し忘れた場合は、翌日、朝と夕に点眼する。"",""点眼後に一時的に視界がかすんで見えることがある。"",""点眼後、目のまわりについた薬液は、すぐに拭き取るか目を閉じて洗顔する。"",""点眼後にまだべたつきを感じるときは、点眼容器を下に向けキャップをしたま ま ₂ ～ ₃ 回振ってから使用すると回避できる。""]"	multiChoice	[2,3]	null	normal	false	parsed	"[""none""]"	P109-CASE-200	https://www.mhlw.go.jp/content/001226762.pdf	https://www.mhlw.go.jp/content/001228441.pdf	2024-02-18	MHLW website content under Public Data License 1.0 unless separately indicated; third-party content requires separate review
P109-202	109	202	実践	物理・化学・生物	−203 ₅₂ 歳男性。身長 ₁₆₈ cm、体重 ₈₁ kg。 ₃ 年前に ₂ 型糖尿病と診断され、食 事療法と運動療法に加え、内服薬での治療を行ってきた。しかし、仕事の都合で食 事が不規則になり、低血糖症状を経験したため、内服薬を自己判断で中止してい た。今回、血糖コントロール不良のため、インスリン導入目的で入院となり、以下 が処方された。また、この患者は、定期的に血糖自己測定を行う予定である。 （処方） ゾルトファイ配合注 フレックスタッチ （注 1） ₁ 回 ₁₀ ドーズ ₁日₁回 皮下注射 （注 2） 注 ₁：インスリン デグルデク（遺伝子組換え）₃₀₀ 単位及びリラグルチド （遺伝子組換え）₁₀ . ₈ mg が配合された無色澄明の注射液 注 ₂：インスリン デグルデク／リラグルチドとして ₁₀ 単位／₀ . ₃₆ mg 問 202（実務） この患者に病棟担当薬剤師が行う教育的指導の内容として、適切なのはどれか。 2つ選べ。	"[""原則、毎日同じ時刻に注射する。"",""カートリッジにひびが入った場合は、漏れがないことを確認してから使用す る。"",""液に濁りが生じたときは、カートリッジを振って均一な懸濁液にして使用す る。"",""注射は皮膚面に対して ₄₅ 度に傾けて打つ。"",""注射後は、針ケースを注射針にまっすぐ取りつけ、針ケースを回して注射針を 引っ張って取り外す。""]"	multiChoice	[0,4]	null	normal	false	parsed	"[""none""]"	P109-CASE-202	https://www.mhlw.go.jp/content/001226762.pdf	https://www.mhlw.go.jp/content/001228441.pdf	2024-02-18	MHLW website content under Public Data License 1.0 unless separately indicated; third-party content requires separate review
P109-203	109	203	実践	実務	（物理・化学・生物） 血糖値の簡易測定の一つにグルコース酸化酵素を用いる方法がある。この方法で は、酵素反応により生じた過酸化水素が電極で酸化されて電流が発生するので、こ の電流を測定する。その反応は以下のとおりである。 グルコース酸化酵素 グルコース + O2 グルコノラクトン + H2O2 H2O2 O2 + ₂H + ₂e- + 患者の血糖値が ₉₀ . ₀ mg/dL であったとき、測定した血液 ₁ nL 中で生じた電気 量に最も近い値はどれか。1つ選べ。 ただし、グルコースの分子量を ₁₈₀、電子 ₁ mol の電気量を ₉ . ₆₅ # ₁₀ クーロン とする。また、血糖値はグルコース濃度を表し、反応により生成する電子はグル コース由来とする。	"[""₄ . ₈₃ # ₁₀ クーロン"",""₉ . ₆₅ # ₁₀ クーロン"",""₁ . ₉₃ # ₁₀ クーロン"",""₄ . ₈₃ # ₁₀ クーロン"",""₉ . ₆₅ # ₁₀ クーロン""]"	singleChoice	1	null	normal	false	parsed	"[""none""]"	P109-CASE-202	https://www.mhlw.go.jp/content/001226762.pdf	https://www.mhlw.go.jp/content/001228441.pdf	2024-02-18	MHLW website content under Public Data License 1.0 unless separately indicated; third-party content requires separate review
P109-204	109	204	実践	物理・化学・生物	−205 ₇₂ 歳女性。近医で ₂ 年前に高血圧症及びうつ病と診断され、薬物治療が開 始された。 ₁ 年前から動作緩慢となり、右上肢と左下肢に振戦を自覚するように なった。最近、振戦が強くなったため総合病院を受診したところ、パーキンソン病 が疑われた。担当医は、パーキンソン病の診断を裏付けるためイオフルパン（ I） 注射液によるドパミントランスポーターシンチグラフィーを数週間後に施行するこ とにした。担当医は薬剤師に、検査に関する注意事項の説明を依頼した。薬剤師が お薬手帳を確認したところ、以下の記載があった。 （お薬手帳の内容） フルボキサミンマレイン酸塩錠 ₇₅ mg ₁ 回 ₁ 錠（ ₁ 日 ₂ 錠） ₁日₂回 朝夕食後 ₂₈ 日分 イルベサルタン錠 ₁₀₀ mg ₁ 回 ₁ 錠（ ₁ 日 ₁ 錠） トリクロルメチアジド錠 ₁ mg ₁ 回 ₁ 錠（ ₁ 日 ₁ 錠） ₁日₁回 朝食後 ₂₈ 日分 問 204（実務） 薬剤師が患者にする説明として適切なのはどれか。2つ選べ。	"[""検査結果に影響を与えるため、検査前 ₂₄ 時間は食事を控えてください。"",""トリクロルメチアジド錠は検査結果に影響を与えることがあるので、休薬をす るかどうか医師と協議します。"",""撮影前後はできるだけ水分摂取を制限し、排尿を避けてください。"",""検査薬は検査当日しか使用できないので、確実に検査できる日を予約してくだ さい。"",""検査薬を注射してから、数時間後に頭部の撮影を実施するので、検査に少し時 間がかかります。""]"	multiChoice	[3,4]	null	normal	true	parsed	"[""none""]"	P109-CASE-204	https://www.mhlw.go.jp/content/001226762.pdf	https://www.mhlw.go.jp/content/001228441.pdf	2024-02-18	MHLW website content under Public Data License 1.0 unless separately indicated; third-party content requires separate review
P109-205	109	205	実践	実務	（物理・化学・生物） イオフルパン（123 I）注射液によるドパミントランスポーターシンチグラフィー は SPECT の ₁ つである。この診断法に関連する記述のうち、正しいのはどれか。 2つ選べ。	"[""I から放出される c 線を検出する。"",""SPECT は、放射型の CT の一種である。"",""放出される ₂ 本の消滅放射線を同時計測する。"",""イオフルパン（ I）注射液は、病院内のサイクロトロンで製造する必要がある。"",""ドパミントランスポーターに結合しなかった遊離の I を測定する。""]"	multiChoice	[0,1]	null	normal	true	parsed	"[""none""]"	P109-CASE-204	https://www.mhlw.go.jp/content/001226762.pdf	https://www.mhlw.go.jp/content/001228441.pdf	2024-02-18	MHLW website content under Public Data License 1.0 unless separately indicated; third-party content requires separate review
P109-206	109	206	実践	物理・化学・生物	−207 ₆₄ 歳 男 性。 身 長 ₁₆₈ cm、 体 重 ₆₂ kg。 血 圧 ₁₃₅/₈₀ mmHg。 飲 酒 習 慣 あ り。パーキンソン病及び高血圧症と診断され、処方 ₁ 及び処方 ₂ の薬剤を服用中で ある。最近、パーキンソン病が進行し、wearing︲off 現象を頻回に起こすように なったため、処方 ₃ が追加となり、患者家族が薬局に処方箋を持参した。 （処方 ₁ ） レボドパ ₂₅₀ mg・カルビドパ配合錠 ₁ 回 ₁ 錠（ ₁ 日 ₃ 錠） ₁日₃回 朝昼夕食後 ₁₄ 日分 （処方 ₂ ） アムロジピン錠 ₅ mg ₁ 回 ₁ 錠（ ₁ 日 ₁ 錠） ₁日₁回 朝食後 ₁₄ 日分 （処方 ₃ ） セレギリン塩酸塩口腔内崩壊錠 ₂ . ₅ mg ₁ 回 ₁ 錠（ ₁ 日 ₁ 錠） ₁日₁回 朝食後 ₁₄ 日分 問 206（実務） 処方 ₃ の薬剤の服用開始にあたり、薬剤師の対応として適切なのはどれか。2つ 選べ。	"[""レボドパ製剤を ₁ 日 ₃ 錠から ₁ 錠へ減量するように医師に提案する。"",""アムロジピン錠の中止を医師に提案する。"",""チーズ、ビール、赤ワインを大量に摂取した場合、血圧上昇を起こす可能性が あることを患者家族に説明する。"",""幻覚があらわれた場合、すぐに病院を受診するように患者家族に説明する。"",""wearing︲off 現象が改善したら、処方 ₃ を中止してよいことを患者家族に説明 する。""]"	multiChoice	[2,3]	null	normal	false	parsed	"[""none""]"	P109-CASE-206	https://www.mhlw.go.jp/content/001226762.pdf	https://www.mhlw.go.jp/content/001228441.pdf	2024-02-18	MHLW website content under Public Data License 1.0 unless separately indicated; third-party content requires separate review
P109-207	109	207	実践	実務	（物理・化学・生物） ドパミンは、FAD（フラビンアデニンジヌクレオチド）を補酵素としてモノア ミン酸化酵素 B（MAOB）により代謝される。この代謝反応は、以下の図に示す機 構で進行すると考えられている。セレギリンはこの補酵素と共有結合を形成するこ とで MAOB を不可逆的に阻害する。反応①の過程でドパミンの水素アは、セレギ リンにおいては水素イに相当する。以下の記述のうち、正しいのはどれか。2つ選 べ。ただし、図中の FAD の化学構造はＲとして一部省略している。 MAOB MAOB MAOB FAD Cys R H + Cys R Cys R S S H S H N N O N N O N N O NH NH + NH H3C N H3C N H3C N O H O H H O H2N + H N H2N H 水素ア HO OH HO OH HO OH ドパミン 反応① 反応② 反応③ MAOB FADH2 Cys R S H 水素イ N N O NH H3C N H O H H CH3 HN C N C H CH3 代謝物 HO OH 炭素ウ セレギリン H2O 反応④	"[""反応①において、FAD は還元剤として働く。"",""反応②は、置換反応である。"",""反応③において、カテコール骨格をもつイミンが生成する。"",""反応④で生成する「代謝物」は、カテコール骨格をもつ第一級アミンである。"",""セレギリンは炭素ウで補酵素と共有結合を形成する。""]"	multiChoice	[2,4]	null	normal	true	parsed	"[""none""]"	P109-CASE-206	https://www.mhlw.go.jp/content/001226762.pdf	https://www.mhlw.go.jp/content/001228441.pdf	2024-02-18	MHLW website content under Public Data License 1.0 unless separately indicated; third-party content requires separate review
P109-208	109	208	実践	物理・化学・生物	−209 ₅₅ 歳女性（閉経後）。身長 ₁₆₀ cm、体重 ₅₂ kg。血圧 ₁₃₅/₇₀ mmHg。高 血圧症にて、処方 ₁ の薬剤を服用している。 （処方 ₁ ） アジルサルタン錠 ₂₀ mg ₁ 回 ₁ 錠（ ₁ 日 ₁ 錠） ₁日₁回 朝食後 ₁₄ 日分 今回、 ₁ ケ月前よりほてりや発汗、不眠症状等があり、更年期障害を疑い婦人科 クリニックを受診した。その後、以下の追加処方箋を持参して、かかりつけ薬局を 訪れた。 （処方 ₂ ） 結合型エストロゲン錠 ₀ . ₆₂₅ mg ₁ 回 ₁ 錠（ ₁ 日 ₁ 錠） ₁日₁回 朝食後 ₁₄ 日分 問 208（実務） 処方 ₂ の薬剤の服用開始にあたり、患者への説明内容として適切でないのはどれ か。1つ選べ。	"[""下肢の疼痛・浮腫、息切れ等が出現した際は、連絡すること。"",""血圧が低下する場合があること。"",""手術前には休薬を検討する必要があること。"",""投与開始後は、定期的に乳房検診並びに婦人科検診を行う必要があること。"",""骨折のリスクが上がること。""]"	singleChoice	4	null	normal	false	parsed	"[""none""]"	P109-CASE-208	https://www.mhlw.go.jp/content/001226762.pdf	https://www.mhlw.go.jp/content/001228441.pdf	2024-02-18	MHLW website content under Public Data License 1.0 unless separately indicated; third-party content requires separate review
P109-209	109	209	実践	実務	（物理・化学・生物） 後日、同患者が再び来局し、不安やイライラが強いことから漢方薬を紹介してほ しいと依頼された。この患者に加味逍遙散 を紹介したが、この漢方薬を長期服 （注） 用する場合、留意すべき副作用として腸間膜静脈硬化症が報告されている。 （注）サイコ、シャクヤク、トウキ、ソウジュツ、ブクリョウ、サンシシ、ボタン ピ、カンゾウ、ショウキョウ、ハッカから構成される処方 この副作用の原因と考えられる生薬として正しいのはどれか。1つ選べ。なお、 写真左下のスケールバーは ₁ cm である。	[]	singleChoice	1	null	normal	true	no_choice_sequence	"[""none""]"	P109-CASE-208	https://www.mhlw.go.jp/content/001226762.pdf	https://www.mhlw.go.jp/content/001228441.pdf	2024-02-18	MHLW website content under Public Data License 1.0 unless separately indicated; third-party content requires separate review
P109-210	109	210	実践	物理・化学・生物	−211 ₄₃ 歳男性。身長 ₁₇₀ cm、体重 ₇₅ kg。双極性障害で処方 ₁ の薬剤を服用し ていた。抑うつ症状が再燃してきたため、今回、処方 ₂ が追加された処方箋と以下 の検査値が記載された情報用紙を持って患者が来局した。 （処方 ₁ ） バルプロ酸 Na 徐放錠 ₂₀₀ mg ₁ 回 ₂ 錠（ ₁ 日 ₄ 錠） 炭酸リチウム錠 ₂₀₀ mg ₁ 回 ₂ 錠（ ₁ 日 ₄ 錠） ₁日₂回 朝夕食後 ₁₄ 日分 （処方 ₂ ） ラモトリギン錠 ₂₅ mg ₁ 回 ₁ 錠（ ₁ 日 ₁ 錠） ₁日₁回 朝食後 ₁₄ 日分 （検査値） 血清クレアチニン ₁ . ₀ mg/dL、AST ₂₈ IU/L、ALT ₂₂ IU/L、 血清中リチウム濃度 ₁ . ₂ mEq/L、血清中バルプロ酸濃度 ₁₀₀ ng/mL 問 210（物理・化学・生物） バルプロ酸やラモトリギンは、どちらもグルクロン酸転移酵素で代謝される。ラ モトリギンのグルクロン酸抱合体の構造として正しいのはどれか。1つ選べ。 N グルクロン酸転移酵素 Cl N グルクロン酸抱合体 Cl H2N N NH2 ラモトリギン O OH N + Cl N OH HO OH Cl HN O HO OH H2N N NH2 O OH H N + NH Cl N O CO2H HS N + Cl N O Cl O Cl H2N N NH2 NH2 H2N N NH2 H CO2H 1 2 3 HO2C HN O O O H NH N + S N S Cl N OH + Cl N O Cl CI NH2 H2N N NH2 H2N N NH2 H CO2H 4 5	[]	singleChoice	1	null	normal	true	no_choice_sequence	"[""none""]"	P109-CASE-210	https://www.mhlw.go.jp/content/001226762.pdf	https://www.mhlw.go.jp/content/001228441.pdf	2024-02-18	MHLW website content under Public Data License 1.0 unless separately indicated; third-party content requires separate review
P109-211	109	211	実践	実務	（実務） この処方に関し、医師へ疑義照会する内容として、適切なのはどれか。1つ選 べ。	"[""バルプロ酸 Na 徐放錠 ₂₀₀ mg の投与量を、 ₁ 日 ₂₀₀ mg に減量する。"",""バルプロ酸 Na 徐放錠 ₂₀₀ mg の投与量を、 ₁ 日 ₁₂₀₀ mg に増量する。"",""ラモトリギン錠の投与量を、 ₁ 日 ₅₀ mg に増量する。"",""ラモトリギン錠の用法を、朝食後 ₂ 時間以降投与に変更する。"",""ラモトリギン錠の用法を、隔日投与にする。""]"	singleChoice	4	null	normal	false	parsed	"[""none""]"	P109-CASE-210	https://www.mhlw.go.jp/content/001226762.pdf	https://www.mhlw.go.jp/content/001228441.pdf	2024-02-18	MHLW website content under Public Data License 1.0 unless separately indicated; third-party content requires separate review
P109-212	109	212	実践	物理・化学・生物	−213 ₅₇ 歳男性。身長 ₁₇₅ cm、体重 ₆₃ kg。患者は大腸がんの治療で、 ₃ ケ月前 より病院で FOLFIRI 療法（イリノテカン注、レボホリナート注、フルオロウラシ ル静脈注射、フルオロウラシル持続注射）を施行していた。持続注射が辛いとの患 者の訴えがあり、XELOX 療法（カペシタビン・オキサリプラチン療法）に変更さ れ、今回、患者が処方 ₁ 及び処方 ₂ の処方箋を持って、来局した。その際、患者か ら、 「最近手のひらが赤くなって痛くなってきた」、「点滴をした日は手にしびれも 現れる」、「副作用がとても心配である」との訴えがあった。 （処方 ₁ ） カペシタビン錠 ₃₀₀ mg ₁ 回 ₆ 錠（ ₁ 日 ₁₂ 錠） ₁日₂回 朝夕食後 ₁₄ 日分 休薬 ₇ 日間 （処方 ₂ ） ヘパリン類似物質クリーム ₀ . ₃％（₂₅ g/本） ₄ 本 両手・両足に適量を塗布 ₁日₄回 朝昼夕就寝前 問 212（実務） この患者への薬局薬剤師の指導内容として適切なのはどれか。2つ選べ。	"[""手の赤みや痛みの症状は一過性ですぐに良くなるので、心配ありません。"",""手の赤みや痛みの症状がなくなっても、処方 ₂ の薬を指示どおり継続して塗布 してください。"",""点滴治療をした日に手のしびれを感じた際は、冷水でよく冷やしてください。"",""手のしびれは数日後に軽快しますが、ひどく痛みが続く場合は、医師に連絡し てください。"",""激しい下痢が生じた場合は、市販の下痢止めを服用して、処方 ₁ の薬を継続し て服用してください。""]"	multiChoice	[1,3]	null	normal	false	parsed	"[""none""]"	P109-CASE-212	https://www.mhlw.go.jp/content/001226762.pdf	https://www.mhlw.go.jp/content/001228441.pdf	2024-02-18	MHLW website content under Public Data License 1.0 unless separately indicated; third-party content requires separate review
P109-213	109	213	実践	実務	（物理・化学・生物） カペシタビンは、段階的にフルオロウラシルに代謝されるプロドラッグである。 体内におけるカペシタビンの代謝を示した下図に関する記述のうち、正しいのはど れか。2つ選べ。 O CH3 NH2 HN O F F N N カルボキシルエステラーゼ （肝臓） O N O N H3C O H3C O H H HO CH3 + Ａ H H H H H H HO OH HO OH カペシタビン Ｂ O F HN ピリミジンヌクレオシド O シチジン O N ホスホリラーゼ F デアミナーゼ （腫瘍組織） HN H3C O H H O N H H H HO OH Ｄ フルオロウラシル Ｃ	"[""カペシタビンの点線で囲った構造は、分子の疎水性を高める。"",""Ａは二酸化炭素（CO2）である。"",""Ｂの糖部は D︲リボースである。"",""Ｃの点線で囲った酸素原子は、水に溶けている酸素分子（O2）に由来する。 H3C O H H H"",""加リン酸分解で生じるＤの構造式は H OH である。 HO OH""]"	multiChoice	[0,1]	null	normal	true	parsed	"[""none""]"	P109-CASE-212	https://www.mhlw.go.jp/content/001226762.pdf	https://www.mhlw.go.jp/content/001228441.pdf	2024-02-18	MHLW website content under Public Data License 1.0 unless separately indicated; third-party content requires separate review
P109-214	109	214	実践	物理・化学・生物	−215 ₆₅ 歳女性。腰背部痛のため近隣の整形外科クリニックを受診したところ、 骨粗しょう症と診断され、以下の処方箋を持って薬局を訪れた。 （処方 ₁ ） エルデカルシトールカプセル ₀ . ₇₅ ng ₁ 回 ₁ カプセル（ ₁ 日 ₁ カプセル） ₁日₁回 朝食後 ₁₄ 日分 （処方 ₂ ） アセトアミノフェン錠 ₃₀₀ mg ₁回₁錠 痛みが強い時 ₁₀ 回分（₁₀ 錠） （処方 ₃ ） ジクロフェナク Na テープ ₃₀ mg（₁₀ # ₁₄ cm 非温感） ₂ 袋（ ₇ 枚／袋） ₁回₁枚 痛いところに貼付 問 214（実務） 処方薬を使用する際に、定期的に検査する必要がある項目はどれか。1つ選べ。	"[""エルデカルシトールの血中濃度"",""血清カルシウム"",""血中 TSH（甲状腺刺激ホルモン）"",""血清カリウム"",""血糖""]"	singleChoice	1	null	normal	false	parsed	"[""none""]"	P109-CASE-214	https://www.mhlw.go.jp/content/001226762.pdf	https://www.mhlw.go.jp/content/001228441.pdf	2024-02-18	MHLW website content under Public Data License 1.0 unless separately indicated; third-party content requires separate review
P109-215	109	215	実践	実務	（物理・化学・生物） 処方されたエルデカルシトール（C30H50O5）に関する記述として誤っているのは どれか。1つ選べ。 H H3C CH3 CH3 OH H CH3 Ｃ環 H Ｄ環 CH2 HO OH H H O H HO エルデカルシトール	"[""共役トリエン構造をもち、遮光保存が必要である。"",""ステロイド骨格を構成する環状構造の一部が開裂した構造をもつ。"",""Ｃ環とＤ環の結合は、trans 配置である。"",""本品は炭素数 ₃₀ に対しヒドロキシ基を ₄ つ含み、水に溶けやすい。"",""標的受容体と結合する際、ヒドロキシ基は水素結合の形成に関与する。""]"	singleChoice	3	null	normal	false	parsed	"[""none""]"	P109-CASE-214	https://www.mhlw.go.jp/content/001226762.pdf	https://www.mhlw.go.jp/content/001228441.pdf	2024-02-18	MHLW website content under Public Data License 1.0 unless separately indicated; third-party content requires separate review
P109-216	109	216	実践	物理・化学・生物	−217 ₅₄ 歳女性。数ケ月前より、咽頭痛及び頸部リンパ節腫脹を認めた。精査の 結果、悪性リンパ腫（びまん性大細胞型 B 細胞リンパ腫）と診断され、初回治療 として R︲CHOP 療法を開始するために入院となった。 化学療法施行前に B 型肝炎ウイルスのスクリーニング検査を実施したところ、 次の検査結果であったため、以下の処方が開始となった。 （検査結果） HBs 抗原（-）、HBc 抗体（+）、HBs 抗体（+）、 HBV︲DNA 量 ₂₅ IU/mL（基準値 ₂₀ IU/mL） （処方） エンテカビル錠 ₀ . ₅ mg ₁ 回 ₁ 錠（ ₁ 日 ₁ 錠） ₁日₁回 就寝前 ₇ 日分 問 216（物理・化学・生物） この患者の B 型肝炎ウイルス関連検査結果に関する記述のうち、正しいのはど れか。2つ選べ。	"[""HBs 抗原は、エンベロープに含まれる抗原であり感染の指標となる。"",""HBc 抗体（+）、HBs 抗体（+）という検査結果は、この患者が過去に組換え 体 HBs 抗原タンパク質を成分とする B 型肝炎ワクチンを接種したためである。"",""この患者の HBs 抗体を ₆ ケ月後に再測定して陽性であっても、B 型肝炎ウイ ルスキャリアとはいえない。"",""HBs 抗原（-）、HBc 抗体（+）という検査結果から、この患者は急性肝炎と 判断される。"",""HBV︲DNA の検査では、宿主細胞の染色体内に挿入されたウイルス DNA のみ が定量される。""]"	multiChoice	[0,2]	null	normal	false	parsed	"[""none""]"	P109-CASE-216	https://www.mhlw.go.jp/content/001226762.pdf	https://www.mhlw.go.jp/content/001228441.pdf	2024-02-18	MHLW website content under Public Data License 1.0 unless separately indicated; third-party content requires separate review
P109-217	109	217	実践	実務	（実務） この処方に関して薬剤師が留意しておく内容として、正しいのはどれか。2つ選 べ。	"[""飲み忘れた場合、次の就寝前に ₂ 回分をまとめて服用する。"",""食事により吸収が低下するため、服用前後 ₂ 時間は食事をしない。"",""処方された薬剤を服用中でも、化学療法を開始する。"",""腎機能に応じた用量調整の必要はない。"",""この処方は継続せず、 ₁ 週間で終了する。""]"	multiChoice	[1,2]	null	normal	false	parsed	"[""none""]"	P109-CASE-216	https://www.mhlw.go.jp/content/001226762.pdf	https://www.mhlw.go.jp/content/001228441.pdf	2024-02-18	MHLW website content under Public Data License 1.0 unless separately indicated; third-party content requires separate review
P109-218	109	218	実践	物理・化学・生物	−219 ₇₆ 歳女性。夫と息子との ₃ 人暮らし。高血圧症、てんかん、統合失調症及 び不眠症の治療を行っている。処方 ₁ ～ ₃ は、以下の時系列記録の ₁ 年前から継続 している。 （処方 ₁ ） アジルサルタン錠 ₄₀ mg ₁ 回 ₁ 錠（ ₁ 日 ₁ 錠） ₁日₁回 朝食後 ₂₈ 日分 （処方 ₂ ） バルプロ酸 Na 徐放錠 ₁₀₀ mg ₁ 回 ₁ 錠（ ₁ 日 ₂ 錠） リスペリドン口腔内崩壊錠 ₁ mg ₁ 回 ₁ 錠（ ₁ 日 ₂ 錠） ₁日₂回 朝夕食後 ₂₈ 日分 （処方 ₃ ） ラメルテオン錠 ₈ mg ₁ 回 ₁ 錠（ ₁ 日 ₁ 錠） レンボレキサント錠 ₂ . ₅ mg ₁ 回 ₁ 錠（ ₁ 日 ₁ 錠） ₁日₁回 就寝前 ₂₈ 日分 ₇ 月 ₄ 日（かかりつけ医受診後来局）： 処方 ₁ ～ ₃ 継続、eGFR ₅₆ mL/min/₁ . ₇₃ m2 ₈ 月 ₁ 日（かかりつけ医受診後来局）： 処方 ₁ ～ ₃ 継続、eGFR ₃₂ mL/min/₁ . ₇₃ m 家族「腎臓の精密検査のために、かかりつけの先生が、大学病院の腎臓内科の外来 受診を予約してくれました。 ₈ 月 ₈ 日に本人を連れていきます。」 ₈ 月 ₄ 日（家族から薬局へ電話相談、及び薬剤師から医師への確認）： 家族「前回受診時にかかりつけの先生に伝え忘れましたが、よだれが出るように なったり、顔の表情が無くなったり、歩行が遅くなったりすることが ₇ 月中旬ぐら いから目立ってきました。」 かかりつけ医師「随意運動は問題ありませんでした。薬の副作用ですね。」 問 218（実務） ₈ 月 ₄ 日に医師から指摘のあった副作用の原因薬物として、可能性が最も高いの はどれか。1つ選べ。	"[""アジルサルタン"",""バルプロ酸ナトリウム"",""リスペリドン"",""ラメルテオン"",""レンボレキサント""]"	singleChoice	2	null	normal	false	parsed	"[""none""]"	P109-CASE-218	https://www.mhlw.go.jp/content/001226762.pdf	https://www.mhlw.go.jp/content/001228441.pdf	2024-02-18	MHLW website content under Public Data License 1.0 unless separately indicated; third-party content requires separate review
P109-219	109	219	実践	実務	（物理・化学・生物） この副作用と同じ症状が現れる可能性が最も高いのはどれか。1つ選べ。	"[""大脳皮質運動野の障害"",""大脳辺縁系の障害"",""大脳基底核の障害"",""視床下部の障害"",""皮質脊髄路の障害""]"	singleChoice	2	null	normal	false	parsed	"[""none""]"	P109-CASE-218	https://www.mhlw.go.jp/content/001226762.pdf	https://www.mhlw.go.jp/content/001228441.pdf	2024-02-18	MHLW website content under Public Data License 1.0 unless separately indicated; third-party content requires separate review
P109-220	109	220	実践	物理・化学・生物	−221 ₈₉ 歳女性。体重 ₄₀ kg。高血圧症及び慢性心不全に対して処方 ₁ で薬物治 療を行っている。独居で入院拒否があるため、医師と薬剤師、看護師が訪問してい る。最近、下腿浮腫が出現し、労作時の息苦しさや疲労感が強くなってきたため、 血液検査を実施したところ、脳性ナトリウム利尿ペプチド前駆体 N 端フラグメン ト（NT︲proBNP）値が ₃ ケ月前の ₄₅₀ pg/mL から下記の検査値になっていた。 （処方 ₁ ） エナラプリルマレイン酸塩錠 ₅ mg ₁ 回 ₁ 錠（ ₁ 日 ₁ 錠） ビソプロロールフマル酸塩錠 ₀ . ₆₂₅ mg ₁ 回 ₁ 錠（ ₁ 日 ₁ 錠） アゾセミド錠 ₆₀ mg ₁ 回 ₁ 錠（ ₁ 日 ₁ 錠） スピロノラクトン錠 ₅₀ mg ₁ 回 ₁ 錠（ ₁ 日 ₁ 錠） ₁日₁回 朝食後 ₁₄ 日分 （検査値） Na ₁₄₁ mEq/L、K ₄ . ₈ mEq/L、eGFR ₅₄ mL/min/₁ . ₇₃ m2、 NT︲proBNP ₁ , ₁₈₀ pg/mL ※なお、NT︲proBNP 値 ₉₀₀ pg/mL 以上は治療対象となる心不全の可能性が 高い。 その後、訪問医は継続中だった処方 ₁ のうち、エナラプリルのみを中止して、新 たに処方 ₂ を追加した。 （処方 ₂ ） サクビトリルバルサルタン Na 水和物錠 ₅₀ mg ₁ 回 ₁ 錠（ ₁ 日 ₂ 錠） ₁日₂回 朝夕食後 ₇ 日分 問 220（物理・化学・生物） 下図は、脳性ナトリウム利尿ペプチド（BNP）の生成と代謝の過程を示してい る。BNP は、mRNA から BNP 前駆体タンパク質として翻訳された後、切断され て血中に分泌される。サクビトリルが阻害する酵素ネプリライシンの作用部位は、 切断 ₁ ～ ₃ のいずれかである。以下の記述のうち、正しいのはどれか。2つ選べ。 切断 ₁ ₁ ₁₃₄ BNP 前駆体タンパク質 切断 ₂ ₁ ₂₆ ₂₇ ₁₃₄ ペプチドＡ 切断 ₃ ₂₇ ₁₀₂ ₁₀₃ ₁₃₄ ペプチドＢ BNP ₁₀₃ ₁₀₆ ₁₀₇ ₁₃₄ ペプチドＣ	"[""BNP と NT︲proBNP は、主に心室から分泌される。"",""NT︲proBNP は、図のペプチドＡである。"",""BNP は、NT︲proBNP よりも血液中での安定性が高い。"",""ネプリライシンの作用部位は、切断 ₃ である。"",""NT︲proBNP は、BNP と同様に腎臓に作用して Na の尿中への排出を促進する。 +""]"	multiChoice	[0,3]	null	normal	true	parsed	"[""none""]"	P109-CASE-220	https://www.mhlw.go.jp/content/001226762.pdf	https://www.mhlw.go.jp/content/001228441.pdf	2024-02-18	MHLW website content under Public Data License 1.0 unless separately indicated; third-party content requires separate review
P109-221	109	221	実践	実務	（実務） 処方 ₂ の薬剤の服用によって生じる可能性が高いのはどれか。2つ選べ。	"[""血中 TSH 値の上昇"",""高カリウム血症"",""血圧上昇"",""血中 NT︲proBNP 値の上昇"",""脱水症状""]"	multiChoice	[1,4]	null	normal	false	parsed	"[""none""]"	P109-CASE-220	https://www.mhlw.go.jp/content/001226762.pdf	https://www.mhlw.go.jp/content/001228441.pdf	2024-02-18	MHLW website content under Public Data License 1.0 unless separately indicated; third-party content requires separate review
P109-222	109	222	実践	物理・化学・生物	−223 ₆₅ 歳女性。高血圧症、骨粗しょう症、慢性便秘症及び脂質異常症の治療で かかりつけ薬局を利用し、処方 ₁ 及び処方 ₂ の薬剤を ₂ 年間服用している。さら に、脂質異常症については食事療法の効果が不十分で、処方 ₃ を ₂ ケ月前に開始し た。 （処方 ₁ ） アムロジピン錠 ₅ mg ₁ 回 ₁ 錠（ ₁ 日 ₁ 錠） エルデカルシトールカプセル ₀ . ₇₅ ng ₁ 回 ₁ カプセル（ ₁ 日 ₁ カプセル） ₁日₁回 朝食後 ₁₄ 日分 （処方 ₂ ） 酸化マグネシウム錠 ₃₃₀ mg ₁ 回 ₁ 錠（ ₁ 日 ₂ 錠） オメガ︲₃ 脂肪酸エチル粒状カプセル ₂ g ₁ 回 ₁ 包（ ₁ 日 ₂ 包） ₁日₂回 朝夕食後 ₁₄ 日分 （処方 ₃ ） フェノフィブラート錠 ₅₃ . ₃ mg ₁ 回 ₁ 錠（ ₁ 日 ₁ 錠） ₁日₁回 朝食後 ₁₄ 日分 処方 ₃ 開始直前の空腹時検査値： LDL︲C ₁₂₆ mg/dL、HDL︲C ₅₈ mg/dL、TG（トリグリセリド）₁₉₈ mg/dL 昨夜から全身の筋肉痛が生じているため、一般用医薬品の痛み止めを求めて来局 した。昨日は、日課としている約 ₂ km の散歩しかしておらず、普段はその程度の 運動で筋肉痛は起こらないと言う。また、胃が弱いので内服ではなく、テレビコ マーシャルで見たロキソプロフェン含有テープ剤の購入を希望している。 問 222（実務） かかりつけ薬剤師のこの患者への対応として適切なのはどれか。2つ選べ。	"[""処方 ₃ の薬剤の服用継続を指導する。"",""最近の尿の色を確認する。"",""体のだるさの有無を確認する。"",""ロキソプロフェン含有テープ剤を使用して様子をみるように勧める。"",""補中益気湯の服用を勧める。""]"	multiChoice	[1,2]	null	normal	false	parsed	"[""none""]"	P109-CASE-222	https://www.mhlw.go.jp/content/001226762.pdf	https://www.mhlw.go.jp/content/001228441.pdf	2024-02-18	MHLW website content under Public Data License 1.0 unless separately indicated; third-party content requires separate review
P109-223	109	223	実践	実務	（物理・化学・生物） この患者の筋肉の状態を知るために血液検査をする場合、注目すべき生体成分は どれか。2つ選べ。	"[""クレアチンキナーゼ"",""ビリルビン"",""乳酸デヒドロゲナーゼ"",""ヘモグロビン"",""尿酸""]"	multiChoice	[0,2]	null	normal	false	parsed	"[""none""]"	P109-CASE-222	https://www.mhlw.go.jp/content/001226762.pdf	https://www.mhlw.go.jp/content/001228441.pdf	2024-02-18	MHLW website content under Public Data License 1.0 unless separately indicated; third-party content requires separate review
P109-224	109	224	実践	物理・化学・生物	−225 ₃ 歳 ₅ ケ月女児。台所で沸かしていたやかんのお湯をかぶり、体表の熱傷 （Ⅱ度）で救急搬送された。入院 ₁₄ 日目に ₃₉ ℃の発熱を認め、熱傷創部からセ フェム系抗菌薬に感受性のある Ａ が同定されたため、セフタジジムを ₂ 週間 投与し、症状が改善したため終了した。 抗菌薬終了 ₇ 日後に、再び ₃₈ ℃の発熱及び熱傷創部に膿を認めた。膿を検査し たところ、 Ａ が同定された。検出された Ａ の薬剤感受性試験及び患者の 血液検査の結果は、以下のとおりである。 （薬剤感受性試験の結果） 抗菌薬 MIC（ng/mL） 判定 ピペラシリン #₂ Susceptible（感性） タゾバクタム・ピペラシリン #₂ Susceptible（感性） セフタジジム 2₁₆ Resistant（耐性） メロペネム #₀ . ₂₅ Susceptible（感性） シプロフロキサシン #₀ . ₂₅ Susceptible（感性） アミカシン ₂ Susceptible（感性） （検査値） 血清アルブミン ₄ . ₂ g/dL、CRP ₈ . ₀ mg/dL、白血球 ₁₇ , ₆₀₀/nL、 AST ₂₄ IU/L、ALT ₁₁ IU/L、血清クレアチニン ₀ . ₂₄ mg/dL、 BUN ₁₀ mg/dL なお、この患者はアモキシシリン水和物に対するアレルギー歴がある。 問 224（物理・化学・生物） Ａ に該当する細菌に関しては、培養検査等により以下の情報が得られてい る。 Ａ はどれか。1つ選べ。 「好気条件で増殖する。グラム陰性菌である。鞭毛を有する。芽胞は形成しな い。色素ピオシアニンを産生する。バイオフィルムを形成する。」	"[""リステリア菌"",""緑膿菌"",""淋菌"",""黄色ブドウ球菌"",""破傷風菌""]"	singleChoice	1	null	normal	false	parsed	"[""none""]"	P109-CASE-224	https://www.mhlw.go.jp/content/001226762.pdf	https://www.mhlw.go.jp/content/001228441.pdf	2024-02-18	MHLW website content under Public Data License 1.0 unless separately indicated; third-party content requires separate review
P109-225	109	225	実践	実務	（実務） この患者の検査結果を受けて、医師と感染制御チーム（ICT）の薬剤師が協議し た。薬剤師が医師に提案する抗菌薬として、適切なのはどれか。2つ選べ。	"[""シプロフロキサシン"",""メロペネム"",""アミカシン"",""セフタジジム"",""タゾバクタム・ピペラシリン""]"	multiChoice	[1,2]	null	normal	false	parsed	"[""none""]"	P109-CASE-224	https://www.mhlw.go.jp/content/001226762.pdf	https://www.mhlw.go.jp/content/001228441.pdf	2024-02-18	MHLW website content under Public Data License 1.0 unless separately indicated; third-party content requires separate review
P109-226	109	226	実践	衛生	−227 ₆₈ 歳女性。身長 ₁₅₀ cm、体重 ₄₁ kg（BMI ₁₈ . ₂）。独居。喫煙歴無し。飲 酒はしない。最近、体重の減少と体力の低下が気になっていたところ、テレビでフ レイルの特集を見て、自分も該当するのではないかと心配になり、健康サポート薬 局の薬剤師に相談に来た。薬剤師はこの女性に生活習慣について尋ね、以下の情報 を得た。 ・近頃、固いものが食べにくくなったので豆腐のような軟らかいものを好んで食べ ている。 ・運動習慣は週に ₁ 回程度、散歩を行ってきたが、最近疲れやすくなったので外に 出ない日が多くなった。 ・年をとるとともに友人が少なくなったので、他者と交流する機会は、ほとんどな い。 問 226（衛生） フレイルに関する内容として、正しいのはどれか。2つ選べ。	"[""フレイルは、加齢に伴う身体的、精神的な機能低下のことである。"",""フレイルは、要介護になった状態のことである。"",""フレイルは、回復することのない病態である。"",""フレイルの進行を防ぐことは、健康寿命の延伸につながる。"",""フレイルは、過栄養により防ぐことができる。""]"	multiChoice	[0,3]	null	normal	false	parsed	"[""none""]"	P109-CASE-226	https://www.mhlw.go.jp/content/001226762.pdf	https://www.mhlw.go.jp/content/001228441.pdf	2024-02-18	MHLW website content under Public Data License 1.0 unless separately indicated; third-party content requires separate review
P109-227	109	227	実践	実務	（実務） 薬剤師がこの女性に行うフレイル予防に関する提案の内容として、適切なのはど れか。2つ選べ。	"[""タンパク質の摂取量を減らす。"",""咀嚼機能と嚥下機能の低下を防ぐため、口腔体操などを行う。"",""日常生活において、できるだけ紫外線を浴びないようにする。"",""疲労を回避するために、運動は現状よりも控える。"",""地域の活動に参加して、適度に人との交流を行う。""]"	multiChoice	[1,4]	null	normal	false	parsed	"[""none""]"	P109-CASE-226	https://www.mhlw.go.jp/content/001226762.pdf	https://www.mhlw.go.jp/content/001228441.pdf	2024-02-18	MHLW website content under Public Data License 1.0 unless separately indicated; third-party content requires separate review
P109-228	109	228	実践	衛生	−229 ₇₀ 歳男性と ₆₀ 歳女性の夫婦。 ₂ 人で、打たせ湯のある温泉施設に日帰り 旅行へ行ったところ、翌日夜に女性は全身倦怠感と頭痛を伴う発熱の症状を呈した が、自宅療養し、 ₂ 日後に回復した。一方、男性は旅行から帰った ₅ 日後に発熱 し、呼吸困難感、湿性咳嗽と胸痛の症状が見られたため、医療機関を受診したとこ ろ、肺炎と診断され入院となった。男性は身長 ₁₆₅ cm、体重 ₅₃ kg。入院時の各種 検査結果は以下のとおりである。さらに、この男性が罹患している疾病に関して、 尿中抗原検査及び喀痰の遺伝子増幅法検査を追加で施行した結果、いずれも陽性と なった。夫婦は同じ病原体に罹患し、女性はポンティアック熱であったと考えられ た。 （身体所見） 体温 ₃₈ . ₂ ℃、血圧 ₁₀₁/₆₂ mmHg、脈拍 ₉₅ 拍/分（整）、 SpO2（ルームエアー）₉₃％ （検査所見） 白血球 ₁₂ , ₀₀₀/nL、赤血球 ₄₄₀ # ₁₀ /nL、Hb ₁₄ . ₃ g/dL、 血小板 ₂₀ # ₁₀ /nL、AST ₂₅ IU/L、ALT ₂₀ IU/L、 総ビリルビン ₀ . ₈ mg/dL、血清クレアチニン ₂ . ₀ mg/dL、CRP ₁₈ . ₂ mg/dL、 SARS︲CoV₂︲PCR（鼻咽頭ぬぐい液）陰性、尿中肺炎球菌抗原検査陰性 問 228（実務） この男性患者に対する治療薬として最も適切なのはどれか。1つ選べ。	"[""レボフロキサシン"",""オセルタミビル"",""アモキシシリン"",""セフジニル"",""ニルマトレルビル・リトナビル""]"	singleChoice	0	null	normal	false	parsed	"[""none""]"	P109-CASE-228	https://www.mhlw.go.jp/content/001226762.pdf	https://www.mhlw.go.jp/content/001228441.pdf	2024-02-18	MHLW website content under Public Data License 1.0 unless separately indicated; third-party content requires separate review
P109-229	109	229	実践	実務	（衛生） この男性患者が罹患した疾病に関する記述のうち、正しいのはどれか。2つ選 べ。	"[""感染症法 において三類感染症に分類される。 （注）"",""高齢者や免疫力の低下した人がかかる日和見感染症である。"",""ビル空調機の循環冷却水や加湿器から発生するエアロゾルを吸入することで集 団発生しやすい。"",""罹患者の飛沫によって、直接他者へ感染する。"",""ワクチン接種により予防することができる。 （注）感染症法：感染症の予防及び感染症の患者に対する医療に関する法律""]"	multiChoice	[1,2]	null	normal	false	parsed	"[""none""]"	P109-CASE-228	https://www.mhlw.go.jp/content/001226762.pdf	https://www.mhlw.go.jp/content/001228441.pdf	2024-02-18	MHLW website content under Public Data License 1.0 unless separately indicated; third-party content requires separate review
P109-230	109	230	実践	衛生	−231 ₅₆ 歳男性。₃₀ 歳から印刷会社に勤務している。 ₆ ケ月ごとに実施される 特定化学物質健康診断を受診したところ、第一次検査の結果は以下のとおりであっ た。 （第一次検査の検査値） 身長 ₁₆₅ cm、体重 ₆₂ . ₅ kg、体温 ₃₆ . ₆ ℃、血圧 ₁₂₂/₈₃ mmHg、 脈拍 ₇₆ 拍/分、AST ₄₀ IU/L、ALT ₄₆ IU/L、c︲GTP ₉₅ IU/L 第二次検査として、腹部の超音波による検査等の画像検査、呼気中の一酸化炭素 量の測定、血清間接ビリルビン及び血液中の腫瘍マーカーの検査を受けた。 （第二次検査の検査値（一部抜粋）） 血清間接ビリルビン ₀ . ₉₇ mg/dL（総ビリルビン ₁ . ₈₁ mg/dL、直接ビリルビン ₀ . ₈₄ mg/dL）、胆道がんの腫瘍マーカー陽性 画像検査で胆道に腫瘍が見つかった。 問 230（実務） 本症例で陽性となった胆道がんの腫瘍マーカーはどれか。1つ選べ。	"[""NSE（neuron specific enolase）"",""PSA（prostate specific antigen）"",""CYFRA ₂₁︲₁（cytokeratin ₁₉ fragment antigen）"",""CA ₁₉︲₉（carbohydrate antigen ₁₉︲₉）"",""SCC 抗原（squamous cell carcinoma related antigen）""]"	singleChoice	3	null	normal	true	parsed	"[""none""]"	P109-CASE-230	https://www.mhlw.go.jp/content/001226762.pdf	https://www.mhlw.go.jp/content/001228441.pdf	2024-02-18	MHLW website content under Public Data License 1.0 unless separately indicated; third-party content requires separate review
P109-231	109	231	実践	実務	（衛生） この男性は第二次検査の結果から、最終的に胆道がんと診断された。その原因と なった可能性が高いと考えられる化学物質はどれか。2つ選べ。 1 2 3 CH3 Cl Cl Cl Cl NH2 CH3 4 5 O Cl P CH3 H2N NH2 O O O Cl Cl Cl CH3	[]	multiChoice	[0,2]	null	normal	true	no_choice_sequence	"[""none""]"	P109-CASE-230	https://www.mhlw.go.jp/content/001226762.pdf	https://www.mhlw.go.jp/content/001228441.pdf	2024-02-18	MHLW website content under Public Data License 1.0 unless separately indicated; third-party content requires separate review
P109-232	109	232	実践	衛生	−233 乳児（生後 ₁ ケ月、女児）を連れた母親が、女児の ₁ ケ月検診を受けた後 に、女児が服用している薬について相談したいことがあるということで、かかりつ け薬局に来局した。女児の出生時の体重は ₂ , ₉₄₀ g であり、母乳栄養で現在は ₃ , ₈₉₀ g である。女児は、メナテトレノンシロップ ₁ mL を哺乳確立時、生後 ₁ 週 目（産科退院時）、今回と合計 ₃ 回内服している。母親は、女児へのメナテトレノ ン投与の理由について薬剤師に質問をした。 問 232（実務） 薬剤師が母親へ行った説明内容として最も適切なのはどれか。1つ選べ。	"[""くる病の発症リスクを軽減するため。"",""黄疸等の肝障害リスクを軽減するため。"",""頭蓋内出血等の出血リスクを軽減するため。"",""神経管閉鎖障害のリスクを軽減するため。"",""アレルギーの発症リスクを軽減するため。""]"	singleChoice	2	null	normal	false	parsed	"[""none""]"	P109-CASE-232	https://www.mhlw.go.jp/content/001226762.pdf	https://www.mhlw.go.jp/content/001228441.pdf	2024-02-18	MHLW website content under Public Data License 1.0 unless separately indicated; third-party content requires separate review
P109-233	109	233	実践	実務	（衛生） 薬剤師は母親にメナテトレノン投与によって、あるビタミンを補充できることを 説明した。このビタミンが新生児や幼若乳児で不足する理由として、誤っているの はどれか。1つ選べ。	"[""胎盤を通過しにくいため。"",""母乳中の含有量が少ないため。"",""胆汁分泌が低下している場合には、吸収されにくいため。"",""新生児や乳児は代謝及び排泄が亢進しているため。"",""新生児と乳児は、腸内細菌叢が未発達であるため。""]"	singleChoice	3	null	normal	false	parsed	"[""none""]"	P109-CASE-232	https://www.mhlw.go.jp/content/001226762.pdf	https://www.mhlw.go.jp/content/001228441.pdf	2024-02-18	MHLW website content under Public Data License 1.0 unless separately indicated; third-party content requires separate review
P109-234	109	234	実践	衛生	−235 ₅₅ 歳男性。身長 ₁₆₅ cm、体重 ₄₆ kg。脳血管障害により ₃ 年前から寝たき りの状態となり自宅療養中であった。ベッドから誤って転落し、大腿骨を骨折した ため、入院となった。入院時、仙骨部に褥瘡が認められ、病態としては黄色期と判 断されたことから、褥瘡チームが介入した。褥瘡チームが回診で確認したところ滲 出液、創周囲の感染徴候が認められた。 問 234（実務） 褥瘡チームの薬剤師による医師への提案として適切なのはどれか。2つ選べ。	"[""急性期の病態と考えられることから、積極的な薬物治療は行わず、経過観察す る。"",""抗菌薬を全身投与する。"",""スルファジアジン銀クリームを患部に塗布する。"",""精製白糖・ポビドンヨード配合軟膏を患部に塗布する。"",""クロベタゾールプロピオン酸エステル軟膏を患部に塗布する。""]"	multiChoice	[2,3]	null	normal	false	parsed	"[""none""]"	P109-CASE-234	https://www.mhlw.go.jp/content/001226762.pdf	https://www.mhlw.go.jp/content/001228441.pdf	2024-02-18	MHLW website content under Public Data License 1.0 unless separately indicated; third-party content requires separate review
P109-235	109	235	実践	実務	（衛生） 褥瘡治療においては、必要なエネルギー量と摂取タンパク質量を考慮することが 重要であるため、NST（Nutrition Support Team）の薬剤師が介入することと なった。この患者に必要な栄養投与量は、総エネルギー量が体重 ₁ kg あたり ₃₀ kcal、タンパク質摂取量が ₁ 日あたり ₆₀ g である。この場合の非タンパク質カ ロリー／窒素比（NPC/N 比）として最も近いのはどれか。1つ選べ。 ただし、タンパク質の窒素含有率は ₁₆％とする。	"[""₁₀₀"",""₁₂₀"",""₁₄₀"",""₁₆₀"",""₁₈₀""]"	singleChoice	1	null	normal	false	parsed	"[""none""]"	P109-CASE-234	https://www.mhlw.go.jp/content/001226762.pdf	https://www.mhlw.go.jp/content/001228441.pdf	2024-02-18	MHLW website content under Public Data License 1.0 unless separately indicated; third-party content requires separate review
P109-236	109	236	実践	衛生	−237 猛暑日が続き、連日にわたって熱中症警戒アラートが発表されているた め、多くの人がドラッグストアに病者用食品の経口補水液を購入に来た。購入希望 者から薬剤師に、脱水や熱中症への対策について相談が度々あった。 問 236（実務） 薬剤師が、購入希望者に対して行う、脱水や熱中症に関する説明内容として適切 なのはどれか。2つ選べ。	"[""室内で過ごしていれば、熱中症になることはありません。"",""喉の渇きを感じるまで、水分補給は必要ありません。"",""経口補水液を飲み過ぎると、ナトリウムの過剰摂取につながる恐れがありま す。"",""めまいや大量の発汗、筋肉のこむら返りなどの初期症状に注意してください。"",""この経口補水液は病者用の食品であるので、医師の診断を受けてから摂取して ください。""]"	multiChoice	[2,3]	null	normal	false	parsed	"[""none""]"	P109-CASE-236	https://www.mhlw.go.jp/content/001226762.pdf	https://www.mhlw.go.jp/content/001228441.pdf	2024-02-18	MHLW website content under Public Data License 1.0 unless separately indicated; third-party content requires separate review
P109-237	109	237	実践	実務	（衛生） この経口補水液に表示されているマークはどれか。1つ選べ。 1 2 3 4 5	[]	singleChoice	3	null	normal	true	no_choice_sequence	"[""none""]"	P109-CASE-236	https://www.mhlw.go.jp/content/001226762.pdf	https://www.mhlw.go.jp/content/001228441.pdf	2024-02-18	MHLW website content under Public Data License 1.0 unless separately indicated; third-party content requires separate review
P109-238	109	238	実践	衛生	−239 ₇₀ 歳男性。同居している息子夫婦に付き添われて来局。₂₀ 歳の頃より喫 煙習慣があり（ブリンクマン指数：₁ , ₂₀₀）、現在も ₁ 日に ₁₀ 本程度喫煙してい る。また職業上の粉じん曝露歴があった。数年前より労作時の息切れが出現し、 徐々に症状が悪化したために近医を受診し、慢性閉塞性肺疾患（COPD）と診断さ れ、以下の処方が出された。 （処方） チオトロピウム臭化物吸入用カプセル ₁₈ ng ₁ 回 ₁ カプセル ₁ 日 ₁ 吸入 全 ₅₆ カプセル 問 238（実務） 処方薬の注意すべき主な副作用はどれか。2つ選べ。	"[""排尿障害"",""徐脈"",""口腔内カンジダ症"",""下痢"",""口渇""]"	multiChoice	[0,4]	null	normal	false	parsed	"[""none""]"	P109-CASE-238	https://www.mhlw.go.jp/content/001226762.pdf	https://www.mhlw.go.jp/content/001228441.pdf	2024-02-18	MHLW website content under Public Data License 1.0 unless separately indicated; third-party content requires separate review
P109-239	109	239	実践	実務	（衛生） この男性は現在も喫煙を続けていることから、息子夫婦から、喫煙が健康に及ぼ す影響を父親に説明してほしいとの依頼があった。薬剤師がこの男性に対して行 う、「喫煙と健康」に関して説明する内容として適切なのはどれか。2つ選べ。	"[""COPD の最大のリスク要因は喫煙である。"",""受動喫煙は虚血性心疾患や脳卒中のリスクを高める心配はない。"",""たばこの発がん物質は主流煙に多く含まれており、副流煙にはほとんど存在し ない。"",""能動喫煙の防止を目的として、健康増進法が制定されている。"",""喫煙によって薬物代謝酵素が誘導され、効果に影響が出る薬もある。""]"	multiChoice	[0,4]	null	normal	false	parsed	"[""none""]"	P109-CASE-238	https://www.mhlw.go.jp/content/001226762.pdf	https://www.mhlw.go.jp/content/001228441.pdf	2024-02-18	MHLW website content under Public Data License 1.0 unless separately indicated; third-party content requires separate review
P109-240	109	240	実践	衛生	−241 ₃₇ 歳女性。生後 ₆ ケ月の男児あり。母乳哺育中。 ₃ ケ月前に動悸、食欲亢 進、体重減少が現れたため、かかりつけ医を受診したところ、甲状腺機能亢進が疑 われ、精査の結果、バセドウ病と診断された。プロピルチオウラシル錠内服による 治療が開始されたが、投与開始 ₁ ケ月後の検査において、白血球数減少が認められ たため、放射性同位体 I を含む放射性医薬品（ヨウ化ナトリウム（ I）カプセ 131 131 ル）による治療に変更することになった。 問 240（実務） この放射性同位体 I を含む放射性医薬品の服用前後の生活における注意点につ いて、この患者への薬剤師の説明として適切なのはどれか。2つ選べ。	"[""服用 ₁ ～ ₂ 週間前から、海藻類を含む食品などの摂取を増やしてください。"",""服用後も母乳哺育を継続することができます。"",""服用 ₁ ～ ₂ 週間前から、ヨウ素含有うがい液の使用を避けてください。"",""服用後 ₁ 週間は、子供との長時間の接触（添い寝など）は避けるようにしてく ださい。"",""服用後も、洗濯やお風呂は同居の人と区別する必要はありません。""]"	multiChoice	[2,3]	null	normal	false	parsed	"[""none""]"	P109-CASE-240	https://www.mhlw.go.jp/content/001226762.pdf	https://www.mhlw.go.jp/content/001228441.pdf	2024-02-18	MHLW website content under Public Data License 1.0 unless separately indicated; third-party content requires separate review
P109-241	109	241	実践	実務	（衛生） この患者の治療に用いる放射性同位体 131 I を含む放射性医薬品に関する記述のう ち、正しいのはどれか。2つ選べ。ただし、この放射性医薬品に含まれる I の物 理学的半減期は ₈ 日、生物学的半減期は ₈₀ 日とする。	"[""I の壊変方式は b 壊変で、b 線と c 線を放出する。 131 + +"",""I の実効半減期は、₇ . ₃ 日である。"",""この医薬品は、非密封小線源として治療に用いられる。"",""I は体内に吸収されると、甲状腺だけでなく骨にも集積する。"",""脳腫瘍の治療にも用いられる。""]"	multiChoice	[1,2]	null	normal	false	parsed	"[""none""]"	P109-CASE-240	https://www.mhlw.go.jp/content/001226762.pdf	https://www.mhlw.go.jp/content/001228441.pdf	2024-02-18	MHLW website content under Public Data License 1.0 unless separately indicated; third-party content requires separate review
P109-242	109	242	実践	衛生	−243 ある市立中学校で、線状降水帯による大雨のため床下浸水の被害が発生 し、休校となった。この学校では、市から供給される水道水のみを水源とし、地下 の受水槽に一旦貯めたのちに、高置水槽に揚水して給水栓に飲料水を供給してい る。学校を再開するにあたり、臨時検査として給水栓の飲料水の水質を検査するこ とになり、学校薬剤師が以下の項目について検査を行った。 検査項目：一般細菌、大腸菌、塩化物イオン、全有機炭素（TOC）の量、pH 値、 味、臭気、色度、濁度及び遊離残留塩素 下表は学校薬剤師が採水時に測定した項目及び検査機関で測定した項目の検査結 果である。直近の定期検査は災害の ₂ ケ月前に実施したものである。 検査結果 検査項目 直近の定期検査 臨時検査 一般細菌 不検出 ₂ , ₈₀₀ 個/mL 大腸菌 不検出 不検出 塩化物イオン ₁₂ . ₄ mg/L ₃₁ . ₀ mg/L 全有機炭素（TOC） ₀ . ₅₂ mg/L ₀ . ₆₈ mg/L pH 値 ₇.₂ ₆.₅ 味 異常なし 異常なし 臭気 異常なし 異常なし 色度 ₁ 度未満 ₁ 度未満 濁度 ₀ . ₁ 度未満 ₀.₆ 度 遊離残留塩素 ₀ . ₃ mg/L ₀ . ₀₅ mg/L 問 242（衛生） 検査を行った項目のうち、次の試薬Ａ～Ｃを用いる項目の組合せとして正しいの はどれか。1つ選べ。 試薬Ａ 試薬Ｂ 試薬Ｃ NH2 O O O O O HO H3C N AgNO3 HO OH H3C OH CH3 試薬Ａ 試薬Ｂ 試薬Ｃ	"[""大腸菌 一般細菌 pH 値"",""遊離残留塩素 一般細菌 塩化物イオン"",""塩化物イオン 大腸菌 pH 値"",""遊離残留塩素 大腸菌 塩化物イオン"",""大腸菌 pH 値 遊離残留塩素""]"	singleChoice	3	null	normal	true	parsed	"[""none""]"	P109-CASE-242	https://www.mhlw.go.jp/content/001226762.pdf	https://www.mhlw.go.jp/content/001228441.pdf	2024-02-18	MHLW website content under Public Data License 1.0 unless separately indicated; third-party content requires separate review
P109-243	109	243	実践	実務	（実務） この検査結果から、薬剤師が学校に報告する内容として適切なのはどれか。2つ 選べ。	"[""臨時検査において一般細菌が検出されていることから、地下の受水槽に汚染さ れた雨水などが流入したおそれがある。"",""塩化物イオン濃度と大腸菌の検査結果から、地下の受水槽がし尿で汚染された おそれがある。"",""定期検査及び臨時検査のいずれにおいても TOC が検出されていることから、 災害の前から高置水槽で藻類による汚染が発生していたと考えられる。"",""定期検査の結果と比較して、臨時検査では pH 値が低下しているため、遊離残 留塩素の消毒効果が減弱したと考えられる。"",""臨時検査において遊離残留塩素が学校環境衛生基準を満たしていないため、飲 料に適さない。""]"	multiChoice	[0,4]	null	normal	false	parsed	"[""none""]"	P109-CASE-242	https://www.mhlw.go.jp/content/001226762.pdf	https://www.mhlw.go.jp/content/001228441.pdf	2024-02-18	MHLW website content under Public Data License 1.0 unless separately indicated; third-party content requires separate review
P109-244	109	244	実践	衛生	−245 夫婦と小学生 ₂ 人の ₄ 人家族。冬休みに、スキー場近くのキャンプ場で 大型テントを張り、その中で炭火を使って鉄板でバーベキューをしていた。また、 テントの入り口付近では、暖房器具の電源として携帯型のガソリンエンジン発電機 を使用していた。しばらくして、通りがかった隣のテントの男性が、昏睡状態で倒 れているこの家族を発見した。 搬送受入先の救急指定病院では、一酸化炭素ガス中毒を疑った救急救命チームの 医師の指示で、血液検査と血液ガス分析が行われた。 問 244（実務） 一酸化炭素ガス中毒の診断に最も有効な検査項目はどれか。1つ選べ。	"[""pH"",""重炭酸イオン"",""動脈血二酸化炭素分圧"",""血清クレアチニン値"",""カルボキシヘモグロビン""]"	singleChoice	4	null	normal	false	parsed	"[""none""]"	P109-CASE-244	https://www.mhlw.go.jp/content/001226762.pdf	https://www.mhlw.go.jp/content/001228441.pdf	2024-02-18	MHLW website content under Public Data License 1.0 unless separately indicated; third-party content requires separate review
P109-245	109	245	実践	実務	（衛生） 前問の検査で診断が確定した。この中毒の原因物質に関する記述として、正しい のはどれか。2つ選べ。	"[""独特の腐敗臭を有する気体で、窒息性の呼吸器障害を引き起こす。"",""無色で、呼吸器に対する刺激性を有する気体である。"",""無色無臭で、空気よりもわずかに軽い可燃性の気体である。"",""赤血球中のヘムと強固に結合して酸素の運搬を阻害する。"",""ヘモグロビンの二価の鉄を酸化し、酸素への結合能力を消失させる。""]"	multiChoice	[2,3]	null	normal	false	parsed	"[""none""]"	P109-CASE-244	https://www.mhlw.go.jp/content/001226762.pdf	https://www.mhlw.go.jp/content/001228441.pdf	2024-02-18	MHLW website content under Public Data License 1.0 unless separately indicated; third-party content requires separate review
P109-246	109	246	実践	薬理	−247 ₆₅ 歳男性。肝腫瘍の精査目的で来院し、CT 検査にて S₂ 区域に ₃₅ mm の 乏血性腫瘍が確認された。入院し、超音波ガイド下で経皮的に生検針を刺し、肝臓 の一部を採取する肝生検を実施することになった。 入院予定 ₂ 週間前の外来受診の際に、以下の薬剤を継続して服用していることを 薬剤師が聴取した。 （処方） クロピドグレル錠 ₇₅ mg ₁ 回 ₁ 錠（ ₁ 日 ₁ 錠） アムロジピン口腔内崩壊錠 ₂ . ₅ mg ₁ 回 ₁ 錠（ ₁ 日 ₁ 錠） ランソプラゾール口腔内崩壊錠 ₃₀ mg ₁ 回 ₁ 錠（ ₁ 日 ₁ 錠） フェノフィブラート錠 ₈₀ mg ₁ 回 ₂ 錠（ ₁ 日 ₂ 錠） グリメピリド錠 ₁ mg ₁ 回 ₁ 錠（ ₁ 日 ₁ 錠） ₁日₁回 朝食後 ₂₈ 日分 問 246（薬理） この患者が継続服用していることが確認された薬物の作用として、正しいのはど れか。2つ選べ。	"[""ジペプチジルペプチダーゼ︲₄（DPP︲₄）を阻害して、グルコースによるインス リン分泌を促進する。"",""ペルオキシソーム増殖剤応答性受容体 a（PPAR a）を刺激して、リポタンパ ク質リパーゼ（LPL）を活性化する。"",""K と競合して、胃の壁細胞の H ，K ︲ATPase を可逆的に阻害することで、 + + + H 分泌を抑制する。 +"",""血小板のセロトニン ₅︲HT2 受容体を遮断して、細胞内 Ca 濃度上昇を抑制す 2+ る。"",""活性代謝物が血小板の ADP P₂Y12 受容体を遮断して、細胞内サイクリック AMP（cAMP）量を増加させる。""]"	multiChoice	[1,4]	null	normal	false	parsed	"[""none""]"	P109-CASE-246	https://www.mhlw.go.jp/content/001226763.pdf	https://www.mhlw.go.jp/content/001228441.pdf	2024-02-18	MHLW website content under Public Data License 1.0 unless separately indicated; third-party content requires separate review
P109-247	109	247	実践	実務	（実務） この患者で肝生検を行うにあたり休薬する薬剤として、適切なのはどれか。2つ 選べ。	"[""クロピドグレル錠"",""アムロジピン口腔内崩壊錠"",""ランソプラゾール口腔内崩壊錠"",""フェノフィブラート錠"",""グリメピリド錠""]"	multiChoice	[0,4]	null	normal	false	parsed	"[""none""]"	P109-CASE-246	https://www.mhlw.go.jp/content/001226763.pdf	https://www.mhlw.go.jp/content/001228441.pdf	2024-02-18	MHLW website content under Public Data License 1.0 unless separately indicated; third-party content requires separate review
P109-248	109	248	実践	薬理	−249 ₆₈ 歳男性。胸痛、咳嗽、発熱により救急外来を受診した。胸部 X 線検査 で肺炎像と胸水貯留が認められ、重症細菌性肺炎が疑われたため入院となり、以下 の処方 ₁ と処方 ₂ で治療を開始することとなった。 （入院時の身体所見及び検査値） 身長 ₁₆₅ cm、体重 ₆₀ kg、体温 ₃₉ . ₅ ℃、呼吸 ₂₅ 回/分 白血球 ₁₈ , ₀₀₀/nL、CRP ₁₈ . ₅ mg/dL、eGFR ₈₀ mL/min/₁ . ₇₃ m 、 SpO2 ₉₂％ （処方 ₁ ） メロペネム点滴静注用 ₁ g 生理食塩液 ₁₀₀ mL ₁日₃回 ₈：₀₀、₁₆：₀₀、₂₄：₀₀ ₃₀ 分かけて静脈内投与 ₃ 日連日 （処方 ₂ ） アセトアミノフェン静注液 ₁₀₀₀ mg/₁₀₀ mL（ ₁ 回 ₅₀₀ mg 使用） ₁日₂回 ₁₀：₀₀、₁₈：₀₀ ₁₅ 分かけて静脈内投与 ₃ 日連日 救急外来担当薬剤師がお薬手帳を確認したところ、てんかんの治療中であり、現 在、バルプロ酸ナトリウム、レベチラセタム、ペランパネルを内服していることが わかった。 問 248（実務） この患者で生じる可能性のある薬物相互作用を踏まえて、薬剤師が医師に変更を 提案する薬物として、最も適切なのはどれか。1つ選べ。	"[""バルプロ酸ナトリウム"",""ペランパネル"",""レベチラセタム"",""メロペネム"",""アセトアミノフェン""]"	singleChoice	3	null	normal	false	parsed	"[""none""]"	P109-CASE-248	https://www.mhlw.go.jp/content/001226763.pdf	https://www.mhlw.go.jp/content/001228441.pdf	2024-02-18	MHLW website content under Public Data License 1.0 unless separately indicated; third-party content requires separate review
P109-249	109	249	実践	実務	（薬理） この患者で薬物相互作用が懸念される抗てんかん薬の作用機序はどれか。2つ選 べ。	"[""炭酸脱水酵素を阻害して、神経細胞の過剰興奮を抑制する。"",""グルタミン酸 AMPA 受容体を遮断して、シナプス後膜の興奮を抑制する。"",""T 型 Ca2+ チャネルを遮断して、シナプス後膜の興奮を抑制する。"",""シナプス小胞タンパク質（SV₂A）と結合して、興奮性神経伝達物質の放出を 抑制する。"",""GABA トランスアミナーゼを阻害して、シナプス間隙における GABA 量を増 加させる。""]"	multiChoice	[2,4]	null	normal	false	parsed	"[""none""]"	P109-CASE-248	https://www.mhlw.go.jp/content/001226763.pdf	https://www.mhlw.go.jp/content/001228441.pdf	2024-02-18	MHLW website content under Public Data License 1.0 unless separately indicated; third-party content requires separate review
P109-250	109	250	実践	薬理	−251 ₅₀ 歳男性。会社員。人事異動で ₁ 年前に本社の営業課長を命じられた。し かし仕事に順応できず、ストレス、不安感及び過食が ₃ ケ月続いた。上司のすすめ もあり心療内科を受診し、うつ病と診断され以下の処方 ₁ で治療中である。 （処方 ₁ ） エスシタロプラム錠 ₂₀ mg ₁ 回 ₁ 錠（ ₁ 日 ₁ 錠） ₁日₁回 夕食後 ₂₈ 日分 内服開始後、特に副作用は現れていないが、十分な効果が認められないため、医 師は処方に新たに薬剤を追加して併用療法を行いたいと考えている。なお、男性は 現在排尿障害を伴う前立腺肥大症で処方 ₂ を内服中である。 （処方 ₂ ） デュタステリドカプセル ₀ . ₅ mg ₁ 回 ₁ カプセル（ ₁ 日 ₁ カプセル） ₁日₁回 朝食後 ₂₈ 日分 問 250（実務） この患者に対して禁忌ではなく、併用療法として用いることができる薬物はどれ か。1つ選べ。	"[""アミトリプチリン"",""アリピプラゾール"",""マプロチリン"",""ミルナシプラン"",""クロミプラミン""]"	singleChoice	1	null	normal	false	parsed	"[""none""]"	P109-CASE-250	https://www.mhlw.go.jp/content/001226763.pdf	https://www.mhlw.go.jp/content/001228441.pdf	2024-02-18	MHLW website content under Public Data License 1.0 unless separately indicated; third-party content requires separate review
P109-251	109	251	実践	実務	（薬理） 前問において禁忌のため用いることができないと判断された薬物は、この患者の 症状を悪化させるおそれがある。その理由はどれか。2つ選べ。	"[""ドパミン D2 受容体が遮断されるため。"",""ムスカリン M3 受容体が遮断されるため。"",""セロトニン ₅︲HT3 受容体が遮断されるため。"",""アドレナリン a1 受容体が刺激されるため。"",""アンドロゲン受容体が刺激されるため。""]"	multiChoice	[1,3]	null	normal	false	parsed	"[""none""]"	P109-CASE-250	https://www.mhlw.go.jp/content/001226763.pdf	https://www.mhlw.go.jp/content/001228441.pdf	2024-02-18	MHLW website content under Public Data License 1.0 unless separately indicated; third-party content requires separate review
P109-252	109	252	実践	薬理	−253 ₇₃ 歳女性。左前頭部が柔らかく腫張しているのを自覚し、かかりつけ医を 受診した。腫瘤性病変を指摘され、精査加療目的で紹介入院となった。CT 検査で 頭蓋及び四肢に骨病変が認められた。骨髄検査の結果、単クローン性の形質細胞が ₃₇ . ₀％であったことから多発性骨髄腫と診断され、以下の DLd（ダラツムマブ、 レナリドミド、デキサメタゾン）療法が開始された。 DLd 療法 ₁ ～ ₂ サイクルのレジメン 投与日 薬剤名・規格 投与方法 Day ₁，₈，₁₅，₂₂ ダラツムマブ（遺伝子組換え） ₁₆ mg/kg 点滴投与 点滴静注 ₁₀₀ mg/₅ mL Day ₁～₂₁ レナリドミドカプセル ₅ mg ₂₅ mg 経口投与 Day ₁，₂，₈，₉， デキサメタゾン錠 ₄ mg ₂₀ mg 経口投与 ₁₅，₁₆，₂₂，₂₃ Day ₂₄～₂₈ 休薬 問 252（実務） 今回の薬物治療における薬剤管理として、適切なのはどれか。2つ選べ。	"[""ダラツムマブの使用にあたっては、製造販売業者が策定した適性流通管理シス テムへの薬剤師の登録が必要である。"",""レナリドミドの使用にあたっては、製造販売業者が策定した適性管理手順に 従って、調剤及び管理上の責任を担う、責任薬剤師の登録が必要である。"",""ダラツムマブを使用する前に、肝炎ウイルス感染の有無を確認する必要があ る。"",""レナリドミドは、服用しやすいように脱カプセルする必要がある。"",""デキサメタゾンは、帳簿への記載が必要である。""]"	multiChoice	[1,2]	null	normal	false	parsed	"[""none""]"	P109-CASE-252	https://www.mhlw.go.jp/content/001226763.pdf	https://www.mhlw.go.jp/content/001228441.pdf	2024-02-18	MHLW website content under Public Data License 1.0 unless separately indicated; third-party content requires separate review
P109-253	109	253	実践	実務	（薬理） 治療開始後、血清カルシウム値が ₁₂ mg/dL を超えたため、薬物を追加すること となった。追加する薬物の作用機序として、適切なのはどれか。2つ選べ。	"[""骨芽細胞の副甲状腺ホルモン受容体を遮断する。"",""副甲状腺細胞のカルシウム受容体を遮断する。"",""破骨細胞のファルネシルピロリン酸合成酵素を阻害する。"",""骨芽細胞の RANKL（NF︲lB 活性化受容体リガンド）の作用を阻害する。"",""小腸上皮細胞のビタミン D 受容体を活性化する。""]"	multiChoice	[2,3]	null	normal	false	parsed	"[""none""]"	P109-CASE-252	https://www.mhlw.go.jp/content/001226763.pdf	https://www.mhlw.go.jp/content/001228441.pdf	2024-02-18	MHLW website content under Public Data License 1.0 unless separately indicated; third-party content requires separate review
P109-254	109	254	実践	薬理	−255 ₇₀ 歳男性。身長 ₁₆₅ cm、体重 ₅₀ kg。 ₁ 年前に心筋梗塞を起こし、心室細 動による心停止で救命救急センターに搬送され、心蘇生術を施し心機能が回復し た。その後、意識消失発作を起こしたため、半年前に埋め込み型除細動器（ICD） （注） と以下の処方で治療を開始した。 （注）体に埋め込んで、致死的な不整脈を自動的に感知し、電気ショックを与えて 心臓の動きを正常にもどす医療機器 （処方） バイアスピリン錠 ₁₀₀ mg ₁ 回 ₁ 錠（ ₁ 日 ₁ 錠） クロピドグレル錠 ₇₅ mg ₁ 回 ₁ 錠（ ₁ 日 ₁ 錠） ビソプロロールフマル酸塩錠 ₂ . ₅ mg ₁ 回 ₁ 錠（ ₁ 日 ₁ 錠） カンデサルタン錠 ₄ mg ₁ 回 ₁ 錠（ ₁ 日 ₁ 錠） ₁日₁回 朝食後 ₂₈ 日分 しかし、その後も ICD が作動することがあり、医師は心室性不整脈予防のため の追加薬を検討している。 問 254（実務） 追加する薬物として、最も適切なのはどれか。1つ選べ。	"[""一硝酸イソソルビド"",""キニジン"",""イソプレナリン"",""アミオダロン"",""ジルチアゼム""]"	singleChoice	3	null	normal	false	parsed	"[""none""]"	P109-CASE-254	https://www.mhlw.go.jp/content/001226763.pdf	https://www.mhlw.go.jp/content/001228441.pdf	2024-02-18	MHLW website content under Public Data License 1.0 unless separately indicated; third-party content requires separate review
P109-255	109	255	実践	実務	（薬理） 前問で追加する薬物が有する作用機序はどれか。2つ選べ。	"[""可溶性グアニル酸シクラーゼを活性化する。"",""アデノシン A1 受容体を刺激する。"",""アセチルコリン M2 受容体を遮断する。"",""L 型 Ca チャネルを遮断する。 2+"",""K チャネルを遮断する。 +""]"	multiChoice	[3,4]	null	normal	false	parsed	"[""none""]"	P109-CASE-254	https://www.mhlw.go.jp/content/001226763.pdf	https://www.mhlw.go.jp/content/001228441.pdf	2024-02-18	MHLW website content under Public Data License 1.0 unless separately indicated; third-party content requires separate review
P109-256	109	256	実践	薬理	−257 ₅₂ 歳女性。₄₀ 歳時に気管支ぜん息と診断された。現在、処方 1 ～ ₅ の薬 剤を服用しており、アドヒアランスは良好であるが、ぜん息発作で頻回に入院して いた。今回、ぜん息発作のコントロール目的で入院となり、処方 ₆ が追加された。 （処方 1 ） アドエア ₅₀₀ ディスカス ₂₈ 吸入用 1個 （注 1） 1 回 1 吸入 1日₂回 朝・夕吸入 （注 1 ） 1 回サルメテロールとして ₅₀ ng 及びフルチカゾンプロピオン酸エス テルとして ₅₀₀ ng （処方 ₂ ） スピリーバ ₂ . ₅ ng レスピマット ₆₀ 吸入 1本 （注 2） 1 回 ₂ 吸入 1日1回 朝吸入 （注 ₂ ） 1 回チオトロピウムとして ₂ . ₅ ng （処方 ₃ ） テオフィリン徐放錠 ₂₀₀ mg 1 回 1 錠（ 1 日 ₂ 錠） 1日₂回 朝食後及び就寝前 （処方 ₄ ） モンテルカスト口腔内崩壊錠 1₀ mg 1 回 1 錠（ 1 日 1 錠） 1日1回 就寝前 （処方 ₅ ） プロカテロール塩酸塩水和物エアゾール 1₀ ng 1本 1 回 ₂ 吸入 ぜん息発作時 （処方 ₆ ） オマリズマブ（遺伝子組換え）皮下注 1₅₀ mg シリンジ ₃本 1 回 ₄₅₀ mg 11：₀₀ に皮下投与 問 256（実務） 薬剤師が処方 ₆ の薬剤の投与量を監査するために確認すべき患者情報はどれか。 2つ選べ。	"[""体表面積"",""体重"",""投与前血清中総 IgE 濃度"",""投与前血清中 IL︲₅ 濃度"",""投与前血中好酸球数""]"	multiChoice	[1,2]	null	normal	false	parsed	"[""none""]"	P109-CASE-256	https://www.mhlw.go.jp/content/001226763.pdf	https://www.mhlw.go.jp/content/001228441.pdf	2024-02-18	MHLW website content under Public Data License 1.0 unless separately indicated; third-party content requires separate review
P109-257	109	257	実践	実務	（薬理） 処方 ₁ ～ ₆ のいずれかの薬物の作用機序として、正しいのはどれか。2つ選べ。	"[""トロンボキサン合成酵素を阻害することで、気管支平滑筋の収縮を抑制する。"",""アデノシン A1 受容体を遮断して、気管支平滑筋の収縮を抑制する。"",""₂ 型ヘルパー T 細胞（Th₂ 細胞）における IL︲₅ の産生を抑制することで、肺 への好酸球浸潤を抑制する。"",""IgE に結合して、IgE が肥満細胞膜上の IgE 受容体に結合するのを阻害するこ とで、炎症性メディエーターの産生を抑制する。"",""IL︲₅ に結合して、IL︲₅ が好酸球の細胞膜上の IL︲₅ 受容体に結合するのを阻害 することで、血中の好酸球数を減少させる。""]"	multiChoice	[1,3]	null	normal	false	parsed	"[""none""]"	P109-CASE-256	https://www.mhlw.go.jp/content/001226763.pdf	https://www.mhlw.go.jp/content/001228441.pdf	2024-02-18	MHLW website content under Public Data License 1.0 unless separately indicated; third-party content requires separate review
P109-258	109	258	実践	薬理	−259 ₂₅ 歳女性。身長 ₁₅₃ cm、体重 ₄₀ kg。₁₉ 歳のときにクローン病と診断さ れ、メサラジンとアザチオプリンによる併用療法を実施していたが、効果不十分の ため ₁ 年前よりアダリムマブ（遺伝子組換え）皮下注が追加となった。 ₂ 週間前より、発熱、腹痛及び下痢があり検査目的で入院となった。内視鏡検査 の結果、症状が悪化していることが分かり、アダリムマブが以下の処方 ₁ に変更さ れるとともに、処方 ₂ が追加された。 （処方 ₁ ） ウステキヌマブ（遺伝子組換え）₁₃₀ mg ₁日₁回 ₂ バイアル 生理食塩液 ₂₅₀ mL 点滴静注 ₁ 回分 （処方 ₂ ） エレンタール配合内用剤※ ₈₀ g ₁ 回 ₁ 袋（ ₁ 日 ₃ 袋）朝昼夕 ₇ 日分 ※成分栄養剤 問 258（実務） この患者に対する服薬指導の内容として、適切なのはどれか。2つ選べ。	"[""メサラジンと処方 ₁ の薬剤との相互作用による重篤な副作用がないこと。"",""処方 ₁ の薬剤への変更後は、妊娠を気にしなくてよいこと。"",""処方 ₁ の薬剤はアダリムマブとは異なり、感染症のリスクがないこと。"",""処方 ₂ の薬剤は腸への負担が少ないこと。"",""処方 ₂ の薬剤を水や微温湯に溶解後、時間をかけずにすばやく飲み干すこと。""]"	multiChoice	[0,3]	null	normal	false	parsed	"[""none""]"	P109-CASE-258	https://www.mhlw.go.jp/content/001226763.pdf	https://www.mhlw.go.jp/content/001228441.pdf	2024-02-18	MHLW website content under Public Data License 1.0 unless separately indicated; third-party content requires separate review
P109-259	109	259	実践	実務	（薬理） クローン病の症状寛解を目的とした薬物の作用機序のうち、今回までに処方され てきたのとは異なるのはどれか。2つ選べ。	"[""リンパ球表面に発現する a4 b7 インテグリンに結合することで、リンパ球の腸 管粘膜への浸潤を阻害する。"",""可溶性及び膜結合型 TNF︲a に特異的に結合することで、TNF︲a の受容体へ の結合を阻害する。"",""IL︲₁₂ 及び IL︲₂₃ の p₄₀ サブユニットに結合することで、ヘルパー T 細胞の活 性化を抑制する。"",""生体内でチオイノシン酸となり、イノシン酸と拮抗してプリンヌクレオチドの 生合成を阻害する。"",""細胞内でグルココルチコイド受容体に結合し、核内移行して遺伝子転写を調節 することで、抗炎症作用を示す。""]"	multiChoice	[0,4]	null	normal	false	parsed	"[""none""]"	P109-CASE-258	https://www.mhlw.go.jp/content/001226763.pdf	https://www.mhlw.go.jp/content/001228441.pdf	2024-02-18	MHLW website content under Public Data License 1.0 unless separately indicated; third-party content requires separate review
P109-260	109	260	実践	薬理	−261 ₅₈ 歳男性。身長 ₁₆₅ cm、体重 ₈₅ kg。 ₂ 年前より ₂ 型糖尿病と診断され、 以下の内服治療を行ってきた。 （処方 ₁ ） シタグリプチンリン酸塩錠 ₁₀₀ mg ₁ 回 ₁ 錠（ ₁ 日 ₁ 錠） ₁日₁回 朝食後 ₂₈ 日分 （処方 ₂ ） ダパグリフロジンプロピレングリコール水和物錠 ₁₀ mg ₁ 回 ₁ 錠（ ₁ 日 ₁ 錠） ₁日₁回 朝食後 ₂₈ 日分 （処方 ₃ ） メトホルミン塩酸塩錠 ₅₀₀ mg ₁ 回 ₁ 錠（ ₁ 日 ₃ 錠） ₁日₃回 朝昼夕食後 ₂₈ 日分 今回患者がかかりつけ薬局に処方箋を持参した際、薬局薬剤師は、処方 ₁ ～処方 ₃ が処方 ₂ ～処方 ₄ に変更されていることを確認した。 （処方 ₄ ） セマグルチド（遺伝子組換え）皮下注 ₂ mg ₁ キット 週に ₁ 回 ₀ . ₂₅ mg 皮下注射 薬局薬剤師が患者に確認したところ、患者からは「医師から血糖コントロールが 不十分と言われた。低血糖の症状はない。ただどうしても食事の量を減らすことが できない。体重がまた少し増えた。」との情報が得られた。 問 260（実務） 薬局薬剤師から患者への服薬指導として、適切なのはどれか。2つ選べ。	"[""処方 ₄ のお薬は処方 ₁ のお薬を週 ₁ 回にした注射薬です。"",""処方 ₁ のお薬から処方 ₄ のお薬に変更しても、低血糖には十分に注意してくだ さい。"",""処方 ₄ のお薬は処方 ₂ のお薬と同じように、利尿作用があるので脱水に注意し てください。"",""処方 ₄ のお薬は注射の前後で血糖自己測定を忘れずに行ってください。"",""処方 ₄ のお薬は週 ₁ 回同じ曜日に注射してください。""]"	multiChoice	[1,4]	null	normal	false	parsed	"[""none""]"	P109-CASE-260	https://www.mhlw.go.jp/content/001226763.pdf	https://www.mhlw.go.jp/content/001228441.pdf	2024-02-18	MHLW website content under Public Data License 1.0 unless separately indicated; third-party content requires separate review
P109-261	109	261	実践	実務	（薬理） 処方 ₁ ～ ₄ のいずれかの薬物の作用機序として、正しいのはどれか。2つ選べ。	"[""a︲グルコシダーゼを阻害して、小腸からのグルコース吸収を抑制する。"",""尿細管からのグルコース再吸収を抑制して、グルコース排泄を増加させる。"",""AMP 活性化プロテインキナーゼ（AMPK）を阻害して、肝臓での糖新生を抑 制する。"",""グルカゴン様ペプチド︲₁（GLP︲₁）受容体を刺激して、グルコースによるイン スリン分泌を促進する。"",""アルドース還元酵素を阻害して、神経細胞内のソルビトール蓄積を抑制する。""]"	multiChoice	[1,3]	null	normal	false	parsed	"[""none""]"	P109-CASE-260	https://www.mhlw.go.jp/content/001226763.pdf	https://www.mhlw.go.jp/content/001228441.pdf	2024-02-18	MHLW website content under Public Data License 1.0 unless separately indicated; third-party content requires separate review
P109-262	109	262	実践	薬理	−263 ₇₀ 歳男性。糖尿病と心不全で治療中。 ₃ 年前に眼圧の上昇が指摘され、原 発開放隅角緑内障との診断を受け、処方 ₁ による治療を開始した。なお、同時に白 内障の診断も受けている。点眼液による治療開始後、目の周囲が黒ずむなど眼瞼色 素沈着が観察されるようになったため、処方 ₁ から処方 ₂ へ変更になった。その 後、眼圧低下が不十分と診断され、現在は処方 ₂ に加えて処方 ₃ が追加となってい る。 （臨床検査値） HbA₁c ₈ . ₀％、BUN ₂₀ mg/dL、血清クレアチニン ₁ . ₂ mg/dL、 尿中ケトン体（+）、血清浸透圧 ₂₉₅ mOsm/L （処方 ₁ ） ラタノプロスト点眼液 ₀ . ₀₀₅％（₂ . ₅ mL/本） ₁ 本 ₁日₁回 朝 両眼に点眼 （処方 ₂ ） オミデネパグ イソプロピル点眼液 ₀ . ₀₀₂％（₂ . ₅ mL/本） ₁ 本 ₁日₁回 朝 両眼に点眼 （処方 ₃ ） ブリンゾラミド懸濁性点眼液 ₁ . ₀％（ ₅ mL/本） ₁ 本 ₁日₂回 朝夕 両眼に点眼 問 262（実務） 点眼液使用に関して、薬剤師がこの患者に指導する内容として、適切なのはどれ か。1つ選べ。	"[""処方 ₂ と処方 ₃ の薬剤については、朝の点眼時、時間をおかずに連続して点眼 すること。"",""処方 ₃ の薬剤は懸濁性点眼液なので、朝の点眼時には、処方 ₃ の薬剤を最初に 使用すること。"",""処方 ₂ の薬剤は水分の排出を促すので、いつもより水分を多めに摂取すること。"",""処方 ₂ の薬剤は保存剤が含まれているので、毎回よく振って使用すること。"",""処方 ₃ の薬剤は点眼後、全身作用を起こすことがあるので、過敏性の兆候に注 意すること。""]"	singleChoice	4	null	normal	false	parsed	"[""none""]"	P109-CASE-262	https://www.mhlw.go.jp/content/001226763.pdf	https://www.mhlw.go.jp/content/001228441.pdf	2024-02-18	MHLW website content under Public Data License 1.0 unless separately indicated; third-party content requires separate review
P109-263	109	263	実践	実務	（薬理） しばらくして白内障の手術（眼内レンズ挿入術）のため入院となり、処方 ₂ が中 止となった。処方 ₂ に替えて、新たに異なる作用機序の薬物を追加することになっ た。追加する薬物の作用機序として、適切なのはどれか。2つ選べ。	"[""アドレナリン a2 受容体を刺激して、毛様体における房水産生を抑制するとと もに、ぶどう膜強膜流出経路からの房水流出を促進する。"",""アドレナリン b1 受容体を遮断して、毛様体における房水産生を抑制する。"",""炭酸脱水素酵素を阻害して、毛様体における房水産生を抑制する。"",""Rho キナーゼを阻害して、線維柱帯︲シュレム管経路からの房水流出を促進す る。"",""プロスタノイド EP₂ 受容体を刺激して、線維柱帯︲シュレム管経路及びぶどう 膜強膜流出経路からの房水流出を促進する。""]"	multiChoice	[0,3]	null	normal	false	parsed	"[""none""]"	P109-CASE-262	https://www.mhlw.go.jp/content/001226763.pdf	https://www.mhlw.go.jp/content/001228441.pdf	2024-02-18	MHLW website content under Public Data License 1.0 unless separately indicated; third-party content requires separate review
P109-264	109	264	実践	薬理	−267 ₃₉ 歳、閉経前女性。身長 ₁₅₅ cm、体重 ₄₃ kg、体表面積 ₁ . ₃₈ m 。右乳房 に腫瘤を触知し、乳腺外科を受診、針生検の結果、T₁N₁M₀ の StageⅡA の右乳 がんと診断され、入院した。右乳房部分切除術、センチネルリンパ節生検及び腋窩 リンパ節郭清を実施した。術後の検査所見は以下のとおりであった。 （検査所見） リンパ節転移 ₆ 個、エストロゲン受容体（ER）陽性、 プロゲステロン受容体（PgR）陽性、 HER₂（ヒト上皮増殖因子受容体 ₂ 型）陰性、AST ₂₀ IU/L、ALT ₁₇ IU/L、 血清クレアチニン ₀ . ₈₈ mg/dL、BUN ₁₈ mg/dL、白血球 ₅ , ₆₀₀/nL、 赤血球 ₃₆₈ # ₁₀4/nL、Hb ₁₁ . ₂ g/dL、血小板 ₂₈ # ₁₀4/nL、好中球 ₄ , ₅₀₀/nL 今回この患者に以下の術後薬物療法を施行することとなった。 （処方 ₁ ） Ａ 錠 ₂₀ mg ₁ 回 ₁ 錠（ ₁ 日 ₁ 錠） ₁日₁回 朝食後 ₁₄ 日分 （処方 ₂ ） リュープロレリン酢酸塩注射用キット ₃ . ₇₅ mg ₁ キット ₁ 回 ₃ . ₇₅ mg ₄ 週間ごとに ₁ 回皮下注射 問 264（実務） この患者の術後薬物療法に用いられる薬物Ａとして、適切なのはどれか。1つ選 べ。	"[""アナストロゾール"",""エキセメスタン"",""エンザルタミド"",""タモキシフェン"",""ラパチニブ""]"	singleChoice	3	null	normal	false	parsed	"[""none""]"	P109-CASE-264	https://www.mhlw.go.jp/content/001226763.pdf	https://www.mhlw.go.jp/content/001228441.pdf	2024-02-18	MHLW website content under Public Data License 1.0 unless separately indicated; third-party content requires separate review
P109-265	109	265	実践	実務	（薬理） 処方 ₁ 又は処方 ₂ の薬物の抗がん作用の機序として、正しいのはどれか。2つ選 べ。	"[""視床下部の ER を刺激して、GnRH（性腺刺激ホルモン放出ホルモン）の分泌 を抑制する。"",""下垂体の GnRH 受容体のダウンレギュレーションを起こすことで、ゴナドトロ ピンの分泌を抑制する。"",""脂肪組織において、アロマターゼを阻害して、エストロゲンの生成を抑制する。"",""乳がん組織の ER において、エストロゲンに拮抗する。"",""HER₂ に結合して、乳がん細胞の増殖を抑制する。""]"	multiChoice	[1,3]	null	normal	false	parsed	"[""none""]"	P109-CASE-264	https://www.mhlw.go.jp/content/001226763.pdf	https://www.mhlw.go.jp/content/001228441.pdf	2024-02-18	MHLW website content under Public Data License 1.0 unless separately indicated; third-party content requires separate review
P109-266	109	266	実践	薬剤	（実務） この患者への薬物治療に関して、病棟の症例検討カンファレンスに参加している 研修医向けに発表して欲しいと病棟担当薬剤師へ依頼があった。カンファレンスに おける薬剤師の発表内容として、適切なのはどれか。2つ選べ。	"[""処方 ₁ の薬剤の服用により子宮体がん（子宮内膜がん）のリスクが高まること があり、本剤投与中及び投与終了後の患者は定期的に検査を行うことが望ましい。"",""処方 ₂ の薬剤の投与により、うつ状態が現れることがあり、症状悪化時には SSRI 等の抗うつ薬の追加処方を検討する。"",""処方 ₂ の薬剤の投与により、骨疼痛の一過性増悪がみられることがあり、この ような症状が現れた場合には、ビスホスホネート製剤の投与を行う。"",""今回の薬物治療に際して患者が妊娠していないことを確認し、また治療期間中 は低用量経口避妊薬による避妊法を用いる。"",""今回の薬物治療により骨密度の低下がみられることがあるので、長期にわたり 投与する場合は骨密度の検査を実施する。""]"	multiChoice	[0,4]	null	normal	false	parsed	"[""none""]"	P109-CASE-266	https://www.mhlw.go.jp/content/001226763.pdf	https://www.mhlw.go.jp/content/001228441.pdf	2024-02-18	MHLW website content under Public Data License 1.0 unless separately indicated; third-party content requires separate review
P109-267	109	267	実践	実務	（薬剤） 処方 ₂ の製剤に関する記述として、正しいのはどれか。2つ選べ。	"[""乳酸・グリコール酸共重合体が使用されている。"",""高分子で薬物結晶をコーティングしている。"",""マトリックスを形成している高分子が分解することにより薬物を放出する。"",""自己乳化型マイクロエマルション製剤である。"",""粉末部の薬剤を液体部の溶液で溶解して使用する製剤である。""]"	multiChoice	[0,2]	null	normal	false	parsed	"[""none""]"	P109-CASE-266	https://www.mhlw.go.jp/content/001226763.pdf	https://www.mhlw.go.jp/content/001228441.pdf	2024-02-18	MHLW website content under Public Data License 1.0 unless separately indicated; third-party content requires separate review
P109-268	109	268	実践	薬剤	−269 ₄₃ 歳男性。既婚で妻と二人暮らし。糖尿病治療のため、インスリンの自己 注射を行っている。インスリン療法開始から ₁ 年程度経過し、血糖値は正常値に近 づいてきた。しかし、食事をとらずに注射したときや入浴中の低血糖症状による意 識障害により、救急搬送を何度か経験しており、グルカゴン注射液を家族が投与で きるよう ₃ ケ月前に処方（処方 ₁ ）された。しかし、その後重症低血糖による意識 障害を起こしている本人を前にして、妻が注射液の調製を失敗してしまい、救急車 を待つことしかできなかった。そこで、今後の低血糖対策として、グルカゴン点鼻 粉末剤（処方 ₂ ）を使用できるよう、妻同席のもと医師による説明が実施され、薬 剤部には薬剤の使用方法等について説明の依頼があった。 （処方 ₁ ） グルカゴン（遺伝子組換え）注射用 ₁ mg ₁回₁本 （溶解用注射用水 ₁ mL 添付してください） 低血糖時 注射用水で溶解後に筋注 ₁ 回分 （処方 ₂ ） グルカゴン点鼻粉末剤 ₃ mg ₁回₁個 低血糖時 鼻腔内に噴霧 ₁ 回分 問 268（薬剤） 下図は処方 ₁ と処方 ₂ の薬剤投与時の、血漿中グルカゴン濃度（Ａ）と血中グル コース濃度（Ｂ）の時間推移をそれぞれ示したものである。次の記述のうち、正し いのはどれか。2つ選べ。 Ａ ₁₄₀₀₀ 処方 ₁ ₁₂₀₀₀ 血漿中グルカゴン濃度（pg/mL） 処方 ₂ ₁₀₀₀₀ ₈₀₀₀ ₆₀₀₀ ₄₀₀₀ ₂₀₀₀ ₀ ₀.₀ ₀.₅ ₁.₀ ₁.₅ ₂.₀ ₂.₅ ₃.₀ ₃.₅ ₄.₀ 時間（h） Ｂ ₂₅₀ 処方 ₁ 処方 ₂ 血中グルコース濃度（mg/dL） ₂₀₀ ₁₅₀ ₁₀₀ ₅₀ ₀ ₀ ₁₀ ₂₀ ₃₀ ₄₀ ₅₀ ₆₀ ₇₀ ₈₀ ₉₀ 時間（min） 図 各薬剤投与後の血漿中グルカゴン濃度（Ａ）と血中グルコース濃度（Ｂ） の時間推移	"[""処方 ₁ で投与した場合のグルカゴンの最高血漿中濃度到達時間は ₃₀ 分である。"",""処方 ₁ で投与した場合の投与後 ₆₀ 分までの血中グルコース濃度の上昇推移 は、処方 ₂ で投与した場合とほぼ等しい。"",""処方 ₂ で投与した場合、グルカゴンは鼻粘膜より直接体循環に移行し、肝臓で の初回通過効果を回避することができる。"",""処方 ₂ で投与する場合に処方 ₁ の場合と同等の血中グルコース濃度上昇作用を 得るためには、同用量のグルカゴンが必要である。"",""処方 ₂ で投与した場合、投与後 ₃₀ 分までの血中グルコース濃度は約 ₇₀ mg/dL であり、最大血中グルコース濃度は ₁₄₀ mg/dL を超える値まで上昇する。""]"	multiChoice	[1,2]	null	normal	true	parsed	"[""none""]"	P109-CASE-268	https://www.mhlw.go.jp/content/001226763.pdf	https://www.mhlw.go.jp/content/001228441.pdf	2024-02-18	MHLW website content under Public Data License 1.0 unless separately indicated; third-party content requires separate review
P109-269	109	269	実践	実務	（実務） 妻は、夫の低血糖症状の発現時の対応について、医師からの説明は受けたもの の、不安に感じているようであった。処方 ₂ の薬剤の使用及び低血糖への対応に関 する妻への説明として、適切なのはどれか。2つ選べ。	"[""この点鼻剤を使用すると ₁₀～₁₅ 分程度で低血糖状態からの回復が期待できま す。"",""低血糖状態となっても、本人の自覚がないことがありますので、疑わしい症状 があれば、意識があるうちに補食や糖分を含む飲料を摂取させてください。"",""意識がない状況では、この点鼻剤を使用しないでください。"",""低血糖の際にすぐに使用できるよう、自宅では薬剤の防湿外装フィルムをあら かじめ剥がしておいてください。"",""意識が回復した場合は、仰臥位でブドウ糖などの糖分を摂取させてください。""]"	multiChoice	[0,1]	null	normal	false	parsed	"[""none""]"	P109-CASE-268	https://www.mhlw.go.jp/content/001226763.pdf	https://www.mhlw.go.jp/content/001228441.pdf	2024-02-18	MHLW website content under Public Data License 1.0 unless separately indicated; third-party content requires separate review
P109-270	109	270	実践	薬剤	−271 ₇₃ 歳男性。体重 ₆₀ kg。慢性気管支炎のため、長期治療（エンクラッセ ₆₂ . ₅ ng エリプタ ₃₀ 吸入用 、 ₁ 日 ₁ 回 ₁ 吸入）を実施中である。咳嗽症状が悪 （注） 化し、₃₉ ℃以上の発熱、茶色の喀痰症状があり、肺炎疑いのため、入院加療と なった。 最近では肺炎を繰り返しており、精査を行ったところ、末梢血好酸球増加、アス ペルギルスの抗体検査及び喀痰検査陽性、レントゲン画像所見などから、アレル ギー性気管支肺アスペルギルス症と診断され、ボリコナゾール ₂₀₀ mg 静注用を投 与することとなった。投与量は、ボリコナゾールとして初日は ₁ 回 ₆ mg/kg を ₁ 日 ₂ 回、 ₂ 日目以降は ₁ 回 ₃ mg/kg を ₁ 日 ₂ 回とした。投与開始から ₄ 日目と ₈ 日 目に血中濃度を測定した。測定結果がわかるまでに数日を要することから、病棟カ ンファレンスにおいて、薬物治療に関する確認事項を共有した。 （注） ₁ 吸入でウメクリジニウムとして ₆₂ . ₅ ng を吸入できるドライパウダー吸入 剤 問 270（実務） ボリコナゾールの TDM 結果の解析に向けて、薬物の体内動態と血中濃度の個人 差について共有しておくべき情報として、正しいのはどれか。2つ選べ。	"[""トラフ値が目標値を超える場合は、肝機能障害に注意する。"",""ウメクリジニウムにより代謝酵素の阻害を受けるため、併用には注意が必要で ある。"",""主となる代謝酵素は、日本人の人口の約 ₅₀％が poor metabolizer である。"",""中等度の腎機能低下時には、注射剤中の添加剤の蓄積による腎機能悪化に注意 が必要である。"",""₂ 日目以降に同じ投与量を繰り返した場合、代謝酵素の誘導を起こして血中濃 度は上昇する。""]"	multiChoice	[0,3]	null	normal	true	parsed	"[""none""]"	P109-CASE-270	https://www.mhlw.go.jp/content/001226763.pdf	https://www.mhlw.go.jp/content/001228441.pdf	2024-02-18	MHLW website content under Public Data License 1.0 unless separately indicated; third-party content requires separate review
P109-271	109	271	実践	実務	（薬剤） 点滴投与から ₉ 日後、平熱に戻り、呼吸状態も改善されたため退院が決定し、点 滴静注からボリコナゾール錠 ₁₅₀ mg を ₁ 回 ₁ 錠、 ₁ 日 ₂ 回の内用剤に切り換える ことになった。定常状態に到達後の血中濃度を測定したところ、ボリコナゾールの 平均血中濃度は ₄ ng/mL であった。 臨床試験の結果から、ボリコナゾールの体内からの消失はミカエリス・メンテン 式 に 従 う こ と、 最 大 消 失 速 度 は ボ リ コ ナ ゾ ー ル の 主 な 代 謝 酵 素 の extensive metabolizer（EM）では ₃₅ mg/h であること、ミカエリス定数は遺伝子多型の影 響を受けず ₄ mg/L であることが示されている。この患者の最大消失速度は EM の 何倍か。最も近い値を1つ選べ。ただし、ボリコナゾールの経口投与後のバイオア ベイラビリティは ₁₀₀％とする。	"[""₀.₂"",""₀.₄"",""₀.₇"",""₀.₉"",""₁.₄""]"	singleChoice	2	null	normal	false	parsed	"[""none""]"	P109-CASE-270	https://www.mhlw.go.jp/content/001226763.pdf	https://www.mhlw.go.jp/content/001228441.pdf	2024-02-18	MHLW website content under Public Data License 1.0 unless separately indicated; third-party content requires separate review
P109-272	109	272	実践	薬剤	−273 ₅₃ 歳男性。以前から、Ａ病院内科で高血圧症、脂質異常症、糖尿病、胃潰 瘍、腰痛症に対して治療を受けており、症状は安定していた。最近、仕事のストレ スのためか気分が落ち込むことが多く、食欲不振、不眠などが続くため、Ｂ心療内 科を受診した。うつ病と診断され、処方箋を持って、かかりつけの薬局を訪れた。 （処方） フルボキサミンマレイン酸塩錠 ₂₅ mg ₁ 回 ₁ 錠（ ₁ 日 ₂ 錠） ₁日₂回 朝夕食後 ₁₄ 日分 （薬歴に記載されていたＡ病院内科での処方内容） ニフェジピン徐放錠 ₂₀ mg ₁ 回 ₁ 錠（ ₁ 日 ₁ 錠） ₁日₁回 朝食後 ₁₄ 日分 シンバスタチン錠 ₅ mg ₁ 回 ₁ 錠（ ₁ 日 ₁ 錠） ₁日₁回 夕食後 ₁₄ 日分 メトホルミン塩酸塩錠 ₅₀₀ mg ₁ 回 ₁ 錠（ ₁ 日 ₂ 錠） ファモチジン口腔内崩壊錠 ₂₀ mg ₁ 回 ₁ 錠（ ₁ 日 ₂ 錠） ₁日₂回 朝夕食後 ₁₄ 日分 チザニジン錠 ₁ mg ₁ 回 ₁ 錠（ ₁ 日 ₃ 錠） ₁日₃回 朝昼夕食後 ₁₄ 日分 問 272（実務） かかりつけ薬剤師が処方監査した際、心療内科と内科の処方薬剤の中に併用禁忌 の組合せがあるため、疑義照会を行うこととなった。その疑義照会の原因となる薬 剤はどれか。1つ選べ。	"[""ニフェジピン徐放錠"",""シンバスタチン錠"",""メトホルミン塩酸塩錠"",""ファモチジン口腔内崩壊錠"",""チザニジン錠""]"	singleChoice	4	null	normal	false	parsed	"[""none""]"	P109-CASE-272	https://www.mhlw.go.jp/content/001226763.pdf	https://www.mhlw.go.jp/content/001228441.pdf	2024-02-18	MHLW website content under Public Data License 1.0 unless separately indicated; third-party content requires separate review
P109-273	109	273	実践	実務	（薬剤） 前問の薬剤を選択した理由に最も深く関係する機序はどれか。1つ選べ。	"[""胃内 pH の上昇"",""小腸 CYP₃A₄ 発現量の増加"",""小腸 P︲糖タンパク質発現量の増加"",""肝 CYP₁A₂ の阻害"",""肝 CYP₃A₄ の阻害""]"	singleChoice	3	null	normal	false	parsed	"[""none""]"	P109-CASE-272	https://www.mhlw.go.jp/content/001226763.pdf	https://www.mhlw.go.jp/content/001228441.pdf	2024-02-18	MHLW website content under Public Data License 1.0 unless separately indicated; third-party content requires separate review
P109-274	109	274	実践	薬剤	−275 ₃₄ 歳既婚女性。高血圧症、逆流性食道炎治療中。かかりつけ薬局の薬剤師 がいつもの薬をお渡しする際に副作用の発現状況などを確認していると、患者は半 年前に結婚し、そろそろ子供が欲しいと思うようになったとのことであったが、患 者背景については、薬歴が更新されていなかった。 （処方 ₁ ）病院循環器内科 エナラプリルマレイン酸塩錠 ₁₀ mg ₁ 回 ₁ 錠（ ₁ 日 ₁ 錠） ランソプラゾール口腔内崩壊錠 ₁₅ mg ₁ 回 ₁ 錠（ ₁ 日 ₁ 錠） ₁日₁回 朝食後 ₂₈ 日分 センノシド錠 ₁₂ mg ₁回₂錠 便秘時 夜に服用 問 274（薬剤） 処方薬に関する記述のうち、誤っているのはどれか。1つ選べ。	"[""エナラプリルは、消化管吸収の改善を目的としたプロドラッグである。"",""エナラプリルは、エステル部分の加水分解により代謝活性化される。"",""ランソプラゾールは、主に CYP₂C₁₉ 又は CYP₃A₄ で代謝される。"",""ランソプラゾールは、苦味の軽減を目的としたプロドラッグである。"",""センノシドは、腸内細菌による代謝物が腸の蠕動運動を促進する。""]"	singleChoice	3	null	normal	false	parsed	"[""none""]"	P109-CASE-274	https://www.mhlw.go.jp/content/001226763.pdf	https://www.mhlw.go.jp/content/001228441.pdf	2024-02-18	MHLW website content under Public Data License 1.0 unless separately indicated; third-party content requires separate review
P109-275	109	275	実践	実務	（実務） 今後の薬物療法にあたり、妊娠の可能性があるこの患者に説明しておく情報はど れか。2つ選べ。	"[""血圧コントロールのため、生活習慣や食習慣に気をつける。"",""現在服用中の血圧の薬は妊娠中でも服用可能である。"",""妊娠がわかったら、すぐに連絡してもらう。"",""逆流性食道炎の治療薬を市販の六君子湯などの漢方薬に変更する。"",""下剤は、一般用医薬品であれば、妊娠中でも服用可能である。""]"	multiChoice	[0,2]	null	normal	false	parsed	"[""none""]"	P109-CASE-274	https://www.mhlw.go.jp/content/001226763.pdf	https://www.mhlw.go.jp/content/001228441.pdf	2024-02-18	MHLW website content under Public Data License 1.0 unless separately indicated; third-party content requires separate review
P109-276	109	276	実践	薬剤	−277 ₇₅ 歳男性。身長 ₁₆₄ cm、体重 ₅₂ kg。胃全摘出術後 ₃ 日目の消化器外科入 院中に、₃₈ . ₃ ℃の発熱が認められ、咳、痰と呼吸困難を訴えた。胸部 X 線検査で 右下肺野に浸潤影を認め、喀痰培養検査により MRSA が検出されたため、以下の 処方により治療を開始することとなった。 （身体所見及び検査値） 血圧 ₁₀₁/₆₀ mmHg、白血球 ₁₁ , ₀₀₀/nL、CRP ₆ . ₇ mg/dL、AST ₂₂ IU/L、 ALT ₁₉ IU/L、血清クレアチニン ₀ . ₇₉ mg/dL、eGFR ₇₂ . ₇ mL/min/₁ . ₇₃ m 、 CCr ₅₉ mL/min、BUN ₁₈ . ₂ mg/dL （処方） バンコマイシン塩酸塩点滴静注用 ₀ . ₅ g/バイアル ₁回₂本 生理食塩液 ₁₀₀ mL ₁回₁本 ₁日₂回 ₈：₀₀、₂₀：₀₀ 点滴静注 問 276（実務） 消化器外科担当の看護師から感染制御部の薬剤師に、この処方薬剤に関する情報 の提供依頼があった。薬剤師が看護師に情報提供する内容として、適切なのはどれ か。2つ選べ。	"[""処方薬剤の投与により血圧が上昇しやすいので、定期的に血圧を確認すること。"",""処方薬剤は塩化物イオン濃度が低くなると活性が低下するため、ブドウ糖液と の混和は避けること。"",""腎機能が低下しているため、処方薬剤の用量調節をすること。"",""第 ₈ 脳神経障害が発現することがあるため、耳鳴、聴力低下がないか確認する こと。"",""レッドネック症候群の発現を防ぐために、₆₀ 分以上かけて点滴静注すること。""]"	multiChoice	[3,4]	null	normal	false	parsed	"[""none""]"	P109-CASE-276	https://www.mhlw.go.jp/content/001226763.pdf	https://www.mhlw.go.jp/content/001228441.pdf	2024-02-18	MHLW website content under Public Data License 1.0 unless separately indicated; third-party content requires separate review
P109-277	109	277	実践	実務	（薬剤） この患者におけるバンコマイシンの分布容積は ₆₂ . ₅ L、クリアランスは ₃ . ₆ L/h と見積もられている。 ₂ 回目投与直前のバンコマイシンの血中濃度と定常状態にお けるトラフ値の組合せとして適切なのはどれか。1つ選べ。 ただし、投与量の計算において、投与に要する時間は投与間隔に対して無視でき るほど短いものとし、投与中における体内からのバンコマイシンの消失は無視でき るものとする。 ₂ 回目投与直前のバンコマ 定常状態におけるトラフ値 イシン血中濃度（ng/mL） （ng/mL）	"[""₄ ₈"",""₄ ₁₂"",""₈ ₁₆"",""₈ ₂₀"",""₁₂ ₂₀"",""₁₂ ₄₀""]"	singleChoice	2	null	normal	false	parsed	"[""none""]"	P109-CASE-276	https://www.mhlw.go.jp/content/001226763.pdf	https://www.mhlw.go.jp/content/001228441.pdf	2024-02-18	MHLW website content under Public Data License 1.0 unless separately indicated; third-party content requires separate review
P109-278	109	278	実践	薬剤	−279 ₁ 歳 ₆ ケ月女児。体重 ₁₀ kg。昼過ぎから発熱（₃₈ ℃）のため、一般用医 薬品の解熱剤を服用させていたが、夜間、急速に熱が上がり、同時に ₁₅～₂₀ 分続 く痙れんが起こったため、夜間対応している近所の小児科を受診し、処置により症 状は安定した。翌日、小児科を再受診し、父親が以下の処方箋（処方 ₁ 及び ₂ ）を 持って薬局を訪れた。 薬剤師が父親と面談したところ、患児は、 ₈ ケ月前にも発熱後に痙れんを起こ し、今回と同じ小児科を受診したが、坐剤を ₂ 種類処方されたのは初めてとのこと であった。 （処方 ₁ ） ジアゼパム坐剤（注） ₄ mg ₁回₁個 発熱時 ₅ 回分（全 ₅ 個） 同時使用の場合はこちらを先に使用 （処方 ₂ ） アセトアミノフェン坐剤 ₁₀₀ mg ₁回₁個 （注） 発熱時 ₅ 回分（全 ₅ 個） （注）ジアゼパム坐剤の基剤：マクロゴール アセトアミノフェン坐剤の基剤：ハードファット 問 278（実務） 薬剤師が患児の父親に、坐剤の使用方法について説明した。その内容として誤っ ているのはどれか。1つ選べ。	"[""坐剤を挿入した後は、 ₄ ～ ₅ 秒程度押さえてください。"",""坐剤を併用する場合、処方 ₁ 、 ₂ の順に間をあけずに挿入してください。"",""できるだけ排便後に挿入してください。"",""挿入しにくい場合には、水で少し濡らしてから挿入してください。"",""挿入後 ₂ ～ ₃ 分間は、できる限りそのままの姿勢でいさせてください。""]"	singleChoice	1	null	normal	false	parsed	"[""none""]"	P109-CASE-278	https://www.mhlw.go.jp/content/001226763.pdf	https://www.mhlw.go.jp/content/001228441.pdf	2024-02-18	MHLW website content under Public Data License 1.0 unless separately indicated; third-party content requires separate review
P109-279	109	279	実践	実務	（薬剤） 処方 ₁ 及び ₂ の坐剤に関する記述のうち、正しいのはどれか。2つ選べ。	"[""処方 ₁ の基剤は、マクロゴール ₄₀₀ とマクロゴール ₄₀₀₀ を ₁：₁ で混合したも のである。"",""処方 ₁ の基剤は、直腸内で体温により溶融して薬物を放出する。"",""処方 ₂ の基剤は、モノ、ジ、トリグリセリドの混合物である。"",""処方 ₂ の基剤は、直腸内の水分で溶解して薬物を放出する。"",""いずれの坐剤も薬物の肝初回通過効果を回避できる。""]"	multiChoice	[2,4]	null	normal	false	parsed	"[""none""]"	P109-CASE-278	https://www.mhlw.go.jp/content/001226763.pdf	https://www.mhlw.go.jp/content/001228441.pdf	2024-02-18	MHLW website content under Public Data License 1.0 unless separately indicated; third-party content requires separate review
P109-280	109	280	実践	薬剤	−281 ₆ 歳男児。てんかん小発作の治療のため、以前からバルプロ酸 Na シロッ プ ₅ ％を服用している。進学に伴い、薬局薬剤師に服用回数を減らすことができな いかとの相談があった。この男児は、 ₂ ケ月前に上気道炎にて受診時に、錠剤が処 方されたが服用できなかったため、散剤に変更となったと薬歴に記載されていた。 そこで、セレニカ R 顆粒 ₄₀％ の処方への変更を主治医に提案することになっ （注） た。 （注）セレニカ R 顆粒 ₄₀％： ₁ g 中バルプロ酸ナトリウムを ₄₀₀ mg 含有する徐放 性顆粒 （処方） バルプロ酸 Na シロップ ₅ ％ ₁ 回 ₄ mL（ ₁ 日 ₁₂ mL） ₁日₃回 朝昼夕食後 ₃₀ 日分 問 280（実務） バルプロ酸 Na シロップ剤から、セレニカ R 顆粒への処方変更への提案内容とし て、適切なのはどれか。1つ選べ。なお、分量は製剤量とする。	"[""₁ 回 ₀.₆ g ₁日₂回 朝夕食後"",""₁ 回 ₀ . ₇₅ g ₁日₂回 朝夕食後"",""₁ 回 ₁.₅ g ₁日₁回 朝食後"",""₁ 回 ₃.₀ g ₁日₁回 朝食後"",""₁ 回 ₆.₀ g ₁日₁回 夕食後""]"	singleChoice	2	null	normal	false	parsed	"[""none""]"	P109-CASE-280	https://www.mhlw.go.jp/content/001226763.pdf	https://www.mhlw.go.jp/content/001228441.pdf	2024-02-18	MHLW website content under Public Data License 1.0 unless separately indicated; third-party content requires separate review
P109-281	109	281	実践	実務	（薬剤） 提案された製剤は、以下の添加剤を含み、図のような構造をしている。この製剤 に関する記述のうち、正しいのはどれか。2つ選べ。 添加剤：ステアリン酸カルシウム、ヒドロキシプロピルセルロース、カルボキシビ ニルポリマー、エチルセルロース ゲル基剤 バルプロ酸ナトリウム（ ）を含む内核 水不溶性フィルム	"[""水不溶性フィルムとしてヒドロキシプロピルセルロースが用いられている。"",""消化液によって膨潤するゲル基剤としてエチルセルロースが用いられている。"",""製剤内部の薬物が飽和濃度で、シンク条件が保たれる間は、薬物が一定速度で 放出される。"",""製剤からの累積薬物放出量の時間推移は、Higuchi 式に従う。"",""薬物を放出した後の残渣が便中に排出される。""]"	multiChoice	[2,4]	null	normal	false	parsed	"[""none""]"	P109-CASE-280	https://www.mhlw.go.jp/content/001226763.pdf	https://www.mhlw.go.jp/content/001228441.pdf	2024-02-18	MHLW website content under Public Data License 1.0 unless separately indicated; third-party content requires separate review
P109-282	109	282	実践	薬剤	−283 ₆ 歳女児。体重 ₂₀ kg。 ₅ 日前より咳嗽の症状があり、夜間に ₃₇ . ₅ ℃程度 の微熱が続いていた。市販の解熱剤と咳止め用シロップ剤などを服用させて様子を 見ていたが、 ₃ 日前から夜になると咳が止まらなくなり、本日、₃₈ . ₀ ℃まで熱が 上がったため、近医を受診した。診察及び検査の結果、以下の薬剤が処方され、患 児の母親が処方箋を持って薬局を訪れた。 （処方 ₁ ） アジスロマイシン細粒 ₁₀％ ₁ 回 ₂ . ₀ g（ ₁ 日 ₂ . ₀ g） ₁日₁回 朝食後 ₃ 日分 （処方 ₂ ） カルボシステインシロップ用 ₅₀％ ₁ 回 ₀ . ₄ g（ ₁ 日 ₁ . ₂ g） ₁日₃回 朝昼夕食後 ₅ 日分 （処方 ₃ ） ツロブテロールテープ ₁ mg ₁回₁枚 ₁日₁回 就寝前 ₅ 日分（全 ₅ 枚） （処方 ₄ ） アセトアミノフェン細粒 ₂₀％ ₁ 回 ₁.₀ g ₃₈ . ₀ ℃以上の発熱時 ₅ 回分 問 282（実務） 薬剤師が患児の母親に、処方薬剤の使用方法について説明した。その説明内容と して、適切なのはどれか。2つ選べ。	"[""処方 ₁ の薬剤は、オレンジジュースに混ぜると服用しやすくなります。"",""処方 ₁ と ₂ の薬剤は、混ぜると服用しやすくなります。"",""処方 ₃ の薬剤は、お子さんが剥がしてしまう場合、背中の手の届きにくい場所 に貼付してください。"",""処方 ₃ の薬剤は、起床時に咳が治まっていれば、剥がしてください。"",""処方 ₄ の薬剤は、 ₄ ～ ₆ 時間以上の間隔をあけて服用してください。""]"	multiChoice	[2,4]	null	normal	false	parsed	"[""none""]"	P109-CASE-282	https://www.mhlw.go.jp/content/001226763.pdf	https://www.mhlw.go.jp/content/001228441.pdf	2024-02-18	MHLW website content under Public Data License 1.0 unless separately indicated; third-party content requires separate review
P109-283	109	283	実践	実務	（薬剤） 患児の母親への服薬指導にあたって、事前に処方 ₃ のツロブテロールテープ剤に 関する医薬品情報を調べたところ、有効成分及び製剤に関して、以下の情報が得ら れた。 ツロブテロール経皮吸収型テープ 製剤断面図（模式図） 支持体 粘着性膏体 ライナー ：ツロブテロール分子 ：ツロブテロール結晶 有効成分 ツロブテロール H OH H N CH3 構造式 H3C CH3 Cl 及び鏡像異性体 分子量：₂₂₇ . ₇₃ ・融点：₉₀～₉₃ ℃ ・pKa：₉ . ₇₄ 物理化学的性質 ・分配係数（₃₇ ℃）：₆ . ₆₆（ ₁︲オクタノール/pH ₇ . ₄₀ 緩衝液） ・血清タンパク質結合率（in vitro）：₂₈ . ₁％ 上記の情報に基づいて、本製剤を患児に単回貼付して ₂₄ 時間後に剥離した場合 の血清中薬物濃度の時間推移のパターンを予測したグラフとして、最も適切なのは どれか。1つ選べ。なお、小児（喘息児 ₅ 名）にツロブテロールドライシロップ剤 ₂₀ mg/kg（ツロブテロール塩酸塩として ₀ . ₀₂ mg/kg）を経口投与した場合の体内 半減期は、インタビューフォームから ₃ . ₅₆ 時間であった。 剥離 血清中ツロブテロール濃度 （ng/mL） ₀ ₀ ₄ ₈ ₁₂ ₂₄ ₃₆ ₄₈ 貼付後時間（h） 血清中ツロブテロール濃度 剥離 （ng/mL） ₀ ₀ ₄ ₈ ₁₂ ₂₄ ₃₆ ₄₈ 貼付後時間（h） 血清中ツロブテロール濃度 剥離 （ng/mL） ₀ ₀ ₄ ₈ ₁₂ ₂₄ ₃₆ ₄₈ 貼付後時間（h） 剥離 血清中ツロブテロール濃度 （ng/mL） ₀ ₀ ₄ ₈ ₁₂ ₂₄ ₃₆ ₄₈ 貼付後時間（h） 血清中ツロブテロール濃度 （ng/mL） 剥離 ₀ ₀ ₄ ₈ ₁₂ ₂₄ ₃₆ ₄₈ 貼付後時間（h）	[]	singleChoice	1	null	normal	true	no_choice_sequence	"[""none""]"	P109-CASE-282	https://www.mhlw.go.jp/content/001226763.pdf	https://www.mhlw.go.jp/content/001228441.pdf	2024-02-18	MHLW website content under Public Data License 1.0 unless separately indicated; third-party content requires separate review
P109-284	109	284	実践	薬剤	−285 ₄₃ 歳男性。妻 ₃₈ 歳、長男 ₄ 歳。フィラデルフィア染色体陽性急性リンパ 性白血病のため大学病院血液内科にて化学療法中（シクロホスファミド、ビンクリ スチン、ドキソルビシン、デキサメタゾン）である。また、化学療法に伴う副作用 軽減のため、処方 ₁ の薬剤を服用している。右眼に霧視が発現したため、近隣の眼 科を受診した。網膜浮腫と周辺部の血管炎があり、大学病院眼科にて精査のため入 院となった。化学療法実施中であり、眼底所見から、サイトメガロウイルス網膜炎 と診断され、ガンシクロビル点滴静注 ₆₀₀ mg/day の投与が開始された。 （検査所見） 白血球 ₄ , ₃₆₀/nL、好中球 ₂ , ₀₆₅/nL、リンパ球 ₁ , ₇₂₀/nL、好塩基球 ₄₉₀/nL、 CMV 抗体陽性、Hb ₁₂ g/dL、右眼の矯正視力は今回受診時測定不能、 左眼 ₁ . ₂、HbA₁c ₈ . ₇％、CCr ₆₁ mL/min （処方 ₁ ） オルメサルタン口腔内崩壊錠 ₁₀ mg ₁ 回 ₁ 錠（ ₁ 日 ₁ 錠） フェブキソスタット錠 ₂₀ mg ₁ 回 ₃ 錠（ ₁ 日 ₃ 錠） ラベプラゾール Na 錠 ₁₀ mg ₁ 回 ₁ 錠（ ₁ 日 ₁ 錠） フルコナゾールカプセル ₁₀₀ mg ₁ 回 ₁ 個（ ₁ 日 ₁ 個） ₁日₁回 朝食後 眼内の炎症が改善したため、処方 ₂ の薬剤の服用による治療となった。 （処方 ₂ ） バルガンシクロビル錠 ₄₅₀ mg ₁ 回 ₂ 錠（ ₁ 日 ₄ 錠） ₁日₂回 朝夕食後 ₇ 日分 ₁ 週間服用後、同一の内服薬を ₁₄ 日分処方され、退院となった。 問 284（実務） 初回面談における処方 ₁ の薬剤の服薬状況の確認時に、朝食後に飲む薬剤の数量 が多いため、服用時間をずらして飲むことがあるとの申し出があった。病棟担当薬 剤師によるバルガンシクロビル錠の服薬説明として、適切なのはどれか。2つ選べ。	"[""服用期間中は、抗真菌剤の服用を中止してください。"",""食事の影響を受けるため、服用時間をずらさず食後 ₃₀ 分以内に服用してくだ さい。"",""服用期間中は、ワクチンの接種を避けてください。"",""服用期間中及び服用期間終了後、一定期間は避妊の必要があります。"",""この薬を飲み忘れた場合、次回に ₄ 錠服用してください。""]"	multiChoice	[1,3]	null	normal	false	parsed	"[""none""]"	P109-CASE-284	https://www.mhlw.go.jp/content/001226763.pdf	https://www.mhlw.go.jp/content/001228441.pdf	2024-02-18	MHLW website content under Public Data License 1.0 unless separately indicated; third-party content requires separate review
P109-285	109	285	実践	実務	（薬剤） 前問で処方された内服薬は、注射剤であるガンシクロビルの消化管吸収を改善す ることによって経口製剤化した医薬品である。有効成分の吸収に影響する因子を考 慮するために、構造式及び物性値から主たる吸収改善の機構を推定した。最も適当 なのはどれか。1つ選べ。 バルガンシクロビル塩酸塩の構造式： H2N OH O O O H H2N N N N N O ・HCl pKa：約 ₇ . ₆ 分配係数：₀ . ₀₀₉₅（₁︲オクタノール/pH ₆ . ₉₆ 緩衝液）	"[""塩の形成による溶解性の改善"",""疎水性を高めることによる受動輸送の改善"",""腸内細菌による活性体への変換"",""ペプチドトランスポーターの基質となる化学修飾"",""P︲糖タンパク質による能動輸送の促進""]"	singleChoice	3	null	normal	true	parsed	"[""none""]"	P109-CASE-284	https://www.mhlw.go.jp/content/001226763.pdf	https://www.mhlw.go.jp/content/001228441.pdf	2024-02-18	MHLW website content under Public Data License 1.0 unless separately indicated; third-party content requires separate review
P109-286	109	286	実践	病態・薬物治療	−287 ₈₆ 歳男性。₇₆ 歳時に妻と死別し独居中であるが、近所に住む娘が介護に あたってきた。死別 ₅ 年後の ₈₁ 歳の頃から、徐々に物忘れが出現し、時々つじつ まが合わない発言があったが放置していた。₈₄ 歳頃より、物忘れがひどくなり、 一人になると不安感が強くなった。娘の姿が見えないと、すぐに名前を呼び、片時 も離れられない状況になったため、物忘れ外来を受診した。来院時、新しいことが 覚えられず、取り繕うような話し方であった。尿失禁や歩行障害はなし。長谷川式 簡易知能評価（HDS︲R）は ₃₀ 点満点中 ₁₈ 点であった。頭部 CT で海馬の萎縮を 指摘されたが、梗塞巣所見はなく、血液検査も異常はなかった。また、この男性は 不整脈に対して服薬しており、骨粗しょう症の治療のため ₃ 年前から昨年までの ₂₄ ケ月間テリパラチド皮下注キットによる治療が実施された。 現在の処方は以下のとおりである。 （処方 ₁ ） ドネペジル塩酸塩口腔内崩壊錠 ₅ mg ₁ 回 ₁ 錠（ ₁ 日 ₁ 錠） ₁日₁回 起床時 （処方 ₂ ） ワルファリンカリウム錠 ₁ mg ₁ 回 ₂ 錠（ ₁ 日 ₂ 錠） ₁日₁回 起床時 問 286（病態・薬物治療） この患者の経過及び処方から考えられる疾患はどれか。2つ選べ。	"[""心房細動"",""心室性期外収縮"",""アルツハイマー型認知症"",""血管性認知症"",""レビー小体型認知症""]"	multiChoice	[0,2]	null	normal	false	parsed	"[""none""]"	P109-CASE-286	https://www.mhlw.go.jp/content/001226764.pdf	https://www.mhlw.go.jp/content/001228441.pdf	2024-02-18	MHLW website content under Public Data License 1.0 unless separately indicated; third-party content requires separate review
P109-287	109	287	実践	実務	（実務） 男性は、次第に歩行が拙劣になり、夜間にトイレでつまづいて転倒し、腰椎圧迫 骨折と診断された。痛みのため歩行や長時間の起き上がりは困難でありベッド上の 生活となった。ヘルパーの介助を受け服薬しているが、ヘルパーのいない起床時の 薬は自分ではほぼ服用できていない。 この状況を踏まえ、在宅医療サービス担当者会議が開催された。 この患者に追加する治療薬として適切なのはどれか。2つ選べ。	"[""メナテトレノンカプセル"",""ラロキシフェン塩酸塩錠"",""デノスマブ（遺伝子組換え）皮下注"",""テリパラチド（遺伝子組換え）皮下注"",""ゾレドロン酸水和物注射液""]"	multiChoice	[2,4]	null	normal	false	parsed	"[""none""]"	P109-CASE-286	https://www.mhlw.go.jp/content/001226764.pdf	https://www.mhlw.go.jp/content/001228441.pdf	2024-02-18	MHLW website content under Public Data License 1.0 unless separately indicated; third-party content requires separate review
P109-288	109	288	実践	病態・薬物治療	−289 ₄₂ 歳女性。半年前に両側手指関節及び両側膝関節の痛みを自覚し病院を受 診した。検査の結果、関節リウマチと診断され、処方 ₁ による治療を受けていた。 症状のコントロールが不十分だったためメトトレキサートが漸増されたが、多発性 関節炎は持続した。最近では仕事にも支障をきたすようになったため、治療方針が 変更されることになった。この患者は小児期に水痘に罹患した既往がある。 （検査値） CRP ₅ . ₀ mg/dL、リウマトイド因子陽性、抗 CCP 抗体（抗環状シトルリン化 ペプチド抗体）陽性、抗核抗体陰性、AST ₂₅ IU/L、ALT ₁₅ IU/L、 eGFR ₈₀ mL/min/₁ . ₇₃ m （処方 ₁ ） メトトレキサートカプセル ₂ mg ₁ 回 ₁ カプセル（ ₁ 日 ₂ カプセル） 毎週 日曜日 ₁ 日 ₂ 回 ₉ 時、₂₁ 時 ₄ 日分（投与実日数） メトトレキサートカプセル ₂ mg ₁ 回 ₁ カプセル（ ₁ 日 ₁ カプセル） 毎週 月曜日 ₁ 日 ₁ 回 ₉時 ₄ 日分（投与実日数） 問 288（病態・薬物治療） この患者に追加する治療薬として、適切なのはどれか。2つ選べ。	"[""エリスロマイシン"",""トファシチニブ"",""免疫グロブリン製剤"",""コルヒチン"",""アダリムマブ""]"	multiChoice	[1,4]	null	normal	false	parsed	"[""none""]"	P109-CASE-288	https://www.mhlw.go.jp/content/001226764.pdf	https://www.mhlw.go.jp/content/001228441.pdf	2024-02-18	MHLW website content under Public Data License 1.0 unless separately indicated; third-party content requires separate review
P109-289	109	289	実践	実務	（実務） 治療方針が変更されて ₂ 週間後、患者が来院し、診察前の薬剤師との面談で「左 腰部から背部に沿ってかゆみがあって、昨日から痛み出した」と訴えた。薬剤師 は、患者情報を収集して副作用を疑い、医師へ情報提供を行った。医師は診察後バ ラシクロビルを処方した。 薬剤師が副作用を疑うきっかけになった患者情報はどれか。2つ選べ。	"[""メトトレキサートの服用状況"",""追加した治療薬の処方内容"",""年齢と性別"",""水痘ワクチンの接種歴"",""肝機能、腎機能""]"	multiChoice	[0,1]	null	normal	false	parsed	"[""none""]"	P109-CASE-288	https://www.mhlw.go.jp/content/001226764.pdf	https://www.mhlw.go.jp/content/001228441.pdf	2024-02-18	MHLW website content under Public Data License 1.0 unless separately indicated; third-party content requires separate review
P109-290	109	290	実践	病態・薬物治療	−291 ₇₉ 歳女性。 ₃ 年前、階段を昇る時に息切れを感じるようになり受診したと ころ、胸部レントゲン写真で心拡大と肺うっ血を認め、心エコー検査等の結果、慢 性心不全と診断された。処方 ₁ と処方 ₂ で治療されていたが、慢性心不全の増悪に より入院した。その後、処方 ₁ を処方 ₃ へ変更し目立った副作用なく病態が安定し た。医師は検査値等を確認し、さらに処方 ₄ を退院時に追加し退院することになっ た。退院時の検査値等は以下のとおりである。 （処方 ₁ ） エナラプリルマレイン酸塩錠 ₅ mg ₁ 回 ₂ 錠（ ₁ 日 ₂ 錠） ₁日₁回 朝食後 ₃₀ 日分 （処方 ₂ ） ビソプロロールフマル酸塩錠 ₂ . ₅ mg ₁ 回 ₁ 錠（ ₁ 日 ₁ 錠） ₁日₁回 朝食後 ₃₀ 日分 エプレレノン錠 ₂₅ mg ₁ 回 ₁ 錠（ ₁ 日 ₁ 錠） ₁日₁回 朝食後 ₃₀ 日分 （処方 ₃ ） サクビトリルバルサルタン錠 ₅₀ mg ₁ 回 ₁ 錠（ ₁ 日 ₂ 錠） ₁日₂回 朝夕食後 ₃₀ 日分 （処方 ₄ ） ダパグリフロジンプロピレングリコール水和物錠 ₁₀ mg ₁ 回 ₁ 錠（ ₁ 日 ₁ 錠） ₁日₁回 朝食後 ₃₀ 日分 （検査値） 血圧 ₁₁₀/₇₀ mmHg、心拍 ₆₀ 拍/分、AST ₂₀ IU/L、ALT ₁₀ IU/L、 BUN ₁₅ mg/dL、血清クレアチニン ₀ . ₈ mg/dL、Na ₁₄₂ mEq/L、 K ₄ . ₁ mEq/L、Cl ₁₀₂ mEq/L、血清 NT︲pro BNP ₁ , ₂₀₀ pg/mL、 左室駆出率（LVEF）₃₅％、空腹時血糖 ₁₀₂ mg/dL、HbA₁c ₅ . ₈％ 問 290（病態・薬物治療） この患者の病態と治療に関する記述として、正しいのはどれか。2つ選べ。	"[""心臓の拡張不全が主体で、収縮不全はみられない。"",""息切れと肺うっ血は、左心不全に起因する症状である。"",""患者の呼吸症状が改善したので、ビソプロロールを減量すべきである。"",""ダパグリフロジンは、高血糖の改善を目的に追加処方されている。"",""血清カリウム値を定期的に測定する。""]"	multiChoice	[1,4]	null	normal	true	parsed	"[""none""]"	P109-CASE-290	https://www.mhlw.go.jp/content/001226764.pdf	https://www.mhlw.go.jp/content/001228441.pdf	2024-02-18	MHLW website content under Public Data License 1.0 unless separately indicated; third-party content requires separate review
P109-291	109	291	実践	実務	（実務） 追加された処方 ₄ の薬剤を服用するにあたり、この患者自身が特に注意する副作 用症状として、適切なのはどれか。2つ選べ。	"[""ふらつき"",""陰部搔痒感"",""歯肉肥厚"",""喀痰"",""難聴""]"	multiChoice	[0,1]	null	normal	false	parsed	"[""none""]"	P109-CASE-290	https://www.mhlw.go.jp/content/001226764.pdf	https://www.mhlw.go.jp/content/001228441.pdf	2024-02-18	MHLW website content under Public Data License 1.0 unless separately indicated; third-party content requires separate review
P109-292	109	292	実践	病態・薬物治療	−293 ₆₅ 歳男性。高血圧症と高尿酸血症の治療中で、以下の処方薬を服用してい る。 （処方） シルニジピン錠 ₂₀ mg ₁ 回 ₁ 錠（ ₁ 日 ₁ 錠） フェブキソスタット錠 ₄₀ mg ₁ 回 ₁ 錠（ ₁ 日 ₁ 錠） ₁日₁回 朝食後 最近血圧が高い日が続き、かかりつけ医より患者情報の共有とともに降圧薬の追 加について薬剤師に相談があった。医師から得た検査値と患者情報は以下のとお り。 （検査値） 血圧 ₁₇₀/₁₀₀ mmHg、心拍 ₇₀ 拍/分、空腹時血糖 ₁₁₀ mg/dL、 HbA₁c ₆ . ₂％、総コレステロール ₁₉₀ mg/dL、 TG（トリグリセリド）₁₀₀ mg/dL、HDL︲C ₆₀ mg/dL、LDL︲C ₁₁₀ mg/dL、 eGFR ₈₂ mL/min/₁ . ₇₃ m 、K ₃ . ₃ mEq/L、尿酸値 ₅ . ₈ mg/dL （患者情報） ・最近よく足がつるので、ドラッグストアで芍薬甘草湯を購入し毎日服用してい る。 ・芍薬甘草湯を服用するようになってから四肢の痛み、だるさを自覚している。 ・気管支ぜん息の既往歴あり。現在は服薬なし。 ・飲酒：ビール ₁ , ₀₀₀ mL/日 喫煙：₂₀ 本/日 問 292（病態・薬物治療） この患者の病態と治療に関する記述のうち、正しいのはどれか。2つ選べ。	"[""偽アルドステロン症が生じている可能性がある。"",""高尿酸血症は、腎機能低下による可能性が高い。"",""降圧目標は、診察室血圧で ₁₄₀/₉₀ mmHg 未満である。"",""尿酸値は、治療目標値に達している。"",""脂質異常症が認められるので、その治療も行う必要がある。""]"	multiChoice	[0,3]	null	normal	false	parsed	"[""none""]"	P109-CASE-292	https://www.mhlw.go.jp/content/001226764.pdf	https://www.mhlw.go.jp/content/001228441.pdf	2024-02-18	MHLW website content under Public Data License 1.0 unless separately indicated; third-party content requires separate review
P109-293	109	293	実践	実務	（実務） この患者に追加する降圧薬のうち、適しているのはどれか。2つ選べ。	"[""アムロジピン"",""アジルサルタン"",""トリクロルメチアジド"",""エサキセレノン"",""カルベジロール""]"	multiChoice	[1,3]	null	normal	false	parsed	"[""none""]"	P109-CASE-292	https://www.mhlw.go.jp/content/001226764.pdf	https://www.mhlw.go.jp/content/001228441.pdf	2024-02-18	MHLW website content under Public Data License 1.0 unless separately indicated; third-party content requires separate review
P109-294	109	294	実践	病態・薬物治療	−295 ₆₇ 歳女性。身長 ₁₅₅ cm、体重 ₄₃ kg。 ₂ 年前より心窩部痛を自覚し、外 来を受診。CT 検査などで膵臓がん、肝転移（Stage Ⅳ）と診断された。一次治療 として、フルオロウラシル+イリノテカン塩酸塩+オキサリプラチン+レボホリ ナート（FOLFIRINOX）療法を導入した。 ₁ クール目 Day ₈ に発熱があり再来院 した。処方 ₁ を服用中であり、全身倦怠感が強く入院加療となった。担当医から追 加処方（処方 ₂ ）の連絡を受けて、カンファレンスで今後の方針について協議する ことになった。 （再来院時の患者背景） パフォーマンスステータス（PS）₁ 、腋窩温 ₃₈ . ₅ ℃、血圧 ₁₂₀/₈₀ mmHg （処方 ₁ ） 酸化マグネシウム錠 ₂₅₀ mg ₁ 回 ₁ 錠（ ₁ 日 ₃ 錠） ₁日₃回 朝昼夕食後 ₁₄ 日分 （処方 ₂ ） レボフロキサシン錠 ₅₀₀ mg ₁ 回 ₁ 錠（ ₁ 日 ₁ 錠） ₁日₁回 朝食後 ₇ 日分 アセトアミノフェン錠 ₂₀₀ mg ₁回₂錠 発熱時 ₁₀ 回分（₂₀ 錠） （検査値） 項 目 Day ₁ Day ₈ 白血球（/nL） ₇ , ₈₀₀ ₁ , ₄₀₀ 好中球（/nL） ₅ , ₈₀₀ ₃₀₀ 赤血球（#₁₀ /nL） ₄₀₀ ₃₈₀ ヘモグロビン（g/dL） ₁₂ . ₃ ₁₁ . ₉ 血小板（#₁₀ /nL） ₂₂ ₂₀ AST/ALT（IU/L） ₂₀/₂₁ ₃₀/₂₉ eGFR（mL/min/₁ . ₇₃ m ） ₈₉ ₇₀ 問 294（実務） 薬剤師が行う内容として、適切なのはどれか。2つ選べ。	"[""腋窩温や検査値から発熱性好中球減少症を疑った。"",""フィルグラスチムの投与を提案した。"",""酸化マグネシウムによるレボフロキサシンの吸収増加について情報提供した。"",""レボフロキサシンの用量を ₂₅₀ mg に減量することを提案した。"",""肝障害があるので、アセトアミノフェンの中止を提案した。""]"	multiChoice	[0,1]	null	normal	false	parsed	"[""none""]"	P109-CASE-294	https://www.mhlw.go.jp/content/001226764.pdf	https://www.mhlw.go.jp/content/001228441.pdf	2024-02-18	MHLW website content under Public Data License 1.0 unless separately indicated; third-party content requires separate review
P109-295	109	295	実践	実務	（病態・薬物治療） この患者の病態に関する記述のうち、正しいのはどれか。2つ選べ。	"[""末梢における好中球の破壊が亢進している。"",""CRP が上昇している可能性が高い。"",""口内炎や咽頭痛を発症しやすい。"",""高度な貧血が認められる。"",""薬剤に対するアレルギーにより発症したと考えられる。""]"	multiChoice	[1,2]	null	normal	false	parsed	"[""none""]"	P109-CASE-294	https://www.mhlw.go.jp/content/001226764.pdf	https://www.mhlw.go.jp/content/001228441.pdf	2024-02-18	MHLW website content under Public Data License 1.0 unless separately indicated; third-party content requires separate review
P109-296	109	296	実践	病態・薬物治療	−297 ₅₀ 歳男性。喫煙 ₂₀ 本/日、飲酒ビール ₅₀₀ mL/日。 ₅ 年くらい前から会社 の健康診断にて高血糖を指摘されており、近医を受診して ₂ 型糖尿病と診断され た。その後、食事療法と運動療法を行うも改善が認められず、以下の薬剤を服薬す ることになった。 （処方） メトホルミン塩酸塩錠 ₂₅₀ mg ₁ 回 ₁ 錠（ ₁ 日 ₂ 錠） ₁日₂回 朝夕食後 ₁₄ 日分 服用 ₃ ケ月後の定期受診時に病院薬剤師は、診療録より近日冠動脈造影検査を予 定していること、しばしば軽度の低血糖症状を自覚したこと、朝食を食べないこと も多く、よく飲み忘れるとの情報を得た。身体並びに検査結果は以下のとおりであ る。 （身体並びに検査結果） 身長 ₁₆₈ cm、体重 ₈₅ kg、BMI ₃₀ . ₁、血圧 ₁₄₆/₉₀ mmHg、HbA₁c ₈ . ₂％、 空腹時血糖 ₁₉₀ mg/dL、eGFR ₅₅ mL/min/₁ . ₇₃ m 、 総コレステロール ₂₂₀ mg/dL、TG（トリグリセリド）₁₈₀ mg/dL、 HDL︲C ₅₄ mg/dL、LDL︲C ₁₃₀ mg/dL、尿糖（+）、尿蛋白（+） 問 296（実務） 患者への服薬指導の内容として適切なのはどれか。2つ選べ。	"[""アルコールの摂取は一切しないように再度指導した。"",""冠動脈造影検査前後も処方薬の服用を継続するよう説明した。"",""下痢・嘔吐などの症状が出ていないかを確認し、服用中に出た場合、服用を一 旦中止し、医師に相談することを説明した。"",""自動車の運転時に低血糖の症状を感じた場合、速やかに安全に停車し、糖分補 給する必要があることを説明した。"",""飲み忘れていた頻度を確認し、食後でないと副作用のリスクがあがるため食後 服用を説明した。""]"	multiChoice	[2,3]	null	normal	false	parsed	"[""none""]"	P109-CASE-296	https://www.mhlw.go.jp/content/001226764.pdf	https://www.mhlw.go.jp/content/001228441.pdf	2024-02-18	MHLW website content under Public Data License 1.0 unless separately indicated; third-party content requires separate review
P109-297	109	297	実践	実務	（病態・薬物治療） 本症例の糖尿病治療強化のために追加できる薬剤及び用法として適切なのはどれ か。2つ選べ。	"[""エンパグリフロジン錠を朝食後に投与する。"",""レパグリニド錠を朝食後に投与する。"",""グリメピリド錠を就寝前に投与する。"",""ボグリボース錠を夕食後に投与する。"",""セマグルチド錠を空腹時に投与する。""]"	multiChoice	[0,4]	null	normal	false	parsed	"[""none""]"	P109-CASE-296	https://www.mhlw.go.jp/content/001226764.pdf	https://www.mhlw.go.jp/content/001228441.pdf	2024-02-18	MHLW website content under Public Data License 1.0 unless separately indicated; third-party content requires separate review
P109-298	109	298	実践	病態・薬物治療	−299 ₁₁ 歳女児。小麦の食物アレルギーがあり、学校給食では除去食で対応し、 学校にはアナフィラキシーショックに備え治療薬のエピペン注射液 を常備して （注） いる。最近、夕食後にじん麻疹が身体の広範囲で現れるようになったため、かかり つけの医療機関を受診した。 （注）エピペン注射液：アドレナリン注射液 問 298（病態・薬物治療） 本患者の食物アレルギーに関して正しいのはどれか。2つ選べ。	"[""原因食物を摂取してから数日後に症状が現れることが多い。"",""じん麻疹以外にも、消化器症状や呼吸器症状などを発症しやすい。"",""皮膚プリックテストのみで確定診断できる。"",""皮膚症状にはアドレナリン b2 受容体刺激薬が用いられる。"",""成長に伴い本症状は軽快する可能性が高い。""]"	multiChoice	[1,4]	null	normal	false	parsed	"[""none""]"	P109-CASE-298	https://www.mhlw.go.jp/content/001226764.pdf	https://www.mhlw.go.jp/content/001228441.pdf	2024-02-18	MHLW website content under Public Data License 1.0 unless separately indicated; third-party content requires separate review
P109-299	109	299	実践	実務	（実務） エピペン注射液に関する記述のうち、正しいのはどれか。2つ選べ。	"[""使用前に、注射液が褐色であることを確認する。"",""使用後は、症状が改善しても必ず医療機関で診察を受けるよう指導する。"",""自己注射は認められておらず、症状発現から ₃₀ 分経過後に医療機関で注射す る。"",""急激に上昇した血圧を下げる目的で使用される。"",""大腿部外側に着衣させた状態でも注射できる。""]"	multiChoice	[1,4]	null	normal	false	parsed	"[""none""]"	P109-CASE-298	https://www.mhlw.go.jp/content/001226764.pdf	https://www.mhlw.go.jp/content/001228441.pdf	2024-02-18	MHLW website content under Public Data License 1.0 unless separately indicated; third-party content requires separate review
P109-300	109	300	実践	病態・薬物治療	−301 ₃₈ 歳男性。身長 ₁₇₅ cm、体重 ₆₅ kg。腎機能及び肝機能は正常。仕事で海 外出張が多く疲労気味だった。帰国後、₃₇ ℃台の微熱と痰がからむ咳が ₂ 週間続 き、近医を受診した。胸部 X 線検査の結果、肺に空洞を伴う結節性陰影を認めた ため総合病院を紹介受診し、諸検査を受けたところ肺結核と診断された。 問 300（病態・薬物治療） この患者の検査に関する記述のうち、正しいのはどれか。2つ選べ。	"[""インターフェロン c 遊離試験で陽性となる。"",""b︲D︲グルカンが陽性となる。"",""抗ガングリオシド抗体が陽性となる。"",""迅速ウレアーゼ試験で診断できる。"",""PCR 検査で菌の同定ができる。""]"	multiChoice	[0,4]	null	normal	false	parsed	"[""none""]"	P109-CASE-300	https://www.mhlw.go.jp/content/001226764.pdf	https://www.mhlw.go.jp/content/001228441.pdf	2024-02-18	MHLW website content under Public Data License 1.0 unless separately indicated; third-party content requires separate review
P109-301	109	301	実践	実務	（実務） この患者に下記の薬剤が処方された。薬剤師による服薬指導内容として誤ってい るのはどれか。1つ選べ。 （処方 ₁ ） リファンピシンカプセル ₁₅₀ mg ₁ 回 ₃ カプセル（ ₁ 日 ₃ カプセル） イソニアジド錠 ₁₀₀ mg ₁ 回 ₃ 錠（ ₁ 日 ₃ 錠） エタンブトール塩酸塩錠 ₂₅₀ mg ₁ 回 ₃ 錠（ ₁ 日 ₃ 錠） ピラジナミド散 ₁ 回 ₁ . ₅ g（ ₁ 日 ₁ . ₅ g） ₁日₁回 朝食前 ₇ 日分 （処方 ₂ ） ピリドキサールリン酸エステル水和物錠 ₁₀ mg ₁ 回 ₁ 錠（ ₁ 日 ₃ 錠） ₁日₃回 朝昼夕食後 ₇ 日分	"[""視覚障害を起こすことがあるので、視力の低下に注意するよう指導する。"",""マグロを食べると頭痛が出現することがあるので、食べ過ぎないよう指導す る。"",""全身倦怠感、黄疸、皮膚のかゆみが出現したら、すぐに連絡するように指導す る。"",""尿や汗が赤く着色することを説明する。"",""処方 ₂ の薬剤は貧血予防のために処方されていることを説明する。""]"	singleChoice	4	null	normal	false	parsed	"[""none""]"	P109-CASE-300	https://www.mhlw.go.jp/content/001226764.pdf	https://www.mhlw.go.jp/content/001228441.pdf	2024-02-18	MHLW website content under Public Data License 1.0 unless separately indicated; third-party content requires separate review
P109-302	109	302	実践	病態・薬物治療	−303 ₆₄ 歳女性。身長 ₁₅₅ cm、体重 ₅₁ kg。うつ病の既往歴あり。胃がん腹膜播 種 転 移（Stage Ⅳ、HER₂ 陰 性 ） に 対 し テ ガ フ ー ル・ ギ メ ラ シ ル・ オ テ ラ シ ル （₈₀ mg/m ）+ シスプラチン（₆₀ mg/m ）併用療法を開始したが、 ₃ ケ月後に腫 2 2 瘍の増悪を認めた。二次治療としてパクリタキセル（₈₀ mg/m ）+ ラムシルマブ （ ₈ mg/kg）併用療法を施行した。徐々に末梢神経障害が認められ、処方 ₁ 及び ₂ の処方薬を服用していた。末梢神経障害は落ち着いたが、がん疼痛 NRS ₈ を認 （注） めたため、トラマドール口腔内崩壊錠は処方 ₃ に変更され、服用開始 ₃ 日目に患者 面談を行った。 （注）NRS：Numerical Rating Scale （処方 ₁ ） トラマドール塩酸塩口腔内崩壊錠 ₅₀ mg ₁ 回 ₂ 錠（ ₁ 日 ₆ 錠） メトクロプラミド錠 ₅ mg ₁ 回 ₂ 錠（ ₁ 日 ₆ 錠） 酸化マグネシウム細粒 ₈₃％ ₁ 回 ₅₀₀ mg（ ₁ 日 ₁ , ₅₀₀ mg） ₁日₃回 朝昼夕食後 ₇ 日分 （処方 ₂ ） アミトリプチリン塩酸塩錠 ₂₅ mg ₁ 回 ₂ 錠（ ₁ 日 ₂ 錠） ゾルピデム酒石酸塩錠 ₅ mg ₁ 回 ₁ 錠（ ₁ 日 ₁ 錠） ₁日₁回 就寝前 ₇ 日分 （処方 ₃ ） オキシコドン徐放錠 ₁₀ mg ₁ 回 ₁ 錠（ ₁ 日 ₂ 錠） ₁日₂回 朝夕食後 ₇ 日分 （検査値） 項目 面談 ₇ 日前 面談時 AST（IU/L） ₁₁ ₉ ALT（IU/L） ₂₀ ₁₄ BUN（mg/dL） ₂₅ . ₄ ₃₀ . ₉ CCr（mL/min） ₄₅ . ₁ ₃₅ . ₅ Na（mEq/L） ₁₃₈ ₁₃₅ K（mEq/L） ₃.₈ ₄.₅ Cl（mEq/L） ₉₉ ₁₀₁ 空腹時血糖（mg/dL） ₁₁₁ ₁₀₈ 面談内容は以下のとおり。 患 者：麻薬と聞いて不安だったけど、痛み止めが効いたよ。 薬剤師：痛みが落ち着いてよかったですね。食事とお通じはいかがですか。 患 者：ご飯は食べてます。お通じは、トイレの時にいきみますが、スッキリし なくて残った感じがあります。 問 302（実務） 面談等の結果、薬剤師の医師への提案内容として最も適切なのはどれか。1つ選 べ。	"[""グラニセトロンの追加"",""アミトリプチリン錠を ₇₅ mg/日へ増量"",""酸化マグネシウム細粒を ₃ , ₀₀₀ mg/日へ増量"",""ナルデメジンの追加"",""オキシコドン徐放錠の中止""]"	singleChoice	3	null	normal	false	parsed	"[""none""]"	P109-CASE-302	https://www.mhlw.go.jp/content/001226764.pdf	https://www.mhlw.go.jp/content/001228441.pdf	2024-02-18	MHLW website content under Public Data License 1.0 unless separately indicated; third-party content requires separate review
P109-303	109	303	実践	実務	（病態・薬物治療） この患者の病態と治療に関する記述として、正しいのはどれか。2つ選べ。	"[""腫瘍マーカーの CEA や CA₁₉︲₉ の上昇が見られる。"",""予後は、グリーソン（Gleason）スコアによって評価される。"",""二次治療による横紋筋融解症に注意する。"",""重度の動脈血栓塞栓症が出現した場合、ラムシルマブを中止する。"",""二次治療が治療抵抗性となった場合には、トラスツズマブの追加を考慮する。""]"	multiChoice	[0,3]	null	normal	false	parsed	"[""none""]"	P109-CASE-302	https://www.mhlw.go.jp/content/001226764.pdf	https://www.mhlw.go.jp/content/001228441.pdf	2024-02-18	MHLW website content under Public Data License 1.0 unless separately indicated; third-party content requires separate review
P109-304	109	304	実践	病態・薬物治療	−305 ₂₈ 歳女性。入院中にクロルプロマジン ₁₀₀～₄₅₀ mg/日で ₁ 年以上、オラ ンザピン ₁₀ mg/日で ₄ 週間、リスペリドン ₆ mg/日で ₈ 週間治療を継続してきた が、 「誰かに見張られている」、「誰かに首をグルグルされる」、「思考がとられる」 などの精神病症状（幻覚妄想症状）が消失せず、難治性精神疾患と診断された。家 族の同意を得てクロザピンが導入され、投与開始から ₂₀ 週間、入院での治療と なった。外泊をするなど日常生活が送れる程度に症状が安定したため、以下の処方 で退院となり、外来において多職種連携のもと治療継続することになった。退院時 の血液検査や心電図などには異常所見が認められなかった。 （処方） クロザピン錠 ₁₀₀ mg ₁ 回 ₂ 錠（ ₁ 日 ₆ 錠） ビペリデン塩酸塩錠 ₁ mg ₁ 回 ₁ 錠（ ₁ 日 ₃ 錠） ₁日₃回 朝昼夕食後 ₁₄ 日分 問 304（病態・薬物治療） この患者の病態と治療に関する記述として、正しいのはどれか。2つ選べ。	"[""難治性精神疾患は治療抵抗性統合失調症である。"",""中脳辺縁系におけるドパミン神経の機能が低下している。"",""糖尿病が発症した場合、速やかにクロザピンを中止する。"",""白血球数及び好中球数のモニタリングを毎回行う。"",""精神症状が悪化した場合、持効性抗精神病薬を併用する。""]"	multiChoice	[0,3]	null	normal	false	parsed	"[""none""]"	P109-CASE-304	https://www.mhlw.go.jp/content/001226764.pdf	https://www.mhlw.go.jp/content/001228441.pdf	2024-02-18	MHLW website content under Public Data License 1.0 unless separately indicated; third-party content requires separate review
P109-305	109	305	実践	実務	（実務） 退院後の治療経過観察において、薬剤師が留意すべき事項として正しいのはどれ か。2つ選べ。	"[""検査結果と処方内容の確認後の調剤は、クロザピン専任登録管理薬剤師が担当 する。"",""心理教育や作業療法プログラムを立案する。"",""口渇、多飲、頻尿症状が発現した場合には直ちに受診するように指導する。"",""クロザピンに残薬が生じた場合は、速やかに自己廃棄するよう指導する。"",""体重減少をきたすことがあるので、セルフモニタリングできるよう指導する。""]"	multiChoice	[0,2]	[[0,2],[0,4],[2,4]]	multiple_accepted	false	parsed	"[""none""]"	P109-CASE-304	https://www.mhlw.go.jp/content/001226764.pdf	https://www.mhlw.go.jp/content/001228441.pdf	2024-02-18	MHLW website content under Public Data License 1.0 unless separately indicated; third-party content requires separate review
P109-306	109	306	実践	法規・制度・倫理	−307 厚生康太（こうせい こうた）氏、₇₅ 歳男性。身長 ₁₇₀ cm、体重 ₆₅ kg。 一過性脳虚血発作で入院し、再発予防目的でプラビックス錠 ₂₅ mg が ₁ 回 （注） ₂ 錠、 ₁ 日 ₁ 回の処方で服薬開始となった。₂₀₂₃ 年 ₇ 月 ₁ 日に起床時のふらつき と意識障害をきたし、近医へ救急搬送され、緊急入院となった。入院時の血糖値 ₃₃ mg/dL、入院翌日の空腹時血糖値 ₁₄ mg/dL、血中インスリン濃度 ₁₂₇ . ₅ nIU/mL （基準値 ₂ . ₇～₁₀ . ₄）であった。プラビックス錠は入院直後に中止された。検査の 結果、患者はプラビックス錠の副作用であるインスリン自己免疫症候群と診断され た。入院 ₇ 日後には検査所見、自覚症状ともに改善した。薬剤師は医薬品・医療機 器等安全性情報報告制度に基づき、医薬品安全性情報報告書を作成するとともに、 実務実習中の薬学部学生にも報告書の作成の練習をしてもらうこととした。 （注）プラビックス錠：クロピドグレル硫酸塩錠 問 306（法規・制度・倫理） 本報告制度に基づく報告を行うことは、医薬品の安全対策を講じていくために重 要である。副作用の報告に関する記述のうち、正しいのはどれか。2つ選べ。	"[""薬剤師は、製造販売業者が行う副作用情報の収集に協力するよう努めなければ ならない。"",""薬剤師は、本報告制度により、知り得た副作用はすべて報告しなければならな い。"",""薬剤師は、本報告制度による報告を行う場合、患者の同意を得なければならな い。"",""製造販売業者は、自社が関与していない医薬品に関する副作用の情報を入手し た場合も報告しなければならない。"",""患者が自身の副作用を疑った場合、患者自ら独立行政法人医薬品医療機器総合 機構（PMDA）に報告することができる。""]"	multiChoice	[0,4]	null	normal	false	parsed	"[""none""]"	P109-CASE-306	https://www.mhlw.go.jp/content/001226764.pdf	https://www.mhlw.go.jp/content/001228441.pdf	2024-02-18	MHLW website content under Public Data License 1.0 unless separately indicated; third-party content requires separate review
P109-307	109	307	実践	実務	（実務） 薬学部学生がこの患者のインスリン自己免疫症候群について作成した、下図の医 薬品安全性情報報告書案を指導薬剤師が確認したところ、不適切な記載を ₁ ケ所発 見した。それはどれか。1つ選べ。 ＜学生が作成した医薬品安全性情報報告書案＞ 1 2 3	[]	singleChoice	2	null	normal	true	no_choice_sequence	"[""none""]"	P109-CASE-306	https://www.mhlw.go.jp/content/001226764.pdf	https://www.mhlw.go.jp/content/001228441.pdf	2024-02-18	MHLW website content under Public Data License 1.0 unless separately indicated; third-party content requires separate review
P109-308	109	308	実践	法規・制度・倫理	−309 ₁₃ 歳男性。身長 ₁₃₅ cm、体重 ₄₀ kg。近隣の公立病院脳神経外科にて頭蓋 咽頭腫の摘出術を受けたものの、血中下垂体ホルモン濃度の異常は改善せず、汎下 垂体機能低下症と診断され、いくつかのホルモン補充療法の一つとして成長ホルモ ン補充療法を行うこととなった。処方医より「ソマトロピン（遺伝子組換え）製剤 を使用したいが、患児及び患児の両親が先行バイオ医薬品とバイオ後続品（バイオ シミラー）のどちらを選択するかを判断できるように説明してほしい。 」との依頼 を受け、病院薬剤師から先行バイオ医薬品とバイオ後続品の相違について説明を行 うこととなった。 問 308（法規・制度・倫理） 病院薬剤師が、患児及び患児の両親に説明するにあたり、これまでに収集した情 報の確認を行った。情報として、誤っているのはどれか。1つ選べ。	"[""バイオ後続品は、先行バイオ医薬品と同等／同質の品質、安全性、有効性を有 する医薬品である。"",""バイオ後続品は、先行バイオ医薬品に比べて開発費が低く抑えられ、薬の価格 が安く設定されている。"",""生物学的同等性試験により先行バイオ医薬品との同等性が証明できれば、バイ オ後続品の臨床試験は不要である。"",""原則として、バイオ後続品の製造販売後調査が実施される。"",""バイオ後続品について医薬品リスク管理計画の作成が求められている。""]"	singleChoice	2	null	normal	false	parsed	"[""none""]"	P109-CASE-308	https://www.mhlw.go.jp/content/001226764.pdf	https://www.mhlw.go.jp/content/001228441.pdf	2024-02-18	MHLW website content under Public Data License 1.0 unless separately indicated; third-party content requires separate review
P109-309	109	309	実践	実務	（実務） 病院薬剤師の説明を受けて、患児及び患児の両親はバイオ後続品を使用すること にした。この成長ホルモン製剤の説明として適切なのはどれか。2つ選べ。	"[""毎日通院の上、医師または看護師に注射してもらってください。"",""用量を決めるためにはお子さんの体重の情報が必須です。"",""このお薬の使用中は、生ワクチンの接種はできません。"",""このお薬を始めることによって、夜尿症（おねしょ）になります。"",""定期的に血糖や HbAlc の検査が必要となります。""]"	multiChoice	[1,4]	null	normal	false	parsed	"[""none""]"	P109-CASE-308	https://www.mhlw.go.jp/content/001226764.pdf	https://www.mhlw.go.jp/content/001228441.pdf	2024-02-18	MHLW website content under Public Data License 1.0 unless separately indicated; third-party content requires separate review
P109-310	109	310	実践	法規・制度・倫理	−311 ₇₅ 歳女性。 ₇ 日前に誕生日を迎えた。その少し前に、誕生日以降に使用で きる医療保険証が郵送されてきた。₇₀ 歳の夫と二人暮らしである。高血圧症と閉 塞隅角緑内障の治療のため、ロサルタン錠とビマトプロスト点眼液を使用してい る。 ₃ 日前、熱中症で救急病院に入院となった。入院後、寝つきが悪いとの訴えが あったため睡眠導入薬を追加することとなった。この病棟を担当している薬剤師 は、患者を担当している研修医から睡眠導入薬について相談を受けた。患者から は、「寝つきが悪いので、早く眠れる薬が欲しい。でも、睡眠薬は効果が翌朝まで 残ることがあると聞いたので不安だ。翌朝に影響の少ない薬がよい。」との希望が あった。 問 310（実務） 研修医に提案する薬剤として適切なのはどれか。2つ選べ。	"[""エスゾピクロン錠"",""ジフェンヒドラミン塩酸塩錠"",""ニトラゼパム錠"",""フルニトラゼパム塩酸塩カプセル"",""ラメルテオン錠""]"	multiChoice	[0,4]	null	normal	false	parsed	"[""none""]"	P109-CASE-310	https://www.mhlw.go.jp/content/001226764.pdf	https://www.mhlw.go.jp/content/001228441.pdf	2024-02-18	MHLW website content under Public Data License 1.0 unless separately indicated; third-party content requires separate review
P109-311	109	311	実践	実務	（法規・制度・倫理） この女性の夫は、自身が利用しているかかりつけ薬局を訪れた。夫は薬剤師に、 妻の入院や妻宛てに郵送された医療保険証のことなどを相談した。その医療保険証 の医療保険制度に関する薬剤師の説明内容として適切なのはどれか。2つ選べ。	"[""所得により医療費の窓口負担割合が異なります。"",""運営主体は全国健康保険協会です。"",""保険料の支払いは免除されます。"",""₆₅ 歳以上 ₇₅ 歳未満の方は一定の障害と認定された場合、加入することができ ます。"",""当該制度の加入者は高額療養費制度を利用できません。""]"	multiChoice	[0,3]	null	normal	false	parsed	"[""none""]"	P109-CASE-310	https://www.mhlw.go.jp/content/001226764.pdf	https://www.mhlw.go.jp/content/001228441.pdf	2024-02-18	MHLW website content under Public Data License 1.0 unless separately indicated; third-party content requires separate review
P109-312	109	312	実践	法規・制度・倫理	−313 ₈₀ 歳男性。脊柱管狭窄症があり、自宅療養中。骨粗しょう症があり、定期 的にイバンドロン酸ナトリウム水和物の注射を受けていたが、腰痛がひどく、新た に処方 ₁ の薬剤が追加され使用している。この男性は、娘が介護を行うにあたり 近々娘の家で同居することとなり、娘から近隣の薬局に処方 ₁ の薬剤の取扱いがあ るか問合せがあった。 現在、当該薬局では処方 ₁ の取扱いはなかったが、男性が引っ越してくるまでに 時間があるため、処方 ₁ の製造販売業者が提供するシステムへの調剤施設の登録な どの手続きを行い、調剤できる準備を整えることになった。 （処方 ₁ ） ブプレノルフィン経皮吸収型製剤 ₅ mg ₁回₁枚 ₇ 日に ₁ 枚貼付 ₂ 回分（全 ₂ 枚） 問 312（法規・制度・倫理） 麻薬及び向精神薬取締法に基づく処方 ₁ に関する記述として、正しいのはどれ か。2つ選べ。	"[""調剤するには、薬局の許可のほかに麻薬小売業者の許可を要する。"",""処方箋に、麻薬施用者の免許証の番号が記載されているか確認しなければなら ない。"",""堅固な設備内に施錠して保管しなければならない。"",""廃棄する際、法令に基づく許可や届出の必要はない。"",""規定の数量以上の紛失等の事故が発生した場合、「向精神薬事故届」を届け出 なければならない。""]"	multiChoice	[3,4]	null	normal	false	parsed	"[""none""]"	P109-CASE-312	https://www.mhlw.go.jp/content/001226764.pdf	https://www.mhlw.go.jp/content/001228441.pdf	2024-02-18	MHLW website content under Public Data License 1.0 unless separately indicated; third-party content requires separate review
P109-313	109	313	実践	実務	（実務） 引越し後、処方 ₁ を当該薬局において調剤した際、患者の娘から使い方の説明を 求められた。薬剤師が行う説明として適切なのはどれか。2つ選べ。	"[""腰の痛い場所に貼ってください。"",""皮膚に傷のあるところには貼付しないでください。"",""半分に切って使用しないでください。"",""使用済のお薬は、接着面を表にして処分してください。"",""このお薬がよく効くように、貼った部位を電気毛布等でよく温めてください。""]"	multiChoice	[1,2]	null	normal	false	parsed	"[""none""]"	P109-CASE-312	https://www.mhlw.go.jp/content/001226764.pdf	https://www.mhlw.go.jp/content/001228441.pdf	2024-02-18	MHLW website content under Public Data License 1.0 unless separately indicated; third-party content requires separate review
P109-314	109	314	実践	法規・制度・倫理	−315 大学病院で循環器内科を担当している薬剤師が、循環器内科病棟の医師か ら「糖尿病の治療薬である医薬品Ａ（カプセル剤）が心不全にも効果があるという 報告を聞いたので、当院でも効果を検証することを目的として、無作為化二重盲検 比較試験を実施したいと考えている。認定臨床研究審査委員会に申請したいので、 研究計画書について薬剤師の立場から追加や修正した方が良いところがあるか チェックしてほしい。」と依頼された。研究の概要は以下のとおりである。なお、 医薬品Ａは日本では心不全の適応はない。 ＜比較試験の計画（一部抜粋）＞ 対象患者：成人の心不全患者（心機能は NYHA 分類Ⅱ度かつ左室駆出率 （注 1） が低下（₄₀％未満）した心不全（HFrEF ）） （注 2） 除外基準：重症の糖尿病患者又は重症の腎機能障害患者 評価項目：心不全で入院するまでの期間 方 法：心不全の標準治療に医薬品Ａを追加服用する群（介入群）と心不全 の標準治療のみを行う群（非介入群）に ₁：₁ の比で無作為に分 け、₃₆ ケ月それぞれの治療を実施する。 両群とも被験薬は病院内で調剤する。介入群には医薬品Ａを、非介 入群にはプラセボ薬を投与する。 （注 ₁ ）NYHA：New York Heart Association（ニューヨーク心臓協会） （注 ₂ ）HFrEF：heart failure with reduced ejection fraction 問 314（実務） 薬剤師がこの計画を確認し、以下の追加内容を検討した。計画書に追加記載する のに適切なのはどれか。2つ選べ。	"[""服薬遵守率が設定した値より低い場合は、解析から除外すること。"",""副作用が発現した場合は、必ず試験を中止すること。"",""非介入群の患者には、医薬品Ａと併用禁忌の薬剤は使用してもよいこと。"",""介入群の患者には、投与するのは医薬品Ａであることを説明し、正しく服用さ せること。"",""医薬品Ａとプラセボ薬は、外観に差がないカプセルに充てんしたものを使用す ること。""]"	multiChoice	[0,4]	null	normal	false	parsed	"[""none""]"	P109-CASE-314	https://www.mhlw.go.jp/content/001226764.pdf	https://www.mhlw.go.jp/content/001228441.pdf	2024-02-18	MHLW website content under Public Data License 1.0 unless separately indicated; third-party content requires separate review
P109-315	109	315	実践	実務	（法規・制度・倫理） この研究は、臨床研究法の臨床研究のうち特定臨床研究に該当する。該当する理 由として正しいのはどれか。1つ選べ。	"[""大学病院で行う研究であるため。"",""無作為化二重盲検比較試験であるため。"",""医薬品の適応外使用の有効性を検証する研究であるため。"",""医師主導で行う研究であるため。"",""侵襲を含む研究であるため。""]"	singleChoice	2	null	normal	false	parsed	"[""none""]"	P109-CASE-314	https://www.mhlw.go.jp/content/001226764.pdf	https://www.mhlw.go.jp/content/001228441.pdf	2024-02-18	MHLW website content under Public Data License 1.0 unless separately indicated; third-party content requires separate review
P109-316	109	316	実践	法規・制度・倫理	−317 ₈₇ 歳男性。独居。日常生活に不安があるとのことで、近所に住んでいる娘 が相談のため健康サポート薬局を訪れた。娘によると、男性の身体状態は比較的安 定しているが、自宅は衣服が脱ぎっぱなしで、ゴミが散乱するなど以前より雑然と しているとのこと。さらに、薬の飲み忘れがあり、同じことを何度も繰り返し話 す、受診日を忘れることがあるとのことだった。 ₁ 年ほど前に医師からは認知機能 の低下が疑われると言われている。現時点でこの男性は要介護認定（要支援を含 む）を取得していない。 問 316（実務） 薬剤師がこの時点で家族や関係者に提案可能な内容として適切なのはどれか。2 つ選べ。	"[""父親の行動について、医師に改めて認知機能の検査をしてもらうように提案し た。"",""低下した認知機能を元に戻す薬があるので、医師に相談するよう提案した。"",""認知症の進行とともに徘徊や転倒のリスクも増大するので、ベッドに拘束して 身体活動を抑制するように伝えた。"",""認知症の家族会を紹介し、同じような問題を抱えている方の助言を聞いてみて はどうかと提案した。"",""物忘れ防止のために、セント・ジョーンズワートの服用を勧めた。""]"	multiChoice	[0,3]	null	normal	false	parsed	"[""none""]"	P109-CASE-316	https://www.mhlw.go.jp/content/001226764.pdf	https://www.mhlw.go.jp/content/001228441.pdf	2024-02-18	MHLW website content under Public Data License 1.0 unless separately indicated; third-party content requires separate review
P109-317	109	317	実践	実務	（法規・制度・倫理） その後、父親の症状の悪化により家族の介護の負担が大きくなったため、薬剤師 は家族に要介護認定の取得を提案することとした。薬剤師が理解しておくべき認定 取得の仕組みとして適切なのはどれか。2つ選べ。	"[""要介護認定の申請窓口はかかりつけの医療機関である。"",""要介護認定の審査では医師の意見書は必要ではない。"",""認定審査はコンピューターによる ₁ 次判定と介護認定審査会による ₂ 次判定を 経て行われる。"",""最終判定として、認定調査員による心身の状況に関する面接調査が行われる。"",""介護認定審査会の委員は保健・医療・福祉に関する学識経験者で構成される。""]"	multiChoice	[2,4]	null	normal	false	parsed	"[""none""]"	P109-CASE-316	https://www.mhlw.go.jp/content/001226764.pdf	https://www.mhlw.go.jp/content/001228441.pdf	2024-02-18	MHLW website content under Public Data License 1.0 unless separately indicated; third-party content requires separate review
P109-318	109	318	実践	法規・制度・倫理	−319 薬剤師が薬局開設に向けて事前準備を行っている。調剤業務に加え、一般 用医薬品等も取り扱う予定である。調剤業務以外で取り扱う予定の医薬品は、以下 のとおりである。 ア 要指導医薬品 イ 一般用医薬品（第 ₁ 類医薬品） ウ 一般用医薬品（指定第 ₂ 類医薬品） エ 一般用医薬品（第 ₂ 類医薬品） オ 一般用医薬品（第 ₃ 類医薬品） カ 一般用検査薬（第 ₂ 類医薬品） キ 薬局製造販売医薬品 問 318（法規・制度・倫理） この薬局で取り扱う予定のア～キの医薬品に関する記述のうち、正しいのはどれ か。2つ選べ。	"[""キ以外のものについては、特定販売可能である。"",""イ～カについては、登録販売者による販売が可能である。"",""ア～キに関して、薬局開設の許可とは別に、店舗販売業の許可を受ける必要は ない。"",""キを製造し販売する場合、薬局製造販売医薬品の製造販売業と製造業の許可が 必要である。"",""ア～キの全てを販売する場合、通常必要とされる薬局の面積の ₂ 倍以上の広さ が構造設備基準として求められる。""]"	multiChoice	[2,3]	null	normal	false	parsed	"[""none""]"	P109-CASE-318	https://www.mhlw.go.jp/content/001226764.pdf	https://www.mhlw.go.jp/content/001228441.pdf	2024-02-18	MHLW website content under Public Data License 1.0 unless separately indicated; third-party content requires separate review
P109-319	109	319	実践	実務	（実務） この薬局における調剤業務以外で取り扱う予定の医薬品の陳列方法について、正 しいのはどれか。2つ選べ。 ただし、空箱陳列は行わないこととする。なお、薬局の平面図は以下のとおりで ある。 ・陳列棚Ａは、相談カウンターから ₈ m のところにある。 調剤室 ・陳列棚Ｂは、相談カウンターから ₅ m 陳列棚Ｂ 陳列棚Ｃ のところにある。 ・陳列棚ＡとＢは、購入者等が製品を手 相談カウンター にとることができる。 陳列棚Ａ ・陳列棚Ｃから、₁ . ₂ m の範囲に購入者 等が入れないようになっている。	"[""アを陳列棚Ｂに陳列する。"",""イを陳列棚Ａに陳列する。"",""ウを陳列棚Ａに陳列する。"",""カを陳列棚Ａに陳列する。"",""キを陳列棚Ｃに陳列する。""]"	multiChoice	[3,4]	null	normal	false	parsed	"[""none""]"	P109-CASE-318	https://www.mhlw.go.jp/content/001226764.pdf	https://www.mhlw.go.jp/content/001228441.pdf	2024-02-18	MHLW website content under Public Data License 1.0 unless separately indicated; third-party content requires separate review
P109-320	109	320	実践	法規・制度・倫理	−321 男性がかぜ症状を訴えて来局した。この薬局の薬剤師は男性の症状、既往 歴、アレルギー歴、併用薬などを確認し、ある一般用医薬品を選択して男性に勧 め、選択した医薬品に含まれる成分の効能を説明した。なお、選択した医薬品は指 定第 ₂ 類医薬品であり、濫用等のおそれのある医薬品に該当する。 ＜選択した一般用医薬品に含まれる成分＞ アセトアミノフェン アンブロキソール塩酸塩 L︲カルボシステイン ジヒドロコデインリン酸塩 クロルフェニラミンマレイン酸塩 リボフラビン（ビタミン B2） 問 320（実務） この薬の有効成分に関する説明として、適切なのはどれか。2つ選べ。	"[""アセトアミノフェンは、発熱、頭痛、喉の痛み等、熱と痛みを鎮めます。"",""アンブロキソール塩酸塩は、咳の原因となる喉にからまるしつこい痰を出しや すくします。"",""L︲カルボシステインは、咳中枢に働き、咳を鎮めます。"",""ジヒドロコデインリン酸塩は、くしゃみ、鼻水、鼻づまりの症状を抑えます。"",""リボフラビンは、気道粘液・粘膜を正常な状態に近づけます。""]"	multiChoice	[0,1]	null	normal	false	parsed	"[""none""]"	P109-CASE-320	https://www.mhlw.go.jp/content/001226764.pdf	https://www.mhlw.go.jp/content/001228441.pdf	2024-02-18	MHLW website content under Public Data License 1.0 unless separately indicated; third-party content requires separate review
P109-321	109	321	実践	実務	（法規・制度・倫理） 選択した医薬品の取扱いとして、適切なのはどれか。2つ選べ。	"[""購入者の運転免許証等の身分証の提示があれば、数量の制限なく販売できる。"",""使用について専門家への相談を促す声かけや掲示等を行う必要がある。"",""使用者本人以外に販売することはできない。"",""購入者が高校生や中学生等の若年者である場合、氏名及び年齢等を確認する必 要がある。"",""購入者から質問がなかった場合も、書面を用いて情報提供を行わなければなら ない。""]"	multiChoice	[1,3]	null	normal	false	parsed	"[""none""]"	P109-CASE-320	https://www.mhlw.go.jp/content/001226764.pdf	https://www.mhlw.go.jp/content/001228441.pdf	2024-02-18	MHLW website content under Public Data License 1.0 unless separately indicated; third-party content requires separate review
P109-322	109	322	実践	法規・制度・倫理	−323 地域薬剤師会からある薬局に地域ケア会議への参加依頼があった。薬局に 勤務する薬剤師の中で適任者を検討した結果、薬局勤務 ₃ 年目の薬剤師Ａが選出さ れた。薬剤師Ａは地域ケア会議に参加するのは初めてだが、在宅患者も担当してお り、スキルアップのために管理薬剤師Ｂと共に参加してもらうことにした。 問 322（実務） 薬剤師Ａは地域ケア会議へ出席するにあたり、地域ケア会議の特徴や参加時の対 応について管理薬剤師Ｂに相談した。管理薬剤師Ｂの助言の内容として適切なのは どれか。2つ選べ。	"[""地域ケア会議は、高齢者個人に対する支援の充実と、それを支える社会基盤の 整備を同時に進めています。"",""地域ケア会議は、薬剤師の場合、 ₂ 年以上の実務経験が参加条件となっていま す。"",""地域ケア会議は、医療又は福祉の資格を有することが参加条件となります。"",""地域ケア会議において、参加者に自分の意見を伝える際、専門用語をなるべく 多く用いて説明するよう心がけてください。"",""個別ケースの課題などを積み重ね、自治体の政策形成につなげることも地域ケ ア会議の機能の一つです。""]"	multiChoice	[0,4]	null	normal	false	parsed	"[""none""]"	P109-CASE-322	https://www.mhlw.go.jp/content/001226764.pdf	https://www.mhlw.go.jp/content/001228441.pdf	2024-02-18	MHLW website content under Public Data License 1.0 unless separately indicated; third-party content requires separate review
P109-323	109	323	実践	実務	（法規・制度・倫理） 薬剤師Ａは本会議に参加し、本会議を主催した地域包括支援センターの活動に触 れ、地域住民にとって重要な施設であると感じた。そこで、薬局来局者に地域包括 支援センターの役割を伝える情報提供資料を作成した。資料の記載内容として、適 切なのはどれか。2つ選べ。	"[""都道府県ごとに ₁ 施設の設置が義務付けられています。"",""常駐している医師に健康に関して相談することができます。"",""当該センターの職員が自宅を訪問し介護サービスを行います。"",""高齢者虐待について相談することができます。"",""成年後見制度について相談することができます。""]"	multiChoice	[3,4]	null	normal	false	parsed	"[""none""]"	P109-CASE-322	https://www.mhlw.go.jp/content/001226764.pdf	https://www.mhlw.go.jp/content/001228441.pdf	2024-02-18	MHLW website content under Public Data License 1.0 unless separately indicated; third-party content requires separate review
P109-324	109	324	実践	法規・制度・倫理	−325 ₂₁ 歳男性。スポーツ競技者。花粉症による鼻炎症状がつらく、練習に影響 するので自分で何か良いものはないかと調べたところ、ある健康食品が良いとイン ターネット上で評判になっていることを知り、当該健康食品について相談するため 薬局を訪れた。この競技者から、ドーピング禁止物質 は摂取できないという申 （注） し出があり、薬剤師が対応した。 （注）ドーピング禁止物質：世界アンチ・ドーピング機構が定める禁止表に記載さ れている物質 問 324（法規・制度・倫理） この薬局では、この健康食品以外にも複数の健康食品を取り扱っており、店舗内 での健康食品の広告を検討している。次のうち、医薬品的な効果に該当せず、医薬 品でなくても広告が可能なのはどれか。1つ選べ。	"[""がんの治癒"",""花粉症の予防"",""健康維持"",""細胞の活性化"",""肝機能の向上""]"	singleChoice	2	null	normal	false	parsed	"[""none""]"	P109-CASE-324	https://www.mhlw.go.jp/content/001226764.pdf	https://www.mhlw.go.jp/content/001228441.pdf	2024-02-18	MHLW website content under Public Data License 1.0 unless separately indicated; third-party content requires separate review
P109-325	109	325	実践	実務	（実務） この競技者から症状を詳しく聴取したところ、一般用医薬品で対応したほうがよ いと判断された。鼻炎に効果がある一般用医薬品のうち、ドーピング禁止物質を含 む医薬品はどれか。2つ選べ。 番号 成分 クロルフェニラミンマレイン酸塩、フェニレフリン塩酸塩、ベラドンナ総 アルカロイド、グリチルリチン酸、無水カフェイン クロルフェニラミンマレイン酸塩、塩酸プソイドエフェドリン、ベラドン ナ総アルカロイド、トラネキサム酸、無水カフェイン 3 セチリジン塩酸塩 4 メキタジン ハンゲ、カンキョウ、カンゾウ、ケイヒ、ゴミシ、サイシン、シャクヤク、 マオウ 一般問題（薬学実践問題）【実務】	[]	multiChoice	[1,4]	null	normal	true	no_choice_sequence	"[""none""]"	P109-CASE-324	https://www.mhlw.go.jp/content/001226764.pdf	https://www.mhlw.go.jp/content/001228441.pdf	2024-02-18	MHLW website content under Public Data License 1.0 unless separately indicated; third-party content requires separate review
P109-326	109	326	実践	実務	₈₄ 歳男性。体重減少と身体活動の低下のため介護保険施設に入所中である。歩 行中に転倒し、大腿骨頸部骨折により整形外科病院に入院となった。患者は、オル メサルタン、アゼルニジピン、エソメプラゾール、アトルバスタチン、センノシド を服用中であった。 （現病歴） 高血圧症、脂質異常症、便秘症 （入院 ₂ 週間前の血圧記録） 血圧手帳より、平均 ₁₁₂/₆₄ mmHg （入院時検査値） 血圧 ₁₁₀/₆₂ mmHg、心拍 ₆₆ 拍/分、LDL︲C ₈₂ mg/dL、HDL︲C ₅₆ mg/dL、 TG（トリグリセリド）₁₁₀ mg/dL 病棟担当薬剤師は、患者が持参した薬剤の継続について医師から相談を受け、本 患者の生命予後に関して、文献の情報を参考に検討した。 収縮期血圧 ₁₃₀ mmHg 未満、降圧薬 ₂ 剤未満 ₁₀₀ 収縮期血圧 ₁₃₀ mmHg 以上、降圧薬 ₂ 剤以上 収縮期血圧 ₁₃₀ mmHg 以上、降圧薬 ₂ 剤未満 ₉₀ 生存率（％） ₈₀ p 1 ₀ . ₀₀₁ ₇₀ 収縮期血圧 ₁₃₀ mmHg 未満、 降圧薬 ₂ 剤以上 ₆₀ ₀ ₀.₅ ₁.₀ ₁.₅ ₂.₀ 治療期間（年） フレイルを伴う高齢患者における降圧薬の多剤併用の有無及び収縮 期血圧が生存率に及ぼす影響 （JAMA Intern Med, ₁₇₅（₆） ：₉₈₉︲₉₉₅（₂₀₁₅）より引用改変） 生命予後の改善を念頭に、薬剤師が医師に伝える内容として、最も優先順位が高 いのはどれか。1つ選べ。	"[""オルメサルタンを中止する。"",""アトルバスタチンを中止する。"",""オルメサルタンとアゼルニジピンを同時に中止する。"",""オルメサルタンとアゼルニジピンの合剤に変更する。"",""現在の治療を継続する。""]"	singleChoice	0	null	normal	false	parsed	"[""none""]"		https://www.mhlw.go.jp/content/001226764.pdf	https://www.mhlw.go.jp/content/001228441.pdf	2024-02-18	MHLW website content under Public Data License 1.0 unless separately indicated; third-party content requires separate review
P109-327	109	327	実践	実務	₅₀ 歳男性。身長 ₁₆₀ cm、体重 ₆₀ kg。食道がん術後の絶食状態にて以下の注射 液の投与指示があった。本処方の薬剤を投与する場合の血漿に対する浸透圧比とし て最も近いのはどれか。1つ選べ。 なお、血漿の浸透圧を ₂₉₀ mOsm/L とし、ブドウ糖の分子量は ₁₈₀ とする。 （処方） ブドウ糖注射液 ₅₀％ ₅₀₀ mL ₁ バッグ 中心静脈より投与 ₄₀ mL/h	"[""₁.₀"",""₂.₈"",""₄.₈"",""₉.₆"",""₁₉ . ₂""]"	singleChoice	3	null	normal	false	parsed	"[""none""]"		https://www.mhlw.go.jp/content/001226764.pdf	https://www.mhlw.go.jp/content/001228441.pdf	2024-02-18	MHLW website content under Public Data License 1.0 unless separately indicated; third-party content requires separate review
P109-328	109	328	実践	実務	₆₅ 歳男性。₃₀ 年前の検査で B 型肝炎ウイルス（HBV）陽性であったが、症状 もなく長年未治療のまま放置していた。最近になり、倦怠感、腹部膨満感及びめま い、ふらつきが強くなり、家族に連れられて受診したところ、非代償性肝硬変と診 断を受け緊急入院となった。検査の結果、腹水が観察され血圧も高値であり、内服 薬が開始されることになった。患者は日頃より便秘を訴えており、現在、食事は可 能であるが摂取量が減ってきている。また、血中アンモニアが ₁₉₈ ng/dL と高値 を示している。以下が入院後の処方である。 （処方 ₁ ） アムロジピン口腔内崩壊錠 ₅ mg ₁ 回 ₁ 錠（ ₁ 日 ₁ 錠） フロセミド錠 ₄₀ mg ₁ 回 ₁ 錠（ ₁ 日 ₁ 錠） スピロノラクトン錠 ₂₅ mg ₁ 回 ₂ 錠（ ₁ 日 ₂ 錠） ₁日₁回 朝食後 ₃ 日分 （処方 ₂ ） テノホビル アラフェナミドフマル酸塩錠 ₂₅ mg ₁ 回 ₁ 錠（ ₁ 日 ₁ 錠） ₁日₁回 朝食後 ₃ 日分 （処方 ₃ ） ウルソデオキシコール酸錠 ₁₀₀ mg ₁ 回 ₂ 錠（ ₁ 日 ₆ 錠） ₁日₃回 朝昼夕食後 ₃ 日分 （処方 ₄ ） 酸化マグネシウム錠 ₃₃₀ mg ₁ 回 ₂ 錠（ ₁ 日 ₆ 錠） ラクツロースゼリー分包 ₁₂ g/包 ₁ 回 ₁ 包（ ₁ 日 ₃ 包） 分岐鎖アミノ酸配合経口ゼリー剤 ₂₀ g/個 ₁ 回 ₁ 個（ ₁ 日 ₃ 個） ₁日₃回 朝昼夕食後 ₃ 日分 処方に対する薬剤師のアセスメント等として、適切なのはどれか。2つ選べ。	"[""高血圧に対してアムロジピンでコントロールが不十分な場合には、テルミサル タンの追加を提案する。"",""利尿剤による過度の脱水は、肝性昏睡（肝性脳症）を誘発する可能性があるた め、利尿薬の投与量に注意が必要である。"",""今後肝機能の改善が見られない場合には、ウルソデオキシコール酸を中止し、 アセチルシステインを提案する。"",""テノホビルは、投与中止により肝炎の重症化を起こすことがあるため、患者に 自己判断で中止しないように指導する。"",""分岐鎖アミノ酸製剤は非代償性肝硬変の治療に必須のため、今後食事が摂取で きなくなっても継続する必要がある。""]"	multiChoice	[1,3]	null	normal	false	parsed	"[""none""]"		https://www.mhlw.go.jp/content/001226764.pdf	https://www.mhlw.go.jp/content/001228441.pdf	2024-02-18	MHLW website content under Public Data License 1.0 unless separately indicated; third-party content requires separate review
P109-329	109	329	実践	実務	₇₂ 歳男性。体重 ₆₀ kg。₁₀ 年前に大学病院の腎臓内科にてネフローゼ症候群と 診断されプレドニゾロン錠とフロセミド錠による治療が開始された。昨年ステロイ ド抵抗性との診断を受けてシクロスポリンカプセルが追加され、治療中である。 某年 ₈ 月 ₉ 日に近隣の皮膚科を受診したところ、爪白癬との診断を受け、イトラ コナゾールの投与を推奨された。同日、大学病院の腎臓内科よりイトラコナゾール カプセルの処方が追加され、最終的に処方 ₁ ～ ₄ のように調整された。 ₉ 月 ₆ 日の 診察にて経過良好とのことから、治療は同じ処方で継続された。 （処方 ₁ ） プレドニゾロン錠 ₅ mg ₁ 回 ₄ 錠（ ₁ 日 ₄ 錠） フロセミド錠 ₄₀ mg ₁ 回 ₁ 錠（ ₁ 日 ₁ 錠） ₁日₁回 朝食後 ₂₈ 日分 （処方 ₂ ） イトラコナゾールカプセル ₅₀ mg ₁ 回 ₄ カプセル（ ₁ 日 ₈ カプセル） ₁日₂回 朝夕食直後 ₇ 日分 （処方 ₃ ） シクロスポリンカプセル ₅₀ mg ₁ 回 ₁ カプセル（ ₁ 日 ₂ カプセル） ₁日₂回 朝夕食前 ₇ 日分 （処方 ₄ ） シクロスポリンカプセル ₅₀ mg ₁ 回 ₂ カプセル（ ₁ 日 ₄ カプセル） （処方 ₂ 及び処方 ₃ を飲み終えてから飲んでください。） ₁日₂回 朝夕食前 ₂₁ 日分 （ ₉ 月 ₆ 日の検査値） 血清クレアチニン ₁ . ₃ mg/dL、eGFR ₄₂ . ₇ mL/min/₁ . ₇₃ m2、 血清アルブミン ₃ . ₁ g/dL、尿蛋白（!）、下肢の浮腫（!） 本日 ₉ 月 ₁₃ 日、昨夕より四肢のむくみと尿の泡立ちがひどくなったと自覚した ため、かかりつけ薬局へ相談に訪れた。対応した薬剤師は患者からの聞き取りに加 え、 ₉ 月 ₆ 日の検査値を確認した。 （聞き取り内容） ・処方 ₁ のお薬は以前と変わらず飲んでいる。 ・処方 ₂ のお薬は全て残っている。 ・処方 ₃ のお薬は残っていない。 ・処方 ₄ のお薬は全て残っている。 今回の患者の主訴である四肢のむくみと尿の泡立ちについて、腎臓内科医に提案 する内容として適切なのはどれか。2つ選べ。	"[""シクロスポリンの血中濃度測定"",""イトラコナゾールの血中濃度測定"",""処方 ₁ の中止"",""処方 ₂ 及び処方 ₄ の開始"",""処方 ₄ の開始""]"	multiChoice	[0,4]	null	normal	false	parsed	"[""none""]"		https://www.mhlw.go.jp/content/001226764.pdf	https://www.mhlw.go.jp/content/001228441.pdf	2024-02-18	MHLW website content under Public Data License 1.0 unless separately indicated; third-party content requires separate review
P109-330	109	330	実践	実務	₂₈ 歳女性。体重 ₅₀ kg。 ₅ 年前に双極性障害と診断され、近隣の精神科通院加 療中であった。炭酸リチウム ₈₀₀ mg（₂₁ . ₆ mEq）/日の内服でコントロール良好で あった（血清リチウム濃度：₀ . ₈～₁ . ₀ mEq/L）が、夫と口論になりその後希死念 慮を認めた。翌朝午前 ₅ 時ごろに炭酸リチウム錠 ₂₀₀ mg を ₁₀₀ 錠過量服用した。 その後、夫からの通報で救急搬送され、直ちに経鼻胃管による胃洗浄等の処置を施 したが心電図で QT 延長を認めたことから、リチウム中毒を疑い、入院の上で同日 ₁₆ 時より持続的血液透析（CHD）を開始した。来院時に ₁ . ₆ mEq/L であった血清 リチウム濃度は CHD 開始時には ₃ . ₆ mEq/L に上昇していた。その後、₂₀ 時、₂₂ 時、翌日 ₁₂ 時に採血と心電図検査を実施した。患者の経過を図に示す。 （来院時所見等） 血圧 ₇₅/₄₅ mmHg、脈拍 ₉₂ 拍/分、 QTc（Bazett 補正式）₀ . ₄₅₅ 秒（基準値：₀ . ₃₆ 秒以上 ₀ . ₄₄ 秒未満）、 血清リチウム濃度 ₁ . ₆ mEq/L（有効治療域：₀ . ₆～₁ . ₂ mEq/L）、 血清クレアチニン ₀ . ₇₅ mg/dL、Na ₁₄₀ mEq/L、K ₃ . ₈ mEq/L ₄.₀ ₀ . ₅₀ ₀ . ₄₉₂ ₂₀：₀₀ ₃.₆ 血清リチウム濃度（mEq/mL） ₀ . ₄₈ ₀ . ₄₇₇ ₃.₀ ₀ . ₄₆₈ QTc 時間（秒） ₂ . ₇₆ ₂ . ₄₂ ₀ . ₄₆ ₂ . ₀ ₀ . ₄₅₅ ₂₂：₀₀ ₁.₆ ₀ . ₄₄₄ ₀ . ₄₄ ₁.₀ ₆：₀₀ 救急搬送 ₁₆：₀₀ ₀ . ₉₆ ₀ . ₄₂ CHD ₁₂：₀₀ 入院 ₁₂：₀₀ ₀.₀ ₀ . ₄₀ 第 ₁ 病日 第 ₂ 病日 第 ₃ 病日 CHD は第 ₂ 病日 ₁₂ 時に離脱、経過観察とした。第 ₃ 病日 ₁₂ 時の心電図では QTc は ₀ . ₄₃₁ 秒にまで改善し、患者の容態も安定した。 担当薬剤師のこの患者に対するアセスメント等として適切なのはどれか。2つ選 べ。ただし、CHD 離脱によって炭酸リチウムの全身クリアランスは半分になるこ と、炭酸リチウムの分布容積は CHD によらず ₀ . ₈₄ L/kg とする。	"[""服用した炭酸リチウムの半分に相当する量が吸収されていた。"",""腸に達した炭酸リチウム除去のための薬用炭投与は無効である。"",""CHD の離脱時には心電図は正常化している。"",""リチウムの体内動態は非線形性を特徴とする。"",""第 ₃ 病日 ₁₂ 時の血清リチウム濃度は ₀ . ₅ mEq/L 未満と推定される。""]"	singleChoice	null	null	excluded	true	parsed	"[""graph_axis_unit""]"		https://www.mhlw.go.jp/content/001226764.pdf	https://www.mhlw.go.jp/content/001228441.pdf	2024-02-18	MHLW website content under Public Data License 1.0 unless separately indicated; third-party content requires separate review
P109-331	109	331	実践	実務	₆₀ 歳男性。約 ₃₀ 分前に胸痛を訴え、近隣病院の救急センターに搬送された。 搬送時に意識障害が認められ、心拍 ₄₀ 拍/分、血圧 ₈₀/₅₀ mmHg であった。医師 はこれらの症候が不整脈に伴う心拍出量低下で生じていると判断し、アトロピンに よる緊急治療を開始することにした。救急担当薬剤師が即座に患者のお薬手帳から 常用薬を確認したところ、アトロピンの使用にあたり、注意が必要な疾患に罹患し ている可能性が考えられた。その疾患の治療薬はどれか。2つ選べ。	"[""チペピジンヒベンズ酸塩錠"",""テプレノンカプセル"",""ブリモニジン酒石酸塩点眼液"",""シロドシン錠"",""トピロキソスタット錠""]"	multiChoice	[2,3]	null	normal	false	parsed	"[""none""]"		https://www.mhlw.go.jp/content/001226764.pdf	https://www.mhlw.go.jp/content/001228441.pdf	2024-02-18	MHLW website content under Public Data License 1.0 unless separately indicated; third-party content requires separate review
P109-332	109	332	実践	実務	₇₅ 歳女性。入院して大腸ポリープ切除術を施行することになった。この病院で は、入院前にあらかじめ入院支援センターで薬剤師により持参薬のチェックなどを 行うことになっている。また、大腸ポリープ切除術のクリニカルパスには手術当日 から創部感染予防の目的でセフメタゾールナトリウム静注用と発熱予防目的でアセ トアミノフェン錠を投与することが記載されていた。入院支援センターの薬剤師が 聞き取り調査を行ったところ、以下の情報が得られた。薬剤師が医師に提案する内 容として適切なのはどれか。2つ選べ。 （お薬手帳の内容） アムロジピン錠 ₅ mg ₁回₁錠 ₁日₁回 朝食後 シンバスタチン錠 ₅ mg ₁回₁錠 ₁日₁回 夕食後 ワルファリンカリウム錠 ₁ mg ₁回₂錠 ₁日₁回 夕食後 （入院支援センターの薬剤師が患者から聞き取った内容） ・健康食品、サプリメント 特になし。 ・副作用、アレルギー歴 アスピリン喘息 ₂ ～ ₃ 年前、ペニシリン系抗生物質により発疹	"[""アムロジピン錠の中止"",""ワルファリンカリウム錠の変更"",""シンバスタチン錠の中止"",""セフメタゾール注の変更"",""アセトアミノフェン錠の変更""]"	multiChoice	[1,3]	null	normal	false	parsed	"[""none""]"		https://www.mhlw.go.jp/content/001226764.pdf	https://www.mhlw.go.jp/content/001228441.pdf	2024-02-18	MHLW website content under Public Data License 1.0 unless separately indicated; third-party content requires separate review
P109-333	109	333	実践	実務	₇₉ 歳男性。体重 ₅₀ kg。うっ血性心不全にて通院治療中である。全身倦怠感と 呼吸困難を訴えているため、救急搬送された。血液検査を行ったところ、血清ナト リウム濃度が ₁₂₀ mEq/L であった。意識障害と嘔吐症状があることから、塩化ナ トリウムを静注することになった。塩化ナトリウム注射液は、 ₃ ％の高張液とし、 輸液ポンプを用いて、₃₀ mL/h の投与速度で開始し、 ₂ 時間ごとに血清ナトリウ ム濃度を測定し、その濃度に応じて投与量を適宜調節した。 ₃ ％塩化ナトリウム注射液の調製方法について、最も適切なのはどれか。1つ選 べ。なお、注射製剤の過量充てん分は考慮しないものとする。	"[""生理食塩液 ₅₀₀ mL に、塩化ナトリウム注射液 ₁₀％（ ₁ 管、₂₀ mL）を ₃ 管注 入し均等混和"",""生理食塩液 ₃₀₀ mL（₅₀₀ mL ボトルから注射器で、₂₀₀ mL 捨てる）に、塩化 ナトリウム注射液 ₁₀％（ ₁ 管、₂₀ mL）を ₁₀ 管注入し均等混和"",""生理食塩液 ₄₂₀ mL（₅₀₀ mL ボトルから注射器で、₈₀ mL 捨てる）に、塩化ナ トリウム注射液 ₁₀％（ ₁ 管、₂₀ mL）を ₄ 管注入し均等混和"",""生理食塩液 ₄₀₀ mL（₅₀₀ mL ボトルから注射器で、₁₀₀ mL 捨てる）に、塩化 ナトリウム注射液 ₁₀％（ ₁ 管、₂₀ mL）を ₆ 管注入し均等混和"",""生理食塩液 ₃₄₀ mL（₅₀₀ mL ボトルから注射器で、₁₆₀ mL 捨てる）に、塩化 ナトリウム注射液 ₁₀％（ ₁ 管、₂₀ mL）を ₈ 管注入し均等混和""]"	singleChoice	3	null	normal	false	parsed	"[""none""]"		https://www.mhlw.go.jp/content/001226764.pdf	https://www.mhlw.go.jp/content/001228441.pdf	2024-02-18	MHLW website content under Public Data License 1.0 unless separately indicated; third-party content requires separate review
P109-334	109	334	実践	実務	₅₈ 歳女性。 ₂ ケ月前に全身性エリテマトーデスによるループス腎炎と診断さ れ、薬物治療を継続中である。以下の処方箋並びに検査結果を持って薬局を訪れ た。 （処方 ₁ ） プレドニゾロン錠 ₅ mg ₁ 回 ₂ 錠（ ₁ 日 ₄ 錠） ₁日₂回 朝夕食後 ₁₄ 日分 （処方 ₂ ） ランソプラゾール口腔内崩壊錠 ₁₅ mg ₁ 回 ₁ 錠（ ₁ 日 ₁ 錠） エルデカルシトールカプセル ₀ . ₇₅ ng ₁ 回 ₁ カプセル（ ₁ 日 ₁ カプセル） アトルバスタチン錠 ₂ . ₅ mg ₁ 回 ₁ 錠（ ₁ 日 ₁ 錠） ₁日₁回 朝食後 ₁₄ 日分 （処方 ₃ ） ニカルジピン塩酸塩錠 ₁₀ mg ₁ 回 ₁ 錠（ ₁ 日 ₃ 錠） ₁日₃回 朝昼夕食後 ₁₄ 日分 （処方 ₄ ） リセドロン酸 Na 水和物錠 ₁₇ . ₅ mg ₁ 回 ₁ 錠（ ₁ 日 ₁ 錠） 毎週日曜日 ₁日₁回 起床時 ₂ 日分 （検査値） 血清アルブミン ₄ . ₀ g/dL、AST ₁₀ IU/L、ALT ₁₅ IU/L、LDH ₁₂₅ U/L、 血清クレアチニン ₀ . ₅₇ mg/dL、eGFR ₈₆ . ₃ mL/min/₁ . ₇₃ m2、 LDL︲C ₈₈ mg/dL、HDL︲C ₅₂ mg/dL、TG（トリグリセリド）₁₀₅ mg/dL、 CK（クレアチンキナーゼ）₃₀ U/L、K ₂ . ₈ mEq/L、Ca ₈ . ₄ mg/L、 CRP ₀ . ₄₂ mg/dL、HbA₁c ₆ . ₅％、血圧 ₁₃₂/₈₄ mmHg、赤褐色尿（-） 患者から体調について、最近、手足のだるさやこわばり症状があることを聴取し た。 また、吐き気や下痢症状はないことを確認した。薬剤師は副作用を疑い、処方医 に疑義照会したところ、対策案を依頼された。提案する事項として、適切なのはど れか。2つ選べ。	"[""ニカルジピンの中止"",""アトルバスタチンの中止"",""アゾセミドの追加"",""塩化カリウムの追加"",""スピロノラクトンの追加""]"	multiChoice	[3,4]	null	normal	false	parsed	"[""none""]"		https://www.mhlw.go.jp/content/001226764.pdf	https://www.mhlw.go.jp/content/001228441.pdf	2024-02-18	MHLW website content under Public Data License 1.0 unless separately indicated; third-party content requires separate review
P109-335	109	335	実践	実務	₆₆ 歳男性。身長 ₁₆₈ cm、体重 ₅₇ kg。₁₀ 年前からアルコール性肝炎及び無症 候性脳梗塞で病院に定期通院の中、前回の診察で逆流性食道炎と診断され、ファモ チジンが処方された。前回より ₁ ケ月経過した今回の受診時においても、逆流性食 道炎の症状が続いていた。以下に、直近の処方並びに前回、今回の検査結果及び患 者からの聞き取り内容を示す。 （処方 ₁ ） ウルソデオキシコール酸錠 ₅₀ mg ₁ 回 ₁ 錠（ ₁ 日 ₃ 錠） ₁日₃回 朝昼夕食後 ₁₄ 日分 （処方 ₂ ） チクロピジン塩酸塩錠 ₁₀₀ mg ₁ 回 ₂ 錠（ ₁ 日 ₂ 錠） ニフェジピン徐放錠 ₂₀ mg ₁ 回 ₁ 錠（ ₁ 日 ₁ 錠） バルサルタン錠 ₈₀ mg ₁ 回 ₁ 錠（ ₁ 日 ₁ 錠） ₁日₁回 朝食後 ₁₄ 日分 （処方 ₃ ） ファモチジン錠 ₂₀ mg ₁ 回 ₁ 錠（ ₁ 日 ₁ 錠） ₁日₁回 夕食後 ₁₄ 日分 （検査値） 前回（ ₁ ケ月前） 今回 血圧 mmHg ₁₂₈/₈₂ ₁₂₆/₈₀ 血清アルブミン g/dL ₃.₂ ₃.₄ AST IU/dL ₂₇₆ ₂₆₆ ALT IU/dL ₂₉₂ ₂₇₇ 総ビリルビン mg/dL ₂.₄ ₂.₂ アンモニア ng/dL ₉₇ ₁₀₁ 血清クレアチニン mg/dL ₁.₁ ₁.₀ CCr mL/min ₅₃ . ₃ ₅₈ . ₆ 白血球/nL ₆ , ₃₀₀ ₆ , ₁₀₀ 赤血球 #₁₀4/nL ₃₉₈ ₃₂₅ 血小板 #₁₀ /nL ₁₅ . ₈ ₄.₅ （聞き取り内容） ・手足のむくみについては、自覚していますが悪化したとは思いません。 ・気がついたら青あざが出来ていました。 検査値並びに聞き取り内容に基づくこの患者の最近 ₁ ケ月間に関する担当薬剤師 のアセスメントとして最も適切なのはどれか。1つ選べ。	"[""ファモチジンによる血小板減少が疑われる。"",""ウルソデオキシコール酸による肝機能改善が認められる。"",""チクロピジンによる汎血球減少が疑われる。"",""ニフェジピンは CCr に基づいて ₁₀ mg に減量すべきである。"",""バルサルタンによる横紋筋融解症が疑われる。""]"	singleChoice	0	null	normal	false	parsed	"[""none""]"		https://www.mhlw.go.jp/content/001226764.pdf	https://www.mhlw.go.jp/content/001228441.pdf	2024-02-18	MHLW website content under Public Data License 1.0 unless separately indicated; third-party content requires separate review
P109-336	109	336	実践	実務	₄₂ 歳男性。身長 ₁₆₅ cm。血液検査の結果、血清ナトリウム濃度が ₁₄₇ mEq/L であり、高張性脱水と診断され、輸液により水分を補給することになった。この患 者の水分欠乏量に最も近い値はどれか。1つ選べ。 ただし、この患者の体重は ₆₀ kg、血清ナトリウム濃度の目標値を ₁₄₀ mEq/L、 体水分量を体重の ₅₀％とする。	"[""₁.₀ L"",""₁.₅ L"",""₂.₀ L"",""₂.₅ L"",""₃.₀ L""]"	singleChoice	1	null	normal	false	parsed	"[""none""]"		https://www.mhlw.go.jp/content/001226764.pdf	https://www.mhlw.go.jp/content/001228441.pdf	2024-02-18	MHLW website content under Public Data License 1.0 unless separately indicated; third-party content requires separate review
P109-337	109	337	実践	実務	院内の安全対策研修会で、下記の事例をもとに医療事故の対応を多職種で議論 した。 事例 ₆₀ 歳女性。関節リウマチの診断で今回より初めて ₁ 日あたりメトトレキサート カプセル ₂ mg ₃ カプセルが ₄ 週間分処方された。本来、週 ₁ 回服用のところ、連 日服用で、服用開始 ₅ 日目に倦怠感、食欲不振、歯肉出血を認めた。翌日には喀血 により救急搬送され、当院に緊急入院となった。当日の検査の結果、口腔粘膜障 害、胃腸障害、肝機能障害、骨髄抑制が認められた。 議論の中で、この患者への処置について薬剤師が意見を求められた。この患者に 対して効果的な対処はどれか。2つ選べ。	"[""ホリナートカルシウムの投与"",""ビタミン K 製剤の投与"",""薬用炭の投与"",""アスピリン製剤の投与"",""炭酸水素ナトリウム注射液の投与""]"	multiChoice	[0,4]	null	normal	false	parsed	"[""none""]"		https://www.mhlw.go.jp/content/001226764.pdf	https://www.mhlw.go.jp/content/001228441.pdf	2024-02-18	MHLW website content under Public Data License 1.0 unless separately indicated; third-party content requires separate review
P109-338	109	338	実践	実務	₆₅ 歳男性。進行非小細胞肺がんの治療のためカルボプラチン、ペメトレキセ ド、ベバシズマブ療法を開始することになった。外来化学療法室の担当薬剤師は、 次回来院までの間、電話での経過観察を含む服薬状況の確認を実施することにし た。次の記述のうち、適切なのはどれか。2つ選べ。なお、補助薬として葉酸錠、 ビタミン B12 注射剤及びヘパリン類似物質クリームが処方されている。	"[""カルボプラチン投与患者で他の白金製剤と比較して頻発する末梢神経障害を発 症していないか確認する。"",""ペメトレキセドの副作用を予防するために処方されている葉酸錠のアドヒアラ ンスを確認する。"",""ベバシズマブ投与後に頻発する低血圧症が起こっていないか確認する。"",""発熱、咳嗽、呼吸困難など間質性肺炎を疑う症状が起こっていないか確認する。"",""手足症候群緩和のために処方されているビタミン B12 注射剤の副作用について 確認する。""]"	multiChoice	[1,3]	null	normal	false	parsed	"[""none""]"		https://www.mhlw.go.jp/content/001226764.pdf	https://www.mhlw.go.jp/content/001228441.pdf	2024-02-18	MHLW website content under Public Data License 1.0 unless separately indicated; third-party content requires separate review
P109-339	109	339	実践	実務	₇₃ 歳男性。体重 ₇₂ kg。持続性心房細動及び高血圧症に対して治療中であっ た。自宅で階段を踏み外し、転倒したため救急搬送された。頭部 CT 検査は異常な しであったが、右前腕部尺骨の骨折による前腕部の腫脹が認められたため、保存治 療のため入院することになった。入院時検査を行うとともに病棟薬剤師が持参薬の 確認を行った。 （持参薬） ビソプロロールフマル酸塩錠 ₂ . ₅ mg オルメサルタン口腔内崩壊錠 ₂₀ mg スピロノラクトン錠 ₅₀ mg ジルコニウムシクロケイ酸ナトリウム水和物懸濁用散分包 ₅ g エドキサバントシル酸塩水和物口腔内崩壊錠 ₆₀ mg （入院時所見） 体温 ₃₆ . ₈ ℃、血圧 ₁₂₈/₈₀ mmHg、脈拍 ₉₂ 拍/分 （検査値） 赤血球 ₄₅₃ # ₁₀4/nL、白血球 ₄ , ₀₆₀/nL、血小板 ₁₅ . ₄ # ₁₀4/nL、 Hb ₁₄ . ₂ g/dL、AST ₂₄ IU/L、ALT ₁₈ IU/L、総ビリルビン ₀ . ₈ mg/dL、 c︲GTP ₅₄ IU/L、LDH ₂₄₈ IU/L、尿酸 ₆ . ₀ mg/dL、Na ₁₄₁ mEq/L、 K ₃ . ₀ mEq/L、血清アルブミン ₃ . ₅ g/dL、BUN ₃₉ mg/dL、 血清クレアチニン ₁ . ₈₅ mg/dL、CCr ₃₆ . ₂ mL/min、下肢浮腫（+）、 尿蛋白（+） この患者の持参薬のうち、薬剤師が入院時に減量あるいは中止を提案する薬剤と して、適切なのはどれか。2つ選べ。	"[""ビソプロロールフマル酸塩錠"",""オルメサルタン口腔内崩壊錠"",""スピロノラクトン錠"",""ジルコニウムシクロケイ酸ナトリウム水和物懸濁用散分包"",""エドキサバントシル酸塩水和物口腔内崩壊錠""]"	multiChoice	[3,4]	null	normal	false	parsed	"[""none""]"		https://www.mhlw.go.jp/content/001226764.pdf	https://www.mhlw.go.jp/content/001228441.pdf	2024-02-18	MHLW website content under Public Data License 1.0 unless separately indicated; third-party content requires separate review
P109-340	109	340	実践	実務	₇₄ 歳女性。友人と一緒に地域の健康フェアに参加した際に、お薬相談コーナー を訪れた。女性の話によると、過去 ₁₀ 年以上治療してきており、今の ₅ 剤になっ たのは半年前である。最近、足のむくみと体重増加が気になっているとのことで あった。薬剤師は、女性が持参したお薬手帳より、以下の薬剤を服用中であること を確認している。 （お薬手帳の内容） アジルサルタン錠 ₂₀ mg ₁ 回 ₁ 錠（ ₁ 日 ₁ 錠） ピオグリタゾン塩酸塩錠 ₃₀ mg ₁ 回 ₁ 錠（ ₁ 日 ₁ 錠） ₁日₁回 朝食後 ₁₄ 日分 ペマフィブラート錠 ₀ . ₁ mg ₁ 回 ₁ 錠（ ₁ 日 ₂ 錠） 硝酸イソソルビド徐放錠 ₂₀ mg ₁ 回 ₁ 錠（ ₁ 日 ₂ 錠） ₁日₂回 朝夕食後 ₁₄ 日分 ブロチゾラム口腔内崩壊錠 ₀ . ₂₅ mg ₁ 回 ₁ 錠（ ₁ 日 ₁ 錠） ₁日₁回 就寝前 ₁₄ 日分 この女性が、気になっている身体所見及び症状について、薬剤性と疑う場合、最 も強く疑われるのはどれか。1つ選べ。	"[""アジルサルタン錠"",""ピオグリタゾン塩酸塩錠"",""ペマフィブラート錠"",""硝酸イソソルビド徐放錠"",""ブロチゾラム口腔内崩壊錠""]"	singleChoice	1	null	normal	false	parsed	"[""none""]"		https://www.mhlw.go.jp/content/001226764.pdf	https://www.mhlw.go.jp/content/001228441.pdf	2024-02-18	MHLW website content under Public Data License 1.0 unless separately indicated; third-party content requires separate review
P109-341	109	341	実践	実務	₃₈ 歳男性。体重 ₈₀ kg。数年前より動悸及び息切れを自覚し、最近では歯茎か らの出血や不意の鼻血などで不安になったため近医を受診した。引き続き近医より 紹介された大学病院にて骨髄穿刺を受けた。病理検査の結果、骨髄異形成症候群と 診断され、全身放射線照射に引き続き無菌病室で骨髄幹細胞移植治療を受けた。移 植後の移植片対宿主病及び真菌感染症の予防目的で以下の薬物が投与開始された。 なお、タクロリムスの血中濃度は ₁₅ ng/mL を目標とされた。 （処方 ₁ ） 注射用メトトレキサート ₁₅ mg/m /日 ₁ 日目 生理食塩液 ₅₀ mL ₁本 注射用メトトレキサート ₁₀ mg/m /日 ₃ 、 ₆ 、₁₁ 日目 生理食塩液 ₅₀ mL ₁本 生理食塩液にすべて溶解し、 ₁ 日 ₁ 回 朝 静脈内投与 （処方 ₂ ） タクロリムス水和物注射液 ₀ . ₀₃ mg/kg/日 生理食塩液 ₁₀₀ mL ₁本 ₀ . ₁ mg/mL に調製し、シリンジポンプで ₂₄ 時間持続投与 （処方 ₃ ） 注射用ボリコナゾール ₁ 回 ₄₀₀ mg（ ₁ 日 ₈₀₀ mg） ₁ 日目 生理食塩液 ₅₀ mL ₁本 注射用ボリコナゾール ₁ 回 ₃₀₀ mg（ ₁ 日 ₆₀₀ mg） ₂ 日目以降 生理食塩液 ₅₀ mL ₁本 生理食塩液にすべて溶解し、 ₁ 日 ₂ 回 朝夕 静脈内投与 投与開始後 ₂ 週間目にタクロリムス、ボリコナゾールは経口投与に変更となっ た。 骨髄幹細胞移植を実施した後の病棟担当薬剤師によるアセスメントとして適切な のはどれか。2つ選べ。	"[""投与開始直後の発熱に備えて頓用のイブプロフェンを準備する。"",""タクロリムス水和物注射液は ₁ mL/h の速度で投与する。"",""ボリコナゾールは血中濃度を参考に用量を調節する。"",""移植片対宿主病を疑う所見が現れた場合はシクロスポリン注射液の追加を考慮 する。"",""移植片対宿主病の発症を認めなくてもタクロリムスの投与は生涯必要である。""]"	multiChoice	[1,2]	null	normal	false	parsed	"[""none""]"		https://www.mhlw.go.jp/content/001226764.pdf	https://www.mhlw.go.jp/content/001228441.pdf	2024-02-18	MHLW website content under Public Data License 1.0 unless separately indicated; third-party content requires separate review
P109-342	109	342	実践	実務	来局者の訴える症状及び現在の服用薬、それに対して薬剤師が選択した一般用 漢方製剤として適切なのはどれか。2つ選べ。 来局者の訴える症状 現在の服用薬 選択した一般用漢方製剤 風邪のひき始めで寒気が タムスロシン塩酸塩	"[""防風通聖散 する 口腔内崩壊錠"",""アレルギー性の鼻炎 アピキサバン錠 小青竜湯 疲れやすく、食欲不振で グリチルリチン含有"",""補中益気湯 ある 製剤 排尿が困難であり、いつ"",""ファモチジン錠 八味地黄丸 も残尿感がある"",""夜就寝中に足がつる スピロノラクトン錠 当帰芍薬散""]"	multiChoice	[1,3]	null	normal	false	parsed	"[""none""]"		https://www.mhlw.go.jp/content/001226764.pdf	https://www.mhlw.go.jp/content/001228441.pdf	2024-02-18	MHLW website content under Public Data License 1.0 unless separately indicated; third-party content requires separate review
P109-343	109	343	実践	実務	₆₁ 歳女性。身長 ₁₆₅ cm、体重 ₅₇ kg。左上葉非小細胞肺がん（腺がん、EGFR 遺伝子変異陰性、ALK 融合遺伝子陰性、PD︲L₁ 1 ₅₀％）で骨転移があり、Stage Ⅳ M₁b 期と診断された。初回化学療法としてシスプラチン、ドセタキセル併用療法 を導入することになった。 （身体所見及び検査値） 血圧 ₁₂₃/₇₅ mmHg、白血球 ₄ , ₅₀₀/nL、好中球 ₂ , ₈₀₀/nL、Hb ₁₁ . ₅ g/dL、 血小板 ₂₈ . ₇ # ₁₀ /nL、血清アルブミン ₃ . ₈ g/dL、AST ₁₀ IU/L、 ALT ₁₄ IU/L、血清クレアチニン ₀ . ₉ mg/dL、血清カルシウム ₁₀ . ₅ mg/L、 CRP ₀ . ₄ mg/dL、心電図 異常なし （全身状態） パフォーマンスステータス（PS）₂ （既往歴） うっ血性心不全 この患者の化学療法を開始するにあたり、薬剤師の確認及び提案事項として適切 なのはどれか。2つ選べ。	"[""非ステロイド性抗炎症薬が服用されていないことの確認"",""中等度催吐性リスクの抗がん薬に対する制吐薬が処方されていることの確認"",""シスプラチンの希釈液として生理食塩液が処方されていることの確認"",""通常の輸液によるハイドレーションを変更して、経口補液との併用による ショートハイドレーション法の推奨"",""腎障害モニタリングを投与開始後 ₃ 日目より実施""]"	multiChoice	[0,2]	null	normal	false	parsed	"[""none""]"		https://www.mhlw.go.jp/content/001226764.pdf	https://www.mhlw.go.jp/content/001228441.pdf	2024-02-18	MHLW website content under Public Data License 1.0 unless separately indicated; third-party content requires separate review
P109-344	109	344	実践	実務	₄₈ 歳男性。身長 ₁₇₄ cm、体重 ₅₂ kg。慢性骨髄性白血病、高血圧、消化性潰瘍 並びに脂質異常症と診断され、これまで処方 ₁ 及び処方 ₂ にて治療していた。今 回、イマチニブ錠にて効果不十分であったため、ニロチニブ塩酸塩水和物カプセル に変更になり、処方 ₃ ～ ₅ の処方箋を持参し来局した。 【前回までの処方】 （処方 ₁ ） テルミサルタン錠 ₄₀ mg ₁ 回 ₁ 錠（ ₁ 日 ₁ 錠） プラバスタチン Na 錠 ₁₀ mg ₁ 回 ₁ 錠（ ₁ 日 ₁ 錠） イマチニブ錠 ₁₀₀ mg ₁ 回 ₄ 錠（ ₁ 日 ₄ 錠） ₁日₁回 朝食後 ₁₄ 日分 （処方 ₂ ） ファモチジン錠 ₂₀ mg ₁ 回 ₂ 錠（ ₁ 日 ₂ 錠） ₁日₁回 就寝前 ₁₄ 日分 【今回の処方】 （処方 ₃ ） テルミサルタン錠 ₄₀ mg ₁ 回 ₁ 錠（ ₁ 日 ₁ 錠） プラバスタチン Na 錠 ₁₀ mg ₁ 回 ₁ 錠（ ₁ 日 ₁ 錠） ₁日₁回 朝食後 ₁₄ 日分 （処方 ₄ ） ニロチニブ塩酸塩水和物カプセル ₂₀₀ mg ₁ 回 ₂ カプセル（ ₁ 日 ₄ カプセル） ₁日₂回 朝・夕食後 ₁₄ 日分 （処方 ₅ ） ファモチジン錠 ₂₀ mg ₁ 回 ₂ 錠（ ₁ 日 ₂ 錠） ₁日₁回 就寝前 ₁₄ 日分 （検査値） 血圧 ₁₂₅/₇₂ mmHg、赤血球 ₄₁₀ # ₁₀4/nL、白血球 ₄ , ₆₀₀/nL、 総コレステロール ₂₀₂ mg/dL、HDL︲C ₅₅ mg/dL、LDL︲C ₉₀ mg/dL、 TG ₁₀₅ mg/dL 薬局薬剤師の対応として適切なのはどれか。2つ選べ。	"[""テルミサルタン錠から、アムロジピン錠への変更を提案する。"",""プラバスタチン錠から、シンバスタチン錠への変更を提案する。"",""ニロチニブ塩酸塩水和物カプセルの用法を食後 ₂ 時間以降に変更を提案する。"",""ファモチジン錠から、エソメプラゾールカプセルへの変更を提案する。"",""心電図検査の実施の有無を確認する。""]"	multiChoice	[2,4]	null	normal	false	parsed	"[""none""]"		https://www.mhlw.go.jp/content/001226764.pdf	https://www.mhlw.go.jp/content/001228441.pdf	2024-02-18	MHLW website content under Public Data License 1.0 unless separately indicated; third-party content requires separate review
P109-345	109	345	実践	実務	₄₇ 歳男性。体重 ₆₂ kg。₂₀ 年以上前から習慣として毎日ビール（ ₁ 缶 ₅₀₀ mL） を ₃ 缶飲んでいた。腹部膨満感、嘔吐、四肢の浮腫、左足親指の関節痛を訴えて受 診したところ、アルコールの過剰摂取による肝硬変及び痛風と診断され、以下の処 方 ₁ 、 ₂ 、 ₃ により治療中である。治療開始から ₂ 週間目に、薬局の薬剤師が服薬 状況の確認のために電話をしたところ、患者から「発熱があり、眼が充血して両下 肢にじん麻疹ができている」という訴えがあった。薬局の薬剤師は、すぐに主治医 への受診を勧め、その後入院加療となった。 （入院時所見等） Na ₁₄₀ mEq/L、K ₃ . ₈ mEq/L、総ビリルビン ₂ . ₁ mg/dL、 血清アルブミン ₂ . ₈ g/dL、PT︲INR ₂ . ₀、AST ₇₈ IU/L、ALT ₆₆ IU/L、 血小板 ₈ # ₁₀4/nL、c︲GTP ₁₂₀ IU/L、アンモニア ₁₁₁ ng/dL、 BUN ₁₈ mg/dL、血清クレアチニン ₁ . ₁ mg/dL、 eGFR ₄₂ . ₈ mL/min/₁ . ₇₃ m 、尿酸 ₈ . ₁ mg/dL （処方 ₁ ） フロセミド錠 ₂₀ mg ₁ 回 ₁ 錠（ ₁ 日 ₁ 錠） スピロノラクトン錠 ₂₅ mg ₁ 回 ₁ 錠（ ₁ 日 ₁ 錠） ₁日₁回 朝食後 ₁₄ 日分 （処方 ₂ ） ウルソデオキシコール酸錠 ₁₀₀ mg ₁ 回 ₁ 錠（ ₁ 日 ₃ 錠） アロプリノール錠 ₁₀₀ mg ₁ 回 ₁ 錠（ ₁ 日 ₃ 錠） ₁日₃回 朝昼夕食後 ₁₄ 日分 （処方 ₃ ） ラクツロースゼリー分包 ₁₂ g/包 ₁ 回 ₁ 包（ ₁ 日 ₃ 包） 分岐鎖アミノ酸配合経口ゼリー剤 ₂₀ g/個 ₁ 回 ₁ 個（ ₁ 日 ₃ 個） ₁日₃回 朝昼夕食後 ₁₄ 日分 入院精査の結果、アロプリノールによるアレルギー反応と疑われ、アロプリノー ルの使用は中止となった。入院中、この患者への対応として適切でないのはどれ か。1つ選べ。	"[""スピロノラクトン錠をトルバプタン錠に変更"",""ベンズブロマロン錠の追加"",""フェブキソスタット錠の追加"",""ベタメタゾン点眼液の追加"",""オロパタジン塩酸塩錠の追加""]"	singleChoice	1	null	normal	false	parsed	"[""none""]"		https://www.mhlw.go.jp/content/001226764.pdf	https://www.mhlw.go.jp/content/001228441.pdf	2024-02-18	MHLW website content under Public Data License 1.0 unless separately indicated; third-party content requires separate review
