id	sourceExam	questionNo	subject	domain	question	choices_json	answer_type	answer_json	accepted_answers_json	scoring_status	requires_media	choiceParseStatus	correctionStatus_json	caseGroupId	source_url	answer_source_url	effective_date	rights_basis
P111-176	111	176	理論	薬剤	体内からの薬物の消失がミカエリス・メンテン式に従うとき、経口投与後の定 常状態における平均血中濃度が 2 mg/L となる投与量と投与回数の組合せとして、 最 も 適 切 な の は ど れ か。 １つ 選 べ。 た だ し、 こ の 薬 物 の ミ カ エ リ ス 定 数 は 4 mg/L、最大消失速度は 720 mg/day、バイオアベイラビリティは 100％とする。 1 回あたりの投与量（mg） 投与回数	"[""360 1日1回"",""300 1日2回"",""240 1日3回"",""120 1日3回"",""80 1日3回""]"	singleChoice	4	null	normal	false	parsed	"[""none""]"		https://www.mhlw.go.jp/content/001677929.pdf	https://www.mhlw.go.jp/content/001677933.pdf	2026-02-22	MHLW website content under Public Data License 1.0 unless separately indicated; third-party content requires separate review
P111-182	111	182	理論	薬剤	次の組成・性状で示される経口液剤はどれか。１つ選べ。 有効成分（ 1 mL 中） 日局ジゴキシン 0.05 mg 白糖、エタノール、パラオキシ安息香酸プロピル、 組成 添加物 パラオキシ安息香酸ブチル、バニリン、香料、 緑色 3 号 性状 うすい青緑色〜青緑色澄明液	"[""チンキ剤"",""ローション剤"",""エリキシル剤"",""リニメント剤"",""シロップ剤""]"	singleChoice	2	null	normal	false	parsed	"[""none""]"		https://www.mhlw.go.jp/content/001677929.pdf	https://www.mhlw.go.jp/content/001677933.pdf	2026-02-22	MHLW website content under Public Data License 1.0 unless separately indicated; third-party content requires separate review
P111-196	111	196	実践	物理・化学・生物	‑197 45 歳男性。会社の健康診断にて毎年尿酸値の高値を指摘されてきた。右の 第一中足趾節関節（親指の付け根）に痛みがあったので、近くの整形外科クリニッ クを受診したところ、痛風と診断された。処方 1 、 2 の薬剤を服用していたが、最 近、仕事のストレスから普段の飲酒（ビール）が増え、 3 日前から同じ部位の腫脹 と激しい疼痛が現れた。今朝受診し、処方 3 、 4 の薬剤が追加され、薬局を訪れ た。 （処方 1 ） フェブキソスタット錠 20 mg 1 回 1 錠（ 1 日 1 錠） 1日1回 朝食後 28 日分 （処方 2 ） クエン酸カリウム・クエン酸ナトリウム配合散 1 回 1 g （ 1 日 3 g） 1日3回 朝昼夕食後 28 日分 （処方 3 ） ナプロキセン錠 100 mg 昼 4 錠、夕 2 錠（ 1 日 6 錠） 1日2回 昼夕食後 1 日分（初日） （処方 4 ） ナプロキセン錠 100 mg 1 回 2 錠（ 1 日 4 錠） 1日2回 朝夕食後 6 日分（ 2 日目以降） （検査値） 血圧 125/80 mmHg、血清クレアチニン 0.8 mg/dL、尿酸 7.2 mg/dL、 CRP 5.6 mg/dL、尿 pH 5.5 問 196（物理・化学・生物） 高尿酸血症の患者では、血液中に尿酸ナトリウムが健常者より高濃度で存在して い る。 図 に 示 す よ う に 尿 酸 ナ ト リ ウ ム は 弱 酸・ 強 塩 基 の 塩 で あ り、 尿 酸 の p a は 5.75（25 ℃）である。いま、400 μmol/L の尿酸ナトリウム水溶液があった とすると、この水溶液の pH に最も近い値はどれか。１つ選べ。 ただし、尿酸ナトリウムは水溶液中で次のように反応するものとし、水のイオン 積 w ＝［H ］ ＋ ［OH ］＝ 1.0 × 10 − （mol/L） −14 2 （25 ℃）、log 2 ＝ 0.30 とする。また、 温度は 25 ℃で、尿酸ナトリウムは水溶液中で完全に溶解しており、沈殿は生じて いないものとする。 尿酸ナトリウム（NaU） NaU → U− ＋ Na＋ 尿酸ナトリウム 尿酸イオン U− ＋ H 2O ⇄ HU ＋ OH− 尿酸	"[""6.8"",""7.6"",""8.2"",""8.8"",""9.4""]"	singleChoice	2	null	normal	false	parsed	"[""none""]"	P111-CASE-196	https://www.mhlw.go.jp/content/001677930.pdf	https://www.mhlw.go.jp/content/001677933.pdf	2026-02-22	MHLW website content under Public Data License 1.0 unless separately indicated; third-party content requires separate review
P111-212	111	212	実践	物理・化学・生物	‑213 34 歳男性。運送業でトラックを運転している。毎年、春先になると鼻の調 子が悪くなっていたが、特に薬は使用していなかった。今年も 2 月末から症状が出 始めたが、 3 月に入ると悪化してきたため、一般用医薬品を求めて薬局を訪れた。 以下は、男性と対応した薬剤師との会話である。 男 性： 1 週間前からくしゃみと透明な鼻水が出て、数日前から鼻がつまってい ます。車の運転に支障が出ないように、眠くならない薬を使いたいのです が、どの薬がお勧めですか。 薬剤師：点鼻薬がありますが、いかがですか。 男 性：点鼻薬は苦手なので、飲み薬はありませんか。 薬剤師：飲み薬でしたらこちらのロラタジン錠又は ア はいかがですか。 問 212（実務） 薬剤師がこの男性に提案する一般用医薬品アの有効成分として最も適切なのはど れか。１つ選べ。	"[""セチリジン塩酸塩"",""エピナスチン塩酸塩"",""フェキソフェナジン塩酸塩"",""ベポタスチンベシル酸塩"",""ジフェンヒドラミン塩酸塩""]"	singleChoice	2	null	normal	false	parsed	"[""none""]"	P111-CASE-212	https://www.mhlw.go.jp/content/001677930.pdf	https://www.mhlw.go.jp/content/001677933.pdf	2026-02-22	MHLW website content under Public Data License 1.0 unless separately indicated; third-party content requires separate review
P111-226	111	226	実践	衛生	‑227 院内の感染症対策委員会において、インフルエンザ流行への対応策を検討 した結果、高齢者の死亡リスクがあるため、面会制限を実施するとともに、薬剤師 が院内スタッフへ向けて感染予防の講義を行うことになった。 委員会を見学していた実務実習生から、「高齢者の死亡リスクはどのようにして 求めるのですか。 」と質問があったため、指導薬剤師が高齢者の死亡リスクを求め る模擬データを用いた課題を出した。 （模擬データ） インフルエンザウイルス感染者数と 28 日以内の死亡者数 年齢群（歳） 感染者数（人） 死亡者数（人） 55〜59 600 1 60〜64 400 1 65〜69 400 2 70〜74 400 2 75〜79 400 4 80〜84 400 5 85〜89 300 10 90〜94 300 15 問 226（衛生） 模擬データにおいて、55〜64 歳と比較した 80〜94 歳の年齢群の死亡リスクの オッズ比として最も近いのはどれか。１つ選べ。	"[""0.30"",""1.5"",""3.0"",""15"",""30""]"	singleChoice	3	null	normal	false	parsed	"[""none""]"	P111-CASE-226	https://www.mhlw.go.jp/content/001677930.pdf	https://www.mhlw.go.jp/content/001677933.pdf	2026-02-22	MHLW website content under Public Data License 1.0 unless separately indicated; third-party content requires separate review
P111-228	111	228	実践	衛生	‑229 69 歳女性。乳がん切除後 6 日目に悪寒と 38.6℃の発熱を認め、タゾバク タム・ピペラシリンの投与が開始された。その 3 日後にメチシリン耐性黄色ブドウ 球菌（MRSA）が創部から検出されたため、抗菌薬がバンコマイシンに変更され た。バンコマイシン投与開始後 7 日目の抗菌薬適正使用支援チーム（AST）回診 前の検査所見は以下のとおりであった。 （検査所見） 体温：36.2 ℃ 血液検査：白血球 8,600/μL、赤血球 462 × 104/μL、血小板 18 × 104/μL、 AST 24 IU/L、ALT 30 IU/L、LDH 212 IU/L、 総ビリルビン 1.2 mg/dL、血清クレアチニン 0.6 mg/dL、 eGFR 65.6 mL/min/1.73 m2、空腹時血糖 98 mg/dL、 TG（トリグリセリド）145 mg/dL、総コレステロール 180 mg/dL、 尿酸 6.5 mg/dL、CRP 0.25 mg/dL 創部浸出液：なし 問 228（実務） 医師より前にこの検査所見を見た薬剤師が提案する内容として最も適切なのはど れか。１つ選べ。	"[""バンコマイシンからリネゾリドへの変更"",""バンコマイシンからテイコプラニンへの変更"",""バンコマイシンからセファゾリンへの変更"",""バンコマイシンの減量"",""バンコマイシンの中止""]"	singleChoice	4	null	normal	false	parsed	"[""none""]"	P111-CASE-228	https://www.mhlw.go.jp/content/001677930.pdf	https://www.mhlw.go.jp/content/001677933.pdf	2026-02-22	MHLW website content under Public Data License 1.0 unless separately indicated; third-party content requires separate review
P111-231	111	231	実践	実務	（衛生） この女性に勧める特定保健用食品の関与成分として適切なのはどれか。２つ選 べ。	"[""キトサン"",""大豆イソフラボン"",""茶カテキン"",""ビタミン K2"",""マルチトール""]"	multiChoice	[1,3]	null	normal	false	parsed	"[""none""]"	P111-CASE-230	https://www.mhlw.go.jp/content/001677930.pdf	https://www.mhlw.go.jp/content/001677933.pdf	2026-02-22	MHLW website content under Public Data License 1.0 unless separately indicated; third-party content requires separate review
P111-242	111	242	実践	衛生	‑243 学校薬剤師が教室の環境衛生検査を実施するために 12 月に小学校を訪問 し、二酸化炭素濃度を測定した。各教室には冷暖房及び換気設備が設置されている が、暖房設備が故障し、一時的に石油ファンヒーターを使用している教室があった ので、学校薬剤師は追加で検査することにした。 問 242（実務） 教室等の環境に係る学校環境衛生基準に設定されており、この教室で学校薬剤師 が測定すべき検査項目はどれか。２つ選べ。	"[""二酸化硫黄"",""オゾン"",""一酸化炭素"",""一酸化窒素"",""二酸化窒素""]"	multiChoice	[2,4]	null	normal	false	parsed	"[""none""]"	P111-CASE-242	https://www.mhlw.go.jp/content/001677930.pdf	https://www.mhlw.go.jp/content/001677933.pdf	2026-02-22	MHLW website content under Public Data License 1.0 unless separately indicated; third-party content requires separate review
P111-243	111	243	実践	実務	（衛生） 児童 20 名がいるこの教室の床板面積は 80 m2、床から天井までの高さは 2.5 m である。また、使用している石油ファンヒーターから 1 時間当たり 0.02 L のガス Ａが発生する。ガスＡの濃度を学校環境衛生基準である 0.06 ppm に保つのに必要 な換気回数は 1 時間当たり何回か。１つ選べ。 ただし、外気中のガスＡの濃度は 0.01 ppm、教室内において、これ以外にガス Ａの発生はないものとする。	"[""1回"",""2回"",""3回"",""4回"",""5回""]"	singleChoice	1	null	normal	false	parsed	"[""none""]"	P111-CASE-242	https://www.mhlw.go.jp/content/001677930.pdf	https://www.mhlw.go.jp/content/001677933.pdf	2026-02-22	MHLW website content under Public Data License 1.0 unless separately indicated; third-party content requires separate review
P111-244	111	244	実践	衛生	‑245 9 月上旬に小学校の学校給食施設において、調理場の温湿度計が誤作動を 起こし表示されなくなった。夏場は熱気や蒸気の発生で、高温・高湿になることが 多かったため、現状を把握するために、学校薬剤師が室内の作業環境測定を行うこ とになった。 問 244（衛生） 学校薬剤師が屋内の調理場の乾球温度、湿球温度、黒球温度を測定したところ、 以下の値であった。暑さ指数（湿球黒球温度：WBGT）として最も近い値はどれ か。１つ選べ。 乾球温度：28.0 ℃ 湿球温度：25.0 ℃ 黒球温度：32.0 ℃	"[""25"",""26"",""27"",""28"",""29""]"	singleChoice	2	null	normal	false	parsed	"[""none""]"	P111-CASE-244	https://www.mhlw.go.jp/content/001677930.pdf	https://www.mhlw.go.jp/content/001677933.pdf	2026-02-22	MHLW website content under Public Data License 1.0 unless separately indicated; third-party content requires separate review
P111-258	111	258	実践	薬理	‑259 47 歳男性。飲酒歴なし。 7 ケ月前に左母趾の激痛と腫脹を認め、痛風発作 と診断されナプロキセン錠が処方された。 3 ケ月前より以下の薬剤が処方された。 検査値が併記された処方箋を持って患者が薬局を訪れた際、薬剤師に対して「痛み は和らいできたが、尿酸値が徐々に上がってきた。このまま服用を続けてよいの か。」と相談があった。 （処方） アロプリノール錠 100 mg 1 回 1 錠（ 1 日 3 錠） 1日3回 朝昼夕食後 28 日分 （検査値） 血清尿酸 7.5 mg/dL、AST 92 IU/L、ALT 117 IU/L、γ‑GTP 86 IU/L、 eGFR 82 mL/min/1.73 m2、尿 pH 4.5、尿比重 1.020、尿糖（−）、 尿中尿酸排泄量 0.406 mg/kg/時（正常値：0.483〜0.509 mg/kg/時） 問 258（実務） この患者の今回受診時の検査結果を踏まえ、処方薬（アロプリノール）に代えて 医師へ提案すべき薬物として最も適切なのはどれか。１つ選べ。	"[""コルヒチン"",""ベンズブロマロン"",""ドチヌラド"",""トピロキソスタット"",""フェブキソスタット""]"	singleChoice	2	null	normal	false	parsed	"[""none""]"	P111-CASE-258	https://www.mhlw.go.jp/content/001677931.pdf	https://www.mhlw.go.jp/content/001677933.pdf	2026-02-22	MHLW website content under Public Data License 1.0 unless separately indicated; third-party content requires separate review
P111-268	111	268	実践	薬剤	‑269 32 歳女性。身長 158 cm、体重 55 kg。第 2 子を自然分娩で出産した。産後 7 日目より左ふくらはぎに違和感を覚え、腫脹と痛みが増強した。下肢静脈エコー で左腓腹静脈から膝窩静脈にかけて血栓を認め、深部静脈血栓症と診断され、ヘパ リンナトリウムの静脈内投与が開始された。医師は退院後の抗凝固療法について内 服への切り替えを検討している。医師は授乳への影響を踏まえ、適切な薬剤につい て薬剤師に相談した。診断時の身体・検査所見は以下のとおりであった。 （身体所見） 血圧 112/68 mmHg、脈拍 92 拍/分、体温 36.8 ℃、左下腿に腫脹と圧痛を認め、 軽度の発赤あり、呼吸苦や胸痛はなし （検査所見） D‑ダイマー 3.8 μg/mL、PT‑INR 1.0、APTT 33 秒、血小板 27.5 × 104/μL、 血清クレアチニン 0.58 mg/dL、eGFR 95 mL/min/1.73 m2 問 268（実務） 作用機序及び乳汁移行性を考慮し、薬剤師が提案すべき薬物として最も適切なの はどれか。１つ選べ。	"[""アスピリン"",""エドキサバントシル酸塩水和物"",""シロスタゾール"",""アピキサバン"",""ワルファリンカリウム""]"	singleChoice	4	null	normal	false	parsed	"[""none""]"	P111-CASE-268	https://www.mhlw.go.jp/content/001677931.pdf	https://www.mhlw.go.jp/content/001677933.pdf	2026-02-22	MHLW website content under Public Data License 1.0 unless separately indicated; third-party content requires separate review
P111-274	111	274	実践	薬剤	‑275 85 歳男性。身長 165 cm、体重 82 kg、BMI 30.1。 2 型糖尿病の既往があ り、処方 1 及び処方 2 の薬剤で治療中である。 （処方 1 ） ダパグリフロジンプロピレングリコール錠 5 mg 1 回 1 錠（ 1 日 1 錠） 1日1回 朝食後 28 日分 （処方 2 ） メトホルミン塩酸塩錠 500 mg 1 回 1 錠（ 1 日 2 錠） 1 日 2 回 朝夕食後 28 日分 2 ケ月前より、微量アルブミン尿がみられたため、糖尿病性腎症の進行抑制を目 的として処方 3 が追加された。 （処方 3 ） リシノプリル錠 5 mg 1 回 1 錠（ 1 日 1 錠） 1日1回 朝食後 28 日分 3 日前より、下痢と食欲不振が続き、水分摂取も十分にできていなかった。来院 当日、全身倦怠感、口渇、悪心、軽度の呼吸苦を訴え、救急搬送された。来院時に は、以下の身体所見及び検査結果が得られた。 （身体所見） 血圧 95/62 mmHg、呼吸 26 回/分、口腔内乾燥、皮膚冷感 （検査値） Na 132 mEq/L、K 5.2 mEq/L、Cl 105 mEq/L、空腹時血糖 220 mg/dL、 血清クレアチニン 2.10 mg/dL、血中ケトン体（−）、AST 35 IU/L、 ALT 40 IU/L、動脈血 pH 7.25（基準範囲 7.35−7.45）、 PaCO2 18 mmHg（基準範囲 35−45 mmHg）、 HCO3− 10 mEq/L（基準範囲 22−26 mEq/L）、 乳酸 203 mg/dL（基準範囲 3.7−16.3 mg/dL） 問 274（実務） 来院時、この患者に生じている症状として最も適切なのはどれか。１つ選べ。	"[""代謝性アルカローシス"",""糖尿病ケトアシドーシス"",""乳酸アシドーシス"",""呼吸性アルカローシス"",""遠位型尿細管性アシドーシス""]"	singleChoice	2	null	normal	false	parsed	"[""none""]"	P111-CASE-274	https://www.mhlw.go.jp/content/001677931.pdf	https://www.mhlw.go.jp/content/001677933.pdf	2026-02-22	MHLW website content under Public Data License 1.0 unless separately indicated; third-party content requires separate review
P111-285	111	285	実践	実務	（実務） ロキサチジン酢酸エステル塩酸塩は、小児の逆流性食道炎に対して、体重 30 kg 未満では 1 回 37.5 mg、体重 30 kg 以上では 1 回 75 mg を 1 日 2 回経口投与 する。この患児に対するアルタット細粒 20％の 1 日量（製剤量）として、最も近 い値はどれか。１つ選べ。	"[""0.030 g"",""0.075 g"",""0.150 g"",""0.375 g"",""0.500 g""]"	singleChoice	3	null	normal	false	parsed	"[""none""]"	P111-CASE-284	https://www.mhlw.go.jp/content/001677931.pdf	https://www.mhlw.go.jp/content/001677933.pdf	2026-02-22	MHLW website content under Public Data License 1.0 unless separately indicated; third-party content requires separate review
P111-288	111	288	実践	病態・薬物治療	‑289 76 歳男性。身長 165 cm、体重 55 kg。月に 1 回程度の機会飲酒（ 1 回日本 酒 1 合程度）。 3 週間後に、消化器外科にて食道がんの全摘出手術を施行する予定 である。外来受診の際に、この患者より「10 日前から、夜眠れない日が続いてい ます。辛いです。 」と担当医に相談があった。患者は 2 年前に、せん妄を発症した 経験があるため、担当医は入院中のせん妄発症に注意が必要と考えている。また、 担当医は夜眠れないことも、せん妄のリスクと考え、せん妄発症リスクの低い睡眠 導入剤を処方したいと考えている。 （電子カルテに記載されていた他院内科からの処方内容） シタグリプチンリン酸塩錠 50 mg 1 回 1 錠（ 1 日 1 錠） 1日1回 朝食後 14 日分 フルボキサミンマレイン酸塩錠 50 mg 1 回 1 錠（ 1 日 2 錠） 1日2回 朝夕食後 14 日分 （前回外来受診時の身体所見及び検査値） 血圧 126/77 mmHg、脈拍 71 拍/分、 血清クレアチニン 0.75 mg/dL、BUN 17.0 mg/dL、 eGFR 76.7 mL/min/1.73 m2、AST 21 IU/L、ALT 20 IU/L、 γ‑GTP 22 IU/L、空腹時血糖 121 mg/dL、HbA1c 6.7％ 問 288（病態・薬物治療） 夜眠れないことに加え、この患者のせん妄発症リスク因子として考えられるのは どれか。２つ選べ。	"[""アルコール依存"",""年齢"",""精神疾患"",""腎機能障害"",""肝機能障害""]"	multiChoice	[1,2]	null	normal	false	parsed	"[""none""]"	P111-CASE-288	https://www.mhlw.go.jp/content/001677932.pdf	https://www.mhlw.go.jp/content/001677933.pdf	2026-02-22	MHLW website content under Public Data License 1.0 unless separately indicated; third-party content requires separate review
P111-289	111	289	実践	実務	（実務） 消化器外科の担当医から処方する薬剤について、せん妄対策チームに相談があっ た。チーム内の薬剤師が提案する薬剤として最も適切なのはどれか。１つ選べ。	"[""ラメルテオン"",""フルニトラゼパム"",""レンボレキサント"",""ゾルピデム酒石酸塩"",""クエチアピンフマル酸塩""]"	singleChoice	2	null	normal	false	parsed	"[""none""]"	P111-CASE-288	https://www.mhlw.go.jp/content/001677932.pdf	https://www.mhlw.go.jp/content/001677933.pdf	2026-02-22	MHLW website content under Public Data License 1.0 unless separately indicated; third-party content requires separate review
P111-292	111	292	実践	病態・薬物治療	‑293 57 歳男性。身長 160 cm、体重 65 kg。総合病院にて IgA 腎症による慢性 腎不全、高血圧及び高リン血症に対し、以下の処方薬で治療が行われていた。 （処方薬） ロサルタンカリウム錠 50 mg 1 回 1 錠（ 1 日 1 錠） カルベジロール錠 10 mg 1 回 1 錠（ 1 日 1 錠） 1日1回 朝食後 フロセミド錠 40 mg 1 回 1 錠（ 1 日 2 錠） 1日2回 朝昼食後 炭酸ランタン口腔内崩壊錠 500 mg 1 回 1 錠（ 1 日 3 錠） 1日3回 朝昼夕食直後 最近、全身倦怠感が強くなってきたため、検査入院となった。以下の身体所見及 び検査所見が認められた。 （身体所見） 体温 36.3 ℃、血圧 128/72 mmHg、脈拍 75 拍/分（整）、SpO2 97％、 下肢浮腫（−） （尿検査） 尿タンパク（±）、尿潜血（ 2＋） （血液検査） 赤血球 230 × 104/μL、Hb 7.6 g/dL、 MCV（平均赤血球容積）80 fL（基準値 80〜100 fL）、白血球 4,500/μL、 血小板 20 × 104/μL、AST 25 IU/L、ALT 15 IU/L、 血清クレアチニン 4.51 mg/dL、eGFR 14.4 mL/min/1.73 m2、 血清アルブミン 3.2 g/dL、総タンパク 6.4 g/dL、K 4.0 mEq/L、 補正 Ca 8.7 mg/dL、P 4.4 mg/dL、 intact‑PTH 50 pg/mL（基準値 10〜65 pg/mL）、 フェリチン 80 ng/mL（基準値 25〜250 ng/mL）、 トランスフェリン飽和度（TSAT）15％（基準値 20〜30％）、 LVEF 60％、BNP 17.2 pg/mL（基準値 ＜ 18.4 pg/mL） 問 292（病態・薬物治療） この患者の現在の病態として適切なのはどれか。２つ選べ。	"[""心不全"",""骨代謝異常"",""鉄代謝異常"",""肝不全"",""貧血""]"	multiChoice	[2,4]	null	normal	false	parsed	"[""none""]"	P111-CASE-292	https://www.mhlw.go.jp/content/001677932.pdf	https://www.mhlw.go.jp/content/001677933.pdf	2026-02-22	MHLW website content under Public Data License 1.0 unless separately indicated; third-party content requires separate review
P111-299	111	299	実践	実務	（実務） 薬剤師が来局者に確認する内容として重要なのはどれか。２つ選べ。	"[""喫煙歴"",""光線過敏症の既往歴"",""グレープフルーツジュースの飲用習慣"",""排尿困難の症状の有無"",""緑内障の有無""]"	multiChoice	[3,4]	null	normal	false	parsed	"[""none""]"	P111-CASE-298	https://www.mhlw.go.jp/content/001677932.pdf	https://www.mhlw.go.jp/content/001677933.pdf	2026-02-22	MHLW website content under Public Data License 1.0 unless separately indicated; third-party content requires separate review
P111-311	111	311	実践	実務	（実務） この薬局製剤の用法及び用量について、Ａ及びＢに入る語句の組合せのうち適切 なのはどれか。１つ選べ。 Ａ Ｂ	"[""半量 食直前"",""半量 食直後"",""半量 食間"",""20 分の 1 食直前"",""20 分の 1 食直後"",""20 分の 1 食間""]"	singleChoice	2	null	normal	false	parsed	"[""none""]"	P111-CASE-310	https://www.mhlw.go.jp/content/001677932.pdf	https://www.mhlw.go.jp/content/001677933.pdf	2026-02-22	MHLW website content under Public Data License 1.0 unless separately indicated; third-party content requires separate review
P111-314	111	314	実践	法規・制度・倫理	‑315 75 歳男性。身長 168 cm、67 kg。かかりつけの内科を受診し、高血圧症の 治療中である。今回、収縮期血圧が 151 mmHg、拡張期血圧が 87 mmHg であり、 エサキセレノン錠 2.5 mg が追加された処方箋がかかりつけ薬局に FAX で送られ てきた。薬剤師は実務実習生に服薬指導の内容を考えるように指示した。実務実習 生は注意事項等情報（添付文書）のみを参考に検討していたことから、薬剤師はエ サキセレノンの医薬品リスク管理計画（RMP：Risk Management Plan）も追加で 参考にするようアドバイスした。 問 314（実務） 追加薬剤の薬理作用に関連したリスクはどれか。２つ選べ。	"[""高カリウム血症"",""生殖発生毒性"",""低血圧関連事象"",""QT 延長"",""血栓塞栓症""]"	multiChoice	[0,2]	null	normal	false	parsed	"[""none""]"	P111-CASE-314	https://www.mhlw.go.jp/content/001677932.pdf	https://www.mhlw.go.jp/content/001677933.pdf	2026-02-22	MHLW website content under Public Data License 1.0 unless separately indicated; third-party content requires separate review
P111-332	111	332	実践	実務	55 歳男性。最近、物が二重に見えたり、頭痛やめまい症状が現れたりしたた め、大学病院を受診し、造影 CT 検査を受けるために入院となった。医師は造影剤 としてイオパミドール注射液を使用予定である。本剤の使用にあたり、入院支援セ ンターの薬剤師が収集する情報として重要性が高いのはどれか。２つ選べ。	"[""亜鉛サプリメントの使用"",""閉所に対する恐怖"",""気管支ぜん息の既往"",""脂質異常症治療薬の使用"",""腎機能""]"	multiChoice	[2,4]	null	normal	false	parsed	"[""none""]"		https://www.mhlw.go.jp/content/001677932.pdf	https://www.mhlw.go.jp/content/001677933.pdf	2026-02-22	MHLW website content under Public Data License 1.0 unless separately indicated; third-party content requires separate review
P111-335	111	335	実践	実務	医師より、以下に示す組成の輸液（1,000 mL）の調製依頼があった。生理食塩 液、塩化カルシウム注射液（0.5 mol/L）、50 w/v％ブドウ糖注射液及び注射用水 を用いて調製する時、必要量（mL）として最も近い値の組合せはどれか。１つ選 べ。塩化ナトリウムの式量及びブドウ糖の分子量は、それぞれ 58.5 及び 180 とす る。 （電解質組成） Na＋ 77 mEq/L、Ca2＋ 3 mEq/L、Cl− 80 mEq/L 浸透圧を 300 mOsm/L に調整する。 塩化カルシウム 50 w/v％ブドウ糖 生理食塩液 注射液 注射用水 注射液 （0.5 mol/L）	"[""50.7 3.0 50.9 895.4"",""50.7 6.0 50.9 892.4"",""50.7 6.0 57.1 886.2"",""500.7 3.0 50.9 445.4"",""500.7 3.0 57.1 439.2"",""500.7 6.0 57.1 436.2""]"	singleChoice	3	null	normal	false	parsed	"[""none""]"		https://www.mhlw.go.jp/content/001677932.pdf	https://www.mhlw.go.jp/content/001677933.pdf	2026-02-22	MHLW website content under Public Data License 1.0 unless separately indicated; third-party content requires separate review
P111-336	111	336	実践	実務	63 歳男性。数日前から感冒症状を自覚していたが、前日から咳、痰及び鼻汁が ひどくなった。男性は近隣のクリニックを受診し、以下の処方 1 及び 2 が記載され た処方箋を持って薬局を訪れた。 （処方 1 ） PL 配合顆粒（注） 1 回 1 包（ 1 日 4 包） デキストロメトルファン臭化水素酸塩錠 15 mg 1 回 1 錠（ 1 日 4 錠） 1日4回 朝昼夕食後、就寝前 5 日分 ⎧ ⎫ ⎜注： 1 包（ 1 g）中： ⎜ ⎜ サリチルアミド 270 mg、アセトアミノフェン 150 mg、⎜ ⎜ ⎜ ⎜ 無水カフェイン 60 mg、 ⎜ ⎜ ⎜ ⎜ プロメタジンメチレンジサリチル酸塩 13.5 mg を含む ⎜ ⎩ ⎭ （処方 2 ） アンブロキソール塩酸塩錠 15 mg 1 回 1 錠（ 1 日 3 錠） 1日3回 朝昼夕食後 5 日分 薬剤師が男性の薬歴を確認したところ、 6 ケ月前から総合病院で以下の薬剤が処 方されていることが確認できた。 （総合病院からの処方） ナフトピジル口腔内崩壊錠 50 mg 1 回 1 錠（ 1 日 1 錠） 1日1回 朝食後 14 日分 薬剤師は、今回の処方中にこの患者に対して禁忌となる成分が含まれている可能 性に気づき、クリニックの医師に疑義照会することにした。その成分はどれか。 １つ選べ。	"[""サリチルアミド"",""アセトアミノフェン"",""プロメタジンメチレンジサリチル酸塩"",""デキストロメトルファン臭化水素酸塩"",""アンブロキソール塩酸塩""]"	singleChoice	2	null	normal	false	parsed	"[""none""]"		https://www.mhlw.go.jp/content/001677932.pdf	https://www.mhlw.go.jp/content/001677933.pdf	2026-02-22	MHLW website content under Public Data License 1.0 unless separately indicated; third-party content requires separate review
P110-002	110	2	必須	物理・化学・生物	熱力学における「閉じた系」において、熱、物質及び仕事のうち、外界とやりと りができるものだけをすべて挙げたのはどれか。1つ選べ。	"[""熱"",""物質"",""仕事"",""熱、仕事"",""物質、仕事"",""熱、物質""]"	singleChoice	3	null	normal	false	parsed	"[""none""]"		https://www.mhlw.go.jp/content/001455149.pdf	https://www.mhlw.go.jp/content/001458551.pdf	2025-02-23	MHLW website content under Public Data License 1.0 unless separately indicated; third-party content requires separate review
P110-004	110	4	必須	物理・化学・生物	スピン量子数が ₁/₂ である原子核が外部磁場の中に置かれると、そのエネルギー が ₂ つのエネルギー準位に分かれることを表しているのはどれか。1つ選べ。	"[""化学シフト"",""McLafferty（マクラファティー）転位"",""ラジカル開裂"",""超微細分裂"",""ゼーマン分裂""]"	singleChoice	4	null	normal	false	parsed	"[""none""]"		https://www.mhlw.go.jp/content/001455149.pdf	https://www.mhlw.go.jp/content/001458551.pdf	2025-02-23	MHLW website content under Public Data License 1.0 unless separately indicated; third-party content requires separate review
P110-005	110	5	必須	物理・化学・生物	溶媒中で解離しない薬物Ｘを ₅₀ mmol 含む水溶液 ₁₀₀ mL に酢酸エチルを加えて 振とう、静置したところ、二液相に分相し、酢酸エチル相中のＸは ₄₅ mmol で あった。Ｘの分配係数（酢酸エチル相中の濃度/水相中の濃度）を ₁₈ とすると、酢 酸エチル相の体積はどれか。1つ選べ。 た だ し、 分 配 に 用 い る 溶 媒 は 互 い の 溶 媒 で 飽 和 さ れ て お り、 水 相の 体 積 は ₁₀₀ mL とする。	"[""₅₀ mL"",""₁₀₀ mL"",""₁₅₀ mL"",""₂₀₀ mL"",""₂₅₀ mL""]"	singleChoice	0	null	normal	false	parsed	"[""none""]"		https://www.mhlw.go.jp/content/001455149.pdf	https://www.mhlw.go.jp/content/001458551.pdf	2025-02-23	MHLW website content under Public Data License 1.0 unless separately indicated; third-party content requires separate review
P110-007	110	7	必須	物理・化学・生物	以下の薬物に含まれる金属元素Ｍとして適切なのはどれか。1つ選べ。 H OH N O O M OH N H O NH H2N	"[""Li"",""Mg"",""Al"",""Ca"",""Zn""]"	singleChoice	2	null	normal	false	parsed	"[""none""]"		https://www.mhlw.go.jp/content/001455149.pdf	https://www.mhlw.go.jp/content/001458551.pdf	2025-02-23	MHLW website content under Public Data License 1.0 unless separately indicated; third-party content requires separate review
P110-010	110	10	必須	物理・化学・生物	ビンクリスチンの生合成前駆体となるアミノ酸はどれか。1つ選べ。 HO CH3 N H CH3 N O H H N O CH3 H O O O N H CH3 O CH3 OH CHO O CH3 ビンクリスチン	"[""オルニチン"",""チロシン"",""トリプトファン"",""フェニルアラニン"",""リシン""]"	singleChoice	2	null	normal	false	parsed	"[""none""]"		https://www.mhlw.go.jp/content/001455149.pdf	https://www.mhlw.go.jp/content/001458551.pdf	2025-02-23	MHLW website content under Public Data License 1.0 unless separately indicated; third-party content requires separate review
P110-011	110	11	必須	物理・化学・生物	血管平滑筋細胞を持たず血管内皮細胞と基底膜から構成され、栄養成分や老廃 物の物質交換が行われるのはどれか。1つ選べ。	"[""大動脈"",""細動脈"",""毛細血管"",""大静脈"",""胸管""]"	singleChoice	2	null	normal	false	parsed	"[""none""]"		https://www.mhlw.go.jp/content/001455149.pdf	https://www.mhlw.go.jp/content/001458551.pdf	2025-02-23	MHLW website content under Public Data License 1.0 unless separately indicated; third-party content requires separate review
P110-013	110	13	必須	物理・化学・生物	真核生物において、転写開始の際に RNA ポリメラーゼⅡの結合に必要な DNA 上の領域はどれか。1つ選べ。	"[""イントロン"",""エクソン"",""プロモーター"",""テロメア"",""ターミネーター""]"	singleChoice	2	null	normal	false	parsed	"[""none""]"		https://www.mhlw.go.jp/content/001455149.pdf	https://www.mhlw.go.jp/content/001458551.pdf	2025-02-23	MHLW website content under Public Data License 1.0 unless separately indicated; third-party content requires separate review
P110-014	110	14	必須	物理・化学・生物	オステオカルシンとカルシウムイオンが結合できるようにする、グルタミン酸 残基に対する翻訳後修飾はどれか。1つ選べ。	"[""アセチル化"",""メチル化"",""ミリストイル化"",""リン酸化"",""カルボキシ化""]"	singleChoice	4	null	normal	false	parsed	"[""none""]"		https://www.mhlw.go.jp/content/001455149.pdf	https://www.mhlw.go.jp/content/001458551.pdf	2025-02-23	MHLW website content under Public Data License 1.0 unless separately indicated; third-party content requires separate review
P110-015	110	15	必須	物理・化学・生物	ウイルスゲノムを中心としてその周囲を取り囲むタンパク質の壳はどれか。 1つ選べ。	"[""エンベロープ"",""カプシド"",""コア"",""スパイク"",""ビリオン 必須問題 【衛生】""]"	singleChoice	1	null	normal	false	parsed	"[""none""]"		https://www.mhlw.go.jp/content/001455149.pdf	https://www.mhlw.go.jp/content/001458551.pdf	2025-02-23	MHLW website content under Public Data License 1.0 unless separately indicated; third-party content requires separate review
P110-017	110	17	必須	衛生	再興感染症はどれか。1つ選べ。	"[""結核"",""クリプトスポリジウム症"",""重症急性呼吸器症候群（SARS）"",""レジオネラ症"",""ロタウイルス感染症""]"	singleChoice	0	null	normal	false	parsed	"[""none""]"		https://www.mhlw.go.jp/content/001455149.pdf	https://www.mhlw.go.jp/content/001458551.pdf	2025-02-23	MHLW website content under Public Data License 1.0 unless separately indicated; third-party content requires separate review
P110-018	110	18	必須	衛生	有害物質の経皮曝露を防ぐために化学防護手袋を使用することは、労働衛生の ₅ 管理のうち、どれに該当するか。1つ選べ。	"[""総括管理"",""健康管理"",""作業管理"",""労働衛生教育"",""作業環境管理""]"	singleChoice	2	null	normal	false	parsed	"[""none""]"		https://www.mhlw.go.jp/content/001455149.pdf	https://www.mhlw.go.jp/content/001458551.pdf	2025-02-23	MHLW website content under Public Data License 1.0 unless separately indicated; third-party content requires separate review
P110-020	110	20	必須	衛生	コウジカビ Aspergillus flavus が産生する主要な肝発がん物質はどれか。1つ選べ。	"[""シトリニン"",""パツリン"",""アフラトキシン B 1"",""フモニシン B 1"",""デオキシニバレノール""]"	singleChoice	2	null	normal	false	parsed	"[""none""]"		https://www.mhlw.go.jp/content/001455149.pdf	https://www.mhlw.go.jp/content/001458551.pdf	2025-02-23	MHLW website content under Public Data License 1.0 unless separately indicated; third-party content requires separate review
P110-021	110	21	必須	衛生	主に非意図的に生成することから化審法 で規制されていないのはどれか。 （注） 1つ選べ。 （注）化審法：化学物質の審査及び製造等の規制に関する法律	"[""ポリ塩化ジベンゾ︲p︲ジオキシン"",""ポリ塩化ビフェニル"",""ペルフルオロ（オクタン︲₁︲スルホン酸）"",""ヘキサブロモビフェニル"",""ビス（トリブチルスズ）= オキシド""]"	singleChoice	0	null	normal	false	parsed	"[""none""]"		https://www.mhlw.go.jp/content/001455149.pdf	https://www.mhlw.go.jp/content/001458551.pdf	2025-02-23	MHLW website content under Public Data License 1.0 unless separately indicated; third-party content requires separate review
P110-022	110	22	必須	衛生	非電離放射線のうち、眼の水晶体タンパク質の変性によってガラス工白内障を 引き起こすのはどれか。1つ選べ。	"[""UVA"",""UVB"",""UVC"",""赤外線"",""可視光線""]"	singleChoice	3	null	normal	false	parsed	"[""none""]"		https://www.mhlw.go.jp/content/001455149.pdf	https://www.mhlw.go.jp/content/001458551.pdf	2025-02-23	MHLW website content under Public Data License 1.0 unless separately indicated; third-party content requires separate review
P110-024	110	24	必須	衛生	湖沼で藍藻類や放線菌が産生するカビ臭の原因物質はどれか。1つ選べ。	"[""クロラミン"",""ジェオスミン"",""トリハロメタン"",""クロロフェノール"",""ミクロシスチン""]"	singleChoice	1	null	normal	false	parsed	"[""none""]"		https://www.mhlw.go.jp/content/001455149.pdf	https://www.mhlw.go.jp/content/001458551.pdf	2025-02-23	MHLW website content under Public Data License 1.0 unless separately indicated; third-party content requires separate review
P110-025	110	25	必須	衛生	逆転層は大気汚染物質の滞留を引き起こす。盆地や谷間などの低地に冷たい空 気が流入して発生するのはどれか。1つ選べ。	"[""沈降性逆転層"",""地形性逆転層"",""放射性逆転層"",""移流性逆転層"",""前線性逆転層 必須問題 【薬理】""]"	singleChoice	1	null	normal	false	parsed	"[""none""]"		https://www.mhlw.go.jp/content/001455149.pdf	https://www.mhlw.go.jp/content/001458551.pdf	2025-02-23	MHLW website content under Public Data License 1.0 unless separately indicated; third-party content requires separate review
P110-027	110	27	必須	薬理	フェニレフリンの昇圧作用の機序はどれか。1つ選べ。	"[""アドレナリン a1 受容体刺激"",""アドレナリン a2 受容体遮断"",""アドレナリン b1 受容体刺激"",""カテコール︲O ︲メチルトランスフェラーゼ阻害"",""ノルアドレナリン再取り込み阻害""]"	singleChoice	0	null	normal	false	parsed	"[""none""]"		https://www.mhlw.go.jp/content/001455149.pdf	https://www.mhlw.go.jp/content/001458551.pdf	2025-02-23	MHLW website content under Public Data License 1.0 unless separately indicated; third-party content requires separate review
P110-028	110	28	必須	薬理	ピロカルピンが毛様体筋を収縮させる機序はどれか。1つ選べ。	"[""アドレナリン a1 受容体遮断"",""アドレナリン a2 受容体刺激"",""アドレナリン b2 受容体遮断"",""アセチルコリン M2 受容体遮断"",""アセチルコリン M3 受容体刺激""]"	singleChoice	4	null	normal	false	parsed	"[""none""]"		https://www.mhlw.go.jp/content/001455149.pdf	https://www.mhlw.go.jp/content/001458551.pdf	2025-02-23	MHLW website content under Public Data License 1.0 unless separately indicated; third-party content requires separate review
P110-029	110	29	必須	薬理	ロクロニウムの筋弛緩作用に関わる作用点はどれか。1つ選べ。	"[""アセチルコリン NM 受容体"",""電位依存性 Na チャネル +"",""リアノジン受容体"",""コリンアセチルトランスフェラーゼ"",""コリンエステラーゼ""]"	singleChoice	0	null	normal	false	parsed	"[""none""]"		https://www.mhlw.go.jp/content/001455149.pdf	https://www.mhlw.go.jp/content/001458551.pdf	2025-02-23	MHLW website content under Public Data License 1.0 unless separately indicated; third-party content requires separate review
P110-030	110	30	必須	薬理	オレキシン受容体を選択的に遮断することで、睡眠を誘導するのはどれか。 1つ選べ。	"[""ヒドロキシジン"",""リルマザホン"",""レンボレキサント"",""ゾピクロン"",""ペントバルビタール""]"	singleChoice	2	null	normal	false	parsed	"[""none""]"		https://www.mhlw.go.jp/content/001455149.pdf	https://www.mhlw.go.jp/content/001458551.pdf	2025-02-23	MHLW website content under Public Data License 1.0 unless separately indicated; third-party content requires separate review
P110-031	110	31	必須	薬理	タンドスピロンの抗不安作用に関わる作用点はどれか。1つ選べ。	"[""ドパミン D2 受容体"",""c︲アミノ酪酸 GABAA 受容体"",""ニコチン性アセチルコリン受容体"",""セロトニン ₅︲HT1A 受容体"",""ヒスタミン H1 受容体""]"	singleChoice	3	null	normal	false	parsed	"[""none""]"		https://www.mhlw.go.jp/content/001455149.pdf	https://www.mhlw.go.jp/content/001458551.pdf	2025-02-23	MHLW website content under Public Data License 1.0 unless separately indicated; third-party content requires separate review
P110-032	110	32	必須	薬理	グルタミン酸 NMDA 受容体を遮断するアルツハイマー型認知症治療薬はどれ か。1つ選べ。	"[""リバスチグミン"",""ドネペジル"",""エダラボン"",""メマンチン"",""ガランタミン""]"	singleChoice	3	null	normal	false	parsed	"[""none""]"		https://www.mhlw.go.jp/content/001455149.pdf	https://www.mhlw.go.jp/content/001458551.pdf	2025-02-23	MHLW website content under Public Data License 1.0 unless separately indicated; third-party content requires separate review
P110-033	110	33	必須	薬理	尋常性乾癬の治療に用いられるセクキヌマブの標的分子はどれか。1つ選べ。	"[""ホスホジエステラーゼⅣ（PDE Ⅳ）"",""チロシンキナーゼ ₂ （Tyk₂）"",""ビタミン D 受容体"",""IL︲₁₂ 及び IL︲₂₃"",""IL︲₁₇A""]"	singleChoice	4	null	normal	false	parsed	"[""none""]"		https://www.mhlw.go.jp/content/001455149.pdf	https://www.mhlw.go.jp/content/001458551.pdf	2025-02-23	MHLW website content under Public Data License 1.0 unless separately indicated; third-party content requires separate review
P110-034	110	34	必須	薬理	細胞内サイクリック GMP（cGMP）濃度上昇作用及び K チャネル開口作用を + 併せ持つ狭心症治療薬はどれか。1つ選べ。	"[""ニコランジル"",""ベラパミル"",""ジルチアゼム"",""硝酸イソソルビド"",""アテノロール""]"	singleChoice	0	null	normal	false	parsed	"[""none""]"		https://www.mhlw.go.jp/content/001455149.pdf	https://www.mhlw.go.jp/content/001458551.pdf	2025-02-23	MHLW website content under Public Data License 1.0 unless separately indicated; third-party content requires separate review
P110-035	110	35	必須	薬理	アンチトロンビン非依存的に血液凝固第 Xa 因子の活性を直接阻害する抗凝固 薬はどれか。1つ選べ。	"[""エノキサパリン"",""フォンダパリヌクス"",""ダビガトランエテキシラート"",""ワルファリン"",""エドキサバン""]"	singleChoice	4	null	normal	false	parsed	"[""none""]"		https://www.mhlw.go.jp/content/001455149.pdf	https://www.mhlw.go.jp/content/001458551.pdf	2025-02-23	MHLW website content under Public Data License 1.0 unless separately indicated; third-party content requires separate review
P110-036	110	36	必須	薬理	タキキニン NK1 受容体を遮断して、抗悪性腫瘍薬による遅発性嘔吐を抑制する のはどれか。1つ選べ。	"[""オンダンセトロン"",""ドンペリドン"",""アプレピタント"",""ジメンヒドリナート"",""メトクロプラミド""]"	singleChoice	2	null	normal	false	parsed	"[""none""]"		https://www.mhlw.go.jp/content/001455149.pdf	https://www.mhlw.go.jp/content/001458551.pdf	2025-02-23	MHLW website content under Public Data License 1.0 unless separately indicated; third-party content requires separate review
P110-037	110	37	必須	薬理	高尿酸血症治療薬トピロキソスタットが阻害するのはどれか。1つ選べ。	"[""シクロオキシゲナーゼ"",""キサンチンオキシダーゼ"",""尿酸オキシダーゼ"",""尿酸トランスポーター"",""有機アニオントランスポーター""]"	singleChoice	1	null	normal	false	parsed	"[""none""]"		https://www.mhlw.go.jp/content/001455149.pdf	https://www.mhlw.go.jp/content/001458551.pdf	2025-02-23	MHLW website content under Public Data License 1.0 unless separately indicated; third-party content requires separate review
P110-038	110	38	必須	薬理	プロゲステロン受容体を刺激して、子宮内膜細胞の増殖を抑制するのはどれ か。1つ選べ。	"[""リュープロレリン"",""タモキシフェン"",""ジエノゲスト"",""エンザルタミド"",""デュタステリド""]"	singleChoice	2	null	normal	false	parsed	"[""none""]"		https://www.mhlw.go.jp/content/001455149.pdf	https://www.mhlw.go.jp/content/001458551.pdf	2025-02-23	MHLW website content under Public Data License 1.0 unless separately indicated; third-party content requires separate review
P110-039	110	39	必須	薬理	ペプチドグリカン前駆体のペンタペプチド末端の D︲アラニル︲D︲アラニンと結 合して、細菌の細胞壁合成を阻害するのはどれか。1つ選べ。	"[""アミカシン"",""セファゾリン"",""バンコマイシン"",""メロペネム"",""ミカファンギン""]"	singleChoice	2	null	normal	false	parsed	"[""none""]"		https://www.mhlw.go.jp/content/001455149.pdf	https://www.mhlw.go.jp/content/001458551.pdf	2025-02-23	MHLW website content under Public Data License 1.0 unless separately indicated; third-party content requires separate review
P110-040	110	40	必須	薬理	HER₂（ヒト上皮増殖因子受容体 ₂ 型）と結合することにより、乳がん細胞の増 殖を抑制するのはどれか。1つ選べ。	"[""エキセメスタン"",""トラスツズマブ"",""ベバシズマブ"",""ダウノルビシン"",""ブスルファン 必須問題 【薬剤】""]"	singleChoice	1	null	normal	false	parsed	"[""none""]"		https://www.mhlw.go.jp/content/001455149.pdf	https://www.mhlw.go.jp/content/001458551.pdf	2025-02-23	MHLW website content under Public Data License 1.0 unless separately indicated; third-party content requires separate review
P110-043	110	43	必須	薬剤	炎症性疾患時に増加し、プロプラノロールが最も強く結合する血漿タンパク質 はどれか。1つ選べ。	"[""アルブミン"",""a︲グロブリン"",""フィブリノーゲン"",""C 反応性タンパク質"",""a1︲酸性糖タンパク質""]"	singleChoice	4	null	normal	false	parsed	"[""none""]"		https://www.mhlw.go.jp/content/001455149.pdf	https://www.mhlw.go.jp/content/001458551.pdf	2025-02-23	MHLW website content under Public Data License 1.0 unless separately indicated; third-party content requires separate review
P110-044	110	44	必須	薬剤	薬物代謝における第Ⅱ相反応に関与するのはどれか。1つ選べ。	"[""シトクロム P₄₅₀"",""UDP︲グルクロン酸転移酵素"",""フラビン含有モノオキシゲナーゼ"",""アルコール脱水素酵素"",""モノアミン酸化酵素""]"	singleChoice	1	null	normal	false	parsed	"[""none""]"		https://www.mhlw.go.jp/content/001455149.pdf	https://www.mhlw.go.jp/content/001458551.pdf	2025-02-23	MHLW website content under Public Data License 1.0 unless separately indicated; third-party content requires separate review
P110-046	110	46	必須	薬剤	体内動態が線形 ₁︲コンパートメントモデルに従う薬物を経口投与した場合、最 高血中濃度到達時間が短縮する要因はどれか。1つ選べ。	"[""投与量の減少"",""吸収率の上昇"",""分布容積の増大"",""吸収速度定数の上昇"",""消失速度定数の低下""]"	singleChoice	3	null	normal	false	parsed	"[""none""]"		https://www.mhlw.go.jp/content/001455149.pdf	https://www.mhlw.go.jp/content/001458551.pdf	2025-02-23	MHLW website content under Public Data License 1.0 unless separately indicated; third-party content requires separate review
P110-047	110	47	必須	薬剤	体内動態が線形 ₁︲コンパートメントモデルに従い、消失半減期が ₂ 時間である 薬物を静脈内定速注入する。投与開始後、薬物の血中濃度が定常状態の血中濃度の ₇₅％に到達する時間（h）はどれか。1つ選べ。	"[""₁"",""₂"",""₃"",""₄"",""₅""]"	singleChoice	3	null	normal	false	parsed	"[""none""]"		https://www.mhlw.go.jp/content/001455149.pdf	https://www.mhlw.go.jp/content/001458551.pdf	2025-02-23	MHLW website content under Public Data License 1.0 unless separately indicated; third-party content requires separate review
P110-048	110	48	必須	薬剤	ある薬物の肝固有クリアランス（CL int）が肝血流量（Q h）と比較して十分に小 さい場合、その薬物の肝クリアランスはどのように近似できるか。1つ選べ。 ただし、fu は血漿タンパク非結合形分率とする。	"[""Qh"",""CL int"",""fu・Q h"",""fu・CL int"",""CL int/fu""]"	singleChoice	3	null	normal	false	parsed	"[""none""]"		https://www.mhlw.go.jp/content/001455149.pdf	https://www.mhlw.go.jp/content/001458551.pdf	2025-02-23	MHLW website content under Public Data License 1.0 unless separately indicated; third-party content requires separate review
P110-049	110	49	必須	薬剤	陽イオン性界面活性剤はどれか。1つ選べ。	"[""ステアリン酸ナトリウム"",""ポリソルベート ₈₀"",""ラウリル硫酸ナトリウム"",""レシチン"",""ベンゼトニウム塩化物""]"	singleChoice	4	null	normal	false	parsed	"[""none""]"		https://www.mhlw.go.jp/content/001455149.pdf	https://www.mhlw.go.jp/content/001458551.pdf	2025-02-23	MHLW website content under Public Data License 1.0 unless separately indicated; third-party content requires separate review
P110-050	110	50	必須	薬剤	造粒に用いる機器のうち、混合、造粒、乾燥の工程を同一装置内で行うことが できるのはどれか。1つ選べ。	"[""流動層造粒機"",""転動造粒機"",""押出し造粒機"",""噴霧乾燥造粒機"",""破砕造粒機""]"	singleChoice	0	null	normal	false	parsed	"[""none""]"		https://www.mhlw.go.jp/content/001455149.pdf	https://www.mhlw.go.jp/content/001458551.pdf	2025-02-23	MHLW website content under Public Data License 1.0 unless separately indicated; third-party content requires separate review
P110-052	110	52	必須	薬剤	透析用剤に適用される日本薬局方一般試験法はどれか。1つ選べ。	"[""アルコール数測定法"",""エンドトキシン試験法"",""重金属試験法"",""制酸力試験法"",""溶出試験法""]"	singleChoice	1	null	normal	false	parsed	"[""none""]"		https://www.mhlw.go.jp/content/001455149.pdf	https://www.mhlw.go.jp/content/001458551.pdf	2025-02-23	MHLW website content under Public Data License 1.0 unless separately indicated; third-party content requires separate review
P110-054	110	54	必須	薬剤	薬物の直腸からの吸収改善を図るために用いられている吸収促進剤はどれか。 1つ選べ。	"[""アルギン酸ナトリウム"",""安息香酸ナトリウム"",""カプリン酸ナトリウム"",""チオグリコール酸"",""プロカイン塩酸塩""]"	singleChoice	2	null	normal	false	parsed	"[""none""]"		https://www.mhlw.go.jp/content/001455149.pdf	https://www.mhlw.go.jp/content/001458551.pdf	2025-02-23	MHLW website content under Public Data License 1.0 unless separately indicated; third-party content requires separate review
P110-055	110	55	必須	薬剤	レクチンによる認識機構を介した能動的ターゲティングのための修飾基として 用いられるのはどれか。1つ選べ。	"[""糖鎖"",""ポリペプチド"",""長鎖不飽和脂肪酸"",""オリゴヌクレオチド"",""ポリエチレングリコール 必須問題 【病態・薬物治療】""]"	singleChoice	0	null	normal	false	parsed	"[""none""]"		https://www.mhlw.go.jp/content/001455149.pdf	https://www.mhlw.go.jp/content/001458551.pdf	2025-02-23	MHLW website content under Public Data License 1.0 unless separately indicated; third-party content requires separate review
P110-056	110	56	必須	病態・薬物治療	心筋細胞の壊死を直接起こすことにより、心不全を誘発するのはどれか。1つ 選べ。	"[""アミオダロン"",""ドキソルビシン"",""エナラプリル"",""ビソプロロール"",""ピオグリタゾン""]"	singleChoice	1	null	normal	false	parsed	"[""none""]"		https://www.mhlw.go.jp/content/001455149.pdf	https://www.mhlw.go.jp/content/001458551.pdf	2025-02-23	MHLW website content under Public Data License 1.0 unless separately indicated; third-party content requires separate review
P110-057	110	57	必須	病態・薬物治療	デキストラン硫酸固定化セルロースを用いた吸着器によるアフェレシス 施行 （注） 中の患者への投与禁忌薬はどれか。1つ選べ。 （注）アフェレシス：生体内のさまざまな血液関連因子を分離・除去して治療する 広範囲な医療技術の総称	"[""ニフェジピン"",""エナラプリルマレイン酸塩"",""イルベサルタン"",""エサキセレノン"",""ドキサゾシンメシル酸塩""]"	singleChoice	1	null	normal	false	parsed	"[""none""]"		https://www.mhlw.go.jp/content/001455149.pdf	https://www.mhlw.go.jp/content/001458551.pdf	2025-02-23	MHLW website content under Public Data License 1.0 unless separately indicated; third-party content requires separate review
P110-059	110	59	必須	病態・薬物治療	急性心筋梗塞の初期治療に用いられるのはどれか。1つ選べ。	"[""アスピリン"",""イソプレナリン塩酸塩"",""ダビガトランエテキシラートメタンスルホン酸塩"",""プレドニゾロン"",""プロプラノロール塩酸塩""]"	singleChoice	0	null	normal	false	parsed	"[""none""]"		https://www.mhlw.go.jp/content/001455149.pdf	https://www.mhlw.go.jp/content/001458551.pdf	2025-02-23	MHLW website content under Public Data License 1.0 unless separately indicated; third-party content requires separate review
P110-060	110	60	必須	病態・薬物治療	重症筋無力症で認められる症状はどれか。1つ選べ。	"[""突発性発熱"",""前向性健忘"",""聴覚障害"",""振戦"",""構音障害""]"	singleChoice	4	null	normal	false	parsed	"[""none""]"		https://www.mhlw.go.jp/content/001455149.pdf	https://www.mhlw.go.jp/content/001458551.pdf	2025-02-23	MHLW website content under Public Data License 1.0 unless separately indicated; third-party content requires separate review
P110-061	110	61	必須	病態・薬物治療	喀血を生じる疾患はどれか。1つ選べ。	"[""気管支拡張症"",""出血性腸炎"",""くも膜下出血"",""胃潰瘍"",""胃食道逆流症""]"	singleChoice	0	null	normal	false	parsed	"[""none""]"		https://www.mhlw.go.jp/content/001455149.pdf	https://www.mhlw.go.jp/content/001458551.pdf	2025-02-23	MHLW website content under Public Data License 1.0 unless separately indicated; third-party content requires separate review
P110-062	110	62	必須	病態・薬物治療	痛風発作治療薬として最も適切なのはどれか。1つ選べ。	"[""アロプリノール"",""ダパグリフロジン"",""ナプロキセン"",""ラスブリカーゼ"",""クエン酸カリウム・クエン酸ナトリウム""]"	singleChoice	2	null	normal	false	parsed	"[""none""]"		https://www.mhlw.go.jp/content/001455149.pdf	https://www.mhlw.go.jp/content/001458551.pdf	2025-02-23	MHLW website content under Public Data License 1.0 unless separately indicated; third-party content requires separate review
P110-063	110	63	必須	病態・薬物治療	慢性甲状腺炎の検査所見で陽性になるのはどれか。1つ選べ。	"[""抗ペルオキシダーゼ抗体"",""抗甲状腺刺激ホルモン（TSH）受容体抗体"",""抗グルタミン酸脱炭酸酵素（GAD）抗体"",""抗アセチルコリン受容体抗体"",""抗環状シトルリン化ペプチド（CCP）抗体""]"	singleChoice	0	null	normal	false	parsed	"[""none""]"		https://www.mhlw.go.jp/content/001455149.pdf	https://www.mhlw.go.jp/content/001458551.pdf	2025-02-23	MHLW website content under Public Data License 1.0 unless separately indicated; third-party content requires separate review
P110-064	110	64	必須	病態・薬物治療	シクロスポリン点眼液が使用される眼疾患はどれか。1つ選べ。	"[""白内障"",""春季カタル"",""感染性角膜炎"",""加齢黄斑変性"",""緑内障""]"	singleChoice	1	null	normal	false	parsed	"[""none""]"		https://www.mhlw.go.jp/content/001455149.pdf	https://www.mhlw.go.jp/content/001458551.pdf	2025-02-23	MHLW website content under Public Data License 1.0 unless separately indicated; third-party content requires separate review
P110-065	110	65	必須	病態・薬物治療	空気感染が主な伝播経路となるウイルス感染症はどれか。1つ選べ。	"[""麻しん"",""風しん"",""HIV 感染症"",""流行性耳下腺炎（ムンプス）"",""インフルエンザ""]"	singleChoice	0	null	normal	false	parsed	"[""none""]"		https://www.mhlw.go.jp/content/001455149.pdf	https://www.mhlw.go.jp/content/001458551.pdf	2025-02-23	MHLW website content under Public Data License 1.0 unless separately indicated; third-party content requires separate review
P110-066	110	66	必須	病態・薬物治療	播種性血管内凝固症候群（DIC）で認められる検査所見はどれか。1つ選べ。	"[""アンチトロンビンの減少"",""フィブリノゲン・フィブリン分解産物（FDP）の減少"",""血小板数の増加"",""プラスミノゲンの増加"",""プロトロンビン時間（PT）の短縮""]"	singleChoice	0	null	normal	false	parsed	"[""none""]"		https://www.mhlw.go.jp/content/001455149.pdf	https://www.mhlw.go.jp/content/001458551.pdf	2025-02-23	MHLW website content under Public Data License 1.0 unless separately indicated; third-party content requires separate review
P110-067	110	67	必須	病態・薬物治療	特発性肺線維症の治療に用いられるのはどれか。1つ選べ。	"[""アベマシクリブ"",""インターフェロン アルファ"",""ゲフィチニブ"",""ピルフェニドン"",""ブレオマイシン""]"	singleChoice	3	null	normal	false	parsed	"[""none""]"		https://www.mhlw.go.jp/content/001455149.pdf	https://www.mhlw.go.jp/content/001458551.pdf	2025-02-23	MHLW website content under Public Data License 1.0 unless separately indicated; third-party content requires separate review
P110-068	110	68	必須	病態・薬物治療	胆石症の疝痛発作時に、疼痛緩和のために使用される薬物として最も適切なの はどれか。1つ選べ。	"[""ウルソデオキシコール酸"",""エストラジオール"",""ブチルスコポラミン臭化物"",""ベザフィブラート"",""モルヒネ塩酸塩""]"	singleChoice	2	null	normal	false	parsed	"[""none""]"		https://www.mhlw.go.jp/content/001455149.pdf	https://www.mhlw.go.jp/content/001458551.pdf	2025-02-23	MHLW website content under Public Data License 1.0 unless separately indicated; third-party content requires separate review
P110-069	110	69	必須	病態・薬物治療	以下の医薬品情報源のうち、一次資料はどれか。1つ選べ。	"[""ガイドライン"",""索引誌"",""医薬品インタビューフォーム"",""原著論文"",""医薬品添付文書""]"	singleChoice	3	null	normal	false	parsed	"[""none""]"		https://www.mhlw.go.jp/content/001455149.pdf	https://www.mhlw.go.jp/content/001458551.pdf	2025-02-23	MHLW website content under Public Data License 1.0 unless separately indicated; third-party content requires separate review
P110-070	110	70	必須	病態・薬物治療	レジオネラ肺炎に対して最も有効性が期待できる抗菌薬はどれか。1つ選べ。	"[""シプロフロキサシン"",""タゾバクタム・ピペラシリン"",""メロペネム"",""アミカシン"",""バンコマイシン 必須問題 【法規・制度・倫理】""]"	singleChoice	0	null	normal	false	parsed	"[""none""]"		https://www.mhlw.go.jp/content/001455149.pdf	https://www.mhlw.go.jp/content/001458551.pdf	2025-02-23	MHLW website content under Public Data License 1.0 unless separately indicated; third-party content requires separate review
P110-071	110	71	必須	法規・制度・倫理	薬剤師が ₂ 年ごとに厚生労働大臣に届け出なければならない事項はどれか。 1つ選べ。	"[""個人番号（マイナンバー）"",""住所"",""認定薬剤師の資格"",""薬剤師国家試験合格の年"",""再教育研修の受講の有無""]"	singleChoice	1	null	normal	false	parsed	"[""none""]"		https://www.mhlw.go.jp/content/001455149.pdf	https://www.mhlw.go.jp/content/001458551.pdf	2025-02-23	MHLW website content under Public Data License 1.0 unless separately indicated; third-party content requires separate review
P110-072	110	72	必須	法規・制度・倫理	医薬品医療機器等法において、「薬局医薬品」とは、「要指導医薬品及び A 以外の医薬品をいう。」となっている。A にあてはまるのはどれか。1つ選べ。	"[""医療用医薬品"",""処方箋医薬品"",""一般用医薬品"",""体外診断用医薬品"",""薬局製造販売医薬品""]"	singleChoice	2	null	normal	false	parsed	"[""none""]"		https://www.mhlw.go.jp/content/001455149.pdf	https://www.mhlw.go.jp/content/001458551.pdf	2025-02-23	MHLW website content under Public Data License 1.0 unless separately indicated; third-party content requires separate review
P110-073	110	73	必須	法規・制度・倫理	医薬品の製造販売承認申請のための一般毒性試験を実施する際に、遵守しなけ ればならないのはどれか。1つ選べ。	"[""GCP"",""GLP"",""GMP"",""GQP"",""GVP""]"	singleChoice	1	null	normal	false	parsed	"[""none""]"		https://www.mhlw.go.jp/content/001455149.pdf	https://www.mhlw.go.jp/content/001458551.pdf	2025-02-23	MHLW website content under Public Data License 1.0 unless separately indicated; third-party content requires separate review
P110-074	110	74	必須	法規・制度・倫理	毒物劇物営業者が行う劇物の容器及び被包への表示について、「医薬用外」の文 字に加えて表示する内容として正しいのはどれか。1つ選べ。	"[""白地に赤色をもって「劇」の文字"",""白地に黒色をもって「劇」の文字"",""白地に赤色をもって「劇物」の文字"",""赤地に白色をもって「劇物」の文字"",""白地に黒色をもって「劇物」の文字""]"	singleChoice	2	null	normal	false	parsed	"[""none""]"		https://www.mhlw.go.jp/content/001455149.pdf	https://www.mhlw.go.jp/content/001458551.pdf	2025-02-23	MHLW website content under Public Data License 1.0 unless separately indicated; third-party content requires separate review
P110-076	110	76	必須	法規・制度・倫理	評価療養の対象となるのはどれか。1つ選べ。	"[""出産に係る診療"",""医薬品の治験に係る診療"",""特別の療養環境（差額ベッド）"",""予約診療"",""紹介状なしでの特定機能病院の初診""]"	singleChoice	1	null	normal	false	parsed	"[""none""]"		https://www.mhlw.go.jp/content/001455149.pdf	https://www.mhlw.go.jp/content/001458551.pdf	2025-02-23	MHLW website content under Public Data License 1.0 unless separately indicated; third-party content requires separate review
P110-077	110	77	必須	法規・制度・倫理	介護保険法において、第 ₂ 号被保険者が要介護認定を受けられる特定疾病に該 当するのはどれか。1つ選べ。	"[""関節リウマチ"",""結核"",""C 型肝炎"",""高血圧症"",""脂質異常症""]"	singleChoice	0	null	normal	false	parsed	"[""none""]"		https://www.mhlw.go.jp/content/001455149.pdf	https://www.mhlw.go.jp/content/001458551.pdf	2025-02-23	MHLW website content under Public Data License 1.0 unless separately indicated; third-party content requires separate review
P110-078	110	78	必須	法規・制度・倫理	世界医師会総会にて採択された、ヒポクラテスの誓いを現代化したものである ジュネーブ宣言の根幹となるのはどれか。1つ選べ。	"[""患者の権利"",""生命倫理の ₄ 原則"",""医師の遵守すべき倫理"",""非人道的な人体実験の実施条件"",""人を対象とした医学研究の倫理的原則""]"	singleChoice	2	null	normal	false	parsed	"[""none""]"		https://www.mhlw.go.jp/content/001455149.pdf	https://www.mhlw.go.jp/content/001458551.pdf	2025-02-23	MHLW website content under Public Data License 1.0 unless separately indicated; third-party content requires separate review
P110-079	110	79	必須	法規・制度・倫理	汚染されたヒト乾燥硬膜の使用により感染した疾患であって、生物由来製品感 染等被害救済制度の創設の契機となったのはどれか。1つ選べ。	"[""成人 T 細胞白血病"",""クロイツフェルト・ヤコブ病"",""トキソプラズマ症"",""大腿四頭筋短縮症"",""後天性免疫不全症候群""]"	singleChoice	1	null	normal	false	parsed	"[""none""]"		https://www.mhlw.go.jp/content/001455149.pdf	https://www.mhlw.go.jp/content/001458551.pdf	2025-02-23	MHLW website content under Public Data License 1.0 unless separately indicated; third-party content requires separate review
P110-080	110	80	必須	法規・制度・倫理	コミュニケーションを円滑にするため取り入れる傾聴の技能や態度として、適 切なのはどれか。1つ選べ。	"[""ブロッキング"",""ミラーリング"",""エンコーディング"",""パターナリズム"",""デコーディング 必須問題 【実務】""]"	singleChoice	1	null	normal	false	parsed	"[""none""]"		https://www.mhlw.go.jp/content/001455149.pdf	https://www.mhlw.go.jp/content/001458551.pdf	2025-02-23	MHLW website content under Public Data License 1.0 unless separately indicated; third-party content requires separate review
P110-081	110	81	必須	実務	以下の成分を含む一般用医薬品を使用した場合に、出血傾向に最も注意が必要 なのはどれか。1つ選べ。	"[""センノシド"",""ロぺラミド塩酸塩"",""ミノキシジル"",""フェキソフェナジン塩酸塩"",""イコサペント酸エチル""]"	singleChoice	4	null	normal	false	parsed	"[""none""]"		https://www.mhlw.go.jp/content/001455149.pdf	https://www.mhlw.go.jp/content/001458551.pdf	2025-02-23	MHLW website content under Public Data License 1.0 unless separately indicated; third-party content requires separate review
P110-082	110	82	必須	実務	通常、食前に服用する薬剤はどれか。1つ選べ。	"[""セレコキシブ錠"",""イマチニブメシル酸塩錠"",""メナテトレノンカプセル"",""エパルレスタット錠"",""イトラコナゾールカプセル""]"	singleChoice	3	null	normal	false	parsed	"[""none""]"		https://www.mhlw.go.jp/content/001455149.pdf	https://www.mhlw.go.jp/content/001458551.pdf	2025-02-23	MHLW website content under Public Data License 1.0 unless separately indicated; third-party content requires separate review
P110-083	110	83	必須	実務	居宅療養管理指導をしている患者のケアプラン作成において、薬剤師が情報提 供しなければならない職種はどれか。1つ選べ。	"[""介護福祉士"",""介護支援専門員"",""生活相談員"",""社会福祉士"",""訪問介護員""]"	singleChoice	1	null	normal	false	parsed	"[""none""]"		https://www.mhlw.go.jp/content/001455149.pdf	https://www.mhlw.go.jp/content/001458551.pdf	2025-02-23	MHLW website content under Public Data License 1.0 unless separately indicated; third-party content requires separate review
P110-084	110	84	必須	実務	災害派遣医療チーム（DMAT）が最も優先すべき活動はどれか。1つ選べ。	"[""広域医療搬送対象患者の選出"",""心的外傷後ストレス障害（PTSD）の診療"",""長期的な医療支援"",""一般用医薬品の販売"",""被災地の復興支援""]"	singleChoice	0	null	normal	false	parsed	"[""none""]"		https://www.mhlw.go.jp/content/001455149.pdf	https://www.mhlw.go.jp/content/001458551.pdf	2025-02-23	MHLW website content under Public Data License 1.0 unless separately indicated; third-party content requires separate review
P110-085	110	85	必須	実務	透析療法を受けている患者への販売を避けるべき一般用医薬品の成分はどれ か。1つ選べ。	"[""ロペラミド塩酸塩"",""テプレノン"",""乾燥酵母"",""トリメブチンマレイン酸塩"",""スクラルファート""]"	singleChoice	4	null	normal	false	parsed	"[""none""]"		https://www.mhlw.go.jp/content/001455149.pdf	https://www.mhlw.go.jp/content/001458551.pdf	2025-02-23	MHLW website content under Public Data License 1.0 unless separately indicated; third-party content requires separate review
P110-086	110	86	必須	実務	以下のうち、学校薬剤師の職務はどれか。1つ選べ。	"[""保健室内での調剤"",""救急時の一般用医薬品の販売"",""ワクチンの投与"",""校内土壌の放射能汚染検査"",""薬物乱用防止のための教育""]"	singleChoice	4	null	normal	false	parsed	"[""none""]"		https://www.mhlw.go.jp/content/001455149.pdf	https://www.mhlw.go.jp/content/001458551.pdf	2025-02-23	MHLW website content under Public Data License 1.0 unless separately indicated; third-party content requires separate review
P110-088	110	88	必須	実務	以下のうち、Common Terminology Criteria for Adverse Events（CTCAE） が用いられる指標として適切なのはどれか。1つ選べ。	"[""医薬品自主回収時の健康危険度"",""インシデント発生時の患者への影響度分類レベル"",""医薬品・医療機器等安全性情報の緊急度"",""医薬品による有害事象の重症度"",""患者の日常生活における制限の程度""]"	singleChoice	3	null	normal	false	parsed	"[""none""]"		https://www.mhlw.go.jp/content/001455149.pdf	https://www.mhlw.go.jp/content/001458551.pdf	2025-02-23	MHLW website content under Public Data License 1.0 unless separately indicated; third-party content requires separate review
P110-089	110	89	必須	実務	以下のうち、医薬品による副作用が疑われる症例について、医薬関係者が報告 する医薬品安全性情報報告書への記載項目はどれか。1つ選べ。	"[""患者の生年月日"",""患者氏名"",""副作用の発現期間"",""家族の副作用歴"",""被疑薬の製造番号""]"	singleChoice	2	null	normal	false	parsed	"[""none""]"		https://www.mhlw.go.jp/content/001455149.pdf	https://www.mhlw.go.jp/content/001458551.pdf	2025-02-23	MHLW website content under Public Data License 1.0 unless separately indicated; third-party content requires separate review
P110-090	110	90	必須	実務	腫瘍崩壊症候群の予防に用いられる薬剤はどれか。1つ選べ。	"[""ウルソデオキシコール酸錠"",""フェブキソスタット錠"",""メトトレキサート錠"",""ラモセトロン塩酸塩錠"",""タクロリムス錠""]"	singleChoice	1	null	normal	false	parsed	"[""none""]"		https://www.mhlw.go.jp/content/001455149.pdf	https://www.mhlw.go.jp/content/001458551.pdf	2025-02-23	MHLW website content under Public Data License 1.0 unless separately indicated; third-party content requires separate review
P110-096	110	96	理論	物理	₂₈％アンモニア水を量り、水で全量 ₅₀₀ mL とした後、その ₂₀ mL を正確に量 り、さらに水で全量 ₁₀₀₀ mL とした。この水溶液の pH を測定したところ、₁₁ . ₀ であった。₂₈％アンモニア水の採取量に最も近いのはどれか。1つ選べ。 ただし、₂₈％アンモニア水の比重 d = ₀ . ₉₀、アンモニアの分子量 NH 3 = ₁₇、 アンモニアの塩基解離定数 K b = ₁ . ₇ # ₁₀ mol/L、水のイオン積［H ［ ］OH ］= -5 + - ₁ . ₀ # ₁₀ （mol/L）、 1 ． 0 から 1 ． 1 の範囲の値は ₁ とし、温度は ₂₅ ℃とする。 -14 2	"[""₁₀ mL"",""₂₀ mL"",""₅₀ mL"",""₁₀₀ mL"",""₂₀₀ mL""]"	singleChoice	3	null	normal	false	parsed	"[""none""]"		https://www.mhlw.go.jp/content/001455152.pdf	https://www.mhlw.go.jp/content/001458551.pdf	2025-02-23	MHLW website content under Public Data License 1.0 unless separately indicated; third-party content requires separate review
P110-097	110	97	理論	物理	−98 次 の 記 述 は、X 線 造 影 剤 と し て 用 い ら れ る 日 本 薬 局 方 ア ミ ド ト リ ゾ 酸 （C11H 9 I 3 N2O4：₆₁₃ . ₉₁）の純度試験と定量法に関するものである。 H I H₃C N CO₂H O I I HN CH₃ O アミドトリゾ酸 純度試験 芳香族第一アミン 本品 ₀ . ₂₀ g をとり、水 ₅ mL 及び水酸化ナトリウム試液 ₁ mL を加えて溶かし、亜硝酸ナトリウム溶液（ ₁ → ₁₀₀） ₄ mL 及び ₁ mol/L 塩 酸試液 ₁₀ mL を加えて振り混ぜ、 ₂ 分間放置する。次にアミド硫酸アンモニウム 試液 ₅ mL を加えてよく振り混ぜ、 ₁ 分間放置した後、₁︲ナフトールのエタノール （₉₅）溶液（ ₁ → ₁₀）₀ . ₄ mL、水酸化ナトリウム試液 ₁₅ mL 及び水を加えて正確 に ₅₀ mL とする。この液につき、同様に操作して得た空試験液を対照とし、紫外 可視吸光度測定法により試験を行うとき、波長 ₄₈₅ nm における吸光度は ₀ . ₁₅ 以 下である。 定量法 本品約 ₀ . ₅ g を精密に量り、けん化フラスコに入れ、水酸化ナトリウム試液 ₄₀ mL に溶かし、亜鉛粉末 ₁ g を加え、還流冷却器を付けて ₃₀ 分間煮沸し、冷 後、ろ過する。フラスコ及びろ紙を水 ₅₀ mL で洗い、洗液は先のろ液に合わせ る。この液に酢酸（₁₀₀） ₅ mL を加え、 ア₀ . ₁ mol/L 硝酸銀液で滴定する（指示 薬：イテトラブロモフェノールフタレインエチルエステル試液 ₁ mL）。ただし、滴 定の終点は沈殿の黄色が ウ に変わるときとする。 ₀ . ₁ mol/L 硝酸銀液 ₁ mL = エ mg C11H 9I 3N2O4 問 97 純度試験の操作を行って得られる芳香族第一アミンの許容限度に最も近いのは どれか。1つ選べ。 ただし、芳香族第一アミンの本操作による呈色物の比吸光度 E 1cm（₄₈₅ nm）は 1％ ₄₇₅、層長は ₁ cm とする。	"[""₀ . ₀₄₀％"",""₀ . ₀₇₉％"",""₀ . ₁₆％"",""₀ . ₇₉％"",""₁ . ₅₈％""]"	singleChoice	1	null	normal	false	parsed	"[""none""]"		https://www.mhlw.go.jp/content/001455152.pdf	https://www.mhlw.go.jp/content/001458551.pdf	2025-02-23	MHLW website content under Public Data License 1.0 unless separately indicated; third-party content requires separate review
P110-101	110	101	理論	化学	有機化合物Ａ～Ｄが ₁₀₀ mg ずつ含まれるジエチルエーテル（エーテル）溶液 ₁₀₀ mL について、エーテルと同体積の各水溶液を用いて、分液ロートによる以下 の操作を行った。このとき分液操作②によって得られた水層には、有機化合物Ｄの 塩が主に含まれていた。有機化合物Ａ～Ｄを分離する分液操作の組合せとして、最 も適切なのはどれか。1つ選べ。 OCH3 CO2H NH2 OH Ａ Ｂ Ｃ Ｄ 有機化合物Ａ～Ｄを含むジエチルエーテル溶液 分液操作① 水層 エーテル層 分液操作② 水層 エーテル層 分液操作③ 水層 エーテル層 ア ₂ mol/L 塩酸を用いる分液操作 イ ₂ mol/L NaOH 水溶液を用いる分液操作 ウ 飽和 NaHCO3 水溶液を用いる分液操作 分液操作① 分液操作② 分液操作③	"[""ア イ ウ"",""イ ウ ア"",""ウ ア イ"",""ア ウ イ"",""イ ア ウ"",""ウ イ ア""]"	singleChoice	5	null	normal	false	parsed	"[""none""]"		https://www.mhlw.go.jp/content/001455152.pdf	https://www.mhlw.go.jp/content/001458551.pdf	2025-02-23	MHLW website content under Public Data License 1.0 unless separately indicated; third-party content requires separate review
P110-110	110	110	理論	化学	以下の漢方処方が示す作用と、それに主に関与する構成生薬との組合せのう ち、誤っているのはどれか。1つ選べ。 処方名と作用 主に関与する構成生薬	"[""六君子湯の補気作用 ニンジン"",""桂枝茯苓丸の駆瘀血作用 トウニン"",""加味逍遙散の補血作用 トウキ"",""葛根湯の発汗作用 シャクヤク"",""五苓散の利水作用 ブクリョウ""]"	singleChoice	3	null	normal	false	parsed	"[""none""]"		https://www.mhlw.go.jp/content/001455152.pdf	https://www.mhlw.go.jp/content/001458551.pdf	2025-02-23	MHLW website content under Public Data License 1.0 unless separately indicated; third-party content requires separate review
P110-162	110	162	理論	病態・薬物治療	−163 ₅₀ 歳男性。営業職で飲酒の機会が多く、 ₅ 年間で体重は ₈ kg 増加した。 健診にて ₄ 年前より高血糖を指摘されていたが、放置していた。最近、口渇と頻尿 を認めるようになったため病院を受診し検査を受けた結果、 ₂ 型糖尿病と診断され た。服薬歴なし。喫煙 ₂₀ 本/日。運動習慣はない。 問 162（病態・薬物治療） この患者の身体所見及び検査値は以下のとおりである。 身長 ₁₇₅ cm、体重 ₈₀ kg、血圧 ₁₄₆/₉₄ mmHg、脈拍 ₆₂ 拍/分、下腿に浮腫はない。 尿検査：糖（ ₃+）、尿タンパク（!）、潜血（-）、ケトン体（-）、 尿アルブミン/クレアチニン比 ₉₀ mg/gCr 血液検査：空腹時血糖 ₁₈₂ mg/dL、HbA₁c ₈ . ₄％、LDL︲C ₁₆₂ mg/dL、 TG（トリグリセリド）₂₃₀ mg/dL、HDL︲C ₃₈ mg/dL、尿酸 ₅ . ₈ mg/dL、 血清クレアチニン ₀ . ₈ mg/dL、BUN ₁₂ mg/dL、 eGFR ₈₁ mL/min/₁ . ₇₃ m 、Na ₁₄₂ mEq/L、Cl ₁₀₂ mEq/L、 K ₄ . ₂ mEq/L 眼底検査：異常なし 本患者において ₂ 型糖尿病に合併しているのはどれか。2つ選べ。	"[""糖尿病性腎症"",""単純網膜症"",""病型分類Ⅰ型の脂質異常症"",""高尿酸血症"",""肥満症""]"	multiChoice	[0,4]	null	normal	false	parsed	"[""none""]"		https://www.mhlw.go.jp/content/001455159.pdf	https://www.mhlw.go.jp/content/001458551.pdf	2025-02-23	MHLW website content under Public Data License 1.0 unless separately indicated; third-party content requires separate review
P110-169	110	169	理論	薬剤	メトプロロールは、肝臓における代謝及び尿中への排泄の両過程により体内か ら消失する。全身クリアランスは ₁ . ₀ L/min であり、静脈内投与後の尿中未変化 体排泄率は投与量の ₁₀％である。メトプロロールを経口投与した際、肝初回通過 効果により消失する割合（％）に最も近い値はどれか。1つ選べ。 ただし、メトプロロールの消化管からの吸収は ₁₀₀％であり、消化管における代 謝はなく、肝血流量は ₁ . ₅ L/min とする。	"[""₂₀"",""₃₀"",""₄₀"",""₅₀"",""₆₀""]"	singleChoice	4	null	normal	false	parsed	"[""none""]"		https://www.mhlw.go.jp/content/001455159.pdf	https://www.mhlw.go.jp/content/001458551.pdf	2025-02-23	MHLW website content under Public Data License 1.0 unless separately indicated; third-party content requires separate review
P110-170	110	170	理論	薬剤	ある薬物は血漿と組織に分布し、その血漿中非結合形分率は ₀ . ₁₀、組織中非結 合形分率は ₀ . ₅₀ である。この薬物を患者に投与したときの分布容積（L）に最も 近い値はどれか。1つ選べ。 ただし、この患者の血漿容積は ₃ L、組織容積は ₄₀ L とする。	"[""₀.₃"",""₃"",""₁₁"",""₄₃"",""₂₀₃""]"	singleChoice	2	null	normal	false	parsed	"[""none""]"		https://www.mhlw.go.jp/content/001455159.pdf	https://www.mhlw.go.jp/content/001458551.pdf	2025-02-23	MHLW website content under Public Data License 1.0 unless separately indicated; third-party content requires separate review
P110-176	110	176	理論	薬剤	ある水不溶性の薬物粉体 ₂₅ . ₀ g を ₅₀ . ₀ mL の容器に充てんした。この容器を 水で満たしたとき、全体の質量（容器質量を除く）は ₅₅ . ₀ g であった。この粉体 の真密度（g/mL）に最も近い値はどれか。1つ選べ。 ただし、水の密度を ₁ . ₀₀ g/mL とし、添加した水は粉体の空隙をすべて満たす ものとする。	"[""₀ . ₈₀"",""₁ . ₀₀"",""₁ . ₂₅"",""₁ . ₅₀"",""₁ . ₇₅""]"	singleChoice	2	null	normal	false	parsed	"[""none""]"		https://www.mhlw.go.jp/content/001455159.pdf	https://www.mhlw.go.jp/content/001458551.pdf	2025-02-23	MHLW website content under Public Data License 1.0 unless separately indicated; third-party content requires separate review
P110-185	110	185	理論	病態・薬物治療	₂₂ 歳女性。不安を主訴に来院。高校 ₂ 年の ₃ 月頃より、大学受験のストレスを 感じるようになった。その頃から友人と一緒に食事をした際に、喉が詰まった感じ で物を飲み込みづらくなったが受験のストレスと思って放置した。大学入学後も、 友人との外食の際に何度か同様の症状が出現し、次第に人に見られている気がして 手が震えるようになり、友人と遊ぶこともできなくなった。就職が決まり、今後仕 事に支障がでるのではないかと心配し、内科を受診したが身体所見や神経学的所見 に異常はないため、精神科を紹介された。 精神科での診察で質問に対して的確に回答し、抑うつ症状は認められなかった。 自宅では普通に食事はできる。自分では気にする必要はないと理解しているが、な ぜ、外食時にはこんなに緊張して食事ができなくなるかわからないという。 この患者の治療薬として適切なのはどれか。2つ選べ。	"[""パロキセチン"",""炭酸リチウム"",""エチゾラム"",""ハロペリドール"",""オランザピン""]"	multiChoice	[0,2]	null	normal	false	parsed	"[""none""]"		https://www.mhlw.go.jp/content/001455159.pdf	https://www.mhlw.go.jp/content/001458551.pdf	2025-02-23	MHLW website content under Public Data License 1.0 unless separately indicated; third-party content requires separate review
P110-186	110	186	理論	病態・薬物治療	₁₇ 歳男性。₁₄ 歳時、起床時に右肩がぴくついた後、意識が消失した。病院に おいて脳波検査で異常が指摘され、てんかんと診断された。バルプロ酸ナトリウム による治療が開始され、問題なく経過していた。今回、全般性強直間代発作が出現 し、重積状態になったため救急搬送された。₂₀ 分ほどけいれん発作が持続してい る。 本患者のけいれん抑制のために最初に静脈内投与される薬物として、適切なのは どれか。2つ選べ。	"[""メタンフェタミン"",""ジアゼパム"",""プロポフォール"",""ロラゼパム"",""フェノバルビタール""]"	multiChoice	[1,3]	null	normal	false	parsed	"[""none""]"		https://www.mhlw.go.jp/content/001455159.pdf	https://www.mhlw.go.jp/content/001458551.pdf	2025-02-23	MHLW website content under Public Data License 1.0 unless separately indicated; third-party content requires separate review
P110-192	110	192	理論	病態・薬物治療	生薬とその主な副作用の組合せのうち、正しいのはどれか。2つ選べ。 生薬 主な副作用	"[""カンゾウ 高カリウム血症"",""ダイオウ 下痢"",""オウゴン 腸間膜静脈硬化症"",""サンシシ 胆汁うっ滞"",""マオウ 動悸""]"	multiChoice	[1,4]	null	normal	false	parsed	"[""none""]"		https://www.mhlw.go.jp/content/001455159.pdf	https://www.mhlw.go.jp/content/001458551.pdf	2025-02-23	MHLW website content under Public Data License 1.0 unless separately indicated; third-party content requires separate review
P110-194	110	194	理論	病態・薬物治療	疾患Ｘの有無を調べる検査Ａの感度は ₉₅％、特異度は ₉₀％である。疾患Ｘの 有病率が ₁₀％の集団に対し検査Ａを実施した場合、検査Ａの結果が陽性の患者の うち、真に疾患Ｘに罹患している確率（陽性的中率）に最も近い値はどれか。1つ 選べ。	"[""₁₀％"",""₃₀％"",""₅₀％"",""₇₀％"",""₉₀％""]"	singleChoice	2	null	normal	false	parsed	"[""none""]"		https://www.mhlw.go.jp/content/001455159.pdf	https://www.mhlw.go.jp/content/001458551.pdf	2025-02-23	MHLW website content under Public Data License 1.0 unless separately indicated; third-party content requires separate review
P110-196	110	196	実践	物理・化学・生物	−197 ₇₀ 歳男性。陳旧性心筋梗塞、胆管結石の既往歴があり、交通外傷で救急搬 送され、入院となった。 入院直後に、心室細動、心肺停止となり院内急変対応チームが対応し、心肺蘇生 を行ったところ心拍は再開した。その時、バイタルサインは体温 ₃₄ . ₅ ℃、血圧 ₈₆/₅₀ mmHg、心拍 ₁₁₃ 拍/分、呼吸数 ₂₇ 回/分で、超音波検査等を実施し、外傷 による出血性ショックの診断となった。気管挿管後人工呼吸器管理とし、緊急輸血 を行い、生理食塩液とアドレナリン注 ₁ mg を投与した。 生理食塩液の持続投与下で動脈血液ガス等を確認した結果、医師は ₈ . ₄ w/v％炭 酸水素ナトリウム（NaHCO3）注射液の点滴を開始した。点滴開始から ₉₀ 分後に 状態の改善を認めた。₈ . ₄ w/v％ NaHCO3 注射液点滴開始前と点滴開始から ₉₀ 分 後の動脈血液ガス等は以下のとおりであった。 （動脈血液ガス） NaHCO3 注射液 NaHCO3 注射液 項目 点滴開始前 点滴開始から ₉₀ 分後 pH ₆ . ₈₂ ₇ . ₃₈ PaCO2（mmHg） ₆₃ . ₇ ₄₅ . ₅ PaO2（mmHg） ₁₃₀ . ₀ ₁₃₁ . ₁ HCO3 （mEq/L） ₁₀ . ₁ ₂₇ . ₄ - Base Excess（mEq/L） -₂₃ . ₀ ₂.₃ （その他の検査） NaHCO3 注射液 NaHCO3 注射液 項目 点滴開始前 点滴開始から ₉₀ 分後 ヘモグロビン（g/dL） ₉.₀ ₉.₀ 血清クレアチニン（mg/dL） ₁ . ₇₉ ₁ . ₄₉ eGFR（mL/min/₁ . ₇₃ m ） ₃₀ . ₀ ₃₇ . ₀ 尿中ケトン体 陰性 陰性 問 196（物理・化学・生物） 血液中 HCO3 について、NaHCO3 注射液の点滴開始前の物質量と開始 ₉₀ 分後の - 物 質 量 の 差 は ₈ . ₄ w/v％ NaHCO3 注 射 液 何 mL に 相 当 す る か。1 つ 選 べ。 た だ し、この患者の血液の体積を ₅ . ₀ L とし、点滴による変化や代謝等は考慮しないも のとする。また、NaHCO3 の式量を ₈₄ とする。	"[""₂₄ mL"",""₄₈ mL"",""₆₃ mL"",""₈₇ mL"",""₁₀₂ mL""]"	singleChoice	3	null	normal	false	parsed	"[""none""]"	P110-CASE-196	https://www.mhlw.go.jp/content/001455160.pdf	https://www.mhlw.go.jp/content/001458551.pdf	2025-02-23	MHLW website content under Public Data License 1.0 unless separately indicated; third-party content requires separate review
P110-197	110	197	実践	実務	（実務） 生理食塩液の持続投与に加え、₈ . ₄ w/v％ NaHCO3 注射液が処方された理由とし て最も適切なのはどれか。1つ選べ。	"[""ケトアシドーシスであったため。"",""呼吸性アシドーシスであったため。"",""代謝性アシドーシスであったため。"",""PaO2 が高値であったため。"",""ヘモグロビンが低値であったため。""]"	singleChoice	2	null	normal	false	parsed	"[""none""]"	P110-CASE-196	https://www.mhlw.go.jp/content/001455160.pdf	https://www.mhlw.go.jp/content/001458551.pdf	2025-02-23	MHLW website content under Public Data License 1.0 unless separately indicated; third-party content requires separate review
P110-199	110	199	実践	実務	（物理・化学・生物） セチリジン塩酸塩はその R︲エナンチオマーと S︲エナンチオマーのラセミ体で、 旋光性は示さない。一方、レボセチリジン塩酸塩は R︲エナンチオマーであり、旋 光性を示し、比旋光度［a］ D = +₁₀ . ₈₀ ° である。いま、レボセチリジン塩酸塩を 含む原末 ₁ . ₀₀ g を量り、水に溶かして全量 ₂₀₀ mL とし、層長 ₁₀₀ mm の測定管を 用いて温度 ₂₅ ℃で旋光度 aD を測定したところ、+₀ . ₀₅₂ °であった。この原末中 のレボセチリジン塩酸塩の含量に最も近いのはどれか。1つ選べ。ただし、原末中 には R︲エナンチオマー以外に旋光性を示す物質は含まないものとする。	"[""₉₂ . ₂％"",""₉₄ . ₁％"",""₉₆ . ₃％"",""₉₈ . ₄％"",""₁₀₀ . ₇％""]"	singleChoice	2	null	normal	false	parsed	"[""none""]"	P110-CASE-198	https://www.mhlw.go.jp/content/001455160.pdf	https://www.mhlw.go.jp/content/001458551.pdf	2025-02-23	MHLW website content under Public Data License 1.0 unless separately indicated; third-party content requires separate review
P110-200	110	200	実践	物理・化学・生物	−201 ₄₅ 歳女性。慢性的に片頭痛を繰り返しており、現在、処方 ₁ 及び ₂ の薬剤 を服用している。 病院再診時、患者の片頭痛日誌を確認したところ、月 ₄ 回以上通勤できないほど の片頭痛発作があった。医師は処方 ₂ の薬剤を変更するため、病院薬剤師に薬剤の 選択について意見を求めた。 （処方 ₁ ） スマトリプタンコハク酸塩錠 ₅₀ mg ₁回₁錠 頭痛時 ₁₀ 回分（₁₀ 錠） （処方 ₂ ） バルプロ酸ナトリウム徐放錠 ₂₀₀ mg ₁ 回 ₁ 錠（ ₁ 日 ₂ 錠） ₁日₂回 朝夕食後 ₂₈ 日分 問 200（実務） 薬剤師が提案する変更後の処方薬として適切なのはどれか。2つ選べ。	"[""セレコキシブ"",""ガルカネズマブ"",""エルゴタミン"",""ロメリジン塩酸塩"",""ロキソプロフェンナトリウム""]"	multiChoice	[1,3]	null	normal	false	parsed	"[""none""]"	P110-CASE-200	https://www.mhlw.go.jp/content/001455160.pdf	https://www.mhlw.go.jp/content/001458551.pdf	2025-02-23	MHLW website content under Public Data License 1.0 unless separately indicated; third-party content requires separate review
P110-201	110	201	実践	実務	（物理・化学・生物） スマトリプタンはセロトニン（₅︲HT）受容体のアゴニストとして薬効を発揮す るが、受容体のサブタイプによって結合の強さが異なる。3H 標識した ₅︲HT を用 いた結合実験により、スマトリプタンはヒト ₅︲HT 受容体のうち ₅︲HT1D 受容体と 最も強く結合することがわかっている。スマトリプタンが結合していない ₅︲HT1D 受容体を R、スマトリプタンの遊離形を S、スマトリプタンと ₅︲HT1D 受容体の結 合形を RS とし、R と S は次のように ₁：₁ で反応するものとする。 R + S RS スマトリプタンの総濃度（ ）と ₅︲HT1D 受容体の総濃度（ ［S］+［RS］ ［R］+［RS］ ） がともに ₁₀₀ nmol/L であるとき、 ₅︲HT1D 受容体のうちスマトリプタンが結合し た割合が ₀ . ₈₀ とすると、この反応の解離定数 Kd に最も近いのはどれか。1つ選 べ。	"[""₀ . ₂₀ nmol/L"",""₀ . ₈₀ nmol/L"",""₅ . ₀ nmol/L"",""₈₀ nmol/L"",""₁₀₀ nmol/L""]"	singleChoice	2	null	normal	false	parsed	"[""none""]"	P110-CASE-200	https://www.mhlw.go.jp/content/001455160.pdf	https://www.mhlw.go.jp/content/001458551.pdf	2025-02-23	MHLW website content under Public Data License 1.0 unless separately indicated; third-party content requires separate review
P110-215	110	215	実践	実務	（物理・化学・生物） 処方 ₄ の薬物はプロドラッグであり、代謝物が DNA と共有結合を形成して抗腫 瘍効果を示す。以下の代謝経路に示す化合物のうち、DNA 塩基による求核置換反 応を受け、薬効を示す活性本体として、最も適切なのはどれか。1つ選べ。 N NH N NH 生体内酸化 O N N O N N NH2 N CH3 NH2 N CH3 H 3C OH 処方 ₄ の薬物 Ａ O + H H H3C N N Ｂ Ｄ N NH N NH O NH2 O HN N NH2 NH2 N CH3 Ｅ Ｃ （Ｄの対アニオンは省略している。）	"[""Ａ"",""Ｂ"",""Ｃ"",""Ｄ"",""Ｅ""]"	singleChoice	3	null	normal	false	parsed	"[""none""]"	P110-CASE-214	https://www.mhlw.go.jp/content/001455160.pdf	https://www.mhlw.go.jp/content/001458551.pdf	2025-02-23	MHLW website content under Public Data License 1.0 unless separately indicated; third-party content requires separate review
P110-224	110	224	実践	物理・化学・生物	−225 ₅₅ 歳女性。身長 ₁₆₂ cm、体重 ₅₁ kg。腹痛と微熱が続くため総合病院内科 を受診した。来院時の体温 ₃₇ . ₆ ℃。血液検査で炎症所見、及び左下腹部に圧痛を ともなう腫瘤が認められたため精査目的で入院となり、直腸がん Stage Ⅳb と診断 された。コンパニオン診断が実施され、その結果をもとに mFOLFOX₆ （レボホ リナート、フルオロウラシル、オキサリプラチン）にセツキシマブを組合せた治療 を実施する方針となった。 問 224（実務） この化学療法を選択するにあたり、参照されたコンパニオン診断の検査項目はど れか。1つ選べ。	"[""ALK 融合遺伝子"",""EGFR 遺伝子"",""HER₂ タンパク質"",""RAS 遺伝子"",""UGT1A1 遺伝子""]"	singleChoice	3	null	normal	false	parsed	"[""none""]"	P110-CASE-224	https://www.mhlw.go.jp/content/001455160.pdf	https://www.mhlw.go.jp/content/001458551.pdf	2025-02-23	MHLW website content under Public Data License 1.0 unless separately indicated; third-party content requires separate review
P110-229	110	229	実践	実務	（衛生） この患者が内科で出された処方箋を持って家族と来局した。この患者に服薬指導 した際に、家族から食生活に関する質問があり、食塩の摂取を控えるよう助言し た。薬剤師が腎臓病に関連するリスク因子について論文検索したところ、食塩摂取 量と末期腎不全（End Stage Renal Disease：ESRD）発症との関連性について検討 した論文があった。その論文においては、慢性腎臓病の患者 ₅₀₀ 人のうち、₁₀₀ 人 が ESRD を発症し、食塩 ₆ . ₀ g/日以上を摂取していた患者は ₈₅ 人であった。ま た、ESRD を発症した ₁₀₀ 人のうち、食塩 ₆ . ₀ g/日以上を摂取していた患者が ₂₀ 人 であった。 食塩摂取（₆ . ₀ g/日以上）による ESRD 発症のオッズ比として最も近い値はどれ か。1つ選べ。	"[""₁.₃"",""₂.₃"",""₃.₇"",""₄.₁"",""₄.₉""]"	singleChoice	0	null	normal	false	parsed	"[""none""]"	P110-CASE-228	https://www.mhlw.go.jp/content/001455160.pdf	https://www.mhlw.go.jp/content/001458551.pdf	2025-02-23	MHLW website content under Public Data License 1.0 unless separately indicated; third-party content requires separate review
P110-231	110	231	実践	実務	（実務） 薬剤師はこの親子に、皮膚の露出を少なくするために長袖・長ズボンなどの衣服 を着用することに加えて、虫よけ剤の使用を勧めた。虫よけ剤の活性成分として適 切なのはどれか。2つ選べ。	"[""イミダクロプリド"",""ディート"",""イカリジン"",""ジクロルボス"",""ジフェンヒドラミン""]"	multiChoice	[1,2]	null	normal	false	parsed	"[""none""]"	P110-CASE-230	https://www.mhlw.go.jp/content/001455160.pdf	https://www.mhlw.go.jp/content/001458551.pdf	2025-02-23	MHLW website content under Public Data License 1.0 unless separately indicated; third-party content requires separate review
P110-232	110	232	実践	衛生	−233 ₆₁ 歳女性。肺アスペルギローマの既往。急性リンパ性白血病と診断され、 シタラビン大量療法が施行された。療法開始から ₁₅ 日目に固形成分を含まない水 様性便となったため、副作用の対応として処方 ₁ ～ ₄ の薬剤で治療開始された。し かし、症状が悪化したことから、 ₅ 日後に糞便検体を採取して検査した結果、 toxin A 及び toxin B が陽性であった。Clostridioides difficile 感染症の院内での拡 大を防止するため、院内のチームで対策を検討することになった。 （処方 ₁ ） 点滴静注 メロペネム点滴静注用（ ₁ g/バイアル ₁ 本） ₁ g 生理食塩液 ₁₀₀ mL ₁日₃回 ₈ 時間ごと ₃₀ 分かけて投与 ₇ 日連日投与 （処方 ₂ ） イトラコナゾール錠 ₁₀₀ mg ₁ 回 ₁ 錠（ ₁ 日 ₁ 錠） ₁日₁回 朝食直後 ₇ 日分 （処方 ₃ ） ロペラミド塩酸塩カプセル ₁ mg ₁ 回 ₁ カプセル（ ₁ 日 ₂ カプセル） ₁日₂回 朝夕食後 ₇ 日分 （処方 ₄ ） メトクロプラミド錠 ₅ mg ₁ 回 ₁ 錠（ ₁ 日 ₃ 錠） 酪酸菌（宮入菌）製剤錠 ₂₀ mg ₁ 回 ₂ 錠（ ₁ 日 ₆ 錠） ₁日₃回 朝昼夕食前 ₇ 日分 問 232（実務） この患者に処方された処方 ₁ ～ ₄ の薬剤のうち、Clostridioides difficile 感染症 を誘発し、下痢を悪化させた可能性のある薬剤はどれか。1つ選べ。	"[""メロペネム点滴静注用"",""イトラコナゾール錠"",""ロペラミド塩酸塩カプセル"",""メトクロプラミド錠"",""酪酸菌（宮入菌）製剤錠""]"	singleChoice	0	null	normal	false	parsed	"[""none""]"	P110-CASE-232	https://www.mhlw.go.jp/content/001455160.pdf	https://www.mhlw.go.jp/content/001458551.pdf	2025-02-23	MHLW website content under Public Data License 1.0 unless separately indicated; third-party content requires separate review
P110-237	110	237	実践	実務	（衛生） この男性への TPN の処方として、ブドウ糖含有率 ₅₀％の基本輸液 ₅₀₀ mL、脂 肪乳剤（ダイズ油 ₂₀％）₁₀₀ mL、アミノ酸を ₅ ％含む総合アミノ酸輸液 ₃₇₅ mL、 高 カ ロ リ ー 輸 液 用 微 量 元 素 製 剤 ₂ mL、 総 合 ビ タ ミ ン 剤 ₅ mL を 設 計 し た。 Atwater 係数を用いて計算した場合、この処方における非タンパク質カロリー/窒 素比（NPC/N）の値として最も近いのはどれか。1つ選べ。 ただし、脂肪乳剤（ダイズ油 ₂₀％）₁₀₀ mL に含まれる熱量を ₂₀₀ kcal、アミノ 酸は ₁₆％の窒素を含むものとする。	"[""₁₀₀"",""₂₀₀"",""₃₀₀"",""₄₀₀"",""₅₀₀""]"	singleChoice	3	null	normal	false	parsed	"[""none""]"	P110-CASE-236	https://www.mhlw.go.jp/content/001455160.pdf	https://www.mhlw.go.jp/content/001458551.pdf	2025-02-23	MHLW website content under Public Data License 1.0 unless separately indicated; third-party content requires separate review
P110-238	110	238	実践	衛生	−239 海外の規制当局より、メトホルミン塩酸塩を含有する製剤（特定のロッ ト）から N︲ニトロソジメチルアミン（NDMA）が検出されたとの発表があっ た。₁₀ 年間にわたってメトホルミン塩酸塩含有製剤を服用してきた患者（体重 ₅₀ kg）がこのニュースを見て来局し、健康に対するリスクを教えて欲しいという 相談があった。そこで、公表されている NDMA の含有量を調べたところ、メトホ ルミン塩酸塩 ₁ , ₀₀₀ mg 当たり ₀ . ₀₈ ng の NDMA が含まれていることがわかっ た。薬剤師は、₁₀ 年間服用した場合の発がんリスクを計算し、患者に伝えること とした。 問 238（衛生） この患者が、このメトホルミン塩酸塩含有製剤を、 ₁ 日当たり ₁ , ₅₀₀ mg の用量 で ₁₀ 年間にわたって服用したとき、増加すると推定される発がんリスクに最も近 い値はどれか。1つ選べ。 ただし、NDMA の実質安全量（体重 ₅₀ kg の成人が生涯（₇₀ 年間）曝露した場 合に発がんリスクが ₁ . ₀ # ₁₀ 増加する曝露量）を ₀ . ₁ ng/日とし、発がんリスク は服用量及び服用期間に比例するものとする。	"[""₁ . ₀ # ₁₀"",""₁ . ₇ # ₁₀"",""₅ . ₉ # ₁₀"",""₁ . ₇ # ₁₀"",""₅ . ₉ # ₁₀""]"	singleChoice	3	null	normal	false	parsed	"[""none""]"	P110-CASE-238	https://www.mhlw.go.jp/content/001455160.pdf	https://www.mhlw.go.jp/content/001458551.pdf	2025-02-23	MHLW website content under Public Data License 1.0 unless separately indicated; third-party content requires separate review
P110-242	110	242	実践	衛生	−243 ある高校で、夏休み前の ₇ 月に野球大会を開催することとなった。大会当 日に、熱中症を防止する目的で、体育の教諭がグラウンドの中央付近の高さ約 ₁ m の地点で、乾球温度計及び黒球温度計を用いて温度を測定した。また、同時に電気 式湿度計で相対湿度を測定した。午前 ₈ 時及び午後 ₂ 時の測定結果を表 ₁ に示し た。 表₁ 測定結果 午前 ₈ 時 午後 ₂ 時 乾球温度（℃） ₂₈ . ₀ ₃₂ . ₀ 黒球温度（℃） ₃₄ . ₀ ₃₈ . ₀ 相対湿度（％） ₈₀ . ₀ ₃₀ . ₀ 表₂ 乾球温度と相対湿度から湿球温度（℃）を求める表（標準気圧の場合） 相対湿度（％） 乾球温度（℃） ₃₀ ₃₅ ₄₀ ₄₅ ₅₀ ₅₅ ₆₀ ₆₅ ₇₀ ₇₅ ₈₀ ₈₅ ₉₀ ₂₅ ₁₅ ₁₅ ₁₆ ₁₇ ₁₈ ₁₉ ₂₀ ₂₀ ₂₁ ₂₂ ₂₂ ₂₃ ₂₄ ₂₆ ₁₅ ₁₆ ₁₇ ₁₈ ₁₉ ₂₀ ₂₀ ₂₁ ₂₂ ₂₃ ₂₃ ₂₄ ₂₅ ₂₇ ₁₆ ₁₇ ₁₈ ₁₉ ₂₀ ₂₀ ₂₁ ₂₂ ₂₃ ₂₄ ₂₄ ₂₅ ₂₆ ₂₈ ₁₇ ₁₈ ₁₉ ₂₀ ₂₀ ₂₁ ₂₂ ₂₃ ₂₄ ₂₄ ₂₅ ₂₆ ₂₇ ₂₉ ₁₇ ₁₈ ₁₉ ₂₀ ₂₁ ₂₂ ₂₃ ₂₄ ₂₅ ₂₅ ₂₆ ₂₇ ₂₈ ₃₀ ₁₈ ₁₉ ₂₀ ₂₁ ₂₂ ₂₃ ₂₄ ₂₅ ₂₆ ₂₆ ₂₇ ₂₈ ₂₉ ₃₁ ₁₉ ₂₀ ₂₁ ₂₂ ₂₃ ₂₄ ₂₅ ₂₆ ₂₆ ₂₇ ₂₈ ₂₉ ₃₀ ₃₂ ₁₉ ₂₁ ₂₂ ₂₃ ₂₄ ₂₅ ₂₆ ₂₆ ₂₇ ₂₈ ₂₉ ₃₀ ₃₁ ₃₃ ₂₀ ₂₁ ₂₂ ₂₄ ₂₅ ₂₆ ₂₆ ₂₇ ₂₈ ₂₉ ₃₀ ₃₁ ₃₂ ₃₄ ₂₁ ₂₂ ₂₃ ₂₄ ₂₅ ₂₆ ₂₇ ₂₈ ₂₉ ₃₀ ₃₁ ₃₂ ₃₂ 問 242（衛生） 午前 ₈ 時及び午後 ₂ 時の暑さ指数（WBGT）の値に最も近いのはどれか。1つ 選べ。 ただし、気圧は標準気圧とする。また、屋外での WBGT は次式で求められ、湿 球温度は表 ₂ から求めるものとする。 WBGT（℃）= ₀ . ₇ # 湿球温度 + ₀ . ₂ # 黒球温度 + ₀ . ₁ # 乾球温度 午前 ₈ 時 午後 ₂ 時	"[""₂₅ ₂₂"",""₂₅ ₂₈"",""₂₇ ₂₄"",""₂₇ ₃₀"",""₂₉ ₂₆"",""₂₉ ₃₂""]"	singleChoice	2	null	normal	false	parsed	"[""none""]"	P110-CASE-242	https://www.mhlw.go.jp/content/001455160.pdf	https://www.mhlw.go.jp/content/001458551.pdf	2025-02-23	MHLW website content under Public Data License 1.0 unless separately indicated; third-party content requires separate review
P110-255	110	255	実践	実務	（実務） 認められた心電図異常はどれか。2つ選べ。	"[""ST 上昇"",""房室ブロック"",""徐脈"",""QT 延長"",""テント状 T 波の出現""]"	multiChoice	[2,3]	null	normal	false	parsed	"[""none""]"	P110-CASE-254	https://www.mhlw.go.jp/content/001455161.pdf	https://www.mhlw.go.jp/content/001458551.pdf	2025-02-23	MHLW website content under Public Data License 1.0 unless separately indicated; third-party content requires separate review
P110-257	110	257	実践	実務	（実務） 処方 ₂ の薬剤の重大な副作用はどれか。1つ選べ。	"[""心室性不整脈"",""白血球減少"",""低血圧"",""血栓塞栓症"",""下痢""]"	singleChoice	3	null	normal	false	parsed	"[""none""]"	P110-CASE-256	https://www.mhlw.go.jp/content/001455161.pdf	https://www.mhlw.go.jp/content/001458551.pdf	2025-02-23	MHLW website content under Public Data License 1.0 unless separately indicated; third-party content requires separate review
P110-258	110	258	実践	薬理	−259 ₆₅ 歳男性。最近、尿意を我慢できなくなってきたため、近くの泌尿器科を 受診したところ、過活動膀胱と診断され、行動療法とともに以下の処方で治療を開 始することとなった。当薬局への来局は今回が初めてであったことから、お薬手帳 の確認と聞き取りを行った。 （処方） ソリフェナシンコハク酸塩錠 ₅ mg ₁ 回 ₁ 錠（ ₁ 日 ₁ 錠） ₁日₁回 朝食後 ₁₄ 日分 （お薬手帳の内容） ラタノプロスト点眼液 ₁日₁回₁滴 ドルゾラミド塩酸塩点眼液 ₁日₁回₁滴 患者からの聞き取りにて、眼科通院中で、お薬手帳に記載の点眼液を使用中であ ることを泌尿器科の処方医に伝えていなかったことが分かった。 問 258（実務） 眼科において治療中と考えられる疾患として、最も可能性が高いのはどれか。 1つ選べ。	"[""加齢黄斑変性"",""白内障"",""緑内障"",""ぶどう膜炎"",""流行性角結膜炎""]"	singleChoice	2	null	normal	false	parsed	"[""none""]"	P110-CASE-258	https://www.mhlw.go.jp/content/001455161.pdf	https://www.mhlw.go.jp/content/001458551.pdf	2025-02-23	MHLW website content under Public Data License 1.0 unless separately indicated; third-party content requires separate review
P110-259	110	259	実践	実務	（薬理） 前問で最も可能性が高い疾患を患者が治療中であることを眼科医に確認できたの で、泌尿器科の医師に処方変更を提案することにした。提案する薬物の作用機序と して適切なのはどれか。1つ選べ。	"[""アドレナリン a1 受容体刺激"",""アドレナリン b3 受容体刺激"",""アセチルコリン M3 受容体遮断"",""アンドロゲン受容体遮断"",""ミネラルコルチコイド受容体（アルドステロン受容体）遮断""]"	singleChoice	1	null	normal	false	parsed	"[""none""]"	P110-CASE-258	https://www.mhlw.go.jp/content/001455161.pdf	https://www.mhlw.go.jp/content/001458551.pdf	2025-02-23	MHLW website content under Public Data License 1.0 unless separately indicated; third-party content requires separate review
P110-271	110	271	実践	実務	（実務） 前問で懸念された薬物相互作用を回避するために、薬剤師が皮膚科の医師に提案 する処方変更の内容として、適切なのはどれか。1つ選べ。	"[""投与量の減量"",""投与タイミングの就寝前への変更"",""テルビナフィン塩酸塩錠への変更"",""イトラコナゾール内用液への変更"",""ボリコナゾール錠への変更""]"	singleChoice	2	null	normal	false	parsed	"[""none""]"	P110-CASE-270	https://www.mhlw.go.jp/content/001455161.pdf	https://www.mhlw.go.jp/content/001458551.pdf	2025-02-23	MHLW website content under Public Data License 1.0 unless separately indicated; third-party content requires separate review
P110-272	110	272	実践	薬剤	−273 ₂₅ 歳女性。身長 ₁₆₀ cm、体重 ₅₅ kg。朝、自室から起床してこないため、 心配に思った家族が部屋の中に入ったところ、ベッドの上で仰向けになって意識を 失っていた。呼びかけに反応しなかったため、救急隊を要請した。病院搬送時の意 識レベルは Japan Coma Scale（JCS）₂₀₀、血圧 ₁₀₀/₅₅ mmHg、脈拍 ₁₀₅ 拍/分、 呼吸 ₁₅ 回/分、体温 ₃₆ . ₀ ℃であった。採取した尿を用いて定性試験でバルビツー ル酸類が強陽性であった。家族からの情報によると、女性は以前よりてんかん治療 のためフェノバルビタールを常用しており、たびたび体調を崩していた。胃内容物 を分析したところ、フェノバルビタールが検出され、過量摂取による意識障害と診 断された。 問 272（薬剤） 薬剤師がフェノバルビタールの血清中濃度を測定したところ、₆₅ ng/mL であっ た。医師は、球形吸着炭の ₆ 時間ごとの繰り返し投与、及び炭酸水素ナトリウム注 射液の持続投与を開始した。 ₂ 日後、フェノバルビタールの血清中濃度は ₄₀ ng/mL となり、意識は徐々に回復した。フェノバルビタールの体内動態に及ぼす球形吸着 炭及び炭酸水素ナトリウムの作用として、適切なのはどれか。2つ選べ。	"[""血漿タンパク結合の阻害"",""肝取り込みの促進"",""腸肝循環の抑制"",""尿細管分泌の促進"",""尿細管再吸収の抑制""]"	multiChoice	[2,4]	null	normal	false	parsed	"[""none""]"	P110-CASE-272	https://www.mhlw.go.jp/content/001455161.pdf	https://www.mhlw.go.jp/content/001458551.pdf	2025-02-23	MHLW website content under Public Data License 1.0 unless separately indicated; third-party content requires separate review
P110-273	110	273	実践	実務	（実務） ₃ 日後には、この患者の意識は完全に回復した。しかし、病棟薬剤師が患者の異 変に気付き、医師とともに症状を確認したところ、一過性の退薬症状が出現したと 考えられた。観察された症状として適切なのはどれか。2つ選べ。	"[""不安"",""傾眠"",""手指振戦"",""発疹"",""過度の心拍数低下""]"	multiChoice	[0,2]	null	normal	false	parsed	"[""none""]"	P110-CASE-272	https://www.mhlw.go.jp/content/001455161.pdf	https://www.mhlw.go.jp/content/001458551.pdf	2025-02-23	MHLW website content under Public Data License 1.0 unless separately indicated; third-party content requires separate review
P110-294	110	294	実践	病態・薬物治療	−295 ₂₉ 歳女性。既婚。 ₃ 年前に夫をドナーとした生体腎移植（ABO 血液型適 合）を受け、拒絶反応を抑制するため免疫抑制薬を以下の処方で服用しながら、生 活をしている。腎移植後、体調がよくなり生活も安定してきたので、子供を欲しい と思うようになった。 （処方） シクロスポリンカプセル ₂₅ mg ₁ 回 ₃ カプセル（ ₁ 日 ₆ カプセル） ₁日₂回 朝夕食後 ₂₈ 日分 問 294（病態・薬物治療） 患者の希望を考慮すると、今後の免疫抑制薬として選択可能なのはどれか。2つ 選べ。	"[""シクロスポリン"",""タクロリムス"",""バシリキシマブ"",""ミゾリビン"",""エベロリムス""]"	multiChoice	[0,1]	null	normal	false	parsed	"[""none""]"	P110-CASE-294	https://www.mhlw.go.jp/content/001455162.pdf	https://www.mhlw.go.jp/content/001458551.pdf	2025-02-23	MHLW website content under Public Data License 1.0 unless separately indicated; third-party content requires separate review
P110-295	110	295	実践	実務	（実務） ₁ 年後、この患者は妊娠したが、妊娠第 ₂₅ 週目になって血圧の上昇（₁₅₄/₁₁₂ mmHg）がみられたため入院し、降圧療法を行うことになった。なお、入院時の 血液検査結果は以下のとおりである。 （検査値） BUN ₁₈ mg/dL、血清クレアチニン ₀ . ₇ mg/dL、eGFR ₈₀ mL/min/₁ . ₇₃ m 、 Na ₁₄₃ mEq/L、K ₅ . ₂ mEq/L、Cl ₁₀₅ mEq/L この患者に対して禁忌ではなく、用いることができる降圧薬はどれか。2つ選 べ。	"[""アテノロール"",""エナラプリルマレイン酸塩"",""エサキセレノン"",""バルサルタン"",""ニフェジピン""]"	multiChoice	[0,4]	null	normal	false	parsed	"[""none""]"	P110-CASE-294	https://www.mhlw.go.jp/content/001455162.pdf	https://www.mhlw.go.jp/content/001458551.pdf	2025-02-23	MHLW website content under Public Data License 1.0 unless separately indicated; third-party content requires separate review
P110-299	110	299	実践	実務	（病態・薬物治療） 検査所見と診察の結果から判断してロスバスタチンを変更することになった。変 更後の治療薬として適切なのはどれか。2つ選べ。	"[""ピタバスタチン"",""エゼチミブ"",""ペマフィブラート"",""エボロクマブ"",""イコサペント酸エチル""]"	multiChoice	[1,3]	null	normal	false	parsed	"[""none""]"	P110-CASE-298	https://www.mhlw.go.jp/content/001455162.pdf	https://www.mhlw.go.jp/content/001458551.pdf	2025-02-23	MHLW website content under Public Data License 1.0 unless separately indicated; third-party content requires separate review
P110-300	110	300	実践	病態・薬物治療	−301 ₅₅ 歳女性。₄₅ 歳時に気管支ぜん息と診断されたことをきっかけに節煙し た。しかし、仕事によるストレスで喫煙の回数と飲酒量がここ最近増えている。 ₃ 年前から、ブデソニド／ホルモテロールフマル酸塩水和物吸入剤を使用していた が、効果不十分のため、半年前からは処方 ₁ の薬剤を使用している。その他の併用 薬と副作用歴はない。 （処方 ₁ ） テリルジー ₁₀₀ エリプタ ₃₀ 吸入用 ₁個 （注） ₁ 回 ₁ 吸入 ₁日₁回 朝吸入 注： ₁ 吸入でフルチカゾンフランカルボン酸エステルとして ₁₀₀ ng、ウメ クリジニウムとして ₆₂ . ₅ ng 及びビランテロールとして ₂₅ ng を吸入で きるドライパウダー吸入剤 今回もこの患者が処方 ₁ の処方箋を持って保険薬局に来局した。薬剤師が患者に インタビューしたところ、次の回答を得た。 患者： 「きちんと吸入していますが、最近、咳が出て調子が悪いです。特に、花粉 の飛散時期は咳が出やすいです。ピークフローメータをあまり使っていな かったので、もう一度、使い方と意義について教えてほしいです。」 問 300（病態・薬物治療） 処方 ₁ の薬剤について特に注意すべき副作用はどれか。2つ選べ。	"[""高カリウム血症"",""低血糖"",""間質性肺炎"",""動悸"",""口腔カンジダ症""]"	multiChoice	[3,4]	null	normal	false	parsed	"[""none""]"	P110-CASE-300	https://www.mhlw.go.jp/content/001455162.pdf	https://www.mhlw.go.jp/content/001458551.pdf	2025-02-23	MHLW website content under Public Data License 1.0 unless separately indicated; third-party content requires separate review
P110-311	110	311	実践	実務	（実務） 薬剤師は男性に、葛根湯はかぜにも適応があることと、葛根湯の注意事項等情報 （添付文書）の併用注意に希望したかぜ薬の成分が記載されていることを説明し た。このかぜ薬の成分のうち、併用注意の成分はどれか。1つ選べ。	"[""ロキソプロフェンナトリウム水和物"",""ジヒドロコデインリン酸塩"",""d︲クロルフェニラミンマレイン酸塩"",""dl︲メチルエフェドリン塩酸塩"",""グアイフェネシン""]"	singleChoice	3	null	normal	false	parsed	"[""none""]"	P110-CASE-310	https://www.mhlw.go.jp/content/001455162.pdf	https://www.mhlw.go.jp/content/001458551.pdf	2025-02-23	MHLW website content under Public Data License 1.0 unless separately indicated; third-party content requires separate review
P110-324	110	324	実践	法規・制度・倫理	−325 ある薬局で、服薬指導の内容と服薬アドヒアランスとの関係を明らかにす るために、この薬局で過去 ₅ 年間に降圧薬を調剤された成人患者を対象として、薬 歴を用いて後ろ向きに調査を行い、学会発表することを計画している。研究に用い るデータは、患者名はわからないように集計、解析する予定である。 調査対象となる患者全員に個別に説明し同意を取得するのは困難なので、研究概 要の薬局内へのポスター掲示と薬局ホームページへの掲載によりいつでも質問を受 け付けることができるようにすることで、倫理審査委員会の承認を受ける予定であ る。なお、この研究にかかる費用はこの薬局で負担することとした。 問 324（実務） この薬局で研究のために作成するポスターに記載する内容として必要なのはどれ か。2つ選べ。	"[""研究目的"",""研究協力の拒否の方法"",""研究に携わっている全員の連絡先"",""倫理審査委員会の委員の氏名"",""この研究に要する費用""]"	multiChoice	[0,1]	null	normal	false	parsed	"[""none""]"	P110-CASE-324	https://www.mhlw.go.jp/content/001455162.pdf	https://www.mhlw.go.jp/content/001458551.pdf	2025-02-23	MHLW website content under Public Data License 1.0 unless separately indicated; third-party content requires separate review
P110-326	110	326	実践	実務	₄₀ 歳男性。身長 ₁₇₂ cm、体重 ₇₀ kg。今回、生体腎移植を受けるために入院し た。移植後の拒絶反応予防のために、以下の処方が開始された。 （処方 ₁ ） タクロリムス水和物徐放性カプセル ₅ mg ₁ 回 ₂ カプセル（ ₁ 日 ₂ カプセル） ₁日₁回 朝食後 ₇ 日分 （処方 ₂ ） ミコフェノール酸モフェチルカプセル ₂₅₀ mg ₁ 回 ₄ カプセル（ ₁ 日 ₈ カプセル） ₁日₂回 朝夕食後 ₇ 日分 （処方 ₃ ） メチルプレドニゾロン錠 ₄ mg 朝 ₆ 錠、昼 ₂ 錠（ ₁ 日 ₈ 錠） ₁日₂回 朝昼食後 ₇ 日分 服薬開始後 ₁₀ 日目の服薬指導時、薬剤師に下痢の訴えがあった。 訴えに対する薬剤師の薬学的管理事項として、誤っているのはどれか。1つ選 べ。	"[""口の渇き、尿量の変化を確認"",""ミコフェノール酸モフェチルの血中濃度測定依頼を提案"",""メチルプレドニゾロン錠の中止を提案"",""症状軽減のために半夏瀉心湯エキス顆粒の処方提案"",""感染症確認のために便培養依頼を提案""]"	singleChoice	2	null	normal	false	parsed	"[""none""]"		https://www.mhlw.go.jp/content/001455162.pdf	https://www.mhlw.go.jp/content/001458551.pdf	2025-02-23	MHLW website content under Public Data License 1.0 unless separately indicated; third-party content requires separate review
P110-327	110	327	実践	実務	₆₈ 歳女性。夕方買い物に出かけた際に転倒し、救急車で整形外科病院に搬送さ れた。 （入院時検査値） 血圧 ₁₄₂/₉₃ mmHg、LDL︲C ₁₃₄ mg/dL、eGFR ₆₀ . ₅ mL/min/₁ . ₇₃ m 下半身の痛みを訴えており、自力で立つことができない状態であった。レントゲ ン検査の結果、大腿骨頸部骨折と診断され、緊急で骨接合術が実施されることに なった。主治医よりこの患者の服薬状況について、確認依頼があった。そこで薬剤 師は、患者が携帯していたお薬手帳より、現在の内服薬の情報を入手した。 （お薬手帳の内容） エルデカルシトールカプセル ₀ . ₅ ng ₁ 回 ₁ カプセル ₁日₁回 朝食後 ラロキシフェン塩酸塩錠 ₆₀ mg ₁回₁錠 ₁日₁回 朝食後 アムロジピン錠 ₅ mg ₁回₁錠 ₁日₁回 朝食後 ロスバスタチン錠 ₂ . ₅ mg ₁回₁錠 ₁日₁回 朝食後 スボレキサント錠 ₁₅ mg ₁回₁錠 ₁日₁回 就寝直前 術後、完全に歩行可能になるまで服用を中止すべき内服薬はどれか。1つ選べ。	"[""エルデカルシトールカプセル"",""ラロキシフェン塩酸塩錠"",""アムロジピン錠"",""ロスバスタチン錠"",""スボレキサント錠""]"	singleChoice	1	null	normal	false	parsed	"[""none""]"		https://www.mhlw.go.jp/content/001455162.pdf	https://www.mhlw.go.jp/content/001458551.pdf	2025-02-23	MHLW website content under Public Data License 1.0 unless separately indicated; third-party content requires separate review
P110-333	110	333	実践	実務	₆₀ 歳男性。がん化学療法後に増悪した PD︲L₁ 陽性の再発食道扁平上皮がんに 対してペムブロリズマブ ₂₀₀ mg の点滴静注が開始された。 ₄ コース目施行時に担 当薬剤師は患者から ₃ コース終了頃から倦怠感と寒気が続いているとの訴えを聴取 した。また看護記録から体重増加と心拍 ₄₂ 拍/分で徐脈であることを確認した。担 当薬剤師は以下の医薬品リスク管理計画を参考に有害事象発現の可能性を考えた。 身体所見と看護記録に基づいて薬剤師から提案する検査項目はどれか。1つ選べ。 【重要な特定されたリスク】 間質性肺疾患 神経障害（ギランバレー症候群） 大腸炎・重度の下痢 重度の皮膚障害（皮膚粘膜眼症候群， 肝機能障害・硬化性胆管炎 多形紅斑，類天疱瘡等） 腎機能障害 脳炎・髄膜炎 内分泌障害（下垂体機能障害，甲状腺 重症筋無力症 機能障害，副腎機能障害） 心筋炎 ₁ 型糖尿病 免疫性血小板減少性紫斑病 ぶどう膜炎 溶血性貧血 筋炎・横紋筋融解症 赤芽球癆 膵炎 infusion reaction ペムブロリズマブリスク管理計画 ₂₀₁₇ より引用	"[""プロラクチン"",""テストステロン"",""抗利尿ホルモン"",""ゴナドトロピン"",""甲状腺刺激ホルモン""]"	singleChoice	4	null	normal	false	parsed	"[""none""]"		https://www.mhlw.go.jp/content/001455162.pdf	https://www.mhlw.go.jp/content/001458551.pdf	2025-02-23	MHLW website content under Public Data License 1.0 unless separately indicated; third-party content requires separate review
P110-334	110	334	実践	実務	₆₈ 歳女性。 ₁ 週間前より右下肢に腫脹が見られるようになり、かかりつけ医か ら大学病院を紹介され、受診した。下肢静脈超音波検査による血栓の確認及び D︲ダイマーの上昇により、深部静脈血栓症と診断され、即日入院となった。薬剤 師は、患者が携帯していたお薬手帳より、現在の使用中の薬剤情報を入手した。ま た、入院後も服用継続の予定である。 （お薬手帳の内容） ミコナゾールゲル経口用 ₂ ％ ₂₀ g ₁ 回適量 ₁日₄回 朝昼夕就寝前 口腔内に塗布 （臨床検査値） D︲ダイマー ₈ . ₉ ng/mL（基準値：₁ . ₀ ng/mL 未満）、 eGFR ₇₂ mL/min/₁ . ₇₃ m この患者に適切な深部静脈血栓症の治療薬はどれか。2つ選べ。	"[""シロスタゾール"",""クロピドグレル"",""ワルファリンカリウム"",""アピキサバン"",""ダルテパリン""]"	multiChoice	[3,4]	null	normal	false	parsed	"[""none""]"		https://www.mhlw.go.jp/content/001455162.pdf	https://www.mhlw.go.jp/content/001458551.pdf	2025-02-23	MHLW website content under Public Data License 1.0 unless separately indicated; third-party content requires separate review
P110-335	110	335	実践	実務	₆₃ 歳男性。数日前より全身倦怠感があり、血圧低下、体重減少が出現したため 近医を受診し、大学病院を紹介された。外観上皮膚の色素沈着が認められた。検査 の結果、コルチゾールの低値及び ACTH の高値が認められ、アジソン病の確定診 断を受け、以下の処方が開始となった。 （入院時検査値） 身長 ₁₆₅ cm、体重 ₅₃ kg、血圧 ₉₉/₅₉ mmHg、Na ₁₃₄ mEq/L、 K ₅ . ₃ mEq/L、空腹時血糖 ₇₅ mg/dL、コルチゾール ₁ . ₀ ng/dL、 ACTH ₁ , ₇₉₆ pg/mL （処方） ヒドロコルチゾン錠 ₁₀ mg 朝 ₁ . ₅ 錠、昼 ₀ . ₅ 錠（ ₁ 日 ₂ 錠） ₁日₂回 朝昼食後 ₇ 日分 しかし、投薬開始後、低血圧及び低 Na 血症の改善が不十分であり、処方に追加 する治療薬の検討が必要となった。 この患者に追加する最も適切な治療薬はどれか。1つ選べ。	"[""デキサメタゾン"",""ベタメタゾン"",""フルドロコルチゾン"",""スピロノラクトン"",""エプレレノン""]"	singleChoice	2	null	normal	false	parsed	"[""none""]"		https://www.mhlw.go.jp/content/001455162.pdf	https://www.mhlw.go.jp/content/001458551.pdf	2025-02-23	MHLW website content under Public Data License 1.0 unless separately indicated; third-party content requires separate review
P110-337	110	337	実践	実務	₆₇ 歳女性。身長 ₁₆₃ cm、体重 ₆₂ kg。乳がんの術後化学療法としてペルツズマ ブ、トラスツズマブ、ドセタキセルによる化学療法を施行している。外来日の検査 値の結果を踏まえ、医師はペグフィルグラスチム（遺伝子組換え）の投与を行っ た。また患者は即時入院となった。この患者に使用する抗菌薬として適切なのはど れか。2つ選べ。 （検査値） 体温 ₃₈ . ₁ ℃、好中球数 ₄₅₀/nL、eGFR ₇₂ . ₅ mL/min/₁ . ₇₃ m	"[""セフェピム"",""エリスロマイシン"",""メロペネム"",""ミノサイクリン"",""ダプトマイシン""]"	multiChoice	[0,2]	null	normal	false	parsed	"[""none""]"		https://www.mhlw.go.jp/content/001455162.pdf	https://www.mhlw.go.jp/content/001458551.pdf	2025-02-23	MHLW website content under Public Data License 1.0 unless separately indicated; third-party content requires separate review
P110-344	110	344	実践	実務	₃₂ 歳女性。半年前に家族性高コレステロール血症と診断され、生活習慣の改善 及び以下の処方の薬剤による治療を行っている。冠動脈疾患の既往歴はない。 LDL︲C は管理目標値まで下げることができたが、本日の診察の際に患者から「妊 娠の可能性がある」との報告があり、薬剤の変更が検討された。 （処方） エゼチミブ・アトルバスタチン ₂₀ mg 配合錠 ₁ 回 ₁ 錠（ ₁ 日 ₁ 錠） ₁日₁回 朝食後 ₂₈ 日分 （検査値） 血圧 ₁₂₂/₇₄ mmHg、LDL︲C ₈₀ mg/dL、HDL︲C ₇₅ mg/dL、 TG（トリグリセリド）₈₀ mg/dL この患者に提案できる治療薬はどれか。1つ選べ。	"[""ロスバスタチン"",""プロブコール"",""コレスチミド"",""ペマフィブラート"",""ロミタピド""]"	singleChoice	2	null	normal	false	parsed	"[""none""]"		https://www.mhlw.go.jp/content/001455162.pdf	https://www.mhlw.go.jp/content/001458551.pdf	2025-02-23	MHLW website content under Public Data License 1.0 unless separately indicated; third-party content requires separate review
P110-345	110	345	実践	実務	₆₂ 歳女性。卵巣がんにて、パクリタキセル、カルボプラチン、ベバシズマブを 用いた外来化学療法を施行している。ベバシズマブの重大な副作用である血栓塞栓 症の早期発見のために、患者に伝えておくべき自覚症状として適切なのはどれか。 2つ選べ。	"[""口渇"",""息苦しさ"",""黒色便"",""胸の痛み"",""味覚障害""]"	multiChoice	[1,3]	null	normal	false	parsed	"[""none""]"		https://www.mhlw.go.jp/content/001455162.pdf	https://www.mhlw.go.jp/content/001458551.pdf	2025-02-23	MHLW website content under Public Data License 1.0 unless separately indicated; third-party content requires separate review
P109-001	109	1	必須	物理・化学・生物	永久双極子モーメントをもつ分子はどれか。1つ選べ。	"[""ベンゼン"",""メタン"",""二酸化炭素"",""水"",""四塩化炭素""]"	singleChoice	3	null	normal	false	parsed	"[""none""]"		https://www.mhlw.go.jp/content/001226759.pdf	https://www.mhlw.go.jp/content/001228441.pdf	2024-02-18	MHLW website content under Public Data License 1.0 unless separately indicated; third-party content requires separate review
P109-003	109	3	必須	物理・化学・生物	質量数は変わらず原子番号が ₁ 増加した娘核種が生成するのはどれか。1つ選 べ。	"[""a 壊変"",""b 壊変 -"",""b 壊変 +"",""軌道電子捕獲"",""核異性体転移""]"	singleChoice	1	null	normal	false	parsed	"[""none""]"		https://www.mhlw.go.jp/content/001226759.pdf	https://www.mhlw.go.jp/content/001228441.pdf	2024-02-18	MHLW website content under Public Data License 1.0 unless separately indicated; third-party content requires separate review
P109-004	109	4	必須	物理・化学・生物	粉末 X 線回折パターンの横軸に表されるパラメータはどれか。1つ選べ。 ただし、i は入射 X 線と格子面群との間の角度である。	"[""₂i"",""i i ₂""]"	singleChoice	0	null	normal	false	parsed	"[""none""]"		https://www.mhlw.go.jp/content/001226759.pdf	https://www.mhlw.go.jp/content/001228441.pdf	2024-02-18	MHLW website content under Public Data License 1.0 unless separately indicated; third-party content requires separate review
P109-005	109	5	必須	物理・化学・生物	₂₅ ℃における ₀ . ₀₁ mol/L 安息香酸水溶液の pH に最も近い値はどれか。1つ選 べ。 ただし、安息香酸の pKa = ₄ . ₂（₂₅ ℃）とする。	"[""₁.₅"",""₃.₀"",""₄.₅"",""₆.₀"",""₇.₅""]"	singleChoice	1	null	normal	false	parsed	"[""none""]"		https://www.mhlw.go.jp/content/001226759.pdf	https://www.mhlw.go.jp/content/001228441.pdf	2024-02-18	MHLW website content under Public Data License 1.0 unless separately indicated; third-party content requires separate review
P109-007	109	7	必須	物理・化学・生物	活性酸素種でないのはどれか。1つ選べ。	"[""O2"",""O2"",""• O2 -"",""• OH"",""H2O2""]"	singleChoice	1	null	normal	false	parsed	"[""none""]"		https://www.mhlw.go.jp/content/001226759.pdf	https://www.mhlw.go.jp/content/001228441.pdf	2024-02-18	MHLW website content under Public Data License 1.0 unless separately indicated; third-party content requires separate review
P109-009	109	9	必須	物理・化学・生物	図は、エチレンへの塩化水素の付加反応における反応の進行度とポテンシャルエ ネルギーの関係を表している。塩化物イオンが求核攻撃する段階の活性化エネル ギーはどれか。1つ選べ。 E3 E1 エネルギー E2 H2C=CH2 E4 ＋ HCl CH3CH2Cl 反応の進行度	"[""E1"",""E1 - E2"",""E3"",""E2 + E3"",""E4""]"	singleChoice	2	null	normal	false	parsed	"[""none""]"		https://www.mhlw.go.jp/content/001226759.pdf	https://www.mhlw.go.jp/content/001228441.pdf	2024-02-18	MHLW website content under Public Data License 1.0 unless separately indicated; third-party content requires separate review
P109-010	109	10	必須	物理・化学・生物	以下の生薬のうち、排尿障害を悪化させる可能性が最も高いのはどれか。1つ 選べ。	"[""ゲンノショウコ"",""センブリ"",""ケツメイシ"",""ロートコン"",""オウバク""]"	singleChoice	3	null	normal	false	parsed	"[""none""]"		https://www.mhlw.go.jp/content/001226759.pdf	https://www.mhlw.go.jp/content/001228441.pdf	2024-02-18	MHLW website content under Public Data License 1.0 unless separately indicated; third-party content requires separate review
P109-011	109	11	必須	物理・化学・生物	第 ₈ 脳神経によって主に伝えられる感覚はどれか。1つ選べ。	"[""嗅覚"",""視覚"",""聴覚"",""味覚"",""触覚""]"	singleChoice	2	null	normal	false	parsed	"[""none""]"		https://www.mhlw.go.jp/content/001226759.pdf	https://www.mhlw.go.jp/content/001228441.pdf	2024-02-18	MHLW website content under Public Data License 1.0 unless separately indicated; third-party content requires separate review
P109-012	109	12	必須	物理・化学・生物	真核細胞の核内の DNA とは別に、独立した DNA を遺伝情報として有する細胞 小器官はどれか。1つ選べ。	"[""ペルオキシソーム"",""ミトコンドリア"",""リソソーム"",""ゴルジ体"",""小胞体""]"	singleChoice	1	null	normal	false	parsed	"[""none""]"		https://www.mhlw.go.jp/content/001226759.pdf	https://www.mhlw.go.jp/content/001228441.pdf	2024-02-18	MHLW website content under Public Data License 1.0 unless separately indicated; third-party content requires separate review
P109-013	109	13	必須	物理・化学・生物	核内受容体のリガンドの前駆体となるビタミンはどれか。1つ選べ。	"[""ナイアシン"",""ピリドキシン"",""パントテン酸"",""レチノール"",""ビオチン""]"	singleChoice	3	null	normal	false	parsed	"[""none""]"		https://www.mhlw.go.jp/content/001226759.pdf	https://www.mhlw.go.jp/content/001228441.pdf	2024-02-18	MHLW website content under Public Data License 1.0 unless separately indicated; third-party content requires separate review
P109-014	109	14	必須	物理・化学・生物	血漿リポタンパク質のうち、その組成に占めるコレステロールの割合が最も高 く、肝臓から全身の組織へのコレステロール輸送を主として担うのはどれか。1つ 選べ。	"[""キロミクロン"",""超低密度リポタンパク質（VLDL）"",""中間密度リポタンパク質（IDL）"",""低密度リポタンパク質（LDL）"",""高密度リポタンパク質（HDL）""]"	singleChoice	3	null	normal	false	parsed	"[""none""]"		https://www.mhlw.go.jp/content/001226759.pdf	https://www.mhlw.go.jp/content/001228441.pdf	2024-02-18	MHLW website content under Public Data License 1.0 unless separately indicated; third-party content requires separate review
P109-015	109	15	必須	物理・化学・生物	主要組織適合遺伝子複合体（MHC）のクラスⅠ分子とクラスⅡ分子の両方で抗 原提示できる免疫担当細胞はどれか。1つ選べ。	"[""樹状細胞"",""キラー T 細胞"",""好中球"",""巨核球"",""制御性 T 細胞 必須問題 【衛生】""]"	singleChoice	0	null	normal	false	parsed	"[""none""]"		https://www.mhlw.go.jp/content/001226759.pdf	https://www.mhlw.go.jp/content/001228441.pdf	2024-02-18	MHLW website content under Public Data License 1.0 unless separately indicated; third-party content requires separate review
P109-016	109	16	必須	衛生	対象集団について、ある一時点における疾病の有無と要因の保有状況を調査 し、その関連を明らかにする疫学研究手法はどれか。1つ選べ。	"[""症例対照研究"",""縦断的研究"",""介入研究"",""コホート研究"",""横断的研究""]"	singleChoice	4	null	normal	false	parsed	"[""none""]"		https://www.mhlw.go.jp/content/001226759.pdf	https://www.mhlw.go.jp/content/001228441.pdf	2024-02-18	MHLW website content under Public Data License 1.0 unless separately indicated; third-party content requires separate review
P109-017	109	17	必須	衛生	予防接種が勧奨されている子宮頸がんのリスク要因はどれか。1つ選べ。	"[""ヒト単純ヘルペスウイルス"",""梅毒トレポネーマ"",""クラミジア・トラコマチス"",""ヒトパピローマウイルス"",""淋菌""]"	singleChoice	3	null	normal	false	parsed	"[""none""]"		https://www.mhlw.go.jp/content/001226759.pdf	https://www.mhlw.go.jp/content/001228441.pdf	2024-02-18	MHLW website content under Public Data License 1.0 unless separately indicated; third-party content requires separate review
P109-020	109	20	必須	衛生	ホルムアルデヒドや有機酸の殺菌・静菌作用によって食品の保存性を高める方 法はどれか。1つ選べ。	"[""乾燥"",""塩蔵"",""くん煙"",""冷蔵"",""糖漬""]"	singleChoice	2	null	normal	false	parsed	"[""none""]"		https://www.mhlw.go.jp/content/001226759.pdf	https://www.mhlw.go.jp/content/001228441.pdf	2024-02-18	MHLW website content under Public Data License 1.0 unless separately indicated; third-party content requires separate review
P109-022	109	22	必須	衛生	遺伝毒性発がん物質のリスク評価に用いられる指標はどれか。1つ選べ。	"[""許容一日摂取量"",""耐容一日摂取量"",""実質安全量"",""急性参照用量"",""無毒性量""]"	singleChoice	2	null	normal	false	parsed	"[""none""]"		https://www.mhlw.go.jp/content/001226759.pdf	https://www.mhlw.go.jp/content/001228441.pdf	2024-02-18	MHLW website content under Public Data License 1.0 unless separately indicated; third-party content requires separate review
P109-023	109	23	必須	衛生	以下の生体組織のうち、放射線に対する感受性が最も高いのはどれか。1つ選 べ。	"[""神経組織"",""造血組織"",""皮膚組織"",""筋肉組織"",""脂肪組織""]"	singleChoice	1	null	normal	false	parsed	"[""none""]"		https://www.mhlw.go.jp/content/001226759.pdf	https://www.mhlw.go.jp/content/001228441.pdf	2024-02-18	MHLW website content under Public Data License 1.0 unless separately indicated; third-party content requires separate review
P109-024	109	24	必須	衛生	地上部での光化学オキシダントの生成に関与する主な非電離放射線はどれか。 1つ選べ。	"[""遠赤外線"",""近赤外線"",""可視光線"",""UV︲A"",""UV︲C""]"	singleChoice	3	null	normal	false	parsed	"[""none""]"		https://www.mhlw.go.jp/content/001226759.pdf	https://www.mhlw.go.jp/content/001228441.pdf	2024-02-18	MHLW website content under Public Data License 1.0 unless separately indicated; third-party content requires separate review
P109-026	109	26	必須	薬理	禁煙補助薬として用いられるニコチン性アセチルコリン受容体部分刺激薬はど れか。1つ選べ。	"[""シアナミド"",""ナロキソン"",""ニコチン"",""バレニクリン"",""フルマゼニル""]"	singleChoice	3	null	normal	false	parsed	"[""none""]"		https://www.mhlw.go.jp/content/001226759.pdf	https://www.mhlw.go.jp/content/001228441.pdf	2024-02-18	MHLW website content under Public Data License 1.0 unless separately indicated; third-party content requires separate review
P109-027	109	27	必須	薬理	自律神経節遮断薬の効果として、正しいのはどれか。1つ選べ。	"[""心拍数低下"",""散瞳"",""消化管運動促進"",""排尿促進"",""発汗促進""]"	singleChoice	1	null	normal	false	parsed	"[""none""]"		https://www.mhlw.go.jp/content/001226759.pdf	https://www.mhlw.go.jp/content/001228441.pdf	2024-02-18	MHLW website content under Public Data License 1.0 unless separately indicated; third-party content requires separate review
P109-029	109	29	必須	薬理	アバタセプトの関節リウマチ治療効果発現の標的分子はどれか。1つ選べ。	"[""CD₂₈"",""細胞傷害性 T リンパ球抗原︲₄（CTLA︲₄）"",""CD₈₀/CD₈₆"",""IL︲₆ 受容体"",""TNF︲a""]"	singleChoice	2	null	normal	false	parsed	"[""none""]"		https://www.mhlw.go.jp/content/001226759.pdf	https://www.mhlw.go.jp/content/001228441.pdf	2024-02-18	MHLW website content under Public Data License 1.0 unless separately indicated; third-party content requires separate review
P109-030	109	30	必須	薬理	オステオカルシンのグルタミン酸残基の c︲カルボキシ化を促進するのはどれ か。1つ選べ。	"[""メナテトレノン"",""エルカトニン"",""カルシトリオール"",""テリパラチド"",""イプリフラボン""]"	singleChoice	0	null	normal	false	parsed	"[""none""]"		https://www.mhlw.go.jp/content/001226759.pdf	https://www.mhlw.go.jp/content/001228441.pdf	2024-02-18	MHLW website content under Public Data License 1.0 unless separately indicated; third-party content requires separate review
P109-031	109	31	必須	薬理	血管平滑筋細胞において、可溶性グアニル酸シクラーゼを刺激して血管拡張作 用を示すのはどれか。1つ選べ。	"[""アルプロスタジル"",""シルデナフィル"",""ベラプロスト"",""リオシグアト"",""マシテンタン""]"	singleChoice	3	null	normal	false	parsed	"[""none""]"		https://www.mhlw.go.jp/content/001226759.pdf	https://www.mhlw.go.jp/content/001228441.pdf	2024-02-18	MHLW website content under Public Data License 1.0 unless separately indicated; third-party content requires separate review
P109-032	109	32	必須	薬理	プラスミンのフィブリンへの結合を阻害することで、止血作用を示すのはどれ か。1つ選べ。	"[""フィトナジオン"",""プロタミン"",""トラネキサム酸"",""ヘモコアグラーゼ"",""カルバゾクロムスルホン酸""]"	singleChoice	2	null	normal	false	parsed	"[""none""]"		https://www.mhlw.go.jp/content/001226759.pdf	https://www.mhlw.go.jp/content/001228441.pdf	2024-02-18	MHLW website content under Public Data License 1.0 unless separately indicated; third-party content requires separate review
P109-033	109	33	必須	薬理	メフルシドの利尿作用の機序はどれか。1つ選べ。	"[""心房性ナトリウム利尿ペプチド（ANP）受容体刺激"",""バソプレシン V2 受容体遮断"",""上皮性 Na チャネル遮断 +"",""Na ︲Cl 共輸送体阻害 + -"",""Na ︲K ︲₂Cl 共輸送体阻害 + + -""]"	singleChoice	3	null	normal	false	parsed	"[""none""]"		https://www.mhlw.go.jp/content/001226759.pdf	https://www.mhlw.go.jp/content/001228441.pdf	2024-02-18	MHLW website content under Public Data License 1.0 unless separately indicated; third-party content requires separate review
P109-034	109	34	必須	薬理	ウメクリジニウムの気管支収縮抑制作用の機序はどれか。1つ選べ。	"[""ホスホジエステラーゼ阻害"",""アデノシン A1 受容体遮断"",""アドレナリン b2 受容体刺激"",""アセチルコリン M3 受容体遮断"",""エラスターゼ阻害""]"	singleChoice	3	null	normal	false	parsed	"[""none""]"		https://www.mhlw.go.jp/content/001226759.pdf	https://www.mhlw.go.jp/content/001228441.pdf	2024-02-18	MHLW website content under Public Data License 1.0 unless separately indicated; third-party content requires separate review
P109-035	109	35	必須	薬理	トリメブチンの消化管運動調節作用の機序はどれか。1つ選べ。	"[""ドパミン D2 受容体遮断"",""コリンエステラーゼ阻害"",""アセチルコリン M3 受容体刺激"",""セロトニン ₅︲HT4 受容体刺激"",""オピオイド n 受容体刺激""]"	singleChoice	4	null	normal	false	parsed	"[""none""]"		https://www.mhlw.go.jp/content/001226759.pdf	https://www.mhlw.go.jp/content/001228441.pdf	2024-02-18	MHLW website content under Public Data License 1.0 unless separately indicated; third-party content requires separate review
P109-036	109	36	必須	薬理	ミクロソームトリグリセリド転送タンパク質（MTP）を阻害する脂質異常症治 療薬はどれか。1つ選べ。	"[""エゼチミブ"",""エボロクマブ"",""ロミタピド"",""アトルバスタチン"",""ペマフィブラート""]"	singleChoice	2	null	normal	false	parsed	"[""none""]"		https://www.mhlw.go.jp/content/001226759.pdf	https://www.mhlw.go.jp/content/001228441.pdf	2024-02-18	MHLW website content under Public Data License 1.0 unless separately indicated; third-party content requires separate review
P109-037	109	37	必須	薬理	ソマトスタチン受容体を刺激して、消化管ホルモン産生腫瘍に伴う諸症状を改 善するのはどれか。1つ選べ。	"[""オクトレオチド"",""ソマトレリン"",""ソマトロピン"",""プロチレリン"",""ペグビソマント""]"	singleChoice	0	null	normal	false	parsed	"[""none""]"		https://www.mhlw.go.jp/content/001226759.pdf	https://www.mhlw.go.jp/content/001228441.pdf	2024-02-18	MHLW website content under Public Data License 1.0 unless separately indicated; third-party content requires separate review
P109-038	109	38	必須	薬理	ホスホジエステラーゼ ₄ （PDE₄）を阻害することで、炎症性サイトカインの産 生を抑制する尋常性乾癬の治療薬はどれか。1つ選べ。	"[""マキサカルシトール"",""エトレチナート"",""アプレミラスト"",""セクキヌマブ"",""ブロダルマブ""]"	singleChoice	2	null	normal	false	parsed	"[""none""]"		https://www.mhlw.go.jp/content/001226759.pdf	https://www.mhlw.go.jp/content/001228441.pdf	2024-02-18	MHLW website content under Public Data License 1.0 unless separately indicated; third-party content requires separate review
P109-040	109	40	必須	薬理	抗悪性腫瘍薬のうち、チュブリンに結合し微小管の重合を阻害するのはどれ か。1つ選べ。	"[""シスプラチン"",""メトトレキサート"",""ビンクリスチン"",""フルオロウラシル"",""ブレオマイシン 必須問題 【薬剤】""]"	singleChoice	2	null	normal	false	parsed	"[""none""]"		https://www.mhlw.go.jp/content/001226759.pdf	https://www.mhlw.go.jp/content/001228441.pdf	2024-02-18	MHLW website content under Public Data License 1.0 unless separately indicated; third-party content requires separate review
P109-043	109	43	必須	薬剤	血漿タンパク質と結合する薬物について、平衡透析法により薬物の血漿タンパ ク結合率を測定した。半透膜で隔てた透析セルの左側に血漿を、右側に薬物溶液を それぞれ加え、平衡に達するまで ₃₇ ℃で振とうした。各透析セルの薬物濃度を ［Ａ］～［Ｃ］とするとき、血漿タンパク質に結合した薬物濃度を示す式はどれ か。1つ選べ。 透析開始前 平衡後 薬物溶液 振とう 血漿 ［Ｂ］ ［Ｃ］ ［Ａ］ 半透膜 半透膜	"[""［Ｂ］+［Ｃ］"",""［Ａ］+［Ｂ］"",""［Ａ］-［Ｂ］"",""［Ａ］-［Ｃ］"",""［Ｂ］-［Ｃ］""]"	singleChoice	4	null	normal	false	parsed	"[""none""]"		https://www.mhlw.go.jp/content/001226759.pdf	https://www.mhlw.go.jp/content/001228441.pdf	2024-02-18	MHLW website content under Public Data License 1.0 unless separately indicated; third-party content requires separate review
P109-044	109	44	必須	薬剤	ヒト肝臓において、最も発現量が多いシトクロム P₄₅₀ 分子種はどれか。1つ選 べ。	"[""CYP₁A₂"",""CYP₂C₁₉"",""CYP₂D₆"",""CYP₂E₁"",""CYP₃A₄""]"	singleChoice	4	null	normal	false	parsed	"[""none""]"		https://www.mhlw.go.jp/content/001226759.pdf	https://www.mhlw.go.jp/content/001228441.pdf	2024-02-18	MHLW website content under Public Data License 1.0 unless separately indicated; third-party content requires separate review
P109-045	109	45	必須	薬剤	胆汁中への排泄が主な消失経路である薬物はどれか。1つ選べ。	"[""カナマイシン"",""プラバスタチン"",""リチウム"",""メトトレキサート"",""エナラプリル""]"	singleChoice	1	null	normal	false	parsed	"[""none""]"		https://www.mhlw.go.jp/content/001226759.pdf	https://www.mhlw.go.jp/content/001228441.pdf	2024-02-18	MHLW website content under Public Data License 1.0 unless separately indicated; third-party content requires separate review
P109-046	109	46	必須	薬剤	体内動態が線形 ₁︲コンパートメントモデルに従う薬物を ₁ 日 ₁ 回経口投与し、 定常状態における平均薬物血中濃度を ₀ . ₂ mg/L としたい。この薬物の全身クリア ランスを ₀ . ₄ L/h/kg、バイオアベイラビリティを ₀ . ₄ とすると、 ₁ 回あたりの投 与量（mg/kg）として最も近い値はどれか。1つ選べ。	"[""₁"",""₂"",""₅"",""₁₀"",""₂₀""]"	singleChoice	2	null	normal	false	parsed	"[""none""]"		https://www.mhlw.go.jp/content/001226759.pdf	https://www.mhlw.go.jp/content/001228441.pdf	2024-02-18	MHLW website content under Public Data License 1.0 unless separately indicated; third-party content requires separate review
P109-047	109	47	必須	薬剤	TDM における薬物血中濃度の測定において、全血試料を用いて分析する必要が ある薬物はどれか。1つ選べ。	"[""テイコプラニン"",""バルプロ酸ナトリウム"",""フェニトイン"",""シクロスポリン"",""ジゴキシン""]"	singleChoice	3	null	normal	false	parsed	"[""none""]"		https://www.mhlw.go.jp/content/001226759.pdf	https://www.mhlw.go.jp/content/001228441.pdf	2024-02-18	MHLW website content under Public Data License 1.0 unless separately indicated; third-party content requires separate review
P109-048	109	48	必須	薬剤	経口固形製剤からの弱電解質薬物の溶出性に影響を及ぼさない因子はどれか。 1つ選べ。	"[""薬物の粒子径"",""薬物の結晶性"",""タンパク結合率"",""溶液の pH"",""溶液の粘度""]"	singleChoice	2	null	normal	false	parsed	"[""none""]"		https://www.mhlw.go.jp/content/001226759.pdf	https://www.mhlw.go.jp/content/001228441.pdf	2024-02-18	MHLW website content under Public Data License 1.0 unless separately indicated; third-party content requires separate review
P109-049	109	49	必須	薬剤	液体の表面張力を測定する方法はどれか。1つ選べ。	"[""溶解度法"",""沈降法"",""吸着法"",""滴重法"",""反応速度法""]"	singleChoice	3	null	normal	false	parsed	"[""none""]"		https://www.mhlw.go.jp/content/001226759.pdf	https://www.mhlw.go.jp/content/001228441.pdf	2024-02-18	MHLW website content under Public Data License 1.0 unless separately indicated; third-party content requires separate review
P109-051	109	51	必須	薬剤	有効成分を速やかに溶解させ、口腔粘膜から吸収させる口腔用錠剤はどれか。 1つ選べ。	"[""溶解錠"",""舌下錠"",""チュアブル錠"",""口腔内崩壊錠"",""発泡錠""]"	singleChoice	1	null	normal	false	parsed	"[""none""]"		https://www.mhlw.go.jp/content/001226759.pdf	https://www.mhlw.go.jp/content/001228441.pdf	2024-02-18	MHLW website content under Public Data License 1.0 unless separately indicated; third-party content requires separate review
P109-053	109	53	必須	薬剤	等張化剤として用いられるのはどれか。1つ選べ。	"[""エタノール"",""ポリソルベート ₈₀"",""塩酸"",""クロロブタノール"",""濃グリセリン""]"	singleChoice	4	null	normal	false	parsed	"[""none""]"		https://www.mhlw.go.jp/content/001226759.pdf	https://www.mhlw.go.jp/content/001228441.pdf	2024-02-18	MHLW website content under Public Data License 1.0 unless separately indicated; third-party content requires separate review
P109-054	109	54	必須	薬剤	医薬品の二次包装はどれか。1つ選べ。	"[""ブリスター包装"",""PTP（Press Through Package）包装"",""ストリップ包装"",""ピロー包装"",""プラスチックバッグ""]"	singleChoice	3	null	normal	false	parsed	"[""none""]"		https://www.mhlw.go.jp/content/001226759.pdf	https://www.mhlw.go.jp/content/001228441.pdf	2024-02-18	MHLW website content under Public Data License 1.0 unless separately indicated; third-party content requires separate review
P109-056	109	56	必須	病態・薬物治療	神経筋接合部のアセチルコリン受容体に対する自己抗体が産生されることによ り、筋力低下をきたす自己免疫疾患はどれか。1つ選べ。	"[""イートン・ランバート症候群"",""重症筋無力症"",""ギラン・バレー症候群"",""進行性筋ジストロフィー"",""筋萎縮性側索硬化症""]"	singleChoice	1	null	normal	false	parsed	"[""none""]"		https://www.mhlw.go.jp/content/001226759.pdf	https://www.mhlw.go.jp/content/001228441.pdf	2024-02-18	MHLW website content under Public Data License 1.0 unless separately indicated; third-party content requires separate review
P109-057	109	57	必須	病態・薬物治療	身体の一部又は全身に瞬間的な筋収縮が起こり、発作持続時間が短く、意識消 失の自覚症状が無いことが多いてんかん発作はどれか。1つ選べ。	"[""複雑部分発作"",""欠神発作"",""強直間代発作"",""ミオクロニー発作"",""脱力発作""]"	singleChoice	3	null	normal	false	parsed	"[""none""]"		https://www.mhlw.go.jp/content/001226759.pdf	https://www.mhlw.go.jp/content/001228441.pdf	2024-02-18	MHLW website content under Public Data License 1.0 unless separately indicated; third-party content requires separate review
P109-058	109	58	必須	病態・薬物治療	メチルフェニデート塩酸塩が適用される疾患はどれか。1つ選べ。	"[""閉塞隅角緑内障"",""重症うつ病"",""糖尿病性腎症"",""くも膜下出血"",""ナルコレプシー""]"	singleChoice	4	null	normal	false	parsed	"[""none""]"		https://www.mhlw.go.jp/content/001226759.pdf	https://www.mhlw.go.jp/content/001228441.pdf	2024-02-18	MHLW website content under Public Data License 1.0 unless separately indicated; third-party content requires separate review
P109-059	109	59	必須	病態・薬物治療	高ナトリウム血症の患者に禁忌である薬物はどれか。1つ選べ。	"[""トルバプタン"",""エプレレノン"",""エナラプリルマレイン酸塩"",""カルベジロール"",""フロセミド""]"	singleChoice	0	null	normal	false	parsed	"[""none""]"		https://www.mhlw.go.jp/content/001226759.pdf	https://www.mhlw.go.jp/content/001228441.pdf	2024-02-18	MHLW website content under Public Data License 1.0 unless separately indicated; third-party content requires separate review
P109-060	109	60	必須	病態・薬物治療	臨床所見としてスプーン状爪が認められる疾患はどれか。1つ選べ。	"[""鉄欠乏性貧血"",""巨赤芽球性貧血"",""自己免疫性溶血性貧血"",""腎性貧血"",""骨髄異形成症候群""]"	singleChoice	0	null	normal	false	parsed	"[""none""]"		https://www.mhlw.go.jp/content/001226759.pdf	https://www.mhlw.go.jp/content/001228441.pdf	2024-02-18	MHLW website content under Public Data License 1.0 unless separately indicated; third-party content requires separate review
P109-061	109	61	必須	病態・薬物治療	心電図上で QT 間隔の延長により生じやすくなる不整脈はどれか。1つ選べ。	"[""洞停止"",""洞房ブロック"",""心房細動"",""発作性上室頻拍"",""多形性心室頻拍""]"	singleChoice	4	null	normal	false	parsed	"[""none""]"		https://www.mhlw.go.jp/content/001226759.pdf	https://www.mhlw.go.jp/content/001228441.pdf	2024-02-18	MHLW website content under Public Data License 1.0 unless separately indicated; third-party content requires separate review
P109-062	109	62	必須	病態・薬物治療	副腎皮質ステロイド性薬が適用される腎疾患はどれか。1つ選べ。	"[""腎硬化症"",""糖尿病性腎症"",""痛風腎"",""多発性嚢胞腎"",""特発性膜性腎症""]"	singleChoice	4	null	normal	false	parsed	"[""none""]"		https://www.mhlw.go.jp/content/001226759.pdf	https://www.mhlw.go.jp/content/001228441.pdf	2024-02-18	MHLW website content under Public Data License 1.0 unless separately indicated; third-party content requires separate review
P109-063	109	63	必須	病態・薬物治療	ポリカルボフィルカルシウムが適用される疾患はどれか。1つ選べ。	"[""術後イレウス"",""高カルシウム血症"",""過敏性腸症候群"",""腎不全"",""虫垂炎""]"	singleChoice	2	null	normal	false	parsed	"[""none""]"		https://www.mhlw.go.jp/content/001226759.pdf	https://www.mhlw.go.jp/content/001228441.pdf	2024-02-18	MHLW website content under Public Data License 1.0 unless separately indicated; third-party content requires separate review
P109-064	109	64	必須	病態・薬物治療	尿路結石を有する痛風患者に対して、最も適切な尿酸降下薬はどれか。1つ選 べ。	"[""ベンズブロマロン"",""コルヒチン"",""ドチヌラド"",""トピロキソスタット"",""プロベネシド""]"	singleChoice	3	null	normal	false	parsed	"[""none""]"		https://www.mhlw.go.jp/content/001226759.pdf	https://www.mhlw.go.jp/content/001228441.pdf	2024-02-18	MHLW website content under Public Data License 1.0 unless separately indicated; third-party content requires separate review
P109-065	109	65	必須	病態・薬物治療	手術が適応とならないクッシング症候群の治療に用いる薬物はどれか。1つ選 べ。	"[""チアマゾール"",""ミトタン"",""デスモプレシン酢酸塩水和物"",""レボチロキシンナトリウム水和物"",""メチロシン""]"	singleChoice	1	null	normal	false	parsed	"[""none""]"		https://www.mhlw.go.jp/content/001226759.pdf	https://www.mhlw.go.jp/content/001228441.pdf	2024-02-18	MHLW website content under Public Data License 1.0 unless separately indicated; third-party content requires separate review
P109-066	109	66	必須	病態・薬物治療	褥瘡治療に用いる外用薬のうち、壊死組織除去効果を有するのはどれか。1つ 選べ。	"[""アルプロスタジルアルファデクス"",""ブロメライン"",""ポビドンヨード"",""ジメチルイソプロピルアズレン"",""トレチノイントコフェリル""]"	singleChoice	1	null	normal	false	parsed	"[""none""]"		https://www.mhlw.go.jp/content/001226759.pdf	https://www.mhlw.go.jp/content/001228441.pdf	2024-02-18	MHLW website content under Public Data License 1.0 unless separately indicated; third-party content requires separate review
P109-067	109	67	必須	病態・薬物治療	我が国において、肝硬変の原因となるウイルス性肝炎として最も頻度が高いの はどれか。1つ選べ。	"[""Ａ型肝炎"",""Ｂ型肝炎"",""Ｃ型肝炎"",""Ｄ型肝炎"",""Ｅ型肝炎""]"	singleChoice	2	null	normal	false	parsed	"[""none""]"		https://www.mhlw.go.jp/content/001226759.pdf	https://www.mhlw.go.jp/content/001228441.pdf	2024-02-18	MHLW website content under Public Data License 1.0 unless separately indicated; third-party content requires separate review
P109-068	109	68	必須	病態・薬物治療	組換え体医薬品の生産プロセスに関する記述について、 に入る適切な語 句はどれか。1つ選べ。 「目的遺伝子を挿入した発現ベクターを細胞に導入し、産生された を精製 して、組換え体医薬品とする。」	"[""DNA"",""RNA"",""ゲノム"",""タンパク質"",""脂質""]"	singleChoice	3	null	normal	false	parsed	"[""none""]"		https://www.mhlw.go.jp/content/001226759.pdf	https://www.mhlw.go.jp/content/001228441.pdf	2024-02-18	MHLW website content under Public Data License 1.0 unless separately indicated; third-party content requires separate review
P109-070	109	70	必須	病態・薬物治療	コンパニオン診断（医薬品の適応判定を目的とした体外診断）のうち、生殖細 胞系列遺伝子に対する検査項目はどれか。1つ選べ。	"[""ALK 融合遺伝子"",""BRAF 遺伝子変異"",""BRCA1/2 遺伝子変異"",""EGFR 遺伝子変異"",""KRAS 遺伝子変異 必須問題 【法規・制度・倫理】""]"	singleChoice	2	null	normal	false	parsed	"[""none""]"		https://www.mhlw.go.jp/content/001226759.pdf	https://www.mhlw.go.jp/content/001228441.pdf	2024-02-18	MHLW website content under Public Data License 1.0 unless separately indicated; third-party content requires separate review
P109-071	109	71	必須	法規・制度・倫理	次のうち、医療における患者の QOL を考えるときに最も重要視すべきなのはど れか。1つ選べ。	"[""患者の人間としての尊厳"",""家族の意思"",""費用対効果"",""医療者の経済的利益"",""医学の進歩""]"	singleChoice	0	null	normal	false	parsed	"[""none""]"		https://www.mhlw.go.jp/content/001226759.pdf	https://www.mhlw.go.jp/content/001228441.pdf	2024-02-18	MHLW website content under Public Data License 1.0 unless separately indicated; third-party content requires separate review
P109-072	109	72	必須	法規・制度・倫理	要配慮個人情報とは、特定の記述等を含む個人情報である。その特定の記述等 に該当するのはどれか。1つ選べ。	"[""生年月日"",""病歴"",""住所"",""学歴"",""電話番号""]"	singleChoice	1	null	normal	false	parsed	"[""none""]"		https://www.mhlw.go.jp/content/001226759.pdf	https://www.mhlw.go.jp/content/001228441.pdf	2024-02-18	MHLW website content under Public Data License 1.0 unless separately indicated; third-party content requires separate review
P109-073	109	73	必須	法規・制度・倫理	薬剤師法において規定されている事項はどれか。1つ選べ。	"[""薬局の開設の許可"",""管理薬剤師の責務"",""一般用医薬品の取扱い"",""処方箋中の疑義の照会"",""守秘義務""]"	singleChoice	3	null	normal	false	parsed	"[""none""]"		https://www.mhlw.go.jp/content/001226759.pdf	https://www.mhlw.go.jp/content/001228441.pdf	2024-02-18	MHLW website content under Public Data License 1.0 unless separately indicated; third-party content requires separate review
P109-074	109	74	必須	法規・制度・倫理	新有効成分含有医薬品等の市販直後調査の実施は、どの時点から ₆ ケ月と規定 されているか。1つ選べ。	"[""承認申請した時"",""承認を受けた時"",""販売を開始した時"",""薬価収載された時"",""医薬品リスク管理計画を策定した時""]"	singleChoice	2	null	normal	false	parsed	"[""none""]"		https://www.mhlw.go.jp/content/001226759.pdf	https://www.mhlw.go.jp/content/001228441.pdf	2024-02-18	MHLW website content under Public Data License 1.0 unless separately indicated; third-party content requires separate review
P109-075	109	75	必須	法規・制度・倫理	医薬品医療機器等法第 ₄₁ 条第 ₁ 項において、日本薬局方を定め公示する目的を 規定している条文の に当てはまるのはどれか。1つ選べ。 「厚生労働大臣は、 を図るため、薬事・食品衛生審議会の意見を聴いて、 日本薬局方を定め、これを公示する。」	"[""医薬品の性状及び品質の適正"",""医薬品の安定供給の確保"",""医薬品の有効性及び安全性の確保"",""医療の安全確保"",""良質かつ適切な医療の確保""]"	singleChoice	0	null	normal	false	parsed	"[""none""]"		https://www.mhlw.go.jp/content/001226759.pdf	https://www.mhlw.go.jp/content/001228441.pdf	2024-02-18	MHLW website content under Public Data License 1.0 unless separately indicated; third-party content requires separate review
P109-076	109	76	必須	法規・制度・倫理	次の文章の に当てはまるのはどれか。1つ選べ。 他の医療提供施設と連携し、地域における医薬品の適正使用の推進、情報提供や 指導を行うなどの機能を有する薬局として、都道府県知事の認定を受けて称するこ とができる名称は、「 連携薬局」である。	"[""医療"",""地域"",""多職種"",""医療機関"",""医療介護""]"	singleChoice	1	null	normal	false	parsed	"[""none""]"		https://www.mhlw.go.jp/content/001226759.pdf	https://www.mhlw.go.jp/content/001228441.pdf	2024-02-18	MHLW website content under Public Data License 1.0 unless separately indicated; third-party content requires separate review
P109-077	109	77	必須	法規・制度・倫理	大麻取締法で規定される「大麻」に該当しない大麻草（カンナビス・サティ バ・エル）の部位はどれか。1つ選べ。	"[""花穂"",""未熟な茎"",""葉"",""種子"",""根""]"	singleChoice	3	null	normal	false	parsed	"[""none""]"		https://www.mhlw.go.jp/content/001226759.pdf	https://www.mhlw.go.jp/content/001228441.pdf	2024-02-18	MHLW website content under Public Data License 1.0 unless separately indicated; third-party content requires separate review
P109-078	109	78	必須	法規・制度・倫理	医療法において、医療提供施設として明記されているのはどれか。1つ選べ。	"[""調剤を実施する薬局"",""医薬品店舗販売業の許可を有する店舗"",""医療を受ける者の居宅"",""医療安全支援センター"",""医療事故調査・支援センター""]"	singleChoice	0	null	normal	false	parsed	"[""none""]"		https://www.mhlw.go.jp/content/001226759.pdf	https://www.mhlw.go.jp/content/001228441.pdf	2024-02-18	MHLW website content under Public Data License 1.0 unless separately indicated; third-party content requires separate review
P109-079	109	79	必須	法規・制度・倫理	介護保険の保険者に該当するのはどれか。1つ選べ。	"[""国民健康保険組合"",""健康保険組合"",""地方厚生局"",""都道府県"",""市町村及び特別区""]"	singleChoice	4	null	normal	false	parsed	"[""none""]"		https://www.mhlw.go.jp/content/001226759.pdf	https://www.mhlw.go.jp/content/001228441.pdf	2024-02-18	MHLW website content under Public Data License 1.0 unless separately indicated; third-party content requires separate review
P109-080	109	80	必須	法規・制度・倫理	エリザベス・キューブラー = ロスによって提唱された死にゆく人の心理過程で 第 ₂ 段階はどれか。1つ選べ。	"[""受容"",""取り引き"",""怒り"",""否認と孤立"",""抑うつ 必須問題 【実務】""]"	singleChoice	2	null	normal	false	parsed	"[""none""]"		https://www.mhlw.go.jp/content/001226759.pdf	https://www.mhlw.go.jp/content/001228441.pdf	2024-02-18	MHLW website content under Public Data License 1.0 unless separately indicated; third-party content requires separate review
P109-081	109	81	必須	実務	一般用医薬品の薬効分類と成分の組合せで正しいのはどれか。1つ選べ。 成分 薬効分類	"[""クロタミトン 鎮痒薬"",""クロルフェニラミンマレイン酸塩 催眠鎮静薬"",""ペミロラストカリウム 鼻炎用点鼻薬"",""テルビナフィン塩酸塩 アレルギー用点眼薬"",""ビサコジル 含嗽薬""]"	singleChoice	0	null	normal	false	parsed	"[""none""]"		https://www.mhlw.go.jp/content/001226759.pdf	https://www.mhlw.go.jp/content/001228441.pdf	2024-02-18	MHLW website content under Public Data License 1.0 unless separately indicated; third-party content requires separate review
P109-083	109	83	必須	実務	アフタ性口内炎に用いられる一般用医薬品に含まれる有効成分はどれか。1つ 選べ。	"[""フルオシノロンアセトニド"",""トリアムシノロンアセトニド"",""ベタメタゾン吉草酸エステル"",""デキサメタゾン酢酸エステル"",""ヒドロコルチゾン""]"	singleChoice	1	null	normal	false	parsed	"[""none""]"		https://www.mhlw.go.jp/content/001226759.pdf	https://www.mhlw.go.jp/content/001228441.pdf	2024-02-18	MHLW website content under Public Data License 1.0 unless separately indicated; third-party content requires separate review
P109-084	109	84	必須	実務	健康サポート薬局の届出要件の一つとして、適切なのはどれか。1つ選べ。	"[""個人情報に配慮した相談窓口の設置"",""休日を除く ₂₄ 時間の開局"",""薬局内での無菌調剤"",""予防接種のためのワクチン調製"",""専門薬剤師による抗がん剤の選択支援""]"	singleChoice	0	null	normal	false	parsed	"[""none""]"		https://www.mhlw.go.jp/content/001226759.pdf	https://www.mhlw.go.jp/content/001228441.pdf	2024-02-18	MHLW website content under Public Data License 1.0 unless separately indicated; third-party content requires separate review
P109-086	109	86	必須	実務	漢方薬と代表的な副作用の組合せとして正しいのはどれか。1つ選べ。 漢方薬 代表的な副作用	"[""半夏瀉心湯 口内炎"",""芍薬甘草湯 高カリウム血症"",""半夏厚朴湯 下痢"",""小柴胡湯 間質性肺炎"",""黄連解毒湯 腎機能障害""]"	singleChoice	3	null	normal	false	parsed	"[""none""]"		https://www.mhlw.go.jp/content/001226759.pdf	https://www.mhlw.go.jp/content/001228441.pdf	2024-02-18	MHLW website content under Public Data License 1.0 unless separately indicated; third-party content requires separate review
P109-087	109	87	必須	実務	ペニシラミンを解毒薬として使う中毒の原因物質はどれか。1つ選べ。	"[""アセトアミノフェン"",""鉛"",""テトロドトキシン"",""サリン"",""メタノール""]"	singleChoice	1	null	normal	false	parsed	"[""none""]"		https://www.mhlw.go.jp/content/001226759.pdf	https://www.mhlw.go.jp/content/001228441.pdf	2024-02-18	MHLW website content under Public Data License 1.0 unless separately indicated; third-party content requires separate review
P109-088	109	88	必須	実務	ノロウイルスで汚染された病室の床を消毒するのに最も適するのはどれか。 1つ選べ。	"[""クロルヘキシジングルコン酸塩"",""グルタラール"",""次亜塩素酸ナトリウム"",""ポビドンヨード"",""ベンザルコニウム塩化物""]"	singleChoice	2	null	normal	false	parsed	"[""none""]"		https://www.mhlw.go.jp/content/001226759.pdf	https://www.mhlw.go.jp/content/001228441.pdf	2024-02-18	MHLW website content under Public Data License 1.0 unless separately indicated; third-party content requires separate review
P109-090	109	90	必須	実務	麻薬及び向精神薬取締法に基づき、入院患者の麻薬処方箋に記載しなければな らない必須事項はどれか。1つ選べ。	"[""患者の住所"",""処方箋の使用期間"",""麻薬施用者の免許証の番号"",""麻薬業務所の名称"",""麻薬業務所の所在地""]"	singleChoice	2	null	normal	false	parsed	"[""none""]"		https://www.mhlw.go.jp/content/001226759.pdf	https://www.mhlw.go.jp/content/001228441.pdf	2024-02-18	MHLW website content under Public Data License 1.0 unless separately indicated; third-party content requires separate review
P109-094	109	94	理論	物理	ある ₂ 価の金属イオン M の ₀ . ₀₁ mol/L 水溶液の pH を上げていくと難溶性塩 2+ M（OH）2 が沈殿する。この沈殿が生成し始める pH に最も近い値はどれか。1つ選 べ。 ただし、M（OH） 2 の溶解度積 Ksp = ₂ . ₀ # ₁₀ （mol/L）、水のイオン積 Kw = -20 3 ［H ］ ［OH ］= ₁ . ₀ # ₁₀ （mol/L）、log ₂ = ₀ . ₃₀ とし、ヒドロキソ錯体の生成な + - -14 2 どの副反応は起こらず、水溶液の温度と体積は変化しないものとする。	"[""₃"",""₅"",""₇"",""₉"",""₁₁""]"	singleChoice	1	null	normal	false	parsed	"[""none""]"		https://www.mhlw.go.jp/content/001226760.pdf	https://www.mhlw.go.jp/content/001228441.pdf	2024-02-18	MHLW website content under Public Data License 1.0 unless separately indicated; third-party content requires separate review
P109-166	109	166	理論	病態・薬物治療	（病態・薬物治療） 本症例で認められる血液検査所見として、正しいのはどれか。2つ選べ。	"[""カリウム低値"",""カルシウム高値"",""LDL コレステロール高値"",""遊離チロキシン（FT₄）高値"",""レニン活性低値""]"	multiChoice	[0,4]	null	normal	false	parsed	"[""none""]"		https://www.mhlw.go.jp/content/001226761.pdf	https://www.mhlw.go.jp/content/001228441.pdf	2024-02-18	MHLW website content under Public Data License 1.0 unless separately indicated; third-party content requires separate review
P109-171	109	171	理論	薬剤	経口投与する薬物について、食事により量的バイオアベイラビリティは変わら ないが、速度的バイオアベイラビリティが低下するのはどれか。2つ選べ。	"[""アセトアミノフェン"",""セファクロル"",""リボフラビン"",""フェニトイン"",""インドメタシン ファルネシル""]"	multiChoice	[0,1]	null	normal	false	parsed	"[""none""]"		https://www.mhlw.go.jp/content/001226761.pdf	https://www.mhlw.go.jp/content/001228441.pdf	2024-02-18	MHLW website content under Public Data License 1.0 unless separately indicated; third-party content requires separate review
P109-172	109	172	理論	薬剤	線形 ₁︲コンパートメントモデルに従い、肝代謝と腎排泄によってのみ体内から 消失する薬物Ａを、ある患者に急速静注したときの体内動態データを以下に示す。 この患者の糸球体ろ過速度（GFR）を ₁₂₀ mL/min としたとき、薬物Ａの血漿タ ンパク非結合率に最も近い値はどれか。1つ選べ。ただし、薬物Ａは腎尿細管で分 泌・再吸収を受けず、血漿タンパク非結合形のみが糸球体でろ過されるものとす る。 薬物Ａの体内動態データ 投与量（mg） ₁₀ 血漿中薬物濃度時間曲線下面積（AUC） ₂.₀ （ng・h/mL） 未変化体の尿中総排泄量（mg） ₁.₂ 代謝物の尿中総排泄量（mg） ₈.₈ （未変化体相当量に換算）	"[""₀ . ₀₂"",""₀ . ₀₄"",""₀ . ₀₆"",""₀ . ₀₈"",""₀ . ₁₀""]"	singleChoice	3	null	normal	false	parsed	"[""none""]"		https://www.mhlw.go.jp/content/001226761.pdf	https://www.mhlw.go.jp/content/001228441.pdf	2024-02-18	MHLW website content under Public Data License 1.0 unless separately indicated; third-party content requires separate review
P109-180	109	180	理論	薬剤	固体薬物Ａを S = ₃ cm の円盤状に圧縮し、回転円盤法で ₃₇ ℃において溶解 実験を行った。固体薬物Ａの溶解速度は（ ₁ ）の式に従い、試験中 S は変化しな CS いものとする。t = ₀ のとき C = ₀ 、₁₁ 分後の薬物Ａの濃度が であるとき、 ₂ 固体薬物Ａのみかけの溶解速度定数 k（min ・cm ）に最も近い値はどれか。1 -1 -2 つ選べ。ただし、ln ₂ = ₀ . ₆₉₃ とする。 dC = kS（CS - C ） …（ ₁ ） dt dC ：溶解速度、k：みかけの溶解速度定数、S：有効表面積 dt CS：薬物の溶解度、C：時間 t における溶液中の薬物濃度	"[""₀ . ₀₂₁"",""₀ . ₀₃₃"",""₀ . ₀₆₃"",""₀ . ₀₇₇"",""₀ . ₀₉₉""]"	singleChoice	0	null	normal	false	parsed	"[""none""]"		https://www.mhlw.go.jp/content/001226761.pdf	https://www.mhlw.go.jp/content/001228441.pdf	2024-02-18	MHLW website content under Public Data License 1.0 unless separately indicated; third-party content requires separate review
P109-188	109	188	理論	病態・薬物治療	₇₂ 歳男性。本態性高血圧症のために、処方 ₁ 及び処方 ₂ を服用していた。最 近、血圧が上昇したため、薬物による降圧療法を強化することになった。追加する 治療薬として、最も適切なのはどれか。1つ選べ。 （処方 ₁ ） ニフェジピン徐放錠 ₂₀ mg ₁ 回 ₂ 錠（ ₁ 日 ₄ 錠） ₁日₂回 朝夕食後 ₁₄ 日分 （処方 ₂ ） テルミサルタン錠 ₄₀ mg ₁ 回 ₂ 錠（ ₁ 日 ₂ 錠） ₁日₁回 朝食後 ₁₄ 日分	"[""アムロジピンベシル酸塩"",""アメジニウムメチル硫酸塩"",""シベンゾリンコハク酸塩"",""イルベサルタン"",""ドキサゾシンメシル酸塩""]"	singleChoice	4	null	normal	false	parsed	"[""none""]"		https://www.mhlw.go.jp/content/001226761.pdf	https://www.mhlw.go.jp/content/001228441.pdf	2024-02-18	MHLW website content under Public Data License 1.0 unless separately indicated; third-party content requires separate review
P109-198	109	198	実践	物理・化学・生物	−199 ₆₅ 歳女性。身長 ₁₅₅ cm。パート勤務。糖尿病性腎症が進行し、 ₁ 年前か ら血液透析が導入された。透析後目標体重（ドライウエイト）₄₃ kg、透析間体重 増加量平均 ₂ . ₀ kg。女性は、週 ₃ 回透析を受けていたが、透析後に立ちくらみ、 ふらつき、倦怠感、脱力感などの血圧低下症状がみられるようになり、最近は透析 の翌日まで症状が続くようになった。そのため、透析チームは栄養状態の確認、ド ライウエイトの再設定及び透析効率を検討することにした。 問 198（物理・化学・生物） 透析効率の指標に、標準化透析量（Kt/V）がある。Kt/V は透析前 BUN の濃度 ［BUNpre］と透析後 BUN の濃度［BUNpost］の値を用いて次式で計算される。 ［BUNpost］ Kt/V = -ln ［BUNpre］ この患者では、［BUNpre］= ₈₀ mg/dL、［BUNpost］= ₁₀ mg/dL であった。この ときの Kt/V の値として正しいのはどれか。1つ選べ。 ただし、ln ₂ = ₀ . ₆₉ とし、K は透析により単位時間あたりに除去された尿素量 に対応する血液の容量、t は透析時間、V は透析された血液の総容量を表すものと する。	"[""-₂ . ₀₇"",""-₁ . ₃₈"",""-₀ . ₆₉"",""₁ . ₃₈"",""₂ . ₀₇""]"	singleChoice	4	null	normal	false	parsed	"[""none""]"	P109-CASE-198	https://www.mhlw.go.jp/content/001226762.pdf	https://www.mhlw.go.jp/content/001228441.pdf	2024-02-18	MHLW website content under Public Data License 1.0 unless separately indicated; third-party content requires separate review
P109-199	109	199	実践	実務	（実務） 透析効率を評価した結果、ドライウエイトの上方修正を行った。しかし、その後 も透析後の起立時に収縮期血圧が ₂₅ mmHg 以上低下しており、症状の改善もみら れなかった。そのため、医師は透析後の血圧低下を予防するために薬物を投与する ことにした。予防投与される薬物として、最も適切なのはどれか。1つ選べ。	"[""イソプレナリン塩酸塩"",""アデノシン三リン酸二ナトリウム水和物"",""ジゴキシン"",""ドロキシドパ"",""ニトログリセリン""]"	singleChoice	3	null	normal	false	parsed	"[""none""]"	P109-CASE-198	https://www.mhlw.go.jp/content/001226762.pdf	https://www.mhlw.go.jp/content/001228441.pdf	2024-02-18	MHLW website content under Public Data License 1.0 unless separately indicated; third-party content requires separate review
P109-200	109	200	実践	物理・化学・生物	−201 ₅₂ 歳男性。会社員。 ₂ 年前にソフトコンタクトレンズの定期検診で眼圧を 測定したところ、平均ベースライン眼圧は右眼 ₁₆ mmHg、左眼 ₁₈ mmHg であっ たが、両眼で視野狭窄及び欠損があったため、正常眼圧緑内障と診断された。処方 ₁ による治療が開始されたが、その後、進行したため ₃ ケ月前から処方 ₂ が追加さ れた。 （処方 ₁ ） ラタノプロスト点眼液 ₀ . ₀₀₅％（₂ . ₅ mL/本） ₁本 ₁回₁滴 ₁日₁回 夕 両眼点眼 〔添加物〕ベンザルコニウム塩化物、無水リン酸一水素ナトリウム、リン酸二 水素ナトリウム一水和物、等張化剤を含有する。 （処方 ₂ ） チモロール点眼液 ₀ . ₅％（持続性）（₂ . ₅ mL/本） ₁ 本 ₁回₁滴 ₁日₁回 夕 両眼点眼 〔添加物〕メチルセルロース、マクロゴール ₄₀₀₀、クエン酸ナトリウム水和 物、ベンザルコニウム塩化物、pH 調節剤を含有する。 男性が来局した際、薬剤師が点眼液の使用状況を確認したところ、数週間前から 処方 ₂ の使用が ₂ ～ ₃ 日おきであることがわかった。男性は、処方 ₂ の使用直後に 不快なべたつきを感じることと、処方 ₁ と ₂ の使用の間に待つ時間が長すぎるので 処方 ₂ の使用を忘れてしまうことを理由として挙げた。 問 200（物理・化学・生物） 男性が感じた不快なべたつきの原因の ₁ つに点眼液のゲル化が考えられる。処方 ₂ の点眼液が点眼前はゾル状態、点眼後はゲル状態になるのに主に関わる物質はど れか。1つ選べ。	"[""メチルセルロース"",""マクロゴール ₄₀₀₀"",""クエン酸ナトリウム水和物"",""ベンザルコニウム塩化物"",""チモロール""]"	singleChoice	0	null	normal	false	parsed	"[""none""]"	P109-CASE-200	https://www.mhlw.go.jp/content/001226762.pdf	https://www.mhlw.go.jp/content/001228441.pdf	2024-02-18	MHLW website content under Public Data License 1.0 unless separately indicated; third-party content requires separate review
P109-203	109	203	実践	実務	（物理・化学・生物） 血糖値の簡易測定の一つにグルコース酸化酵素を用いる方法がある。この方法で は、酵素反応により生じた過酸化水素が電極で酸化されて電流が発生するので、こ の電流を測定する。その反応は以下のとおりである。 グルコース酸化酵素 グルコース + O2 グルコノラクトン + H2O2 H2O2 O2 + ₂H + ₂e- + 患者の血糖値が ₉₀ . ₀ mg/dL であったとき、測定した血液 ₁ nL 中で生じた電気 量に最も近い値はどれか。1つ選べ。 ただし、グルコースの分子量を ₁₈₀、電子 ₁ mol の電気量を ₉ . ₆₅ # ₁₀ クーロン とする。また、血糖値はグルコース濃度を表し、反応により生成する電子はグル コース由来とする。	"[""₄ . ₈₃ # ₁₀ クーロン"",""₉ . ₆₅ # ₁₀ クーロン"",""₁ . ₉₃ # ₁₀ クーロン"",""₄ . ₈₃ # ₁₀ クーロン"",""₉ . ₆₅ # ₁₀ クーロン""]"	singleChoice	1	null	normal	false	parsed	"[""none""]"	P109-CASE-202	https://www.mhlw.go.jp/content/001226762.pdf	https://www.mhlw.go.jp/content/001228441.pdf	2024-02-18	MHLW website content under Public Data License 1.0 unless separately indicated; third-party content requires separate review
P109-208	109	208	実践	物理・化学・生物	−209 ₅₅ 歳女性（閉経後）。身長 ₁₆₀ cm、体重 ₅₂ kg。血圧 ₁₃₅/₇₀ mmHg。高 血圧症にて、処方 ₁ の薬剤を服用している。 （処方 ₁ ） アジルサルタン錠 ₂₀ mg ₁ 回 ₁ 錠（ ₁ 日 ₁ 錠） ₁日₁回 朝食後 ₁₄ 日分 今回、 ₁ ケ月前よりほてりや発汗、不眠症状等があり、更年期障害を疑い婦人科 クリニックを受診した。その後、以下の追加処方箋を持参して、かかりつけ薬局を 訪れた。 （処方 ₂ ） 結合型エストロゲン錠 ₀ . ₆₂₅ mg ₁ 回 ₁ 錠（ ₁ 日 ₁ 錠） ₁日₁回 朝食後 ₁₄ 日分 問 208（実務） 処方 ₂ の薬剤の服用開始にあたり、患者への説明内容として適切でないのはどれ か。1つ選べ。	"[""下肢の疼痛・浮腫、息切れ等が出現した際は、連絡すること。"",""血圧が低下する場合があること。"",""手術前には休薬を検討する必要があること。"",""投与開始後は、定期的に乳房検診並びに婦人科検診を行う必要があること。"",""骨折のリスクが上がること。""]"	singleChoice	4	null	normal	false	parsed	"[""none""]"	P109-CASE-208	https://www.mhlw.go.jp/content/001226762.pdf	https://www.mhlw.go.jp/content/001228441.pdf	2024-02-18	MHLW website content under Public Data License 1.0 unless separately indicated; third-party content requires separate review
P109-214	109	214	実践	物理・化学・生物	−215 ₆₅ 歳女性。腰背部痛のため近隣の整形外科クリニックを受診したところ、 骨粗しょう症と診断され、以下の処方箋を持って薬局を訪れた。 （処方 ₁ ） エルデカルシトールカプセル ₀ . ₇₅ ng ₁ 回 ₁ カプセル（ ₁ 日 ₁ カプセル） ₁日₁回 朝食後 ₁₄ 日分 （処方 ₂ ） アセトアミノフェン錠 ₃₀₀ mg ₁回₁錠 痛みが強い時 ₁₀ 回分（₁₀ 錠） （処方 ₃ ） ジクロフェナク Na テープ ₃₀ mg（₁₀ # ₁₄ cm 非温感） ₂ 袋（ ₇ 枚／袋） ₁回₁枚 痛いところに貼付 問 214（実務） 処方薬を使用する際に、定期的に検査する必要がある項目はどれか。1つ選べ。	"[""エルデカルシトールの血中濃度"",""血清カルシウム"",""血中 TSH（甲状腺刺激ホルモン）"",""血清カリウム"",""血糖""]"	singleChoice	1	null	normal	false	parsed	"[""none""]"	P109-CASE-214	https://www.mhlw.go.jp/content/001226762.pdf	https://www.mhlw.go.jp/content/001228441.pdf	2024-02-18	MHLW website content under Public Data License 1.0 unless separately indicated; third-party content requires separate review
P109-218	109	218	実践	物理・化学・生物	−219 ₇₆ 歳女性。夫と息子との ₃ 人暮らし。高血圧症、てんかん、統合失調症及 び不眠症の治療を行っている。処方 ₁ ～ ₃ は、以下の時系列記録の ₁ 年前から継続 している。 （処方 ₁ ） アジルサルタン錠 ₄₀ mg ₁ 回 ₁ 錠（ ₁ 日 ₁ 錠） ₁日₁回 朝食後 ₂₈ 日分 （処方 ₂ ） バルプロ酸 Na 徐放錠 ₁₀₀ mg ₁ 回 ₁ 錠（ ₁ 日 ₂ 錠） リスペリドン口腔内崩壊錠 ₁ mg ₁ 回 ₁ 錠（ ₁ 日 ₂ 錠） ₁日₂回 朝夕食後 ₂₈ 日分 （処方 ₃ ） ラメルテオン錠 ₈ mg ₁ 回 ₁ 錠（ ₁ 日 ₁ 錠） レンボレキサント錠 ₂ . ₅ mg ₁ 回 ₁ 錠（ ₁ 日 ₁ 錠） ₁日₁回 就寝前 ₂₈ 日分 ₇ 月 ₄ 日（かかりつけ医受診後来局）： 処方 ₁ ～ ₃ 継続、eGFR ₅₆ mL/min/₁ . ₇₃ m2 ₈ 月 ₁ 日（かかりつけ医受診後来局）： 処方 ₁ ～ ₃ 継続、eGFR ₃₂ mL/min/₁ . ₇₃ m 家族「腎臓の精密検査のために、かかりつけの先生が、大学病院の腎臓内科の外来 受診を予約してくれました。 ₈ 月 ₈ 日に本人を連れていきます。」 ₈ 月 ₄ 日（家族から薬局へ電話相談、及び薬剤師から医師への確認）： 家族「前回受診時にかかりつけの先生に伝え忘れましたが、よだれが出るように なったり、顔の表情が無くなったり、歩行が遅くなったりすることが ₇ 月中旬ぐら いから目立ってきました。」 かかりつけ医師「随意運動は問題ありませんでした。薬の副作用ですね。」 問 218（実務） ₈ 月 ₄ 日に医師から指摘のあった副作用の原因薬物として、可能性が最も高いの はどれか。1つ選べ。	"[""アジルサルタン"",""バルプロ酸ナトリウム"",""リスペリドン"",""ラメルテオン"",""レンボレキサント""]"	singleChoice	2	null	normal	false	parsed	"[""none""]"	P109-CASE-218	https://www.mhlw.go.jp/content/001226762.pdf	https://www.mhlw.go.jp/content/001228441.pdf	2024-02-18	MHLW website content under Public Data License 1.0 unless separately indicated; third-party content requires separate review
P109-219	109	219	実践	実務	（物理・化学・生物） この副作用と同じ症状が現れる可能性が最も高いのはどれか。1つ選べ。	"[""大脳皮質運動野の障害"",""大脳辺縁系の障害"",""大脳基底核の障害"",""視床下部の障害"",""皮質脊髄路の障害""]"	singleChoice	2	null	normal	false	parsed	"[""none""]"	P109-CASE-218	https://www.mhlw.go.jp/content/001226762.pdf	https://www.mhlw.go.jp/content/001228441.pdf	2024-02-18	MHLW website content under Public Data License 1.0 unless separately indicated; third-party content requires separate review
P109-221	109	221	実践	実務	（実務） 処方 ₂ の薬剤の服用によって生じる可能性が高いのはどれか。2つ選べ。	"[""血中 TSH 値の上昇"",""高カリウム血症"",""血圧上昇"",""血中 NT︲proBNP 値の上昇"",""脱水症状""]"	multiChoice	[1,4]	null	normal	false	parsed	"[""none""]"	P109-CASE-220	https://www.mhlw.go.jp/content/001226762.pdf	https://www.mhlw.go.jp/content/001228441.pdf	2024-02-18	MHLW website content under Public Data License 1.0 unless separately indicated; third-party content requires separate review
P109-224	109	224	実践	物理・化学・生物	−225 ₃ 歳 ₅ ケ月女児。台所で沸かしていたやかんのお湯をかぶり、体表の熱傷 （Ⅱ度）で救急搬送された。入院 ₁₄ 日目に ₃₉ ℃の発熱を認め、熱傷創部からセ フェム系抗菌薬に感受性のある Ａ が同定されたため、セフタジジムを ₂ 週間 投与し、症状が改善したため終了した。 抗菌薬終了 ₇ 日後に、再び ₃₈ ℃の発熱及び熱傷創部に膿を認めた。膿を検査し たところ、 Ａ が同定された。検出された Ａ の薬剤感受性試験及び患者の 血液検査の結果は、以下のとおりである。 （薬剤感受性試験の結果） 抗菌薬 MIC（ng/mL） 判定 ピペラシリン #₂ Susceptible（感性） タゾバクタム・ピペラシリン #₂ Susceptible（感性） セフタジジム 2₁₆ Resistant（耐性） メロペネム #₀ . ₂₅ Susceptible（感性） シプロフロキサシン #₀ . ₂₅ Susceptible（感性） アミカシン ₂ Susceptible（感性） （検査値） 血清アルブミン ₄ . ₂ g/dL、CRP ₈ . ₀ mg/dL、白血球 ₁₇ , ₆₀₀/nL、 AST ₂₄ IU/L、ALT ₁₁ IU/L、血清クレアチニン ₀ . ₂₄ mg/dL、 BUN ₁₀ mg/dL なお、この患者はアモキシシリン水和物に対するアレルギー歴がある。 問 224（物理・化学・生物） Ａ に該当する細菌に関しては、培養検査等により以下の情報が得られてい る。 Ａ はどれか。1つ選べ。 「好気条件で増殖する。グラム陰性菌である。鞭毛を有する。芽胞は形成しな い。色素ピオシアニンを産生する。バイオフィルムを形成する。」	"[""リステリア菌"",""緑膿菌"",""淋菌"",""黄色ブドウ球菌"",""破傷風菌""]"	singleChoice	1	null	normal	false	parsed	"[""none""]"	P109-CASE-224	https://www.mhlw.go.jp/content/001226762.pdf	https://www.mhlw.go.jp/content/001228441.pdf	2024-02-18	MHLW website content under Public Data License 1.0 unless separately indicated; third-party content requires separate review
P109-225	109	225	実践	実務	（実務） この患者の検査結果を受けて、医師と感染制御チーム（ICT）の薬剤師が協議し た。薬剤師が医師に提案する抗菌薬として、適切なのはどれか。2つ選べ。	"[""シプロフロキサシン"",""メロペネム"",""アミカシン"",""セフタジジム"",""タゾバクタム・ピペラシリン""]"	multiChoice	[1,2]	null	normal	false	parsed	"[""none""]"	P109-CASE-224	https://www.mhlw.go.jp/content/001226762.pdf	https://www.mhlw.go.jp/content/001228441.pdf	2024-02-18	MHLW website content under Public Data License 1.0 unless separately indicated; third-party content requires separate review
P109-228	109	228	実践	衛生	−229 ₇₀ 歳男性と ₆₀ 歳女性の夫婦。 ₂ 人で、打たせ湯のある温泉施設に日帰り 旅行へ行ったところ、翌日夜に女性は全身倦怠感と頭痛を伴う発熱の症状を呈した が、自宅療養し、 ₂ 日後に回復した。一方、男性は旅行から帰った ₅ 日後に発熱 し、呼吸困難感、湿性咳嗽と胸痛の症状が見られたため、医療機関を受診したとこ ろ、肺炎と診断され入院となった。男性は身長 ₁₆₅ cm、体重 ₅₃ kg。入院時の各種 検査結果は以下のとおりである。さらに、この男性が罹患している疾病に関して、 尿中抗原検査及び喀痰の遺伝子増幅法検査を追加で施行した結果、いずれも陽性と なった。夫婦は同じ病原体に罹患し、女性はポンティアック熱であったと考えられ た。 （身体所見） 体温 ₃₈ . ₂ ℃、血圧 ₁₀₁/₆₂ mmHg、脈拍 ₉₅ 拍/分（整）、 SpO2（ルームエアー）₉₃％ （検査所見） 白血球 ₁₂ , ₀₀₀/nL、赤血球 ₄₄₀ # ₁₀ /nL、Hb ₁₄ . ₃ g/dL、 血小板 ₂₀ # ₁₀ /nL、AST ₂₅ IU/L、ALT ₂₀ IU/L、 総ビリルビン ₀ . ₈ mg/dL、血清クレアチニン ₂ . ₀ mg/dL、CRP ₁₈ . ₂ mg/dL、 SARS︲CoV₂︲PCR（鼻咽頭ぬぐい液）陰性、尿中肺炎球菌抗原検査陰性 問 228（実務） この男性患者に対する治療薬として最も適切なのはどれか。1つ選べ。	"[""レボフロキサシン"",""オセルタミビル"",""アモキシシリン"",""セフジニル"",""ニルマトレルビル・リトナビル""]"	singleChoice	0	null	normal	false	parsed	"[""none""]"	P109-CASE-228	https://www.mhlw.go.jp/content/001226762.pdf	https://www.mhlw.go.jp/content/001228441.pdf	2024-02-18	MHLW website content under Public Data License 1.0 unless separately indicated; third-party content requires separate review
P109-235	109	235	実践	実務	（衛生） 褥瘡治療においては、必要なエネルギー量と摂取タンパク質量を考慮することが 重要であるため、NST（Nutrition Support Team）の薬剤師が介入することと なった。この患者に必要な栄養投与量は、総エネルギー量が体重 ₁ kg あたり ₃₀ kcal、タンパク質摂取量が ₁ 日あたり ₆₀ g である。この場合の非タンパク質カ ロリー／窒素比（NPC/N 比）として最も近いのはどれか。1つ選べ。 ただし、タンパク質の窒素含有率は ₁₆％とする。	"[""₁₀₀"",""₁₂₀"",""₁₄₀"",""₁₆₀"",""₁₈₀""]"	singleChoice	1	null	normal	false	parsed	"[""none""]"	P109-CASE-234	https://www.mhlw.go.jp/content/001226762.pdf	https://www.mhlw.go.jp/content/001228441.pdf	2024-02-18	MHLW website content under Public Data License 1.0 unless separately indicated; third-party content requires separate review
P109-238	109	238	実践	衛生	−239 ₇₀ 歳男性。同居している息子夫婦に付き添われて来局。₂₀ 歳の頃より喫 煙習慣があり（ブリンクマン指数：₁ , ₂₀₀）、現在も ₁ 日に ₁₀ 本程度喫煙してい る。また職業上の粉じん曝露歴があった。数年前より労作時の息切れが出現し、 徐々に症状が悪化したために近医を受診し、慢性閉塞性肺疾患（COPD）と診断さ れ、以下の処方が出された。 （処方） チオトロピウム臭化物吸入用カプセル ₁₈ ng ₁ 回 ₁ カプセル ₁ 日 ₁ 吸入 全 ₅₆ カプセル 問 238（実務） 処方薬の注意すべき主な副作用はどれか。2つ選べ。	"[""排尿障害"",""徐脈"",""口腔内カンジダ症"",""下痢"",""口渇""]"	multiChoice	[0,4]	null	normal	false	parsed	"[""none""]"	P109-CASE-238	https://www.mhlw.go.jp/content/001226762.pdf	https://www.mhlw.go.jp/content/001228441.pdf	2024-02-18	MHLW website content under Public Data License 1.0 unless separately indicated; third-party content requires separate review
P109-244	109	244	実践	衛生	−245 夫婦と小学生 ₂ 人の ₄ 人家族。冬休みに、スキー場近くのキャンプ場で 大型テントを張り、その中で炭火を使って鉄板でバーベキューをしていた。また、 テントの入り口付近では、暖房器具の電源として携帯型のガソリンエンジン発電機 を使用していた。しばらくして、通りがかった隣のテントの男性が、昏睡状態で倒 れているこの家族を発見した。 搬送受入先の救急指定病院では、一酸化炭素ガス中毒を疑った救急救命チームの 医師の指示で、血液検査と血液ガス分析が行われた。 問 244（実務） 一酸化炭素ガス中毒の診断に最も有効な検査項目はどれか。1つ選べ。	"[""pH"",""重炭酸イオン"",""動脈血二酸化炭素分圧"",""血清クレアチニン値"",""カルボキシヘモグロビン""]"	singleChoice	4	null	normal	false	parsed	"[""none""]"	P109-CASE-244	https://www.mhlw.go.jp/content/001226762.pdf	https://www.mhlw.go.jp/content/001228441.pdf	2024-02-18	MHLW website content under Public Data License 1.0 unless separately indicated; third-party content requires separate review
P109-247	109	247	実践	実務	（実務） この患者で肝生検を行うにあたり休薬する薬剤として、適切なのはどれか。2つ 選べ。	"[""クロピドグレル錠"",""アムロジピン口腔内崩壊錠"",""ランソプラゾール口腔内崩壊錠"",""フェノフィブラート錠"",""グリメピリド錠""]"	multiChoice	[0,4]	null	normal	false	parsed	"[""none""]"	P109-CASE-246	https://www.mhlw.go.jp/content/001226763.pdf	https://www.mhlw.go.jp/content/001228441.pdf	2024-02-18	MHLW website content under Public Data License 1.0 unless separately indicated; third-party content requires separate review
P109-248	109	248	実践	薬理	−249 ₆₈ 歳男性。胸痛、咳嗽、発熱により救急外来を受診した。胸部 X 線検査 で肺炎像と胸水貯留が認められ、重症細菌性肺炎が疑われたため入院となり、以下 の処方 ₁ と処方 ₂ で治療を開始することとなった。 （入院時の身体所見及び検査値） 身長 ₁₆₅ cm、体重 ₆₀ kg、体温 ₃₉ . ₅ ℃、呼吸 ₂₅ 回/分 白血球 ₁₈ , ₀₀₀/nL、CRP ₁₈ . ₅ mg/dL、eGFR ₈₀ mL/min/₁ . ₇₃ m 、 SpO2 ₉₂％ （処方 ₁ ） メロペネム点滴静注用 ₁ g 生理食塩液 ₁₀₀ mL ₁日₃回 ₈：₀₀、₁₆：₀₀、₂₄：₀₀ ₃₀ 分かけて静脈内投与 ₃ 日連日 （処方 ₂ ） アセトアミノフェン静注液 ₁₀₀₀ mg/₁₀₀ mL（ ₁ 回 ₅₀₀ mg 使用） ₁日₂回 ₁₀：₀₀、₁₈：₀₀ ₁₅ 分かけて静脈内投与 ₃ 日連日 救急外来担当薬剤師がお薬手帳を確認したところ、てんかんの治療中であり、現 在、バルプロ酸ナトリウム、レベチラセタム、ペランパネルを内服していることが わかった。 問 248（実務） この患者で生じる可能性のある薬物相互作用を踏まえて、薬剤師が医師に変更を 提案する薬物として、最も適切なのはどれか。1つ選べ。	"[""バルプロ酸ナトリウム"",""ペランパネル"",""レベチラセタム"",""メロペネム"",""アセトアミノフェン""]"	singleChoice	3	null	normal	false	parsed	"[""none""]"	P109-CASE-248	https://www.mhlw.go.jp/content/001226763.pdf	https://www.mhlw.go.jp/content/001228441.pdf	2024-02-18	MHLW website content under Public Data License 1.0 unless separately indicated; third-party content requires separate review
P109-250	109	250	実践	薬理	−251 ₅₀ 歳男性。会社員。人事異動で ₁ 年前に本社の営業課長を命じられた。し かし仕事に順応できず、ストレス、不安感及び過食が ₃ ケ月続いた。上司のすすめ もあり心療内科を受診し、うつ病と診断され以下の処方 ₁ で治療中である。 （処方 ₁ ） エスシタロプラム錠 ₂₀ mg ₁ 回 ₁ 錠（ ₁ 日 ₁ 錠） ₁日₁回 夕食後 ₂₈ 日分 内服開始後、特に副作用は現れていないが、十分な効果が認められないため、医 師は処方に新たに薬剤を追加して併用療法を行いたいと考えている。なお、男性は 現在排尿障害を伴う前立腺肥大症で処方 ₂ を内服中である。 （処方 ₂ ） デュタステリドカプセル ₀ . ₅ mg ₁ 回 ₁ カプセル（ ₁ 日 ₁ カプセル） ₁日₁回 朝食後 ₂₈ 日分 問 250（実務） この患者に対して禁忌ではなく、併用療法として用いることができる薬物はどれ か。1つ選べ。	"[""アミトリプチリン"",""アリピプラゾール"",""マプロチリン"",""ミルナシプラン"",""クロミプラミン""]"	singleChoice	1	null	normal	false	parsed	"[""none""]"	P109-CASE-250	https://www.mhlw.go.jp/content/001226763.pdf	https://www.mhlw.go.jp/content/001228441.pdf	2024-02-18	MHLW website content under Public Data License 1.0 unless separately indicated; third-party content requires separate review
P109-254	109	254	実践	薬理	−255 ₇₀ 歳男性。身長 ₁₆₅ cm、体重 ₅₀ kg。 ₁ 年前に心筋梗塞を起こし、心室細 動による心停止で救命救急センターに搬送され、心蘇生術を施し心機能が回復し た。その後、意識消失発作を起こしたため、半年前に埋め込み型除細動器（ICD） （注） と以下の処方で治療を開始した。 （注）体に埋め込んで、致死的な不整脈を自動的に感知し、電気ショックを与えて 心臓の動きを正常にもどす医療機器 （処方） バイアスピリン錠 ₁₀₀ mg ₁ 回 ₁ 錠（ ₁ 日 ₁ 錠） クロピドグレル錠 ₇₅ mg ₁ 回 ₁ 錠（ ₁ 日 ₁ 錠） ビソプロロールフマル酸塩錠 ₂ . ₅ mg ₁ 回 ₁ 錠（ ₁ 日 ₁ 錠） カンデサルタン錠 ₄ mg ₁ 回 ₁ 錠（ ₁ 日 ₁ 錠） ₁日₁回 朝食後 ₂₈ 日分 しかし、その後も ICD が作動することがあり、医師は心室性不整脈予防のため の追加薬を検討している。 問 254（実務） 追加する薬物として、最も適切なのはどれか。1つ選べ。	"[""一硝酸イソソルビド"",""キニジン"",""イソプレナリン"",""アミオダロン"",""ジルチアゼム""]"	singleChoice	3	null	normal	false	parsed	"[""none""]"	P109-CASE-254	https://www.mhlw.go.jp/content/001226763.pdf	https://www.mhlw.go.jp/content/001228441.pdf	2024-02-18	MHLW website content under Public Data License 1.0 unless separately indicated; third-party content requires separate review
P109-256	109	256	実践	薬理	−257 ₅₂ 歳女性。₄₀ 歳時に気管支ぜん息と診断された。現在、処方 1 ～ ₅ の薬 剤を服用しており、アドヒアランスは良好であるが、ぜん息発作で頻回に入院して いた。今回、ぜん息発作のコントロール目的で入院となり、処方 ₆ が追加された。 （処方 1 ） アドエア ₅₀₀ ディスカス ₂₈ 吸入用 1個 （注 1） 1 回 1 吸入 1日₂回 朝・夕吸入 （注 1 ） 1 回サルメテロールとして ₅₀ ng 及びフルチカゾンプロピオン酸エス テルとして ₅₀₀ ng （処方 ₂ ） スピリーバ ₂ . ₅ ng レスピマット ₆₀ 吸入 1本 （注 2） 1 回 ₂ 吸入 1日1回 朝吸入 （注 ₂ ） 1 回チオトロピウムとして ₂ . ₅ ng （処方 ₃ ） テオフィリン徐放錠 ₂₀₀ mg 1 回 1 錠（ 1 日 ₂ 錠） 1日₂回 朝食後及び就寝前 （処方 ₄ ） モンテルカスト口腔内崩壊錠 1₀ mg 1 回 1 錠（ 1 日 1 錠） 1日1回 就寝前 （処方 ₅ ） プロカテロール塩酸塩水和物エアゾール 1₀ ng 1本 1 回 ₂ 吸入 ぜん息発作時 （処方 ₆ ） オマリズマブ（遺伝子組換え）皮下注 1₅₀ mg シリンジ ₃本 1 回 ₄₅₀ mg 11：₀₀ に皮下投与 問 256（実務） 薬剤師が処方 ₆ の薬剤の投与量を監査するために確認すべき患者情報はどれか。 2つ選べ。	"[""体表面積"",""体重"",""投与前血清中総 IgE 濃度"",""投与前血清中 IL︲₅ 濃度"",""投与前血中好酸球数""]"	multiChoice	[1,2]	null	normal	false	parsed	"[""none""]"	P109-CASE-256	https://www.mhlw.go.jp/content/001226763.pdf	https://www.mhlw.go.jp/content/001228441.pdf	2024-02-18	MHLW website content under Public Data License 1.0 unless separately indicated; third-party content requires separate review
P109-264	109	264	実践	薬理	−267 ₃₉ 歳、閉経前女性。身長 ₁₅₅ cm、体重 ₄₃ kg、体表面積 ₁ . ₃₈ m 。右乳房 に腫瘤を触知し、乳腺外科を受診、針生検の結果、T₁N₁M₀ の StageⅡA の右乳 がんと診断され、入院した。右乳房部分切除術、センチネルリンパ節生検及び腋窩 リンパ節郭清を実施した。術後の検査所見は以下のとおりであった。 （検査所見） リンパ節転移 ₆ 個、エストロゲン受容体（ER）陽性、 プロゲステロン受容体（PgR）陽性、 HER₂（ヒト上皮増殖因子受容体 ₂ 型）陰性、AST ₂₀ IU/L、ALT ₁₇ IU/L、 血清クレアチニン ₀ . ₈₈ mg/dL、BUN ₁₈ mg/dL、白血球 ₅ , ₆₀₀/nL、 赤血球 ₃₆₈ # ₁₀4/nL、Hb ₁₁ . ₂ g/dL、血小板 ₂₈ # ₁₀4/nL、好中球 ₄ , ₅₀₀/nL 今回この患者に以下の術後薬物療法を施行することとなった。 （処方 ₁ ） Ａ 錠 ₂₀ mg ₁ 回 ₁ 錠（ ₁ 日 ₁ 錠） ₁日₁回 朝食後 ₁₄ 日分 （処方 ₂ ） リュープロレリン酢酸塩注射用キット ₃ . ₇₅ mg ₁ キット ₁ 回 ₃ . ₇₅ mg ₄ 週間ごとに ₁ 回皮下注射 問 264（実務） この患者の術後薬物療法に用いられる薬物Ａとして、適切なのはどれか。1つ選 べ。	"[""アナストロゾール"",""エキセメスタン"",""エンザルタミド"",""タモキシフェン"",""ラパチニブ""]"	singleChoice	3	null	normal	false	parsed	"[""none""]"	P109-CASE-264	https://www.mhlw.go.jp/content/001226763.pdf	https://www.mhlw.go.jp/content/001228441.pdf	2024-02-18	MHLW website content under Public Data License 1.0 unless separately indicated; third-party content requires separate review
P109-271	109	271	実践	実務	（薬剤） 点滴投与から ₉ 日後、平熱に戻り、呼吸状態も改善されたため退院が決定し、点 滴静注からボリコナゾール錠 ₁₅₀ mg を ₁ 回 ₁ 錠、 ₁ 日 ₂ 回の内用剤に切り換える ことになった。定常状態に到達後の血中濃度を測定したところ、ボリコナゾールの 平均血中濃度は ₄ ng/mL であった。 臨床試験の結果から、ボリコナゾールの体内からの消失はミカエリス・メンテン 式 に 従 う こ と、 最 大 消 失 速 度 は ボ リ コ ナ ゾ ー ル の 主 な 代 謝 酵 素 の extensive metabolizer（EM）では ₃₅ mg/h であること、ミカエリス定数は遺伝子多型の影 響を受けず ₄ mg/L であることが示されている。この患者の最大消失速度は EM の 何倍か。最も近い値を1つ選べ。ただし、ボリコナゾールの経口投与後のバイオア ベイラビリティは ₁₀₀％とする。	"[""₀.₂"",""₀.₄"",""₀.₇"",""₀.₉"",""₁.₄""]"	singleChoice	2	null	normal	false	parsed	"[""none""]"	P109-CASE-270	https://www.mhlw.go.jp/content/001226763.pdf	https://www.mhlw.go.jp/content/001228441.pdf	2024-02-18	MHLW website content under Public Data License 1.0 unless separately indicated; third-party content requires separate review
P109-272	109	272	実践	薬剤	−273 ₅₃ 歳男性。以前から、Ａ病院内科で高血圧症、脂質異常症、糖尿病、胃潰 瘍、腰痛症に対して治療を受けており、症状は安定していた。最近、仕事のストレ スのためか気分が落ち込むことが多く、食欲不振、不眠などが続くため、Ｂ心療内 科を受診した。うつ病と診断され、処方箋を持って、かかりつけの薬局を訪れた。 （処方） フルボキサミンマレイン酸塩錠 ₂₅ mg ₁ 回 ₁ 錠（ ₁ 日 ₂ 錠） ₁日₂回 朝夕食後 ₁₄ 日分 （薬歴に記載されていたＡ病院内科での処方内容） ニフェジピン徐放錠 ₂₀ mg ₁ 回 ₁ 錠（ ₁ 日 ₁ 錠） ₁日₁回 朝食後 ₁₄ 日分 シンバスタチン錠 ₅ mg ₁ 回 ₁ 錠（ ₁ 日 ₁ 錠） ₁日₁回 夕食後 ₁₄ 日分 メトホルミン塩酸塩錠 ₅₀₀ mg ₁ 回 ₁ 錠（ ₁ 日 ₂ 錠） ファモチジン口腔内崩壊錠 ₂₀ mg ₁ 回 ₁ 錠（ ₁ 日 ₂ 錠） ₁日₂回 朝夕食後 ₁₄ 日分 チザニジン錠 ₁ mg ₁ 回 ₁ 錠（ ₁ 日 ₃ 錠） ₁日₃回 朝昼夕食後 ₁₄ 日分 問 272（実務） かかりつけ薬剤師が処方監査した際、心療内科と内科の処方薬剤の中に併用禁忌 の組合せがあるため、疑義照会を行うこととなった。その疑義照会の原因となる薬 剤はどれか。1つ選べ。	"[""ニフェジピン徐放錠"",""シンバスタチン錠"",""メトホルミン塩酸塩錠"",""ファモチジン口腔内崩壊錠"",""チザニジン錠""]"	singleChoice	4	null	normal	false	parsed	"[""none""]"	P109-CASE-272	https://www.mhlw.go.jp/content/001226763.pdf	https://www.mhlw.go.jp/content/001228441.pdf	2024-02-18	MHLW website content under Public Data License 1.0 unless separately indicated; third-party content requires separate review
P109-273	109	273	実践	実務	（薬剤） 前問の薬剤を選択した理由に最も深く関係する機序はどれか。1つ選べ。	"[""胃内 pH の上昇"",""小腸 CYP₃A₄ 発現量の増加"",""小腸 P︲糖タンパク質発現量の増加"",""肝 CYP₁A₂ の阻害"",""肝 CYP₃A₄ の阻害""]"	singleChoice	3	null	normal	false	parsed	"[""none""]"	P109-CASE-272	https://www.mhlw.go.jp/content/001226763.pdf	https://www.mhlw.go.jp/content/001228441.pdf	2024-02-18	MHLW website content under Public Data License 1.0 unless separately indicated; third-party content requires separate review
P109-277	109	277	実践	実務	（薬剤） この患者におけるバンコマイシンの分布容積は ₆₂ . ₅ L、クリアランスは ₃ . ₆ L/h と見積もられている。 ₂ 回目投与直前のバンコマイシンの血中濃度と定常状態にお けるトラフ値の組合せとして適切なのはどれか。1つ選べ。 ただし、投与量の計算において、投与に要する時間は投与間隔に対して無視でき るほど短いものとし、投与中における体内からのバンコマイシンの消失は無視でき るものとする。 ₂ 回目投与直前のバンコマ 定常状態におけるトラフ値 イシン血中濃度（ng/mL） （ng/mL）	"[""₄ ₈"",""₄ ₁₂"",""₈ ₁₆"",""₈ ₂₀"",""₁₂ ₂₀"",""₁₂ ₄₀""]"	singleChoice	2	null	normal	false	parsed	"[""none""]"	P109-CASE-276	https://www.mhlw.go.jp/content/001226763.pdf	https://www.mhlw.go.jp/content/001228441.pdf	2024-02-18	MHLW website content under Public Data License 1.0 unless separately indicated; third-party content requires separate review
P109-286	109	286	実践	病態・薬物治療	−287 ₈₆ 歳男性。₇₆ 歳時に妻と死別し独居中であるが、近所に住む娘が介護に あたってきた。死別 ₅ 年後の ₈₁ 歳の頃から、徐々に物忘れが出現し、時々つじつ まが合わない発言があったが放置していた。₈₄ 歳頃より、物忘れがひどくなり、 一人になると不安感が強くなった。娘の姿が見えないと、すぐに名前を呼び、片時 も離れられない状況になったため、物忘れ外来を受診した。来院時、新しいことが 覚えられず、取り繕うような話し方であった。尿失禁や歩行障害はなし。長谷川式 簡易知能評価（HDS︲R）は ₃₀ 点満点中 ₁₈ 点であった。頭部 CT で海馬の萎縮を 指摘されたが、梗塞巣所見はなく、血液検査も異常はなかった。また、この男性は 不整脈に対して服薬しており、骨粗しょう症の治療のため ₃ 年前から昨年までの ₂₄ ケ月間テリパラチド皮下注キットによる治療が実施された。 現在の処方は以下のとおりである。 （処方 ₁ ） ドネペジル塩酸塩口腔内崩壊錠 ₅ mg ₁ 回 ₁ 錠（ ₁ 日 ₁ 錠） ₁日₁回 起床時 （処方 ₂ ） ワルファリンカリウム錠 ₁ mg ₁ 回 ₂ 錠（ ₁ 日 ₂ 錠） ₁日₁回 起床時 問 286（病態・薬物治療） この患者の経過及び処方から考えられる疾患はどれか。2つ選べ。	"[""心房細動"",""心室性期外収縮"",""アルツハイマー型認知症"",""血管性認知症"",""レビー小体型認知症""]"	multiChoice	[0,2]	null	normal	false	parsed	"[""none""]"	P109-CASE-286	https://www.mhlw.go.jp/content/001226764.pdf	https://www.mhlw.go.jp/content/001228441.pdf	2024-02-18	MHLW website content under Public Data License 1.0 unless separately indicated; third-party content requires separate review
P109-288	109	288	実践	病態・薬物治療	−289 ₄₂ 歳女性。半年前に両側手指関節及び両側膝関節の痛みを自覚し病院を受 診した。検査の結果、関節リウマチと診断され、処方 ₁ による治療を受けていた。 症状のコントロールが不十分だったためメトトレキサートが漸増されたが、多発性 関節炎は持続した。最近では仕事にも支障をきたすようになったため、治療方針が 変更されることになった。この患者は小児期に水痘に罹患した既往がある。 （検査値） CRP ₅ . ₀ mg/dL、リウマトイド因子陽性、抗 CCP 抗体（抗環状シトルリン化 ペプチド抗体）陽性、抗核抗体陰性、AST ₂₅ IU/L、ALT ₁₅ IU/L、 eGFR ₈₀ mL/min/₁ . ₇₃ m （処方 ₁ ） メトトレキサートカプセル ₂ mg ₁ 回 ₁ カプセル（ ₁ 日 ₂ カプセル） 毎週 日曜日 ₁ 日 ₂ 回 ₉ 時、₂₁ 時 ₄ 日分（投与実日数） メトトレキサートカプセル ₂ mg ₁ 回 ₁ カプセル（ ₁ 日 ₁ カプセル） 毎週 月曜日 ₁ 日 ₁ 回 ₉時 ₄ 日分（投与実日数） 問 288（病態・薬物治療） この患者に追加する治療薬として、適切なのはどれか。2つ選べ。	"[""エリスロマイシン"",""トファシチニブ"",""免疫グロブリン製剤"",""コルヒチン"",""アダリムマブ""]"	multiChoice	[1,4]	null	normal	false	parsed	"[""none""]"	P109-CASE-288	https://www.mhlw.go.jp/content/001226764.pdf	https://www.mhlw.go.jp/content/001228441.pdf	2024-02-18	MHLW website content under Public Data License 1.0 unless separately indicated; third-party content requires separate review
P109-291	109	291	実践	実務	（実務） 追加された処方 ₄ の薬剤を服用するにあたり、この患者自身が特に注意する副作 用症状として、適切なのはどれか。2つ選べ。	"[""ふらつき"",""陰部搔痒感"",""歯肉肥厚"",""喀痰"",""難聴""]"	multiChoice	[0,1]	null	normal	false	parsed	"[""none""]"	P109-CASE-290	https://www.mhlw.go.jp/content/001226764.pdf	https://www.mhlw.go.jp/content/001228441.pdf	2024-02-18	MHLW website content under Public Data License 1.0 unless separately indicated; third-party content requires separate review
P109-293	109	293	実践	実務	（実務） この患者に追加する降圧薬のうち、適しているのはどれか。2つ選べ。	"[""アムロジピン"",""アジルサルタン"",""トリクロルメチアジド"",""エサキセレノン"",""カルベジロール""]"	multiChoice	[1,3]	null	normal	false	parsed	"[""none""]"	P109-CASE-292	https://www.mhlw.go.jp/content/001226764.pdf	https://www.mhlw.go.jp/content/001228441.pdf	2024-02-18	MHLW website content under Public Data License 1.0 unless separately indicated; third-party content requires separate review
P109-302	109	302	実践	病態・薬物治療	−303 ₆₄ 歳女性。身長 ₁₅₅ cm、体重 ₅₁ kg。うつ病の既往歴あり。胃がん腹膜播 種 転 移（Stage Ⅳ、HER₂ 陰 性 ） に 対 し テ ガ フ ー ル・ ギ メ ラ シ ル・ オ テ ラ シ ル （₈₀ mg/m ）+ シスプラチン（₆₀ mg/m ）併用療法を開始したが、 ₃ ケ月後に腫 2 2 瘍の増悪を認めた。二次治療としてパクリタキセル（₈₀ mg/m ）+ ラムシルマブ （ ₈ mg/kg）併用療法を施行した。徐々に末梢神経障害が認められ、処方 ₁ 及び ₂ の処方薬を服用していた。末梢神経障害は落ち着いたが、がん疼痛 NRS ₈ を認 （注） めたため、トラマドール口腔内崩壊錠は処方 ₃ に変更され、服用開始 ₃ 日目に患者 面談を行った。 （注）NRS：Numerical Rating Scale （処方 ₁ ） トラマドール塩酸塩口腔内崩壊錠 ₅₀ mg ₁ 回 ₂ 錠（ ₁ 日 ₆ 錠） メトクロプラミド錠 ₅ mg ₁ 回 ₂ 錠（ ₁ 日 ₆ 錠） 酸化マグネシウム細粒 ₈₃％ ₁ 回 ₅₀₀ mg（ ₁ 日 ₁ , ₅₀₀ mg） ₁日₃回 朝昼夕食後 ₇ 日分 （処方 ₂ ） アミトリプチリン塩酸塩錠 ₂₅ mg ₁ 回 ₂ 錠（ ₁ 日 ₂ 錠） ゾルピデム酒石酸塩錠 ₅ mg ₁ 回 ₁ 錠（ ₁ 日 ₁ 錠） ₁日₁回 就寝前 ₇ 日分 （処方 ₃ ） オキシコドン徐放錠 ₁₀ mg ₁ 回 ₁ 錠（ ₁ 日 ₂ 錠） ₁日₂回 朝夕食後 ₇ 日分 （検査値） 項目 面談 ₇ 日前 面談時 AST（IU/L） ₁₁ ₉ ALT（IU/L） ₂₀ ₁₄ BUN（mg/dL） ₂₅ . ₄ ₃₀ . ₉ CCr（mL/min） ₄₅ . ₁ ₃₅ . ₅ Na（mEq/L） ₁₃₈ ₁₃₅ K（mEq/L） ₃.₈ ₄.₅ Cl（mEq/L） ₉₉ ₁₀₁ 空腹時血糖（mg/dL） ₁₁₁ ₁₀₈ 面談内容は以下のとおり。 患 者：麻薬と聞いて不安だったけど、痛み止めが効いたよ。 薬剤師：痛みが落ち着いてよかったですね。食事とお通じはいかがですか。 患 者：ご飯は食べてます。お通じは、トイレの時にいきみますが、スッキリし なくて残った感じがあります。 問 302（実務） 面談等の結果、薬剤師の医師への提案内容として最も適切なのはどれか。1つ選 べ。	"[""グラニセトロンの追加"",""アミトリプチリン錠を ₇₅ mg/日へ増量"",""酸化マグネシウム細粒を ₃ , ₀₀₀ mg/日へ増量"",""ナルデメジンの追加"",""オキシコドン徐放錠の中止""]"	singleChoice	3	null	normal	false	parsed	"[""none""]"	P109-CASE-302	https://www.mhlw.go.jp/content/001226764.pdf	https://www.mhlw.go.jp/content/001228441.pdf	2024-02-18	MHLW website content under Public Data License 1.0 unless separately indicated; third-party content requires separate review
P109-310	109	310	実践	法規・制度・倫理	−311 ₇₅ 歳女性。 ₇ 日前に誕生日を迎えた。その少し前に、誕生日以降に使用で きる医療保険証が郵送されてきた。₇₀ 歳の夫と二人暮らしである。高血圧症と閉 塞隅角緑内障の治療のため、ロサルタン錠とビマトプロスト点眼液を使用してい る。 ₃ 日前、熱中症で救急病院に入院となった。入院後、寝つきが悪いとの訴えが あったため睡眠導入薬を追加することとなった。この病棟を担当している薬剤師 は、患者を担当している研修医から睡眠導入薬について相談を受けた。患者から は、「寝つきが悪いので、早く眠れる薬が欲しい。でも、睡眠薬は効果が翌朝まで 残ることがあると聞いたので不安だ。翌朝に影響の少ない薬がよい。」との希望が あった。 問 310（実務） 研修医に提案する薬剤として適切なのはどれか。2つ選べ。	"[""エスゾピクロン錠"",""ジフェンヒドラミン塩酸塩錠"",""ニトラゼパム錠"",""フルニトラゼパム塩酸塩カプセル"",""ラメルテオン錠""]"	multiChoice	[0,4]	null	normal	false	parsed	"[""none""]"	P109-CASE-310	https://www.mhlw.go.jp/content/001226764.pdf	https://www.mhlw.go.jp/content/001228441.pdf	2024-02-18	MHLW website content under Public Data License 1.0 unless separately indicated; third-party content requires separate review
P109-324	109	324	実践	法規・制度・倫理	−325 ₂₁ 歳男性。スポーツ競技者。花粉症による鼻炎症状がつらく、練習に影響 するので自分で何か良いものはないかと調べたところ、ある健康食品が良いとイン ターネット上で評判になっていることを知り、当該健康食品について相談するため 薬局を訪れた。この競技者から、ドーピング禁止物質 は摂取できないという申 （注） し出があり、薬剤師が対応した。 （注）ドーピング禁止物質：世界アンチ・ドーピング機構が定める禁止表に記載さ れている物質 問 324（法規・制度・倫理） この薬局では、この健康食品以外にも複数の健康食品を取り扱っており、店舗内 での健康食品の広告を検討している。次のうち、医薬品的な効果に該当せず、医薬 品でなくても広告が可能なのはどれか。1つ選べ。	"[""がんの治癒"",""花粉症の予防"",""健康維持"",""細胞の活性化"",""肝機能の向上""]"	singleChoice	2	null	normal	false	parsed	"[""none""]"	P109-CASE-324	https://www.mhlw.go.jp/content/001226764.pdf	https://www.mhlw.go.jp/content/001228441.pdf	2024-02-18	MHLW website content under Public Data License 1.0 unless separately indicated; third-party content requires separate review
P109-326	109	326	実践	実務	₈₄ 歳男性。体重減少と身体活動の低下のため介護保険施設に入所中である。歩 行中に転倒し、大腿骨頸部骨折により整形外科病院に入院となった。患者は、オル メサルタン、アゼルニジピン、エソメプラゾール、アトルバスタチン、センノシド を服用中であった。 （現病歴） 高血圧症、脂質異常症、便秘症 （入院 ₂ 週間前の血圧記録） 血圧手帳より、平均 ₁₁₂/₆₄ mmHg （入院時検査値） 血圧 ₁₁₀/₆₂ mmHg、心拍 ₆₆ 拍/分、LDL︲C ₈₂ mg/dL、HDL︲C ₅₆ mg/dL、 TG（トリグリセリド）₁₁₀ mg/dL 病棟担当薬剤師は、患者が持参した薬剤の継続について医師から相談を受け、本 患者の生命予後に関して、文献の情報を参考に検討した。 収縮期血圧 ₁₃₀ mmHg 未満、降圧薬 ₂ 剤未満 ₁₀₀ 収縮期血圧 ₁₃₀ mmHg 以上、降圧薬 ₂ 剤以上 収縮期血圧 ₁₃₀ mmHg 以上、降圧薬 ₂ 剤未満 ₉₀ 生存率（％） ₈₀ p 1 ₀ . ₀₀₁ ₇₀ 収縮期血圧 ₁₃₀ mmHg 未満、 降圧薬 ₂ 剤以上 ₆₀ ₀ ₀.₅ ₁.₀ ₁.₅ ₂.₀ 治療期間（年） フレイルを伴う高齢患者における降圧薬の多剤併用の有無及び収縮 期血圧が生存率に及ぼす影響 （JAMA Intern Med, ₁₇₅（₆） ：₉₈₉︲₉₉₅（₂₀₁₅）より引用改変） 生命予後の改善を念頭に、薬剤師が医師に伝える内容として、最も優先順位が高 いのはどれか。1つ選べ。	"[""オルメサルタンを中止する。"",""アトルバスタチンを中止する。"",""オルメサルタンとアゼルニジピンを同時に中止する。"",""オルメサルタンとアゼルニジピンの合剤に変更する。"",""現在の治療を継続する。""]"	singleChoice	0	null	normal	false	parsed	"[""none""]"		https://www.mhlw.go.jp/content/001226764.pdf	https://www.mhlw.go.jp/content/001228441.pdf	2024-02-18	MHLW website content under Public Data License 1.0 unless separately indicated; third-party content requires separate review
P109-327	109	327	実践	実務	₅₀ 歳男性。身長 ₁₆₀ cm、体重 ₆₀ kg。食道がん術後の絶食状態にて以下の注射 液の投与指示があった。本処方の薬剤を投与する場合の血漿に対する浸透圧比とし て最も近いのはどれか。1つ選べ。 なお、血漿の浸透圧を ₂₉₀ mOsm/L とし、ブドウ糖の分子量は ₁₈₀ とする。 （処方） ブドウ糖注射液 ₅₀％ ₅₀₀ mL ₁ バッグ 中心静脈より投与 ₄₀ mL/h	"[""₁.₀"",""₂.₈"",""₄.₈"",""₉.₆"",""₁₉ . ₂""]"	singleChoice	3	null	normal	false	parsed	"[""none""]"		https://www.mhlw.go.jp/content/001226764.pdf	https://www.mhlw.go.jp/content/001228441.pdf	2024-02-18	MHLW website content under Public Data License 1.0 unless separately indicated; third-party content requires separate review
P109-336	109	336	実践	実務	₄₂ 歳男性。身長 ₁₆₅ cm。血液検査の結果、血清ナトリウム濃度が ₁₄₇ mEq/L であり、高張性脱水と診断され、輸液により水分を補給することになった。この患 者の水分欠乏量に最も近い値はどれか。1つ選べ。 ただし、この患者の体重は ₆₀ kg、血清ナトリウム濃度の目標値を ₁₄₀ mEq/L、 体水分量を体重の ₅₀％とする。	"[""₁.₀ L"",""₁.₅ L"",""₂.₀ L"",""₂.₅ L"",""₃.₀ L""]"	singleChoice	1	null	normal	false	parsed	"[""none""]"		https://www.mhlw.go.jp/content/001226764.pdf	https://www.mhlw.go.jp/content/001228441.pdf	2024-02-18	MHLW website content under Public Data License 1.0 unless separately indicated; third-party content requires separate review
P109-340	109	340	実践	実務	₇₄ 歳女性。友人と一緒に地域の健康フェアに参加した際に、お薬相談コーナー を訪れた。女性の話によると、過去 ₁₀ 年以上治療してきており、今の ₅ 剤になっ たのは半年前である。最近、足のむくみと体重増加が気になっているとのことで あった。薬剤師は、女性が持参したお薬手帳より、以下の薬剤を服用中であること を確認している。 （お薬手帳の内容） アジルサルタン錠 ₂₀ mg ₁ 回 ₁ 錠（ ₁ 日 ₁ 錠） ピオグリタゾン塩酸塩錠 ₃₀ mg ₁ 回 ₁ 錠（ ₁ 日 ₁ 錠） ₁日₁回 朝食後 ₁₄ 日分 ペマフィブラート錠 ₀ . ₁ mg ₁ 回 ₁ 錠（ ₁ 日 ₂ 錠） 硝酸イソソルビド徐放錠 ₂₀ mg ₁ 回 ₁ 錠（ ₁ 日 ₂ 錠） ₁日₂回 朝夕食後 ₁₄ 日分 ブロチゾラム口腔内崩壊錠 ₀ . ₂₅ mg ₁ 回 ₁ 錠（ ₁ 日 ₁ 錠） ₁日₁回 就寝前 ₁₄ 日分 この女性が、気になっている身体所見及び症状について、薬剤性と疑う場合、最 も強く疑われるのはどれか。1つ選べ。	"[""アジルサルタン錠"",""ピオグリタゾン塩酸塩錠"",""ペマフィブラート錠"",""硝酸イソソルビド徐放錠"",""ブロチゾラム口腔内崩壊錠""]"	singleChoice	1	null	normal	false	parsed	"[""none""]"		https://www.mhlw.go.jp/content/001226764.pdf	https://www.mhlw.go.jp/content/001228441.pdf	2024-02-18	MHLW website content under Public Data License 1.0 unless separately indicated; third-party content requires separate review
P109-345	109	345	実践	実務	₄₇ 歳男性。体重 ₆₂ kg。₂₀ 年以上前から習慣として毎日ビール（ ₁ 缶 ₅₀₀ mL） を ₃ 缶飲んでいた。腹部膨満感、嘔吐、四肢の浮腫、左足親指の関節痛を訴えて受 診したところ、アルコールの過剰摂取による肝硬変及び痛風と診断され、以下の処 方 ₁ 、 ₂ 、 ₃ により治療中である。治療開始から ₂ 週間目に、薬局の薬剤師が服薬 状況の確認のために電話をしたところ、患者から「発熱があり、眼が充血して両下 肢にじん麻疹ができている」という訴えがあった。薬局の薬剤師は、すぐに主治医 への受診を勧め、その後入院加療となった。 （入院時所見等） Na ₁₄₀ mEq/L、K ₃ . ₈ mEq/L、総ビリルビン ₂ . ₁ mg/dL、 血清アルブミン ₂ . ₈ g/dL、PT︲INR ₂ . ₀、AST ₇₈ IU/L、ALT ₆₆ IU/L、 血小板 ₈ # ₁₀4/nL、c︲GTP ₁₂₀ IU/L、アンモニア ₁₁₁ ng/dL、 BUN ₁₈ mg/dL、血清クレアチニン ₁ . ₁ mg/dL、 eGFR ₄₂ . ₈ mL/min/₁ . ₇₃ m 、尿酸 ₈ . ₁ mg/dL （処方 ₁ ） フロセミド錠 ₂₀ mg ₁ 回 ₁ 錠（ ₁ 日 ₁ 錠） スピロノラクトン錠 ₂₅ mg ₁ 回 ₁ 錠（ ₁ 日 ₁ 錠） ₁日₁回 朝食後 ₁₄ 日分 （処方 ₂ ） ウルソデオキシコール酸錠 ₁₀₀ mg ₁ 回 ₁ 錠（ ₁ 日 ₃ 錠） アロプリノール錠 ₁₀₀ mg ₁ 回 ₁ 錠（ ₁ 日 ₃ 錠） ₁日₃回 朝昼夕食後 ₁₄ 日分 （処方 ₃ ） ラクツロースゼリー分包 ₁₂ g/包 ₁ 回 ₁ 包（ ₁ 日 ₃ 包） 分岐鎖アミノ酸配合経口ゼリー剤 ₂₀ g/個 ₁ 回 ₁ 個（ ₁ 日 ₃ 個） ₁日₃回 朝昼夕食後 ₁₄ 日分 入院精査の結果、アロプリノールによるアレルギー反応と疑われ、アロプリノー ルの使用は中止となった。入院中、この患者への対応として適切でないのはどれ か。1つ選べ。	"[""スピロノラクトン錠をトルバプタン錠に変更"",""ベンズブロマロン錠の追加"",""フェブキソスタット錠の追加"",""ベタメタゾン点眼液の追加"",""オロパタジン塩酸塩錠の追加""]"	singleChoice	1	null	normal	false	parsed	"[""none""]"		https://www.mhlw.go.jp/content/001226764.pdf	https://www.mhlw.go.jp/content/001228441.pdf	2024-02-18	MHLW website content under Public Data License 1.0 unless separately indicated; third-party content requires separate review
