id	sourceExam	questionNo	subject	domain	question	choices_json	answer_type	answer_json	accepted_answers_json	scoring_status	requires_media	choiceParseStatus	correctionStatus_json	caseGroupId	source_url	answer_source_url	effective_date	rights_basis
P111-003	111	3	必須	物理・化学・生物	ある薬物の分解反応を異なる温度で行い、その反応速度定数 の対数（ln ）を 縦軸に、絶対温度 の逆数（1/ ）を横軸にとってプロットした場合、アレニウ スの式に従っているのはどれか。１つ選べ。	[]	singleChoice	0	null	normal	true	no_choice_sequence	"[""none""]"		https://www.mhlw.go.jp/content/001677927.pdf	https://www.mhlw.go.jp/content/001677933.pdf	2026-02-22	MHLW website content under Public Data License 1.0 unless separately indicated; third-party content requires separate review
P111-005	111	5	必須	物理・化学・生物	採取した 1 つの均質な検体から同じように調製した多数の試料を 1 回ずつ分析 し、得られた測定値の分布を、真の値を 100.0 としてヒストグラムに表した。真度 及び精度ともに高いのはどれか。１つ選べ。ただし、分析した試料数は同じであ る。	[]	singleChoice	3	null	normal	true	no_choice_sequence	"[""none""]"		https://www.mhlw.go.jp/content/001677927.pdf	https://www.mhlw.go.jp/content/001677933.pdf	2026-02-22	MHLW website content under Public Data License 1.0 unless separately indicated; third-party content requires separate review
P111-006	111	6	必須	物理・化学・生物	薬物中の塩基性官能基を中和するベシル酸の化学構造（分子形）として、正しい のはどれか。１つ選べ。	[]	singleChoice	1	null	normal	true	no_choice_sequence	"[""none""]"		https://www.mhlw.go.jp/content/001677927.pdf	https://www.mhlw.go.jp/content/001677933.pdf	2026-02-22	MHLW website content under Public Data License 1.0 unless separately indicated; third-party content requires separate review
P111-007	111	7	必須	物理・化学・生物	一酸化窒素はラジカル分子である。そのルイス構造式はどれか。１つ選べ。	[]	singleChoice	0	null	normal	true	no_choice_sequence	"[""none""]"		https://www.mhlw.go.jp/content/001677927.pdf	https://www.mhlw.go.jp/content/001677933.pdf	2026-02-22	MHLW website content under Public Data License 1.0 unless separately indicated; third-party content requires separate review
P111-008	111	8	必須	物理・化学・生物	芳香環を除く二重結合が、 配置であるのはどれか。１つ選べ。	[]	singleChoice	2	null	normal	true	no_choice_sequence	"[""none""]"		https://www.mhlw.go.jp/content/001677927.pdf	https://www.mhlw.go.jp/content/001677933.pdf	2026-02-22	MHLW website content under Public Data License 1.0 unless separately indicated; third-party content requires separate review
P111-009	111	9	必須	物理・化学・生物	芳香族性を示さないのはどれか。１つ選べ。	[]	singleChoice	2	null	normal	true	no_choice_sequence	"[""none""]"		https://www.mhlw.go.jp/content/001677927.pdf	https://www.mhlw.go.jp/content/001677933.pdf	2026-02-22	MHLW website content under Public Data License 1.0 unless separately indicated; third-party content requires separate review
P111-010	111	10	必須	物理・化学・生物	下図に示した植物由来の化合物が含む部分構造はどれか。１つ選べ。	"[""リグナン"",""クロモン"",""フラノクマリン"",""ジテルペン"",""アントラキノン""]"	singleChoice	2	null	normal	true	parsed	"[""none""]"		https://www.mhlw.go.jp/content/001677927.pdf	https://www.mhlw.go.jp/content/001677933.pdf	2026-02-22	MHLW website content under Public Data License 1.0 unless separately indicated; third-party content requires separate review
P111-011	111	11	必須	物理・化学・生物	下図は、ヒト男性の泌尿器及び生殖器を含む下腹部の正中矢状断面図である。 前立腺はどれか。１つ選べ。	[]	singleChoice	3	null	normal	true	no_choice_sequence	"[""none""]"		https://www.mhlw.go.jp/content/001677927.pdf	https://www.mhlw.go.jp/content/001677933.pdf	2026-02-22	MHLW website content under Public Data License 1.0 unless separately indicated; third-party content requires separate review
P111-018	111	18	必須	衛生	欠乏によりウェルニッケ脳症が引き起こされるビタミンはどれか。１つ選べ。	[]	singleChoice	1	null	normal	true	no_choice_sequence	"[""none""]"		https://www.mhlw.go.jp/content/001677927.pdf	https://www.mhlw.go.jp/content/001677933.pdf	2026-02-22	MHLW website content under Public Data License 1.0 unless separately indicated; third-party content requires separate review
P111-041	111	41	必須	薬剤	以下の構造式で示される薬物の脳内への移行に、主として関与するトランスポー ターはどれか。１つ選べ。	"[""P‑糖タンパク質"",""有機カチオントランスポーター OCT2"",""有機アニオントランスポーター OAT3"",""中性アミノ酸トランスポーター LAT1"",""グルコーストランスポーター GLUT1""]"	singleChoice	3	null	normal	true	parsed	"[""none""]"		https://www.mhlw.go.jp/content/001677927.pdf	https://www.mhlw.go.jp/content/001677933.pdf	2026-02-22	MHLW website content under Public Data License 1.0 unless separately indicated; third-party content requires separate review
P111-048	111	48	必須	薬剤	下図は、ある結晶多形を有する薬物の粉末 X 線回折パターンである。非晶質は どれか。１つ選べ。	[]	singleChoice	4	null	normal	true	no_choice_sequence	"[""none""]"		https://www.mhlw.go.jp/content/001677927.pdf	https://www.mhlw.go.jp/content/001677933.pdf	2026-02-22	MHLW website content under Public Data License 1.0 unless separately indicated; third-party content requires separate review
P111-053	111	53	必須	薬剤	日本薬局方の製剤に関する一般試験法のうち、下図の装置を用いるのはどれか。 １つ選べ。	"[""製剤均一性試験法"",""展延性試験法"",""比表面積測定法"",""崩壊試験法"",""粘着力試験法""]"	singleChoice	4	null	normal	true	parsed	"[""none""]"		https://www.mhlw.go.jp/content/001677927.pdf	https://www.mhlw.go.jp/content/001677933.pdf	2026-02-22	MHLW website content under Public Data License 1.0 unless separately indicated; third-party content requires separate review
P111-054	111	54	必須	薬剤	テオフィリン徐放性製剤に代表されるスパスタブ型製剤の構造はどれか。１つ 選べ。	[]	singleChoice	0	null	normal	true	no_choice_sequence	"[""none""]"		https://www.mhlw.go.jp/content/001677927.pdf	https://www.mhlw.go.jp/content/001677933.pdf	2026-02-22	MHLW website content under Public Data License 1.0 unless separately indicated; third-party content requires separate review
P111-095	111	95	理論	物理	日本薬局方赤外吸収スペクトル測定法に関する記述として、正しいのはどれか。 ２つ選べ。	"[""赤外線の波長領域は、紫外線と可視光線の間にある。"",""赤外線の波数 4000 cm−1 を波長に換算すると、2.5 μm である。"",""赤外吸収は、振動によって分子の分極率が変化するときに観測される。"",""赤外吸収スペクトルの指紋領域は特性吸収帯より高波数側にある。"",""固体だけではなく、液体や気体の試料でも赤外吸収スペクトルを測定できる。""]"	multiChoice	[1,4]	null	normal	true	parsed	"[""none""]"		https://www.mhlw.go.jp/content/001677928.pdf	https://www.mhlw.go.jp/content/001677933.pdf	2026-02-22	MHLW website content under Public Data License 1.0 unless separately indicated; third-party content requires separate review
P111-096	111	96	理論	物理	‑97 次の記述は、日本薬局方水酸化ナトリウムの定量に関するものである。この水 酸化ナトリウム（NaOH：40.00）は不純物として炭酸ナトリウム（Na2CO3：105.99） のみを含むものとし、下線部イ及びエの時点をそれぞれ第一中和点、第二中和点と する。 本品約 1.5 g を精密に量り、新たに煮沸して冷却した水 40 mL を加えて溶かし、 15 ℃ に冷却した後、フェノールフタレイン試液 2 滴を加え、ア0.5 mol/L 硫酸で 滴定し、イ液の赤色が消えたときの 0.5 mol/L 硫酸の量をウ （mL）とする。さら にこの液にメチルオレンジ試液 2 滴を加え、再び 0.5 mol/L 硫酸で滴定し、エ液が 持続する淡赤色を呈したときの 0.5 mol/L 硫酸の量を （mL）とする。（ − ） mL から水酸化ナトリウム（NaOH）の量を計算する。 0.5 mol/L 硫酸 1 mL ＝ オ mg NaOH 問 96 この定量法に関する記述として正しいのはどれか。２つ選べ。	"[""日 本 薬 局 方 に お い て、 下 線 部 ア の 標 準 液 の 標 定 に 用 い ら れ る 標 準 試 薬 と 0.5 mol/L 塩酸の標定に用いられる標準試薬は同じである。"",""下線部イでは、本品の量が異なっても第一中和点となる pH の値は変化しない。"",""0.5 mol/L 硫酸の代わりに 0.5 mol/L 硫酸とファクターが同じ 0.5 mol/L 塩酸 を用いても、滴定量は下線部ウの液量と変わらない。"",""下線部エは、メチルオレンジのほとんどが化学構造ｂからａに変化した結果で ある。"",""空欄 オ に入れるべき数字は、80.00 である。""]"	multiChoice	[0,1]	null	normal	true	parsed	"[""none""]"		https://www.mhlw.go.jp/content/001677928.pdf	https://www.mhlw.go.jp/content/001677933.pdf	2026-02-22	MHLW website content under Public Data License 1.0 unless separately indicated; third-party content requires separate review
P111-099	111	99	理論	物理	次の化学構造をもつ日本薬局方医薬品の確認試験として適切なのはどれか。 ２つ選べ。ただし、試験に用いる本品の量や試薬・試液の量、反応条件などは日本 薬局方に規定されたとおりとする。	"[""本品に塩酸を加えて加熱した液は、亜硝酸ナトリウム試液、アミド硫酸アンモ ニウム試液を加えた後、 ， ‑ジエチル‑ ′‑1‑ナフチルエチレンジアミンシュウ 酸塩試液を加えると赤紫色を呈する。"",""本品を直火で加熱するとき、紫色のガスを発生する。"",""本品の水溶液にニンヒドリン試液を加え、水浴中で加熱するとき、液は紫色を 呈する。"",""本品に水酸化ナトリウムを加え、徐々に加熱して融解し、炭化する。冷後、希 塩酸を加えるとき、発生するガスは潤した酢酸鉛(Ⅱ)紙を黒変する。"",""本品につき、酸化銅を皮膜した銅網につけて燃焼させる試験を行うとき、緑色 を呈する。""]"	multiChoice	[3,4]	null	normal	true	parsed	"[""none""]"		https://www.mhlw.go.jp/content/001677928.pdf	https://www.mhlw.go.jp/content/001677933.pdf	2026-02-22	MHLW website content under Public Data License 1.0 unless separately indicated; third-party content requires separate review
P111-100	111	100	理論	物理	感染症の原因菌の同定には、菌体のタンパク質を分析対象として、イオン化部 にマトリックス支援レーザー脱離イオン化（MALDI）法、質量分離部に飛行時間 型質量分析計（TOF‑MS）を用いる MALDI‑TOF‑MS が利用されている。この質 量分析法に関する記述として、正しいのはどれか。２つ選べ。	"[""マトリックスと混合されたタンパク質は、高電圧を印加したキャピラリー先端 から噴霧してイオン化される。"",""タンパク質と混合するマトリックスには、レーザー光を吸収する化合物が選択 される。"",""質量分離部では検出器までの飛行時間が短いほど、タンパク質イオンの / 値は小さい。"",""この質量分析法の装置は、高速液体クロマトグラフやキャピラリー電気泳動装 置と直接接続して用いる。"",""マススペクトルには、タンパク質にマトリックスの質量が付加されたイオン ピークが主に観測される。""]"	multiChoice	[1,2]	null	normal	true	parsed	"[""none""]"		https://www.mhlw.go.jp/content/001677928.pdf	https://www.mhlw.go.jp/content/001677933.pdf	2026-02-22	MHLW website content under Public Data License 1.0 unless separately indicated; third-party content requires separate review
P111-101	111	101	理論	化学	インドールのモノ臭素化反応において、主生成物Ａが得られる過程で生じるカ チオン中間体として、適切なのはどれか。１つ選べ。	[]	singleChoice	1	null	normal	true	no_choice_sequence	"[""none""]"		https://www.mhlw.go.jp/content/001677928.pdf	https://www.mhlw.go.jp/content/001677933.pdf	2026-02-22	MHLW website content under Public Data License 1.0 unless separately indicated; third-party content requires separate review
P111-102	111	102	理論	化学	求核アシル置換反応の反応性が最も低いのはどれか。１つ選べ。	[]	singleChoice	3	null	normal	true	no_choice_sequence	"[""none""]"		https://www.mhlw.go.jp/content/001677928.pdf	https://www.mhlw.go.jp/content/001677933.pdf	2026-02-22	MHLW website content under Public Data License 1.0 unless separately indicated; third-party content requires separate review
P111-103	111	103	理論	化学	次の反応式のうち、実際に反応が進行し、主生成物の構造が正しく示されてい るのはどれか。１つ選べ。ただし、各反応はそれぞれ適切な溶媒を用いて行ったも のとする。	[]	singleChoice	1	null	normal	true	no_choice_sequence	"[""none""]"		https://www.mhlw.go.jp/content/001677928.pdf	https://www.mhlw.go.jp/content/001677933.pdf	2026-02-22	MHLW website content under Public Data License 1.0 unless separately indicated; third-party content requires separate review
P111-104	111	104	理論	化学	化合物Ａを原料とし、得られる主生成物がラセミ体となる反応はどれか。２つ 選べ。	[]	multiChoice	[1,3]	null	normal	true	no_choice_sequence	"[""none""]"		https://www.mhlw.go.jp/content/001677928.pdf	https://www.mhlw.go.jp/content/001677933.pdf	2026-02-22	MHLW website content under Public Data License 1.0 unless separately indicated; third-party content requires separate review
P111-106	111	106	理論	化学	アスパラギン酸プロテアーゼであるレニンは、基質タンパク質ＡをペプチドＢ に加水分解する。レニン阻害薬アリスキレンは、この遷移状態を模倣したプロテ アーゼ阻害薬である。アリスキレンの中央部（ア）にあるアミノ基とヒドロキシ基 は、レニンの活性中心に存在する 2 つのアスパラギン酸残基と相互作用する。アで 示す官能基に隣接する構造（イ及びウ）は基質切断部位のアミノ酸の構造を模倣し ている。レニンによるタンパク質Ａの切断部位はどれか。１つ選べ。	[]	singleChoice	3	null	normal	true	no_choice_sequence	"[""none""]"		https://www.mhlw.go.jp/content/001677928.pdf	https://www.mhlw.go.jp/content/001677933.pdf	2026-02-22	MHLW website content under Public Data License 1.0 unless separately indicated; third-party content requires separate review
P111-108	111	108	理論	化学	塩素 Cl2 と光を用いて（ ）‑2‑クロロブタンの塩素化を行ったところ、水素の 1 つ が 塩 素 に 置 換 し た 生 成 物 が 数 種 類 生 じ た。 そ の 1 つ が 化 合 物 Ａ で あ り、 H NMR を測定したところ、化学シフト（ppm，基準物質はテトラメチルシラン）、 分裂パターン（多重度）及びプロトン数について、以下のピークが観測された。化 合物Ａの化学構造として、最も適切なのはどれか。１つ選べ。 化学シフト 分裂パターン プロトン数 （ppm）	"[""6 二重線 3"",""1 四重線 2"",""7 三重線 2"",""3 六重線 1""]"	singleChoice	4	null	normal	true	parsed	"[""none""]"		https://www.mhlw.go.jp/content/001677928.pdf	https://www.mhlw.go.jp/content/001677933.pdf	2026-02-22	MHLW website content under Public Data License 1.0 unless separately indicated; third-party content requires separate review
P111-110	111	110	理論	化学	ある生薬末を光学顕微鏡で観察 したところ、右写真のような管状の 組織（矢印）が見られた。また、木 部繊維の破片が多数含まれていた。 なお、この生薬末は 1 種類の生薬を 粉砕したものである。この生薬末と して考えられるのはどれか。１つ選 べ。	"[""シャクヤク末"",""ブクリョウ末"",""リュウコツ末"",""アロエ末"",""ケイヒ末""]"	singleChoice	0	null	normal	true	parsed	"[""none""]"		https://www.mhlw.go.jp/content/001677928.pdf	https://www.mhlw.go.jp/content/001677933.pdf	2026-02-22	MHLW website content under Public Data License 1.0 unless separately indicated; third-party content requires separate review
P111-115	111	115	理論	生物	酵素Ａと酵素Ｂは、骨格筋又は肝臓に含まれる解糖系の酵素で、グルコースか らグルコース 6‑リン酸を生成する反応を触媒する。グルコース濃度に対する酵素 Ａと酵素Ｂの相対酵素活性は、下図のようになる。相対酵素活性は、反応初速 度 V0 を最大反応速度 Vmax で除した値である。 以下の記述のうち、正しいのはどれか。２つ選べ。	"[""酵素Ａは、基質であるグルコースとの親和性が酵素Ｂより低い。"",""グルコース濃度が 5 mmol/L から 10 mmol/L に増加すると、酵素Ｂの反応初速 度は約 2 倍になる。"",""酵素Ａは、グルコース‑6‑ホスファターゼである。"",""酵素Ｂが触媒する反応は、グルコース 6‑リン酸の濃度が上昇すると抑制され る。"",""酵素Ａは、主に骨格筋に含まれる。""]"	multiChoice	[0,3]	null	normal	true	parsed	"[""none""]"		https://www.mhlw.go.jp/content/001677928.pdf	https://www.mhlw.go.jp/content/001677933.pdf	2026-02-22	MHLW website content under Public Data License 1.0 unless separately indicated; third-party content requires separate review
P111-120	111	120	理論	生物	下の模式図に示すように、Gq タンパク質共役型受容体が外部シグナルを受け た結果、エフェクター酵素①が活性化され、ホスファチジルイノシトール 4，5‑二 リン酸から 2 種類のセカンドメッセンジャー②、③が生成する。セカンドメッセン ジャー②は脂溶性分子であり、プロテインキナーゼ C の活性化に関わる。この細 胞内情報伝達経路に関する説明として、正しいのはどれか。２つ選べ。	"[""Gq タンパク質は、ATP を加水分解する。"",""エフェクター酵素①は、ホスホリパーゼ C である。"",""セカンドメッセンジャー②は、アラキドン酸である。"",""セカンドメッセンジャー③は、小胞体から Ca2＋ を放出させる。"",""プロテインキナーゼ C は、基質タンパク質のチロシン残基をリン酸化する。 一般問題（薬学理論問題）【衛生】""]"	multiChoice	[1,3]	null	normal	true	parsed	"[""none""]"		https://www.mhlw.go.jp/content/001677928.pdf	https://www.mhlw.go.jp/content/001677933.pdf	2026-02-22	MHLW website content under Public Data License 1.0 unless separately indicated; third-party content requires separate review
P111-151	111	151	理論	薬理	下のグラフは、摘出回腸平滑筋を用いた受容体刺激薬Ａによる収縮反応の濃度‑ 反応曲線と、それに対する薬物Ｘ（10‑7 mol/L）あるいは薬物Ｙ（10‑7 mol/L）の 併用が及ぼす影響を示したものである。刺激薬Ａは、一種類の受容体のみを刺激 し、薬物Ｘと薬物Ｙに収縮作用はない。この結果に関する記述として、正しいのは どれか。２つ選べ。	"[""刺激薬Ａの pD2 値は、約 7 である。"",""薬物Ｘの pA2 値は、 7 より小さいと推定できる。"",""10‑5 mol/L の刺激薬Ａによる収縮反応は、薬物Ｘ（10‑7 mol/L）の併用により 約 50％抑制される。"",""薬物Ｙは、刺激薬Ａに対する非競合的拮抗薬である。"",""薬物Ｙの内活性は、0.5 である。""]"	multiChoice	[0,3]	null	normal	true	parsed	"[""none""]"		https://www.mhlw.go.jp/content/001677929.pdf	https://www.mhlw.go.jp/content/001677933.pdf	2026-02-22	MHLW website content under Public Data License 1.0 unless separately indicated; third-party content requires separate review
P111-154	111	154	理論	病態・薬物治療	‑155 30 歳女性。高校 3 年生のときにきっかけもなく元気がなくなり、 3 ケ月間 学校を休んだことがあったが、特に治療を受けずに回復した。その後は順調であっ たが、 1 ケ月前に急に元気がなくなり、会社を休んだりしていた。ここ数日は「偉 大な発見をしたので、自分には特別な才能がある」と言ったり、誰彼構わず夜中に 電話をするといった状態が持続するため、母親に連れられて来院した。母親による と 2 週間前から母親と話していても、話の内容が次々と脱線し、話している内容が まとまらない、些細なことを契機に怒り出すなど、普段とは異なる行動がみられ た。睡眠をほとんどとっていないが、本人は疲れを感じていない。親戚や友人への 電話で家や車の購入計画などを話し、相手が反対すると激怒するようになった。血 液生化学検査、脳画像検査、脳波検査、脳脊髄液検査で異常はない。飲酒・喫煙歴 なし。違法薬物の使用歴もない。診察の結果、患者は双極性障害と診断された。 問 154（病態・薬物治療） この患者に認められる症状はどれか。２つ選べ。	"[""観念奔逸"",""誇大妄想"",""心気妄想"",""罪業妄想"",""貧困妄想""]"	multiChoice	[0,1]	null	normal	true	parsed	"[""none""]"		https://www.mhlw.go.jp/content/001677929.pdf	https://www.mhlw.go.jp/content/001677933.pdf	2026-02-22	MHLW website content under Public Data License 1.0 unless separately indicated; third-party content requires separate review
P111-170	111	170	理論	薬剤	下図は、空腹時又は朝食後にリボフラビンを経口投与したときの投与量と累積 尿中排泄量との関係を示している。リボフラビンの消化管吸収に関する記述とし て、正しいのはどれか。２つ選べ。	"[""Ａが朝食後、Ｂが空腹時に投与したときの曲線である。"",""Ａが空腹時、Ｂが朝食後に投与したときの曲線である。"",""ＢがＡより低値となるのは、リボフラビンの胃内容排出速度の低下が原因であ る。"",""ＢがＡより低値となるのは、リボフラビンの小腸上皮細胞から腸管腔への排出 トランスポーターの飽和が原因である。"",""メトクロプラミドを前投与したときの曲線は、食事の有無によらずＡよりＢに 近い。""]"	multiChoice	[0,4]	null	normal	true	parsed	"[""none""]"		https://www.mhlw.go.jp/content/001677929.pdf	https://www.mhlw.go.jp/content/001677933.pdf	2026-02-22	MHLW website content under Public Data License 1.0 unless separately indicated; third-party content requires separate review
P111-174	111	174	理論	薬剤	下表は、ある薬物 400 mg を患者に急速静脈内投与し、その 4 時間後に定速静 脈内投与を開始したときの血漿中薬物濃度を示す。このときの定速静脈内投与速度 （mg/h）として最も近い値はどれか。１つ選べ。ただし、本薬物の体内動態は、 線形 1‑コンパートメントモデルに従い、ln 2 ＝ 0.693 とする。 急速静脈内投与後の時間（h） 1 2 4 6 10 血漿中薬物濃度（μg/mL） 14.2 10.0 5.0 5.0 5.0 ↑ 定速静脈内投与の開始	"[""15"",""20"",""25"",""30"",""35""]"	singleChoice	4	null	normal	true	parsed	"[""none""]"		https://www.mhlw.go.jp/content/001677929.pdf	https://www.mhlw.go.jp/content/001677933.pdf	2026-02-22	MHLW website content under Public Data License 1.0 unless separately indicated; third-party content requires separate review
P111-178	111	178	理論	薬剤	ある非電解質薬物 25 mg を結晶又は非晶質固体分散体として、それぞれ一定温 度の水 1.0 L に分散したところ、図に示す薬物濃度−時間曲線が得られた。この薬 物の溶解に関する記述として、正しいのはどれか。２つ選べ。ただし、この薬物に は結晶多形は存在しないものとする。	"[""薬物結晶の飽和溶解度は約 25 μg/mL である。"",""アでは、薬物はすべて溶解しており、液は澄明である。"",""イでは、固相の薬物は一部非晶質として存在している。"",""イでは、液相の薬物は過飽和溶解している。"",""ウでは、薬物結晶が約 5 mg 存在している。""]"	multiChoice	[1,3]	null	normal	true	parsed	"[""none""]"		https://www.mhlw.go.jp/content/001677929.pdf	https://www.mhlw.go.jp/content/001677933.pdf	2026-02-22	MHLW website content under Public Data License 1.0 unless separately indicated; third-party content requires separate review
P111-180	111	180	理論	薬剤	下図は、ある界面活性剤水溶液の濃度と表面張力及び難溶性薬物の可溶化量と の関係を模式的に示したものである。この図に関する記述として、正しいのはどれ か。２つ選べ。	"[""この界面活性剤は、負吸着を示す。"",""Ａは可溶化量を、Ｂは表面張力を示している。"",""濃度Ｘでは、界面活性剤は全てミセルとして存在している。"",""濃度Ｘよりも高い濃度では、溶液表面への界面活性剤の吸着量が一定となる。"",""濃度Ｙでは、疎水基を外側に、親水基を内側としたミセルが形成される。""]"	multiChoice	[1,3]	null	normal	true	parsed	"[""none""]"		https://www.mhlw.go.jp/content/001677929.pdf	https://www.mhlw.go.jp/content/001677933.pdf	2026-02-22	MHLW website content under Public Data License 1.0 unless separately indicated; third-party content requires separate review
P111-181	111	181	理論	薬剤	懸濁性医薬品に含まれる懸濁粒子の質量基準による積算粒度分布を測定したと ころ、図 1 が得られた。 図1 この医薬品懸濁液を細長い容器に移し、均一分散した後に静置し、水面から一定 の深さにおける懸濁粒子濃度（懸濁液 10 mL 中の粒子量 mg）を経時的に測定した （図 2 ）。懸濁粒子濃度の経時的変化、すなわち懸濁粒子の沈降挙動を表したグラ フとして、最も適当なのはどれか。１つ選べ。 ただし、懸濁粒子は凝集せず、ストークス式（1）に従って沈降するものとする。 （ρ − ρ0）g 2 ＝ ＝ （1） 18η ：沈降速度， ：沈降距離， ：沈降時間，ρ：粒子の密度，ρ0：分散媒の密度 g：重力加速度， ：粒子径，η：分散媒の粘度 また、懸濁粒子濃度は、最大径の粒子が測定面を通過し終わる沈降時間（TS ＝ 1 時間）で、初期値 12 mg/10 mL から減少し始め、時間の経過とともにグラフ中 の黒点を通り、沈降時間 TE でゼロになるものとする。 図2	[]	singleChoice	4	null	normal	true	no_choice_sequence	"[""none""]"		https://www.mhlw.go.jp/content/001677929.pdf	https://www.mhlw.go.jp/content/001677933.pdf	2026-02-22	MHLW website content under Public Data License 1.0 unless separately indicated; third-party content requires separate review
P111-200	111	200	実践	物理・化学・生物	‑201 73 歳男性。脳梗塞後片麻痺の後遺症がある。最近、動悸や息切れを感じて 近医を受診し、急性冠症候群の疑いで総合病院を紹介された。トレッドミル、自転 車エルゴメータは困難であったことから、精査目的で、塩化タリウム（201Tl）注射 液（ 1 回 74 MBq）及びアデノシン注射液を使用した心筋血流シンチグラフィを行 うこととなった。 問 200（実務） アデノシンの作用に影響を及ぼすため、この心筋血流シンチグラフィ実施前日の 夕方から服用を避けるべき薬物はどれか。２つ選べ。	"[""ワルファリン"",""チザニジン"",""テオフィリン"",""プレガバリン"",""ジピリダモール""]"	multiChoice	[2,4]	null	normal	true	parsed	"[""none""]"	P111-CASE-200	https://www.mhlw.go.jp/content/001677930.pdf	https://www.mhlw.go.jp/content/001677933.pdf	2026-02-22	MHLW website content under Public Data License 1.0 unless separately indicated; third-party content requires separate review
P111-204	111	204	実践	物理・化学・生物	‑205 60 歳女性。近医にて 3 年前から 2 型糖尿病、高血圧症、昨年から変形性左 膝関節症と診断され、以下の処方 1 〜 3 の薬剤で治療している。今年、脳ドックを 受けたところ脳腫瘍の疑いを指摘された。通常の MRI 検査を実施した後、さらに 精査目的でガドテル酸メグルミン注射液を用いた造影 MRI 検査を総合病院に入院 して行うこととなった。また、貧血予防でサプリメント（鉄）を 2 年間継続的に服 用している。服薬アドヒアランスに問題ないことから、入院中は処方 1 〜 3 とサプ リメント（鉄）は自己管理となった。 （処方 1 ） アムロジピン錠 5 mg 1 回 1 錠（ 1 日 1 錠） シタグリプチンリン酸塩錠 50 mg 1 回 1 錠（ 1 日 1 錠） 1日1回 朝食後 28 日分 （処方 2 ） メトホルミン塩酸塩錠 250 mg 1 回 1 錠（ 1 日 2 錠） 1日2回 朝夕食後 28 日分 （処方 3 ） ロキソプロフェン Na テープ 50 mg（ 7 × 10 cm 非温感） 4 袋（ 7 枚／袋） 1回1枚 左膝に貼付 （造影 MRI 検査前日の検査値） 血圧 143/83 mmHg、AST 34 IU/L、ALT 34 IU/L、γ‑GTP 43 IU/L、 eGFR 54 mL/min/1.73 m2、HbA1c 7.0％ 問 204（物理・化学・生物） この患者に行う造影 MRI 検査に関する記述として、正しいのはどれか。２つ選 べ。	"[""生体内の水素原子核（プロトン）は、強力な外部磁場中で 2 つのエネルギー準 位に分裂する。"",""ラーモア周波数よりも高い周波数のラジオ波を照射すると、プロトンは基底状 態から励起状態に遷移する。"",""造影剤は放射性医薬品である。"",""造影剤はガドリニウムイオン（Gd3＋）のキレート化合物である。"",""造影剤はプロトンの緩和時間を延長することにより、画像のコントラストを高 める。""]"	multiChoice	[0,3]	null	normal	true	parsed	"[""none""]"	P111-CASE-204	https://www.mhlw.go.jp/content/001677930.pdf	https://www.mhlw.go.jp/content/001677933.pdf	2026-02-22	MHLW website content under Public Data License 1.0 unless separately indicated; third-party content requires separate review
P111-206	111	206	実践	物理・化学・生物	‑207 74 歳男性。紅葉狩りのため、夫婦で 3 泊 4 日の温泉旅行に行った。帰宅後 から発熱症状があり、体温 38.9 ℃（腋窩）、咳と呼吸が困難となる状態のため、総 合病院を受診した。胸部レントゲン画像所見等から肺炎と診断され、入院加療と なった。入院後、採血、血液培養、尿中抗原検査が実施され、以下の処方の薬剤の 投与が開始された。 （検査結果：入院直後） 体温 39.1 ℃、CRP 10.2 mg/dL、CCr 52 mL/min、AST 19 IU/L、 ALT 18 IU/L、SpO2 92％ （処方） 点滴静注 レボフロキサシン注射液 （500 mg/生理食塩液 100 mL） 1 バッグ（500 mg） 1日1回 午前 10 時〜11 時 本日から 7 日間投与 投与開始 3 日目に血液培養検査の結果が出て、レジオネラ菌が原因であることが わかった。咳、呼吸困難の症状は軽快しており、食事も摂れるようになり、解熱傾 向となった。そこで、退院に向けて、主治医から処方の薬剤を内服に切り替えたい との相談が病棟担当薬剤師にあった。 （検査結果：点滴開始 3 日後） 体温 37.2 ℃、CRP 2.3 mg/dL、CCr 48 mL/min、AST 19 IU/L、 ALT 18 IU/L、SpO2 97％ 問 206（物理・化学・生物） 処方されたレボフロキサシンは、ナリジクス酸からの構造変換により開発された 抗菌薬である。レボフロキサシンに関する記述として、正しいのはどれか。２つ選 べ。	"[""イソキノリン構造を持つ。"",""ナリジクス酸の 6 位へフッ素原子を導入したことにより、抗菌作用が増強した。"",""不斉炭素の立体配置は 配置である。"",""抗菌作用の発現には、 1 位の窒素原子と 3 位のカルボキシ基によるキレート形 成が必須である。"",""キラルスイッチにより副作用が軽減した医薬品である。""]"	multiChoice	[1,4]	null	normal	true	parsed	"[""none""]"	P111-CASE-206	https://www.mhlw.go.jp/content/001677930.pdf	https://www.mhlw.go.jp/content/001677933.pdf	2026-02-22	MHLW website content under Public Data License 1.0 unless separately indicated; third-party content requires separate review
P111-208	111	208	実践	物理・化学・生物	‑209 58 歳男性。身長 174 cm、体重 82 kg。仕事が忙しくなってストレスがたま り、暴飲暴食で早食いとなった。最近、胸やけとともに、口の中に酸っぱい液体が 上がってくる感じがすることから、相談のために薬局を訪れた。服用薬を確認した ところ、近隣のドラッグストアで購入した酸化マグネシウムを服用していたが、症 状は改善しなかったとのことであった。そこで、医療機関への受診を勧めた。近医 にて内視鏡検査の結果、胃食道逆流症と診断され、以下の処方箋を持って再び薬局 を訪れた。 （処方） オメプラゾール錠 20 mg 1 回 1 錠（ 1 日 1 錠） 1日1回 朝食後 14 日分 問 208（物理・化学・生物） 処方されたオメプラゾールは強酸による活性化を受けて効果を発揮する。下図 は、その化学変換を示しており、生成した活性体Ｃが不可逆的に H＋，K＋‑ATP アー ゼプロトンポンプ（ATPase）を阻害する。この反応過程において、強酸性条件下 により増大する性質はどれか。１つ選べ。	"[""Ａのアの窒素原子の求核性"",""Ａのイの炭素原子の求電子性"",""Ｂのウの窒素原子の求電子性"",""Ｂのエの硫黄原子の求核性"",""Ｃと反応する ATPase の SH 基の求電子性""]"	singleChoice	1	null	normal	true	parsed	"[""none""]"	P111-CASE-208	https://www.mhlw.go.jp/content/001677930.pdf	https://www.mhlw.go.jp/content/001677933.pdf	2026-02-22	MHLW website content under Public Data License 1.0 unless separately indicated; third-party content requires separate review
P111-211	111	211	実践	実務	（物理・化学・生物） 処方 3 のビルダグリプチンは、セリンプロテアーゼ（酵素Ａ）阻害薬である。活 性中心であるセリン残基の求核攻撃により、酵素‑阻害薬間で共有結合複合体を形 成するが、この反応は可逆的である。複合体の模式図として適切なのはどれか。 １つ選べ。	[]	singleChoice	0	null	normal	true	no_choice_sequence	"[""none""]"	P111-CASE-210	https://www.mhlw.go.jp/content/001677930.pdf	https://www.mhlw.go.jp/content/001677933.pdf	2026-02-22	MHLW website content under Public Data License 1.0 unless separately indicated; third-party content requires separate review
P111-213	111	213	実践	実務	（物理・化学・生物） 薬剤師の提案を受け、男性は服用回数が少なく、運転に影響が少ないロラタジン 錠を購入することとした。ロラタジンは、シトクロム P 450（CYP）による酸化を 受けて薬効を示すＡに変換される。 この代謝反応において生成する化合物Ｂとして、適切なのはどれか。１つ選べ。	[]	singleChoice	4	null	normal	true	no_choice_sequence	"[""none""]"	P111-CASE-212	https://www.mhlw.go.jp/content/001677930.pdf	https://www.mhlw.go.jp/content/001677933.pdf	2026-02-22	MHLW website content under Public Data License 1.0 unless separately indicated; third-party content requires separate review
P111-220	111	220	実践	物理・化学・生物	‑221 58 歳男性。身長 168 cm、体重 70 kg。 3 年前に 2 型糖尿病と診断され、食 事療法と運動療法に加え、処方 1 の薬剤で治療を受けていた。足に痛みやしびれが 生じたため、本日、処方 2 及び処方 3 の薬剤が追加になり、検査値が併記された処 方箋を持って薬局を訪れた。薬剤師による聞き取りにより、半年前から他の医療機 関で処方されたパロキセチン錠 20 mg を服用していることが分かった。 （処方 1 ） テネリグリプチン臭化水素酸塩水和物・カナグリフロジン水和物配合錠（注） 1 回 1 錠 （ 1 日 1 錠） 1日1回 朝食前 30 日分 （処方 2 ） エパルレスタット錠 50 mg 1 回 1 錠 （ 1 日 3 錠） 1日3回 朝昼夕食前 30 日分 （処方 3 ） デュロキセチン塩酸塩カプセル 20 mg 1 回 1 錠 （ 1 日 2 錠） 1日2回 朝夕食後 30 日分 ⎧ ⎫ ⎜注：テネリグリプチンとして 20 mg、カナグリフロジンとして 100 mg を含⎜ ⎜ 有する。 ⎜ ⎩ ⎭ （本日の処方箋に記載されていた検査値） 血圧 115/65 mmHg、HbA1c 7.0％、CCr 90 mL/min、AST 14 IU/L、 ALT 16 IU/L、LDL‑C 95 mg/dL、TG（トリグリセリド）155 mg/dL、 空腹時血糖 114 mg/dL 問 220（物理・化学・生物） 処方 2 の薬剤は、アルドース還元酵素を阻害する。以下の反応のうち、アルドー ス還元酵素が触媒するのはどれか。１つ選べ。	[]	singleChoice	4	null	normal	true	no_choice_sequence	"[""prescription_dosage_form""]"	P111-CASE-220	https://www.mhlw.go.jp/content/001677930.pdf	https://www.mhlw.go.jp/content/001677933.pdf	2026-02-22	MHLW website content under Public Data License 1.0 unless separately indicated; third-party content requires separate review
P111-235	111	235	実践	実務	（衛生） 提案した解毒薬の投与により、肝臓内で生成量が増えるアセトアミノフェン代謝 物はどれか。１つ選べ。	[]	singleChoice	4	null	normal	true	no_choice_sequence	"[""none""]"	P111-CASE-234	https://www.mhlw.go.jp/content/001677930.pdf	https://www.mhlw.go.jp/content/001677933.pdf	2026-02-22	MHLW website content under Public Data License 1.0 unless separately indicated; third-party content requires separate review
P111-237	111	237	実践	実務	（衛生） この男性が化学工場で業務中に曝露されていた可能性が高い化学物質はどれか。 ２つ選べ。	[]	multiChoice	[1,2]	null	normal	true	no_choice_sequence	"[""none""]"	P111-CASE-236	https://www.mhlw.go.jp/content/001677930.pdf	https://www.mhlw.go.jp/content/001677933.pdf	2026-02-22	MHLW website content under Public Data License 1.0 unless separately indicated; third-party content requires separate review
P111-275	111	275	実践	実務	（薬剤） 薬剤師は処方 1 又は処方 2 の薬剤の副作用を疑い、注意事項等情報（添付文書） 等から薬物動態に関する下表の情報を得た。 薬物動態パラメータ ダパグリフロジン メトホルミン 血漿タンパク結合率 91％ 2％ バイオアベイラビリティ 78％ 60％ 尿中未変化体排泄率（経口投与時） 1％ 52％ 糞中未変化体排泄率（経口投与時） 15％ データなし この患者に生じている症状の原因と考えられる薬物とその理由として、最も可能 性が高い組合せはどれか。１つ選べ。 薬物 理由	"[""ダパグリフロジン 消化管吸収量の増大"",""メトホルミン 消化管吸収量の増大"",""ダパグリフロジン 肝代謝の低下"",""メトホルミン 肝代謝の低下"",""ダパグリフロジン 腎排泄の低下"",""メトホルミン 腎排泄の低下""]"	singleChoice	5	null	normal	true	parsed	"[""none""]"	P111-CASE-274	https://www.mhlw.go.jp/content/001677931.pdf	https://www.mhlw.go.jp/content/001677933.pdf	2026-02-22	MHLW website content under Public Data License 1.0 unless separately indicated; third-party content requires separate review
P111-278	111	278	実践	薬剤	‑279 58 歳女性。 2 年前に右乳房の浸潤性乳管がんと診断され、右乳房全切除及 び 腋 窩 リ ン パ 節 郭 清 が 施 行 さ れ た。 病 理 検 査 の 結 果、 ホ ル モ ン 受 容 体 陰 性、 HER2 に対する免疫組織化学染色 1＋の HER2 低発現乳がんと診断され、術後補助 療法として放射線治療（胸壁・鎖骨上窩照射）が施行された。半年前、局所再発及 び肺転移が確認され、ドキソルビシン＋シクロホスファミド併用療法にて全身化学 療法が開始された。初期には治療が奏効していたが、 4 コース後に画像上で肺転移 及び鎖骨上窩リンパ節の増大を認めた。今回の入院では、トラスツズマブ デルク ステカンを導入することになった。 問 278（実務） トラスツズマブ デルクステカンの副作用のうち、この患者の背景からリスクが 高まると考えられるのはどれか。２つ選べ。	"[""Infusion reaction"",""間質性肺疾患"",""下痢"",""心機能低下"",""末梢神経障害""]"	multiChoice	[1,3]	null	normal	true	parsed	"[""none""]"	P111-CASE-278	https://www.mhlw.go.jp/content/001677931.pdf	https://www.mhlw.go.jp/content/001677933.pdf	2026-02-22	MHLW website content under Public Data License 1.0 unless separately indicated; third-party content requires separate review
P111-281	111	281	実践	実務	（薬剤） 点滴静注①には、添加剤として、精製大豆油、高度精製卵黄レシチン、オレイン 酸、濃グリセリンが含まれる。本製剤に含まれている微粒子の模式図として適切な のはどれか。１つ選べ。ただし、外相は水とする。	[]	singleChoice	2	null	normal	true	no_choice_sequence	"[""none""]"	P111-CASE-280	https://www.mhlw.go.jp/content/001677931.pdf	https://www.mhlw.go.jp/content/001677933.pdf	2026-02-22	MHLW website content under Public Data License 1.0 unless separately indicated; third-party content requires separate review
P111-283	111	283	実践	実務	（薬剤） 服薬指導にあたってセマグルチド錠の医薬品情報を確認した。有効成分のセマグ ルチドは、アルブミンとの結合性を増すために疎水基を導入したジペプチジル ペプチダーゼ‑4（DPP‑4）耐性遺伝子組換えヒトグルカゴン様修飾ペプチドであ り、経口製剤とするために吸収促進剤であるサルカプロザートナトリウム（SNAC） が添加されており、主に胃で吸収されると記載されている。本製剤の組成は以下で ある。 〔セマグルチド錠の組成〕 ・有効成分：セマグルチド（分子量 4113.58、等電点 約 5.4） ・添加物：SNAC※、ポビドン、結晶セルロース、ステアリン酸マグネシウム ※ SNAC は胃の pH を局所的に上昇させる。 SNAC の構造式 ・剤形：素錠 本処方製剤からの有効成分の吸収改善に関する記述として、正しいのはどれか。 ２つ選べ。ただし、消化管に有効成分を輸送するトランスポーターはないものとす る。	"[""腸溶性コーティングにより、有効成分の胃酸による変性を回避することができ る。"",""ステアリン酸マグネシウムによって、胃内で微細なエマルションを形成するこ とにより、有効成分の粘液層内における拡散性が向上する。"",""胃の局所の pH が上昇することにより、有効成分の急速な酵素的分解を防ぐこ とができる。"",""ポビドンによって胆汁分泌が促進され、有効成分の腸管内での溶解性が向上す る。"",""SNAC が胃内容物と相互作用するとその吸収促進効果が減弱する。""]"	multiChoice	[2,4]	null	normal	true	parsed	"[""none""]"	P111-CASE-282	https://www.mhlw.go.jp/content/001677931.pdf	https://www.mhlw.go.jp/content/001677933.pdf	2026-02-22	MHLW website content under Public Data License 1.0 unless separately indicated; third-party content requires separate review
P111-324	111	324	実践	法規・制度・倫理	‑325 46 歳男性。消化性潰瘍の既往あり。高血圧症及び脂質異常症に対し処方 1 の薬剤による治療を行っている。先日、急に話しづらさを感じ、かかりつけ医の紹 介で別の医療機関において画像検査を受けた結果、TIA（一過性脳虚血発作）と診 断されて入院となり、処方 2 の薬剤による治療が開始された。 （処方 1 ） アムロジピン錠 5 mg 1 回 1 錠（ 1 日 1 錠） ロスバスタチン錠 5 mg 1 回 1 錠（ 1 日 1 錠） 1日1回 朝食後 28 日分 （処方 2 ） アスピリン腸溶錠 100 mg 1 回 1 錠（ 1 日 1 錠） 1日1回 朝食後 3 日分 （処方 3 ） アスピリン腸溶錠 100 mg 1 回 1 錠（ 1 日 1 錠） 1日1回 朝食後 28 日分 問 324（実務） 処方 2 の薬剤による治療開始時に、病院で薬剤師が患者に説明する内容として適 切なのはどれか。２つ選べ。	"[""この薬は TIA による後遺症の治療薬である。"",""この薬の服用中は納豆の摂取を控える必要がある。"",""消化性潰瘍が再発することがある。"",""この薬の服用中は発熱や頭痛が起こらない。"",""出血リスクがあるため、検査や手術等の際は服用中止が指示される場合がある。""]"	multiChoice	[2,4]	null	normal	true	parsed	"[""none""]"	P111-CASE-324	https://www.mhlw.go.jp/content/001677932.pdf	https://www.mhlw.go.jp/content/001677933.pdf	2026-02-22	MHLW website content under Public Data License 1.0 unless separately indicated; third-party content requires separate review
P111-341	111	341	実践	実務	37 歳女性。経口避妊剤トリキュラー 28 の処方箋を持って薬局を訪れた。今回 初めて本剤を服用するので、質問票に記載してもらったところ、15 年間の喫煙歴 （ 1 日 10 本）があり、お酒は週に数回飲んでいることが分かった。なお、指導の 際に本剤の写真（下図）が印刷されたリーフレットを用いて説明した。 色調 赤褐色 白色 淡黄褐色 白色（大） 錠数 6錠 5錠 10 錠 7錠 レボノルゲストレル 0.050 mg 0.075 mg 0.125 mg 含有せず 有効成分 （ 1 錠中） 日局エチニルエストラ 0.030 mg 0.040 mg 0.030 mg 含有せず ジオール（ 1 錠中） 服用日（薬剤シートの番号 1（開始日） 7 〜11 日間 12〜21 日間 22〜28 日間 に従って、 1 から 28 まで 〜 6 日間 順に服用） 服薬指導として適切なのはどれか。２つ選べ。	"[""この薬は、性感染症のリスクを低下させます。"",""初めてこの薬を服用する場合は、月経が終了した日から 1 番目の赤褐色の錠剤 を飲み始めてください。"",""通常、白色（大）錠剤を服用している間に月経がありますが、最後まで飲み 切ってください。"",""この薬を飲み始めるとむくみが生じるので、できる限り水分摂取を制限してく ださい。"",""この薬の使用中は禁煙してください。""]"	multiChoice	[2,4]	null	normal	true	parsed	"[""none""]"		https://www.mhlw.go.jp/content/001677932.pdf	https://www.mhlw.go.jp/content/001677933.pdf	2026-02-22	MHLW website content under Public Data License 1.0 unless separately indicated; third-party content requires separate review
P110-001	110	1	必須	物理・化学・生物	図はダニエル電池（Zn;ZnSO（aq）CuSO 4 （aq） 4 ;Cu）の模式図である。この電池 の標準起電力として正しいのはどれか。1つ選べ。 ただし、Zn と Cu の半電池の標準電極電位はそれぞれ -₀ . ₇₆₃ V と +₀ . ₃₃₇ V とする。 導線 多孔質壁 Zn Cu 板 板 ZnSO4 溶液 CuSO4 溶液	"[""+₀ . ₂₁₃ V"",""+₀ . ₄₂₆ V"",""+₁ . ₁₀₀ V"",""-₀ . ₄₂₆ V"",""-₁ . ₁₀₀ V""]"	singleChoice	2	null	normal	true	parsed	"[""none""]"		https://www.mhlw.go.jp/content/001455149.pdf	https://www.mhlw.go.jp/content/001458551.pdf	2025-02-23	MHLW website content under Public Data License 1.0 unless separately indicated; third-party content requires separate review
P110-003	110	3	必須	物理・化学・生物	難溶性塩である水酸化鉄（Ⅲ）（Fe（OH） 3）の純水中での溶解度を S mol/L とす ると、その溶解度積（Ksp）を正しく表しているのはどれか。1つ選べ。 1 ₃S （mol/L） 3 3 2 ₄S （mol/L） 3 3 3 ₉S （mol/L） 3 3 4 ₉S （mol/L） 4 4 5 ₂₇S （mol/L） 4 4	[]	singleChoice	4	null	normal	true	no_choice_sequence	"[""none""]"		https://www.mhlw.go.jp/content/001455149.pdf	https://www.mhlw.go.jp/content/001458551.pdf	2025-02-23	MHLW website content under Public Data License 1.0 unless separately indicated; third-party content requires separate review
P110-006	110	6	必須	物理・化学・生物	以下のアルドヘキソースＡのアノマーはどれか。1つ選べ。 CH2OH O OH OH HO OH A CH2OH CH2OH CH2OH CH2OH CH2OH HO O OH O OH O OH O HO O OH OH HO OH HO HO HO HO OH OH OH OH OH OH OH 1 2 3 4 5	[]	singleChoice	3	null	normal	true	no_choice_sequence	"[""none""]"		https://www.mhlw.go.jp/content/001455149.pdf	https://www.mhlw.go.jp/content/001458551.pdf	2025-02-23	MHLW website content under Public Data License 1.0 unless separately indicated; third-party content requires separate review
P110-008	110	8	必須	物理・化学・生物	以下の化合物のうち、最も酸性度が高いのはどれか。1つ選べ。 OH OH OH OH OH NH2 Cl NO2 1 2 3 4 5	[]	singleChoice	4	null	normal	true	no_choice_sequence	"[""none""]"		https://www.mhlw.go.jp/content/001455149.pdf	https://www.mhlw.go.jp/content/001458551.pdf	2025-02-23	MHLW website content under Public Data License 1.0 unless separately indicated; third-party content requires separate review
P110-009	110	9	必須	物理・化学・生物	以下の化学種のうち、ベンジルカチオンが最も安定化されているのはどれか。 1つ選べ。 H ＋ H H ＋ H H ＋ H H ＋ H H ＋ H OCH3 OCH3 OCH3 OCH3 OCH3 OCH3 H3CO OCH3 1 2 3 4 5	[]	singleChoice	3	null	normal	true	no_choice_sequence	"[""none""]"		https://www.mhlw.go.jp/content/001455149.pdf	https://www.mhlw.go.jp/content/001458551.pdf	2025-02-23	MHLW website content under Public Data License 1.0 unless separately indicated; third-party content requires separate review
P110-012	110	12	必須	物理・化学・生物	核酸に含まれるプリン塩基のヒトにおける最終代謝産物はどれか。1つ選べ。 1 O 2 O 3 NH2 N N N HN HN N N N H2N N N N N H H H 4 O 5 O H N N HN HN O O N N O N N H H H H	[]	singleChoice	4	null	normal	true	no_choice_sequence	"[""none""]"		https://www.mhlw.go.jp/content/001455149.pdf	https://www.mhlw.go.jp/content/001458551.pdf	2025-02-23	MHLW website content under Public Data License 1.0 unless separately indicated; third-party content requires separate review
P110-016	110	16	必須	衛生	下図の年次推移を示す我が国の人口統計指標はどれか。1つ選べ。 ₁₅ （人口千対） ₁₀ ₅ ₀ ₁₉₅₀ ₁₉₅₅ ₁₉₆₀ ₁₉₆₅ ₁₉₇₀ ₁₉₇₅ ₁₉₈₀ ₁₉₈₅ ₁₉₉₀ ₁₉₉₅ ₂₀₀₀ ₂₀₀₅ ₂₀₁₀ ₂₀₁₅ ₂₀₂₀ （年） （厚生労働省「人口動態統計」を基に作成）	"[""出生率"",""合計特殊出生率"",""総再生産率"",""粗死亡率"",""年齢調整死亡率""]"	singleChoice	3	null	normal	true	parsed	"[""none""]"		https://www.mhlw.go.jp/content/001455149.pdf	https://www.mhlw.go.jp/content/001458551.pdf	2025-02-23	MHLW website content under Public Data License 1.0 unless separately indicated; third-party content requires separate review
P110-019	110	19	必須	衛生	以下の構造式で示す腐敗アミンの前駆体となるアミノ酸はどれか。1つ選べ。 HN N NH2	"[""リシン"",""チロシン"",""ヒスチジン"",""アルギニン"",""トリプトファン""]"	singleChoice	2	null	normal	true	parsed	"[""none""]"		https://www.mhlw.go.jp/content/001455149.pdf	https://www.mhlw.go.jp/content/001458551.pdf	2025-02-23	MHLW website content under Public Data License 1.0 unless separately indicated; third-party content requires separate review
P110-023	110	23	必須	衛生	水道水質基準の基準項目に定められている大腸菌を特異的に検出するための基 質はどれか。1つ選べ。 1 2 Br 3 Cl NH CH2OH CH2OH CH2OH O O O CN HO O HO O O OH NO2 OH OH HO OH OH OH 4 CH3 5 － O CO2H CH2OH N O O O O N ＋ CH3 O O OH OH HO HO OH OH	[]	singleChoice	3	null	normal	true	no_choice_sequence	"[""none""]"		https://www.mhlw.go.jp/content/001455149.pdf	https://www.mhlw.go.jp/content/001458551.pdf	2025-02-23	MHLW website content under Public Data License 1.0 unless separately indicated; third-party content requires separate review
P110-026	110	26	必須	薬理	モルモット摘出回腸標本の収縮反応について、アセチルコリン単独による濃度︲ 反応曲線（破線）と、薬物Ｘ存在下でのアセチルコリンによる濃度︲反応曲線（実 線）を作成したところ、下図のようになった。薬物Ｘはどれか。1つ選べ。 ただし、アセチルコリン単独により生じる最大収縮を ₁₀₀％とした。また、薬物 Ｘの単独では収縮反応が生じなかった。 ₁₀₀ 反応率︵％︶ ₅₀ ₀ アセチルコリン（対数濃度）	"[""ヒスタミン"",""アトロピン"",""ピリドスチグミン"",""パパベリン"",""ベタネコール""]"	singleChoice	3	null	normal	true	parsed	"[""none""]"		https://www.mhlw.go.jp/content/001455149.pdf	https://www.mhlw.go.jp/content/001458551.pdf	2025-02-23	MHLW website content under Public Data License 1.0 unless separately indicated; third-party content requires separate review
P110-041	110	41	必須	薬剤	下図のように、細胞膜の形態変化を伴って高分子医薬品を細胞内へ取り込む輸 送機構はどれか。1つ選べ。 高分子医薬品 細胞外 細胞膜 細胞内	"[""単純拡散"",""促進拡散"",""一次性能動輸送"",""二次性能動輸送"",""膜動輸送""]"	singleChoice	4	null	normal	true	parsed	"[""none""]"		https://www.mhlw.go.jp/content/001455149.pdf	https://www.mhlw.go.jp/content/001458551.pdf	2025-02-23	MHLW website content under Public Data License 1.0 unless separately indicated; third-party content requires separate review
P110-045	110	45	必須	薬剤	下図は腎臓のネフロンを模式的に示したものである。図中の 1 ～ 5 のうち、有 機アニオントランスポーター（OAT₁、OAT₃）を介した薬物の輸送を表すのはど れか。1つ選べ。 ただし、図中の矢印の向きは薬物が移行する方向を示す。 血液 糸球体 近位尿細管 ヘンレ係蹄 遠位尿細管 5 排泄	[]	singleChoice	2	null	normal	true	no_choice_sequence	"[""none""]"		https://www.mhlw.go.jp/content/001455149.pdf	https://www.mhlw.go.jp/content/001458551.pdf	2025-02-23	MHLW website content under Public Data License 1.0 unless separately indicated; third-party content requires separate review
P110-051	110	51	必須	薬剤	構造粘性を有する製剤でみられる、下図のレオグラムを示す現象はどれか。 1つ選べ。 せん断速度 D 下降曲線 上昇曲線 せん断応力 S	"[""クリープ"",""チキソトロピー"",""応力緩和"",""ダイラタンシー"",""コアセルベーション""]"	singleChoice	1	null	normal	true	parsed	"[""none""]"		https://www.mhlw.go.jp/content/001455149.pdf	https://www.mhlw.go.jp/content/001458551.pdf	2025-02-23	MHLW website content under Public Data License 1.0 unless separately indicated; third-party content requires separate review
P110-053	110	53	必須	薬剤	下の模式図で示される経口徐放カプセル剤の型はどれか。1つ選べ。 速放性顆粒 徐放性顆粒 ₁ 徐放性顆粒 ₂ 徐放性顆粒 ₃	"[""スパンスル型"",""ロンタブ型"",""グラデュメット型"",""スパスタブ型"",""レジネート型""]"	singleChoice	0	null	normal	true	parsed	"[""none""]"		https://www.mhlw.go.jp/content/001455149.pdf	https://www.mhlw.go.jp/content/001458551.pdf	2025-02-23	MHLW website content under Public Data License 1.0 unless separately indicated; third-party content requires separate review
P110-075	110	75	必須	法規・制度・倫理	医薬品副作用被害救済制度の概要を示した下図において、健康被害者が給付を 請求する先の Ａ として正しいのはどれか。1つ選べ。 ③諮問 厚生労働大臣 薬事審議会＊ ④答申 ＊（旧）薬事・食品衛生審議会 ②判定の ⑤判定結果の 申し出 通知 ①給付請求 健康被害者 （本人または遺族） Ａ ⑥給付	"[""主治医"",""都道府県知事"",""製造販売業者"",""社会保険診療報酬支払基金"",""独立行政法人医薬品医療機器総合機構（PMDA）""]"	singleChoice	4	null	normal	true	parsed	"[""none""]"		https://www.mhlw.go.jp/content/001455149.pdf	https://www.mhlw.go.jp/content/001458551.pdf	2025-02-23	MHLW website content under Public Data License 1.0 unless separately indicated; third-party content requires separate review
P110-093	110	93	理論	物理	ボルツマン分布は、異なるエネルギー準位 E 1、E 2（E 2 2 E 1）にある分子の数 をそれぞれ N 1、N 2 としたとき、熱平衡状態における両者の比（R = N 2/N 1）とエ ネルギー差（DE = E 2 - E 1）との間にある一定の関係を与える。この関係を表す グラフの概形として正しいのはどれか。1つ選べ。 1 2 3 ₁ ₁ ₁ R R R ₀ DE ₀ DE ₀ DE 4 5 ₁ ₁ R R ₀ DE ₀ DE	[]	singleChoice	2	null	normal	true	no_choice_sequence	"[""none""]"		https://www.mhlw.go.jp/content/001455152.pdf	https://www.mhlw.go.jp/content/001458551.pdf	2025-02-23	MHLW website content under Public Data License 1.0 unless separately indicated; third-party content requires separate review
P110-099	110	99	理論	物理	日本薬局方金チオリンゴ酸ナトリウムの定量法には原子吸光光度法が用いられ る。このことに関する記述として正しいのはどれか。2つ選べ。なお、測定条件は 以下のとおりである。 測定条件 使用ガス：可燃性ガス ア 支燃性ガス 空気 ランプ： イ （波長 ₂₄₂ . ₈ nm）	"[""ア に入るのは、アセチレンである。"",""イ に入るのは、重水素放電管である。"",""原子化には冷蒸気方式が用いられる。"",""定量には、ランベルト・ベール（Lambert︲Beer）の法則が適用される。"",""金の原子スペクトルは、連続スペクトルである。""]"	multiChoice	[0,3]	null	normal	true	parsed	"[""none""]"		https://www.mhlw.go.jp/content/001455152.pdf	https://www.mhlw.go.jp/content/001458551.pdf	2025-02-23	MHLW website content under Public Data License 1.0 unless separately indicated; third-party content requires separate review
P110-100	110	100	理論	物理	フェノール、パラオキシ安息香酸及びトルエンを含む混合物試料を高速液体ク ロマトグラフィー（HPLC）により分析した。このことに関する記述として正しい のはどれか。2つ選べ。なお、HPLC の分析条件は以下のとおりである。 分析条件 検出器：紫外吸光光度計（測定波長：₂₇₀ nm） カラム：内径 ₄ . ₆ mm、長さ ₁₅ cm のステンレス管に粒径 ₅ nm の液体クロマ トグラフィー用オクタデシルシリル化シリカゲルを充てんする。 カラム温度：₃₅ ℃付近の一定温度 移動相：pH ₇ . ₀ の ₀ . ₁ mol/L リン酸塩緩衝液／メタノール（ ₃：₁ ）混液	"[""使用した HPLC は順相クロマトグラフィーである。"",""₃ つの化合物のうち、最後に溶出するのはトルエンである。"",""カラム温度を高くするとピーク高さは大きくなり、ピーク面積は減少する。"",""パラオキシ安息香酸の保持時間を長くするには、移動相中の緩衝液の pH を低 くする。"",""トルエンの保持時間を長くするには、移動相中のメタノールの比率を高くす る。""]"	multiChoice	[1,3]	null	normal	true	parsed	"[""none""]"		https://www.mhlw.go.jp/content/001455152.pdf	https://www.mhlw.go.jp/content/001458551.pdf	2025-02-23	MHLW website content under Public Data License 1.0 unless separately indicated; third-party content requires separate review
P110-102	110	102	理論	化学	以下の反応式のうち、右に示された主生成物が誤っているのはどれか。1つ選べ。 ただし、各反応はそれぞれ適切な溶媒を用いて行い、反応終了後、適切な後処理 を施したものとする。 H3C H3C 1 ）NaNH2，液体アンモニア	"[""H"",""）CH3CH2Br CH3 1） BH H3C H3C""]"	singleChoice	3	null	normal	true	parsed	"[""none""]"		https://www.mhlw.go.jp/content/001455152.pdf	https://www.mhlw.go.jp/content/001458551.pdf	2025-02-23	MHLW website content under Public Data License 1.0 unless separately indicated; third-party content requires separate review
P110-104	110	104	理論	化学	下図は、DNA の二重らせん構造の一部で、 ₂ 本のポリヌクレオチド鎖間で形 成される相補的塩基対を示している。以下の記述のうち、適切なのはどれか。2つ 選べ。 塩基イ 塩基ア ポリヌクレオチド鎖ウ - O P O O H O O H N N N O O N H N N - O P O O N H O N O O H O O O P O- N 矢印Ａ N O O N H N N O H3C O H N N H O O P O- 酸素原子エ （ は水素結合を示す。）	"[""塩基アのヘテロ環はピラジン環である。"",""塩基イはウリジンである。"",""矢印Ａはポリヌクレオチド鎖ウの ₃ʼ→ ₅ʼ末端の方向を指す。"",""酸素原子エは水素結合受容体として機能する。"",""塩基アと塩基イの相補的塩基対は、平面状に形成される。""]"	multiChoice	[3,4]	null	normal	true	parsed	"[""none""]"		https://www.mhlw.go.jp/content/001455152.pdf	https://www.mhlw.go.jp/content/001458551.pdf	2025-02-23	MHLW website content under Public Data License 1.0 unless separately indicated; third-party content requires separate review
P110-105	110	105	理論	化学	下図は、アセチル CoA が生合成される一連の反応を模式的に示している。以 下の記述のうち、正しいのはどれか。2つ選べ。 NH2 NH2 O イ N N N N - O O O O H3C O O N N N N - O P O P O P O O H3C O P O O O- O- O- H H O- H H O O H H H H Mg2＋ - O P O P O- HO OH HO OH O- O- 酵素 ア NH2 ウ N N O CoA−SH O N N H3C S CoA + - O P O O O- H H H＋ アセチル CoA H H HO OH NH2 オ エ N N O O H3C CH3 O O N N HS O P O P O O N N H H O- O- H H OH H H O OH CoA︲SH O P O- O-	"[""構造式アの Mg は、リン酸部位の陰イオンを電気的に中和し、リン原子の求 2+ 電子性を高めている。"",""矢印イで示した酸素原子は、酢酸イオンに由来する。"",""アセチル CoA の点線で囲ったカルボニル基の炭素原子は、矢印ウの硫黄原子 を酸素原子に置換したものに比べて求電子性が低い。"",""矢印エで示したリン原子は、 ₅ 価 ₄ 配位構造をもつキラル中心である。"",""アセチル CoA が生合成される過程において、CoA︲SH のスルファニル基（チ オール基）オは求核剤として作用し、S N ₂ 反応によりアセチル化される。""]"	multiChoice	[0,1]	null	normal	true	parsed	"[""none""]"		https://www.mhlw.go.jp/content/001455152.pdf	https://www.mhlw.go.jp/content/001458551.pdf	2025-02-23	MHLW website content under Public Data License 1.0 unless separately indicated; third-party content requires separate review
P110-106	110	106	理論	化学	下図に示すブレオマイシン A 2 は DNA 鎖を切断することができる。このため に必要な化学的性質として、最も適切なのはどれか。1つ選べ。 ア H NH2 H H H2N N NH2 O オ ウ エ O O N NH N N CH3 O N H H H H O HO N S H2N O N S H H ＋ CH3 CH3 HN O S N H H CH3 H H CH3 OH CH3 H O O OH H NH N OH O HO H H H H O H H H HO HO OH H2N O H O イ ブレオマイシン A 2	"[""部分構造アにおける Fe（Ⅱ）との配位能"",""部分構造イにおける Mg（Ⅱ）との配位能"",""部分構造ウにおける Mg（Ⅱ）との配位能"",""部分構造エにおける光増感作用"",""部分構造オにおける Fe（Ⅱ）との配位能""]"	singleChoice	0	null	normal	true	parsed	"[""none""]"		https://www.mhlw.go.jp/content/001455152.pdf	https://www.mhlw.go.jp/content/001458551.pdf	2025-02-23	MHLW website content under Public Data License 1.0 unless separately indicated; third-party content requires separate review
P110-107	110	107	理論	化学	下図は、インスリンの構造を模式的に示している。図中の はアミノ酸残基 を示し、特徴のあるアミノ酸残基を ₃ 文字表記している。 Ｎ末端 S S Ｃ末端 Ａ鎖 Cys Cys Cys Cys Asn ₁ ₆ ₇ ₁₁ ₂₀ S S ₂₁ Ｎ末端 S S Ｃ末端 Ｂ鎖 Asn Cys Cys Pro Lys Thr ₁ ₃ ₇ ₁₀ ₁₉ ₂₈ ₃₀ インスリン （ の部分はアミノ酸残基を省略している。） 近年、インスリンの化学構造を部分的に改変することで、治療目的に沿った血糖 降下作用を発揮するインスリンアナログ製剤（ 1 ～ 5 ）が開発されている。このう ち、構造改変によりインスリンの等電点（pI 約 ₅ . ₄）を中性付近（pI 約 ₆ . ₇）に 近づけることにより、生理的 pH で等電点沈殿を起こし、皮下で徐々に溶解、吸収 され、 ₁ 日 ₁ 回の皮下投与で安定した血糖降下作用を示すのはどれか。1つ選べ。 なお、各アナログ製剤の構造はインスリンと同様な方法で図示しており、図中の はインスリンと異なるアミノ酸残基を示す。 S S Cys Cys Cys Cys Asn ₁ ₆ ₇ ₁₁ ₂₀ S S ₂₁ S S Asn Cys Cys Lys Pro Thr ₁ ₃ ₇ ₁₀ ₁₉ ₂₈ ₃₀ S S Cys Cys Cys Cys Gly ₁ ₆ ₇ ₁₁ ₂₀ S S ₂₁ S S Asn Cys Cys Pro Lys Thr Arg Arg ₁ ₃ ₇ ₁₀ ₁₉ ₂₈ ₃₀ S S Cys Cys Cys Cys Asn ₁ ₆ ₇ ₁₁ ₂₀ S S ₂₁ S S Lys Cys Cys Pro Glu Thr ₁ ₃ ₇ ₁₀ ₁₉ ₂₈ ₃₀ S S Cys Cys Cys Cys Asn ₁ ₆ ₇ ₁₁ ₂₀ S S ₂₁ 4 S S CO2H Asn Cys Cys Pro N H ₁ ₃ ₇ ₁₀ ₁₉ ₂₈ HN O H HO2C N O CO2H S S Cys Cys Cys Cys Asn ₁ ₆ ₇ ₁₁ ₂₀ S S ₂₁ S S Asn Cys Cys Asp Lys Thr ₁ ₃ ₇ ₁₀ ₁₉ ₂₈ ₃₀	[]	singleChoice	1	null	normal	true	no_choice_sequence	"[""none""]"		https://www.mhlw.go.jp/content/001455152.pdf	https://www.mhlw.go.jp/content/001458551.pdf	2025-02-23	MHLW website content under Public Data License 1.0 unless separately indicated; third-party content requires separate review
P110-108	110	108	理論	化学	図は、アラニン誘導体Ａの H NMR スペクトル〔₄₀₀ MHz、CDCl 3、基準物質 はテトラメチルシラン（TMS）〕を示している。以下の記述のうち、正しいのはど れか。2つ選べ。 なお、×印のシグナルは CDCl 3 中に含まれる CHCl 3 のプロトンに由来するシグ ナルであり、ｆのピークは重水（D 2 O）を添加するとほぼ消失した。 キ コ カ H オ イ H₃CO H O H H H N H O CH₃ ケ H O H CH₃ ク ア エ ウ アラニン誘導体Ａ ａの拡大図 ｂの拡大図 ｄの拡大図 ｈの拡大図 ｇの拡大図 TMS ｅの拡大図 ｆの拡大図 ａ ₇.₈ ₆.₉ ₆.₇ ₆.₆ ₄.₈ ₄.₃ ₄.₂ ₁.₅ ｂ ₁.₃ ｄ ｃ ｈ ｇ H 2O ｅ ｆ ₈.₀ ₇.₀ ₆.₀ ₅.₀ ₄.₀ ₃.₀ ₂.₀ ₁.₀ ₀ ppm	"[""ピークａ、ｂ、ｃのプロトン数の合計は ₆ である。"",""ピークｅに対応するプロトンはエであり、重水を加えると四重線（カルテッ ト）となる。"",""ピークｇに対応するプロトンはカとキである。"",""アのプロトンとカップリング（スピン︲スピン結合）しているのは、ピークｄ に対応するプロトンである。"",""イのプロトンのピークは、コのプロトンのシグナルより高磁場側にある。""]"	multiChoice	[1,3]	null	normal	true	parsed	"[""none""]"		https://www.mhlw.go.jp/content/001455152.pdf	https://www.mhlw.go.jp/content/001458551.pdf	2025-02-23	MHLW website content under Public Data License 1.0 unless separately indicated; third-party content requires separate review
P110-109	110	109	理論	化学	下図はアコニチンの構造を示している。これを主要成分として含有する生薬Ａ に関する記述として、正しいのはどれか。2つ選べ。 HO O CH3 H3C O O H H3C H O N OH HO O H O O H3C O CH3 CH3 アコニチン	"[""アコニチンの骨格は、酢酸︲マロン酸経路により生合成される。"",""アコニチンの窒素原子は、アミノ酸由来ではない。"",""高圧蒸気処理などの修治によってアコニチンのエステルが加水分解されて、毒 性が低減する。"",""生薬Ａはナス科植物の根を基原とする。"",""生薬Ａを含む処方は、体力が充実している患者に適応される。""]"	multiChoice	[1,2]	null	normal	true	parsed	"[""none""]"		https://www.mhlw.go.jp/content/001455152.pdf	https://www.mhlw.go.jp/content/001458551.pdf	2025-02-23	MHLW website content under Public Data License 1.0 unless separately indicated; third-party content requires separate review
P110-112	110	112	理論	生物	甲状腺ホルモン（T3、T4）はヨウ素を含むアミノ酸誘導体であるが、アミノ酸 から直接作られるのではない。甲状腺濾胞における生合成過程では、タンパク質の チログロブリンが前駆物質となる。下図は、甲状腺濾胞において T3、T4 が作られ るまでに、チログロブリンが移動する流れを示したものである。チログロブリンは 甲状腺濾胞上皮細胞で作られてからコロイド中に分泌され、再び甲状腺濾胞上皮細 胞に取り込まれ、最終的に T3、T4 が濾胞外に分泌される。図中の 1 ～ 5 のうち、 チログロブリンのヨウ素化反応が行われる場所はどれか。1つ選べ。 小胞体 ゴルジ体 分泌小胞 3 コロイド コロイド エンド 分泌 リソソーム ソーム 甲状腺濾胞 小胞 甲状腺濾胞上皮細胞	[]	singleChoice	2	null	normal	true	no_choice_sequence	"[""none""]"		https://www.mhlw.go.jp/content/001455152.pdf	https://www.mhlw.go.jp/content/001458551.pdf	2025-02-23	MHLW website content under Public Data License 1.0 unless separately indicated; third-party content requires separate review
P110-115	110	115	理論	生物	コラーゲンは、下図に示すように、ポリペプチド鎖（コラーゲン単量体）の ₃ 本が、らせん状に絡み合って三重らせん構造（コラーゲン三量体）を形成する。 図上段に示すように、単量体ポリペプチド鎖のアミノ酸配列では、 ₃ 個おきにグリ シン残基（Gly）が配置する。Ｘはプロリン（Pro）の翻訳後修飾で生じたアミノ 酸である。このコラーゲンに関する記述として、正しいのはどれか。2つ選べ。 コラーゲン単量体 −Gly−Pro− Ｘ −Gly−Glu− Ｘ −Gly−Glu− Ｘ −Gly− コラーゲン三量体	"[""コラーゲンの三重らせん構造は、a︲ヘリックスである。"",""Ｘは、ヒドロキシ化されたプロリンである。"",""グリシン残基が繰り返し存在することが、三重らせん構造の形成に重要であ る。"",""ビタミン C は、コラーゲン産生細胞の核内に入り、コラーゲン遺伝子の転写を 促進する。"",""コラーゲン三量体は、細胞内の細胞骨格を構成することにより組織の強度を保 つ。""]"	multiChoice	[1,2]	null	normal	true	parsed	"[""none""]"		https://www.mhlw.go.jp/content/001455152.pdf	https://www.mhlw.go.jp/content/001458551.pdf	2025-02-23	MHLW website content under Public Data License 1.0 unless separately indicated; third-party content requires separate review
P110-116	110	116	理論	生物	図 ₁ に示す DNA の塩基配列は、ある遺伝子のセンス鎖の一部で、転写・翻訳 されるときの読み枠は配列の下に示されている。この塩基配列中＊印のシトシン残 基 ₂ ケ所に脱アミノ反応が生じた。変化したヌクレオチド残基が修復されずに塩基 配列の変異が ₂ ケ所とも固定した。ただし、フレームシフト変異は起きていない。 変異した DNA が転写・翻訳されてできるタンパク質の当該部分のアミノ酸配列は どれか。1つ選べ。 図 ₂ にコドン対応表を示す。 図₁ 図₂ ＊ ＊ ₂ 番目の塩基 ₅' ＡＣＴＧＡＡＣＧＴ ₃' U C A G U Phe Tyr Cys C U Ser 終止 A Leu 終止 Trp G U His C 1番目の塩基 3番目の塩基 C Leu Pro Arg A Gln G U Asn Ser Ile C A Thr A Lys Arg Met G U Asp C G Val Ala Gly A Glu G	"[""Thr︲Glu︲Arg"",""Ile︲Glu︲Cys"",""Thr︲Glu︲Cys"",""Leu︲Glu︲Trp"",""Ile︲Glu︲Arg""]"	singleChoice	1	null	normal	true	parsed	"[""none""]"		https://www.mhlw.go.jp/content/001455152.pdf	https://www.mhlw.go.jp/content/001458551.pdf	2025-02-23	MHLW website content under Public Data License 1.0 unless separately indicated; third-party content requires separate review
P110-117	110	117	理論	生物	細胞周期は有糸分裂と細胞質分裂が起こる分裂期（M 期）と間期に分けられ、 間期はさらに G1 期、S 期、G2 期に分けられる。増殖中の細胞集団の細胞に対し て、DNA 結合性蛍光色素で細胞を標識した。このとき蛍光強度は細胞内 DNA 量 を反映する。個々の細胞の蛍光強度を測定したところ、相対蛍光強度と細胞数の関 係は下図のようになった。G2 期の細胞はどこに分布するか。1つ選べ。 細胞数 Ａ Ｂ Ｃ ₁ ₂ 相対蛍光強度	"[""領域Ａ"",""領域Ｂ"",""領域Ｃ"",""領域Ａと領域Ｂ"",""領域Ａと領域Ｃ""]"	singleChoice	2	null	normal	true	parsed	"[""none""]"		https://www.mhlw.go.jp/content/001455152.pdf	https://www.mhlw.go.jp/content/001458551.pdf	2025-02-23	MHLW website content under Public Data License 1.0 unless separately indicated; third-party content requires separate review
P110-118	110	118	理論	生物	マクロファージをリポ多糖で刺激して得た培養液を採取し、この培養液中のサ イトカインＸの濃度をサンドイッチ ELISA（Enzyme︲linked immunosorbent assay） 法で定量することにした。各試料をマイクロプレートに採取し反応を行った後、 4₅0 nm の吸光度を測定した。サイトカインＸの標準物質を用いて標準曲線（検量 線）を作成したところ、下図のようになった。この測定に関する記述として適切な のはどれか。2つ選べ。 標準曲線（検量線） 吸光度（測定波長：4₅0 nm） 0.8 0.6 0.4 0.2 0 200 400 600 800 1000 1200 サイトカインＸ（pg/mL）	"[""この培養液の測定値が吸光度 1 . ₅ であった場合、培養液を希釈して再測定する ことが必要である。"",""10 倍希釈した培養液の測定値が吸光度 0 . 6 である場合、もとの培養液中のサイ トカインＸ濃度は約 600 pg/mL である。"",""培養液に含まれる別のサイトカインＹを測定するためには、サイトカインＸの 測定とすべて同じ抗体を利用できる。"",""サンドイッチ ELISA 法では抗原に対する 2 種類の抗体が使われるが、それぞ れの抗体が認識するエピトープは異なる。"",""この培養液の測定で発色が検出限界以下だった場合、標準曲線（検量線）の測 定の場合よりも反応時間を長めにしてもよい。""]"	multiChoice	[0,3]	null	normal	true	parsed	"[""none""]"		https://www.mhlw.go.jp/content/001455152.pdf	https://www.mhlw.go.jp/content/001458551.pdf	2025-02-23	MHLW website content under Public Data License 1.0 unless separately indicated; third-party content requires separate review
P110-121	110	121	理論	物理・化学・生物	（物理・化学・生物） ナイアシンから合成される下図の補酵素について、正しいのはどれか。2つ選 べ。 H H O O- NH2 O P O N O O OH OH NH2 N N O P O N N O- O OH O O P O- O-	"[""酸化型の構造を示している。"",""₃₄₀ nm の吸収極大を有する。"",""₃︲ヒドロキシ︲₃︲メチルグルタリル CoA（HMG︲CoA）からメバロン酸を産生 する反応に関与する。"",""ピルビン酸からアセチル CoA を産生する反応に関与する。"",""ミトコンドリア内膜上での電子の受け渡しに関与する。 一般問題（薬学理論問題）【衛生】""]"	multiChoice	[1,2]	null	normal	true	parsed	"[""none""]"		https://www.mhlw.go.jp/content/001455152.pdf	https://www.mhlw.go.jp/content/001458551.pdf	2025-02-23	MHLW website content under Public Data License 1.0 unless separately indicated; third-party content requires separate review
P110-122	110	122	理論	衛生	下表は、日本人を対象とした ₅ つのコホート研究のデータを統合して解析し、 男性の飲酒量と大腸がん、結腸がん及び直腸がんの関係について調べた結果であ る。この表に関する記述として正しいのはどれか。2つ選べ。 ただし、下表を基に算出した「飲酒しない群」の大腸がん発症率は ₁₀ 万観察人 年当たり ₁₄₂ 人、「₂₃ . ₀ g/日以上のアルコール摂取群」の大腸がん発症率は ₁₀ 万 観察人年当たり ₁₉₆ 人である。 日本人男性における飲酒と大腸がん、結腸がん及び直腸がんのリスクとの関係 週に ₁ 回以上 飲酒頻度及び 飲酒しない 週に ₁ 回未満 アルコール摂取量（g/日） アルコール摂取量 ₀ . ₁－₂₂ . ₉ ₂₃ . ₀－₄₅ . ₉ ₄₆ . ₀－₆₈ . ₉ ₆₉ . ₀－₉₁ . ₉ ₉₂ . ₀ 以上 観察人年（注 1） ₂₁₈ , ₈₆₇ ₈₁ , ₉₂₉ ₂₀₇ , ₂₁₁ ₂₂₀ , ₃₆₇ ₁₇₅ , ₄₁₄ ₈₃ , ₄₃₈ ₄₅ , ₅₃₅ 大腸がん 発症数 ₃₁₁ ₈₇ ₂₉₅ ₃₆₃ ₃₇₄ ₁₈₂ ₁₁₂ ハザード比（注 2） ₁ . ₀₀ ₁ . ₀₀ ₁ . ₂₂ ₁ . ₄₂ ₁ . ₉₅ ₂ . ₁₅ ₂ . ₉₆ （₉₅％信頼区間） （₀ . ₇₉－₁ . ₂₈） （₀ . ₉₂－₁ . ₆₁）（₁ . ₂₁－₁ . ₆₆）（₁ . ₅₃－₂ . ₄₉）（₁ . ₇₄－₂ . ₆₄）（₂ . ₂₇－₃ . ₁₆） 結腸がん 発症数 ₁₉₀ ₅₇ ₁₇₇ ₂₄₉ ₂₃₃ ₁₀₂ ₈₅ ハザード比（注 2） ₁ . ₀₀ ₁ . ₁₃ ₁ . ₂₁ ₁ . ₆₀ ₁ . ₉₇ ₁ . ₉₀ ₃ . ₄₄ （₉₅％信頼区間） （₀ . ₇₃－₁ . ₇₅） （₀ . ₈₀－₁ . ₈₄）（₁ . ₃₁－₁ . ₉₅）（₁ . ₅₁－₂ . ₅₇）（₁ . ₄₅－₂ . ₄₉）（₂ . ₅₀－₄ . ₇₂） 直腸がん 発症数 ₁₁₉ ₃₁ ₁₁₈ ₁₁₄ ₁₃₉ ₈₀ ₂₈ ハザード比（注 2） ₁ . ₀₀ ₁ . ₀₈ ₁ . ₃₀ ₁ . ₁₈ ₂ . ₀₁ ₂ . ₇₅ ₂ . ₁₀ （₉₅％信頼区間） （₀ . ₇₁－₁ . ₆₅） （₀ . ₉₀－₁ . ₅₆）（₁ . ₄₆－₂ . ₇₈）（₁ . ₄₆－₂ . ₇₈）（₂ . ₀₀－₃ . ₇₉）（₁ . ₁₆－₃ . ₈₃） American Journal of Epidemiology ₂₀₀₈；₁₆₇：₁₃₉₇︲₁₄₀₆ を基に作成 （注 ₁ ）表中の「観察人年」は、観察した人数とその観察期間の積である。 （注 ₂ ）ハザード比の基準は「飲酒しない」群である。	"[""週に ₁ 回未満の飲酒であっても、飲酒は大腸がんのリスクを有意に増加させ る。"",""₂₂ . ₉ g/日以下のアルコール摂取であっても、週に ₁ 回以上の飲酒は直腸がん のリスクを有意に増加させる。"",""₂₃ . ₀ g/日以上のアルコール摂取は、結腸がんのリスクを有意に増加させる。"",""飲酒しない群と比較して、₂₃ . ₀ g/日以上アルコールを摂取する日本人男性で は、飲酒によって ₁₀ 万観察人年当たり ₃₃₈ 人が過剰に大腸がんを発症すると推 定される。"",""飲酒しない群と比較して、₂₃ . ₀ g/日以上アルコールを摂取する日本人男性の 大腸がんのうち、₂₈％は飲酒によるものであると推定される。""]"	multiChoice	[2,4]	null	normal	true	parsed	"[""none""]"		https://www.mhlw.go.jp/content/001455152.pdf	https://www.mhlw.go.jp/content/001458551.pdf	2025-02-23	MHLW website content under Public Data License 1.0 unless separately indicated; third-party content requires separate review
P110-124	110	124	理論	衛生	下図は性感染症報告数（男女総数）の年次推移を示しており、ア～ウは梅毒、 性器クラミジア感染症又は淋菌感染症のいずれかである。以下の記述のうち正しい のはどれか。2つ選べ。 （人） ₅₀₀₀₀ 性感染症報告数（定点または全数） ₄₅₀₀₀ ₄₀₀₀₀ ₃₅₀₀₀ ₃₀₀₀₀ ア ₂₅₀₀₀ ₂₀₀₀₀ ₁₅₀₀₀ イ ₁₀₀₀₀ ₅₀₀₀ ウ ₀ ₁₉₉₉ ₂₀₀₀ ₂₀₀₁ ₂₀₀₂ ₂₀₀₃ ₂₀₀₄ ₂₀₀₅ ₂₀₀₆ ₂₀₀₇ ₂₀₀₈ ₂₀₀₉ ₂₀₁₀ ₂₀₁₁ ₂₀₁₂ ₂₀₁₃ ₂₀₁₄ ₂₀₁₅ ₂₀₁₆ ₂₀₁₇ ₂₀₁₈ ₂₀₁₉ ₂₀₂₀ ₂₀₂₁ ₂₀₂₂ （年） 厚生労働省：性感染症報告数の年次推移より作成	"[""アは、淋菌感染症である。"",""イの病原体は、ウイルスである。"",""イの母子感染の経路は、主に母乳感染である。"",""ウの血液感染防止のため、献血された血液の抗体検査が行われている。"",""ウは、感染症法 により、全医療機関において全数把握となっている。 （注） （注）感染症法：感染症の予防及び感染症の患者に対する医療に関する法律""]"	multiChoice	[3,4]	null	normal	true	parsed	"[""none""]"		https://www.mhlw.go.jp/content/001455152.pdf	https://www.mhlw.go.jp/content/001458551.pdf	2025-02-23	MHLW website content under Public Data License 1.0 unless separately indicated; third-party content requires separate review
P110-127	110	127	理論	衛生	食品Ａ～Ｃにおけるタンパク質の栄養価を比較するために、「日本食品標準成 分表 ₂₀₂₀ 年版（八訂）アミノ酸成分表」を用いて、アミノ酸組成（mg/g タンパ ク質）を調べ、 「FAO/WHO/UNU（₂₀₀₇ 年）のアミノ酸評点パターン（ ₁ ～ ₂ 歳）」と比較した。下図に関する記述として正しいのはどれか。2つ選べ。 ただし、食品Ａ～Ｃは、米、はとむぎ又は鶏卵のいずれかである。 ₃₁ アミノ酸評点パターン ₅₈ 食品Ａ イソロイシン ₄₇ ₄₄ 食品Ｂ 食品Ｃ ₆₃ ₉₈ ロイシン ₉₅ ₁₅₀ ₅₂ ₈₄ リシン（リジン） ₄₀ ₁₈ ₂₆ ₆₃ 含硫アミノ酸合計 ₅₅ ₄₇ アミノ酸 ₄₆ ₁₁₀ 芳香族アミノ酸合計 ₁₂₀ ₉₉ ₂₇ ₅₆ トレオニン（スレオニン） ₄₃ ₃₂ ₇.₄ ₁₇ トリプトファン ₁₇ ₅.₆ ₄₂ ₇₃ バリン ₇₀ ₆₀ ₁₈ ₃₀ ヒスチジン ₃₀ ₂₄ ₀ ₅₀ ₁₀₀ ₁₅₀ ₂₀₀ アミノ酸含量（mg/g タンパク質）	"[""食品Ａは鶏卵である。"",""食品Ｂには制限アミノ酸がない。"",""食品Ｃの第一制限アミノ酸は、トリプトファンである。"",""アミノ酸スコアは、食品Ａ2食品Ｂ2食品Ｃである。"",""食品Ｃのアミノ酸スコアは ₇₇ である。""]"	multiChoice	[0,3]	null	normal	true	parsed	"[""none""]"		https://www.mhlw.go.jp/content/001455152.pdf	https://www.mhlw.go.jp/content/001458551.pdf	2025-02-23	MHLW website content under Public Data License 1.0 unless separately indicated; third-party content requires separate review
P110-138	110	138	理論	衛生	下図は、薬品沈殿︲急速ろ過方式の浄水過程を模式的に示したものである。次 の記述のうち、正しいのはどれか。2つ選べ。 Ａ Ｂ Ｃ Ｄ 原水 凝集沈殿 急速ろ過 塩素処理 浄水	"[""Ａの段階で前塩素処理を追加すると、アンモニア態窒素を除去したり、藍藻類 の繁殖を抑制したりすることができる。"",""Ｂの段階で中塩素処理、次いで粒状活性炭処理を追加すると、生物膜を形成し た生物活性炭による有機物の除去に有効である。 れき"",""急速ろ過の過程では、主に砂層及び石礫層に繁殖した微生物によって有機物が 除去される。"",""Ｃの段階でオゾン処理及び粒状活性炭処理を追加すると、溶解性の有機物や臭 気物質の除去に有効である。"",""トリハロメタン前駆物質の除去を目的として、Ｄの段階で粉末活性炭を注入す る。""]"	multiChoice	[0,3]	null	normal	true	parsed	"[""none""]"		https://www.mhlw.go.jp/content/001455152.pdf	https://www.mhlw.go.jp/content/001458551.pdf	2025-02-23	MHLW website content under Public Data License 1.0 unless separately indicated; third-party content requires separate review
P110-140	110	140	理論	衛生	下図の汚染物質Ａ～Ｃは、全国の一般環境大気測定局における窒素酸化物、二 酸化硫黄又は光化学オキシダントのいずれかの季節変動を示したものである。汚染 物質Ａ～Ｃに関する記述のうち、正しいのはどれか。2つ選べ。 ₀ . ₀₆ ₀ . ₀₄ 汚染物質Ｃ 濃度［ppm］ ₀ . ₀₂ 汚染物質Ｂ ₀ . ₀₀ 汚染物質Ａ ₇月 ₄月 ₁月 ₁月 ₁月 ₁月 ₄月 ₁月 ₄月 ₄月 ₇月 月 月 ₄月 ₇月 月 ₇月 月 ₇月 月 ₁₀ ₁₀ ₁₀ ₁₀ ₁₀ 年 年 年 年 年 年 ₁₇ ₁₈ ₁₉ ₂₀ ₂₁ ₂₂ ₂₀ ₂₀ ₂₀ ₂₀ ₂₀ ₂₀ 全国の一般環境大気測定局の月平均値の季節変動 （国立環境研究所 大気汚染常時監視データを基に作成）	"[""汚染物質Ａは、揮発性有機化合物や非メタン炭化水素に太陽光、特に紫外線が 照射されることによって生成する。"",""汚染物質Ｂは、移動発生源である自動車のほかに、一般家庭で使用される燃焼 器具も発生源となる。"",""汚染物質Ｃは、主に固定発生源における化石燃料の燃焼によって生成する。"",""汚染物質Ａの測定には、ザルツマン法が用いられる。"",""汚染物質Ｃの測定には、中性ヨウ化カリウム法が用いられる。 一般問題（薬学理論問題）【法規・制度・倫理】""]"	multiChoice	[1,4]	null	normal	true	parsed	"[""none""]"		https://www.mhlw.go.jp/content/001455152.pdf	https://www.mhlw.go.jp/content/001458551.pdf	2025-02-23	MHLW website content under Public Data License 1.0 unless separately indicated; third-party content requires separate review
P110-168	110	168	理論	薬理	鉱質コルチコイド作用が弱く、糖質コルチコイド作用が最も強いステロイド性 抗炎症薬はどれか。1つ選べ。 1 2 3 O O O H H3C OH H H3C OH H H3C OH HO OH HO OH HO OH H3C H CH3 H3C H OH H3C H H H F H F H F H O O O 4 5 O O H H3C OH H H3C OH HO OH HO OH H3C H H3C H H H H H O O H CH3 一般問題（薬学理論問題）【薬剤】	[]	singleChoice	0	null	normal	true	no_choice_sequence	"[""none""]"		https://www.mhlw.go.jp/content/001455159.pdf	https://www.mhlw.go.jp/content/001458551.pdf	2025-02-23	MHLW website content under Public Data License 1.0 unless separately indicated; third-party content requires separate review
P110-171	110	171	理論	薬剤	ある薬物のアルブミンへの結合定数は ₁₀（nmol/L） 、結合部位数は ₂ であ る。この薬物のアルブミン結合に関する両逆数プロットを点線で表し、また、この 薬物のアルブミンへの結合が別の薬物の共存により競合的に阻害された場合を実線 で表すとき、正しい図はどれか。1つ選べ。 ただし、図中の r はアルブミン ₁ 分子当たりに結合している薬物の分子数を、 ［Df］は非結合形薬物濃度を示す。 1 2 3 ₅ ₅ ₅ ₄ ₄ ₄ ₃ ₃ ₃ ₁/r ₁/r ₁/r ₂ ₂ ₂ ₁ ₁ ₁ -₁₀ ₀ ₁₀ ₂₀ ₃₀ -₁₀ ₀ ₁₀ ₂₀ ₃₀ -₁₀ ₀ ₁₀ ₂₀ ₃₀ ₁/［Df］ （（nmol/L） ） ₁/［Df］ （（nmol/L） ） ₁/［Df］ （（nmol/L） ） -1 -1 -1 4 5 6 ₁₀ ₁₀ ₁₀ ₈ ₈ ₈ ₆ ₆ ₆ ₁/r ₁/r ₁/r ₄ ₄ ₄ ₂ ₂ ₂ -₁₀ ₀ ₁₀ ₂₀ ₃₀ -₁₀ ₀ ₁₀ ₂₀ ₃₀ -₁₀ ₀ ₁₀ ₂₀ ₃₀ ₁/［Df］ （（nmol/L） ） ₁/［Df］ （（nmol/L） ） ₁/［Df］ （（nmol/L） ） -1 -1 -1	[]	singleChoice	0	null	normal	true	no_choice_sequence	"[""none""]"		https://www.mhlw.go.jp/content/001455159.pdf	https://www.mhlw.go.jp/content/001458551.pdf	2025-02-23	MHLW website content under Public Data License 1.0 unless separately indicated; third-party content requires separate review
P110-175	110	175	理論	薬剤	体内動態が線形 ₁︲コンパートメントモデルに従い、生物学的半減期が ₁ . ₄ 時間 である薬物を、 ₃ 種類の剤形で同用量を経口投与したとき、下表に示す血中濃度時 間曲線下面積（AUC）と一次モーメント時間曲線下面積（AUMC）が得られた。 この結果に関する記述として、正しいのはどれか。2つ選べ。 ただし、絶対的バイオアベイラビリティはいずれも ₁₀₀％とし、ln ₂ = ₀ . ₆₉₃ と する。 剤形 AUC（mg・h/L） AUMC（mg・h /L） 経口液剤 ₆.₀ 散剤 ₂.₀ ₉.₀ 錠剤 ₁₀	"[""最高血中濃度が最も大きいのは経口液剤である。"",""投与量を増やすと平均滞留時間は長くなる。"",""経口液剤を経口投与したときの平均吸収時間は約 ₁ . ₀ h である。"",""散剤の平均溶出時間は約 ₀ . ₅ h である。"",""錠剤の平均崩壊時間は約 ₁ . ₅ h である。""]"	multiChoice	[0,2]	null	normal	true	parsed	"[""none""]"		https://www.mhlw.go.jp/content/001455159.pdf	https://www.mhlw.go.jp/content/001458551.pdf	2025-02-23	MHLW website content under Public Data License 1.0 unless separately indicated; third-party content requires separate review
P110-177	110	177	理論	薬剤	テオフィリン無水物（分子量 ₁₈₀）の結晶、非晶質、及び両者の混合物につい て、下図のＡ～Ｃに示す水蒸気吸着等温線が得られた。この結果に関する記述のう ち、正しいのはどれか。2つ選べ。 ただし、結晶は吸湿せず、非晶質は相対湿度 ₈₀％以上ですべて水和物に転移す るものとする。 ₁₂ Ａ ₁₀ 質量変化（％） ₈ Ｂ ₆ ₄ ₂ Ｃ ₀ ₀ ₁₀ ₂₀ ₃₀ ₄₀ ₅₀ ₆₀ ₇₀ ₈₀ ₉₀ 相対湿度（％）	"[""Ａは、₁₀₀％の結晶である。"",""Ｂは、質量比で ₄₀％の結晶と ₆₀％の非晶質の混合物である。"",""Ｃは、質量比で ₆₀％の結晶と ₄₀％の非晶質の混合物である。"",""テオフィリンの無水物は吸湿して二水和物となる。"",""相対湿度 ₅₀％で保存したＢは、質量比で ₁ ％の吸着水を含む。""]"	multiChoice	[1,4]	null	normal	true	parsed	"[""none""]"		https://www.mhlw.go.jp/content/001455159.pdf	https://www.mhlw.go.jp/content/001458551.pdf	2025-02-23	MHLW website content under Public Data License 1.0 unless separately indicated; third-party content requires separate review
P110-181	110	181	理論	薬剤	下図はロータリー打錠機による打錠工程を模式的に示したものである。工程Ａ はどれか。1つ選べ。 ホッパー 上杵 原料粉体 スクレーパー 錠剤 錠剤出口 臼 ターンテーブル 下杵 秤重 レール Ａ	"[""臼への充填"",""予備圧縮"",""重量調節"",""圧縮成形"",""錠剤放出""]"	singleChoice	2	null	normal	true	parsed	"[""none""]"		https://www.mhlw.go.jp/content/001455159.pdf	https://www.mhlw.go.jp/content/001458551.pdf	2025-02-23	MHLW website content under Public Data License 1.0 unless separately indicated; third-party content requires separate review
P110-202	110	202	実践	物理・化学・生物	−203 ₄ 歳男児。体重 ₁₄ kg。事故で低酸素脳症となり大学病院に入院していた が退院し、在宅で人工呼吸器と胃瘻及び導尿による管理を行っている。脳下垂体機 能不全に対しては ₃ ケ月に ₁ 回、大学病院の内分泌・代謝内科を外来受診すること になっており、初回受診時に、以下の薬剤が処方された。 （処方 ₁ ） ヒドロコルチゾン錠 ₁₀ mg ₁ 回 ₀ . ₂₅ 錠（ ₁ 日 ₀ . ₇₅ 錠） ₁日₃回 朝昼夕食前 ₉₀ 日分 （処方 ₂ ） デスモプレシン酢酸塩水和物口腔内崩壊錠 ₆₀ ng ₁ 回 ₁ 錠（ ₁ 日 ₂ 錠） ₁日₂回 ₁₀ 時、₂₂ 時 ₉₀ 日分 （処方 ₃ ） レボチロキシンナトリウム水和物散 ₀ . ₀₁％ ₁ 回 ₀ . ₃₅ g（ ₁ 日 ₀ . ₃₅ g） ₁日₁回 朝食前 ₉₀ 日分 問 202（物理・化学・生物） 処方 ₂ の薬剤は製造過程で水溶液を凍結乾燥して調製される。水の状態図中に記 された状態変化のうち、凍結乾燥の過程における水の状態変化を正しく表している のはどれか。1つ選べ。ただし、状態変化はＡからＢへ矢印の方向に起こるものと する。 1 2 3 圧力 圧力 圧力 Ａ Ａ Ｂ Ａ Ｂ Ｂ 温度 温度 温度 4 5 圧力 圧力 Ｂ Ｂ Ａ Ａ 温度 温度	[]	singleChoice	2	null	normal	true	no_choice_sequence	"[""none""]"	P110-CASE-202	https://www.mhlw.go.jp/content/001455160.pdf	https://www.mhlw.go.jp/content/001458551.pdf	2025-02-23	MHLW website content under Public Data License 1.0 unless separately indicated; third-party content requires separate review
P110-209	110	209	実践	実務	（物理・化学・生物） 処方 ₂ に含まれる薬物は、下図のように、アセチルコリンエステラーゼの活性中 心のセリン残基と反応し、共有結合中間体を形成する。 CH3 H3C 処方 ₂ に含まれる薬物 N H CH3 O H3C N O OH CH3 Ser 共有結合中間体 アセチルコリンエステラーゼの 活性中心 共有結合中間体の構造として、正しいのはどれか。1つ選べ。 CH3 H3C N CH3 H CH3 H3C N CH3 H CH3 O N O O CH3 O O O Ser Ser Ser 1 2 3 CH3 CH3 H3C H3C N N H CH3 H CH3 O O N O H3C N O O CH3 CH3 O Ser Ser 4 5	[]	singleChoice	0	null	normal	true	no_choice_sequence	"[""none""]"	P110-CASE-208	https://www.mhlw.go.jp/content/001455160.pdf	https://www.mhlw.go.jp/content/001458551.pdf	2025-02-23	MHLW website content under Public Data License 1.0 unless separately indicated; third-party content requires separate review
P110-210	110	210	実践	物理・化学・生物	−211 ₈₆ 歳女性。高血圧症と ₂ 型糖尿病。フレイルによる通院困難のため、多職 種の訪問による自宅でのケアと処方 ₁ による薬物治療を受けていた。訪問医から病 院の循環器科での検査入院を勧められ、心房細動の診断を受け、ワルファリンカリ ウムによる治療が開始された。退院後、娘が以下の処方箋を持って薬局を訪れた。 （処方 ₁ ） オルメサルタン口腔内崩壊錠 ₂₀ mg ₁ 回 ₁ 錠（ ₁ 日 ₁ 錠） シタグリプチンリン酸塩水和物錠 ₅₀ mg ₁ 回 ₁ 錠（ ₁ 日 ₁ 錠） ₁日₁回 朝食後 ₇ 日分 （処方 ₂ ） ワルファリンカリウム錠 ₁ mg ₁ 回 ₁ . ₅ 錠（ ₁ 日 ₁ . ₅ 錠） ₁日₁回 夕食後 ₇ 日分 患者は独居だが、近所に住む娘が食事や服薬の管理をしており、今後の在宅療養 に合わせて再度アドバイスして欲しいと依頼があった。 問 210（物理・化学・生物） 処方 ₂ に含まれる薬物は、下図のように、還元酵素Ａを阻害することで、血液凝 固系が機能するために必須な補酵素イが化合物アから生成されるのを抑制する。 化合物ア 阻害 OH 還元酵素Ａ 処方 ₂ に含まれる薬物 CH3 CH3 OH CH3 CH3 CH3 CH3 補酵素イ 化合物アの構造として適切なのはどれか。1つ選べ。 OH CH3	"[""CH3 OH CH3 CH3 CH3 CH3 CH3"",""CH3 CH3 CH3 CH3 CH3 OH CH3"",""CH3 CH3 CH3 CH3 CH3 O CH3"",""CH3 O CH3 CH3 CH3 CH3 O CH3"",""CH3 O CH3 CH3 CH3 CH3""]"	singleChoice	3	null	normal	true	parsed	"[""none""]"	P110-CASE-210	https://www.mhlw.go.jp/content/001455160.pdf	https://www.mhlw.go.jp/content/001458551.pdf	2025-02-23	MHLW website content under Public Data License 1.0 unless separately indicated; third-party content requires separate review
P110-212	110	212	実践	物理・化学・生物	−213 ₃₁ 歳女性。 ₁ ケ月前に粘血便、下痢が出現したため近所の消化器内科を受 診し、大腸内視鏡検査により全大腸炎型潰瘍性大腸炎と診断された。医師との面談 で、患者が安価な治療を望んだため、処方 ₁ による治療が開始され症状は改善し た。その後、病状が安定していたが、たびたびめまいや頭痛が生じたとの訴えが あったため、医師は処方 ₁ を処方 ₂ へ変更し、患者が処方 ₂ の処方箋を持って薬局 を訪れた。 （処方 ₁ ） サラゾスルファピリジン錠 ₅₀₀ mg ₁ 回 ₁ 錠（ ₁ 日 ₄ 錠） ₁日₄回 朝昼夕食後、就寝前 ₁₄ 日分 （処方 ₂ ） メサラジン錠 ₅₀₀ mg（注） ₁ 回 ₂ 錠（ ₁ 日 ₄ 錠） ₁日₂回 朝夕食後 ₁₄ 日分 （注）エチルセルロースでコーティングした放出調節製剤 問 212（物理・化学・生物） 処方 ₁ の薬物は、大腸へ到達後、下図のように、腸内細菌により代謝（還元）さ れて効果を示す。 N O O S N 腸内細菌 H N CO2H 主たる活性成分 N （還元反応） OH 処方 ₁ の薬物 全大腸炎型潰瘍性大腸炎に有効な主たる活性成分の構造はどれか。1つ選べ。 NH O O N O O N O O S S S N N N H N CO2H H N H N N OH NH2 OH OH 1 2 3 N O O S H2N CO2H N H H N CO2H N OH H OH 4 5	[]	singleChoice	4	null	normal	true	no_choice_sequence	"[""none""]"	P110-CASE-212	https://www.mhlw.go.jp/content/001455160.pdf	https://www.mhlw.go.jp/content/001458551.pdf	2025-02-23	MHLW website content under Public Data License 1.0 unless separately indicated; third-party content requires separate review
P110-217	110	217	実践	実務	（物理・化学・生物） また、講義ではモルヒネと同じ植物に含まれる麻薬成分である化合物Ｘについて も紹介し、化合物Ｘは一般用医薬品の鎮咳薬としても利用され、一部ではその濫用 が問題になっていることを述べることにした。化合物Ｘの化学構造式と、その基原 となる植物写真の組合せとして、正しいのはどれか。1つ選べ。 Ａ Ｂ Ｃ CH2 CH3 CH3 H N H N H N H H HO O OH O H3C O H H H3C O HO H O ア イ 化学構造式 写真	"[""A ア"",""B ア"",""C ア"",""A イ"",""B イ"",""C イ""]"	singleChoice	3	null	normal	true	parsed	"[""none""]"	P110-CASE-216	https://www.mhlw.go.jp/content/001455160.pdf	https://www.mhlw.go.jp/content/001458551.pdf	2025-02-23	MHLW website content under Public Data License 1.0 unless separately indicated; third-party content requires separate review
P110-222	110	222	実践	物理・化学・生物	−223 ₆₈ 歳男性。パーキンソン病及びうつ病の治療のため継続して薬剤を服用 し、パーキンソン病の症状は軽快していたが、 ₁ ケ月前より時間帯によって歩くこ とができたりできなかったりする症状が認められ、生活に支障をきたすようになっ た。薬の調節とリハビリテーションを行う目的で ₄ 週間の入院となった。 （入院時持参薬） レボドパ ₁₀₀ mg・カルビドパ配合錠 ペルゴリドメシル酸塩錠 ₂₅₀ ng パロキセチン錠 ₂₀ mg 問 222（物理・化学・生物） 下図に示すように、レボドパは、末梢で酵素Ａが触媒する反応によってドパミン に、カテコール︲O︲メチルトランスフェラーゼ（COMT）によるメチル化によって 代謝物Ｂに変換される。以下の記述のうち、正しいのはどれか。2つ選べ。 ドパミン レボドパ 代謝物Ｂ 酵素Ａ COMT	"[""レボドパは、ラセミ体である。"",""酵素Ａによる反応は、アミノ基転移反応である。"",""酵素Ａによる反応は、ビタミン B6 に由来する補酵素によって促進される。"",""レボドパよりもドパミンの方が、脳内へ移行しやすい。"",""代謝物Ｂは、レボドパ分子内のヒドロキシ基がメチル化されたものである。""]"	multiChoice	[2,4]	null	normal	true	parsed	"[""none""]"	P110-CASE-222	https://www.mhlw.go.jp/content/001455160.pdf	https://www.mhlw.go.jp/content/001458551.pdf	2025-02-23	MHLW website content under Public Data License 1.0 unless separately indicated; third-party content requires separate review
P110-241	110	241	実践	実務	（衛生） ヘムの生合成経路を表した下図中の 1 ～ 5 のうち、この女児の中毒原因物質に よって抑制される反応はどれか。2つ選べ。 O CO2H CO2H CoA O S CO2H	"[""H2N"",""3 スクシニル CoA CO2H H2N N d︲アミノレブリン酸 H H2N CO2H ポルフォビリノーゲン グリシン CO2H CO2H CO2H CO2H CO2H CH3 HO2C HO2C H3C CO2H CO2H CO2H NH HN NH HN NH HN HO NH HN NH HN NH HN HO2C H3C CH3 CO2H HO2C CO2H HO2C CO2H HO2C CO2H HO2C CO2H ヒドロキシメチルビラン ウロポルフィリノーゲンⅢ コプロポルフィリノーゲンⅢ CH2 CH2 CH2 CH3 CH3 CH3 H3C H3C H3C CH2 CH2 CH2 NH HN N HN N N""]"	multiChoice	[1,4]	null	normal	true	parsed	"[""none""]"	P110-CASE-240	https://www.mhlw.go.jp/content/001455160.pdf	https://www.mhlw.go.jp/content/001458551.pdf	2025-02-23	MHLW website content under Public Data License 1.0 unless separately indicated; third-party content requires separate review
P110-247	110	247	実践	実務	（実務） 指導薬剤師は、実務実習生に下表の換算値を用いて経口抗精神病薬のクロルプロ マジン換算量を算出する課題を出した。この患者の ₁ 日分のクロルプロマジン換算 量はどれか。1つ選べ。 （経口抗精神病薬の等価換算表） 経口クロルプロマジン ₁₀₀ mg に 薬物 相当する換算値 クロルプロマジン ₁₀₀ スルピリド ₂₀₀ ハロペリドール ₂ リスペリドン ₁	"[""₃₀₀ mg"",""₄₈₀ mg"",""₆₆₀ mg"",""₇₅₀ mg"",""₉₀₀ mg""]"	singleChoice	3	null	normal	true	parsed	"[""none""]"	P110-CASE-246	https://www.mhlw.go.jp/content/001455161.pdf	https://www.mhlw.go.jp/content/001458551.pdf	2025-02-23	MHLW website content under Public Data License 1.0 unless separately indicated; third-party content requires separate review
P110-248	110	248	実践	薬理	−249 ₁₆ 歳女性。夜間の睡眠を十分にとっていたにもかかわらず、高校での授業 中に耐え難い眠気が繰り返し生じ、居眠りすることが多くなった。そのため睡眠ク リニックを受診し、指導された通りに生活習慣の改善を実施したが、 ₂ 週間経って も居眠りが消失しなかった。終夜睡眠ポリグラフ検査や反復睡眠潜時検査の結果か らナルコレプシーと診断され、生活習慣の改善を継続するとともに、以下の処方が 開始となった。 （処方 ₁ ） モダフィニル錠 ₁₀₀ mg ₁ 回 ₁ 錠（ ₁ 日 ₁ 錠） ₁日₁回 朝食後 ₁₄ 日分 問 248（実務） 処方 ₁ の薬剤及び用法について、この患者に説明する内容として適切なのはどれ か。2つ選べ。	"[""依存性が形成される可能性があること。"",""流通管理のため、空の PTP シートを回収すること。"",""脱毛の可能性があること。"",""服用開始後、頭痛が生じる可能性があること。"",""服用期間中はカフェインを含む飲料の摂取は避けること。""]"	multiChoice	[0,3]	null	normal	true	parsed	"[""none""]"	P110-CASE-248	https://www.mhlw.go.jp/content/001455161.pdf	https://www.mhlw.go.jp/content/001458551.pdf	2025-02-23	MHLW website content under Public Data License 1.0 unless separately indicated; third-party content requires separate review
P110-254	110	254	実践	薬理	−255 ₅₆ 歳男性。身長 ₁₆₅ cm、体重 ₆₃ kg。 ₁ 年前に健診で心電図異常が見つか り、循環器内科で精密検査となった。その結果、頻脈性不整脈と診断され、ジソピ ラミド（₅₀ mg カプセルを ₁ 回 ₁ カプセル、 ₁ 日 ₃ 回朝昼夕食後服用）による治療 が開始され、継続して服用していた。 ₂ 週間前に動悸や立ちくらみを自覚するよう になり、精密検査と治療の見直しのため入院となった。入院から ₄ 日目にジソピラ ミドを ₁ 日 ₁₅₀ mg から ₃₀₀ mg に増量したが、症状が改善されなかったことか ら、ジソピラミドをソタロール（₈₀ mg 錠を ₁ 回 ₁ 錠、 ₁ 日 ₂ 回朝夕食後服用）に 変更となった。ソタロール服用開始から ₅ 日目に、担当薬剤師が病室を訪れた際 に、下図に示す心電図の異常を発見した。 （心電図） ₁ マスは、横軸が ₀ . ₀₄ 秒、縦軸が ₀ . ₁ mV 問 254（薬理） この患者に使用された ₂ つの抗不整脈薬に共通する作用機序はどれか。1つ選 べ。	"[""電位依存性 Na チャネル遮断 +"",""電位依存性 Ca チャネル遮断 2+"",""電位依存性 K チャネル遮断 +"",""アドレナリン b 受容体遮断"",""アセチルコリン M2 受容体遮断""]"	singleChoice	2	null	normal	true	parsed	"[""none""]"	P110-CASE-254	https://www.mhlw.go.jp/content/001455161.pdf	https://www.mhlw.go.jp/content/001458551.pdf	2025-02-23	MHLW website content under Public Data License 1.0 unless separately indicated; third-party content requires separate review
P110-274	110	274	実践	薬剤	−275 ₆₅ 歳男性。高血圧症及び気管支ぜん息に対して処方 ₁ 及び処方 ₂ の薬剤を 使用していた。 （処方 ₁ ） パルミコート ₂₀₀ ng タービュヘイラー ₅₆ 吸入 ₁本 （注） ₁ 回 ₁ 吸入 ₁日₂回 朝夕 吸入 （注：ブデソニド ₁ 回吸入量 ₂₀₀ ng のドライパウダー吸入式ステロイド薬） （処方 ₂ ） テルミサルタン錠 ₄₀ mg ₁ 回 ₁ 錠（ ₁ 日 ₁ 錠） エプレレノン錠 ₅₀ mg ₁ 回 ₁ 錠（ ₁ 日 ₁ 錠） ₁日₁回 朝食後 ₂₈ 日分 血圧が ₁₆₀/₉₅ mmHg 前後で推移していたため、テルミサルタン錠を ₈₀ mg に 増量した。数日後、患者はめまいや頭痛を自覚したため、再来院した。血圧を測定 したところ ₉₂/₆₆ mmHg と低値を示した。 問 274（薬剤） テルミサルタン錠の添付文書には、本態性高血圧症の患者にテルミサルタン ₂₀ mg、₄₀ mg 及び ₈₀ mg をカプセル剤もしくは溶液として単回経口投与したとき の薬物動態パラメータが示されており、₄₀ mg 以上の投与量で用量比以上の曝露の 上昇がみられた旨の記載がある。テルミサルタンの投与量と血中濃度時間曲線下面 積（AUC）の関係を示す図として、最も近いのはどれか。1つ選べ。 ただし、この薬物の AUC は剤形による影響を受けないものとする。 1 2 ₂₄₀₀ ₂₄₀₀ AUC（ng・h/mL） AUC（ng・h/mL） ₂₀₀₀ ₂₀₀₀ ₁₆₀₀ ₁₆₀₀ ₁₂₀₀ ₁₂₀₀ ₈₀₀ ₈₀₀ ₄₀₀ ₄₀₀ ₀ ₂₀ ₄₀ ₆₀ ₈₀ ₁₀₀ ₀ ₂₀ ₄₀ ₆₀ ₈₀ ₁₀₀ 投与量（mg） 投与量（mg） 3 4 ₂₄₀₀ ₂₄₀₀ AUC（ng・h/mL） AUC（ng・h/mL） ₂₀₀₀ ₂₀₀₀ ₁₆₀₀ ₁₆₀₀ ₁₂₀₀ ₁₂₀₀ ₈₀₀ ₈₀₀ ₄₀₀ ₄₀₀ ₀ ₂₀ ₄₀ ₆₀ ₈₀ ₁₀₀ ₀ ₂₀ ₄₀ ₆₀ ₈₀ ₁₀₀ 投与量（mg） 投与量（mg） ₂₄₀₀ AUC（ng・h/mL） ₂₀₀₀ ₁₆₀₀ ₁₂₀₀ ₈₀₀ ₄₀₀ ₀ ₂₀ ₄₀ ₆₀ ₈₀ ₁₀₀ 投与量（mg）	[]	singleChoice	3	null	normal	true	no_choice_sequence	"[""none""]"	P110-CASE-274	https://www.mhlw.go.jp/content/001455161.pdf	https://www.mhlw.go.jp/content/001458551.pdf	2025-02-23	MHLW website content under Public Data License 1.0 unless separately indicated; third-party content requires separate review
P110-276	110	276	実践	薬剤	−277 ₆₈ 歳女性。₁₅ 年前、乳がんにより右乳房の切除術を受けた。再発なく経 過していたが、 ₃ 年前に腰痛が出現し、骨転移、胸膜転移及び右胸水を認めたた め、再発と診断された。オピオイドによる疼痛管理が開始され、 ₁ 年前からは緩和 医療に移行し、処方 ₁ 及び処方 ₂ の薬剤を使用していた。 （処方 ₁ ） フェンタニルクエン酸塩テープ ₄ mg（ ₁ 日用） （注 1） ₁ 回 ₁ 枚（ ₁ 日 ₁ 枚） ₁日₁回 ₂₄ 時間毎 ₇ 日分 （処方 ₂ ） モルヒネ塩酸塩水和物内用液 ₁₀ mg ₁ 回 ₂ 包（₁₀ mg/包） 疼痛時内服 ₁₀ 回分（全 ₂₀ 包） その後、皮膚に対する副作用が強く出現したため、処方 ₁ の薬剤の貼付部位の変 更や保湿を行ったが改善されず、処方 ₁ を処方 ₃ に変更した。 （処方 ₃ ） ヒドロモルフォン塩酸塩徐放錠 ₂₄ mg ₁ 回 ₁ 錠（ ₁ 日 ₁ 錠） （注 2） ₁日₁回 朝食後 ₇ 日分 注₁ 製剤の断面図と有効成分の構造式及び物性 ・フェンタニルクエン酸塩テープ（断面図） 膏体（薬物含有層） 支持体 ライナー ・フェンタニルクエン酸塩の化学構造及び性状 分子量：₅₂₈ . ₅₉（塩係数：₁ . ₅₇） 構造式： HO CO₂H N ・HO₂C CO₂H CH₃ N O 性 状：白色の結晶又は結晶性の粉末である。メタノール又は酢 酸（₁₀₀）に溶けやすく、水又はエタノール（₉₅）にや や溶けにくく、ジエチルエーテルに極めて溶けにくい。 注₂ ヒドロモルフォン塩酸塩徐放錠 ₂₄ mg の組成及び性状 ・有効成分： ₁ 錠中ヒドロモルフォン塩酸塩 ₂₇ . ₁ mg（ヒドロモルフォン として ₂₄ mg） ・添加物：D︲マンニトール、ヒドロキシプロピルセルロース、 ヒプロメロース酢酸エステルコハク酸エステル、 フマル酸ステアリルナトリウム ・剤形：素錠（徐放錠） 問 276（薬剤） 処方 ₁ 及び処方 ₃ の薬剤に関する記述として、正しいのはどれか。2つ選べ。	"[""処方 ₁ の薬剤は、定常状態で薬物を ₀ 次放出する。"",""処方 ₁ の薬剤の ₁ 枚当たりの有効成分含量は、フェンタニルに換算して ₂ . ₅₅ mg である。"",""処方 ₁ の薬剤からの有効成分の吸収量は、貼付部位の温度が上昇すると増大す る。"",""処方 ₃ の薬剤は、シングルユニット型のリザーバー型製剤である。"",""処方 ₃ の薬剤は、初回分を処方 ₁ の薬剤の剥離直後に服用する。""]"	multiChoice	[1,2]	null	normal	true	parsed	"[""none""]"	P110-CASE-276	https://www.mhlw.go.jp/content/001455161.pdf	https://www.mhlw.go.jp/content/001458551.pdf	2025-02-23	MHLW website content under Public Data License 1.0 unless separately indicated; third-party content requires separate review
P110-289	110	289	実践	実務	（実務） 聞き取りの内容を踏まえて、この来局者に提案する一般用医薬品として最も適切 なのはどれか。1つ選べ。 成分 包装 用法・用量 ₁ 錠中 ₆錠 ₁回₁錠 エピナスチン塩酸塩 ₂₀ mg ₁ 日 ₁ 回服用 ₁ 錠中 ₄₈ 錠 ₁回₁錠 エピナスチン塩酸塩 ₂₀ mg ₁ 日 ₁ 回服用 ₂ 錠中 ₁₈ 錠 ₁回₁錠 クロルフェニラミンマレイン酸塩 ₁₂ mg、 ₁ 日 ₁ ～ ₂ 回服用 フェニレフリン塩酸塩 ₁₂ mg、 ダツラエキス ₂₄ mg ₂ カプセル中 ₂₄ カプセル ₁ 回 ₂ カプセル 塩酸プソイドエフェドリン ₆₀ mg、 ₁ 日 ₂ 回服用 4 マレイン酸カルビノキサミン ₆ mg、 ベラドンナ総アルカロイド ₀ . ₂ mg、 無水カフェイン ₅₀ mg ₂ カプセル中 ₄₈ カプセル ₁ 回 ₂ カプセル 塩酸プソイドエフェドリン ₆₀ mg、 ₁ 日 ₂ 回服用 5 マレイン酸カルビノキサミン ₆ mg、 ベラドンナ総アルカロイド ₀ . ₂ mg、 無水カフェイン ₅₀ mg	[]	singleChoice	0	null	normal	true	no_choice_sequence	"[""none""]"	P110-CASE-288	https://www.mhlw.go.jp/content/001455162.pdf	https://www.mhlw.go.jp/content/001458551.pdf	2025-02-23	MHLW website content under Public Data License 1.0 unless separately indicated; third-party content requires separate review
P110-291	110	291	実践	実務	（病態・薬物治療） 処方 ₃ 追加時とその ₂ ケ月後受診時の検査値は下表のとおりであった。 （身体所見並びに検査結果） 項目 処方 ₃ 追加時 ₂ ケ月後受診時 身長（cm） ₁₆₅ ₁₆₅ 体重（kg） ₈₀ ₈₂ BMI ₂₉ . ₄ ₃₀ . ₁ HbA₁c（％） ₈.₂ ₈.₃ eGFR（mL/min/₁ . ₇₃ m ） ₄₀ ₂₉ 血圧（mmHg） ₁₃₀/₈₀ ₁₃₂/₈₀ AST（IU/L） ₆₅ ₇₀ ALT（IU/L） ₇₀ ₈₂ 尿タンパク ! + 検査結果を見た医師から、院内における採用薬の確認と治療薬の変更について、 薬剤部に問合せがあった。 検査値から判断し、処方 ₃ の薬剤を変更することにした。変更後の治療薬とし て、最も適切なのはどれか。1つ選べ。	"[""ラミブジン"",""グレカプレビル・ピブレンタスビル配合錠"",""エンテカビル"",""テノホビルアラフェナミド"",""ソホスブビル・ベルパタスビル配合錠+リバビリン""]"	singleChoice	1	null	normal	true	parsed	"[""none""]"	P110-CASE-290	https://www.mhlw.go.jp/content/001455162.pdf	https://www.mhlw.go.jp/content/001458551.pdf	2025-02-23	MHLW website content under Public Data License 1.0 unless separately indicated; third-party content requires separate review
P110-336	110	336	実践	実務	粉砕又は脱カプセルを避けるべき薬剤とその理由として正しいのはどれか。 2つ選べ。 薬剤 理由 ダビガトランエテキシラートメタン 放出制御製剤であるため スルホン酸塩カプセル 2 ポマリドミドカプセル 光で分解するため 3 バルプロ酸ナトリウム錠 苦味が出るため 4 ラベプラゾールナトリウム錠 腸溶錠であるため 5 リセドロン酸ナトリウム錠 口腔咽頭刺激があるため	[]	multiChoice	[3,4]	null	normal	true	no_choice_sequence	"[""none""]"		https://www.mhlw.go.jp/content/001455162.pdf	https://www.mhlw.go.jp/content/001458551.pdf	2025-02-23	MHLW website content under Public Data License 1.0 unless separately indicated; third-party content requires separate review
P109-006	109	6	必須	物理・化学・生物	同圧下で沸点が最も高いのはどれか。1つ選べ。 1 2 3 CH3CH2CH2CH3 CH3CH2CH2CH2CH3 （CH3）2CHCH3 4 5 （CH3） 2CHCH2CH3 （CH3）4C	[]	singleChoice	1	null	normal	true	no_choice_sequence	"[""none""]"		https://www.mhlw.go.jp/content/001226759.pdf	https://www.mhlw.go.jp/content/001228441.pdf	2024-02-18	MHLW website content under Public Data License 1.0 unless separately indicated; third-party content requires separate review
P109-008	109	8	必須	物理・化学・生物	転位反応はどれか。1つ選べ。 ただし、すべての反応は終了後、適切な後処理を施していることとする。また、 生成物は主生成物のみを示している。 O OH C6H5MgBr OH H2SO4 O NH2OH N OH H N H2SO4 N O OH O NaBH4 OH	[]	singleChoice	3	null	normal	true	no_choice_sequence	"[""none""]"		https://www.mhlw.go.jp/content/001226759.pdf	https://www.mhlw.go.jp/content/001228441.pdf	2024-02-18	MHLW website content under Public Data License 1.0 unless separately indicated; third-party content requires separate review
P109-019	109	19	必須	衛生	下図は、食事摂取基準における摂取量とリスクの概念図である。図中のＡで示 されるのはどれか。1つ選べ。 過剰摂取によって健康障害が生じるリスク ₁.₀ 不足のリスク ₀.₅ ₀ . ₀₂₅ ₀ Ａ 習慣的な摂取量	"[""耐用上限量"",""推奨量"",""目安量"",""推定平均必要量"",""目標量""]"	singleChoice	1	null	normal	true	parsed	"[""none""]"		https://www.mhlw.go.jp/content/001226759.pdf	https://www.mhlw.go.jp/content/001228441.pdf	2024-02-18	MHLW website content under Public Data License 1.0 unless separately indicated; third-party content requires separate review
P109-021	109	21	必須	衛生	シモン反応によって確認できる薬物はどれか。1つ選べ。 1 2 3 H NH2 HO N CH3 CH3 CH3 O N CH3 H HO 4 5 H3C O CH3 CH3 N H O OH H H O H O H3C O CH3 CH3	[]	singleChoice	0	null	normal	true	no_choice_sequence	"[""none""]"		https://www.mhlw.go.jp/content/001226759.pdf	https://www.mhlw.go.jp/content/001228441.pdf	2024-02-18	MHLW website content under Public Data License 1.0 unless separately indicated; third-party content requires separate review
P109-025	109	25	必須	衛生	下図は、環境基本法で規定されている ₇ 種類の公害（典型七公害）の種類別公 害苦情件数の推移を示したものである。アに該当するのはどれか。1つ選べ。 ₃₀ ,₀₀₀ ₂₅ ,₀₀₀ ア ₂₀ ,₀₀₀ 苦情件数（件） ₁₅ ,₀₀₀ ₁₀ ,₀₀₀ ₅ ,₀₀₀ 土壌汚染 地盤沈下 ₀ ₅₃ ₅₄ ₅₅ ₅₆ ₅₇ ₅₈ ₅₉ ₆₀ ₆₁ ₆₂ ₆₃ 元 ₂ ₃ ₄ ₅ ₆ ₇ ₈ ₉ ₁₀ ₁₁ ₁₂ ₁₃ ₁₄ ₁₅ ₁₆ ₁₇ ₁₈ ₁₉ ₂₀ ₂₁ ₂₂ ₂₃ ₂₄ ₂₅ ₂₆ ₂₇ ₂₈ ₂₉ ₃₀ 元 ₂ ₃ 昭和 平成 令和 （年度） 図 典型七公害の種類別公害苦情件数 令和三年度 公害苦情調査結果報告書（総務省、公害等調査委員会事務局）	"[""悪臭"",""振動"",""水質汚濁"",""騒音"",""大気汚染 必須問題 【薬理】""]"	singleChoice	3	null	normal	true	parsed	"[""none""]"		https://www.mhlw.go.jp/content/001226759.pdf	https://www.mhlw.go.jp/content/001228441.pdf	2024-02-18	MHLW website content under Public Data License 1.0 unless separately indicated; third-party content requires separate review
P109-039	109	39	必須	薬理	DNA ジャイレース及びトポイソメラーゼⅣを阻害することで、細菌の DNA 複 製を抑制する抗菌薬はどれか。1つ選べ。 1 2 OH O OH O O HN OH N N NH2 OH F CO2H H H HO CH3 H N CH3 O H3C HO H O H H NH2 H HO H2N H HO H O H H O OH H HO H HO O H H OH H H H NH2 NH2 4 5 H CH3 O CO2H H H3C N H2N H N CH3 H CH3 H CH3 HO CH3 N H S CH3 H3C OH H H HO O CH3 OO HO H H O CH3 H H CH3 N H CH3 H H H O H OH HO O O H CH3 CH3 O CH3 H H CH3	[]	singleChoice	0	null	normal	true	no_choice_sequence	"[""none""]"		https://www.mhlw.go.jp/content/001226759.pdf	https://www.mhlw.go.jp/content/001228441.pdf	2024-02-18	MHLW website content under Public Data License 1.0 unless separately indicated; third-party content requires separate review
P109-041	109	41	必須	薬剤	下図に示す Fick の法則に従う細胞膜透過において、薬物の透過速度と反比例す るのはどれか。1つ選べ。 細胞外 細胞膜 細胞内 C1 C out C out：細胞外溶液の薬物濃度 C 1 ：細胞外溶液と接する面の膜中薬物濃度 薬物の濃度 C2 C 2 ：細胞内溶液と接する面の膜中薬物濃度 C in C in ：細胞内溶液の薬物濃度 膜の厚さ L	"[""膜の有効表面積"",""薬物の膜中の拡散係数"",""膜の厚さ（L）"",""薬物の膜への分配係数（C 1/C out）"",""細胞外及び細胞内溶液と接する面の膜中薬物濃度の差（C 1 - C 2）""]"	singleChoice	2	null	normal	true	parsed	"[""none""]"		https://www.mhlw.go.jp/content/001226759.pdf	https://www.mhlw.go.jp/content/001228441.pdf	2024-02-18	MHLW website content under Public Data License 1.0 unless separately indicated; third-party content requires separate review
P109-042	109	42	必須	薬剤	小腸上皮細胞を模式的に示した下図中の 1 ～ 6 のうち、P︲糖タンパク質の局在 と基質の輸送方向を正しく表しているのはどれか。1つ選べ。ただし、図中の矢印 の向きは基質の輸送方向を示す。 管腔側 1 2 3 4 5 6 血管側	[]	singleChoice	0	null	normal	true	no_choice_sequence	"[""none""]"		https://www.mhlw.go.jp/content/001226759.pdf	https://www.mhlw.go.jp/content/001228441.pdf	2024-02-18	MHLW website content under Public Data License 1.0 unless separately indicated; third-party content requires separate review
P109-050	109	50	必須	薬剤	複合体を形成することによって、以下の疎水性薬物を安定化するのに用いられ る化合物はどれか。1つ選べ。 一般名：アルプロスタジル 構造式： O H CO2H CH3 HO H H H OH	"[""アスコルビン酸"",""a︲シクロデキストリン"",""カルメロースナトリウム"",""エデト酸ナトリウム水和物"",""パラオキシ安息香酸ブチル""]"	singleChoice	1	null	normal	true	parsed	"[""none""]"		https://www.mhlw.go.jp/content/001226759.pdf	https://www.mhlw.go.jp/content/001228441.pdf	2024-02-18	MHLW website content under Public Data License 1.0 unless separately indicated; third-party content requires separate review
P109-052	109	52	必須	薬剤	日本薬局方の製剤に関する一般試験法のうち、下図の装置を用いるのはどれ か。1つ選べ。 ダイヤルゲージ 円錐 試料台	"[""崩壊試験法"",""眼軟膏剤の金属性異物試験法"",""半固形製剤の流動学的測定法"",""粘着力試験法"",""吸入剤の空気力学的粒度測定法""]"	singleChoice	2	null	normal	true	parsed	"[""none""]"		https://www.mhlw.go.jp/content/001226759.pdf	https://www.mhlw.go.jp/content/001228441.pdf	2024-02-18	MHLW website content under Public Data License 1.0 unless separately indicated; third-party content requires separate review
P109-055	109	55	必須	薬剤	下の模式図で表される経口徐放性製剤の放出制御膜として、適切なのはどれか。 1つ選べ。 薬物放出口 薬物層 放出制御膜 プッシュ層	"[""糖衣"",""半透膜"",""腸溶性皮膜"",""生分解性皮膜"",""イオン交換樹脂膜 必須問題 【病態・薬物治療】""]"	singleChoice	1	null	normal	true	parsed	"[""none""]"		https://www.mhlw.go.jp/content/001226759.pdf	https://www.mhlw.go.jp/content/001228441.pdf	2024-02-18	MHLW website content under Public Data License 1.0 unless separately indicated; third-party content requires separate review
P109-069	109	69	必須	病態・薬物治療	下図の 1 ～ 5 は、既存薬Ｘを対照とした新薬Ｙの非劣性を検討した ₅ つの臨床 試験の結果について、両群の差の ₉₅％信頼区間を示したものである。あらかじめ 設定された非劣性マージンが -D のとき、両側 ₅ ％水準で非劣性が結論づけられ るのはどれか。1つ選べ。 -D ₀ 既存薬Ｘが優る 新薬Ｙが優る	[]	singleChoice	3	null	normal	true	no_choice_sequence	"[""none""]"		https://www.mhlw.go.jp/content/001226759.pdf	https://www.mhlw.go.jp/content/001228441.pdf	2024-02-18	MHLW website content under Public Data License 1.0 unless separately indicated; third-party content requires separate review
P109-093	109	93	理論	物理	次の記述は、日本薬局方メフェナム酸の純度試験中の類縁物質に関するもので ある。 本品 ₀ . ₁₀ g をクロロホルム／メタノール混液（ ₃：₁ ） ₅ mL に溶かし、試料溶 液とする。この液 ₁ mL を正確に量り、クロロホルム／メタノール混液（ ₃：₁ ） を加えて正確に ₂₀₀ mL とする。この液 ₁₀ mL を正確に量り、クロロホルム／メタ ノール混液（ ₃：₁ ）を加えて正確に ₅₀ mL とし、標準溶液とする。これらの液に つき、薄層クロマトグラフィー（薄層板に蛍光剤を含む）により試験を行う。試料 溶液及び標準溶液 ₂₅ nL ずつを薄層板にスポットし、展開後風乾した薄層板に紫外 線（主波長 ₂₅₄ nm）を照射するとき、試料溶液から得た主スポット以外のスポッ トは、標準溶液から得たスポットより濃くない。 類縁物質の混入が許容される限度値はどれか。1つ選べ。	"[""₀ . ₁％"",""₀ . ₂％"",""₁ . ₀％"",""₂ . ₀％"",""₂ . ₅％""]"	singleChoice	0	null	normal	true	parsed	"[""none""]"		https://www.mhlw.go.jp/content/001226760.pdf	https://www.mhlw.go.jp/content/001228441.pdf	2024-02-18	MHLW website content under Public Data License 1.0 unless separately indicated; third-party content requires separate review
P109-095	109	95	理論	物理	図はある蛍光物質の励起スペクトルと蛍光スペクトルである。 励起スペクトル 蛍光スペクトル 相対蛍光強度 （励起波長 m1） （蛍光波長 m2） m1 m2 波長 この励起スペクトルの極大波長（励起波長）が m1、蛍光スペクトルの極大波長 （蛍光波長）が m2 であるとすると、この蛍光物質の励起波長の光のエネルギーと 蛍光波長の光のエネルギーとの間のエネルギー差を求める式はどれか。1つ選べ。 ただし、プランク定数は h、光速度は c とする。 hc（m2 - m1） m1 m2 h（m2 - m1） cm1 m2 c m2 - m1） （ hm1 m2 m1 m2 hc（m2 - m1） cm1 m2 h（m2 - m1）	[]	singleChoice	0	null	normal	true	no_choice_sequence	"[""none""]"		https://www.mhlw.go.jp/content/001226760.pdf	https://www.mhlw.go.jp/content/001228441.pdf	2024-02-18	MHLW website content under Public Data License 1.0 unless separately indicated; third-party content requires separate review
P109-100	109	100	理論	物理	ガスクロマトグラフィーに関する記述のうち、正しいのはどれか。2つ選べ。	"[""電子捕獲検出器は、主に C︲H 結合を有する有機化合物の検出に用いられる。"",""定量には内標準法が用いられるが、絶対検量線法は用いられない。"",""難揮発性物質の誘導体化の ₁ つにトリメチルシリル化がある。"",""カラム恒温槽の温度をある温度から一定速度で上昇させると、上昇させない場 合と比較して分離時間が長くなる。"",""電子イオン化及び化学イオン化はガスクロマトグラフィー／質量分析法のイオ ン化法に用いられる。""]"	multiChoice	[2,4]	null	normal	true	parsed	"[""none""]"		https://www.mhlw.go.jp/content/001226760.pdf	https://www.mhlw.go.jp/content/001228441.pdf	2024-02-18	MHLW website content under Public Data License 1.0 unless separately indicated; third-party content requires separate review
P109-101	109	101	理論	化学	以下のアンモニウムイオンのうち、pKa 値が最小なのはどれか。1つ選べ。 H H H H H H H H H H H H H H H N＋ N＋ N＋ N＋ N＋ Cl OCH3 CH3 NO2 1 2 3 4 5	[]	singleChoice	4	null	normal	true	no_choice_sequence	"[""none""]"		https://www.mhlw.go.jp/content/001226760.pdf	https://www.mhlw.go.jp/content/001228441.pdf	2024-02-18	MHLW website content under Public Data License 1.0 unless separately indicated; third-party content requires separate review
P109-103	109	103	理論	化学	電子移動を示す矢印で記した機構が主となって、実際に進行し、生成物が得ら れる反応はどれか。1つ選べ。 Br H H- H3C H Br H Br H 1 ＋ H3C H3C H H3C H H3C H H3C H H H Cl Cl Cl - C ＋ Cl Cl Cl H H CH3 3 CH3 H B H B H H H H - Br Br 4 Br ＋ Br Br Br Cl O Cl O OH O O 5 H3C H H3C H H CH3 O O H Cl H CH3 H3C H H CH3 O OH	[]	singleChoice	3	null	normal	true	no_choice_sequence	"[""none""]"		https://www.mhlw.go.jp/content/001226760.pdf	https://www.mhlw.go.jp/content/001228441.pdf	2024-02-18	MHLW website content under Public Data License 1.0 unless separately indicated; third-party content requires separate review
P109-104	109	104	理論	化学	ビタミン B 1 欠乏症の予防及び治療に用いられるフルスルチアミンは、ビタミ ン B 1（チアミン）の消化管吸収効率を改善したプロドラッグであり、体内でジス ルフィド結合が還元された後、閉環してビタミン B 1 となる。ビタミン B 1 の構造 として、正しいのはどれか。1つ選べ。 H H3C N NH2 O H N S 還元 ビタミン B1 S + HS O OHC N OH （体内） （チアミン） 及び鏡像異性体 CH3 及び鏡像異性体 フルスルチアミン H3C N NH2 H3C N NH2 H3C N NH2 N N N ＋ ＋ N CH3 N CH3 N CH3 O HS HO S OH O OH S OH 1 2 3 H3C N NH2 H3C N NH2 N N ＋ ＋ N CH3 N CH3 O OH S OH 4 5	[]	singleChoice	4	null	normal	true	no_choice_sequence	"[""none""]"		https://www.mhlw.go.jp/content/001226760.pdf	https://www.mhlw.go.jp/content/001228441.pdf	2024-02-18	MHLW website content under Public Data License 1.0 unless separately indicated; third-party content requires separate review
P109-106	109	106	理論	化学	下図に示したように、乳酸脱水素酵素（乳酸デヒドロゲナーゼ）はピルビン酸 から L︲乳酸への変換を触媒する。この酵素の活性中心に関する記述のうち、正し いのはどれか。2つ選べ。 O H OH NADH，H＋ OH OH H3C H3C 乳酸脱水素酵素 O O ピルビン酸 L︲乳酸 HN H アミノ酸残基 168 番 O O - O Arg 109 H NH N H ＋ His 195 H2N ＋ N N H H O O H3C H H - N O H H ＋ H H2NOC N N Arg 171 H H NADH N R 乳酸脱水素酵素の活性中心（模式図）	"[""₁₀₉ 番の Arg はピルビン酸のカルボニル炭素の求電子性を高めている。"",""₁₆₈ 番のアミノ酸残基はアスパラギンである。"",""₁₇₁ 番の Arg とピルビン酸との主たる相互作用は、分散力によるものである。"",""₁₉₅ 番の His はピルビン酸に対してブレンステッド酸としてはたらく。"",""NADH はピルビン酸に対してプロトン供与体としてはたらく。""]"	multiChoice	[0,3]	null	normal	true	parsed	"[""none""]"		https://www.mhlw.go.jp/content/001226760.pdf	https://www.mhlw.go.jp/content/001228441.pdf	2024-02-18	MHLW website content under Public Data License 1.0 unless separately indicated; third-party content requires separate review
P109-107	109	107	理論	化学	下図は、ある化合物の H︲NMR スペクトル〔₄₀₀ MHz、CDCl3、基準物質はテ トラメチルシラン（TMS）〕を示したものである。この化合物の構造式として正し いのはどれか。1つ選べ。なお、×印のシグナルは CDCl3 溶媒中に含まれる CHCl3 のプロトンに由来するシグナルであり、エのピークは重水（D2O）を添加するとほ ぼ消失した。 アの拡大図 キの拡大図 カの拡大図 オの拡大図 ウ、イの拡大図 ア ₆H ₇.₉ ₇.₈ ₆.₇ ₆.₆ ₄.₄ ₄.₃ ₂.₉ ₂.₈ ₂.₇ ₂.₆ TMS × イ ₁.₁ ₁.₀ ₄H オ ウ カ ₂H ₂H H2O キ ₂H ₂H エ ₂H ppm ₈.₀ ₇.₀ ₆.₀ ₅.₀ ₄.₀ ₃.₀ ₂.₀ ₁.₀ ₀ O O CH3 O O CH3 O CH3 N CH3 O O H3C N H2N NH2 NH2 1 2 3 CH3 CH3 O O N CH3 N CH3 O O HO H2N 4 5	[]	singleChoice	4	null	normal	true	no_choice_sequence	"[""none""]"		https://www.mhlw.go.jp/content/001226760.pdf	https://www.mhlw.go.jp/content/001228441.pdf	2024-02-18	MHLW website content under Public Data License 1.0 unless separately indicated; third-party content requires separate review
P109-110	109	110	理論	化学	−111 解糖系では、下の図 ₁ のように、D︲グルコースが D︲フルクトース ₁ , ₆︲ビ スリン酸へと変換されたのちに、 ₂ 分子のピルビン酸へと分解される。 図₁ CHO CH2OPO32- H OH O O HO H HO H #₂ H OH H OH H3C CO2H H OH H OH ピルビン酸 CH2OH CH2OPO32- D︲グルコース D︲フルクトース ₁ , ₆︲ビスリン酸 また、図 ₂ のように、D︲フルクトース ₁ , ₆︲ビスリン酸は、アルドラーゼによっ て、代謝物ＡとＢへ変換される。この反応はアルドール反応の逆反応である。 図₂ CH2OPO32- O HO H アルドラーゼ H OH 代謝物Ａ + OPO32- H OH （逆アルドール反応） OHC H OH 代謝物Ｂ CH2OPO32- D︲フルクトース ₁ , ₆︲ビスリン酸 さらに、図 ₃ のように、代謝物ＡとＢは細胞質中で酵素的に相互変換可能であ り、代謝物Ｂはさらに代謝物Ｃを経て、ピルビン酸まで変換される。 図₃ NAD+ NADH + リン酸 + H+ H OH H OH 代謝物Ａ OPO32- 2- O3PO OPO32- OHC 代謝物Ｂ O 代謝物Ｃ O H3C CO2H ピルビン酸 問 110 代謝物Ａの構造として正しいのはどれか。1つ選べ。 1 2 3 H OH O H OH OPO32- HO OPO32- HO OPO32- OHC O 4 5 H OH O OPO3 OPO32- OHC OHC	[]	singleChoice	1	null	normal	true	no_choice_sequence	"[""none""]"		https://www.mhlw.go.jp/content/001226760.pdf	https://www.mhlw.go.jp/content/001228441.pdf	2024-02-18	MHLW website content under Public Data License 1.0 unless separately indicated; third-party content requires separate review
P109-112	109	112	理論	生物	下図はヒトの眼球断面の模式図である。図のａ～ｅに関する記述のうち、正し いのはどれか。2つ選べ。 ｄ ｂ ａ ｃ ｅ	"[""ａにある筋肉の収縮・弛緩により、焦点を調節する。"",""ｂは、眼房水を産生し、眼圧の維持に関与する。"",""ｃは、血管のない透明な組織であり、光が透過する。"",""ｄには、桿体細胞と錐体細胞の ₂ 種類の視細胞が存在する。"",""ｅは、黄斑の中心窩である。""]"	multiChoice	[1,2]	null	normal	true	parsed	"[""none""]"		https://www.mhlw.go.jp/content/001226760.pdf	https://www.mhlw.go.jp/content/001228441.pdf	2024-02-18	MHLW website content under Public Data License 1.0 unless separately indicated; third-party content requires separate review
P109-124	109	124	理論	衛生	下図の曲線ア～エは、₁₅ 歳未満、₁₅～₆₄ 歳、₆₅ 歳以上、₇₅ 歳以上のいずれか の年齢区分別人口の割合の推移を、右の数値は ₂₀₂₂ 年における各年齢区分別人口 の割合を示している。年齢区分別人口に関する記述のうち、正しいのはどれか。2 つ選べ。 ₈₀ ア 年齢区分別人口の割合（％） ₇₀ ₆₀ ₅₉ . ₄％ ₅₀ ₄₀ ₃₀ ₂₉ . ₀％ イ ウ ₂₀ ₁₅ . ₅％ ₁₀ ₁₁ . ₆％ エ ₀ ₁₉₅₀ ₅₅ ₆₀ ₆₅ ₇₀ ₇₅ ₈₀ ₈₅ ₉₀ ₉₅ ₂₀₀₀ ₀₅ ₁₀ ₁₅ ₂₀ ₂₂ 年 図 年齢区分別人口の割合の推移（₁₉₅₀ 年～₂₀₂₂ 年） 総務省統計局 人口推計（₂₀₂₂ 年（令和 ₄ 年）₁₀ 月 ₁ 日現在）より作成	"[""アは生産年齢人口の割合を示している。"",""イは ₆₅ 歳以上の老年人口の割合を示している。"",""アとウの和は、従属人口の割合である。"",""イをエで割った値に ₁₀₀ を乗じた値は、老年人口指数である。"",""₂₀₂₂ 年における年少人口指数は、およそ ₁₉ . ₅ である。""]"	multiChoice	[0,4]	null	normal	true	parsed	"[""none""]"		https://www.mhlw.go.jp/content/001226760.pdf	https://www.mhlw.go.jp/content/001228441.pdf	2024-02-18	MHLW website content under Public Data License 1.0 unless separately indicated; third-party content requires separate review
P109-130	109	130	理論	衛生	甘味料のうち、フェニルケトン尿症患者に対する注意喚起の表示が義務づけら れているのはどれか。1つ選べ。 1 2 H3C O O S O NK O H3C O H O H N O HO N CH3 H H O COOH 3 4 O H O H H H3C N O H2N O N CH3 N CH3 H3C CH3 H HOOC H H O H O COOH H3C COOH CH3 O CH3 CH3 H COONa H CH3 H O O OH H H H H3C CH3 OH H H O COONa H O OH H OH H H OH	[]	singleChoice	3	null	normal	true	no_choice_sequence	"[""none""]"		https://www.mhlw.go.jp/content/001226760.pdf	https://www.mhlw.go.jp/content/001228441.pdf	2024-02-18	MHLW website content under Public Data License 1.0 unless separately indicated; third-party content requires separate review
P109-135	109	135	理論	衛生	下図は、化管法＊ の PRTR 制度における ₂₀₂₁ 年（令和 ₃ 年）度届出排出量・ 移動量の上位 ₁₀ 物質を示したものである。 化合物Ａ 届出排出量 化合物Ｂ 届出移動量 化合物Ｃ クロム及び三価クロム化合物 エチルベンゼン 塩化メチレン ノルマル︲ヘキサン N,N ︲ジメチルホルムアミド ふっ化水素及びその水溶性塩 塩化第二鉄 ₀ ₅ # ₁₀ ₁ # ₁₀ 7 8 届出排出量・移動量［kg/ 年］ ＊ 化管法：特定化学物質の環境への排出量の把握等及び管理の改善の促進に関する法律 令和 ₃ 年度 PRTR データの概要︲化学物質の排出量・移動量の集計結果︲ （令和 ₅ 年 ₃ 月）を基に作成 化合物Ａ～Ｃは以下のア～オのような特徴をもつ化合物である。化合物Ａ～Ｃの 組合せとして正しいのはどれか。1つ選べ。 ア 化合物Ａ及びＣの届出排出量のほぼ全量が大気への排出、化合物Ｂの届出移動 量のほぼ全量が事業所外への廃棄物としての移動である。 イ ヒトの体内で化合物Ａ及びＣは酸化的な代謝を受け、それぞれの代謝物がグリ シン抱合されて尿中に排泄される。 ウ 化合物Ａ及びＣには、室内濃度指針値が定められている。 エ 化合物Ｂへの曝露により、パーキンソン病様の症状が現れることがある。 オ 化合物Ｃは、 ₃ 種類の異性体の混合物である。 化合物Ａ 化合物Ｂ 化合物Ｃ	"[""キシレン 亜鉛の水溶性化合物 ベンゼン"",""キシレン マンガン及びその化合物 トルエン"",""ベンゼン マンガン及びその化合物 キシレン"",""ベンゼン 亜鉛の水溶性化合物 トルエン"",""トルエン 亜鉛の水溶性化合物 キシレン"",""トルエン マンガン及びその化合物 キシレン""]"	singleChoice	5	null	normal	true	parsed	"[""none""]"		https://www.mhlw.go.jp/content/001226760.pdf	https://www.mhlw.go.jp/content/001228441.pdf	2024-02-18	MHLW website content under Public Data License 1.0 unless separately indicated; third-party content requires separate review
P109-140	109	140	理論	衛生	暑さ指数（WBGT）は、熱中症を予防することを目的として提案された指標で あり、下図に示した装置Ａ～Ｃで測定した結果（［温度 ₁ ］～［温度 ₃ ］のいずれ か）を用いて、次式より算出することができる。 屋外の場合の算出式：WBGT = ₀ . ₇ #［温度 ₁ ］+ ₀ . ₂ #［温度 ₂ ］+ ₀ . ₁ #［温度 ₃ ］ 屋内の場合の算出式：WBGT = ₀ . ₇ #［温度 ₁ ］+ ₀ . ₃ #［温度 ₂ ］ ［温度 ₁ ］～［温度 ₃ ］は、装置Ａ～Ｃのいずれかで測定した温度である。 装置Ａ 装置Ｂ 装置Ｃ 水で湿らせたガーゼ 黒色に塗装した 水を入れた容器 薄い銅板の球 （中は空洞） ある小学校の屋外の運動場で温度を測定した結果、表 ₁ に示す測定値が得られ た。この時の暑さ指数（WBGT）に最も近い値はどれか。1つ選べ。 表₁ 測定結果 装 置 温 度（℃） Ａ ₄₂ . ₀ Ｂ ₃₂ . ₀ Ｃ ₂₆ . ₀	"[""₂₉"",""₃₀"",""₃₂"",""₃₃"",""₃₈""]"	singleChoice	1	null	normal	true	parsed	"[""none""]"		https://www.mhlw.go.jp/content/001226760.pdf	https://www.mhlw.go.jp/content/001228441.pdf	2024-02-18	MHLW website content under Public Data License 1.0 unless separately indicated; third-party content requires separate review
P109-151	109	151	理論	薬理	グラフは、回腸平滑筋の収縮に対する薬物Ａ～Ｃの濃度︲反応曲線を示す。各 薬物に関する記述のうち、正しいのはどれか。2つ選べ。ただし、薬物Ａ～Ｃは同 一受容体結合部位にのみ作用し、余剰受容体及び内因性アゴニストの存在は考えな いものとする。 ₁₀₀ 反応率︵％︶ 薬物Ａ 薬物Ｂ 薬物Ｃ ₅₀ ₀ ₁₀ ₁₀ ₁₀ ₁₀ ₁₀ ₁₀ -8 -7 -6 -5 -4 -3 濃度（mol/L）	"[""薬物Ａ及び薬物Ｂの内活性は、ともに ₁₀₀ である。"",""薬物Ａの pD2 値は、約 ₇ である。"",""薬物Ｂの効力は、薬物Ａの効力より高い。"",""₁₀ mol/L の薬物Ｂにより生じる反応は、₁₀ mol/L の薬物Ｃの併用により減 -4 -3 少する。"",""薬物Ｃの EC50 値は、₁₀ mol/L である。""]"	multiChoice	[1,3]	null	normal	true	parsed	"[""none""]"		https://www.mhlw.go.jp/content/001226761.pdf	https://www.mhlw.go.jp/content/001228441.pdf	2024-02-18	MHLW website content under Public Data License 1.0 unless separately indicated; third-party content requires separate review
P109-170	109	170	理論	薬剤	下図はイトラコナゾールカプセル ₂₀₀ mg を健常人男性（₂₁～₂₈ 歳）₁₂ 名に経 口投与した際の血中濃度（平均値）の時間推移を示す。イトラコナゾールの最高血 中濃度はファモチジンとともに服用した場合、₅₃％に減少した。イトラコナゾール の吸収過程におけるファモチジンとの相互作用及びその回避法に関する記述のう ち、正しいのはどれか。2つ選べ。 血中イトラコナゾール濃度（ng/mL） ₀ . ₂₅ イトラコナゾール ₀.₂ 単独投与 ₀ . ₁₅ イトラコナゾール +ファモチジン ₀.₁ ₀ . ₀₅ ₀ ₁ ₃ ₆ ₁₂ ₂₄ ₄₈ 時間（h） ○：イトラコナゾールカプセルを水で服用 ●：イトラコナゾールカプセルをファモチジン錠（₄₀ mg）とともに水で服用	"[""イトラコナゾールがファモチジンと難溶性のキレートを形成するため、吸収が 低下する。"",""ファモチジンが P︲糖タンパク質によるイトラコナゾールの分泌を阻害するた め、吸収が低下する。"",""ファモチジンの作用により胃内 pH が上昇し、イトラコナゾールの溶解性が低 下するため、吸収が低下する。"",""ファモチジンの代替薬としてオメプラゾールを検討する。"",""イトラコナゾール製剤として経口液剤を検討する。""]"	multiChoice	[2,4]	null	normal	true	parsed	"[""none""]"		https://www.mhlw.go.jp/content/001226761.pdf	https://www.mhlw.go.jp/content/001228441.pdf	2024-02-18	MHLW website content under Public Data License 1.0 unless separately indicated; third-party content requires separate review
P109-175	109	175	理論	薬剤	下表には薬物の肝抽出率及び血漿タンパク結合率を示す。これら ₃ 種の薬物の 体内動態の変動に関する記述のうち、正しいのはどれか。2つ選べ。 薬物 肝抽出率 血漿タンパク結合率 ニカルジピン ₀ . ₇ より大 ₀ . ₈ より大 フェニトイン ₀ . ₃ より小 ₀ . ₈ より大 テオフィリン ₀ . ₃ より小 ₀ . ₈ より小	"[""ニカルジピンの肝クリアランスは、肝血流量による影響を受けない。"",""ニカルジピンの定常状態における非結合形薬物濃度は、肝血流量が一定であれ ば、血漿タンパク結合率の変動による影響を受けない。"",""フェニトインとテオフィリンの肝クリアランスは、いずれも肝固有クリアラン スの変動の影響を受けやすい。"",""血漿タンパク質の減少による肝クリアランスへの影響は、フェニトインよりテ オフィリンの方が大きい。"",""フェニトインとテオフィリンの定常状態における非結合形薬物濃度は、肝固有 クリアランスが一定であれば、血漿タンパク結合率の変動による影響を受けな い。""]"	multiChoice	[2,4]	null	normal	true	parsed	"[""none""]"		https://www.mhlw.go.jp/content/001226761.pdf	https://www.mhlw.go.jp/content/001228441.pdf	2024-02-18	MHLW website content under Public Data License 1.0 unless separately indicated; third-party content requires separate review
P109-178	109	178	理論	薬剤	イリノテカンは酵素（ア）によって活性代謝物（イ）に変換され、さらに酵素 （ウ）によって代謝物（エ）に変換され不活化される。（ア）の酵素及び（イ）の 構造式、 （ウ）の酵素及び（エ）の構造式のそれぞれの組合せとして、正しいのは どれか。1つ選べ。 Ａ Ｂ CH3 CH3 COOH HO O O O O N OH N N N OH O OH O H3C O H3C O OH OH Ｃ CH3 HO3SO O N N O H3C O OH 酵素（ア） 代謝物（イ） 酵素（ウ） 代謝物（エ）	"[""CYP₃A₄ Ａ 硫酸転移酵素 Ｃ"",""UDP︲グルクロン酸転移酵素 Ａ CYP₃A₄ Ｂ"",""カルボキシルエステラーゼ Ａ UDP︲グルクロン酸転移酵素 Ｂ"",""CYP₃A₄ Ｂ 硫酸転移酵素 Ｃ"",""UDP︲グルクロン酸転移酵素 Ｂ カルボキシルエステラーゼ Ａ"",""カルボキシルエステラーゼ Ｂ UDP︲グルクロン酸転移酵素 Ａ""]"	singleChoice	2	null	normal	true	parsed	"[""none""]"		https://www.mhlw.go.jp/content/001226761.pdf	https://www.mhlw.go.jp/content/001228441.pdf	2024-02-18	MHLW website content under Public Data License 1.0 unless separately indicated; third-party content requires separate review
P109-179	109	179	理論	薬剤	₂ 種類の粉体Ａ及びＢの粉体層について、図 1 に示すように、種々の垂直応力 （v）を加えた状態で可動セルを水平方向に引っ張ることでせん断試験を行った。 得られたせん断応力（x）の値を v に対してプロットした結果を図 2 に示す。以下 の記述のうち、正しいのはどれか。2つ選べ。ただし、x と v の間にはクーロンの 式が成立するものとする。 クーロンの式 x = n・v + C n：内部摩擦係数、C：付着力（いずれも定数） 粉体Ａ フタ 垂直応力 v せん断応力（x） 可動セル 引張り応力 粉体Ｂ 粉体層 固定セル せん断応力 x 垂直応力（v） 図1 図2	"[""粉体Ａは粉体Ｂよりも安息角が大きい。"",""粉体Ａを造粒するとグラフの傾きが大きくなる。"",""粉体Ｂは粉体Ａよりも付着力が強い。"",""粉体Ｂに滑沢剤を適量添加すると内部摩擦係数が大きくなる。"",""粉体Ｂは粉体Ａよりもオリフィスからの流出速度が大きい。""]"	multiChoice	[0,4]	null	normal	true	parsed	"[""none""]"		https://www.mhlw.go.jp/content/001226761.pdf	https://www.mhlw.go.jp/content/001228441.pdf	2024-02-18	MHLW website content under Public Data License 1.0 unless separately indicated; third-party content requires separate review
P109-182	109	182	理論	薬剤	バイオ医薬品の微粒子製剤の水への分散性を、ゼータ電位と平均粒子径から評 価した。下図の異なる pH における結果に関する記述のうち、正しいのはどれか。 2つ選べ。ただし、一次粒子の粒子径は pH により変化せず、温度は一定とする。 また、粒度分布は一峰性で十分小さく、粒子の凝集は可逆的とする。 （mV） （nm） ₂₅ ₄₅₀ ） ） ゼータ電位（ 平均粒子径（ ₀ ₃₀₀ -₂₅ ₁₅₀ ₀ ₂ ₄ ₆ ₈ ₁₀ ₁₂ pH	"[""pH ₂ で分散粒子は正に帯電している。"",""pH ₅ 付近で最も凝集性が高い。"",""pH ₆ 付近で粒子表面は電気的に中性である。"",""pH ₈ 以上で粒子は凝析している。"",""塩を加えることで pH によらず分散性を改善できる。""]"	multiChoice	[0,1]	null	normal	true	parsed	"[""none""]"		https://www.mhlw.go.jp/content/001226761.pdf	https://www.mhlw.go.jp/content/001228441.pdf	2024-02-18	MHLW website content under Public Data License 1.0 unless separately indicated; third-party content requires separate review
P109-183	109	183	理論	薬剤	下図は湿式顆粒圧縮法の製造工程である。Ａ、Ｂの単位操作で使用する装置の 組合せのうち、正しいのはどれか。1つ選べ。 篩過・分級 湿式造粒 乾燥 整粒 混合 打錠 原薬 Ａ Ｂ 添加剤 ア イ 送風 パン スプレー ボール ローラー 粉体 ウ エ スクリーン オ 排気口 ヒーター 空気入口 Ａ Ｂ	"[""ア イ"",""オ エ"",""イ ウ"",""エ オ"",""ウ ア""]"	singleChoice	2	null	normal	true	parsed	"[""none""]"		https://www.mhlw.go.jp/content/001226761.pdf	https://www.mhlw.go.jp/content/001228441.pdf	2024-02-18	MHLW website content under Public Data License 1.0 unless separately indicated; third-party content requires separate review
P109-194	109	194	理論	病態・薬物治療	ある疾患の予防薬である新薬 X の評価を行うために調査を行ったところ、プラ セボ対照無作為化二重盲検比較試験のデータが得られ、新薬 X の有効性が示され ていた（下表）。この結果から算出できる新薬 X の治療必要数（NNT）が ₂₀ であ るとき、表の（Ａ）に入る数値として適切なのはどれか。1つ選べ。 当該疾患の 当該疾患の 発症あり 発症なし 新薬 X 投与群 （Ａ）人 ₈₀₀ -（Ａ）人 ₈₀₀ 人 プラセボ 投与群 ₈₀ 人 ₇₂₀ 人 ₈₀₀ 人	"[""₁₀"",""₂₀"",""₃₀"",""₄₀"",""₅₀""]"	singleChoice	3	null	normal	true	parsed	"[""none""]"		https://www.mhlw.go.jp/content/001226761.pdf	https://www.mhlw.go.jp/content/001228441.pdf	2024-02-18	MHLW website content under Public Data License 1.0 unless separately indicated; third-party content requires separate review
P109-197	109	197	実践	実務	（物理・化学・生物） 二酸化炭素の検出法とその原理に関連する記述のうち、正しいのはどれか。2つ 選べ。	"[""検知管法は、二酸化炭素が酸性溶液に吸収される性質を利用している。"",""検知管法では、検知管に充てんした検知剤中の pH 指示薬の色の変化によって 二酸化炭素を検出する。"",""二酸化炭素は、赤外吸収スペクトル測定法でも検出できる。"",""二酸化炭素が対称伸縮振動をする場合、双極子モーメントは変化する。"",""二酸化炭素は、水素炎イオン化検出器を用いたガスクロマトグラフィーでも検 出できる。""]"	multiChoice	[1,2]	null	normal	true	parsed	"[""none""]"	P109-CASE-196	https://www.mhlw.go.jp/content/001226762.pdf	https://www.mhlw.go.jp/content/001228441.pdf	2024-02-18	MHLW website content under Public Data License 1.0 unless separately indicated; third-party content requires separate review
P109-204	109	204	実践	物理・化学・生物	−205 ₇₂ 歳女性。近医で ₂ 年前に高血圧症及びうつ病と診断され、薬物治療が開 始された。 ₁ 年前から動作緩慢となり、右上肢と左下肢に振戦を自覚するように なった。最近、振戦が強くなったため総合病院を受診したところ、パーキンソン病 が疑われた。担当医は、パーキンソン病の診断を裏付けるためイオフルパン（ I） 注射液によるドパミントランスポーターシンチグラフィーを数週間後に施行するこ とにした。担当医は薬剤師に、検査に関する注意事項の説明を依頼した。薬剤師が お薬手帳を確認したところ、以下の記載があった。 （お薬手帳の内容） フルボキサミンマレイン酸塩錠 ₇₅ mg ₁ 回 ₁ 錠（ ₁ 日 ₂ 錠） ₁日₂回 朝夕食後 ₂₈ 日分 イルベサルタン錠 ₁₀₀ mg ₁ 回 ₁ 錠（ ₁ 日 ₁ 錠） トリクロルメチアジド錠 ₁ mg ₁ 回 ₁ 錠（ ₁ 日 ₁ 錠） ₁日₁回 朝食後 ₂₈ 日分 問 204（実務） 薬剤師が患者にする説明として適切なのはどれか。2つ選べ。	"[""検査結果に影響を与えるため、検査前 ₂₄ 時間は食事を控えてください。"",""トリクロルメチアジド錠は検査結果に影響を与えることがあるので、休薬をす るかどうか医師と協議します。"",""撮影前後はできるだけ水分摂取を制限し、排尿を避けてください。"",""検査薬は検査当日しか使用できないので、確実に検査できる日を予約してくだ さい。"",""検査薬を注射してから、数時間後に頭部の撮影を実施するので、検査に少し時 間がかかります。""]"	multiChoice	[3,4]	null	normal	true	parsed	"[""none""]"	P109-CASE-204	https://www.mhlw.go.jp/content/001226762.pdf	https://www.mhlw.go.jp/content/001228441.pdf	2024-02-18	MHLW website content under Public Data License 1.0 unless separately indicated; third-party content requires separate review
P109-205	109	205	実践	実務	（物理・化学・生物） イオフルパン（123 I）注射液によるドパミントランスポーターシンチグラフィー は SPECT の ₁ つである。この診断法に関連する記述のうち、正しいのはどれか。 2つ選べ。	"[""I から放出される c 線を検出する。"",""SPECT は、放射型の CT の一種である。"",""放出される ₂ 本の消滅放射線を同時計測する。"",""イオフルパン（ I）注射液は、病院内のサイクロトロンで製造する必要がある。"",""ドパミントランスポーターに結合しなかった遊離の I を測定する。""]"	multiChoice	[0,1]	null	normal	true	parsed	"[""none""]"	P109-CASE-204	https://www.mhlw.go.jp/content/001226762.pdf	https://www.mhlw.go.jp/content/001228441.pdf	2024-02-18	MHLW website content under Public Data License 1.0 unless separately indicated; third-party content requires separate review
P109-207	109	207	実践	実務	（物理・化学・生物） ドパミンは、FAD（フラビンアデニンジヌクレオチド）を補酵素としてモノア ミン酸化酵素 B（MAOB）により代謝される。この代謝反応は、以下の図に示す機 構で進行すると考えられている。セレギリンはこの補酵素と共有結合を形成するこ とで MAOB を不可逆的に阻害する。反応①の過程でドパミンの水素アは、セレギ リンにおいては水素イに相当する。以下の記述のうち、正しいのはどれか。2つ選 べ。ただし、図中の FAD の化学構造はＲとして一部省略している。 MAOB MAOB MAOB FAD Cys R H + Cys R Cys R S S H S H N N O N N O N N O NH NH + NH H3C N H3C N H3C N O H O H H O H2N + H N H2N H 水素ア HO OH HO OH HO OH ドパミン 反応① 反応② 反応③ MAOB FADH2 Cys R S H 水素イ N N O NH H3C N H O H H CH3 HN C N C H CH3 代謝物 HO OH 炭素ウ セレギリン H2O 反応④	"[""反応①において、FAD は還元剤として働く。"",""反応②は、置換反応である。"",""反応③において、カテコール骨格をもつイミンが生成する。"",""反応④で生成する「代謝物」は、カテコール骨格をもつ第一級アミンである。"",""セレギリンは炭素ウで補酵素と共有結合を形成する。""]"	multiChoice	[2,4]	null	normal	true	parsed	"[""none""]"	P109-CASE-206	https://www.mhlw.go.jp/content/001226762.pdf	https://www.mhlw.go.jp/content/001228441.pdf	2024-02-18	MHLW website content under Public Data License 1.0 unless separately indicated; third-party content requires separate review
P109-209	109	209	実践	実務	（物理・化学・生物） 後日、同患者が再び来局し、不安やイライラが強いことから漢方薬を紹介してほ しいと依頼された。この患者に加味逍遙散 を紹介したが、この漢方薬を長期服 （注） 用する場合、留意すべき副作用として腸間膜静脈硬化症が報告されている。 （注）サイコ、シャクヤク、トウキ、ソウジュツ、ブクリョウ、サンシシ、ボタン ピ、カンゾウ、ショウキョウ、ハッカから構成される処方 この副作用の原因と考えられる生薬として正しいのはどれか。1つ選べ。なお、 写真左下のスケールバーは ₁ cm である。	[]	singleChoice	1	null	normal	true	no_choice_sequence	"[""none""]"	P109-CASE-208	https://www.mhlw.go.jp/content/001226762.pdf	https://www.mhlw.go.jp/content/001228441.pdf	2024-02-18	MHLW website content under Public Data License 1.0 unless separately indicated; third-party content requires separate review
P109-210	109	210	実践	物理・化学・生物	−211 ₄₃ 歳男性。身長 ₁₇₀ cm、体重 ₇₅ kg。双極性障害で処方 ₁ の薬剤を服用し ていた。抑うつ症状が再燃してきたため、今回、処方 ₂ が追加された処方箋と以下 の検査値が記載された情報用紙を持って患者が来局した。 （処方 ₁ ） バルプロ酸 Na 徐放錠 ₂₀₀ mg ₁ 回 ₂ 錠（ ₁ 日 ₄ 錠） 炭酸リチウム錠 ₂₀₀ mg ₁ 回 ₂ 錠（ ₁ 日 ₄ 錠） ₁日₂回 朝夕食後 ₁₄ 日分 （処方 ₂ ） ラモトリギン錠 ₂₅ mg ₁ 回 ₁ 錠（ ₁ 日 ₁ 錠） ₁日₁回 朝食後 ₁₄ 日分 （検査値） 血清クレアチニン ₁ . ₀ mg/dL、AST ₂₈ IU/L、ALT ₂₂ IU/L、 血清中リチウム濃度 ₁ . ₂ mEq/L、血清中バルプロ酸濃度 ₁₀₀ ng/mL 問 210（物理・化学・生物） バルプロ酸やラモトリギンは、どちらもグルクロン酸転移酵素で代謝される。ラ モトリギンのグルクロン酸抱合体の構造として正しいのはどれか。1つ選べ。 N グルクロン酸転移酵素 Cl N グルクロン酸抱合体 Cl H2N N NH2 ラモトリギン O OH N + Cl N OH HO OH Cl HN O HO OH H2N N NH2 O OH H N + NH Cl N O CO2H HS N + Cl N O Cl O Cl H2N N NH2 NH2 H2N N NH2 H CO2H 1 2 3 HO2C HN O O O H NH N + S N S Cl N OH + Cl N O Cl CI NH2 H2N N NH2 H2N N NH2 H CO2H 4 5	[]	singleChoice	1	null	normal	true	no_choice_sequence	"[""none""]"	P109-CASE-210	https://www.mhlw.go.jp/content/001226762.pdf	https://www.mhlw.go.jp/content/001228441.pdf	2024-02-18	MHLW website content under Public Data License 1.0 unless separately indicated; third-party content requires separate review
P109-213	109	213	実践	実務	（物理・化学・生物） カペシタビンは、段階的にフルオロウラシルに代謝されるプロドラッグである。 体内におけるカペシタビンの代謝を示した下図に関する記述のうち、正しいのはど れか。2つ選べ。 O CH3 NH2 HN O F F N N カルボキシルエステラーゼ （肝臓） O N O N H3C O H3C O H H HO CH3 + Ａ H H H H H H HO OH HO OH カペシタビン Ｂ O F HN ピリミジンヌクレオシド O シチジン O N ホスホリラーゼ F デアミナーゼ （腫瘍組織） HN H3C O H H O N H H H HO OH Ｄ フルオロウラシル Ｃ	"[""カペシタビンの点線で囲った構造は、分子の疎水性を高める。"",""Ａは二酸化炭素（CO2）である。"",""Ｂの糖部は D︲リボースである。"",""Ｃの点線で囲った酸素原子は、水に溶けている酸素分子（O2）に由来する。 H3C O H H H"",""加リン酸分解で生じるＤの構造式は H OH である。 HO OH""]"	multiChoice	[0,1]	null	normal	true	parsed	"[""none""]"	P109-CASE-212	https://www.mhlw.go.jp/content/001226762.pdf	https://www.mhlw.go.jp/content/001228441.pdf	2024-02-18	MHLW website content under Public Data License 1.0 unless separately indicated; third-party content requires separate review
P109-220	109	220	実践	物理・化学・生物	−221 ₈₉ 歳女性。体重 ₄₀ kg。高血圧症及び慢性心不全に対して処方 ₁ で薬物治 療を行っている。独居で入院拒否があるため、医師と薬剤師、看護師が訪問してい る。最近、下腿浮腫が出現し、労作時の息苦しさや疲労感が強くなってきたため、 血液検査を実施したところ、脳性ナトリウム利尿ペプチド前駆体 N 端フラグメン ト（NT︲proBNP）値が ₃ ケ月前の ₄₅₀ pg/mL から下記の検査値になっていた。 （処方 ₁ ） エナラプリルマレイン酸塩錠 ₅ mg ₁ 回 ₁ 錠（ ₁ 日 ₁ 錠） ビソプロロールフマル酸塩錠 ₀ . ₆₂₅ mg ₁ 回 ₁ 錠（ ₁ 日 ₁ 錠） アゾセミド錠 ₆₀ mg ₁ 回 ₁ 錠（ ₁ 日 ₁ 錠） スピロノラクトン錠 ₅₀ mg ₁ 回 ₁ 錠（ ₁ 日 ₁ 錠） ₁日₁回 朝食後 ₁₄ 日分 （検査値） Na ₁₄₁ mEq/L、K ₄ . ₈ mEq/L、eGFR ₅₄ mL/min/₁ . ₇₃ m2、 NT︲proBNP ₁ , ₁₈₀ pg/mL ※なお、NT︲proBNP 値 ₉₀₀ pg/mL 以上は治療対象となる心不全の可能性が 高い。 その後、訪問医は継続中だった処方 ₁ のうち、エナラプリルのみを中止して、新 たに処方 ₂ を追加した。 （処方 ₂ ） サクビトリルバルサルタン Na 水和物錠 ₅₀ mg ₁ 回 ₁ 錠（ ₁ 日 ₂ 錠） ₁日₂回 朝夕食後 ₇ 日分 問 220（物理・化学・生物） 下図は、脳性ナトリウム利尿ペプチド（BNP）の生成と代謝の過程を示してい る。BNP は、mRNA から BNP 前駆体タンパク質として翻訳された後、切断され て血中に分泌される。サクビトリルが阻害する酵素ネプリライシンの作用部位は、 切断 ₁ ～ ₃ のいずれかである。以下の記述のうち、正しいのはどれか。2つ選べ。 切断 ₁ ₁ ₁₃₄ BNP 前駆体タンパク質 切断 ₂ ₁ ₂₆ ₂₇ ₁₃₄ ペプチドＡ 切断 ₃ ₂₇ ₁₀₂ ₁₀₃ ₁₃₄ ペプチドＢ BNP ₁₀₃ ₁₀₆ ₁₀₇ ₁₃₄ ペプチドＣ	"[""BNP と NT︲proBNP は、主に心室から分泌される。"",""NT︲proBNP は、図のペプチドＡである。"",""BNP は、NT︲proBNP よりも血液中での安定性が高い。"",""ネプリライシンの作用部位は、切断 ₃ である。"",""NT︲proBNP は、BNP と同様に腎臓に作用して Na の尿中への排出を促進する。 +""]"	multiChoice	[0,3]	null	normal	true	parsed	"[""none""]"	P109-CASE-220	https://www.mhlw.go.jp/content/001226762.pdf	https://www.mhlw.go.jp/content/001228441.pdf	2024-02-18	MHLW website content under Public Data License 1.0 unless separately indicated; third-party content requires separate review
P109-230	109	230	実践	衛生	−231 ₅₆ 歳男性。₃₀ 歳から印刷会社に勤務している。 ₆ ケ月ごとに実施される 特定化学物質健康診断を受診したところ、第一次検査の結果は以下のとおりであっ た。 （第一次検査の検査値） 身長 ₁₆₅ cm、体重 ₆₂ . ₅ kg、体温 ₃₆ . ₆ ℃、血圧 ₁₂₂/₈₃ mmHg、 脈拍 ₇₆ 拍/分、AST ₄₀ IU/L、ALT ₄₆ IU/L、c︲GTP ₉₅ IU/L 第二次検査として、腹部の超音波による検査等の画像検査、呼気中の一酸化炭素 量の測定、血清間接ビリルビン及び血液中の腫瘍マーカーの検査を受けた。 （第二次検査の検査値（一部抜粋）） 血清間接ビリルビン ₀ . ₉₇ mg/dL（総ビリルビン ₁ . ₈₁ mg/dL、直接ビリルビン ₀ . ₈₄ mg/dL）、胆道がんの腫瘍マーカー陽性 画像検査で胆道に腫瘍が見つかった。 問 230（実務） 本症例で陽性となった胆道がんの腫瘍マーカーはどれか。1つ選べ。	"[""NSE（neuron specific enolase）"",""PSA（prostate specific antigen）"",""CYFRA ₂₁︲₁（cytokeratin ₁₉ fragment antigen）"",""CA ₁₉︲₉（carbohydrate antigen ₁₉︲₉）"",""SCC 抗原（squamous cell carcinoma related antigen）""]"	singleChoice	3	null	normal	true	parsed	"[""none""]"	P109-CASE-230	https://www.mhlw.go.jp/content/001226762.pdf	https://www.mhlw.go.jp/content/001228441.pdf	2024-02-18	MHLW website content under Public Data License 1.0 unless separately indicated; third-party content requires separate review
P109-231	109	231	実践	実務	（衛生） この男性は第二次検査の結果から、最終的に胆道がんと診断された。その原因と なった可能性が高いと考えられる化学物質はどれか。2つ選べ。 1 2 3 CH3 Cl Cl Cl Cl NH2 CH3 4 5 O Cl P CH3 H2N NH2 O O O Cl Cl Cl CH3	[]	multiChoice	[0,2]	null	normal	true	no_choice_sequence	"[""none""]"	P109-CASE-230	https://www.mhlw.go.jp/content/001226762.pdf	https://www.mhlw.go.jp/content/001228441.pdf	2024-02-18	MHLW website content under Public Data License 1.0 unless separately indicated; third-party content requires separate review
P109-237	109	237	実践	実務	（衛生） この経口補水液に表示されているマークはどれか。1つ選べ。 1 2 3 4 5	[]	singleChoice	3	null	normal	true	no_choice_sequence	"[""none""]"	P109-CASE-236	https://www.mhlw.go.jp/content/001226762.pdf	https://www.mhlw.go.jp/content/001228441.pdf	2024-02-18	MHLW website content under Public Data License 1.0 unless separately indicated; third-party content requires separate review
P109-242	109	242	実践	衛生	−243 ある市立中学校で、線状降水帯による大雨のため床下浸水の被害が発生 し、休校となった。この学校では、市から供給される水道水のみを水源とし、地下 の受水槽に一旦貯めたのちに、高置水槽に揚水して給水栓に飲料水を供給してい る。学校を再開するにあたり、臨時検査として給水栓の飲料水の水質を検査するこ とになり、学校薬剤師が以下の項目について検査を行った。 検査項目：一般細菌、大腸菌、塩化物イオン、全有機炭素（TOC）の量、pH 値、 味、臭気、色度、濁度及び遊離残留塩素 下表は学校薬剤師が採水時に測定した項目及び検査機関で測定した項目の検査結 果である。直近の定期検査は災害の ₂ ケ月前に実施したものである。 検査結果 検査項目 直近の定期検査 臨時検査 一般細菌 不検出 ₂ , ₈₀₀ 個/mL 大腸菌 不検出 不検出 塩化物イオン ₁₂ . ₄ mg/L ₃₁ . ₀ mg/L 全有機炭素（TOC） ₀ . ₅₂ mg/L ₀ . ₆₈ mg/L pH 値 ₇.₂ ₆.₅ 味 異常なし 異常なし 臭気 異常なし 異常なし 色度 ₁ 度未満 ₁ 度未満 濁度 ₀ . ₁ 度未満 ₀.₆ 度 遊離残留塩素 ₀ . ₃ mg/L ₀ . ₀₅ mg/L 問 242（衛生） 検査を行った項目のうち、次の試薬Ａ～Ｃを用いる項目の組合せとして正しいの はどれか。1つ選べ。 試薬Ａ 試薬Ｂ 試薬Ｃ NH2 O O O O O HO H3C N AgNO3 HO OH H3C OH CH3 試薬Ａ 試薬Ｂ 試薬Ｃ	"[""大腸菌 一般細菌 pH 値"",""遊離残留塩素 一般細菌 塩化物イオン"",""塩化物イオン 大腸菌 pH 値"",""遊離残留塩素 大腸菌 塩化物イオン"",""大腸菌 pH 値 遊離残留塩素""]"	singleChoice	3	null	normal	true	parsed	"[""none""]"	P109-CASE-242	https://www.mhlw.go.jp/content/001226762.pdf	https://www.mhlw.go.jp/content/001228441.pdf	2024-02-18	MHLW website content under Public Data License 1.0 unless separately indicated; third-party content requires separate review
P109-268	109	268	実践	薬剤	−269 ₄₃ 歳男性。既婚で妻と二人暮らし。糖尿病治療のため、インスリンの自己 注射を行っている。インスリン療法開始から ₁ 年程度経過し、血糖値は正常値に近 づいてきた。しかし、食事をとらずに注射したときや入浴中の低血糖症状による意 識障害により、救急搬送を何度か経験しており、グルカゴン注射液を家族が投与で きるよう ₃ ケ月前に処方（処方 ₁ ）された。しかし、その後重症低血糖による意識 障害を起こしている本人を前にして、妻が注射液の調製を失敗してしまい、救急車 を待つことしかできなかった。そこで、今後の低血糖対策として、グルカゴン点鼻 粉末剤（処方 ₂ ）を使用できるよう、妻同席のもと医師による説明が実施され、薬 剤部には薬剤の使用方法等について説明の依頼があった。 （処方 ₁ ） グルカゴン（遺伝子組換え）注射用 ₁ mg ₁回₁本 （溶解用注射用水 ₁ mL 添付してください） 低血糖時 注射用水で溶解後に筋注 ₁ 回分 （処方 ₂ ） グルカゴン点鼻粉末剤 ₃ mg ₁回₁個 低血糖時 鼻腔内に噴霧 ₁ 回分 問 268（薬剤） 下図は処方 ₁ と処方 ₂ の薬剤投与時の、血漿中グルカゴン濃度（Ａ）と血中グル コース濃度（Ｂ）の時間推移をそれぞれ示したものである。次の記述のうち、正し いのはどれか。2つ選べ。 Ａ ₁₄₀₀₀ 処方 ₁ ₁₂₀₀₀ 血漿中グルカゴン濃度（pg/mL） 処方 ₂ ₁₀₀₀₀ ₈₀₀₀ ₆₀₀₀ ₄₀₀₀ ₂₀₀₀ ₀ ₀.₀ ₀.₅ ₁.₀ ₁.₅ ₂.₀ ₂.₅ ₃.₀ ₃.₅ ₄.₀ 時間（h） Ｂ ₂₅₀ 処方 ₁ 処方 ₂ 血中グルコース濃度（mg/dL） ₂₀₀ ₁₅₀ ₁₀₀ ₅₀ ₀ ₀ ₁₀ ₂₀ ₃₀ ₄₀ ₅₀ ₆₀ ₇₀ ₈₀ ₉₀ 時間（min） 図 各薬剤投与後の血漿中グルカゴン濃度（Ａ）と血中グルコース濃度（Ｂ） の時間推移	"[""処方 ₁ で投与した場合のグルカゴンの最高血漿中濃度到達時間は ₃₀ 分である。"",""処方 ₁ で投与した場合の投与後 ₆₀ 分までの血中グルコース濃度の上昇推移 は、処方 ₂ で投与した場合とほぼ等しい。"",""処方 ₂ で投与した場合、グルカゴンは鼻粘膜より直接体循環に移行し、肝臓で の初回通過効果を回避することができる。"",""処方 ₂ で投与する場合に処方 ₁ の場合と同等の血中グルコース濃度上昇作用を 得るためには、同用量のグルカゴンが必要である。"",""処方 ₂ で投与した場合、投与後 ₃₀ 分までの血中グルコース濃度は約 ₇₀ mg/dL であり、最大血中グルコース濃度は ₁₄₀ mg/dL を超える値まで上昇する。""]"	multiChoice	[1,2]	null	normal	true	parsed	"[""none""]"	P109-CASE-268	https://www.mhlw.go.jp/content/001226763.pdf	https://www.mhlw.go.jp/content/001228441.pdf	2024-02-18	MHLW website content under Public Data License 1.0 unless separately indicated; third-party content requires separate review
P109-270	109	270	実践	薬剤	−271 ₇₃ 歳男性。体重 ₆₀ kg。慢性気管支炎のため、長期治療（エンクラッセ ₆₂ . ₅ ng エリプタ ₃₀ 吸入用 、 ₁ 日 ₁ 回 ₁ 吸入）を実施中である。咳嗽症状が悪 （注） 化し、₃₉ ℃以上の発熱、茶色の喀痰症状があり、肺炎疑いのため、入院加療と なった。 最近では肺炎を繰り返しており、精査を行ったところ、末梢血好酸球増加、アス ペルギルスの抗体検査及び喀痰検査陽性、レントゲン画像所見などから、アレル ギー性気管支肺アスペルギルス症と診断され、ボリコナゾール ₂₀₀ mg 静注用を投 与することとなった。投与量は、ボリコナゾールとして初日は ₁ 回 ₆ mg/kg を ₁ 日 ₂ 回、 ₂ 日目以降は ₁ 回 ₃ mg/kg を ₁ 日 ₂ 回とした。投与開始から ₄ 日目と ₈ 日 目に血中濃度を測定した。測定結果がわかるまでに数日を要することから、病棟カ ンファレンスにおいて、薬物治療に関する確認事項を共有した。 （注） ₁ 吸入でウメクリジニウムとして ₆₂ . ₅ ng を吸入できるドライパウダー吸入 剤 問 270（実務） ボリコナゾールの TDM 結果の解析に向けて、薬物の体内動態と血中濃度の個人 差について共有しておくべき情報として、正しいのはどれか。2つ選べ。	"[""トラフ値が目標値を超える場合は、肝機能障害に注意する。"",""ウメクリジニウムにより代謝酵素の阻害を受けるため、併用には注意が必要で ある。"",""主となる代謝酵素は、日本人の人口の約 ₅₀％が poor metabolizer である。"",""中等度の腎機能低下時には、注射剤中の添加剤の蓄積による腎機能悪化に注意 が必要である。"",""₂ 日目以降に同じ投与量を繰り返した場合、代謝酵素の誘導を起こして血中濃 度は上昇する。""]"	multiChoice	[0,3]	null	normal	true	parsed	"[""none""]"	P109-CASE-270	https://www.mhlw.go.jp/content/001226763.pdf	https://www.mhlw.go.jp/content/001228441.pdf	2024-02-18	MHLW website content under Public Data License 1.0 unless separately indicated; third-party content requires separate review
P109-283	109	283	実践	実務	（薬剤） 患児の母親への服薬指導にあたって、事前に処方 ₃ のツロブテロールテープ剤に 関する医薬品情報を調べたところ、有効成分及び製剤に関して、以下の情報が得ら れた。 ツロブテロール経皮吸収型テープ 製剤断面図（模式図） 支持体 粘着性膏体 ライナー ：ツロブテロール分子 ：ツロブテロール結晶 有効成分 ツロブテロール H OH H N CH3 構造式 H3C CH3 Cl 及び鏡像異性体 分子量：₂₂₇ . ₇₃ ・融点：₉₀～₉₃ ℃ ・pKa：₉ . ₇₄ 物理化学的性質 ・分配係数（₃₇ ℃）：₆ . ₆₆（ ₁︲オクタノール/pH ₇ . ₄₀ 緩衝液） ・血清タンパク質結合率（in vitro）：₂₈ . ₁％ 上記の情報に基づいて、本製剤を患児に単回貼付して ₂₄ 時間後に剥離した場合 の血清中薬物濃度の時間推移のパターンを予測したグラフとして、最も適切なのは どれか。1つ選べ。なお、小児（喘息児 ₅ 名）にツロブテロールドライシロップ剤 ₂₀ mg/kg（ツロブテロール塩酸塩として ₀ . ₀₂ mg/kg）を経口投与した場合の体内 半減期は、インタビューフォームから ₃ . ₅₆ 時間であった。 剥離 血清中ツロブテロール濃度 （ng/mL） ₀ ₀ ₄ ₈ ₁₂ ₂₄ ₃₆ ₄₈ 貼付後時間（h） 血清中ツロブテロール濃度 剥離 （ng/mL） ₀ ₀ ₄ ₈ ₁₂ ₂₄ ₃₆ ₄₈ 貼付後時間（h） 血清中ツロブテロール濃度 剥離 （ng/mL） ₀ ₀ ₄ ₈ ₁₂ ₂₄ ₃₆ ₄₈ 貼付後時間（h） 剥離 血清中ツロブテロール濃度 （ng/mL） ₀ ₀ ₄ ₈ ₁₂ ₂₄ ₃₆ ₄₈ 貼付後時間（h） 血清中ツロブテロール濃度 （ng/mL） 剥離 ₀ ₀ ₄ ₈ ₁₂ ₂₄ ₃₆ ₄₈ 貼付後時間（h）	[]	singleChoice	1	null	normal	true	no_choice_sequence	"[""none""]"	P109-CASE-282	https://www.mhlw.go.jp/content/001226763.pdf	https://www.mhlw.go.jp/content/001228441.pdf	2024-02-18	MHLW website content under Public Data License 1.0 unless separately indicated; third-party content requires separate review
P109-285	109	285	実践	実務	（薬剤） 前問で処方された内服薬は、注射剤であるガンシクロビルの消化管吸収を改善す ることによって経口製剤化した医薬品である。有効成分の吸収に影響する因子を考 慮するために、構造式及び物性値から主たる吸収改善の機構を推定した。最も適当 なのはどれか。1つ選べ。 バルガンシクロビル塩酸塩の構造式： H2N OH O O O H H2N N N N N O ・HCl pKa：約 ₇ . ₆ 分配係数：₀ . ₀₀₉₅（₁︲オクタノール/pH ₆ . ₉₆ 緩衝液）	"[""塩の形成による溶解性の改善"",""疎水性を高めることによる受動輸送の改善"",""腸内細菌による活性体への変換"",""ペプチドトランスポーターの基質となる化学修飾"",""P︲糖タンパク質による能動輸送の促進""]"	singleChoice	3	null	normal	true	parsed	"[""none""]"	P109-CASE-284	https://www.mhlw.go.jp/content/001226763.pdf	https://www.mhlw.go.jp/content/001228441.pdf	2024-02-18	MHLW website content under Public Data License 1.0 unless separately indicated; third-party content requires separate review
P109-290	109	290	実践	病態・薬物治療	−291 ₇₉ 歳女性。 ₃ 年前、階段を昇る時に息切れを感じるようになり受診したと ころ、胸部レントゲン写真で心拡大と肺うっ血を認め、心エコー検査等の結果、慢 性心不全と診断された。処方 ₁ と処方 ₂ で治療されていたが、慢性心不全の増悪に より入院した。その後、処方 ₁ を処方 ₃ へ変更し目立った副作用なく病態が安定し た。医師は検査値等を確認し、さらに処方 ₄ を退院時に追加し退院することになっ た。退院時の検査値等は以下のとおりである。 （処方 ₁ ） エナラプリルマレイン酸塩錠 ₅ mg ₁ 回 ₂ 錠（ ₁ 日 ₂ 錠） ₁日₁回 朝食後 ₃₀ 日分 （処方 ₂ ） ビソプロロールフマル酸塩錠 ₂ . ₅ mg ₁ 回 ₁ 錠（ ₁ 日 ₁ 錠） ₁日₁回 朝食後 ₃₀ 日分 エプレレノン錠 ₂₅ mg ₁ 回 ₁ 錠（ ₁ 日 ₁ 錠） ₁日₁回 朝食後 ₃₀ 日分 （処方 ₃ ） サクビトリルバルサルタン錠 ₅₀ mg ₁ 回 ₁ 錠（ ₁ 日 ₂ 錠） ₁日₂回 朝夕食後 ₃₀ 日分 （処方 ₄ ） ダパグリフロジンプロピレングリコール水和物錠 ₁₀ mg ₁ 回 ₁ 錠（ ₁ 日 ₁ 錠） ₁日₁回 朝食後 ₃₀ 日分 （検査値） 血圧 ₁₁₀/₇₀ mmHg、心拍 ₆₀ 拍/分、AST ₂₀ IU/L、ALT ₁₀ IU/L、 BUN ₁₅ mg/dL、血清クレアチニン ₀ . ₈ mg/dL、Na ₁₄₂ mEq/L、 K ₄ . ₁ mEq/L、Cl ₁₀₂ mEq/L、血清 NT︲pro BNP ₁ , ₂₀₀ pg/mL、 左室駆出率（LVEF）₃₅％、空腹時血糖 ₁₀₂ mg/dL、HbA₁c ₅ . ₈％ 問 290（病態・薬物治療） この患者の病態と治療に関する記述として、正しいのはどれか。2つ選べ。	"[""心臓の拡張不全が主体で、収縮不全はみられない。"",""息切れと肺うっ血は、左心不全に起因する症状である。"",""患者の呼吸症状が改善したので、ビソプロロールを減量すべきである。"",""ダパグリフロジンは、高血糖の改善を目的に追加処方されている。"",""血清カリウム値を定期的に測定する。""]"	multiChoice	[1,4]	null	normal	true	parsed	"[""none""]"	P109-CASE-290	https://www.mhlw.go.jp/content/001226764.pdf	https://www.mhlw.go.jp/content/001228441.pdf	2024-02-18	MHLW website content under Public Data License 1.0 unless separately indicated; third-party content requires separate review
P109-307	109	307	実践	実務	（実務） 薬学部学生がこの患者のインスリン自己免疫症候群について作成した、下図の医 薬品安全性情報報告書案を指導薬剤師が確認したところ、不適切な記載を ₁ ケ所発 見した。それはどれか。1つ選べ。 ＜学生が作成した医薬品安全性情報報告書案＞ 1 2 3	[]	singleChoice	2	null	normal	true	no_choice_sequence	"[""none""]"	P109-CASE-306	https://www.mhlw.go.jp/content/001226764.pdf	https://www.mhlw.go.jp/content/001228441.pdf	2024-02-18	MHLW website content under Public Data License 1.0 unless separately indicated; third-party content requires separate review
P109-325	109	325	実践	実務	（実務） この競技者から症状を詳しく聴取したところ、一般用医薬品で対応したほうがよ いと判断された。鼻炎に効果がある一般用医薬品のうち、ドーピング禁止物質を含 む医薬品はどれか。2つ選べ。 番号 成分 クロルフェニラミンマレイン酸塩、フェニレフリン塩酸塩、ベラドンナ総 アルカロイド、グリチルリチン酸、無水カフェイン クロルフェニラミンマレイン酸塩、塩酸プソイドエフェドリン、ベラドン ナ総アルカロイド、トラネキサム酸、無水カフェイン 3 セチリジン塩酸塩 4 メキタジン ハンゲ、カンキョウ、カンゾウ、ケイヒ、ゴミシ、サイシン、シャクヤク、 マオウ 一般問題（薬学実践問題）【実務】	[]	multiChoice	[1,4]	null	normal	true	no_choice_sequence	"[""none""]"	P109-CASE-324	https://www.mhlw.go.jp/content/001226764.pdf	https://www.mhlw.go.jp/content/001228441.pdf	2024-02-18	MHLW website content under Public Data License 1.0 unless separately indicated; third-party content requires separate review
P109-330	109	330	実践	実務	₂₈ 歳女性。体重 ₅₀ kg。 ₅ 年前に双極性障害と診断され、近隣の精神科通院加 療中であった。炭酸リチウム ₈₀₀ mg（₂₁ . ₆ mEq）/日の内服でコントロール良好で あった（血清リチウム濃度：₀ . ₈～₁ . ₀ mEq/L）が、夫と口論になりその後希死念 慮を認めた。翌朝午前 ₅ 時ごろに炭酸リチウム錠 ₂₀₀ mg を ₁₀₀ 錠過量服用した。 その後、夫からの通報で救急搬送され、直ちに経鼻胃管による胃洗浄等の処置を施 したが心電図で QT 延長を認めたことから、リチウム中毒を疑い、入院の上で同日 ₁₆ 時より持続的血液透析（CHD）を開始した。来院時に ₁ . ₆ mEq/L であった血清 リチウム濃度は CHD 開始時には ₃ . ₆ mEq/L に上昇していた。その後、₂₀ 時、₂₂ 時、翌日 ₁₂ 時に採血と心電図検査を実施した。患者の経過を図に示す。 （来院時所見等） 血圧 ₇₅/₄₅ mmHg、脈拍 ₉₂ 拍/分、 QTc（Bazett 補正式）₀ . ₄₅₅ 秒（基準値：₀ . ₃₆ 秒以上 ₀ . ₄₄ 秒未満）、 血清リチウム濃度 ₁ . ₆ mEq/L（有効治療域：₀ . ₆～₁ . ₂ mEq/L）、 血清クレアチニン ₀ . ₇₅ mg/dL、Na ₁₄₀ mEq/L、K ₃ . ₈ mEq/L ₄.₀ ₀ . ₅₀ ₀ . ₄₉₂ ₂₀：₀₀ ₃.₆ 血清リチウム濃度（mEq/mL） ₀ . ₄₈ ₀ . ₄₇₇ ₃.₀ ₀ . ₄₆₈ QTc 時間（秒） ₂ . ₇₆ ₂ . ₄₂ ₀ . ₄₆ ₂ . ₀ ₀ . ₄₅₅ ₂₂：₀₀ ₁.₆ ₀ . ₄₄₄ ₀ . ₄₄ ₁.₀ ₆：₀₀ 救急搬送 ₁₆：₀₀ ₀ . ₉₆ ₀ . ₄₂ CHD ₁₂：₀₀ 入院 ₁₂：₀₀ ₀.₀ ₀ . ₄₀ 第 ₁ 病日 第 ₂ 病日 第 ₃ 病日 CHD は第 ₂ 病日 ₁₂ 時に離脱、経過観察とした。第 ₃ 病日 ₁₂ 時の心電図では QTc は ₀ . ₄₃₁ 秒にまで改善し、患者の容態も安定した。 担当薬剤師のこの患者に対するアセスメント等として適切なのはどれか。2つ選 べ。ただし、CHD 離脱によって炭酸リチウムの全身クリアランスは半分になるこ と、炭酸リチウムの分布容積は CHD によらず ₀ . ₈₄ L/kg とする。	"[""服用した炭酸リチウムの半分に相当する量が吸収されていた。"",""腸に達した炭酸リチウム除去のための薬用炭投与は無効である。"",""CHD の離脱時には心電図は正常化している。"",""リチウムの体内動態は非線形性を特徴とする。"",""第 ₃ 病日 ₁₂ 時の血清リチウム濃度は ₀ . ₅ mEq/L 未満と推定される。""]"	singleChoice	null	null	excluded	true	parsed	"[""graph_axis_unit""]"		https://www.mhlw.go.jp/content/001226764.pdf	https://www.mhlw.go.jp/content/001228441.pdf	2024-02-18	MHLW website content under Public Data License 1.0 unless separately indicated; third-party content requires separate review
