id	sourceExam	questionNo	subject	domain	question	choices_json	answer_type	answer_json	accepted_answers_json	scoring_status	requires_media	choiceParseStatus	correctionStatus_json	caseGroupId	source_url	answer_source_url	effective_date	rights_basis
P110-002	110	2	必須	物理・化学・生物	熱力学における「閉じた系」において、熱、物質及び仕事のうち、外界とやりと りができるものだけをすべて挙げたのはどれか。1つ選べ。	"[""熱"",""物質"",""仕事"",""熱、仕事"",""物質、仕事"",""熱、物質""]"	singleChoice	3	null	normal	false	parsed	"[""none""]"		https://www.mhlw.go.jp/content/001455149.pdf	https://www.mhlw.go.jp/content/001458551.pdf	2025-02-23	MHLW website content under Public Data License 1.0 unless separately indicated; third-party content requires separate review
P110-004	110	4	必須	物理・化学・生物	スピン量子数が ₁/₂ である原子核が外部磁場の中に置かれると、そのエネルギー が ₂ つのエネルギー準位に分かれることを表しているのはどれか。1つ選べ。	"[""化学シフト"",""McLafferty（マクラファティー）転位"",""ラジカル開裂"",""超微細分裂"",""ゼーマン分裂""]"	singleChoice	4	null	normal	false	parsed	"[""none""]"		https://www.mhlw.go.jp/content/001455149.pdf	https://www.mhlw.go.jp/content/001458551.pdf	2025-02-23	MHLW website content under Public Data License 1.0 unless separately indicated; third-party content requires separate review
P110-005	110	5	必須	物理・化学・生物	溶媒中で解離しない薬物Ｘを ₅₀ mmol 含む水溶液 ₁₀₀ mL に酢酸エチルを加えて 振とう、静置したところ、二液相に分相し、酢酸エチル相中のＸは ₄₅ mmol で あった。Ｘの分配係数（酢酸エチル相中の濃度/水相中の濃度）を ₁₈ とすると、酢 酸エチル相の体積はどれか。1つ選べ。 た だ し、 分 配 に 用 い る 溶 媒 は 互 い の 溶 媒 で 飽 和 さ れ て お り、 水 相の 体 積 は ₁₀₀ mL とする。	"[""₅₀ mL"",""₁₀₀ mL"",""₁₅₀ mL"",""₂₀₀ mL"",""₂₅₀ mL""]"	singleChoice	0	null	normal	false	parsed	"[""none""]"		https://www.mhlw.go.jp/content/001455149.pdf	https://www.mhlw.go.jp/content/001458551.pdf	2025-02-23	MHLW website content under Public Data License 1.0 unless separately indicated; third-party content requires separate review
P110-007	110	7	必須	物理・化学・生物	以下の薬物に含まれる金属元素Ｍとして適切なのはどれか。1つ選べ。 H OH N O O M OH N H O NH H2N	"[""Li"",""Mg"",""Al"",""Ca"",""Zn""]"	singleChoice	2	null	normal	false	parsed	"[""none""]"		https://www.mhlw.go.jp/content/001455149.pdf	https://www.mhlw.go.jp/content/001458551.pdf	2025-02-23	MHLW website content under Public Data License 1.0 unless separately indicated; third-party content requires separate review
P110-010	110	10	必須	物理・化学・生物	ビンクリスチンの生合成前駆体となるアミノ酸はどれか。1つ選べ。 HO CH3 N H CH3 N O H H N O CH3 H O O O N H CH3 O CH3 OH CHO O CH3 ビンクリスチン	"[""オルニチン"",""チロシン"",""トリプトファン"",""フェニルアラニン"",""リシン""]"	singleChoice	2	null	normal	false	parsed	"[""none""]"		https://www.mhlw.go.jp/content/001455149.pdf	https://www.mhlw.go.jp/content/001458551.pdf	2025-02-23	MHLW website content under Public Data License 1.0 unless separately indicated; third-party content requires separate review
P110-011	110	11	必須	物理・化学・生物	血管平滑筋細胞を持たず血管内皮細胞と基底膜から構成され、栄養成分や老廃 物の物質交換が行われるのはどれか。1つ選べ。	"[""大動脈"",""細動脈"",""毛細血管"",""大静脈"",""胸管""]"	singleChoice	2	null	normal	false	parsed	"[""none""]"		https://www.mhlw.go.jp/content/001455149.pdf	https://www.mhlw.go.jp/content/001458551.pdf	2025-02-23	MHLW website content under Public Data License 1.0 unless separately indicated; third-party content requires separate review
P110-013	110	13	必須	物理・化学・生物	真核生物において、転写開始の際に RNA ポリメラーゼⅡの結合に必要な DNA 上の領域はどれか。1つ選べ。	"[""イントロン"",""エクソン"",""プロモーター"",""テロメア"",""ターミネーター""]"	singleChoice	2	null	normal	false	parsed	"[""none""]"		https://www.mhlw.go.jp/content/001455149.pdf	https://www.mhlw.go.jp/content/001458551.pdf	2025-02-23	MHLW website content under Public Data License 1.0 unless separately indicated; third-party content requires separate review
P110-014	110	14	必須	物理・化学・生物	オステオカルシンとカルシウムイオンが結合できるようにする、グルタミン酸 残基に対する翻訳後修飾はどれか。1つ選べ。	"[""アセチル化"",""メチル化"",""ミリストイル化"",""リン酸化"",""カルボキシ化""]"	singleChoice	4	null	normal	false	parsed	"[""none""]"		https://www.mhlw.go.jp/content/001455149.pdf	https://www.mhlw.go.jp/content/001458551.pdf	2025-02-23	MHLW website content under Public Data License 1.0 unless separately indicated; third-party content requires separate review
P110-015	110	15	必須	物理・化学・生物	ウイルスゲノムを中心としてその周囲を取り囲むタンパク質の壳はどれか。 1つ選べ。	"[""エンベロープ"",""カプシド"",""コア"",""スパイク"",""ビリオン 必須問題 【衛生】""]"	singleChoice	1	null	normal	false	parsed	"[""none""]"		https://www.mhlw.go.jp/content/001455149.pdf	https://www.mhlw.go.jp/content/001458551.pdf	2025-02-23	MHLW website content under Public Data License 1.0 unless separately indicated; third-party content requires separate review
P110-017	110	17	必須	衛生	再興感染症はどれか。1つ選べ。	"[""結核"",""クリプトスポリジウム症"",""重症急性呼吸器症候群（SARS）"",""レジオネラ症"",""ロタウイルス感染症""]"	singleChoice	0	null	normal	false	parsed	"[""none""]"		https://www.mhlw.go.jp/content/001455149.pdf	https://www.mhlw.go.jp/content/001458551.pdf	2025-02-23	MHLW website content under Public Data License 1.0 unless separately indicated; third-party content requires separate review
P110-018	110	18	必須	衛生	有害物質の経皮曝露を防ぐために化学防護手袋を使用することは、労働衛生の ₅ 管理のうち、どれに該当するか。1つ選べ。	"[""総括管理"",""健康管理"",""作業管理"",""労働衛生教育"",""作業環境管理""]"	singleChoice	2	null	normal	false	parsed	"[""none""]"		https://www.mhlw.go.jp/content/001455149.pdf	https://www.mhlw.go.jp/content/001458551.pdf	2025-02-23	MHLW website content under Public Data License 1.0 unless separately indicated; third-party content requires separate review
P110-020	110	20	必須	衛生	コウジカビ Aspergillus flavus が産生する主要な肝発がん物質はどれか。1つ選べ。	"[""シトリニン"",""パツリン"",""アフラトキシン B 1"",""フモニシン B 1"",""デオキシニバレノール""]"	singleChoice	2	null	normal	false	parsed	"[""none""]"		https://www.mhlw.go.jp/content/001455149.pdf	https://www.mhlw.go.jp/content/001458551.pdf	2025-02-23	MHLW website content under Public Data License 1.0 unless separately indicated; third-party content requires separate review
P110-021	110	21	必須	衛生	主に非意図的に生成することから化審法 で規制されていないのはどれか。 （注） 1つ選べ。 （注）化審法：化学物質の審査及び製造等の規制に関する法律	"[""ポリ塩化ジベンゾ︲p︲ジオキシン"",""ポリ塩化ビフェニル"",""ペルフルオロ（オクタン︲₁︲スルホン酸）"",""ヘキサブロモビフェニル"",""ビス（トリブチルスズ）= オキシド""]"	singleChoice	0	null	normal	false	parsed	"[""none""]"		https://www.mhlw.go.jp/content/001455149.pdf	https://www.mhlw.go.jp/content/001458551.pdf	2025-02-23	MHLW website content under Public Data License 1.0 unless separately indicated; third-party content requires separate review
P110-022	110	22	必須	衛生	非電離放射線のうち、眼の水晶体タンパク質の変性によってガラス工白内障を 引き起こすのはどれか。1つ選べ。	"[""UVA"",""UVB"",""UVC"",""赤外線"",""可視光線""]"	singleChoice	3	null	normal	false	parsed	"[""none""]"		https://www.mhlw.go.jp/content/001455149.pdf	https://www.mhlw.go.jp/content/001458551.pdf	2025-02-23	MHLW website content under Public Data License 1.0 unless separately indicated; third-party content requires separate review
P110-024	110	24	必須	衛生	湖沼で藍藻類や放線菌が産生するカビ臭の原因物質はどれか。1つ選べ。	"[""クロラミン"",""ジェオスミン"",""トリハロメタン"",""クロロフェノール"",""ミクロシスチン""]"	singleChoice	1	null	normal	false	parsed	"[""none""]"		https://www.mhlw.go.jp/content/001455149.pdf	https://www.mhlw.go.jp/content/001458551.pdf	2025-02-23	MHLW website content under Public Data License 1.0 unless separately indicated; third-party content requires separate review
P110-025	110	25	必須	衛生	逆転層は大気汚染物質の滞留を引き起こす。盆地や谷間などの低地に冷たい空 気が流入して発生するのはどれか。1つ選べ。	"[""沈降性逆転層"",""地形性逆転層"",""放射性逆転層"",""移流性逆転層"",""前線性逆転層 必須問題 【薬理】""]"	singleChoice	1	null	normal	false	parsed	"[""none""]"		https://www.mhlw.go.jp/content/001455149.pdf	https://www.mhlw.go.jp/content/001458551.pdf	2025-02-23	MHLW website content under Public Data License 1.0 unless separately indicated; third-party content requires separate review
P110-027	110	27	必須	薬理	フェニレフリンの昇圧作用の機序はどれか。1つ選べ。	"[""アドレナリン a1 受容体刺激"",""アドレナリン a2 受容体遮断"",""アドレナリン b1 受容体刺激"",""カテコール︲O ︲メチルトランスフェラーゼ阻害"",""ノルアドレナリン再取り込み阻害""]"	singleChoice	0	null	normal	false	parsed	"[""none""]"		https://www.mhlw.go.jp/content/001455149.pdf	https://www.mhlw.go.jp/content/001458551.pdf	2025-02-23	MHLW website content under Public Data License 1.0 unless separately indicated; third-party content requires separate review
P110-028	110	28	必須	薬理	ピロカルピンが毛様体筋を収縮させる機序はどれか。1つ選べ。	"[""アドレナリン a1 受容体遮断"",""アドレナリン a2 受容体刺激"",""アドレナリン b2 受容体遮断"",""アセチルコリン M2 受容体遮断"",""アセチルコリン M3 受容体刺激""]"	singleChoice	4	null	normal	false	parsed	"[""none""]"		https://www.mhlw.go.jp/content/001455149.pdf	https://www.mhlw.go.jp/content/001458551.pdf	2025-02-23	MHLW website content under Public Data License 1.0 unless separately indicated; third-party content requires separate review
P110-029	110	29	必須	薬理	ロクロニウムの筋弛緩作用に関わる作用点はどれか。1つ選べ。	"[""アセチルコリン NM 受容体"",""電位依存性 Na チャネル +"",""リアノジン受容体"",""コリンアセチルトランスフェラーゼ"",""コリンエステラーゼ""]"	singleChoice	0	null	normal	false	parsed	"[""none""]"		https://www.mhlw.go.jp/content/001455149.pdf	https://www.mhlw.go.jp/content/001458551.pdf	2025-02-23	MHLW website content under Public Data License 1.0 unless separately indicated; third-party content requires separate review
P110-030	110	30	必須	薬理	オレキシン受容体を選択的に遮断することで、睡眠を誘導するのはどれか。 1つ選べ。	"[""ヒドロキシジン"",""リルマザホン"",""レンボレキサント"",""ゾピクロン"",""ペントバルビタール""]"	singleChoice	2	null	normal	false	parsed	"[""none""]"		https://www.mhlw.go.jp/content/001455149.pdf	https://www.mhlw.go.jp/content/001458551.pdf	2025-02-23	MHLW website content under Public Data License 1.0 unless separately indicated; third-party content requires separate review
P110-031	110	31	必須	薬理	タンドスピロンの抗不安作用に関わる作用点はどれか。1つ選べ。	"[""ドパミン D2 受容体"",""c︲アミノ酪酸 GABAA 受容体"",""ニコチン性アセチルコリン受容体"",""セロトニン ₅︲HT1A 受容体"",""ヒスタミン H1 受容体""]"	singleChoice	3	null	normal	false	parsed	"[""none""]"		https://www.mhlw.go.jp/content/001455149.pdf	https://www.mhlw.go.jp/content/001458551.pdf	2025-02-23	MHLW website content under Public Data License 1.0 unless separately indicated; third-party content requires separate review
P110-032	110	32	必須	薬理	グルタミン酸 NMDA 受容体を遮断するアルツハイマー型認知症治療薬はどれ か。1つ選べ。	"[""リバスチグミン"",""ドネペジル"",""エダラボン"",""メマンチン"",""ガランタミン""]"	singleChoice	3	null	normal	false	parsed	"[""none""]"		https://www.mhlw.go.jp/content/001455149.pdf	https://www.mhlw.go.jp/content/001458551.pdf	2025-02-23	MHLW website content under Public Data License 1.0 unless separately indicated; third-party content requires separate review
P110-033	110	33	必須	薬理	尋常性乾癬の治療に用いられるセクキヌマブの標的分子はどれか。1つ選べ。	"[""ホスホジエステラーゼⅣ（PDE Ⅳ）"",""チロシンキナーゼ ₂ （Tyk₂）"",""ビタミン D 受容体"",""IL︲₁₂ 及び IL︲₂₃"",""IL︲₁₇A""]"	singleChoice	4	null	normal	false	parsed	"[""none""]"		https://www.mhlw.go.jp/content/001455149.pdf	https://www.mhlw.go.jp/content/001458551.pdf	2025-02-23	MHLW website content under Public Data License 1.0 unless separately indicated; third-party content requires separate review
P110-034	110	34	必須	薬理	細胞内サイクリック GMP（cGMP）濃度上昇作用及び K チャネル開口作用を + 併せ持つ狭心症治療薬はどれか。1つ選べ。	"[""ニコランジル"",""ベラパミル"",""ジルチアゼム"",""硝酸イソソルビド"",""アテノロール""]"	singleChoice	0	null	normal	false	parsed	"[""none""]"		https://www.mhlw.go.jp/content/001455149.pdf	https://www.mhlw.go.jp/content/001458551.pdf	2025-02-23	MHLW website content under Public Data License 1.0 unless separately indicated; third-party content requires separate review
P110-035	110	35	必須	薬理	アンチトロンビン非依存的に血液凝固第 Xa 因子の活性を直接阻害する抗凝固 薬はどれか。1つ選べ。	"[""エノキサパリン"",""フォンダパリヌクス"",""ダビガトランエテキシラート"",""ワルファリン"",""エドキサバン""]"	singleChoice	4	null	normal	false	parsed	"[""none""]"		https://www.mhlw.go.jp/content/001455149.pdf	https://www.mhlw.go.jp/content/001458551.pdf	2025-02-23	MHLW website content under Public Data License 1.0 unless separately indicated; third-party content requires separate review
P110-036	110	36	必須	薬理	タキキニン NK1 受容体を遮断して、抗悪性腫瘍薬による遅発性嘔吐を抑制する のはどれか。1つ選べ。	"[""オンダンセトロン"",""ドンペリドン"",""アプレピタント"",""ジメンヒドリナート"",""メトクロプラミド""]"	singleChoice	2	null	normal	false	parsed	"[""none""]"		https://www.mhlw.go.jp/content/001455149.pdf	https://www.mhlw.go.jp/content/001458551.pdf	2025-02-23	MHLW website content under Public Data License 1.0 unless separately indicated; third-party content requires separate review
P110-037	110	37	必須	薬理	高尿酸血症治療薬トピロキソスタットが阻害するのはどれか。1つ選べ。	"[""シクロオキシゲナーゼ"",""キサンチンオキシダーゼ"",""尿酸オキシダーゼ"",""尿酸トランスポーター"",""有機アニオントランスポーター""]"	singleChoice	1	null	normal	false	parsed	"[""none""]"		https://www.mhlw.go.jp/content/001455149.pdf	https://www.mhlw.go.jp/content/001458551.pdf	2025-02-23	MHLW website content under Public Data License 1.0 unless separately indicated; third-party content requires separate review
P110-038	110	38	必須	薬理	プロゲステロン受容体を刺激して、子宮内膜細胞の増殖を抑制するのはどれ か。1つ選べ。	"[""リュープロレリン"",""タモキシフェン"",""ジエノゲスト"",""エンザルタミド"",""デュタステリド""]"	singleChoice	2	null	normal	false	parsed	"[""none""]"		https://www.mhlw.go.jp/content/001455149.pdf	https://www.mhlw.go.jp/content/001458551.pdf	2025-02-23	MHLW website content under Public Data License 1.0 unless separately indicated; third-party content requires separate review
P110-039	110	39	必須	薬理	ペプチドグリカン前駆体のペンタペプチド末端の D︲アラニル︲D︲アラニンと結 合して、細菌の細胞壁合成を阻害するのはどれか。1つ選べ。	"[""アミカシン"",""セファゾリン"",""バンコマイシン"",""メロペネム"",""ミカファンギン""]"	singleChoice	2	null	normal	false	parsed	"[""none""]"		https://www.mhlw.go.jp/content/001455149.pdf	https://www.mhlw.go.jp/content/001458551.pdf	2025-02-23	MHLW website content under Public Data License 1.0 unless separately indicated; third-party content requires separate review
P110-040	110	40	必須	薬理	HER₂（ヒト上皮増殖因子受容体 ₂ 型）と結合することにより、乳がん細胞の増 殖を抑制するのはどれか。1つ選べ。	"[""エキセメスタン"",""トラスツズマブ"",""ベバシズマブ"",""ダウノルビシン"",""ブスルファン 必須問題 【薬剤】""]"	singleChoice	1	null	normal	false	parsed	"[""none""]"		https://www.mhlw.go.jp/content/001455149.pdf	https://www.mhlw.go.jp/content/001458551.pdf	2025-02-23	MHLW website content under Public Data License 1.0 unless separately indicated; third-party content requires separate review
P110-042	110	42	必須	薬剤	経口投与された薬物が吸収される経路として、正しいのはどれか。1つ選べ。	"[""小腸 → リンパ管 → 大腸 → 全身循環系"",""小腸 → リンパ管 → 肝臓 → 全身循環系"",""小腸 → 門脈 → 大腸 → 全身循環系"",""小腸 → 門脈 → 肝臓 → 全身循環系"",""小腸 → 胆管 → 大腸 → 全身循環系"",""小腸 → 胆管 → 肝臓 → 全身循環系""]"	singleChoice	3	null	normal	false	parsed	"[""none""]"		https://www.mhlw.go.jp/content/001455149.pdf	https://www.mhlw.go.jp/content/001458551.pdf	2025-02-23	MHLW website content under Public Data License 1.0 unless separately indicated; third-party content requires separate review
P110-043	110	43	必須	薬剤	炎症性疾患時に増加し、プロプラノロールが最も強く結合する血漿タンパク質 はどれか。1つ選べ。	"[""アルブミン"",""a︲グロブリン"",""フィブリノーゲン"",""C 反応性タンパク質"",""a1︲酸性糖タンパク質""]"	singleChoice	4	null	normal	false	parsed	"[""none""]"		https://www.mhlw.go.jp/content/001455149.pdf	https://www.mhlw.go.jp/content/001458551.pdf	2025-02-23	MHLW website content under Public Data License 1.0 unless separately indicated; third-party content requires separate review
P110-044	110	44	必須	薬剤	薬物代謝における第Ⅱ相反応に関与するのはどれか。1つ選べ。	"[""シトクロム P₄₅₀"",""UDP︲グルクロン酸転移酵素"",""フラビン含有モノオキシゲナーゼ"",""アルコール脱水素酵素"",""モノアミン酸化酵素""]"	singleChoice	1	null	normal	false	parsed	"[""none""]"		https://www.mhlw.go.jp/content/001455149.pdf	https://www.mhlw.go.jp/content/001458551.pdf	2025-02-23	MHLW website content under Public Data License 1.0 unless separately indicated; third-party content requires separate review
P110-046	110	46	必須	薬剤	体内動態が線形 ₁︲コンパートメントモデルに従う薬物を経口投与した場合、最 高血中濃度到達時間が短縮する要因はどれか。1つ選べ。	"[""投与量の減少"",""吸収率の上昇"",""分布容積の増大"",""吸収速度定数の上昇"",""消失速度定数の低下""]"	singleChoice	3	null	normal	false	parsed	"[""none""]"		https://www.mhlw.go.jp/content/001455149.pdf	https://www.mhlw.go.jp/content/001458551.pdf	2025-02-23	MHLW website content under Public Data License 1.0 unless separately indicated; third-party content requires separate review
P110-047	110	47	必須	薬剤	体内動態が線形 ₁︲コンパートメントモデルに従い、消失半減期が ₂ 時間である 薬物を静脈内定速注入する。投与開始後、薬物の血中濃度が定常状態の血中濃度の ₇₅％に到達する時間（h）はどれか。1つ選べ。	"[""₁"",""₂"",""₃"",""₄"",""₅""]"	singleChoice	3	null	normal	false	parsed	"[""none""]"		https://www.mhlw.go.jp/content/001455149.pdf	https://www.mhlw.go.jp/content/001458551.pdf	2025-02-23	MHLW website content under Public Data License 1.0 unless separately indicated; third-party content requires separate review
P110-048	110	48	必須	薬剤	ある薬物の肝固有クリアランス（CL int）が肝血流量（Q h）と比較して十分に小 さい場合、その薬物の肝クリアランスはどのように近似できるか。1つ選べ。 ただし、fu は血漿タンパク非結合形分率とする。	"[""Qh"",""CL int"",""fu・Q h"",""fu・CL int"",""CL int/fu""]"	singleChoice	3	null	normal	false	parsed	"[""none""]"		https://www.mhlw.go.jp/content/001455149.pdf	https://www.mhlw.go.jp/content/001458551.pdf	2025-02-23	MHLW website content under Public Data License 1.0 unless separately indicated; third-party content requires separate review
P110-049	110	49	必須	薬剤	陽イオン性界面活性剤はどれか。1つ選べ。	"[""ステアリン酸ナトリウム"",""ポリソルベート ₈₀"",""ラウリル硫酸ナトリウム"",""レシチン"",""ベンゼトニウム塩化物""]"	singleChoice	4	null	normal	false	parsed	"[""none""]"		https://www.mhlw.go.jp/content/001455149.pdf	https://www.mhlw.go.jp/content/001458551.pdf	2025-02-23	MHLW website content under Public Data License 1.0 unless separately indicated; third-party content requires separate review
P110-050	110	50	必須	薬剤	造粒に用いる機器のうち、混合、造粒、乾燥の工程を同一装置内で行うことが できるのはどれか。1つ選べ。	"[""流動層造粒機"",""転動造粒機"",""押出し造粒機"",""噴霧乾燥造粒機"",""破砕造粒機""]"	singleChoice	0	null	normal	false	parsed	"[""none""]"		https://www.mhlw.go.jp/content/001455149.pdf	https://www.mhlw.go.jp/content/001458551.pdf	2025-02-23	MHLW website content under Public Data License 1.0 unless separately indicated; third-party content requires separate review
P110-052	110	52	必須	薬剤	透析用剤に適用される日本薬局方一般試験法はどれか。1つ選べ。	"[""アルコール数測定法"",""エンドトキシン試験法"",""重金属試験法"",""制酸力試験法"",""溶出試験法""]"	singleChoice	1	null	normal	false	parsed	"[""none""]"		https://www.mhlw.go.jp/content/001455149.pdf	https://www.mhlw.go.jp/content/001458551.pdf	2025-02-23	MHLW website content under Public Data License 1.0 unless separately indicated; third-party content requires separate review
P110-054	110	54	必須	薬剤	薬物の直腸からの吸収改善を図るために用いられている吸収促進剤はどれか。 1つ選べ。	"[""アルギン酸ナトリウム"",""安息香酸ナトリウム"",""カプリン酸ナトリウム"",""チオグリコール酸"",""プロカイン塩酸塩""]"	singleChoice	2	null	normal	false	parsed	"[""none""]"		https://www.mhlw.go.jp/content/001455149.pdf	https://www.mhlw.go.jp/content/001458551.pdf	2025-02-23	MHLW website content under Public Data License 1.0 unless separately indicated; third-party content requires separate review
P110-055	110	55	必須	薬剤	レクチンによる認識機構を介した能動的ターゲティングのための修飾基として 用いられるのはどれか。1つ選べ。	"[""糖鎖"",""ポリペプチド"",""長鎖不飽和脂肪酸"",""オリゴヌクレオチド"",""ポリエチレングリコール 必須問題 【病態・薬物治療】""]"	singleChoice	0	null	normal	false	parsed	"[""none""]"		https://www.mhlw.go.jp/content/001455149.pdf	https://www.mhlw.go.jp/content/001458551.pdf	2025-02-23	MHLW website content under Public Data License 1.0 unless separately indicated; third-party content requires separate review
P110-056	110	56	必須	病態・薬物治療	心筋細胞の壊死を直接起こすことにより、心不全を誘発するのはどれか。1つ 選べ。	"[""アミオダロン"",""ドキソルビシン"",""エナラプリル"",""ビソプロロール"",""ピオグリタゾン""]"	singleChoice	1	null	normal	false	parsed	"[""none""]"		https://www.mhlw.go.jp/content/001455149.pdf	https://www.mhlw.go.jp/content/001458551.pdf	2025-02-23	MHLW website content under Public Data License 1.0 unless separately indicated; third-party content requires separate review
P110-057	110	57	必須	病態・薬物治療	デキストラン硫酸固定化セルロースを用いた吸着器によるアフェレシス 施行 （注） 中の患者への投与禁忌薬はどれか。1つ選べ。 （注）アフェレシス：生体内のさまざまな血液関連因子を分離・除去して治療する 広範囲な医療技術の総称	"[""ニフェジピン"",""エナラプリルマレイン酸塩"",""イルベサルタン"",""エサキセレノン"",""ドキサゾシンメシル酸塩""]"	singleChoice	1	null	normal	false	parsed	"[""none""]"		https://www.mhlw.go.jp/content/001455149.pdf	https://www.mhlw.go.jp/content/001458551.pdf	2025-02-23	MHLW website content under Public Data License 1.0 unless separately indicated; third-party content requires separate review
P110-058	110	58	必須	病態・薬物治療	心房と心室を直接連絡する副伝導路により、心室の早期興奮が生じるのはどれ か。1つ選べ。	"[""Adams-Stokes（アダムス・ストークス）症候群"",""Brugada（ブルガダ）症候群"",""QT 延長症候群"",""WPW（Wolff-Parkinson-White）症候群"",""洞不全症候群""]"	singleChoice	3	null	normal	false	parsed	"[""none""]"		https://www.mhlw.go.jp/content/001455149.pdf	https://www.mhlw.go.jp/content/001458551.pdf	2025-02-23	MHLW website content under Public Data License 1.0 unless separately indicated; third-party content requires separate review
P110-059	110	59	必須	病態・薬物治療	急性心筋梗塞の初期治療に用いられるのはどれか。1つ選べ。	"[""アスピリン"",""イソプレナリン塩酸塩"",""ダビガトランエテキシラートメタンスルホン酸塩"",""プレドニゾロン"",""プロプラノロール塩酸塩""]"	singleChoice	0	null	normal	false	parsed	"[""none""]"		https://www.mhlw.go.jp/content/001455149.pdf	https://www.mhlw.go.jp/content/001458551.pdf	2025-02-23	MHLW website content under Public Data License 1.0 unless separately indicated; third-party content requires separate review
P110-060	110	60	必須	病態・薬物治療	重症筋無力症で認められる症状はどれか。1つ選べ。	"[""突発性発熱"",""前向性健忘"",""聴覚障害"",""振戦"",""構音障害""]"	singleChoice	4	null	normal	false	parsed	"[""none""]"		https://www.mhlw.go.jp/content/001455149.pdf	https://www.mhlw.go.jp/content/001458551.pdf	2025-02-23	MHLW website content under Public Data License 1.0 unless separately indicated; third-party content requires separate review
P110-061	110	61	必須	病態・薬物治療	喀血を生じる疾患はどれか。1つ選べ。	"[""気管支拡張症"",""出血性腸炎"",""くも膜下出血"",""胃潰瘍"",""胃食道逆流症""]"	singleChoice	0	null	normal	false	parsed	"[""none""]"		https://www.mhlw.go.jp/content/001455149.pdf	https://www.mhlw.go.jp/content/001458551.pdf	2025-02-23	MHLW website content under Public Data License 1.0 unless separately indicated; third-party content requires separate review
P110-062	110	62	必須	病態・薬物治療	痛風発作治療薬として最も適切なのはどれか。1つ選べ。	"[""アロプリノール"",""ダパグリフロジン"",""ナプロキセン"",""ラスブリカーゼ"",""クエン酸カリウム・クエン酸ナトリウム""]"	singleChoice	2	null	normal	false	parsed	"[""none""]"		https://www.mhlw.go.jp/content/001455149.pdf	https://www.mhlw.go.jp/content/001458551.pdf	2025-02-23	MHLW website content under Public Data License 1.0 unless separately indicated; third-party content requires separate review
P110-063	110	63	必須	病態・薬物治療	慢性甲状腺炎の検査所見で陽性になるのはどれか。1つ選べ。	"[""抗ペルオキシダーゼ抗体"",""抗甲状腺刺激ホルモン（TSH）受容体抗体"",""抗グルタミン酸脱炭酸酵素（GAD）抗体"",""抗アセチルコリン受容体抗体"",""抗環状シトルリン化ペプチド（CCP）抗体""]"	singleChoice	0	null	normal	false	parsed	"[""none""]"		https://www.mhlw.go.jp/content/001455149.pdf	https://www.mhlw.go.jp/content/001458551.pdf	2025-02-23	MHLW website content under Public Data License 1.0 unless separately indicated; third-party content requires separate review
P110-064	110	64	必須	病態・薬物治療	シクロスポリン点眼液が使用される眼疾患はどれか。1つ選べ。	"[""白内障"",""春季カタル"",""感染性角膜炎"",""加齢黄斑変性"",""緑内障""]"	singleChoice	1	null	normal	false	parsed	"[""none""]"		https://www.mhlw.go.jp/content/001455149.pdf	https://www.mhlw.go.jp/content/001458551.pdf	2025-02-23	MHLW website content under Public Data License 1.0 unless separately indicated; third-party content requires separate review
P110-065	110	65	必須	病態・薬物治療	空気感染が主な伝播経路となるウイルス感染症はどれか。1つ選べ。	"[""麻しん"",""風しん"",""HIV 感染症"",""流行性耳下腺炎（ムンプス）"",""インフルエンザ""]"	singleChoice	0	null	normal	false	parsed	"[""none""]"		https://www.mhlw.go.jp/content/001455149.pdf	https://www.mhlw.go.jp/content/001458551.pdf	2025-02-23	MHLW website content under Public Data License 1.0 unless separately indicated; third-party content requires separate review
P110-066	110	66	必須	病態・薬物治療	播種性血管内凝固症候群（DIC）で認められる検査所見はどれか。1つ選べ。	"[""アンチトロンビンの減少"",""フィブリノゲン・フィブリン分解産物（FDP）の減少"",""血小板数の増加"",""プラスミノゲンの増加"",""プロトロンビン時間（PT）の短縮""]"	singleChoice	0	null	normal	false	parsed	"[""none""]"		https://www.mhlw.go.jp/content/001455149.pdf	https://www.mhlw.go.jp/content/001458551.pdf	2025-02-23	MHLW website content under Public Data License 1.0 unless separately indicated; third-party content requires separate review
P110-067	110	67	必須	病態・薬物治療	特発性肺線維症の治療に用いられるのはどれか。1つ選べ。	"[""アベマシクリブ"",""インターフェロン アルファ"",""ゲフィチニブ"",""ピルフェニドン"",""ブレオマイシン""]"	singleChoice	3	null	normal	false	parsed	"[""none""]"		https://www.mhlw.go.jp/content/001455149.pdf	https://www.mhlw.go.jp/content/001458551.pdf	2025-02-23	MHLW website content under Public Data License 1.0 unless separately indicated; third-party content requires separate review
P110-068	110	68	必須	病態・薬物治療	胆石症の疝痛発作時に、疼痛緩和のために使用される薬物として最も適切なの はどれか。1つ選べ。	"[""ウルソデオキシコール酸"",""エストラジオール"",""ブチルスコポラミン臭化物"",""ベザフィブラート"",""モルヒネ塩酸塩""]"	singleChoice	2	null	normal	false	parsed	"[""none""]"		https://www.mhlw.go.jp/content/001455149.pdf	https://www.mhlw.go.jp/content/001458551.pdf	2025-02-23	MHLW website content under Public Data License 1.0 unless separately indicated; third-party content requires separate review
P110-069	110	69	必須	病態・薬物治療	以下の医薬品情報源のうち、一次資料はどれか。1つ選べ。	"[""ガイドライン"",""索引誌"",""医薬品インタビューフォーム"",""原著論文"",""医薬品添付文書""]"	singleChoice	3	null	normal	false	parsed	"[""none""]"		https://www.mhlw.go.jp/content/001455149.pdf	https://www.mhlw.go.jp/content/001458551.pdf	2025-02-23	MHLW website content under Public Data License 1.0 unless separately indicated; third-party content requires separate review
P110-070	110	70	必須	病態・薬物治療	レジオネラ肺炎に対して最も有効性が期待できる抗菌薬はどれか。1つ選べ。	"[""シプロフロキサシン"",""タゾバクタム・ピペラシリン"",""メロペネム"",""アミカシン"",""バンコマイシン 必須問題 【法規・制度・倫理】""]"	singleChoice	0	null	normal	false	parsed	"[""none""]"		https://www.mhlw.go.jp/content/001455149.pdf	https://www.mhlw.go.jp/content/001458551.pdf	2025-02-23	MHLW website content under Public Data License 1.0 unless separately indicated; third-party content requires separate review
P110-071	110	71	必須	法規・制度・倫理	薬剤師が ₂ 年ごとに厚生労働大臣に届け出なければならない事項はどれか。 1つ選べ。	"[""個人番号（マイナンバー）"",""住所"",""認定薬剤師の資格"",""薬剤師国家試験合格の年"",""再教育研修の受講の有無""]"	singleChoice	1	null	normal	false	parsed	"[""none""]"		https://www.mhlw.go.jp/content/001455149.pdf	https://www.mhlw.go.jp/content/001458551.pdf	2025-02-23	MHLW website content under Public Data License 1.0 unless separately indicated; third-party content requires separate review
P110-072	110	72	必須	法規・制度・倫理	医薬品医療機器等法において、「薬局医薬品」とは、「要指導医薬品及び A 以外の医薬品をいう。」となっている。A にあてはまるのはどれか。1つ選べ。	"[""医療用医薬品"",""処方箋医薬品"",""一般用医薬品"",""体外診断用医薬品"",""薬局製造販売医薬品""]"	singleChoice	2	null	normal	false	parsed	"[""none""]"		https://www.mhlw.go.jp/content/001455149.pdf	https://www.mhlw.go.jp/content/001458551.pdf	2025-02-23	MHLW website content under Public Data License 1.0 unless separately indicated; third-party content requires separate review
P110-073	110	73	必須	法規・制度・倫理	医薬品の製造販売承認申請のための一般毒性試験を実施する際に、遵守しなけ ればならないのはどれか。1つ選べ。	"[""GCP"",""GLP"",""GMP"",""GQP"",""GVP""]"	singleChoice	1	null	normal	false	parsed	"[""none""]"		https://www.mhlw.go.jp/content/001455149.pdf	https://www.mhlw.go.jp/content/001458551.pdf	2025-02-23	MHLW website content under Public Data License 1.0 unless separately indicated; third-party content requires separate review
P110-074	110	74	必須	法規・制度・倫理	毒物劇物営業者が行う劇物の容器及び被包への表示について、「医薬用外」の文 字に加えて表示する内容として正しいのはどれか。1つ選べ。	"[""白地に赤色をもって「劇」の文字"",""白地に黒色をもって「劇」の文字"",""白地に赤色をもって「劇物」の文字"",""赤地に白色をもって「劇物」の文字"",""白地に黒色をもって「劇物」の文字""]"	singleChoice	2	null	normal	false	parsed	"[""none""]"		https://www.mhlw.go.jp/content/001455149.pdf	https://www.mhlw.go.jp/content/001458551.pdf	2025-02-23	MHLW website content under Public Data License 1.0 unless separately indicated; third-party content requires separate review
P110-076	110	76	必須	法規・制度・倫理	評価療養の対象となるのはどれか。1つ選べ。	"[""出産に係る診療"",""医薬品の治験に係る診療"",""特別の療養環境（差額ベッド）"",""予約診療"",""紹介状なしでの特定機能病院の初診""]"	singleChoice	1	null	normal	false	parsed	"[""none""]"		https://www.mhlw.go.jp/content/001455149.pdf	https://www.mhlw.go.jp/content/001458551.pdf	2025-02-23	MHLW website content under Public Data License 1.0 unless separately indicated; third-party content requires separate review
P110-077	110	77	必須	法規・制度・倫理	介護保険法において、第 ₂ 号被保険者が要介護認定を受けられる特定疾病に該 当するのはどれか。1つ選べ。	"[""関節リウマチ"",""結核"",""C 型肝炎"",""高血圧症"",""脂質異常症""]"	singleChoice	0	null	normal	false	parsed	"[""none""]"		https://www.mhlw.go.jp/content/001455149.pdf	https://www.mhlw.go.jp/content/001458551.pdf	2025-02-23	MHLW website content under Public Data License 1.0 unless separately indicated; third-party content requires separate review
P110-078	110	78	必須	法規・制度・倫理	世界医師会総会にて採択された、ヒポクラテスの誓いを現代化したものである ジュネーブ宣言の根幹となるのはどれか。1つ選べ。	"[""患者の権利"",""生命倫理の ₄ 原則"",""医師の遵守すべき倫理"",""非人道的な人体実験の実施条件"",""人を対象とした医学研究の倫理的原則""]"	singleChoice	2	null	normal	false	parsed	"[""none""]"		https://www.mhlw.go.jp/content/001455149.pdf	https://www.mhlw.go.jp/content/001458551.pdf	2025-02-23	MHLW website content under Public Data License 1.0 unless separately indicated; third-party content requires separate review
P110-079	110	79	必須	法規・制度・倫理	汚染されたヒト乾燥硬膜の使用により感染した疾患であって、生物由来製品感 染等被害救済制度の創設の契機となったのはどれか。1つ選べ。	"[""成人 T 細胞白血病"",""クロイツフェルト・ヤコブ病"",""トキソプラズマ症"",""大腿四頭筋短縮症"",""後天性免疫不全症候群""]"	singleChoice	1	null	normal	false	parsed	"[""none""]"		https://www.mhlw.go.jp/content/001455149.pdf	https://www.mhlw.go.jp/content/001458551.pdf	2025-02-23	MHLW website content under Public Data License 1.0 unless separately indicated; third-party content requires separate review
P110-080	110	80	必須	法規・制度・倫理	コミュニケーションを円滑にするため取り入れる傾聴の技能や態度として、適 切なのはどれか。1つ選べ。	"[""ブロッキング"",""ミラーリング"",""エンコーディング"",""パターナリズム"",""デコーディング 必須問題 【実務】""]"	singleChoice	1	null	normal	false	parsed	"[""none""]"		https://www.mhlw.go.jp/content/001455149.pdf	https://www.mhlw.go.jp/content/001458551.pdf	2025-02-23	MHLW website content under Public Data License 1.0 unless separately indicated; third-party content requires separate review
P110-081	110	81	必須	実務	以下の成分を含む一般用医薬品を使用した場合に、出血傾向に最も注意が必要 なのはどれか。1つ選べ。	"[""センノシド"",""ロぺラミド塩酸塩"",""ミノキシジル"",""フェキソフェナジン塩酸塩"",""イコサペント酸エチル""]"	singleChoice	4	null	normal	false	parsed	"[""none""]"		https://www.mhlw.go.jp/content/001455149.pdf	https://www.mhlw.go.jp/content/001458551.pdf	2025-02-23	MHLW website content under Public Data License 1.0 unless separately indicated; third-party content requires separate review
P110-082	110	82	必須	実務	通常、食前に服用する薬剤はどれか。1つ選べ。	"[""セレコキシブ錠"",""イマチニブメシル酸塩錠"",""メナテトレノンカプセル"",""エパルレスタット錠"",""イトラコナゾールカプセル""]"	singleChoice	3	null	normal	false	parsed	"[""none""]"		https://www.mhlw.go.jp/content/001455149.pdf	https://www.mhlw.go.jp/content/001458551.pdf	2025-02-23	MHLW website content under Public Data License 1.0 unless separately indicated; third-party content requires separate review
P110-083	110	83	必須	実務	居宅療養管理指導をしている患者のケアプラン作成において、薬剤師が情報提 供しなければならない職種はどれか。1つ選べ。	"[""介護福祉士"",""介護支援専門員"",""生活相談員"",""社会福祉士"",""訪問介護員""]"	singleChoice	1	null	normal	false	parsed	"[""none""]"		https://www.mhlw.go.jp/content/001455149.pdf	https://www.mhlw.go.jp/content/001458551.pdf	2025-02-23	MHLW website content under Public Data License 1.0 unless separately indicated; third-party content requires separate review
P110-084	110	84	必須	実務	災害派遣医療チーム（DMAT）が最も優先すべき活動はどれか。1つ選べ。	"[""広域医療搬送対象患者の選出"",""心的外傷後ストレス障害（PTSD）の診療"",""長期的な医療支援"",""一般用医薬品の販売"",""被災地の復興支援""]"	singleChoice	0	null	normal	false	parsed	"[""none""]"		https://www.mhlw.go.jp/content/001455149.pdf	https://www.mhlw.go.jp/content/001458551.pdf	2025-02-23	MHLW website content under Public Data License 1.0 unless separately indicated; third-party content requires separate review
P110-085	110	85	必須	実務	透析療法を受けている患者への販売を避けるべき一般用医薬品の成分はどれ か。1つ選べ。	"[""ロペラミド塩酸塩"",""テプレノン"",""乾燥酵母"",""トリメブチンマレイン酸塩"",""スクラルファート""]"	singleChoice	4	null	normal	false	parsed	"[""none""]"		https://www.mhlw.go.jp/content/001455149.pdf	https://www.mhlw.go.jp/content/001458551.pdf	2025-02-23	MHLW website content under Public Data License 1.0 unless separately indicated; third-party content requires separate review
P110-086	110	86	必須	実務	以下のうち、学校薬剤師の職務はどれか。1つ選べ。	"[""保健室内での調剤"",""救急時の一般用医薬品の販売"",""ワクチンの投与"",""校内土壌の放射能汚染検査"",""薬物乱用防止のための教育""]"	singleChoice	4	null	normal	false	parsed	"[""none""]"		https://www.mhlw.go.jp/content/001455149.pdf	https://www.mhlw.go.jp/content/001458551.pdf	2025-02-23	MHLW website content under Public Data License 1.0 unless separately indicated; third-party content requires separate review
P110-087	110	87	必須	実務	周術期の患者において血栓症のリスクが最も高い薬剤はどれか。1つ選べ。	"[""メトホルミン塩酸塩錠"",""サクビトリルバルサルタンナトリウム水和物錠"",""ダパグリフロジンプロピレングリコール錠"",""ドロスピレノン・エチニルエストラジオール錠"",""セマグルチド錠""]"	singleChoice	3	null	normal	false	parsed	"[""none""]"		https://www.mhlw.go.jp/content/001455149.pdf	https://www.mhlw.go.jp/content/001458551.pdf	2025-02-23	MHLW website content under Public Data License 1.0 unless separately indicated; third-party content requires separate review
P110-088	110	88	必須	実務	以下のうち、Common Terminology Criteria for Adverse Events（CTCAE） が用いられる指標として適切なのはどれか。1つ選べ。	"[""医薬品自主回収時の健康危険度"",""インシデント発生時の患者への影響度分類レベル"",""医薬品・医療機器等安全性情報の緊急度"",""医薬品による有害事象の重症度"",""患者の日常生活における制限の程度""]"	singleChoice	3	null	normal	false	parsed	"[""none""]"		https://www.mhlw.go.jp/content/001455149.pdf	https://www.mhlw.go.jp/content/001458551.pdf	2025-02-23	MHLW website content under Public Data License 1.0 unless separately indicated; third-party content requires separate review
P110-089	110	89	必須	実務	以下のうち、医薬品による副作用が疑われる症例について、医薬関係者が報告 する医薬品安全性情報報告書への記載項目はどれか。1つ選べ。	"[""患者の生年月日"",""患者氏名"",""副作用の発現期間"",""家族の副作用歴"",""被疑薬の製造番号""]"	singleChoice	2	null	normal	false	parsed	"[""none""]"		https://www.mhlw.go.jp/content/001455149.pdf	https://www.mhlw.go.jp/content/001458551.pdf	2025-02-23	MHLW website content under Public Data License 1.0 unless separately indicated; third-party content requires separate review
P110-090	110	90	必須	実務	腫瘍崩壊症候群の予防に用いられる薬剤はどれか。1つ選べ。	"[""ウルソデオキシコール酸錠"",""フェブキソスタット錠"",""メトトレキサート錠"",""ラモセトロン塩酸塩錠"",""タクロリムス錠""]"	singleChoice	1	null	normal	false	parsed	"[""none""]"		https://www.mhlw.go.jp/content/001455149.pdf	https://www.mhlw.go.jp/content/001458551.pdf	2025-02-23	MHLW website content under Public Data License 1.0 unless separately indicated; third-party content requires separate review
P110-091	110	91	理論	物理	理想気体からなる閉じた系における熱力学第一法則に関する記述として、正し いのはどれか。2つ選べ。	"[""定温過程において、系に加えられた熱量はすべて系がする仕事になる。"",""内部エネルギー変化は、系に加えられた熱量と系が外界からされた仕事の和で 表される。"",""断熱過程において、系の体積が増加すると内部エネルギーも増加する。"",""内部エネルギー変化は経路関数である熱と仕事からなり、それ自体も経路関数 である。"",""系が外界に対してする仕事は、不可逆過程の方が可逆過程より大きい。""]"	multiChoice	[0,1]	null	normal	false	parsed	"[""none""]"		https://www.mhlw.go.jp/content/001455152.pdf	https://www.mhlw.go.jp/content/001458551.pdf	2025-02-23	MHLW website content under Public Data License 1.0 unless separately indicated; third-party content requires separate review
P110-092	110	92	理論	物理	ファントホッフプロットは直線を示す。このことに関する記述として正しいの はどれか。2つ選べ。	"[""温度の逆数に対して平衡定数の対数をプロットしたものである。"",""切片から標準反応エンタルピーが求まる。"",""傾きから標準反応エントロピーが求まる。"",""吸熱反応のとき、傾きは負である。"",""傾きが正のとき、温度が上がるにつれて平衡定数は大きくなる。""]"	multiChoice	[0,3]	null	normal	false	parsed	"[""none""]"		https://www.mhlw.go.jp/content/001455152.pdf	https://www.mhlw.go.jp/content/001458551.pdf	2025-02-23	MHLW website content under Public Data License 1.0 unless separately indicated; third-party content requires separate review
P110-094	110	94	理論	物理	次の酵素反応の反応速度 v はミカエリス・メンテンの式に従う。 E+S ES P ただし、E は酵素、S は基質、ES は E と S の複合体、P は生成物を表し、ミカ エリス定数を K m、最大反応速度を Vmax とする。この反応に関する記述として、 正しいのはどれか。2つ選べ。 d［P］	"[""v は、P の生成速度 e o で表される。 dt d［ES］"",""v は、［ES］が一定 e = ₀ o となる定常状態を仮定した場合の速度であ dt る。"",""［S］が K m の ₂ 倍であるとき、v は Vmax の ₁/₄ となる。"",""K m は反応温度に依存しない。"",""K m が小さいほど E と S の親和性は低い。""]"	multiChoice	[0,1]	null	normal	false	parsed	"[""none""]"		https://www.mhlw.go.jp/content/001455152.pdf	https://www.mhlw.go.jp/content/001458551.pdf	2025-02-23	MHLW website content under Public Data License 1.0 unless separately indicated; third-party content requires separate review
P110-095	110	95	理論	物理	放射性医薬品に汎用されるテクネチウム Tc は、 Mo から放射平衡を利用し 99m 99 てジェネレーターにより得られる。このことに関する記述として正しいのはどれ か。2つ選べ。	"[""放射平衡は、親核種の半減期が娘核種の半減期より十分長いときに成り立つ。"",""Mo と Tc の間には永続平衡が成り立つ。 99 99m"",""Tc の壊変形式は核異性体転移である。 99m"",""カラムから未壊変の Mo を溶出する方法をミルキングという。"",""カラムの担体には微量の Tl を含む NaI の単結晶を用いる。""]"	multiChoice	[0,2]	null	normal	false	parsed	"[""none""]"		https://www.mhlw.go.jp/content/001455152.pdf	https://www.mhlw.go.jp/content/001458551.pdf	2025-02-23	MHLW website content under Public Data License 1.0 unless separately indicated; third-party content requires separate review
P110-096	110	96	理論	物理	₂₈％アンモニア水を量り、水で全量 ₅₀₀ mL とした後、その ₂₀ mL を正確に量 り、さらに水で全量 ₁₀₀₀ mL とした。この水溶液の pH を測定したところ、₁₁ . ₀ であった。₂₈％アンモニア水の採取量に最も近いのはどれか。1つ選べ。 ただし、₂₈％アンモニア水の比重 d = ₀ . ₉₀、アンモニアの分子量 NH 3 = ₁₇、 アンモニアの塩基解離定数 K b = ₁ . ₇ # ₁₀ mol/L、水のイオン積［H ［ ］OH ］= -5 + - ₁ . ₀ # ₁₀ （mol/L）、 1 ． 0 から 1 ． 1 の範囲の値は ₁ とし、温度は ₂₅ ℃とする。 -14 2	"[""₁₀ mL"",""₂₀ mL"",""₅₀ mL"",""₁₀₀ mL"",""₂₀₀ mL""]"	singleChoice	3	null	normal	false	parsed	"[""none""]"		https://www.mhlw.go.jp/content/001455152.pdf	https://www.mhlw.go.jp/content/001458551.pdf	2025-02-23	MHLW website content under Public Data License 1.0 unless separately indicated; third-party content requires separate review
P110-097	110	97	理論	物理	−98 次 の 記 述 は、X 線 造 影 剤 と し て 用 い ら れ る 日 本 薬 局 方 ア ミ ド ト リ ゾ 酸 （C11H 9 I 3 N2O4：₆₁₃ . ₉₁）の純度試験と定量法に関するものである。 H I H₃C N CO₂H O I I HN CH₃ O アミドトリゾ酸 純度試験 芳香族第一アミン 本品 ₀ . ₂₀ g をとり、水 ₅ mL 及び水酸化ナトリウム試液 ₁ mL を加えて溶かし、亜硝酸ナトリウム溶液（ ₁ → ₁₀₀） ₄ mL 及び ₁ mol/L 塩 酸試液 ₁₀ mL を加えて振り混ぜ、 ₂ 分間放置する。次にアミド硫酸アンモニウム 試液 ₅ mL を加えてよく振り混ぜ、 ₁ 分間放置した後、₁︲ナフトールのエタノール （₉₅）溶液（ ₁ → ₁₀）₀ . ₄ mL、水酸化ナトリウム試液 ₁₅ mL 及び水を加えて正確 に ₅₀ mL とする。この液につき、同様に操作して得た空試験液を対照とし、紫外 可視吸光度測定法により試験を行うとき、波長 ₄₈₅ nm における吸光度は ₀ . ₁₅ 以 下である。 定量法 本品約 ₀ . ₅ g を精密に量り、けん化フラスコに入れ、水酸化ナトリウム試液 ₄₀ mL に溶かし、亜鉛粉末 ₁ g を加え、還流冷却器を付けて ₃₀ 分間煮沸し、冷 後、ろ過する。フラスコ及びろ紙を水 ₅₀ mL で洗い、洗液は先のろ液に合わせ る。この液に酢酸（₁₀₀） ₅ mL を加え、 ア₀ . ₁ mol/L 硝酸銀液で滴定する（指示 薬：イテトラブロモフェノールフタレインエチルエステル試液 ₁ mL）。ただし、滴 定の終点は沈殿の黄色が ウ に変わるときとする。 ₀ . ₁ mol/L 硝酸銀液 ₁ mL = エ mg C11H 9I 3N2O4 問 97 純度試験の操作を行って得られる芳香族第一アミンの許容限度に最も近いのは どれか。1つ選べ。 ただし、芳香族第一アミンの本操作による呈色物の比吸光度 E 1cm（₄₈₅ nm）は 1％ ₄₇₅、層長は ₁ cm とする。	"[""₀ . ₀₄₀％"",""₀ . ₀₇₉％"",""₀ . ₁₆％"",""₀ . ₇₉％"",""₁ . ₅₈％""]"	singleChoice	1	null	normal	false	parsed	"[""none""]"		https://www.mhlw.go.jp/content/001455152.pdf	https://www.mhlw.go.jp/content/001458551.pdf	2025-02-23	MHLW website content under Public Data License 1.0 unless separately indicated; third-party content requires separate review
P110-098	110	98	理論	物理	定量法に関する記述として正しいのはどれか。2つ選べ。	"[""本定量法の原理は、Volhard 法に基づいている。"",""下線部アの標準液は、₀ . ₁ mol/L チオシアン酸アンモニウム液の標定に用いら れる。"",""下線部イの指示薬の代わりにフルオレセインナトリウムを用いることができ る。"",""ウ に入る色は、橙色である。"",""エ に入る数字は、₂₀ . ₄₆ である。""]"	multiChoice	[1,4]	null	normal	false	parsed	"[""none""]"		https://www.mhlw.go.jp/content/001455152.pdf	https://www.mhlw.go.jp/content/001458551.pdf	2025-02-23	MHLW website content under Public Data License 1.0 unless separately indicated; third-party content requires separate review
P110-101	110	101	理論	化学	有機化合物Ａ～Ｄが ₁₀₀ mg ずつ含まれるジエチルエーテル（エーテル）溶液 ₁₀₀ mL について、エーテルと同体積の各水溶液を用いて、分液ロートによる以下 の操作を行った。このとき分液操作②によって得られた水層には、有機化合物Ｄの 塩が主に含まれていた。有機化合物Ａ～Ｄを分離する分液操作の組合せとして、最 も適切なのはどれか。1つ選べ。 OCH3 CO2H NH2 OH Ａ Ｂ Ｃ Ｄ 有機化合物Ａ～Ｄを含むジエチルエーテル溶液 分液操作① 水層 エーテル層 分液操作② 水層 エーテル層 分液操作③ 水層 エーテル層 ア ₂ mol/L 塩酸を用いる分液操作 イ ₂ mol/L NaOH 水溶液を用いる分液操作 ウ 飽和 NaHCO3 水溶液を用いる分液操作 分液操作① 分液操作② 分液操作③	"[""ア イ ウ"",""イ ウ ア"",""ウ ア イ"",""ア ウ イ"",""イ ア ウ"",""ウ イ ア""]"	singleChoice	5	null	normal	false	parsed	"[""none""]"		https://www.mhlw.go.jp/content/001455152.pdf	https://www.mhlw.go.jp/content/001458551.pdf	2025-02-23	MHLW website content under Public Data License 1.0 unless separately indicated; third-party content requires separate review
P110-103	110	103	理論	化学	以下の反応で、生成物を与える電子移動を示す一連の矢印が正しいのはどれ か。2つ選べ。 O ONa	"[""H3C CH3 H3C CH3 H H H B- H H Na ＋ O O"",""H3C CH3NH CH3 N CH3 H H CH3 CH3 -"",""H3C O H 3C I H3C OCH3 CH3 CH3 ＋ H NO2"",""＋ NO2 NO2 CH3 CH3 H3C ＋ H3C H3C ＋"",""CH3 CH3 CH3 H3C H3C H3C H3C Br Br-""]"	multiChoice	[2,3]	null	normal	false	parsed	"[""none""]"		https://www.mhlw.go.jp/content/001455152.pdf	https://www.mhlw.go.jp/content/001458551.pdf	2025-02-23	MHLW website content under Public Data License 1.0 unless separately indicated; third-party content requires separate review
P110-110	110	110	理論	化学	以下の漢方処方が示す作用と、それに主に関与する構成生薬との組合せのう ち、誤っているのはどれか。1つ選べ。 処方名と作用 主に関与する構成生薬	"[""六君子湯の補気作用 ニンジン"",""桂枝茯苓丸の駆瘀血作用 トウニン"",""加味逍遙散の補血作用 トウキ"",""葛根湯の発汗作用 シャクヤク"",""五苓散の利水作用 ブクリョウ""]"	singleChoice	3	null	normal	false	parsed	"[""none""]"		https://www.mhlw.go.jp/content/001455152.pdf	https://www.mhlw.go.jp/content/001458551.pdf	2025-02-23	MHLW website content under Public Data License 1.0 unless separately indicated; third-party content requires separate review
P110-111	110	111	理論	生物	心筋の興奮と収縮に関する記述として、正しいのはどれか。2つ選べ。	"[""洞房結節に生じた電気的興奮は、心房内を伝わり房室結節を経て心室筋へと伝 わる。"",""電位依存性 K チャネルの活性化により、心室筋に脱分極が生じる。 +"",""心室筋の脱分極に伴って増加した細胞内の Ca がトロポニンに結合すること 2+ によって、心室筋が収縮する。"",""心室筋の脱分極によって、P 波が心電図に記録される。"",""心拍数を増加させる心臓血管中枢からのシグナルは、迷走神経を介して伝わる。""]"	multiChoice	[0,2]	null	normal	false	parsed	"[""none""]"		https://www.mhlw.go.jp/content/001455152.pdf	https://www.mhlw.go.jp/content/001458551.pdf	2025-02-23	MHLW website content under Public Data License 1.0 unless separately indicated; third-party content requires separate review
P110-113	110	113	理論	生物	幹細胞に関する記述として、正しいのはどれか。2つ選べ。	"[""造血幹細胞は、単能性幹細胞である。"",""組織幹細胞は、非対称な細胞分裂をしない。"",""人工多能性幹細胞（iPS 細胞）は、成体の体細胞に複数の遺伝子を導入し、分 化状態を初期化することにより作製される。"",""胚性幹細胞（ES 細胞）は、初期胚の内部細胞塊から樹立される。"",""ES 細胞は、全能性を持つ。""]"	multiChoice	[2,3]	null	normal	false	parsed	"[""none""]"		https://www.mhlw.go.jp/content/001455152.pdf	https://www.mhlw.go.jp/content/001458551.pdf	2025-02-23	MHLW website content under Public Data License 1.0 unless separately indicated; third-party content requires separate review
P110-114	110	114	理論	生物	ヒトにおける脂肪酸の生合成に関する記述として、正しいのはどれか。2つ選 べ。	"[""ミトコンドリアで行われる。"",""アシル鎖の伸長過程で、補酵素として NADH が利用される。"",""クエン酸により促進される。"",""アセチル CoA を前駆物質としてリノール酸が合成される。"",""アセチル CoA をマロニル CoA に転換する反応が律速段階である。""]"	multiChoice	[2,4]	null	normal	false	parsed	"[""none""]"		https://www.mhlw.go.jp/content/001455152.pdf	https://www.mhlw.go.jp/content/001458551.pdf	2025-02-23	MHLW website content under Public Data License 1.0 unless separately indicated; third-party content requires separate review
P110-119	110	119	理論	生物	細菌毒素に関する記述として、正しいのはどれか。2つ選べ。	"[""リポ多糖は、グラム陰性菌外膜の構成成分であり、多糖部位に免疫刺激作用が ある。"",""スーパー抗原は、B 細胞受容体と非特異的に結合して抗体産生を抑制する。"",""ストレプトリジン O は、化膿レンサ球菌から産生され、コレステロールと結 合して宿主の細胞膜に孔をあける。"",""ベロ毒素は、百日咳菌から産生され、咽頭粘膜と結合して偽膜を形成する。"",""破傷風毒素は、運動神経の終末部から取り込まれ、脊髄まで運ばれる。 一般問題（薬学理論問題）【物理・化学・生物／衛生】""]"	multiChoice	[0,2,4]	null	normal	false	parsed	"[""none""]"		https://www.mhlw.go.jp/content/001455152.pdf	https://www.mhlw.go.jp/content/001458551.pdf	2025-02-23	MHLW website content under Public Data License 1.0 unless separately indicated; third-party content requires separate review
P110-120	110	120	理論	衛生	−121 ナイアシンに関する以下の問いに答えよ。 問 120（衛生） ナイアシンに関する記述として正しいのはどれか。2つ選べ。	"[""妊娠中にナイアシンが欠乏すると、胎児に神経管閉鎖障害が起こる。"",""ナイアシンが欠乏すると、皮膚炎や下痢、中枢神経症状が現れる。"",""ナイアシンの一種であるニコチン酸には「日本人の食事摂取基準（₂₀₂₀ 年 版）」で耐容上限量が設定されていない。"",""トウモロコシを主食とする地域では、ナイアシンの欠乏症に注意する必要があ る。"",""ナイアシンが過剰になると、頭蓋内圧の亢進が起こる。""]"	multiChoice	[1,3]	null	normal	false	parsed	"[""none""]"		https://www.mhlw.go.jp/content/001455152.pdf	https://www.mhlw.go.jp/content/001458551.pdf	2025-02-23	MHLW website content under Public Data License 1.0 unless separately indicated; third-party content requires separate review
P110-123	110	123	理論	衛生	疾病予防とその目的及び具体例の組合せのうち、正しいのはどれか。2つ選 べ。 疾病予防 目 的 具体例	"[""一次予防 早期発見・早期治療 新生児マススクリーニング"",""一次予防 健康増進 衛生教育や健康教室"",""二次予防 特異的予防 予防接種"",""二次予防 早期発見・早期治療 デイサービス"",""三次予防 能力低下防止 呼吸用保護具の使用"",""三次予防 機能回復 リハビリテーション""]"	multiChoice	[1,5]	null	normal	false	parsed	"[""none""]"		https://www.mhlw.go.jp/content/001455152.pdf	https://www.mhlw.go.jp/content/001458551.pdf	2025-02-23	MHLW website content under Public Data License 1.0 unless separately indicated; third-party content requires separate review
P110-125	110	125	理論	衛生	この ₂₀ 年間の生活習慣病に関する記述として正しいのはどれか。2つ選べ。	"[""糖尿病の患者数は ₄₀ 歳代より急激に増加するが、そのほとんどは ₁ 型糖尿病 である。"",""慢性閉塞性肺疾患（COPD）による総死亡者数は減少傾向にある。"",""心疾患による粗死亡率は増加傾向にある。"",""脳血管疾患のうち、粗死亡率が最も高いのは、脳内出血である。"",""全悪性新生物死亡のうち、膵臓がんの死亡者数は男女とも増加傾向にある。""]"	multiChoice	[2,4]	null	normal	false	parsed	"[""none""]"		https://www.mhlw.go.jp/content/001455152.pdf	https://www.mhlw.go.jp/content/001458551.pdf	2025-02-23	MHLW website content under Public Data License 1.0 unless separately indicated; third-party content requires separate review
P110-126	110	126	理論	衛生	新生児マススクリーニングの対象疾患のうち、タンデムマス法によるアシルカ ルニチンの測定結果により診断されるのはどれか。2つ選べ。	"[""ガラクトース血症"",""先天性甲状腺機能低下症"",""中鎖アシル CoA 脱水素酵素欠乏症（MCAD 欠損症）"",""フェニルケトン尿症"",""プロピオン酸血症""]"	multiChoice	[2,4]	null	normal	false	parsed	"[""none""]"		https://www.mhlw.go.jp/content/001455152.pdf	https://www.mhlw.go.jp/content/001458551.pdf	2025-02-23	MHLW website content under Public Data License 1.0 unless separately indicated; third-party content requires separate review
P110-128	110	128	理論	衛生	食品添加物Ａ～Ｅに関する記述として正しいのはどれか。2つ選べ。 Ａ Ｂ H3C COOH NaO3S OH N SO3Na CH3 N O CH3 CH3 H COONa H CH3 H O O H H SO3Na H H OH H3C CH3 OH H H COONa O H O H H OH OH H H OH Ｃ Ｄ Ｅ NaClO H OH H HO O N O S H N N HO OH	"[""Ａは、食品に甘味を与える目的で使用される指定添加物である。"",""Ｂは、鮮魚介類や食肉、野菜類の色調を調節する目的で使用される。"",""Ｃは、食品を漂白する目的で使用され、殺菌料としても用いられる。"",""Ｄは、金属イオンと錯体を形成することによって、油脂などの酸化を防ぐ目的 で使用される。"",""Ｅは、カビや細菌などの発育を抑制し、保存性を高める目的で乳製品などの食 品に添加して使用される。""]"	multiChoice	[0,2]	null	normal	false	parsed	"[""none""]"		https://www.mhlw.go.jp/content/001455152.pdf	https://www.mhlw.go.jp/content/001458551.pdf	2025-02-23	MHLW website content under Public Data License 1.0 unless separately indicated; third-party content requires separate review
P110-129	110	129	理論	衛生	特別用途食品と保健機能食品に関する記述として正しいのはどれか。2つ選 べ。	"[""機能性表示食品には、疾病リスク低減表示が認められている。"",""特定保健用食品は、消費者庁による安全性と機能性に関する審査を行うことな く事業者が販売できる。"",""n︲₃ 系脂肪酸は、栄養機能食品として機能を表示することができる。"",""保健機能食品以外の食品には、機能性の表示が認められていない。"",""病者用食品を販売するためには、厚生労働省に届け出なければならない。""]"	multiChoice	[2,3]	null	normal	false	parsed	"[""none""]"		https://www.mhlw.go.jp/content/001455152.pdf	https://www.mhlw.go.jp/content/001458551.pdf	2025-02-23	MHLW website content under Public Data License 1.0 unless separately indicated; third-party content requires separate review
P110-130	110	130	理論	衛生	食の安全を確保するための法制度に関する記述として正しいのはどれか。2つ 選べ。	"[""食品衛生法に基づいて広域連携協議会が設置され、複数の都道府県にまたがる 広域的な食中毒事案への対策が講じられている。"",""HACCP に沿った衛生管理では、都道府県が作成した衛生管理計画に基づいて 衛生管理を実施しなければならない。"",""食品衛生法では、薬剤師は、指定成分等含有食品の摂取によるものと疑われる 人の健康被害の把握に努めることとされている。"",""食品表示法に基づく栄養成分表示では、熱量、たんぱく質、脂質、炭水化物、 カルシウム及びビタミン類の表示が義務づけられている。"",""分別生産流通管理（IP ハンドリング）が行われた非遺伝子組換え農産物を原料 とする食品は、「遺伝子組換えでない」の表示が義務づけられている。""]"	multiChoice	[0,2]	null	normal	false	parsed	"[""none""]"		https://www.mhlw.go.jp/content/001455152.pdf	https://www.mhlw.go.jp/content/001458551.pdf	2025-02-23	MHLW website content under Public Data License 1.0 unless separately indicated; third-party content requires separate review
P110-131	110	131	理論	衛生	化学物質の毒性又は毒性発現機序に関する記述として正しいのはどれか。2つ 選べ。	"[""吸入曝露された六価クロムは、鼻中隔穿孔及び肺がんを起こす。"",""カドミウムは、中枢神経系に移行し、視野狭窄及び運動失調を起こす。"",""フェノトリンは、ナトリウムチャネルを開放状態にして、神経伝達を阻害す る。"",""グリホサートは、アセチルコリンエステラーゼを阻害して副交感神経の興奮を 起こす。"",""₂ , ₃ , ₇ , ₈︲テトラクロロジベンゾ︲p︲ジオキシンは、プレグナン X 受容体（PXR） に結合し、種々の遺伝子の転写を活性化する。""]"	multiChoice	[0,2]	null	normal	false	parsed	"[""none""]"		https://www.mhlw.go.jp/content/001455152.pdf	https://www.mhlw.go.jp/content/001458551.pdf	2025-02-23	MHLW website content under Public Data License 1.0 unless separately indicated; third-party content requires separate review
P110-132	110	132	理論	衛生	活性酸素による傷害を防ぐための生体防御因子に関する記述として、正しいの はどれか。2つ選べ。	"[""カタラーゼは、過酸化水素を水と酸素に分解する。"",""スーパーオキシドジスムターゼは、活性中心にヘム鉄をもつ。"",""グルタチオンペルオキシダーゼは、活性中心にマンガンをもつ。"",""b︲カロテンは、体内で代謝されてビタミン A となる。"",""ビタミン E は、主に細胞質で抗酸化作用を示す。""]"	multiChoice	[0,3]	null	normal	false	parsed	"[""none""]"		https://www.mhlw.go.jp/content/001455152.pdf	https://www.mhlw.go.jp/content/001458551.pdf	2025-02-23	MHLW website content under Public Data License 1.0 unless separately indicated; third-party content requires separate review
P110-133	110	133	理論	衛生	中毒原因物質とスクリーニング試験（試験方法または検査試薬）の組合せのう ち、正しいのはどれか。2つ選べ。 中毒原因物質 試験方法または検査試薬 H N	"[""CH3 ピリジン︲ピラゾロン法 CH3 CH3 H N"",""H クロモトロープ酸法 HO O H H OH H O N O H3C"",""NH 銅︲ピリジン法 O OH O"",""ラインシュ法 H3C N H CH3 OH H"",""デュケノア試薬 H H3C O CH3 H3C""]"	multiChoice	[2,4]	null	normal	false	parsed	"[""none""]"		https://www.mhlw.go.jp/content/001455152.pdf	https://www.mhlw.go.jp/content/001458551.pdf	2025-02-23	MHLW website content under Public Data License 1.0 unless separately indicated; third-party content requires separate review
P110-134	110	134	理論	衛生	化学物質の in vitro 遺伝毒性試験に関する記述として、正しいのはどれか。 2つ選べ。	"[""細菌を用いる復帰突然変異試験は、試験菌株の表現型がアミノ酸非要求性に復 帰することを利用する方法である。"",""マウスリンフォーマ TK（チミジンキナーゼ）試験は、突然変異によりコロ ニーが形成されなくなることを利用する方法である。"",""小核試験は、塩基対置換型の点突然変異を検出する方法である。"",""コメットアッセイは、切断された DNA の電気泳動における移動度が小さくな ることを利用して遺伝毒性を検出する方法である。"",""不定期 DNA 合成試験は、損傷した DNA の修復合成を測定する方法である。""]"	multiChoice	[0,4]	null	normal	false	parsed	"[""none""]"		https://www.mhlw.go.jp/content/001455152.pdf	https://www.mhlw.go.jp/content/001458551.pdf	2025-02-23	MHLW website content under Public Data License 1.0 unless separately indicated; third-party content requires separate review
P110-135	110	135	理論	衛生	ある輸入果実が農薬Ａで汚染されていることが判明し、その残留濃度は ₀ . ₀₅ ppm であった。我が国では、この果実に対して、農薬Ａの個別の残留基準値は設 定されていない。また、農薬Ａの許容一日摂取量（ADI）は ₀ . ₀₂₉ mg/kg 体重/日、 急性参照用量（ARfD）は ₀ . ₃ mg/kg 体重である。農薬Ａのリスク評価及びリスク 管理に関する記述として、正しいのはどれか。2つ選べ。	"[""ARfD は、₂₄ 時間又はそれより短時間の経口摂取でヒトの健康に悪影響を示さ ないと推定される体重 ₁ kg 当たりの摂取量である。"",""ARfD は、慢性毒性試験で得られる最大無作用量（NOAEL）又は最小作用量 （LOAEL）を安全係数で除して求められる。"",""ADI は、非意図的汚染物質をヒトが一生涯にわたって摂取し続けても健康への 悪影響がないと考えられる体重 ₁ kg 当たり、 ₁ 日当たりの摂取量である。"",""体重 ₅₀ kg の成人がこの果実を仮に毎日 ₄₀ kg 食べ続けても、農薬Ａの ADI を 超える摂取量とはならない。"",""一律基準（₀ . ₀₁ ppm）が適用されるため、この果実を販売することは食品衛生 法違反である。""]"	multiChoice	[0,4]	null	normal	false	parsed	"[""none""]"		https://www.mhlw.go.jp/content/001455152.pdf	https://www.mhlw.go.jp/content/001458551.pdf	2025-02-23	MHLW website content under Public Data License 1.0 unless separately indicated; third-party content requires separate review
P110-136	110	136	理論	衛生	電離放射線による人体への影響及び評価基準に関する記述として、正しいのは どれか。2つ選べ。	"[""吸収線量は、物質 ₁ kg 当たりに、 ₁ J のエネルギーを吸収した際に物質が受け た線量を ₁ Gy と定義されている。"",""実効線量は、確定的影響のしきい値を規定するのに用いられる。"",""等価線量は、全身の被ばくの影響を評価するための指標で、各組織又は臓器当 たりの吸収線量に組織加重係数を掛けて、合計して算出する。"",""等価線量を求めるのに用いられる放射線加重係数は、c 線より a 線の方が大きい。"",""「時間」 、「距離」 、「遮へい」の防御の ₃ 原則は、内部被ばくの低減に重要である。""]"	multiChoice	[0,3]	null	normal	false	parsed	"[""none""]"		https://www.mhlw.go.jp/content/001455152.pdf	https://www.mhlw.go.jp/content/001458551.pdf	2025-02-23	MHLW website content under Public Data License 1.0 unless separately indicated; third-party content requires separate review
P110-137	110	137	理論	衛生	地球環境の保全に関する国際的な取組みに関する記述として、正しいのはどれ か。2つ選べ。	"[""水銀に関する水俣条約では、水銀化合物及び水銀化合物を使用した製品の製造 と輸出入が規制されている。"",""生物の多様性に関する条約カルタヘナ議定書では、絶滅のおそれのある野生動 植物の種の国際取引が規制されている。"",""残留性有機汚染物質に関するストックホルム条約では、クロロフルオロカーボ ン及びハイドロクロロフルオロカーボンなど残留性有機化合物の使用が規制され ている。"",""ロンドン条約 ₁₉₉₆ 年議定書では、廃棄物等の海洋投棄及び洋上焼却が規制さ れている。"",""オゾン層を破壊する物質に関するモントリオール議定書では、温室効果ガスで ある二酸化炭素排出量の削減目標が定められている。""]"	multiChoice	[0,3]	null	normal	false	parsed	"[""none""]"		https://www.mhlw.go.jp/content/001455152.pdf	https://www.mhlw.go.jp/content/001458551.pdf	2025-02-23	MHLW website content under Public Data License 1.0 unless separately indicated; third-party content requires separate review
P110-139	110	139	理論	衛生	環境汚染（大気汚染、水質汚濁、土壌汚染等）を防止するための法規制に関す る記述として、正しいのはどれか。2つ選べ。	"[""大気汚染防止法では、自動車などの移動発生源から排出されるばい煙や揮発性 有機化合物及び粉じんについて排出基準が定められている。"",""水質汚濁防止法では、健康に係る有害物質及び生活環境に係る汚染状態につい て排水基準が定められている。"",""都道府県は、国が定めた一般排出基準あるいは一律排水基準よりも厳しい「上 乗せ排出基準」あるいは「上乗せ排水基準」を定めることができる。"",""土壌汚染対策法では、すべての特定有害物質について「土壌含有基準」が定め られている。"",""ダイオキシン類対策特別措置法では、大気、水質、土壌及び農作物を対象に環 境基準が定められている。""]"	multiChoice	[1,2]	null	normal	false	parsed	"[""none""]"		https://www.mhlw.go.jp/content/001455152.pdf	https://www.mhlw.go.jp/content/001458551.pdf	2025-02-23	MHLW website content under Public Data License 1.0 unless separately indicated; third-party content requires separate review
P110-141	110	141	理論	法規・制度・倫理	薬剤師の免許の取消し等に関する記述として、正しいのはどれか。2つ選べ。	"[""薬剤師業務の停止期間は、 ₃ 年以内である。"",""戒告処分を受けた場合、再教育研修の対象になる。"",""処分にあたっては、社会保障審議会の意見を聴かなければならない。"",""薬剤師が認知症の診断を受けた場合、絶対的欠格事由として免許が取り消され る。"",""薬剤師免許を取り消された者が、再び免許を取得しようとする場合は、改めて 国家試験を受けて合格する必要がある。""]"	multiChoice	[0,1]	null	normal	false	parsed	"[""none""]"		https://www.mhlw.go.jp/content/001455152.pdf	https://www.mhlw.go.jp/content/001458551.pdf	2025-02-23	MHLW website content under Public Data License 1.0 unless separately indicated; third-party content requires separate review
P110-142	110	142	理論	法規・制度・倫理	薬局の開設者が、患者の同意なしでも患者の個人情報を第三者に提供できるの はどれか。2つ選べ。	"[""患者が通学する学校の養護教諭から、今後の健康管理のため患者の処方薬につ いて照会があった場合"",""民間保険会社から、保険加入の勧誘のため患者の連絡先について照会があった 場合"",""患者が意識不明で緊急搬送された医療機関から、患者の薬剤服用歴について照 会があった場合"",""服薬指導時に得た患者情報から処方内容に疑義が生じ、処方医に照会する場合"",""患者が勤める勤務先から、健康状態の確認のため既往歴について照会があった 場合""]"	multiChoice	[2,3]	null	normal	false	parsed	"[""none""]"		https://www.mhlw.go.jp/content/001455152.pdf	https://www.mhlw.go.jp/content/001458551.pdf	2025-02-23	MHLW website content under Public Data License 1.0 unless separately indicated; third-party content requires separate review
P110-143	110	143	理論	法規・制度・倫理	医薬品医療機器等法における再生医療等製品に関する記述として、正しいのは どれか。2つ選べ。	"[""動物の細胞に、培養その他の加工を施したものは該当しない。"",""人の体内で発現する遺伝子を含有させたものは該当しない。"",""製造販売業者は、感染症定期報告を行わなければならない。"",""再生医療等製品取扱医療関係者は、使用の対象者に対し適切な説明を行い、同 意を得て使用するよう努めなければならない。"",""医薬品副作用被害救済制度の対象ではない。""]"	multiChoice	[2,3]	null	normal	false	parsed	"[""none""]"		https://www.mhlw.go.jp/content/001455152.pdf	https://www.mhlw.go.jp/content/001458551.pdf	2025-02-23	MHLW website content under Public Data License 1.0 unless separately indicated; third-party content requires separate review
P110-144	110	144	理論	法規・制度・倫理	医薬品医療機器等法に基づく薬局管理者の義務はどれか。2つ選べ。	"[""薬局に勤務する薬剤師その他の従業者を監督しなければならない。"",""薬局の構造設備及び医薬品その他の物品を管理しなければならない。"",""薬局の前年における総取扱処方箋枚数を都道府県知事に届け出なければならな い。"",""薬局開設許可証を薬局の見やすい場所に掲示しなければならない。"",""薬局開設者に対する必要な意見を書面に残す場合は、薬局開設者の許可を受け なければならない。""]"	multiChoice	[0,1]	null	normal	false	parsed	"[""none""]"		https://www.mhlw.go.jp/content/001455152.pdf	https://www.mhlw.go.jp/content/001458551.pdf	2025-02-23	MHLW website content under Public Data License 1.0 unless separately indicated; third-party content requires separate review
P110-145	110	145	理論	法規・制度・倫理	劇薬の取扱いについて、正しいのはどれか。2つ選べ。	"[""貯蔵又は陳列の際には、他の医薬品と区別して貯蔵し、又は陳列しなければな らない。"",""貯蔵する場所には、かぎを施さなければならない。"",""₁₈ 歳未満の者に交付してはならない。"",""劇薬を譲渡する際に譲受人から交付される文書には、品名、数量、使用目的等 の記載が必要である。"",""譲受人から交付された文書の譲渡人による保存期間は、譲渡の日から ₃ 年間で ある。""]"	multiChoice	[0,3]	null	normal	false	parsed	"[""none""]"		https://www.mhlw.go.jp/content/001455152.pdf	https://www.mhlw.go.jp/content/001458551.pdf	2025-02-23	MHLW website content under Public Data License 1.0 unless separately indicated; third-party content requires separate review
P110-146	110	146	理論	法規・制度・倫理	医療法に基づく医療事故調査制度における医療事故の対応に関する記述とし て、正しいのはどれか。2つ選べ。	"[""報告先は、独立行政法人医薬品医療機器総合機構（PMDA）である。"",""対象となる医療事故は、医療に起因する入院治療を必要とする程度の健康被害 である。"",""病院の管理者は、病院の開設許可権者に申し出て、医療事故に該当するか否か の判定を受けなければならない。"",""病院の管理者は、医療事故が発生した場合、遅滞なく、定められた報告先に報 告しなければならない。"",""病院の管理者は、医療事故が発生した場合、原因を明らかにするために調査を 行わなければならない。""]"	multiChoice	[3,4]	null	normal	false	parsed	"[""none""]"		https://www.mhlw.go.jp/content/001455152.pdf	https://www.mhlw.go.jp/content/001458551.pdf	2025-02-23	MHLW website content under Public Data License 1.0 unless separately indicated; third-party content requires separate review
P110-147	110	147	理論	法規・制度・倫理	我が国の医療保険制度に関する記述として、正しいのはどれか。2つ選べ。な お、公費負担医療を受けている場合を除く。	"[""国民は公的保険に加入しなければならない。"",""保険者が支払う療養の給付に関する費用は、被保険者が支払う一部負担金を除 いた残額である。"",""₇₅ 歳以上の被保険者が支払う一部負担金の割合は、所得に関わらず同じである。"",""健康保険の被保険者が扶養する配偶者や子供は、国民健康保険に加入しなけれ ばならない。"",""健康保険では、勤務中や業務により発生した病気や怪我等を対象に療養の給付 を行う。""]"	multiChoice	[0,1]	null	normal	false	parsed	"[""none""]"		https://www.mhlw.go.jp/content/001455152.pdf	https://www.mhlw.go.jp/content/001458551.pdf	2025-02-23	MHLW website content under Public Data License 1.0 unless separately indicated; third-party content requires separate review
P110-148	110	148	理論	法規・制度・倫理	評価対象医薬品Ａは比較対照医薬品Ｂと比べて追加的有用性が示されており、 費用効用分析を行うこととなった。分析の結果、増分費用効果比（ICER）は「₂₀₀ 万円／QALY」であった。分析結果の記述として、正しいのはどれか。1つ選べ。 質調整生存年 費用 （QALY） （円） 評価対象医薬品Ａ使用群（₁₀₀ 名） ₆₀ ₃億 比較対照医薬品Ｂ使用群（₁₀₀ 名） ₁₀ ₂億	"[""Ａに切り替えずＢを使用する場合、₁QALY 当たり ₂₀₀ 万円の費用を削減でき る。"",""Ｂを使用してＡと同等の QALY を得るには、₂₀₀ 万円の費用の追加が必要である。"",""Ａに切り替えずＢを使用することによって、₁QALY の減少に伴い、₂₀₀ 万円 の費用の削減ができる。"",""ＢからＡに切り替える場合、₁QALY 当たり ₂₀₀ 万円の費用を削減できる。"",""ＢからＡに切り替えることによって、₁QALY を追加的に得るのに ₂₀₀ 万円の 費用の追加が必要である。""]"	singleChoice	4	null	normal	false	parsed	"[""none""]"		https://www.mhlw.go.jp/content/001455152.pdf	https://www.mhlw.go.jp/content/001458551.pdf	2025-02-23	MHLW website content under Public Data License 1.0 unless separately indicated; third-party content requires separate review
P110-149	110	149	理論	法規・制度・倫理	我が国の医薬分業について正しいのはどれか。2つ選べ。	"[""いわゆる医薬分業率とは、全患者のうち投薬が必要とされた患者への処方件数 に対する院外処方箋枚数の割合である。"",""都道府県による医薬分業率の地域差は、令和元年（₂₀₁₉ 年）以降認められなく なった。"",""かかりつけ薬局において薬歴管理を行うことにより、重複投薬や相互作用の有 無の確認ができ、薬物療法の有効性・安全性の向上が期待される。"",""西洋の医療制度が導入された明治 ₂ 年（₁₈₆₉ 年）を医薬分業元年として、急速 に分業が進んだ。"",""医師は、患者に必要な医薬品を病院・診療所にある医薬品に限定されることな く処方することができる。""]"	multiChoice	[2,4]	null	normal	false	parsed	"[""none""]"		https://www.mhlw.go.jp/content/001455152.pdf	https://www.mhlw.go.jp/content/001458551.pdf	2025-02-23	MHLW website content under Public Data License 1.0 unless separately indicated; third-party content requires separate review
P110-150	110	150	理論	法規・制度・倫理	薬剤師と実務実習生の会話である。会話内容に関する記述として適切なのはど れか。2つ選べ。 薬 剤 師：初めての服薬指導はうまくできましたか？ 実務実習生：いいえ、あまりうまくできませんでした。 薬 剤 師：①どのあたりがうまくいかないと思ったのですか？ 実務実習生：本当の患者さんを前にして緊張してしまい、準備した資料が気に なって②患者さんの目をあまり見られませんでした。 薬 剤 師：③初めての服薬指導は緊張しますよね。それで、緊張して患者さん の目を見てお話ができなかったと感じているのですね。 実務実習生：そうなんです。 薬 剤 師：私が見ていた感想としては、④漏れなく情報を伝えられたのは非常 に良かったです。患者さんの目を見てお話できなかった点は改善すべ きですが、患者さんの気持ちに寄り添ってお話しようと取り組んでい たのは素晴らしかったです。 実務実習生：ありがとうございます。次回は患者さんの目を見てお話することを 意識してみます。	"[""①で薬剤師は、実務実習生が考えや気持ちを話せるように、閉じた質問を行っ た。"",""②で実務実習生は、言語コミュニケーションがうまくできなかったことを伝え た。"",""③で薬剤師は、実務実習生の話を理解していることを伝えるために、実務実習 生が話した内容を共感的に繰り返した。"",""④で薬剤師は、Positive・Negative・Positive を活用してフィードバックした。"",""実務実習生は、薬剤師との会話の中で終始、非主張的な反応を示していた。""]"	multiChoice	[2,3]	null	normal	false	parsed	"[""none""]"		https://www.mhlw.go.jp/content/001455152.pdf	https://www.mhlw.go.jp/content/001458551.pdf	2025-02-23	MHLW website content under Public Data License 1.0 unless separately indicated; third-party content requires separate review
P110-151	110	151	理論	薬理	細胞内情報伝達系に関する記述として、正しいのはどれか。2つ選べ。	"[""ドパミン D2 受容体が刺激されると、Gi タンパク質を介してアデニル酸シク ラーゼ活性が抑制される。"",""グルタミン酸 NMDA 受容体が刺激されると、Ca の細胞膜透過性が亢進され 2+ る。"",""c︲アミノ酪酸 GABAB 受容体が刺激されると、Cl の細胞膜透過性が亢進され - る。"",""グルカゴン受容体が刺激されると、受容体型チロシンキナーゼが活性化され る。"",""インスリン受容体が刺激されると、膜結合型グアニル酸シクラーゼが活性化さ れる。""]"	multiChoice	[0,1]	null	normal	false	parsed	"[""none""]"		https://www.mhlw.go.jp/content/001455159.pdf	https://www.mhlw.go.jp/content/001458551.pdf	2025-02-23	MHLW website content under Public Data License 1.0 unless separately indicated; third-party content requires separate review
P110-152	110	152	理論	薬理	自律神経系に作用する薬物に関する記述として、正しいのはどれか。2つ選 べ。	"[""アコチアミドは、アセチルコリン M1 受容体を遮断して、胃酸分泌を抑制する。"",""セビメリンは、アセチルコリン M3 受容体を刺激して、唾液分泌を促進させる。"",""サルブタモールは、アドレナリン b1 受容体を遮断して、子宮平滑筋を収縮さ せる。"",""ピンドロールは、アドレナリン b2 受容体を刺激して、気管支平滑筋を弛緩さ せる。"",""クロニジンは、アドレナリン a2 受容体を刺激して、交感神経活動を抑制する。""]"	multiChoice	[1,4]	null	normal	false	parsed	"[""none""]"		https://www.mhlw.go.jp/content/001455159.pdf	https://www.mhlw.go.jp/content/001458551.pdf	2025-02-23	MHLW website content under Public Data License 1.0 unless separately indicated; third-party content requires separate review
P110-153	110	153	理論	薬理	外科的手術時に用いられる薬物に関する記述として、正しいのはどれか。2つ 選べ。	"[""血液／ガス分配係数の大きい吸入麻酔薬ほど、麻酔の導入は速い。"",""最小肺胞濃度（MAC）の大きい吸入麻酔薬ほど、麻酔作用は強い。"",""デクスメデトミジンは、アドレナリン a2 受容体を刺激することで、鎮痛及び 鎮静作用を生じる。"",""チアミラールは、c︲アミノ酪酸 GABAA 受容体のバルビツール酸結合部位に結 合することで、意識消失を生じる。"",""ケタミンは、ヒスタミン H1 受容体を遮断することで、不動化（筋弛緩）を起 こす。""]"	multiChoice	[2,3]	null	normal	false	parsed	"[""none""]"		https://www.mhlw.go.jp/content/001455159.pdf	https://www.mhlw.go.jp/content/001458551.pdf	2025-02-23	MHLW website content under Public Data License 1.0 unless separately indicated; third-party content requires separate review
P110-154	110	154	理論	薬理	抗てんかん薬に関する記述として、正しいのはどれか。2つ選べ。	"[""ラコサミドは、電位依存性 Na チャネルの緩徐な不活性化を促進して、神経 + 細胞の過剰興奮を抑制する。"",""スルチアムは、電位依存性 T 型 Ca チャネルを遮断して、欠神発作に特徴的 2+ な棘徐波複合の発生を抑制する。"",""スチリペントールは、シナプス小胞タンパク質 ₂A（SV₂A）に結合して、神経 伝達物質の遊離を抑制する。"",""ビガバトリンは、c︲アミノ酪酸（GABA）トランスアミナーゼを不可逆的に阻 害して、脳内 GABA 濃度を上昇させる。"",""ルフィナミドは、グルタミン酸 AMPA 受容体を非競合的に遮断して、神経細 胞における活動電位の発生を抑制する。""]"	multiChoice	[0,3]	null	normal	false	parsed	"[""none""]"		https://www.mhlw.go.jp/content/001455159.pdf	https://www.mhlw.go.jp/content/001458551.pdf	2025-02-23	MHLW website content under Public Data License 1.0 unless separately indicated; third-party content requires separate review
P110-155	110	155	理論	薬理	抗アレルギー薬に関する記述として、正しいのはどれか。2つ選べ。	"[""スプラタストは、プロスタノイド TP 受容体及びプロスタノイド DP2（CRTH₂） 受容体を遮断する。"",""プランルカストは、ロイコトリエン CysLT1 受容体を遮断する。"",""シプロヘプタジンは、トロンボキサン合成酵素を阻害する。"",""ラマトロバンは、ヒスタミン H1 受容体を遮断する。"",""デュピルマブは、IL︲₄ 受容体 a サブユニットに結合して、IL︲₄ 及び IL︲₁₃ の 作用を抑制する。 一般問題（薬学理論問題）【薬理／病態・薬物治療】""]"	multiChoice	[1,4]	null	normal	false	parsed	"[""none""]"		https://www.mhlw.go.jp/content/001455159.pdf	https://www.mhlw.go.jp/content/001458551.pdf	2025-02-23	MHLW website content under Public Data License 1.0 unless separately indicated; third-party content requires separate review
P110-156	110	156	理論	薬理	−157 ₆₃ 歳男性。慢性心不全と診断され、治療中である。その他の既往歴及び常 用薬はない。 問 156（薬理） 心不全治療薬に関する記述として、正しいのはどれか。2つ選べ。	"[""ミルリノンは、ホスホジエステラーゼⅢ（PDE Ⅲ）を阻害して、心筋細胞内 サイクリック AMP（cAMP）の分解を抑制する。"",""コルホルシンダロパートは、Na , K ︲ATPase を阻害して、陽性の変力作用及 + + び陰性の変時作用を示す。"",""イバブラジンは、ネプリライシンを阻害して、心房性ナトリウム利尿ペプチド の分解を抑制する。"",""カンデサルタンは、アンジオテンシンⅡ AT1 受容体を遮断して、心筋のリモ デリングを抑制する。"",""ベルイシグアトは、過分極活性化環状ヌクレオチド依存性（HCN）チャネルを 遮断して、心拍数を減少させる。""]"	multiChoice	[0,3]	null	normal	false	parsed	"[""none""]"		https://www.mhlw.go.jp/content/001455159.pdf	https://www.mhlw.go.jp/content/001458551.pdf	2025-02-23	MHLW website content under Public Data License 1.0 unless separately indicated; third-party content requires separate review
P110-157	110	157	理論	病態・薬物治療	（病態・薬物治療） 服薬は正しく継続され、副作用もみられなかったが、 ₁ ケ月前から労作時の息切 れが徐々に増悪するようになった。 ₂ ～ ₃ 日前からは安静時にも息苦しさを自覚す るようになり、昨夜突然、強い咳を伴った呼吸困難が出現したため救急搬送され た。下肢に浮腫が認められ、血圧は ₈₈/₆₀ mmHg であった。心臓超音波検査を 行ったところ、左室駆出率（LVEF）は ₃₀％に低下していた。さらに、胸部 X 線 検査により肺うっ血と軽度な心拡大の所見が認められ、慢性心不全の急性増悪と診 断され入院となった。この患者の来院時の病態及び症状に関する記述として、正し いのはどれか。2つ選べ。	"[""右心機能は正常である。"",""心臓からのナトリウム利尿ペプチドの分泌が亢進している。"",""心電図で ST 上昇が認められる。"",""呼吸症状は、起坐位よりも仰臥位で増悪する。"",""尿量は増加している可能性が高い。 一般問題（薬学理論問題）【薬理】""]"	multiChoice	[1,3]	null	normal	false	parsed	"[""none""]"		https://www.mhlw.go.jp/content/001455159.pdf	https://www.mhlw.go.jp/content/001458551.pdf	2025-02-23	MHLW website content under Public Data License 1.0 unless separately indicated; third-party content requires separate review
P110-158	110	158	理論	薬理	高血圧症治療薬に関する記述として、正しいのはどれか。2つ選べ。	"[""テラゾシンは、アドレナリン a1 及び b1 受容体を遮断して、反射性頻脈を起こ さずに血圧を低下させる。"",""アムロジピンは、電位依存性 L 型 Ca チャネルを遮断して、血管平滑筋細胞 2+ への Ca 流入を抑制する。 2+"",""アリスキレンは、エンドセリン ETA 及び ETB 受容体を遮断して、血管平滑筋 を弛緩させる。"",""インダパミドは、遠位尿細管における Na の再吸収を阻害して、循環血流量 + を減少させる。"",""エサキセレノンは、集合管において、バソプレシン V2 受容体を遮断して、水 の再吸収を抑制する。""]"	multiChoice	[1,3]	null	normal	false	parsed	"[""none""]"		https://www.mhlw.go.jp/content/001455159.pdf	https://www.mhlw.go.jp/content/001458551.pdf	2025-02-23	MHLW website content under Public Data License 1.0 unless separately indicated; third-party content requires separate review
P110-159	110	159	理論	薬理	抗血小板薬に関する記述として、正しいのはどれか。2つ選べ。	"[""シロスタゾールは、ADP P₂Y12 受容体を遮断することで、血小板内サイクリッ ク AMP（cAMP）濃度を増加させる。"",""オザグレルは、アデノシン A2 受容体を遮断することで、血小板内 Ca 濃度の 2+ 上昇を抑制する。"",""ベ ラ プ ロ ス ト は、 プ ロ ス タ ノ イ ド IP 受 容 体 を 刺 激 す る こ と で、 血 小 板 内 cAMP 濃度を増加させる。"",""サルポグレラートは、セロトニン ₅︲HT2 受容体を遮断することで、血小板内 Ca 濃度の上昇を抑制する。 2+"",""プラスグレルは、ホスホジエステラーゼⅢ（PDE Ⅲ）を阻害することで、血 小板内 cAMP 濃度を増加させる。""]"	multiChoice	[2,3]	null	normal	false	parsed	"[""none""]"		https://www.mhlw.go.jp/content/001455159.pdf	https://www.mhlw.go.jp/content/001458551.pdf	2025-02-23	MHLW website content under Public Data License 1.0 unless separately indicated; third-party content requires separate review
P110-160	110	160	理論	薬理	呼吸器系に作用する薬物に関する記述として、正しいのはどれか。2つ選べ。	"[""オキシメテバノールは、オピオイド受容体を刺激して、鎮咳作用を示す。"",""L︲カルボシステインは、構造中に SH 基を有し、ムコタンパク質のペプチド鎖 の連結を切断して、去痰作用を示す。"",""フルマゼニルは、末梢性化学受容器を刺激して、間接的に呼吸中枢を興奮させ る。"",""ブロムヘキシンは、アンブロキソールの活性代謝物であり、肺サーファクタン ト分泌を促進する。"",""ニンテダニブは、血管内皮増殖因子受容体（VEGFR）、線維芽細胞増殖因子受 容体（FGFR）及び血小板由来増殖因子受容体（PDGFR）のチロシンキナーゼを 阻害して、肺の線維化を抑制する。""]"	multiChoice	[0,4]	null	normal	false	parsed	"[""none""]"		https://www.mhlw.go.jp/content/001455159.pdf	https://www.mhlw.go.jp/content/001458551.pdf	2025-02-23	MHLW website content under Public Data License 1.0 unless separately indicated; third-party content requires separate review
P110-161	110	161	理論	薬理	過敏性腸症候群治療薬に関する記述として、正しいのはどれか。2つ選べ。	"[""ポリカルボフィルカルシウムは、胃内の酸性条件下でカルシウムを脱離し、腸 管腔内において膨潤・ゲル化することで、水分バランスを調節する。"",""ラモセトロンは、求心性神経終末に存在するセロトニン ₅︲HT3 受容体を遮断 することで、大腸痛覚の伝達を抑制する。"",""メペンゾラートは、副交感神経のセロトニン ₅︲HT4 受容体を刺激し、アセチ ルコリン遊離を促進することで、腸運動を亢進する。"",""トリメブチンは、消化管運動亢進時には、アドレナリン作動性神経のオピオイ ド n 受容体を刺激することで、腸運動を抑制する。"",""リナクロチドは、胆汁酸トランスポーターを阻害し、胆汁酸の再吸収を抑制す ることで、腸管内に水分及び電解質を分泌させる。 一般問題（薬学理論問題）【薬理／病態・薬物治療】""]"	multiChoice	[0,1]	null	normal	false	parsed	"[""none""]"		https://www.mhlw.go.jp/content/001455159.pdf	https://www.mhlw.go.jp/content/001458551.pdf	2025-02-23	MHLW website content under Public Data License 1.0 unless separately indicated; third-party content requires separate review
P110-162	110	162	理論	病態・薬物治療	−163 ₅₀ 歳男性。営業職で飲酒の機会が多く、 ₅ 年間で体重は ₈ kg 増加した。 健診にて ₄ 年前より高血糖を指摘されていたが、放置していた。最近、口渇と頻尿 を認めるようになったため病院を受診し検査を受けた結果、 ₂ 型糖尿病と診断され た。服薬歴なし。喫煙 ₂₀ 本/日。運動習慣はない。 問 162（病態・薬物治療） この患者の身体所見及び検査値は以下のとおりである。 身長 ₁₇₅ cm、体重 ₈₀ kg、血圧 ₁₄₆/₉₄ mmHg、脈拍 ₆₂ 拍/分、下腿に浮腫はない。 尿検査：糖（ ₃+）、尿タンパク（!）、潜血（-）、ケトン体（-）、 尿アルブミン/クレアチニン比 ₉₀ mg/gCr 血液検査：空腹時血糖 ₁₈₂ mg/dL、HbA₁c ₈ . ₄％、LDL︲C ₁₆₂ mg/dL、 TG（トリグリセリド）₂₃₀ mg/dL、HDL︲C ₃₈ mg/dL、尿酸 ₅ . ₈ mg/dL、 血清クレアチニン ₀ . ₈ mg/dL、BUN ₁₂ mg/dL、 eGFR ₈₁ mL/min/₁ . ₇₃ m 、Na ₁₄₂ mEq/L、Cl ₁₀₂ mEq/L、 K ₄ . ₂ mEq/L 眼底検査：異常なし 本患者において ₂ 型糖尿病に合併しているのはどれか。2つ選べ。	"[""糖尿病性腎症"",""単純網膜症"",""病型分類Ⅰ型の脂質異常症"",""高尿酸血症"",""肥満症""]"	multiChoice	[0,4]	null	normal	false	parsed	"[""none""]"		https://www.mhlw.go.jp/content/001455159.pdf	https://www.mhlw.go.jp/content/001458551.pdf	2025-02-23	MHLW website content under Public Data License 1.0 unless separately indicated; third-party content requires separate review
P110-163	110	163	理論	薬理	（薬理） 糖尿病治療薬に関する記述として、正しいのはどれか。2つ選べ。	"[""グリクラジドは、ATP 感受性 K チャネルを開口して、膵臓ランゲルハンス島 + b 細胞からのインスリン分泌を促進する。"",""ピオグリタゾンは、ペルオキシソーム増殖剤応答性受容体 a（PPAR a）を刺 激して、アディポネクチンの分泌を低下させる。"",""ボグリボースは、小腸上皮細胞に存在する a︲グルコシダーゼを阻害して、単 糖類の生成を抑制する。"",""ルセオグリフロジンは、ナトリウム︲グルコース共輸送体 ₂ （SGLT₂）を阻害 して、近位尿細管におけるグルコースの再吸収を抑制する。"",""イメグリミンは、インクレチンの分解を抑制して、膵臓ランゲルハンス島 a 細 胞からのグルカゴン分泌を促進する。 一般問題（薬学理論問題）【薬理】""]"	multiChoice	[2,3]	null	normal	false	parsed	"[""none""]"		https://www.mhlw.go.jp/content/001455159.pdf	https://www.mhlw.go.jp/content/001458551.pdf	2025-02-23	MHLW website content under Public Data License 1.0 unless separately indicated; third-party content requires separate review
P110-164	110	164	理論	薬理	脂質異常症治療薬に関する記述として、正しいのはどれか。2つ選べ。	"[""アトルバスタチンは、₃︲ヒドロキシ︲₃︲メチルグルタリル CoA（HMG︲CoA） 還元酵素を阻害して、肝細胞の低密度リポタンパク質（LDL）受容体を増加させ る。"",""コレスチミドは、転写因子 SREBP︲₁c の活性を抑制して、トリグリセリドの合 成を抑制する。"",""プロブコールは、小腸コレステロールトランスポーターを阻害して、腸管から のコレステロール吸収を抑制する。"",""ベザフィブラートは、ミクロソームトリグリセリド輸送タンパク質（MTP） を阻害して、超低密度リポタンパク質（VLDL）の産生を抑制する。"",""ニコモールは、ニコチン酸受容体を刺激し、脂肪組織における脂肪分解を抑制 して、肝臓への遊離脂肪酸の動員を減少させる。 一般問題（薬学理論問題）【薬理／病態・薬物治療】""]"	multiChoice	[0,4]	null	normal	false	parsed	"[""none""]"		https://www.mhlw.go.jp/content/001455159.pdf	https://www.mhlw.go.jp/content/001458551.pdf	2025-02-23	MHLW website content under Public Data License 1.0 unless separately indicated; third-party content requires separate review
P110-165	110	165	理論	病態・薬物治療	−166 ₆ 歳男児。咽頭痛のため耳鼻咽喉科を受診した。血液検査で抗ストレプト リジン O（ASO）抗体と抗ストレプトキナーゼ（ASK）抗体の上昇が認められ、 A 群溶血性レンサ球菌（溶連菌）咽頭炎と診断された。 問 165（病態・薬物治療） A 群溶血性レンサ球菌（溶連菌）咽頭炎に関する記述として、正しいのはどれ か。2つ選べ。	"[""空気感染が、主な感染経路である。"",""起因菌は、血液寒天培地上で溶血反応を示す。"",""特徴的な所見として、舌に白色の水疱を認めることが多い。"",""合併症として、急性糸球体腎炎を認めることがある。"",""自然治癒することはない。""]"	multiChoice	[1,3]	null	normal	false	parsed	"[""none""]"		https://www.mhlw.go.jp/content/001455159.pdf	https://www.mhlw.go.jp/content/001458551.pdf	2025-02-23	MHLW website content under Public Data License 1.0 unless separately indicated; third-party content requires separate review
P110-166	110	166	理論	薬理	（薬理） レンサ球菌属に対して抗菌作用を示す薬物に関する記述として、正しいのはどれ か。2つ選べ。	"[""セファレキシンは、細菌のピルビン酸転移酵素を阻害して、UDP︲N ︲アセチル ムラミン酸の合成を抑制する。"",""エリスロマイシンは、細菌のジヒドロ葉酸還元酵素を阻害して、テトラヒドロ 葉酸の生成を抑制する。"",""アモキシシリンは、細菌のペニシリン結合タンパク質に共有結合して、不可逆 的にトランスペプチダーゼ活性を阻害する。"",""クリンダマイシンは、細菌のリボソーム ₅₀S サブユニットに結合して、ペプチ ド転移酵素反応を阻害する。"",""アジスロマイシンは、細菌のリボソーム ₃₀S サブユニットと結合して、アミノ アシル tRNA が mRNA と結合するのを阻害する。 一般問題（薬学理論問題）【薬理】""]"	multiChoice	[2,3]	null	normal	false	parsed	"[""none""]"		https://www.mhlw.go.jp/content/001455159.pdf	https://www.mhlw.go.jp/content/001458551.pdf	2025-02-23	MHLW website content under Public Data License 1.0 unless separately indicated; third-party content requires separate review
P110-167	110	167	理論	薬理	抗悪性腫瘍薬に関する記述として、正しいのはどれか。2つ選べ。	"[""オキサリプラチンは、がん細胞の DNA 鎖内及び鎖間に架橋を形成して、DNA の複製及び転写を阻害する。"",""パクリタキセルは、微小管の重合を阻害して、紡錘糸の機能を抑制する。"",""イリノテカンは、体内で活性代謝物に変化し、トポイソメラーゼⅠ活性を阻害 して、切断された一本鎖 DNA の再結合を抑制する。"",""ニボルマブは、T 細胞上の PD︲₁ に結合し、PD︲₁ と PD︲L₁ 及び PD︲L₂ の結 合を阻害して、T 細胞の活性化を抑制する。"",""ラムシルマブは、上皮増殖因子受容体（EGFR）に結合し、EGF の作用を抑制 して、腫瘍血管新生を抑制する。""]"	multiChoice	[0,2]	null	normal	false	parsed	"[""none""]"		https://www.mhlw.go.jp/content/001455159.pdf	https://www.mhlw.go.jp/content/001458551.pdf	2025-02-23	MHLW website content under Public Data License 1.0 unless separately indicated; third-party content requires separate review
P110-169	110	169	理論	薬剤	メトプロロールは、肝臓における代謝及び尿中への排泄の両過程により体内か ら消失する。全身クリアランスは ₁ . ₀ L/min であり、静脈内投与後の尿中未変化 体排泄率は投与量の ₁₀％である。メトプロロールを経口投与した際、肝初回通過 効果により消失する割合（％）に最も近い値はどれか。1つ選べ。 ただし、メトプロロールの消化管からの吸収は ₁₀₀％であり、消化管における代 謝はなく、肝血流量は ₁ . ₅ L/min とする。	"[""₂₀"",""₃₀"",""₄₀"",""₅₀"",""₆₀""]"	singleChoice	4	null	normal	false	parsed	"[""none""]"		https://www.mhlw.go.jp/content/001455159.pdf	https://www.mhlw.go.jp/content/001458551.pdf	2025-02-23	MHLW website content under Public Data License 1.0 unless separately indicated; third-party content requires separate review
P110-170	110	170	理論	薬剤	ある薬物は血漿と組織に分布し、その血漿中非結合形分率は ₀ . ₁₀、組織中非結 合形分率は ₀ . ₅₀ である。この薬物を患者に投与したときの分布容積（L）に最も 近い値はどれか。1つ選べ。 ただし、この患者の血漿容積は ₃ L、組織容積は ₄₀ L とする。	"[""₀.₃"",""₃"",""₁₁"",""₄₃"",""₂₀₃""]"	singleChoice	2	null	normal	false	parsed	"[""none""]"		https://www.mhlw.go.jp/content/001455159.pdf	https://www.mhlw.go.jp/content/001458551.pdf	2025-02-23	MHLW website content under Public Data License 1.0 unless separately indicated; third-party content requires separate review
P110-172	110	172	理論	薬剤	プロドラッグとその活性代謝物の組合せとして、正しいのはどれか。2つ選べ。 プロドラッグ 活性代謝物	"[""カルビドパ ドパミン"",""カペシタビン フルオロウラシル"",""アシクロビル バラシクロビル"",""カンデサルタンシレキセチル カンデサルタン"",""オセルタミビル ラニナミビル""]"	multiChoice	[1,3]	null	normal	false	parsed	"[""none""]"		https://www.mhlw.go.jp/content/001455159.pdf	https://www.mhlw.go.jp/content/001458551.pdf	2025-02-23	MHLW website content under Public Data License 1.0 unless separately indicated; third-party content requires separate review
P110-173	110	173	理論	薬剤	腎機能が低下したある患者のイヌリンクリアランスが ₃₀ mL/min/₁ . ₇₃ m 、ク レアチニンクリアランスが ₅₀ mL/min/₁ . ₇₃ m であった。この患者の腎機能に関 する記述として適切なのはどれか。2つ選べ。 ただし、クレアチニンは血漿タンパク質に結合せず、尿細管で再吸収されないも のとする。	"[""糸球体ろ過速度は ₂₀ mL/min/₁ . ₇₃ m と推定できる。"",""イヌリンの尿細管での再吸収クリアランスは ₂₀ mL/min/₁ . ₇₃ m と推定でき る。"",""クレアチニンの尿細管分泌クリアランスは ₂₀ mL/min/₁ . ₇₃ m と推定できる。"",""糸球体ろ過速度が正常なときより、イヌリンクリアランスは大きいと考えられ る。"",""糸球体ろ過速度が正常なときより、クレアチニンクリアランスは小さいと考え られる。""]"	multiChoice	[2,4]	null	normal	false	parsed	"[""none""]"		https://www.mhlw.go.jp/content/001455159.pdf	https://www.mhlw.go.jp/content/001458551.pdf	2025-02-23	MHLW website content under Public Data License 1.0 unless separately indicated; third-party content requires separate review
P110-174	110	174	理論	薬剤	薬物の腎排泄過程における相互作用により血中濃度が上昇する薬物、併用薬、 関与するトランスポーターの組合せとして、正しいのはどれか。2つ選べ。 薬物 併用薬 トランスポーター ペプチドトランスポーター	"[""プロカインアミド シメチジン PEPT₁ 有機アニオントランスポーター"",""メトホルミン リファンピシン OATP₁B₁ 有機アニオントランスポーター"",""メトトレキサート プロベネシド OAT₁ 、OAT₃"",""ジゴキシン ベラパミル P︲糖タンパク質 有機カチオントランスポーター"",""シクロスポリン シスプラチン OCT₂""]"	multiChoice	[2,3]	null	normal	false	parsed	"[""none""]"		https://www.mhlw.go.jp/content/001455159.pdf	https://www.mhlw.go.jp/content/001458551.pdf	2025-02-23	MHLW website content under Public Data License 1.0 unless separately indicated; third-party content requires separate review
P110-176	110	176	理論	薬剤	ある水不溶性の薬物粉体 ₂₅ . ₀ g を ₅₀ . ₀ mL の容器に充てんした。この容器を 水で満たしたとき、全体の質量（容器質量を除く）は ₅₅ . ₀ g であった。この粉体 の真密度（g/mL）に最も近い値はどれか。1つ選べ。 ただし、水の密度を ₁ . ₀₀ g/mL とし、添加した水は粉体の空隙をすべて満たす ものとする。	"[""₀ . ₈₀"",""₁ . ₀₀"",""₁ . ₂₅"",""₁ . ₅₀"",""₁ . ₇₅""]"	singleChoice	2	null	normal	false	parsed	"[""none""]"		https://www.mhlw.go.jp/content/001455159.pdf	https://www.mhlw.go.jp/content/001458551.pdf	2025-02-23	MHLW website content under Public Data License 1.0 unless separately indicated; third-party content requires separate review
P110-178	110	178	理論	薬剤	図中の直線は、 ₃ 種の薬物Ａ、Ｂ、Ｃがそれぞれ溶解補助剤Ｘと可溶性複合体 ＡＸ、ＢＸ、ＣＸを形成し、溶解度が増大する様子を示している。 Ａ Ｂ 薬物の溶解度 Ｃ 溶解補助剤Ｘの添加濃度 以下の記述のうち、正しいのはどれか。2つ選べ。 なお、いずれの場合も安定度定数 K は次式で表される。 ［可溶性複合体］ K= ［薬物］・［Ｘ］ ただし、［ ］は濃度を示す。	"[""溶解補助剤を添加しないとき、薬物の溶解度の大小関係は、Ａ = Ｃ 2 Ｂであ る。"",""可溶性複合体ＡＸと可溶性複合体ＢＸの安定度定数は等しい。"",""可溶性複合体ＡＸの安定度定数は、可溶性複合体ＣＸの安定度定数より大き い。"",""可溶性複合体ＢＸの安定度定数は、可溶性複合体ＣＸの安定度定数より小さ い。"",""K の値が小さいほど、薬物とＸは安定な可溶性複合体を形成する。""]"	multiChoice	[0,2]	null	normal	false	parsed	"[""none""]"		https://www.mhlw.go.jp/content/001455159.pdf	https://www.mhlw.go.jp/content/001458551.pdf	2025-02-23	MHLW website content under Public Data License 1.0 unless separately indicated; third-party content requires separate review
P110-179	110	179	理論	薬剤	薬物の溶解性を高める製剤的手法に関する記述として、正しいのはどれか。 2つ選べ。	"[""微粉化により、比表面積を小さくする。"",""シクロデキストリンにより、ミセルを形成させる。"",""水と混和する有機溶媒を添加して、溶媒の極性を変化させる。"",""結晶性薬物の場合、非晶質化して熱力学的に安定化させる。"",""テオフィリンの場合、エチレンジアミンと複合体を形成させる。""]"	multiChoice	[2,4]	null	normal	false	parsed	"[""none""]"		https://www.mhlw.go.jp/content/001455159.pdf	https://www.mhlw.go.jp/content/001458551.pdf	2025-02-23	MHLW website content under Public Data License 1.0 unless separately indicated; third-party content requires separate review
P110-180	110	180	理論	薬剤	分散系医薬品と製剤の種類（投与時）との組合せのうち、正しいのはどれか。 2つ選べ。 分散系医薬品（有効成分） 製剤の種類（投与時）	"[""ドキシル注 ₂₀ mg（ドキソルビシン塩酸塩） リポソーム"",""ネオーラル内用液 ₁₀％（シクロスポリン） 高分子ミセル"",""リュープリン注射用 ₁ . ₈₈ mg（リュープロレリン酢酸塩） 多相エマルション"",""フェジン静注 ₄₀ mg（含糖酸化鉄） 分散コロイド"",""₁％ディプリバン注（プロポフォール） サスペンション""]"	multiChoice	[0,3]	null	normal	false	parsed	"[""none""]"		https://www.mhlw.go.jp/content/001455159.pdf	https://www.mhlw.go.jp/content/001458551.pdf	2025-02-23	MHLW website content under Public Data License 1.0 unless separately indicated; third-party content requires separate review
P110-182	110	182	理論	薬剤	粘膜に適用する製剤に関する記述のうち、正しいのはどれか。2つ選べ。	"[""バッカル錠は、咀嚼により、有効成分を放出する口腔用錠剤である。"",""点鼻粉末剤には、通例、密閉容器が用いられる。"",""点眼剤の非水性溶剤には、通例、植物油が用いられる。"",""眼軟膏剤に含まれる粒子の最大粒子径は、通例、₁₅₀ nm 以下である。"",""坐剤の油脂性基剤として、マクロゴールが用いられる。""]"	multiChoice	[1,2]	null	normal	false	parsed	"[""none""]"		https://www.mhlw.go.jp/content/001455159.pdf	https://www.mhlw.go.jp/content/001458551.pdf	2025-02-23	MHLW website content under Public Data License 1.0 unless separately indicated; third-party content requires separate review
P110-183	110	183	理論	薬剤	日本薬局方一般試験法に関する記述として、正しいのはどれか。2つ選べ。	"[""製剤均一性試験法において、医薬品の有効成分含量が ₅ mg で、有効成分濃度 が ₂ . ₅％の素錠には、質量偏差試験が適用できる。"",""溶出試験法には、パドルオーバーディスク法、シリンダー法及び縦型拡散セル 法がある。"",""カールフィッシャー法は、試料のオスモル濃度を凝固点降下法を用いて測定す る方法である。"",""エンドトキシン試験法は、ライセート試薬を用いてグラム陰性菌由来のエンド トキシンを検出又は定量する試験法である。"",""注射剤の採取容量試験法は、表示量よりやや過剰に採取できる量が容器に充填 されていることを確認する試験法である。 一般問題（薬学理論問題）【病態・薬物治療】""]"	multiChoice	[3,4]	null	normal	false	parsed	"[""none""]"		https://www.mhlw.go.jp/content/001455159.pdf	https://www.mhlw.go.jp/content/001458551.pdf	2025-02-23	MHLW website content under Public Data License 1.0 unless separately indicated; third-party content requires separate review
P110-184	110	184	理論	病態・薬物治療	アトピー性皮膚炎の病態と治療に関する記述として、正しいのはどれか。2つ 選べ。	"[""乳幼児期には、体幹や四肢に乾燥や皮疹が発症したのちに頭部や顔面に拡大す る。"",""掻痒、左右対称性の湿疹及び慢性・反復性経過を特徴とする。"",""血液検査では、血中 IgA 値が高値を示す。"",""外用療法の第一選択は、非ステロイド性抗炎症薬（NSAIDs）である。"",""タクロリムス軟膏を使用する場合は、塗布部位の灼熱感やほてり、感染症に注 意する。""]"	multiChoice	[1,4]	null	normal	false	parsed	"[""none""]"		https://www.mhlw.go.jp/content/001455159.pdf	https://www.mhlw.go.jp/content/001458551.pdf	2025-02-23	MHLW website content under Public Data License 1.0 unless separately indicated; third-party content requires separate review
P110-185	110	185	理論	病態・薬物治療	₂₂ 歳女性。不安を主訴に来院。高校 ₂ 年の ₃ 月頃より、大学受験のストレスを 感じるようになった。その頃から友人と一緒に食事をした際に、喉が詰まった感じ で物を飲み込みづらくなったが受験のストレスと思って放置した。大学入学後も、 友人との外食の際に何度か同様の症状が出現し、次第に人に見られている気がして 手が震えるようになり、友人と遊ぶこともできなくなった。就職が決まり、今後仕 事に支障がでるのではないかと心配し、内科を受診したが身体所見や神経学的所見 に異常はないため、精神科を紹介された。 精神科での診察で質問に対して的確に回答し、抑うつ症状は認められなかった。 自宅では普通に食事はできる。自分では気にする必要はないと理解しているが、な ぜ、外食時にはこんなに緊張して食事ができなくなるかわからないという。 この患者の治療薬として適切なのはどれか。2つ選べ。	"[""パロキセチン"",""炭酸リチウム"",""エチゾラム"",""ハロペリドール"",""オランザピン""]"	multiChoice	[0,2]	null	normal	false	parsed	"[""none""]"		https://www.mhlw.go.jp/content/001455159.pdf	https://www.mhlw.go.jp/content/001458551.pdf	2025-02-23	MHLW website content under Public Data License 1.0 unless separately indicated; third-party content requires separate review
P110-186	110	186	理論	病態・薬物治療	₁₇ 歳男性。₁₄ 歳時、起床時に右肩がぴくついた後、意識が消失した。病院に おいて脳波検査で異常が指摘され、てんかんと診断された。バルプロ酸ナトリウム による治療が開始され、問題なく経過していた。今回、全般性強直間代発作が出現 し、重積状態になったため救急搬送された。₂₀ 分ほどけいれん発作が持続してい る。 本患者のけいれん抑制のために最初に静脈内投与される薬物として、適切なのは どれか。2つ選べ。	"[""メタンフェタミン"",""ジアゼパム"",""プロポフォール"",""ロラゼパム"",""フェノバルビタール""]"	multiChoice	[1,3]	null	normal	false	parsed	"[""none""]"		https://www.mhlw.go.jp/content/001455159.pdf	https://www.mhlw.go.jp/content/001458551.pdf	2025-02-23	MHLW website content under Public Data License 1.0 unless separately indicated; third-party content requires separate review
P110-187	110	187	理論	病態・薬物治療	薬剤性過敏症症候群に関する記述として、正しいのはどれか。2つ選べ。	"[""重症型の呼吸器障害である。"",""原因医薬品として、抗てんかん薬や高尿酸血症治療薬がある。"",""原因医薬品の服用直後に発症することが多い。"",""初期症状として、発熱や紅斑がみられる。"",""発症時には原因薬を増量し、経過を観察する。""]"	multiChoice	[1,3]	null	normal	false	parsed	"[""none""]"		https://www.mhlw.go.jp/content/001455159.pdf	https://www.mhlw.go.jp/content/001458551.pdf	2025-02-23	MHLW website content under Public Data License 1.0 unless separately indicated; third-party content requires separate review
P110-188	110	188	理論	病態・薬物治療	腫瘍マーカーに関する記述として、正しいのはどれか。2つ選べ。	"[""腫瘍細胞のみから産生される。"",""治療中の経過観察に用いられる。"",""定量は、病変部の組織をサンプルとして行われる。"",""早期の前立腺がんでは、PSA（prostate specific antigen）は検出されない。"",""AFP（a︲fetoprotein）は肝細胞がんのマーカーである。""]"	multiChoice	[1,4]	null	normal	false	parsed	"[""none""]"		https://www.mhlw.go.jp/content/001455159.pdf	https://www.mhlw.go.jp/content/001458551.pdf	2025-02-23	MHLW website content under Public Data License 1.0 unless separately indicated; third-party content requires separate review
P110-189	110	189	理論	病態・薬物治療	白血球減少症の病態及び治療薬に関する記述として、正しいのはどれか。2つ 選べ。	"[""初期症状として、発熱や全身倦怠感がある。"",""再生不良性貧血では起こらない。"",""原因薬として、抗甲状腺薬がある。"",""治療には、エリスロポエチンが使用される。"",""放射線照射に伴う場合には、メトトレキサート大量療法が有効である。""]"	multiChoice	[0,2]	null	normal	false	parsed	"[""none""]"		https://www.mhlw.go.jp/content/001455159.pdf	https://www.mhlw.go.jp/content/001458551.pdf	2025-02-23	MHLW website content under Public Data License 1.0 unless separately indicated; third-party content requires separate review
P110-190	110	190	理論	病態・薬物治療	慢性閉塞性肺疾患（COPD）に関する記述として、正しいのはどれか。2つ選 べ。	"[""末梢気道病変と気腫性病変が複合的に関与して発症する。"",""中高年期より若年期での発症が多い。"",""病期分類には、対標準 ₁ 秒量（％FEV1）を用いる。"",""気管支ぜん息を合併している場合には、副腎皮質ステロイド製剤の吸入よりも 内服が推奨される。"",""インフルエンザワクチン接種は禁忌である。""]"	multiChoice	[0,2]	null	normal	false	parsed	"[""none""]"		https://www.mhlw.go.jp/content/001455159.pdf	https://www.mhlw.go.jp/content/001458551.pdf	2025-02-23	MHLW website content under Public Data License 1.0 unless separately indicated; third-party content requires separate review
P110-191	110	191	理論	病態・薬物治療	食道静脈瘤に関する記述として、正しいのはどれか。2つ選べ。	"[""肝硬変患者に好発する。"",""硝酸薬が危険因子である。"",""門脈圧の上昇がみられる。"",""典型的な症状に呑酸がある。"",""出血がなければ経過観察する。""]"	multiChoice	[0,2]	null	normal	false	parsed	"[""none""]"		https://www.mhlw.go.jp/content/001455159.pdf	https://www.mhlw.go.jp/content/001458551.pdf	2025-02-23	MHLW website content under Public Data License 1.0 unless separately indicated; third-party content requires separate review
P110-192	110	192	理論	病態・薬物治療	生薬とその主な副作用の組合せのうち、正しいのはどれか。2つ選べ。 生薬 主な副作用	"[""カンゾウ 高カリウム血症"",""ダイオウ 下痢"",""オウゴン 腸間膜静脈硬化症"",""サンシシ 胆汁うっ滞"",""マオウ 動悸""]"	multiChoice	[1,4]	null	normal	false	parsed	"[""none""]"		https://www.mhlw.go.jp/content/001455159.pdf	https://www.mhlw.go.jp/content/001458551.pdf	2025-02-23	MHLW website content under Public Data License 1.0 unless separately indicated; third-party content requires separate review
P110-193	110	193	理論	病態・薬物治療	症例対照研究の特徴として、正しいのはどれか。2つ選べ。	"[""まれな疾患の研究には適していない。"",""バイアスが生じやすい。"",""多数のアウトカムを扱うことができる。"",""後ろ向き研究である。"",""大きなサンプルサイズが必要である。""]"	multiChoice	[1,3]	null	normal	false	parsed	"[""none""]"		https://www.mhlw.go.jp/content/001455159.pdf	https://www.mhlw.go.jp/content/001458551.pdf	2025-02-23	MHLW website content under Public Data License 1.0 unless separately indicated; third-party content requires separate review
P110-194	110	194	理論	病態・薬物治療	疾患Ｘの有無を調べる検査Ａの感度は ₉₅％、特異度は ₉₀％である。疾患Ｘの 有病率が ₁₀％の集団に対し検査Ａを実施した場合、検査Ａの結果が陽性の患者の うち、真に疾患Ｘに罹患している確率（陽性的中率）に最も近い値はどれか。1つ 選べ。	"[""₁₀％"",""₃₀％"",""₅₀％"",""₇₀％"",""₉₀％""]"	singleChoice	2	null	normal	false	parsed	"[""none""]"		https://www.mhlw.go.jp/content/001455159.pdf	https://www.mhlw.go.jp/content/001458551.pdf	2025-02-23	MHLW website content under Public Data License 1.0 unless separately indicated; third-party content requires separate review
P110-195	110	195	理論	病態・薬物治療	薬物動態の変化に関連する記述として、正しいのはどれか。2つ選べ。	"[""心不全患者では、水溶性薬物の腎排泄速度が低下する。"",""肥満患者では、脂溶性薬物の分布容積が小さくなる。"",""小児では、水溶性薬物の体重当たりの分布容積が成人よりも大きい。"",""妊娠に伴って、糸球体ろ過速度が低下する。"",""血清アルブミン値低下患者では、薬物の分布容積が低下する。""]"	multiChoice	[0,2]	null	normal	false	parsed	"[""none""]"		https://www.mhlw.go.jp/content/001455159.pdf	https://www.mhlw.go.jp/content/001458551.pdf	2025-02-23	MHLW website content under Public Data License 1.0 unless separately indicated; third-party content requires separate review
P110-196	110	196	実践	物理・化学・生物	−197 ₇₀ 歳男性。陳旧性心筋梗塞、胆管結石の既往歴があり、交通外傷で救急搬 送され、入院となった。 入院直後に、心室細動、心肺停止となり院内急変対応チームが対応し、心肺蘇生 を行ったところ心拍は再開した。その時、バイタルサインは体温 ₃₄ . ₅ ℃、血圧 ₈₆/₅₀ mmHg、心拍 ₁₁₃ 拍/分、呼吸数 ₂₇ 回/分で、超音波検査等を実施し、外傷 による出血性ショックの診断となった。気管挿管後人工呼吸器管理とし、緊急輸血 を行い、生理食塩液とアドレナリン注 ₁ mg を投与した。 生理食塩液の持続投与下で動脈血液ガス等を確認した結果、医師は ₈ . ₄ w/v％炭 酸水素ナトリウム（NaHCO3）注射液の点滴を開始した。点滴開始から ₉₀ 分後に 状態の改善を認めた。₈ . ₄ w/v％ NaHCO3 注射液点滴開始前と点滴開始から ₉₀ 分 後の動脈血液ガス等は以下のとおりであった。 （動脈血液ガス） NaHCO3 注射液 NaHCO3 注射液 項目 点滴開始前 点滴開始から ₉₀ 分後 pH ₆ . ₈₂ ₇ . ₃₈ PaCO2（mmHg） ₆₃ . ₇ ₄₅ . ₅ PaO2（mmHg） ₁₃₀ . ₀ ₁₃₁ . ₁ HCO3 （mEq/L） ₁₀ . ₁ ₂₇ . ₄ - Base Excess（mEq/L） -₂₃ . ₀ ₂.₃ （その他の検査） NaHCO3 注射液 NaHCO3 注射液 項目 点滴開始前 点滴開始から ₉₀ 分後 ヘモグロビン（g/dL） ₉.₀ ₉.₀ 血清クレアチニン（mg/dL） ₁ . ₇₉ ₁ . ₄₉ eGFR（mL/min/₁ . ₇₃ m ） ₃₀ . ₀ ₃₇ . ₀ 尿中ケトン体 陰性 陰性 問 196（物理・化学・生物） 血液中 HCO3 について、NaHCO3 注射液の点滴開始前の物質量と開始 ₉₀ 分後の - 物 質 量 の 差 は ₈ . ₄ w/v％ NaHCO3 注 射 液 何 mL に 相 当 す る か。1 つ 選 べ。 た だ し、この患者の血液の体積を ₅ . ₀ L とし、点滴による変化や代謝等は考慮しないも のとする。また、NaHCO3 の式量を ₈₄ とする。	"[""₂₄ mL"",""₄₈ mL"",""₆₃ mL"",""₈₇ mL"",""₁₀₂ mL""]"	singleChoice	3	null	normal	false	parsed	"[""none""]"	P110-CASE-196	https://www.mhlw.go.jp/content/001455160.pdf	https://www.mhlw.go.jp/content/001458551.pdf	2025-02-23	MHLW website content under Public Data License 1.0 unless separately indicated; third-party content requires separate review
P110-197	110	197	実践	実務	（実務） 生理食塩液の持続投与に加え、₈ . ₄ w/v％ NaHCO3 注射液が処方された理由とし て最も適切なのはどれか。1つ選べ。	"[""ケトアシドーシスであったため。"",""呼吸性アシドーシスであったため。"",""代謝性アシドーシスであったため。"",""PaO2 が高値であったため。"",""ヘモグロビンが低値であったため。""]"	singleChoice	2	null	normal	false	parsed	"[""none""]"	P110-CASE-196	https://www.mhlw.go.jp/content/001455160.pdf	https://www.mhlw.go.jp/content/001458551.pdf	2025-02-23	MHLW website content under Public Data License 1.0 unless separately indicated; third-party content requires separate review
P110-198	110	198	実践	物理・化学・生物	−199 ₃₈ 歳女性。アレルギー性鼻炎で近医を受診し、処方 ₁ による治療を受けて いた。しかし、薬剤師は処方 ₁ の薬剤の供給が不安定になったとの情報を得たた め、医師と他剤への変更を検討し、処方 ₁ は処方 ₂ へ変更された。なお、処方 ₁ の 薬剤と処方 ₂ の薬剤は、添加剤が同じものを調剤した。 （処方 ₁ ） セチリジン塩酸塩錠 ₁₀ mg ₁ 回 ₁ 錠（ ₁ 日 ₁ 錠） ₁日₁回 就寝前 ₂₈ 日分 （処方 ₂ ） レボセチリジン塩酸塩錠 ₅ mg ₁ 回 ₁ 錠（ ₁ 日 ₁ 錠） ₁日₁回 就寝前 ₂₈ 日分 問 198（実務） 変更後の処方 ₂ に関して薬剤師が患者に行う説明として、適切なのはどれか。 2つ選べ。	"[""処方 ₂ の薬剤は、処方 ₁ の薬剤と同じように服用してください。"",""処方 ₂ の薬剤は、処方 ₁ の薬剤と効果が同等です。"",""処方 ₂ の薬剤は、処方 ₁ の薬剤より副作用が軽くなります。"",""処方 ₁ の薬剤の供給が安定すれば、医師の同意がなくても処方 ₁ に戻せます。"",""飲合せに注意する薬が処方 ₁ の薬剤と異なりますので、今後別の薬を服用する 場合は、相談してください。""]"	multiChoice	[0,1]	null	normal	false	parsed	"[""none""]"	P110-CASE-198	https://www.mhlw.go.jp/content/001455160.pdf	https://www.mhlw.go.jp/content/001458551.pdf	2025-02-23	MHLW website content under Public Data License 1.0 unless separately indicated; third-party content requires separate review
P110-199	110	199	実践	実務	（物理・化学・生物） セチリジン塩酸塩はその R︲エナンチオマーと S︲エナンチオマーのラセミ体で、 旋光性は示さない。一方、レボセチリジン塩酸塩は R︲エナンチオマーであり、旋 光性を示し、比旋光度［a］ D = +₁₀ . ₈₀ ° である。いま、レボセチリジン塩酸塩を 含む原末 ₁ . ₀₀ g を量り、水に溶かして全量 ₂₀₀ mL とし、層長 ₁₀₀ mm の測定管を 用いて温度 ₂₅ ℃で旋光度 aD を測定したところ、+₀ . ₀₅₂ °であった。この原末中 のレボセチリジン塩酸塩の含量に最も近いのはどれか。1つ選べ。ただし、原末中 には R︲エナンチオマー以外に旋光性を示す物質は含まないものとする。	"[""₉₂ . ₂％"",""₉₄ . ₁％"",""₉₆ . ₃％"",""₉₈ . ₄％"",""₁₀₀ . ₇％""]"	singleChoice	2	null	normal	false	parsed	"[""none""]"	P110-CASE-198	https://www.mhlw.go.jp/content/001455160.pdf	https://www.mhlw.go.jp/content/001458551.pdf	2025-02-23	MHLW website content under Public Data License 1.0 unless separately indicated; third-party content requires separate review
P110-200	110	200	実践	物理・化学・生物	−201 ₄₅ 歳女性。慢性的に片頭痛を繰り返しており、現在、処方 ₁ 及び ₂ の薬剤 を服用している。 病院再診時、患者の片頭痛日誌を確認したところ、月 ₄ 回以上通勤できないほど の片頭痛発作があった。医師は処方 ₂ の薬剤を変更するため、病院薬剤師に薬剤の 選択について意見を求めた。 （処方 ₁ ） スマトリプタンコハク酸塩錠 ₅₀ mg ₁回₁錠 頭痛時 ₁₀ 回分（₁₀ 錠） （処方 ₂ ） バルプロ酸ナトリウム徐放錠 ₂₀₀ mg ₁ 回 ₁ 錠（ ₁ 日 ₂ 錠） ₁日₂回 朝夕食後 ₂₈ 日分 問 200（実務） 薬剤師が提案する変更後の処方薬として適切なのはどれか。2つ選べ。	"[""セレコキシブ"",""ガルカネズマブ"",""エルゴタミン"",""ロメリジン塩酸塩"",""ロキソプロフェンナトリウム""]"	multiChoice	[1,3]	null	normal	false	parsed	"[""none""]"	P110-CASE-200	https://www.mhlw.go.jp/content/001455160.pdf	https://www.mhlw.go.jp/content/001458551.pdf	2025-02-23	MHLW website content under Public Data License 1.0 unless separately indicated; third-party content requires separate review
P110-201	110	201	実践	実務	（物理・化学・生物） スマトリプタンはセロトニン（₅︲HT）受容体のアゴニストとして薬効を発揮す るが、受容体のサブタイプによって結合の強さが異なる。3H 標識した ₅︲HT を用 いた結合実験により、スマトリプタンはヒト ₅︲HT 受容体のうち ₅︲HT1D 受容体と 最も強く結合することがわかっている。スマトリプタンが結合していない ₅︲HT1D 受容体を R、スマトリプタンの遊離形を S、スマトリプタンと ₅︲HT1D 受容体の結 合形を RS とし、R と S は次のように ₁：₁ で反応するものとする。 R + S RS スマトリプタンの総濃度（ ）と ₅︲HT1D 受容体の総濃度（ ［S］+［RS］ ［R］+［RS］ ） がともに ₁₀₀ nmol/L であるとき、 ₅︲HT1D 受容体のうちスマトリプタンが結合し た割合が ₀ . ₈₀ とすると、この反応の解離定数 Kd に最も近いのはどれか。1つ選 べ。	"[""₀ . ₂₀ nmol/L"",""₀ . ₈₀ nmol/L"",""₅ . ₀ nmol/L"",""₈₀ nmol/L"",""₁₀₀ nmol/L""]"	singleChoice	2	null	normal	false	parsed	"[""none""]"	P110-CASE-200	https://www.mhlw.go.jp/content/001455160.pdf	https://www.mhlw.go.jp/content/001458551.pdf	2025-02-23	MHLW website content under Public Data License 1.0 unless separately indicated; third-party content requires separate review
P110-203	110	203	実践	実務	（実務） 初回受診後の患者家族に対して薬局薬剤師が行う服薬指導として正しいのはどれ か。2つ選べ。	"[""発熱時には処方 ₁ の薬剤を増量する必要があるので、医師の指示を受けてくだ さい。"",""幼児は成人よりも体重あたりの必要水分量が多いので、 ₁ 日合計 ₂ L 以上の水 を薬剤と共に与えてください。"",""決められた服用時刻を遵守すれば、食事の時間はいつでもかまいません。"",""痙れんや嘔吐は薬剤による副作用の可能性があるので、医師に連絡してください。"",""大豆製品は処方 ₃ の薬剤の効果を強めるので、摂らせないようにしてください。""]"	multiChoice	[0,3]	null	normal	false	parsed	"[""none""]"	P110-CASE-202	https://www.mhlw.go.jp/content/001455160.pdf	https://www.mhlw.go.jp/content/001458551.pdf	2025-02-23	MHLW website content under Public Data License 1.0 unless separately indicated; third-party content requires separate review
P110-204	110	204	実践	物理・化学・生物	−207 体育の新任教諭が初めてプール水の遊離残留塩素と pH を測定することに なった。学校薬剤師は測定にあたっての留意点について新任教諭から問合せを受け た。 問 204（物理・化学・生物） pH 計に関する記述として正しいのはどれか。2つ選べ。	"[""参照電極にはガラス電極を用いる。"",""指示電極の電位はネルンストの式に従う。"",""測定される pH は温度の影響を受けない。"",""校正された pH 計の電位を基準としてプール水の pH が測定される。"",""参照電極の内部液には飽和塩化アンモニウム水溶液が用いられる。""]"	multiChoice	[1,3]	null	normal	false	parsed	"[""none""]"	P110-CASE-204	https://www.mhlw.go.jp/content/001455160.pdf	https://www.mhlw.go.jp/content/001458551.pdf	2025-02-23	MHLW website content under Public Data License 1.0 unless separately indicated; third-party content requires separate review
P110-205	110	205	実践	実務	（実務） 学校薬剤師の回答として適切なのはどれか。2つ選べ。	"[""測定時期は、遊離残留塩素と pH の両方ともプール使用後です。"",""遊離残留塩素と pH の両方とも少なくともプール内の対角線上のほぼ等間隔の ₃ ケ所から採水して測定してください。"",""遊離残留塩素濃度は、塩素剤の消毒効果を表す指標です。"",""入泳者が持ち込んだ汚れや毛髪が原因で遊離残留塩素濃度が高くなります。"",""pH の値によらず塩素剤の消毒効果は変わりません。""]"	multiChoice	[1,2]	null	normal	false	parsed	"[""none""]"	P110-CASE-204	https://www.mhlw.go.jp/content/001455160.pdf	https://www.mhlw.go.jp/content/001458551.pdf	2025-02-23	MHLW website content under Public Data License 1.0 unless separately indicated; third-party content requires separate review
P110-206	110	206	実践	物理・化学・生物	（衛生） その後、同教諭が遊離残留塩素を測定したところ、基準値を下回っていたため、 消毒剤を追加することとなった。屋内プールの水質管理を担当していた別の教諭が、 水処理に使用される消毒剤Ａと凝集剤Ｂを誤って混合したため、ガスＣが発生した。 消毒剤Ａ、凝集剤Ｂ及びガスＣの組合せのうち、該当するのはどれか。1つ選べ。 消毒剤Ａ 凝集剤Ｂ ガスＣ	"[""次亜塩素酸ナトリウム 重炭酸ナトリウム ホルムアルデヒド"",""次亜塩素酸ナトリウム チオ硫酸ナトリウム 塩化水素"",""次亜塩素酸ナトリウム ポリ塩化アルミニウム 塩素"",""塩素化イソシアヌル酸 重炭酸ナトリウム 二酸化炭素"",""塩素化イソシアヌル酸 チオ硫酸ナトリウム 硫化水素"",""塩素化イソシアヌル酸 ポリ塩化アルミニウム クロロホルム""]"	singleChoice	2	null	normal	false	parsed	"[""none""]"	P110-CASE-206	https://www.mhlw.go.jp/content/001455160.pdf	https://www.mhlw.go.jp/content/001458551.pdf	2025-02-23	MHLW website content under Public Data License 1.0 unless separately indicated; third-party content requires separate review
P110-207	110	207	実践	実務	（実務） 屋内プールで刺激臭がするという連絡を受けて駆けつけた学校薬剤師が、検知管 と真空方式ガス採取器を用いてガスＣの濃度を測定することになった。ガスＣの測 定に用いられる検知管の取扱い及び測定方法に関する記述として、正しいのはどれ か。2つ選べ。 検知管 ppm 真空方式ガス採取器	"[""冷蔵庫で保存した検知管は、取り出したら直ちに使用することができる。"",""両端を折り取ったのちに使用しなかった検知管は、アルミホイルに包んで冷蔵 庫で保存することができる。"",""検知管の変色層の先端面が斜めの場合には、中間点を濃度として読み取る。"",""真空方式ガス採取器は、漏れがないことを確認したのちに、試料の採取に用いる。"",""真空方式ガス採取器で採取した空気を検知管に通す。""]"	multiChoice	[2,3]	null	normal	false	parsed	"[""none""]"	P110-CASE-206	https://www.mhlw.go.jp/content/001455160.pdf	https://www.mhlw.go.jp/content/001458551.pdf	2025-02-23	MHLW website content under Public Data License 1.0 unless separately indicated; third-party content requires separate review
P110-208	110	208	実践	物理・化学・生物	−209 ₈₄ 歳男性。息子と二人暮らし。長年、近隣のクリニックで高血圧症と頻 脈、アレルギー性鼻炎のため、処方 ₁ による薬物治療を受けていた。 （処方 ₁ ） ビソプロロールフマル酸塩錠 ₅ mg ₁ 回 ₁ 錠（ ₁ 日 ₁ 錠） エバスチン錠 ₁₀ mg ₁ 回 ₁ 錠（ ₁ 日 ₁ 錠） ₁日₁回 朝食後 ₂₈ 日分 ₁ 年前の受診で、もの忘れが多く、その日の曜日が分からなくなることがたまに あり、付き添いの息子が処方医に相談したところ、神経内科の専門医を紹介され、 そこで認知症と診断された。リバスチグミンテープ ₄ . ₅ mg で治療を開始し、漸増 の後、現在は処方 ₁ とともに処方 ₂ の薬剤の使用を継続している。 （処方 ₂ ） リバスチグミンテープ ₁₈ mg ₁ 回 ₁ 枚（ ₁ 日 ₁ 枚） ₁日₁回 朝 ₂₈ 日分 胸部、上腕部、背部のいずれかに貼付 （全 ₂₈ 枚） 今回来局した息子から、「医師には言い忘れたが、最近、服薬時や飲食・飲水時 に、むせの頻度が以前より高くなったので、誤嚥性肺炎になることを心配してい る」との相談があった。 問 208（実務） 息子の相談に対するアドバイスとして、以下のうち適切なのはどれか。2つ選べ。	"[""誤嚥性肺炎の原因になるため、歯磨きは控えてください。"",""脱水時の水分補給には、経口補水液のゼリータイプをお勧めします。"",""処方 ₁ の薬剤を ₅₅ ℃程度のお湯に崩壊・懸濁させ、とろみをつけて服用させ てください。"",""むせたときは、息子さんの判断で、以降は処方 ₁ の薬剤の服用を中止してくだ さい。"",""処方 ₂ の薬剤を内服薬のドネペジル塩酸塩錠に変更するように医師に提案でき ます。""]"	multiChoice	[1,2]	null	normal	false	parsed	"[""none""]"	P110-CASE-208	https://www.mhlw.go.jp/content/001455160.pdf	https://www.mhlw.go.jp/content/001458551.pdf	2025-02-23	MHLW website content under Public Data License 1.0 unless separately indicated; third-party content requires separate review
P110-211	110	211	実践	実務	（実務） 処方 ₂ の薬剤に関連したアドバイスとして、最も適切なのはどれか。1つ選べ。	"[""健康のため、青汁やクロレラなどを多めに摂取しましょう。"",""チーズの摂取は避けてください。"",""便の色が黒くなったらすぐに医師や薬剤師に連絡してください。"",""骨を丈夫にすると言われるビタミン K のサプリメントを、積極的に摂取しま しょう。"",""ナットウキナーゼは血栓を溶かすと言われるので、納豆を食べましょう。""]"	singleChoice	2	null	normal	false	parsed	"[""none""]"	P110-CASE-210	https://www.mhlw.go.jp/content/001455160.pdf	https://www.mhlw.go.jp/content/001458551.pdf	2025-02-23	MHLW website content under Public Data License 1.0 unless separately indicated; third-party content requires separate review
P110-213	110	213	実践	実務	（実務） 薬剤師が、処方 ₂ の薬剤の服用及び注意事項について患者に説明する内容とし て、適切なのはどれか。2つ選べ。	"[""錠剤が大きくて飲みにくい場合は、粉砕し水や微温湯に懸濁して服用してもよ いこと。"",""糞便中に白いものがみられる可能性があること。"",""グレープフルーツジュースの飲用は避けること。"",""症状が改善しても、再燃しないように服薬を継続する必要があること。"",""処方 ₂ の薬剤の服用中は、大腸がん検査を避けること。""]"	multiChoice	[1,3]	null	normal	false	parsed	"[""none""]"	P110-CASE-212	https://www.mhlw.go.jp/content/001455160.pdf	https://www.mhlw.go.jp/content/001458551.pdf	2025-02-23	MHLW website content under Public Data License 1.0 unless separately indicated; third-party content requires separate review
P110-214	110	214	実践	物理・化学・生物	−215 ₅₂ 歳男性。身長 ₁₆₇ cm、体重 ₅₆ kg。最近、右首のくぼみあたりに腫れや しこりがあり、近医を受診した。医師の診察により、頸部リンパ節腫大を認めたた め、医師は精査目的で地域医療支援病院の血液内科を紹介した。病変部位の生検の 結果、ホジキンリンパ腫と診断された。 ₃ 日後から ABVD 療法を開始する予定で ある。 （ABVD 療法） 投与 投与 投与量 時間 スケジュール （処方 ₁ ）ドキソルビシン塩酸塩注射用 ₂₅ mg/m /day ₃₀ 分 day ₁，₁₅ （処方 ₂ ）ブレオマイシン塩酸塩注射用 ₁₀ mg/m /day ₃₀ 分 day ₁，₁₅ （処方 ₃ ）ビンブラスチン硫酸塩注射用 ₆ mg/m /day ₁₅ 分 day ₁，₁₅ （処方 ₄ ）ダカルバジン注射用 ₃₇₅ mg/m /day ₆₀ 分 day ₁，₁₅ ₁ コースは ₂₈ 日間で、 ₄ コースを実施する。なお、 ₄ コース実施後に ISRT （病巣部放射線照射療法）を施行予定 問 214（実務） 病棟カンファレンスに参加する際、この治療に関して担当薬剤師が留意する情報 として、適切なのはどれか。2つ選べ。	"[""処方 ₁ の薬剤は過剰な塩化物イオンにより分解するため、生理食塩液との混和 を避けること。"",""処方 ₂ の薬剤の累積投与量の増加に伴い、肺機能の低下に注意すること。"",""処方 ₃ の薬剤は非壊死起因性抗がん剤であるため、薬液が血管外へ漏出しても 投与を継続すること。"",""処方 ₄ の薬剤は光に不安定であり、光分解によって血管痛の原因となる物質が 生じるため、点滴容器及び経路全体を遮光して投与すること。"",""ABVD 療法の催吐性リスクは軽度のため、ドンペリドンの嘔気時服用で対処 すること。""]"	multiChoice	[1,3]	null	normal	false	parsed	"[""none""]"	P110-CASE-214	https://www.mhlw.go.jp/content/001455160.pdf	https://www.mhlw.go.jp/content/001458551.pdf	2025-02-23	MHLW website content under Public Data License 1.0 unless separately indicated; third-party content requires separate review
P110-215	110	215	実践	実務	（物理・化学・生物） 処方 ₄ の薬物はプロドラッグであり、代謝物が DNA と共有結合を形成して抗腫 瘍効果を示す。以下の代謝経路に示す化合物のうち、DNA 塩基による求核置換反 応を受け、薬効を示す活性本体として、最も適切なのはどれか。1つ選べ。 N NH N NH 生体内酸化 O N N O N N NH2 N CH3 NH2 N CH3 H 3C OH 処方 ₄ の薬物 Ａ O + H H H3C N N Ｂ Ｄ N NH N NH O NH2 O HN N NH2 NH2 N CH3 Ｅ Ｃ （Ｄの対アニオンは省略している。）	"[""Ａ"",""Ｂ"",""Ｃ"",""Ｄ"",""Ｅ""]"	singleChoice	3	null	normal	false	parsed	"[""none""]"	P110-CASE-214	https://www.mhlw.go.jp/content/001455160.pdf	https://www.mhlw.go.jp/content/001458551.pdf	2025-02-23	MHLW website content under Public Data License 1.0 unless separately indicated; third-party content requires separate review
P110-216	110	216	実践	物理・化学・生物	−217 保険薬局に勤務している薬剤師が、看護学校の講師を担当することになっ た。講義では、植物に含まれている麻薬成分が医療用麻薬として使用されているこ とを紹介することにした。最近、高度のがん疼痛のある患者が、その初回の服薬を 躊躇した事例を経験したことから、その場合の対応や、現場での医療用麻薬の有効 な使い方についても講義しようと考えている。患者が服薬を躊躇した事例の処方薬 は、モルヒネ塩酸塩水和物徐放性カプセルとモルヒネ塩酸塩水和物内用液であっ た。 問 216（実務） 講義で伝える内容として、適切なのはどれか。2つ選べ。	"[""オピオイドを定期的に鎮痛に必要な量で投与すれば、がん患者の生命予後に影 響を与えない。"",""がん疼痛管理にオピオイドを使用する場合、精神依存が生じる可能性は低く、 オピオイドの使用を控える理由とはならない。"",""服薬を躊躇したこの高度のがん疼痛のある患者に対しては、弱オピオイドを提 案する。"",""高度の腎機能障害がある患者に対しては、この事例の処方薬の投与を推奨す る。"",""がん疼痛の突出痛がある場合、オピオイドの徐放製剤をレスキュー薬として投 与する。""]"	multiChoice	[0,1]	null	normal	false	parsed	"[""none""]"	P110-CASE-216	https://www.mhlw.go.jp/content/001455160.pdf	https://www.mhlw.go.jp/content/001458551.pdf	2025-02-23	MHLW website content under Public Data License 1.0 unless separately indicated; third-party content requires separate review
P110-218	110	218	実践	物理・化学・生物	−219 ₃₆ 歳男性。一昨日食事会があり中華料理とアルコールを摂取した。昨日か ら胸やけと胃の痛みがあり、まだ治まらなかったので、一般用医薬品の購入を希望 し来局した。薬剤師は以下の成分を含む医薬品を提案した。男性はこの薬の成分、 副作用や飲み方などについての詳しい説明を求めた。 ＜提案した一般用医薬品に含まれる成分＞ ピレンゼピン塩酸塩水和物 メタケイ酸アルミン酸マグネシウム 炭酸水素ナトリウム ビオヂアスターゼ ₂₀₀₀ 問 218（実務） 薬剤師の販売時の説明として、適切なのはどれか。2つ選べ。	"[""ピレンゼピンは、胃酸を中和することで効果を発揮する成分です。"",""メタケイ酸アルミン酸マグネシウムは、ピレンゼピンで起こる便秘を防止する ために配合されています。"",""本剤には食物の消化を促進する成分が含まれています。"",""本剤の服用により、目のかすみ、異常なまぶしさなどの症状が現れることがあ ります。"",""₂ 週間服用しても症状が治まらない場合は、さらに服用を継続してください。""]"	multiChoice	[2,3]	null	normal	false	parsed	"[""none""]"	P110-CASE-218	https://www.mhlw.go.jp/content/001455160.pdf	https://www.mhlw.go.jp/content/001458551.pdf	2025-02-23	MHLW website content under Public Data License 1.0 unless separately indicated; third-party content requires separate review
P110-219	110	219	実践	実務	（物理・化学・生物） この患者の胸やけや胃の痛みにつながった可能性が高いのはどれか。2つ選べ。	"[""胃酸が下部食道壁を刺激している。"",""胃腺の壁細胞からの胃酸分泌が減少している。"",""胃粘膜表面を覆う粘液の分泌が増加している。"",""胃内でアセチルコリンやヒスタミンの分泌量が増加している。"",""幽門括約筋が拡張し、胃内容物の排出が促進されている。""]"	multiChoice	[0,3]	null	normal	false	parsed	"[""none""]"	P110-CASE-218	https://www.mhlw.go.jp/content/001455160.pdf	https://www.mhlw.go.jp/content/001458551.pdf	2025-02-23	MHLW website content under Public Data License 1.0 unless separately indicated; third-party content requires separate review
P110-220	110	220	実践	物理・化学・生物	−221 ₄₀ 歳女性。全身倦怠感が続いたため、近医を受診した。血液検査の結果は 以下のとおりであった。 （血液検査） 赤血球 ₄₂₄ # ₁₀ /nL、白血球 ₄ , ₈₀₀/nL、 Hb ₉ . ₀ g/dL、Ht（ヘマトクリット）₃₂ . ₅％、 MCV（平均赤血球容積）₇₆ . ₇ fL（基準値 ₈₀～₁₀₀ fL）、 MCH（平均赤血球血色素量）₂₁ . ₂ pg（基準値 ₂₇～₃₄ pg）、 MCHC（平均赤血球ヘモグロビン濃度）₂₇ . ₇％（基準値 ₃₀～₃₅％）、 フェリチン ₄ . ₂ ng/mL（基準値 ₅ ～₁₅₇ ng/mL）、 総鉄結合能（TIBC）₅₅₀ ng/dL（基準値 ₂₅₀～₄₆₀ ng/dL）、 不飽和鉄結合能（UIBC） ア ng/dL（基準値 ₁₅₀～₃₈₅ ng/dL） この検査結果を受け、医師から以下の薬が処方された。 （処方） クエン酸第一鉄ナトリウム錠 ₅₀ mg ₁ 回 ₂ 錠（ ₁ 日 ₄ 錠） ₁日₂回 朝夕食後 ₁₄ 日分 問 220（実務） この患者の検査結果及び薬物治療について、適切なのはどれか。2つ選べ。	"[""血液検査の結果から、巨赤芽球性貧血であると考えられる。"",""薬で便が黒くなることがあるため、事前に情報提供しておく必要がある。"",""この薬の頻度の高い副作用に血栓塞栓症がある。"",""血清鉄量が改善されたら、この薬は速やかに服用を中止する。"",""薬を食後服用としているのは、悪心・嘔吐の副作用を軽減させるねらいがあ る。""]"	multiChoice	[1,4]	null	normal	false	parsed	"[""none""]"	P110-CASE-220	https://www.mhlw.go.jp/content/001455160.pdf	https://www.mhlw.go.jp/content/001458551.pdf	2025-02-23	MHLW website content under Public Data License 1.0 unless separately indicated; third-party content requires separate review
P110-221	110	221	実践	実務	（物理・化学・生物） この患者に当てはまるのはどれか。2つ選べ。	"[""ア の数値は、UIBC の基準値より低い。"",""血清フェリチン値が基準値より低いことから、貯蔵鉄が不足している。"",""血中トランスフェリン濃度は、基準値よりも低い。"",""服用した鉄剤は、 ₃ 価の鉄イオンとして輸送体により腸管から吸収される。"",""消化管から吸収された鉄により、まず血清鉄量が増加し、遅れて貯蔵鉄量が増 加する。""]"	multiChoice	[1,4]	null	normal	false	parsed	"[""none""]"	P110-CASE-220	https://www.mhlw.go.jp/content/001455160.pdf	https://www.mhlw.go.jp/content/001458551.pdf	2025-02-23	MHLW website content under Public Data License 1.0 unless separately indicated; third-party content requires separate review
P110-223	110	223	実践	実務	（実務） 入院後、レボドパ・カルビドパ配合錠を ₁ 回 ₁ 錠、 ₁ 日 ₃ 回から ₁ 回 ₁ 錠、 ₁ 日 ₅ 回に増量したが、症状が改善しなかったため、さらに薬剤を追加することとなっ た。この患者に追加する薬剤の候補として適切なのはどれか。2つ選べ。	"[""イストラデフィリン錠"",""エンタカポン錠"",""セレギリン塩酸塩錠"",""サフィナミドメシル酸塩錠"",""ラサギリンメシル酸塩錠""]"	multiChoice	[0,1]	null	normal	false	parsed	"[""none""]"	P110-CASE-222	https://www.mhlw.go.jp/content/001455160.pdf	https://www.mhlw.go.jp/content/001458551.pdf	2025-02-23	MHLW website content under Public Data License 1.0 unless separately indicated; third-party content requires separate review
P110-224	110	224	実践	物理・化学・生物	−225 ₅₅ 歳女性。身長 ₁₆₂ cm、体重 ₅₁ kg。腹痛と微熱が続くため総合病院内科 を受診した。来院時の体温 ₃₇ . ₆ ℃。血液検査で炎症所見、及び左下腹部に圧痛を ともなう腫瘤が認められたため精査目的で入院となり、直腸がん Stage Ⅳb と診断 された。コンパニオン診断が実施され、その結果をもとに mFOLFOX₆ （レボホ リナート、フルオロウラシル、オキサリプラチン）にセツキシマブを組合せた治療 を実施する方針となった。 問 224（実務） この化学療法を選択するにあたり、参照されたコンパニオン診断の検査項目はど れか。1つ選べ。	"[""ALK 融合遺伝子"",""EGFR 遺伝子"",""HER₂ タンパク質"",""RAS 遺伝子"",""UGT1A1 遺伝子""]"	singleChoice	3	null	normal	false	parsed	"[""none""]"	P110-CASE-224	https://www.mhlw.go.jp/content/001455160.pdf	https://www.mhlw.go.jp/content/001458551.pdf	2025-02-23	MHLW website content under Public Data License 1.0 unless separately indicated; third-party content requires separate review
P110-225	110	225	実践	実務	（物理・化学・生物） 前問で参照された検査項目で確かめられたのはどれか。1つ選べ。	"[""特定のがん遺伝子が存在すること。"",""特定のがん抑制遺伝子に変異が存在すること。"",""特定のがん原遺伝子 に変異が存在しないこと。 （注）"",""特定の薬物代謝酵素遺伝子の一塩基多型のタイプが存在すること。"",""転座した異常染色体が存在すること。 （注）がん原遺伝子：原がん遺伝子ともいう""]"	singleChoice	2	null	normal	false	parsed	"[""none""]"	P110-CASE-224	https://www.mhlw.go.jp/content/001455160.pdf	https://www.mhlw.go.jp/content/001458551.pdf	2025-02-23	MHLW website content under Public Data License 1.0 unless separately indicated; third-party content requires separate review
P110-226	110	226	実践	衛生	−227 ₃₄ 歳 女 性。 こ の 女 性 の ₁₂ 歳 の 娘 に 市 か ら ヒ ト パ ピ ロ ー マ ウ イ ル ス （HPV）ワクチン接種についてのお知らせが届いた。娘は HPV ワクチンの接種歴 がない。この女性は HPV ワクチンの説明を聞くため、市から送られた下の成分表 を含む資料を持って娘と一緒にかかりつけ薬局に来局した。その HPV ワクチンの 成分、投与方法、そして免疫応答を高める成分（アジュバント）が入っていること などを、下の成分表を確認しながら薬剤師が説明した。 HPV ワクチンの成分表 HPV ワクチンの成分 分量 薬効成分 ヒトパピローマウイルス ₁₆ 型 L₁ タンパク質ウイルス様 ₂₀ ng 粒子 ヒトパピローマウイルス ₁₈ 型 L₁ タンパク質ウイルス様 ₂₀ ng 粒子 添加物Ａ ₃︲脱アシル化︲₄' ︲モノホスホリルリピッド A ₅₀ ng （リポ多糖誘導体） 添加物Ｂ 水酸化アルミニウム懸濁液（アルミニウムとして） ₅₀₀ ng その他の 塩化ナトリウム（等張化剤）、リン酸二水素ナトリウム（緩衝剤）、 添加物 pH 調節剤 問 226（実務） このワクチンに関する説明として正しいのはどれか。2つ選べ。	"[""これは弱毒生ワクチンです。"",""子宮頸がんを予防するものです。"",""筋肉注射で接種します。"",""接種は ₁ 回で完了します。"",""HPV（₁₆ 型／₁₈ 型）感染後に接種しても、がんを予防する効果があります。""]"	multiChoice	[1,2]	null	normal	false	parsed	"[""none""]"	P110-CASE-226	https://www.mhlw.go.jp/content/001455160.pdf	https://www.mhlw.go.jp/content/001458551.pdf	2025-02-23	MHLW website content under Public Data License 1.0 unless separately indicated; third-party content requires separate review
P110-227	110	227	実践	実務	（物理・化学・生物） このワクチンに含まれる添加物に関する記述として、誤っているのはどれか。 1つ選べ。	"[""添加物Ａは、細菌由来成分の誘導体である。"",""添加物Ａと添加物Ｂは、ともにアジュバントである。"",""添加物Ｂは、抗原を吸着し、投与部位での抗原の滞留時間を延ばす。"",""添加物Ａは、抗原提示細胞の抗原提示機能を促進する。"",""添加物Ａと添加物Ｂは、ともに自然免疫応答を抑制し、獲得免疫応答を促進す る。""]"	singleChoice	4	null	normal	false	parsed	"[""none""]"	P110-CASE-226	https://www.mhlw.go.jp/content/001455160.pdf	https://www.mhlw.go.jp/content/001458551.pdf	2025-02-23	MHLW website content under Public Data License 1.0 unless separately indicated; third-party content requires separate review
P110-228	110	228	実践	衛生	−229 ₇₆ 歳男性。下肢にしびれを感じて外科を受診し、 ₆ ケ月にわたって通院し ていたが、その間、腎機能が徐々に低下していたため内科を紹介された。血液検査 結果により慢性腎臓病と診断され、外来で経過を観察することになった。 （外来時の身体所見） 身長 ₁₆₈ cm、体重 ₇₄ kg、体温 ₃₆ . ₅ ℃、血圧 ₁₄₂/₈₅ mmHg （検査値） BUN ₄₀ mg/dL、血清クレアチニン ₁ . ₄ mg/dL、eGFR ₄₂ mL/min/₁ . ₇₃ m 、 血清アルブミン ₂ . ₆ g/dL、空腹時血糖 ₈₁ mg/dL、HbA₁c ₅ . ₆％、 Na ₁₃₈ mEq/L、K ₄ . ₅ mEq/L、ALT ₃₅ IU/L、尿中アルブミン ₁₀₀ mg/day、 尿アルブミン/クレアチニン比 ₈₃ . ₃ mg/gCr、尿タンパク（+）、 尿タンパク/クレアチニン比 ₀ . ₂₅ g/gCr（簡易尿検査） 問 228（実務） この患者の慢性腎臓病の重症度を分類する上で、必要な検査データはどれか。 2つ選べ。	"[""BUN"",""血清アルブミン"",""eGFR"",""尿アルブミン/クレアチニン比"",""尿タンパク/クレアチニン比""]"	multiChoice	[2,4]	null	normal	false	parsed	"[""none""]"	P110-CASE-228	https://www.mhlw.go.jp/content/001455160.pdf	https://www.mhlw.go.jp/content/001458551.pdf	2025-02-23	MHLW website content under Public Data License 1.0 unless separately indicated; third-party content requires separate review
P110-229	110	229	実践	実務	（衛生） この患者が内科で出された処方箋を持って家族と来局した。この患者に服薬指導 した際に、家族から食生活に関する質問があり、食塩の摂取を控えるよう助言し た。薬剤師が腎臓病に関連するリスク因子について論文検索したところ、食塩摂取 量と末期腎不全（End Stage Renal Disease：ESRD）発症との関連性について検討 した論文があった。その論文においては、慢性腎臓病の患者 ₅₀₀ 人のうち、₁₀₀ 人 が ESRD を発症し、食塩 ₆ . ₀ g/日以上を摂取していた患者は ₈₅ 人であった。ま た、ESRD を発症した ₁₀₀ 人のうち、食塩 ₆ . ₀ g/日以上を摂取していた患者が ₂₀ 人 であった。 食塩摂取（₆ . ₀ g/日以上）による ESRD 発症のオッズ比として最も近い値はどれ か。1つ選べ。	"[""₁.₃"",""₂.₃"",""₃.₇"",""₄.₁"",""₄.₉""]"	singleChoice	0	null	normal	false	parsed	"[""none""]"	P110-CASE-228	https://www.mhlw.go.jp/content/001455160.pdf	https://www.mhlw.go.jp/content/001458551.pdf	2025-02-23	MHLW website content under Public Data License 1.0 unless separately indicated; third-party content requires separate review
P110-230	110	230	実践	衛生	−231 新 聞 報 道 で、 致 死 率 の 高 い 感 染 症 で あ る 重 症 熱 性 血 小 板 減 少 症 候 群 （SFTS）を知った中学生（₁₄ 歳）と父親がドラッグストアに来局した。この親子 は、夏休みに登山をすることになったので、SFTS とその感染を防ぐための方法を 教えて欲しいとの相談があった。 問 230（衛生） SFTS に関する説明内容として正しいのはどれか。2つ選べ。	"[""感染症法 において SFTS が含まれる四類感染症は、全数報告対象とされて （注） いる。"",""原虫によって引き起こされる感染症である。"",""ダニが媒介する感染症である。"",""SFTS に対するワクチンがある。"",""感染者との接触及び血液を介した感染のおそれはない。 （注）感染症法：感染症の予防及び感染症の患者に対する医療に関する法律""]"	multiChoice	[0,2]	null	normal	false	parsed	"[""none""]"	P110-CASE-230	https://www.mhlw.go.jp/content/001455160.pdf	https://www.mhlw.go.jp/content/001458551.pdf	2025-02-23	MHLW website content under Public Data License 1.0 unless separately indicated; third-party content requires separate review
P110-231	110	231	実践	実務	（実務） 薬剤師はこの親子に、皮膚の露出を少なくするために長袖・長ズボンなどの衣服 を着用することに加えて、虫よけ剤の使用を勧めた。虫よけ剤の活性成分として適 切なのはどれか。2つ選べ。	"[""イミダクロプリド"",""ディート"",""イカリジン"",""ジクロルボス"",""ジフェンヒドラミン""]"	multiChoice	[1,2]	null	normal	false	parsed	"[""none""]"	P110-CASE-230	https://www.mhlw.go.jp/content/001455160.pdf	https://www.mhlw.go.jp/content/001458551.pdf	2025-02-23	MHLW website content under Public Data License 1.0 unless separately indicated; third-party content requires separate review
P110-232	110	232	実践	衛生	−233 ₆₁ 歳女性。肺アスペルギローマの既往。急性リンパ性白血病と診断され、 シタラビン大量療法が施行された。療法開始から ₁₅ 日目に固形成分を含まない水 様性便となったため、副作用の対応として処方 ₁ ～ ₄ の薬剤で治療開始された。し かし、症状が悪化したことから、 ₅ 日後に糞便検体を採取して検査した結果、 toxin A 及び toxin B が陽性であった。Clostridioides difficile 感染症の院内での拡 大を防止するため、院内のチームで対策を検討することになった。 （処方 ₁ ） 点滴静注 メロペネム点滴静注用（ ₁ g/バイアル ₁ 本） ₁ g 生理食塩液 ₁₀₀ mL ₁日₃回 ₈ 時間ごと ₃₀ 分かけて投与 ₇ 日連日投与 （処方 ₂ ） イトラコナゾール錠 ₁₀₀ mg ₁ 回 ₁ 錠（ ₁ 日 ₁ 錠） ₁日₁回 朝食直後 ₇ 日分 （処方 ₃ ） ロペラミド塩酸塩カプセル ₁ mg ₁ 回 ₁ カプセル（ ₁ 日 ₂ カプセル） ₁日₂回 朝夕食後 ₇ 日分 （処方 ₄ ） メトクロプラミド錠 ₅ mg ₁ 回 ₁ 錠（ ₁ 日 ₃ 錠） 酪酸菌（宮入菌）製剤錠 ₂₀ mg ₁ 回 ₂ 錠（ ₁ 日 ₆ 錠） ₁日₃回 朝昼夕食前 ₇ 日分 問 232（実務） この患者に処方された処方 ₁ ～ ₄ の薬剤のうち、Clostridioides difficile 感染症 を誘発し、下痢を悪化させた可能性のある薬剤はどれか。1つ選べ。	"[""メロペネム点滴静注用"",""イトラコナゾール錠"",""ロペラミド塩酸塩カプセル"",""メトクロプラミド錠"",""酪酸菌（宮入菌）製剤錠""]"	singleChoice	0	null	normal	false	parsed	"[""none""]"	P110-CASE-232	https://www.mhlw.go.jp/content/001455160.pdf	https://www.mhlw.go.jp/content/001458551.pdf	2025-02-23	MHLW website content under Public Data License 1.0 unless separately indicated; third-party content requires separate review
P110-233	110	233	実践	実務	（衛生） この患者から広がる可能性がある院内感染症とその防止のため、薬剤師が備えて おくべき知識として、正しいのはどれか。2つ選べ。	"[""この感染症の主な感染経路は間接伝播である。"",""この原因菌は芽胞を形成するので、この患者が使用した食器の消毒には煮沸消 毒（₁₀₀ ℃、₃₀ 分）が有効である。"",""消毒用エタノールによる手指の消毒が有効である。"",""クレゾール石けんと流水による手洗いが有効である。"",""便座等の消毒には次亜塩素酸ナトリウムが有効である。""]"	multiChoice	[3,4]	null	normal	false	parsed	"[""none""]"	P110-CASE-232	https://www.mhlw.go.jp/content/001455160.pdf	https://www.mhlw.go.jp/content/001458551.pdf	2025-02-23	MHLW website content under Public Data License 1.0 unless separately indicated; third-party content requires separate review
P110-234	110	234	実践	衛生	−235 ₅₅ 歳女性。身長 ₁₆₀ cm、体重 ₇₀ kg。地域のイベントの一つとして、近所 の薬局で開催された健康フェアに参加した。糖分を多く含む飲料を好み、運動習慣 がほとんどなく、ここ ₁₀ 年来、健康診断を受けていなかった。薬局において血 圧、指の穿刺血液による空腹時血糖値、HbA₁c 値及び総コレステロール値を測定 し た と こ ろ、 血 圧 は ₁₃₅/₈₅ mmHg、 空 腹 時 血 糖 値 は ₁₂₀ mg/dL、HbA₁c 値 は ₅ . ₈％、総コレステロール値は ₂₂₀ mg/dL であった。薬剤師が受診を勧めたとこ ろ、受診前にできることとして、生活習慣の改善や特定保健用食品（トクホ）につ いて質問された。 問 234（衛生） 薬剤師の助言として適しているのはどれか。2つ選べ。	"[""適度な運動習慣を身につけ、適正体重に近づけてください。"",""低タンパク質で高脂肪の食事を心がけてください。"",""血糖値が気になる方には、難消化性デキストリンを含むトクホがあります。"",""血圧が高めの方には、キシリトールを含むトクホがあります。"",""コレステロールが高めの方には、ラクトトリペプチドを含むトクホがあります。""]"	multiChoice	[0,2]	null	normal	false	parsed	"[""none""]"	P110-CASE-234	https://www.mhlw.go.jp/content/001455160.pdf	https://www.mhlw.go.jp/content/001458551.pdf	2025-02-23	MHLW website content under Public Data License 1.0 unless separately indicated; third-party content requires separate review
P110-235	110	235	実践	実務	（実務） この女性は生活習慣に改善がみられず、再び健康フェアに参加した際に受診勧奨 さ れ、 近 医 を 受 診 し た。 血 圧 は ₁₆₀/₉₅ mmHg、 空 腹 時 血 糖 値 は ₁₄₅ mg/dL、 HbA₁c 値は ₆ . ₈％であった。患者は運動療法・食事療法を実施していたが、改善 しなかったため、処方 ₁ と ₂ が出され来局した。 （処方 ₁ ） エナラプリルマレイン酸塩錠 ₅ mg ₁ 回 ₁ 錠（ ₁ 日 ₁ 錠） ₁日₁回 朝食後 ₁₄ 日分 （処方 ₂ ） メトホルミン塩酸塩錠 ₂₅₀ mg ₁ 回 ₁ 錠（ ₁ 日 ₂ 錠） ₁日₂回 朝夕食後 ₁₄ 日分 薬剤師からこの患者への指導として適切でないのはどれか。1つ選べ。	"[""まぶたや唇の腫れなどを認めた場合には教えてください。"",""悪心、下痢などを認めた場合には教えてください。"",""空咳などを認めた場合には教えてください。"",""副作用予防のため適度に水分を摂取してください。"",""バリウム造影剤を用いる検査は受けないでください。""]"	singleChoice	4	null	normal	false	parsed	"[""none""]"	P110-CASE-234	https://www.mhlw.go.jp/content/001455160.pdf	https://www.mhlw.go.jp/content/001458551.pdf	2025-02-23	MHLW website content under Public Data License 1.0 unless separately indicated; third-party content requires separate review
P110-236	110	236	実践	衛生	−237 ₅₀ 歳男性。慢性腎臓病ステージ ₃b。脳梗塞急性期で経口摂取できず、 ₃ 日間末梢静脈栄養を投与していたが、栄養不足が懸念されることから、主治医よ り完全静脈栄養（Total Parenteral Nutrition：TPN）の処方設計について薬剤師 に相談があり、協働して実施することになった。 問 236（実務） 処方を設計する際に、検討すべきこととして適切なのはどれか。2つ選べ。	"[""腎機能への影響を考慮し、分岐鎖アミノ酸（BCAA）を投与する。"",""低リン血症のリスクがあるため、リン酸二カリウム製剤を投与する。"",""代謝性アルカローシスのリスクがあるため、生理食塩液や塩化カリウム製剤を 投与する。"",""低カルシウム血症のリスクがあるため、活性型ビタミン D3 製剤を投与する。"",""腎不全が進行した場合、カリウム製剤を積極的に投与する。""]"	multiChoice	[0,3]	null	normal	false	parsed	"[""none""]"	P110-CASE-236	https://www.mhlw.go.jp/content/001455160.pdf	https://www.mhlw.go.jp/content/001458551.pdf	2025-02-23	MHLW website content under Public Data License 1.0 unless separately indicated; third-party content requires separate review
P110-237	110	237	実践	実務	（衛生） この男性への TPN の処方として、ブドウ糖含有率 ₅₀％の基本輸液 ₅₀₀ mL、脂 肪乳剤（ダイズ油 ₂₀％）₁₀₀ mL、アミノ酸を ₅ ％含む総合アミノ酸輸液 ₃₇₅ mL、 高 カ ロ リ ー 輸 液 用 微 量 元 素 製 剤 ₂ mL、 総 合 ビ タ ミ ン 剤 ₅ mL を 設 計 し た。 Atwater 係数を用いて計算した場合、この処方における非タンパク質カロリー/窒 素比（NPC/N）の値として最も近いのはどれか。1つ選べ。 ただし、脂肪乳剤（ダイズ油 ₂₀％）₁₀₀ mL に含まれる熱量を ₂₀₀ kcal、アミノ 酸は ₁₆％の窒素を含むものとする。	"[""₁₀₀"",""₂₀₀"",""₃₀₀"",""₄₀₀"",""₅₀₀""]"	singleChoice	3	null	normal	false	parsed	"[""none""]"	P110-CASE-236	https://www.mhlw.go.jp/content/001455160.pdf	https://www.mhlw.go.jp/content/001458551.pdf	2025-02-23	MHLW website content under Public Data License 1.0 unless separately indicated; third-party content requires separate review
P110-238	110	238	実践	衛生	−239 海外の規制当局より、メトホルミン塩酸塩を含有する製剤（特定のロッ ト）から N︲ニトロソジメチルアミン（NDMA）が検出されたとの発表があっ た。₁₀ 年間にわたってメトホルミン塩酸塩含有製剤を服用してきた患者（体重 ₅₀ kg）がこのニュースを見て来局し、健康に対するリスクを教えて欲しいという 相談があった。そこで、公表されている NDMA の含有量を調べたところ、メトホ ルミン塩酸塩 ₁ , ₀₀₀ mg 当たり ₀ . ₀₈ ng の NDMA が含まれていることがわかっ た。薬剤師は、₁₀ 年間服用した場合の発がんリスクを計算し、患者に伝えること とした。 問 238（衛生） この患者が、このメトホルミン塩酸塩含有製剤を、 ₁ 日当たり ₁ , ₅₀₀ mg の用量 で ₁₀ 年間にわたって服用したとき、増加すると推定される発がんリスクに最も近 い値はどれか。1つ選べ。 ただし、NDMA の実質安全量（体重 ₅₀ kg の成人が生涯（₇₀ 年間）曝露した場 合に発がんリスクが ₁ . ₀ # ₁₀ 増加する曝露量）を ₀ . ₁ ng/日とし、発がんリスク は服用量及び服用期間に比例するものとする。	"[""₁ . ₀ # ₁₀"",""₁ . ₇ # ₁₀"",""₅ . ₉ # ₁₀"",""₁ . ₇ # ₁₀"",""₅ . ₉ # ₁₀""]"	singleChoice	3	null	normal	false	parsed	"[""none""]"	P110-CASE-238	https://www.mhlw.go.jp/content/001455160.pdf	https://www.mhlw.go.jp/content/001458551.pdf	2025-02-23	MHLW website content under Public Data License 1.0 unless separately indicated; third-party content requires separate review
P110-239	110	239	実践	実務	（実務） NDMA が検出されたメトホルミン塩酸塩を服用したことによるリスクは極めて 低く、これまでに国内外において重篤な健康被害が発生したとの報告はない。 この患者に対する薬剤師の説明内容として、適切なのはどれか。2つ選べ。	"[""NDMA によるがんの発症には、閾値があること。"",""摂取した NDMA の量は、実質安全量を下回っていること。"",""他の同種同効薬に変更する必要があること。"",""血糖値が落ち着いていれば服用を止め、次回受診時に医師に報告すること。"",""必要に応じて、発がんリスクに関する情報を医師に提供できること。""]"	multiChoice	[1,4]	null	normal	false	parsed	"[""none""]"	P110-CASE-238	https://www.mhlw.go.jp/content/001455160.pdf	https://www.mhlw.go.jp/content/001458551.pdf	2025-02-23	MHLW website content under Public Data License 1.0 unless separately indicated; third-party content requires separate review
P110-240	110	240	実践	衛生	−241 ₂ 歳 ₈ ケ月女児。 ₁ 週間前から腹痛を訴えることがあり、今朝になって、 嘔吐したため、近医を受診した。母親からの聞き取りでは、日頃から鉛を含む金属 製アクセサリーを舐める癖があり、誤飲したおそれがあるとのことであった。レン トゲン検査では異物は見当たらなかった。尿中の d︲アミノレブリン酸濃度は ₁₀ mg/L と高値であった。また、血液検査では有核赤血球数の増加がみられ、赤 血球遊離プロトポルフィリン濃度は ₁₈₀ ng/dL（基準値 ₃₀～₈₆ ng/dL）、原子吸光 光度計で測定した血中鉛濃度は ₇₅ ng/dL であった。 問 240（実務） 薬剤師が医師に提案する解毒薬として適切なのはどれか。2つ選べ。	"[""EDTA カルシウム二ナトリウム"",""ホメピゾール"",""メチレンブルー"",""亜硝酸アミル"",""ジメルカプロール（BAL）""]"	multiChoice	[0,4]	null	normal	false	parsed	"[""none""]"	P110-CASE-240	https://www.mhlw.go.jp/content/001455160.pdf	https://www.mhlw.go.jp/content/001458551.pdf	2025-02-23	MHLW website content under Public Data License 1.0 unless separately indicated; third-party content requires separate review
P110-242	110	242	実践	衛生	−243 ある高校で、夏休み前の ₇ 月に野球大会を開催することとなった。大会当 日に、熱中症を防止する目的で、体育の教諭がグラウンドの中央付近の高さ約 ₁ m の地点で、乾球温度計及び黒球温度計を用いて温度を測定した。また、同時に電気 式湿度計で相対湿度を測定した。午前 ₈ 時及び午後 ₂ 時の測定結果を表 ₁ に示し た。 表₁ 測定結果 午前 ₈ 時 午後 ₂ 時 乾球温度（℃） ₂₈ . ₀ ₃₂ . ₀ 黒球温度（℃） ₃₄ . ₀ ₃₈ . ₀ 相対湿度（％） ₈₀ . ₀ ₃₀ . ₀ 表₂ 乾球温度と相対湿度から湿球温度（℃）を求める表（標準気圧の場合） 相対湿度（％） 乾球温度（℃） ₃₀ ₃₅ ₄₀ ₄₅ ₅₀ ₅₅ ₆₀ ₆₅ ₇₀ ₇₅ ₈₀ ₈₅ ₉₀ ₂₅ ₁₅ ₁₅ ₁₆ ₁₇ ₁₈ ₁₉ ₂₀ ₂₀ ₂₁ ₂₂ ₂₂ ₂₃ ₂₄ ₂₆ ₁₅ ₁₆ ₁₇ ₁₈ ₁₉ ₂₀ ₂₀ ₂₁ ₂₂ ₂₃ ₂₃ ₂₄ ₂₅ ₂₇ ₁₆ ₁₇ ₁₈ ₁₉ ₂₀ ₂₀ ₂₁ ₂₂ ₂₃ ₂₄ ₂₄ ₂₅ ₂₆ ₂₈ ₁₇ ₁₈ ₁₉ ₂₀ ₂₀ ₂₁ ₂₂ ₂₃ ₂₄ ₂₄ ₂₅ ₂₆ ₂₇ ₂₉ ₁₇ ₁₈ ₁₉ ₂₀ ₂₁ ₂₂ ₂₃ ₂₄ ₂₅ ₂₅ ₂₆ ₂₇ ₂₈ ₃₀ ₁₈ ₁₉ ₂₀ ₂₁ ₂₂ ₂₃ ₂₄ ₂₅ ₂₆ ₂₆ ₂₇ ₂₈ ₂₉ ₃₁ ₁₉ ₂₀ ₂₁ ₂₂ ₂₃ ₂₄ ₂₅ ₂₆ ₂₆ ₂₇ ₂₈ ₂₉ ₃₀ ₃₂ ₁₉ ₂₁ ₂₂ ₂₃ ₂₄ ₂₅ ₂₆ ₂₆ ₂₇ ₂₈ ₂₉ ₃₀ ₃₁ ₃₃ ₂₀ ₂₁ ₂₂ ₂₄ ₂₅ ₂₆ ₂₆ ₂₇ ₂₈ ₂₉ ₃₀ ₃₁ ₃₂ ₃₄ ₂₁ ₂₂ ₂₃ ₂₄ ₂₅ ₂₆ ₂₇ ₂₈ ₂₉ ₃₀ ₃₁ ₃₂ ₃₂ 問 242（衛生） 午前 ₈ 時及び午後 ₂ 時の暑さ指数（WBGT）の値に最も近いのはどれか。1つ 選べ。 ただし、気圧は標準気圧とする。また、屋外での WBGT は次式で求められ、湿 球温度は表 ₂ から求めるものとする。 WBGT（℃）= ₀ . ₇ # 湿球温度 + ₀ . ₂ # 黒球温度 + ₀ . ₁ # 乾球温度 午前 ₈ 時 午後 ₂ 時	"[""₂₅ ₂₂"",""₂₅ ₂₈"",""₂₇ ₂₄"",""₂₇ ₃₀"",""₂₉ ₂₆"",""₂₉ ₃₂""]"	singleChoice	2	null	normal	false	parsed	"[""none""]"	P110-CASE-242	https://www.mhlw.go.jp/content/001455160.pdf	https://www.mhlw.go.jp/content/001458551.pdf	2025-02-23	MHLW website content under Public Data License 1.0 unless separately indicated; third-party content requires separate review
P110-243	110	243	実践	実務	（実務） 野球大会当日、複数の生徒が体調不良を訴え、保健室で手当てを受けた。この高 校では、教育委員会が作成した「学校における熱中症対策ガイドライン」をもとに 今後の対策を話し合うこととなり、熱中症を防止するために必要な注意事項につい て学校薬剤師に助言を求めた。 学校薬剤師が学校に対して行う助言の内容として、正しいのはどれか。2つ選 べ。	"[""乾球温度と気動が同じ場合には、湿球温度が高いほど熱中症のリスクは減少する。"",""WBGT の算出に用いる黒球温度は、紫外線の影響を最も強く受ける。"",""乾球温度が高い場合には、風があっても感覚温度が下がらないことがある。"",""体育館内の競技では、熱輻射の影響が無いので熱中症のリスクはない。"",""体が暑さに慣れていない時期は、熱中症のリスクが高まる。""]"	multiChoice	[2,4]	null	normal	false	parsed	"[""none""]"	P110-CASE-242	https://www.mhlw.go.jp/content/001455160.pdf	https://www.mhlw.go.jp/content/001458551.pdf	2025-02-23	MHLW website content under Public Data License 1.0 unless separately indicated; third-party content requires separate review
P110-244	110	244	実践	衛生	−245 病院で、以下の事故事例を用いて、抗がん剤シクロホスファミド水和物の 調製に関する新人薬剤師の研修会を行うことになった。 ＜事故事例＞ シクロホスファミド水和物の溶解に閉鎖式薬物移送システム（CSTD）で調製 するところ、その器具がなかった。薬剤師は安全キャビネットを使用して、シ クロホスファミド水和物 ₅₀₀ mg（凍結乾燥粉末）を生理食塩液 ₂₅ mL で溶解 させているときに ₁₈ G の注射針がシリンジから外れ、誤って薬液を飛散させ てしまった。 問 244（実務） シクロホスファミド水和物の溶解調製及び事故時の対応に関して、新人薬剤師が 指導を受ける内容として正しいのはどれか。2つ選べ。	"[""溶解液はバイアル内を陽圧に保ちながら調製を行う。"",""調製にはルアーロック型のシリンジを使用する。"",""外径がより細い ₃₂ G の注射針を用いて調製する。"",""飛散した薬液は安全キャビネット内で中心部から周囲に向かって拭き取る。"",""薬液を拭き取った後は水を含ませたガーゼで拭き、さらに消毒用エタノールを 含ませたガーゼで清拭する。""]"	multiChoice	[1,4]	null	normal	false	parsed	"[""none""]"	P110-CASE-244	https://www.mhlw.go.jp/content/001455160.pdf	https://www.mhlw.go.jp/content/001458551.pdf	2025-02-23	MHLW website content under Public Data License 1.0 unless separately indicated; third-party content requires separate review
P110-245	110	245	実践	実務	（衛生） この過程で排出されたものの廃棄に関して、新人薬剤師が備えておくべき知識と して正しいのはどれか。2つ選べ。	"[""使用した注射針は、図Ａに示した形状のマークをつけた容器に入れて廃棄する ことが推奨されている。"",""拭き取りに使用したガーゼは、事業系一般廃棄物として扱う。"",""使用後のバイアルは、特別管理産業廃棄物として扱う。"",""使用したシリンジは、事業系一般廃棄物として扱う。"",""調製時に用いたディスポーザブル手袋は、特別管理一般廃棄物として扱う。 図Ａ""]"	multiChoice	[0,2]	null	normal	false	parsed	"[""none""]"	P110-CASE-244	https://www.mhlw.go.jp/content/001455160.pdf	https://www.mhlw.go.jp/content/001458551.pdf	2025-02-23	MHLW website content under Public Data License 1.0 unless separately indicated; third-party content requires separate review
P110-246	110	246	実践	薬理	−247 ₃₀ 歳男性。以下の処方 ₁ ～ ₃ が記載された処方箋を持って薬局を訪れた。 この薬局では、 ₁ 名の薬学生が実習中であった。 （処方 ₁ ） リスペリドン錠 ₁ mg ₁ 回 ₁ 錠（ ₁ 日 ₃ 錠） スルピリド錠 ₁₀₀ mg ₁ 回 ₁ 錠（ ₁ 日 ₃ 錠） ₁日₃回 朝昼夕食後 ₁₄ 日分 （処方 ₂ ） ハロペリドール細粒 ₁ ％ ₁ 回 ₀ . ₆ g（ ₁ 日 ₀ . ₆ g） ₁日₁回 朝食後 ₁₄ 日分 （処方 ₃ ） ラメルテオン錠 ₈ mg ₁ 回 ₁ 錠（ ₁ 日 ₁ 錠） ₁日₁回 就寝前 ₁₄ 日分 問 246（薬理） 処方 ₁ ～ ₃ のいずれかの薬物に関する記述として、正しいのはどれか。2つ選 べ。	"[""ドパミン D2 受容体に部分アゴニストとして作用することで、ドパミン神経系 を安定化させる。"",""ヒスタミン H1 受容体及びアドレナリン a1 受容体を刺激することで、統合失調 症の陰性症状を改善する。"",""ドパミン D2 受容体を遮断することで、統合失調症の陽性症状を改善する。"",""c︲アミノ酪酸 GABAA 受容体のベンゾジアゼピン結合部位に結合することで、 睡眠を誘発する。"",""メラトニン MT1 及び MT2 受容体を刺激することで、睡眠︲覚醒リズムを正常 化する。""]"	multiChoice	[2,4]	null	normal	false	parsed	"[""none""]"	P110-CASE-246	https://www.mhlw.go.jp/content/001455161.pdf	https://www.mhlw.go.jp/content/001458551.pdf	2025-02-23	MHLW website content under Public Data License 1.0 unless separately indicated; third-party content requires separate review
P110-249	110	249	実践	実務	（薬理） 服薬コンプライアンスは良好であったが、約 ₁ ケ月服用しても授業中の居眠り等 の症状は改善しなかったため、モダフィニルが徐々に増量され、 ₃ ケ月後には ₃₀₀ mg/日となった。モダフィニルの増量中に、「眠りにつくときに怖い夢ばかり みる」との訴えがあったため、処方 ₂ が追加された。その後も居眠り等の症状が十 分に改善されなかったため、モダフィニル錠は、処方 ₃ に変更された。 （処方 ₂ ） クロミプラミン塩酸塩錠 ₁₀ mg ₁ 回 ₁ 錠（ ₁ 日 ₁ 錠） ₁日₁回 就寝前 ₁₄ 日分 （処方 ₃ ） メチルフェニデート塩酸塩錠 ₁₀ mg ₁ 回 ₁ 錠（ ₁ 日 ₂ 錠） ₁日₂回 朝昼食後 ₁₄ 日分 処方 ₂ 及び処方 ₃ のいずれかの薬物の作用機序として、正しいのはどれか。2つ 選べ。	"[""c︲アミノ酪酸（GABA）及びヒスタミンの遊離を促進する。"",""アデノシン A1 及び A2A 受容体を遮断する。"",""非特異的にホスホジエステラーゼを阻害する。"",""ドパミン及びノルアドレナリンの再取り込みを阻害する。"",""セロトニン及びノルアドレナリンの再取り込みを阻害する。""]"	multiChoice	[3,4]	null	normal	false	parsed	"[""none""]"	P110-CASE-248	https://www.mhlw.go.jp/content/001455161.pdf	https://www.mhlw.go.jp/content/001458551.pdf	2025-02-23	MHLW website content under Public Data License 1.0 unless separately indicated; third-party content requires separate review
P110-250	110	250	実践	薬理	−251 ₂₉ 歳女性。 ₅ 年前に潰瘍性大腸炎と診断され、メサラジン、副腎皮質ステ ロイド薬、タクロリムス、アザチオプリン、アダリムマブを使用してきたが、これ までの治療薬では寛解の維持が困難であった。医師はこれまでとは異なる作用機序 の薬剤を新たに開始することを検討している。 問 250（薬理） 新たに開始する候補薬剤の作用機序として、適切なのはどれか。2つ選べ。	"[""IL︲₁₂ 及び IL︲₂₃ の p₄₀ サブユニットに特異的に結合して、ヘルパー T 細胞の 活性化を抑制する。"",""TNF︲a に特異的に結合して、TNF︲a の作用を抑制する。"",""カルシニューリンを阻害して、IL︲₂ の産生を抑制する。"",""プリン塩基の合成を阻害して、リンパ球の増殖を抑制する。"",""ヤヌスキナーゼ（JAK）を阻害して、リンパ球の活性化を抑制する。""]"	multiChoice	[0,4]	null	normal	false	parsed	"[""none""]"	P110-CASE-250	https://www.mhlw.go.jp/content/001455161.pdf	https://www.mhlw.go.jp/content/001458551.pdf	2025-02-23	MHLW website content under Public Data License 1.0 unless separately indicated; third-party content requires separate review
P110-251	110	251	実践	実務	（実務） 患者は内服薬による治療を希望し、新たに内服薬を開始することになった。医師 より、開始する薬剤に関する留意点について、患者への説明を依頼された。説明す る内容として適切なのはどれか。2つ選べ。	"[""寛解が得られた後、寛解維持期においては隔日投与となること。"",""腎機能障害が現れやすいこと。"",""脂質検査値の異常が現れる可能性があること。"",""眠気が起こりやすいこと。"",""感染症を起こしやすいこと。""]"	multiChoice	[2,4]	null	normal	false	parsed	"[""none""]"	P110-CASE-250	https://www.mhlw.go.jp/content/001455161.pdf	https://www.mhlw.go.jp/content/001458551.pdf	2025-02-23	MHLW website content under Public Data License 1.0 unless separately indicated; third-party content requires separate review
P110-252	110	252	実践	薬理	−253 ₂₈ 歳女性。高校教員として勤務している。ここ数ケ月、仕事のストレスか ら風邪をひきやすく、体調が優れない日が続いていた。最近になり、左胸背部に赤 い発疹が多く現れ、ピリピリとする痛みが出てきたことから、近医を受診した。診 断の結果、帯状疱疹と診断され、以下の処方箋を持って薬局を訪れた。 （処方） バラシクロビル錠 ₅₀₀ mg ₁ 回 ₂ 錠（ ₁ 日 ₆ 錠） アセトアミノフェン錠 ₅₀₀ mg ₁ 回 ₁ 錠（ ₁ 日 ₃ 錠） ₁日₃回 朝昼夕食後 ₇ 日分 問 252（実務） この患者への説明として、適切なのはどれか。2つ選べ。	"[""他の教職員や生徒へ感染させる危険性があるため、出勤停止となります。"",""むくみが現れたり、尿量が減った場合は、すぐに知らせてください。"",""帯状疱疹は再発する可能性があります。"",""服用期間中は水分摂取を控えるようにしてください。"",""痛みが強い時は患部を冷やしてください。""]"	multiChoice	[1,2]	null	normal	false	parsed	"[""none""]"	P110-CASE-252	https://www.mhlw.go.jp/content/001455161.pdf	https://www.mhlw.go.jp/content/001458551.pdf	2025-02-23	MHLW website content under Public Data License 1.0 unless separately indicated; third-party content requires separate review
P110-253	110	253	実践	実務	（薬理） 処方薬で治療を継続した結果、皮疹は治まったものの、その部位で断続的な刺す ような痛みや持続的で焼けるような痛みが生じるようになった。これらの症状に対 して使用する薬物の作用機序として、正しいのはどれか。2つ選べ。	"[""電位依存性 Ca2+ チャネルの機能の抑制"",""c︲アミノ酪酸 GABAB 受容体の刺激"",""オピオイド n 受容体の刺激"",""セロトニン ₅︲HT1B/1D 受容体の刺激"",""カルシトニン遺伝子関連ペプチド（CGRP）受容体の遮断""]"	multiChoice	[0,2]	null	normal	false	parsed	"[""none""]"	P110-CASE-252	https://www.mhlw.go.jp/content/001455161.pdf	https://www.mhlw.go.jp/content/001458551.pdf	2025-02-23	MHLW website content under Public Data License 1.0 unless separately indicated; third-party content requires separate review
P110-255	110	255	実践	実務	（実務） 認められた心電図異常はどれか。2つ選べ。	"[""ST 上昇"",""房室ブロック"",""徐脈"",""QT 延長"",""テント状 T 波の出現""]"	multiChoice	[2,3]	null	normal	false	parsed	"[""none""]"	P110-CASE-254	https://www.mhlw.go.jp/content/001455161.pdf	https://www.mhlw.go.jp/content/001458551.pdf	2025-02-23	MHLW website content under Public Data License 1.0 unless separately indicated; third-party content requires separate review
P110-256	110	256	実践	薬理	−257 ₆₃ 歳男性。 ₅ 年前に糖尿病性腎症と診断され、シタグリプチンリン酸塩水 和物、アルファカルシドール、ニフェジピン、酸化マグネシウム、セベラマー塩酸 塩、ポリスチレンスルホン酸カルシウムで治療してきた。 ₂ 年前に貧血症状が現 れ、ダルベポエチンアルファ（遺伝子組換え）が追加された。現在のダルベポエチ ンアルファ（遺伝子組換え）の用法・用量は、処方 ₁ のとおりである。 （処方 ₁ ） ダルベポエチンアルファ（遺伝子組換え）注射液 ₁₂₀ ng ₁回₁本 静脈内投与 ₂ 週間に ₁ 回 ₄ 週分 最近、血液中のヘモグロビン濃度が低下し、目標値を維持することができておら ず、その原因も不明であった。なお、血清フェリチン値は ₁₂₆ ng/mL、トランス フェリン飽和度は ₃₃％と正常域にある。この状態をふまえて、腎臓内科医は、処 方 ₁ から処方 ₂ へ変更した。 （処方 ₂ ） ダプロデュスタット錠 ₄ mg ₁ 回 ₁ 錠（ ₁ 日 ₁ 錠） ₁日₁回 朝食後 ₁₄ 日分 問 256（薬理） 処方 ₁ 又は処方 ₂ の薬物の作用機序として、正しいのはどれか。2つ選べ。	"[""補体 C₅ に結合することで、補体 C₅ を介した赤血球の破壊を抑制する。"",""チミジル酸合成酵素の補酵素として作用することで、赤血球の産生を促進す る。"",""ヘム合成酵素の補酵素として作用することで、ヘムの合成を促進する。"",""赤芽球系前駆細胞に作用することで、赤血球への分化を促進する。"",""低酸素誘導因子（HIF）プロリン水酸化酵素を阻害することで、HIF を介した エリスロポエチンの産生を促進する。""]"	multiChoice	[3,4]	null	normal	false	parsed	"[""none""]"	P110-CASE-256	https://www.mhlw.go.jp/content/001455161.pdf	https://www.mhlw.go.jp/content/001458551.pdf	2025-02-23	MHLW website content under Public Data License 1.0 unless separately indicated; third-party content requires separate review
P110-257	110	257	実践	実務	（実務） 処方 ₂ の薬剤の重大な副作用はどれか。1つ選べ。	"[""心室性不整脈"",""白血球減少"",""低血圧"",""血栓塞栓症"",""下痢""]"	singleChoice	3	null	normal	false	parsed	"[""none""]"	P110-CASE-256	https://www.mhlw.go.jp/content/001455161.pdf	https://www.mhlw.go.jp/content/001458551.pdf	2025-02-23	MHLW website content under Public Data License 1.0 unless separately indicated; third-party content requires separate review
P110-258	110	258	実践	薬理	−259 ₆₅ 歳男性。最近、尿意を我慢できなくなってきたため、近くの泌尿器科を 受診したところ、過活動膀胱と診断され、行動療法とともに以下の処方で治療を開 始することとなった。当薬局への来局は今回が初めてであったことから、お薬手帳 の確認と聞き取りを行った。 （処方） ソリフェナシンコハク酸塩錠 ₅ mg ₁ 回 ₁ 錠（ ₁ 日 ₁ 錠） ₁日₁回 朝食後 ₁₄ 日分 （お薬手帳の内容） ラタノプロスト点眼液 ₁日₁回₁滴 ドルゾラミド塩酸塩点眼液 ₁日₁回₁滴 患者からの聞き取りにて、眼科通院中で、お薬手帳に記載の点眼液を使用中であ ることを泌尿器科の処方医に伝えていなかったことが分かった。 問 258（実務） 眼科において治療中と考えられる疾患として、最も可能性が高いのはどれか。 1つ選べ。	"[""加齢黄斑変性"",""白内障"",""緑内障"",""ぶどう膜炎"",""流行性角結膜炎""]"	singleChoice	2	null	normal	false	parsed	"[""none""]"	P110-CASE-258	https://www.mhlw.go.jp/content/001455161.pdf	https://www.mhlw.go.jp/content/001458551.pdf	2025-02-23	MHLW website content under Public Data License 1.0 unless separately indicated; third-party content requires separate review
P110-259	110	259	実践	実務	（薬理） 前問で最も可能性が高い疾患を患者が治療中であることを眼科医に確認できたの で、泌尿器科の医師に処方変更を提案することにした。提案する薬物の作用機序と して適切なのはどれか。1つ選べ。	"[""アドレナリン a1 受容体刺激"",""アドレナリン b3 受容体刺激"",""アセチルコリン M3 受容体遮断"",""アンドロゲン受容体遮断"",""ミネラルコルチコイド受容体（アルドステロン受容体）遮断""]"	singleChoice	1	null	normal	false	parsed	"[""none""]"	P110-CASE-258	https://www.mhlw.go.jp/content/001455161.pdf	https://www.mhlw.go.jp/content/001458551.pdf	2025-02-23	MHLW website content under Public Data License 1.0 unless separately indicated; third-party content requires separate review
P110-260	110	260	実践	薬理	−261 ₄₈ 歳男性。 ₂ ケ月前から食欲の低下を感じ、消化器内科で精査したとこ ろ、ヘリコバクター・ピロリ陽性と診断され、一次除菌を行うこととなった。 （処方） ボノサップパック ₄₀₀ ₁ シート （注） ₁日₂回 朝夕食後 ₇ 日分 注： ₁ 回分として、ボノプラザン錠 ₂₀ mg ₁ 錠、アモキシシリンカプセル ₂₅₀ mg ₃ カプセル、クラリスロマイシン錠 ₂₀₀ mg ₁ 錠を服用 問 260（実務） この処方薬の服薬指導時の患者への説明として、適切なのはどれか。2つ選べ。	"[""ボノプラザン錠は、服用時に噛んだり、砕いたりすると効果が減弱します。"",""よくみられる副作用として、腹痛や頻回の下痢があります。"",""味覚異常が現れることがありますが、多くの場合数日で治まります。"",""服用期間中は激しい運動を控えてください。"",""処方分の薬を飲み終えた後、すぐに除菌の判定を行います。""]"	multiChoice	[1,2]	null	normal	false	parsed	"[""none""]"	P110-CASE-260	https://www.mhlw.go.jp/content/001455161.pdf	https://www.mhlw.go.jp/content/001458551.pdf	2025-02-23	MHLW website content under Public Data License 1.0 unless separately indicated; third-party content requires separate review
P110-261	110	261	実践	実務	（薬理） ヘリコバクター・ピロリの除菌療法において、ボノプラザン以外にラベプラゾー ルも用いられてきた。ボノプラザン又はラベプラゾールに関する記述として、正し いのはどれか。2つ選べ。	"[""ボノプラザンは、壁細胞における H ，K ︲ATPase の発現を抑制する。 + +"",""ボノプラザンは、胃酸による活性化を必要としない。"",""ボノプラザンは、弱酸性であり、壁細胞内に分子形として集積する。"",""ラベプラゾールは、K と競合して、壁細胞からの H 分泌を阻害する。 + +"",""ラベプラゾールは、H ，K ︲ATPase とジスルフィド結合を形成する。 + +""]"	multiChoice	[1,4]	null	normal	false	parsed	"[""none""]"	P110-CASE-260	https://www.mhlw.go.jp/content/001455161.pdf	https://www.mhlw.go.jp/content/001458551.pdf	2025-02-23	MHLW website content under Public Data License 1.0 unless separately indicated; third-party content requires separate review
P110-262	110	262	実践	薬理	−263 ₆₅ 歳男性。 ₂ 型糖尿病のため処方 ₁ ～ ₃ にて治療していた。 （処方 ₁ ） メトホルミン塩酸塩錠 ₂₅₀ mg ₁ 回 ₁ 錠（ ₁ 日 ₃ 錠） ₁日₃回 朝昼夕食後 ₂₈ 日分 （処方 ₂ ） グリメピリド錠 ₁ mg ₁ 回 ₁ 錠（ ₁ 日 ₂ 錠） ₁日₂回 朝夕食後 ₂₈ 日分 （処方 ₃ ） シタグリプチンリン酸塩錠 ₅₀ mg ₁ 回 ₁ 錠（ ₁ 日 ₁ 錠） ダパグリフロジン錠 ₅ mg ₁ 回 ₁ 錠（ ₁ 日 ₁ 錠） エナラプリルマレイン酸塩錠 ₅ mg ₁ 回 ₁ 錠（ ₁ 日 ₁ 錠） ₁日₁回 朝食後 ₂₈ 日分 最近、血糖コントロールが不良であることから、今回、処方 ₃ が処方 ₄ へ変更と なり、処方 ₁ 、 ₂ 及び ₄ が記載された処方箋を持ってかかりつけ薬局を訪れた。 （処方 ₄ ） セマグルチド（遺伝子組換え）錠 ₇ mg ₁ 回 ₁ 錠（ ₁ 日 ₁ 錠） ダパグリフロジン錠 ₅ mg ₁ 回 ₁ 錠（ ₁ 日 ₁ 錠） エナラプリルマレイン酸塩錠 ₅ mg ₁ 回 ₁ 錠（ ₁ 日 ₁ 錠） ₁日₁回 朝食後 ₂₈ 日分 問 262（実務） 処方変更に関して、医師に疑義照会すべき内容はどれか。2つ選べ。	"[""セマグルチドの投与剤形"",""セマグルチド錠の服用タイミング"",""セマグルチド錠の開始用量"",""セマグルチド錠とグリメピリド錠の併用禁忌"",""セマグルチド錠とダパグリフロジン錠の併用禁忌""]"	multiChoice	[1,2]	null	normal	false	parsed	"[""none""]"	P110-CASE-262	https://www.mhlw.go.jp/content/001455161.pdf	https://www.mhlw.go.jp/content/001458551.pdf	2025-02-23	MHLW website content under Public Data License 1.0 unless separately indicated; third-party content requires separate review
P110-263	110	263	実践	実務	（薬理） 処方 ₁ ～ ₄ のいずれかの薬物の作用機序として、正しいのはどれか。2つ選べ。	"[""グルカゴン様ペプチド︲₁（GLP︲₁）受容体を刺激して、膵臓からのインスリン 及びグルカゴン分泌を促進する。"",""ジペプチジルペプチダーゼ︲₄（DPP︲₄）を阻害して、小腸から分泌されるイン クレチンの分解を抑制する。"",""アンジオテンシン変換酵素（ACE）を阻害して、血中でのアンジオテンシンⅠ の生成を抑制する。"",""ミトコンドリア呼吸鎖複合体Ⅰを阻害して、血糖値依存的なインスリン分泌を 促進する。"",""AMP 活性化プロテインキナーゼ（AMPK）を活性化して、肝臓での糖新生を 抑制する。""]"	multiChoice	[1,4]	null	normal	false	parsed	"[""none""]"	P110-CASE-262	https://www.mhlw.go.jp/content/001455161.pdf	https://www.mhlw.go.jp/content/001458551.pdf	2025-02-23	MHLW website content under Public Data License 1.0 unless separately indicated; third-party content requires separate review
P110-264	110	264	実践	薬理	−265 ₆₂ 歳女性。最近 ₂ 週間ほど、咳嗽・喀痰があり、微熱も続いていた。市販 薬を継続服用していたが改善せず、呼吸器内科を受診したところ、肺結核と診断さ れた。処方は以下のとおりである。 （処方 ₁ ） リファンピシンカプセル ₁₅₀ mg ₁ 回 ₃ カプセル（ ₁ 日 ₃ カプセル） ₁日₁回 朝食前 ₃₀ 日分 （処方 ₂ ） イソニアジド錠 ₁₀₀ mg ₁ 回 ₂ 錠（ ₁ 日 ₂ 錠） ピラジナミド原末 ₁ 回 ₁ . ₅ g（ ₁ 日 ₁ . ₅ g） エタンブトール塩酸塩錠 ₂₅₀ mg ₁ 回 ₃ 錠（ ₁ 日 ₃ 錠） ₁日₁回 朝食後 ₃₀ 日分 問 264（実務） この患者に説明する内容として、適切なのはどれか。2つ選べ。	"[""しっかりと服薬遵守すれば、今回処方された分の薬で治療が終了すること。"",""リファンピシンの服用により、尿や便が橙赤色等に着色する可能性があるこ と。"",""イソニアジドの副作用として高尿酸血症があること。"",""ピラジナミドは、チーズなどのチラミンを多く含む食品との相互作用により、 動悸が現れること。"",""エタンブトールの副作用として視力障害があること。""]"	multiChoice	[1,4]	null	normal	false	parsed	"[""none""]"	P110-CASE-264	https://www.mhlw.go.jp/content/001455161.pdf	https://www.mhlw.go.jp/content/001458551.pdf	2025-02-23	MHLW website content under Public Data License 1.0 unless separately indicated; third-party content requires separate review
P110-265	110	265	実践	実務	（薬理） 処方 ₁ 及び処方 ₂ のいずれかの薬物の結核菌に対する作用として、正しいのはど れか。2つ選べ。	"[""DNA 依存性 RNA ポリメラーゼを阻害して、RNA 合成を抑制する。"",""ミコール酸の合成を阻害して、細胞壁合成を抑制する。"",""トポイソメラーゼⅣと DNA ジャイレースを阻害して、核酸合成を抑制する。"",""ATP 合成酵素を阻害して、結核菌細胞内の ATP 量を低下させる。"",""リボソーム ₃₀S サブユニットに作用して、タンパク質合成を阻害する。""]"	multiChoice	[0,1]	null	normal	false	parsed	"[""none""]"	P110-CASE-264	https://www.mhlw.go.jp/content/001455161.pdf	https://www.mhlw.go.jp/content/001458551.pdf	2025-02-23	MHLW website content under Public Data License 1.0 unless separately indicated; third-party content requires separate review
P110-266	110	266	実践	薬剤	−267 ₄₅ 歳男性。喫煙歴 ₂₀ 年（ ₁ 日 ₂₀～₃₀ 本程度）。男性は、最近、痰が絡ん で咳込みが多く、健康のために禁煙を希望し、薬局を訪れた。薬剤師は、禁煙サ ポートのため男性の生活習慣及び健康状態を聞き取り、ニコチンガム製剤による禁 煙を勧めることにした。男性と話し合いのうえ、禁煙期間の目標を ₉₀ 日に設定 し、最初の ₁ 週間は ₁ 日の使用個数の目安を以下とした。 （販売する一般用医薬品） ニコチンガム製剤（ニコチン ₂ mg 含有／個） （使用個数の目安） ₁日₉個 また、男性に対して習慣的に摂取している飲食物を質問したところ、以下の情報 が得られた。 ・炭酸水（ａ）を頻繁に飲用している。 ・亜鉛含有サプリメント（ｂ）を食後に摂取している。 ・気分を落ち着かせるために、セントジョーンズワート含有食品（ｃ）を毎日摂取 している。 問 266（薬剤） ニコチンガム製剤による禁煙補助療法の十分な効果を得るために、摂取を控える 必要がある飲食物とその理由の組合せとして正しいのはどれか。1つ選べ。 飲食物 理由	"[""a 口腔内において製剤からのニコチンの溶出が低下するため。"",""a 口腔内が酸性に傾くことによりニコチンの吸収が低下するため。"",""b 胃内 pH の上昇によりニコチンの吸収が低下するため。"",""b 消化管においてキレート形成によりニコチンの吸収が低下するため。 小腸における CYP₃A₄ の誘導によりニコチンの代謝が促進される"",""c ため。 小腸における P︲糖タンパク質の誘導によりニコチンの消化管分泌"",""c が促進されるため。""]"	singleChoice	1	null	normal	false	parsed	"[""none""]"	P110-CASE-266	https://www.mhlw.go.jp/content/001455161.pdf	https://www.mhlw.go.jp/content/001458551.pdf	2025-02-23	MHLW website content under Public Data License 1.0 unless separately indicated; third-party content requires separate review
P110-267	110	267	実践	実務	（実務） 薬剤師は、禁煙補助療法導入時のニコチンガム製剤の使用方法及び使用上の注意 を説明することにした。薬剤師が説明する内容として、適切なのはどれか。2つ選 べ。	"[""ピリッとした味を感じるまでゆっくりと噛んだ後、頬と歯茎の間に置く。"",""喫煙の欲求がなくても定期的に使用する。"",""治療開始時は、喫煙との併用が可能である。"",""使用中に唾液が多くなった場合は、唾液を飲み込まず、ティッシュペーパーな どに唾液を出す。"",""使用後のガムは、医療廃棄物として薬局で回収する。""]"	multiChoice	[0,3]	null	normal	false	parsed	"[""none""]"	P110-CASE-266	https://www.mhlw.go.jp/content/001455161.pdf	https://www.mhlw.go.jp/content/001458551.pdf	2025-02-23	MHLW website content under Public Data License 1.0 unless separately indicated; third-party content requires separate review
P110-268	110	268	実践	薬剤	−269 ₆₈ 歳女性。身長 ₁₅₅ cm、体重 ₅₀ kg。下腿浮腫及び尿の泡立ちを自覚する ようになり、近医を受診した。タンパク尿及び低アルブミン血症を認め、ネフロー ゼ症候群が疑われ、精査加療のため総合病院に入院となった。検査の結果、以下の 治療を開始した。 （入院時検査値） 血圧 ₁₄₂/₉₂ mmHg、血清総タンパク ₅ . ₁ g/dL、血清アルブミン ₂ . ₆ g/dL、 BUN ₃₈ mg/dL、血清クレアチニン ₁ . ₀ mg/dL、総コレステロール ₃₃₈ mg/dL、 LDL︲C ₂₄₈ mg/dL、Na ₁₄₂ mEq/L、K ₄ . ₂ mEq/L、尿タンパク（ ₃+） （処方 ₁ ） プレドニゾロン錠 ₅ mg ₁ 回 ₈ 錠（ ₁ 日 ₈ 錠） フロセミド錠 ₄₀ mg ₁ 回 ₁ 錠（ ₁ 日 ₁ 錠） ₁日₁回 朝食後 ₇ 日分 （処方 ₂ ） ピタバスタチン Ca 錠 ₂ mg ₁ 回 ₁ 錠（ ₁ 日 ₁ 錠） ₁日₁回 夕食後 ₇ 日分 ₁ 週間後、浮腫の軽減が不十分であったため、多職種によるカンファレンスで薬 剤師に意見が求められた。 問 268（実務） 薬剤師がカンファレンスで提案する内容として、適切なのはどれか。2つ選べ。	"[""ヒドロクロロチアジドの追加"",""プレドニゾロンの中止"",""フロセミドの増量"",""カルペリチドの追加"",""ピタバスタチンの減量""]"	multiChoice	[0,2]	null	normal	false	parsed	"[""none""]"	P110-CASE-268	https://www.mhlw.go.jp/content/001455161.pdf	https://www.mhlw.go.jp/content/001458551.pdf	2025-02-23	MHLW website content under Public Data License 1.0 unless separately indicated; third-party content requires separate review
P110-269	110	269	実践	実務	（薬剤） 治療開始後、ステロイド抵抗性との診断を受け、シクロスポリンカプセルが追加 されることになった。そのため、薬剤師は処方 ₂ の薬剤についてフルバスタチンへ の変更を医師に提案した。その理由として正しいのはどれか。1つ選べ。	"[""シクロスポリンがピタバスタチンの消化管吸収を阻害するため。"",""シクロスポリンがピタバスタチンの肝取り込みを阻害するため。"",""ピタバスタチンがシクロスポリンの代謝を阻害するため。"",""ピタバスタチンがシクロスポリンの尿細管分泌を阻害するため。"",""シクロスポリンがピタバスタチンの尿細管再吸収を阻害するため。""]"	singleChoice	1	null	normal	false	parsed	"[""none""]"	P110-CASE-268	https://www.mhlw.go.jp/content/001455161.pdf	https://www.mhlw.go.jp/content/001458551.pdf	2025-02-23	MHLW website content under Public Data License 1.0 unless separately indicated; third-party content requires separate review
P110-270	110	270	実践	薬剤	−271 ₆₉ 歳男性。数日前より髪の毛が抜けやすくなり、ふけや頭皮のかゆみを自 覚した。皮膚科を受診したところ、頭部白癬と診断され、経口抗真菌薬で治療する ことになった。男性は以下の処方箋を持って、薬局を訪れた。男性の持参したお薬 手帳を薬剤師が確認したところ、現在服用中の薬剤との薬物相互作用が懸念され た。 （処方） イトラコナゾールカプセル ₅₀ mg ₁ 回 ₂ カプセル（ ₁ 日 ₂ カプセル） ₁日₁回 朝食直後 ₁₄ 日分 （お薬手帳から確認された現在の服用薬） オルメサルタン口腔内崩壊錠 ₂₀ mg ₁ 回 ₁ 錠（ ₁ 日 ₁ 錠） フェブキソスタット錠 ₂₀ mg ₁ 回 ₁ 錠（ ₁ 日 ₁ 錠） ₁日₁回 朝食後 ビルダグリプチン錠 ₅₀ mg ₁ 回 ₁ 錠（ ₁ 日 ₂ 錠） ₁日₂回 朝夕食後 ミグリトール口腔内崩壊錠 ₅₀ mg ₁ 回 ₁ 錠（ ₁ 日 ₃ 錠） ₁日₃回 朝昼夕食直前 シンバスタチン錠 ₅ mg ₁ 回 ₁ 錠（ ₁ 日 ₁ 錠） ₁日₁回 夕食後 問 270（薬剤） お薬手帳から確認された現在服用中の薬剤とイトラコナゾールカプセルとの間で 懸念される薬物相互作用の発現機序として、最も適切なのはどれか。1つ選べ。	"[""胃内 pH の上昇による溶解性の低下"",""核内受容体を介した小腸 P︲糖タンパク質の発現量増加"",""肝臓の OATP₁B₁ に対する競合阻害"",""代謝物による CYP₃A₄ の不可逆的阻害"",""ヘム鉄への配位結合による CYP₃A₄ の阻害""]"	singleChoice	4	null	normal	false	parsed	"[""none""]"	P110-CASE-270	https://www.mhlw.go.jp/content/001455161.pdf	https://www.mhlw.go.jp/content/001458551.pdf	2025-02-23	MHLW website content under Public Data License 1.0 unless separately indicated; third-party content requires separate review
P110-271	110	271	実践	実務	（実務） 前問で懸念された薬物相互作用を回避するために、薬剤師が皮膚科の医師に提案 する処方変更の内容として、適切なのはどれか。1つ選べ。	"[""投与量の減量"",""投与タイミングの就寝前への変更"",""テルビナフィン塩酸塩錠への変更"",""イトラコナゾール内用液への変更"",""ボリコナゾール錠への変更""]"	singleChoice	2	null	normal	false	parsed	"[""none""]"	P110-CASE-270	https://www.mhlw.go.jp/content/001455161.pdf	https://www.mhlw.go.jp/content/001458551.pdf	2025-02-23	MHLW website content under Public Data License 1.0 unless separately indicated; third-party content requires separate review
P110-272	110	272	実践	薬剤	−273 ₂₅ 歳女性。身長 ₁₆₀ cm、体重 ₅₅ kg。朝、自室から起床してこないため、 心配に思った家族が部屋の中に入ったところ、ベッドの上で仰向けになって意識を 失っていた。呼びかけに反応しなかったため、救急隊を要請した。病院搬送時の意 識レベルは Japan Coma Scale（JCS）₂₀₀、血圧 ₁₀₀/₅₅ mmHg、脈拍 ₁₀₅ 拍/分、 呼吸 ₁₅ 回/分、体温 ₃₆ . ₀ ℃であった。採取した尿を用いて定性試験でバルビツー ル酸類が強陽性であった。家族からの情報によると、女性は以前よりてんかん治療 のためフェノバルビタールを常用しており、たびたび体調を崩していた。胃内容物 を分析したところ、フェノバルビタールが検出され、過量摂取による意識障害と診 断された。 問 272（薬剤） 薬剤師がフェノバルビタールの血清中濃度を測定したところ、₆₅ ng/mL であっ た。医師は、球形吸着炭の ₆ 時間ごとの繰り返し投与、及び炭酸水素ナトリウム注 射液の持続投与を開始した。 ₂ 日後、フェノバルビタールの血清中濃度は ₄₀ ng/mL となり、意識は徐々に回復した。フェノバルビタールの体内動態に及ぼす球形吸着 炭及び炭酸水素ナトリウムの作用として、適切なのはどれか。2つ選べ。	"[""血漿タンパク結合の阻害"",""肝取り込みの促進"",""腸肝循環の抑制"",""尿細管分泌の促進"",""尿細管再吸収の抑制""]"	multiChoice	[2,4]	null	normal	false	parsed	"[""none""]"	P110-CASE-272	https://www.mhlw.go.jp/content/001455161.pdf	https://www.mhlw.go.jp/content/001458551.pdf	2025-02-23	MHLW website content under Public Data License 1.0 unless separately indicated; third-party content requires separate review
P110-273	110	273	実践	実務	（実務） ₃ 日後には、この患者の意識は完全に回復した。しかし、病棟薬剤師が患者の異 変に気付き、医師とともに症状を確認したところ、一過性の退薬症状が出現したと 考えられた。観察された症状として適切なのはどれか。2つ選べ。	"[""不安"",""傾眠"",""手指振戦"",""発疹"",""過度の心拍数低下""]"	multiChoice	[0,2]	null	normal	false	parsed	"[""none""]"	P110-CASE-272	https://www.mhlw.go.jp/content/001455161.pdf	https://www.mhlw.go.jp/content/001458551.pdf	2025-02-23	MHLW website content under Public Data License 1.0 unless separately indicated; third-party content requires separate review
P110-275	110	275	実践	実務	（実務） テ ル ミ サ ル タ ン 錠 は ₄₀ mg に 減 量 さ れ 自 覚 症 状 は 消 失 し た が、 血 圧 が ₁₆₀/₉₅ mmHg まで上昇した。そのため、他の降圧薬を追加することになった。追 加する薬物として適切なのはどれか。2つ選べ。	"[""プロプラノロール塩酸塩"",""トリクロルメチアジド"",""ベラパミル塩酸塩"",""スピロノラクトン"",""アムロジピンベシル酸塩""]"	multiChoice	[1,4]	null	normal	false	parsed	"[""none""]"	P110-CASE-274	https://www.mhlw.go.jp/content/001455161.pdf	https://www.mhlw.go.jp/content/001458551.pdf	2025-02-23	MHLW website content under Public Data License 1.0 unless separately indicated; third-party content requires separate review
P110-277	110	277	実践	実務	（実務） 処方 ₃ の薬剤に変更後、持続痛は適切に管理されていた。しかし、 ₆ ケ月を過ぎ た頃、突出痛に対する処方 ₂ の薬剤の効果が不十分となった。医師は、処方 ₂ の薬 剤の投与量を増量したが、服用後に不快な眠気が続くようになったため、処方 ₂ を 処方 ₄ に変更した。 （処方 ₄ ） フェンタニルクエン酸塩舌下錠 ₁₀₀ ng ₁回₁錠 疼痛時 舌下投与 ₁₀ 回分 薬剤師が患者に伝える内容として、適切なのはどれか。2つ選べ。	"[""処方 ₂ の薬剤に比べ作用の発現が速いので、突出痛に対し迅速に対応できる。"",""最小用量から開始し、 ₁ 回の最適量は、症状に応じて医師が段階的に調節す る。"",""痛みが強いときは、錠剤を噛み砕いてから舌下におく。"",""口の中が乾燥している場合は、口に水を含み、含んだ水で溶かすように使用す る。"",""突出痛に加え、持続性疼痛が増強されたときにも使用する。""]"	multiChoice	[0,1]	null	normal	false	parsed	"[""none""]"	P110-CASE-276	https://www.mhlw.go.jp/content/001455161.pdf	https://www.mhlw.go.jp/content/001458551.pdf	2025-02-23	MHLW website content under Public Data License 1.0 unless separately indicated; third-party content requires separate review
P110-278	110	278	実践	薬剤	−279 ₃₆ 歳女性。糖尿病の家族歴あり。妊娠のため、近隣の産婦人科クリニック を受診した。妊娠初期から定期的に血糖測定していたところ、血糖値の上昇傾向が 見られ、食事療法を行っていた。妊娠 ₂₄ 週時（妊娠中期）に実施した ₇₅ g ブドウ糖 負荷試験で、空腹時血糖値 ₉₈ mg/dL、 ₁ 時間値 ₁₉₂ mg/dL、 ₂ 時間値 ₁₈₀ mg/dL であったため、紹介された総合病院に管理入院し、食事療法に加えて、血糖自己測 定及びインスリン療法が導入された。 （処方 ₁ ） インスリンデテミル（遺伝子組換え） ₃₀₀ 単位/₃ mL ₁筒 ₁ 回 ₃ 単位 ₁日₁回 就寝前 皮下注射（自己注射） （処方 ₂ ） インスリンアスパルト（遺伝子組換え） ₃₀₀ 単位/₃ mL ₁筒 ₁ 回 ₃ 単位 ₁日₃回 朝昼夕食直前 皮下注射（自己注射） （入院時検査値） 白血球 ₈ , ₅₀₀/nL、Hb ₁₂ . ₀ g/dL、血小板 ₃₂ . ₀ # ₁₀4/nL、 随時血糖 ₁₇₈ mg/dL、HbA₁c ₅ . ₇％ 問 278（実務） 薬剤師が患者に提供する情報として、正しいのはどれか。2つ選べ。	"[""妊娠中期以降はインスリン抵抗性が改善するので、投与量を漸減していく可能 性が高い。"",""インスリン注射に不安があれば、処方 ₂ を経口血糖降下薬に置き換える BOT 療法（Basal Supported Oral Therapy）の導入が可能である。"",""出産後に血糖値が正常化しても、食事療法と運動療法の継続や定期的な検査が 必要である。"",""妊娠中は ₁ 日に複数回の血糖自己測定により、厳格な血糖管理を行う。"",""出産直後は高血糖を起こしやすいので、経口血糖降下薬を追加する可能性があ る。""]"	multiChoice	[2,3]	null	normal	false	parsed	"[""none""]"	P110-CASE-278	https://www.mhlw.go.jp/content/001455161.pdf	https://www.mhlw.go.jp/content/001458551.pdf	2025-02-23	MHLW website content under Public Data License 1.0 unless separately indicated; third-party content requires separate review
P110-279	110	279	実践	実務	（薬剤） 処方 ₁ の薬剤が持効性を示す機構として、正しいのはどれか。1つ選べ。	"[""インスリン分子を結晶化することで、溶解性を低下させた。"",""投与後、皮下組織において、インスリン分子が安定した可溶性のマルチヘキサ マーを形成するようにした。"",""インスリン分子の等電点を改変することで、生理的な pH で微細な沈殿物を形 成するようにした。"",""インスリン分子に脂肪酸を結合させることで、血中でアルブミンと複合体を形 成するようにした。"",""インスリン分子をプロタミン硫酸塩との複合体とすることで、溶解速度を低下 させた。""]"	singleChoice	3	null	normal	false	parsed	"[""none""]"	P110-CASE-278	https://www.mhlw.go.jp/content/001455161.pdf	https://www.mhlw.go.jp/content/001458551.pdf	2025-02-23	MHLW website content under Public Data License 1.0 unless separately indicated; third-party content requires separate review
P110-280	110	280	実践	薬剤	−281 ₆₅ 歳男性。身長 ₁₆₅ cm、体重 ₆₀ kg。腹痛及び背部痛を訴え、近医を受診 した。血中膵酵素及び腫瘍マーカー（CA₁₉︲₉、CEA）が高値であったため、超音 波内視鏡検査を施行したところ、膵臓がんと診断された。治癒切除が不能と判断さ れ、胆道ドレナージが施行された。その後、化学療法として GnP 療法（ゲムシタ ビン・nab︲パクリタキセル併用療法）で治療を行うことになった。 レジメン（GnP） 点滴 薬剤 用量 Day ₁ Day ₈ Day ₁₅ Day ₂₂ 時間 （処方 ₁ ） ₃₀ 分 ₁₂₅ ○ ○ ○ アブラキサン点滴静注用 mg/m （注） 2 生理食塩液で懸濁 （処方 ₂ ） ₃₀ 分 ₁ , ₀₀₀ ○ ○ ○ ゲムシタビン点滴静注用 mg/m 生理食塩液で溶解 休薬 ○ （注：パクリタキセル注射剤（アルブミン懸濁型）） 問 280（実務） 処方 ₁ の薬剤による治療に関して、薬剤師が医療スタッフに伝える注意事項とし て、適切なのはどれか。2つ選べ。	"[""投与前に好中球数及び血小板数が減少していないかを確認する。"",""ヒト由来成分に対する過敏症予防のための前投与が実施されたかを確認する。"",""投与時に血管痛が出た場合は、次回から懸濁に用いる液をブドウ糖液に変更す る。"",""インラインフィルターを使用して投与することを確認する。"",""感染症伝播のリスクについての説明を患者に行ったかを確認する。""]"	multiChoice	[0,4]	null	normal	false	parsed	"[""none""]"	P110-CASE-280	https://www.mhlw.go.jp/content/001455161.pdf	https://www.mhlw.go.jp/content/001458551.pdf	2025-02-23	MHLW website content under Public Data License 1.0 unless separately indicated; third-party content requires separate review
P110-281	110	281	実践	実務	（薬剤） 処方 ₁ の薬剤に関する記述として、正しいのはどれか。1つ選べ。	"[""有効成分とアルブミンを可逆的に結合することによって、血中で速やかに崩壊 するナノ粒子とした。"",""腫瘍組織への集積性を高めるために、有効成分を生分解性高分子でマイクロカ プセル化した。"",""有効成分とアルブミンを共有結合することによって、血中滞留性を改善した。"",""アルコールと界面活性剤の添加によって、有効成分の溶解性を改善した。"",""アルブミンの添加により膠質浸透圧を調整することで、副作用である血管痛を 軽減した。""]"	singleChoice	0	null	normal	false	parsed	"[""none""]"	P110-CASE-280	https://www.mhlw.go.jp/content/001455161.pdf	https://www.mhlw.go.jp/content/001458551.pdf	2025-02-23	MHLW website content under Public Data License 1.0 unless separately indicated; third-party content requires separate review
P110-282	110	282	実践	薬剤	−283 ₆₅ 歳男性。帯状疱疹の予防のためにワクチン接種を希望した。男性は、か かりつけの病院で接種可能かを確認し、接種の予約を行った。接種の当日は平熱 で、問診の結果からワクチン接種が可能と判定され、以下のワクチン製剤の ₁ 回目 の接種を行うことになった。 シングリックス筋注用 ₁ バイアル（専用溶解用液 ₀ . ₅ mL ₁ 本添付） （注） ₁ 回 ₀ . ₅ mL を筋肉内注射 注：乾燥組換え帯状疱疹ワクチン。水痘帯状疱疹ウイルス糖タンパク質 E 抗原 を有効成分とする凍結乾燥製剤と専用溶解用液からなる。前者は、添加物と して精製白糖及びポリソルベート ₈₀ 等を含有する。後者は、グラム陰性菌 Salmonella minnesota R₅₉₅ 株のリポ多糖の非毒性型誘導体である ₃︲脱アシ ル化︲₄' ︲モノホスホリルリピッド A と精製キラヤサポニンを包含するリポ ソームからなるアジュバントを含有する。 問 282（薬剤） このワクチン製剤に関する記述として、正しいのはどれか。2つ選べ。	"[""専用溶解用液中の脂質粒子は、内水層を有する。"",""ポリソルベート ₈₀ は、微生物の発育を阻止する目的で添加されている。"",""精製白糖は、無痛化を目的に添加されている。"",""凍結を避けて、 ₂ ～ ₈ ℃で保存する。"",""血液中に移行後、製剤が徐々に分解されて有効成分を放出する。""]"	multiChoice	[0,3]	null	normal	false	parsed	"[""none""]"	P110-CASE-282	https://www.mhlw.go.jp/content/001455161.pdf	https://www.mhlw.go.jp/content/001458551.pdf	2025-02-23	MHLW website content under Public Data License 1.0 unless separately indicated; third-party content requires separate review
P110-283	110	283	実践	実務	（実務） ワクチン接種後、被接種者が待合室に向かう途中で気分が悪いとその場に倒れこ んだ。その場に居合わせた薬剤師と看護師は、待機している医師に対応を要請し た。患者は呼びかけには反応するが、頻脈と蒼白が観察された。駆けつけた医師は 被接種者の症状からアナフィラキシーを疑ったため、その場に居合わせた薬剤師と 看護師とともにチームとして患者に対応した。 この患者に対する迅速な対応として、適切なのはどれか。2つ選べ。	"[""患者を仰臥位に保持"",""アドレナリンの静脈内投与"",""急速輸液に使用する等張電解質液の準備"",""二相性反応予防に使用する抗ヒスタミン薬の準備"",""胸骨圧迫と人工呼吸の実施""]"	multiChoice	[0,2]	null	normal	false	parsed	"[""none""]"	P110-CASE-282	https://www.mhlw.go.jp/content/001455161.pdf	https://www.mhlw.go.jp/content/001458551.pdf	2025-02-23	MHLW website content under Public Data License 1.0 unless separately indicated; third-party content requires separate review
P110-284	110	284	実践	薬剤	−285 ₈₂ 歳男性。夜中に咳込みが激しくなり、病院を受診したところ、気管支ぜ ん息と診断され、処方 ₁ の薬剤が処方された。薬剤師は吸入練習機を用いて吸入指 導を行い、薬剤を交付した。しかし、数日後、家族が薬局に来局し、「処方 ₁ の薬 剤を吸入するとむせるようになり、吸入が困難になった」と話した。薬剤師が処方 医にこの情報を提供したところ、再診察を行い処方 ₁ を処方 ₂ に変更した。 （処方 ₁ ） アニュイティ ₁₀₀ ng エリプタ ₃₀ 吸入用 ₁本 （注 1） ₁ 回 ₂ 吸入 ₁日₁回 朝 吸入 注 ₁ ：フルチカゾンフランカルボン酸エステルを含有するドライパウダー吸 入器（DPI） 。 ₁ 吸入でフルチカゾンフランカルボン酸エステルとし て ₁₀₀ ng を吸入できる。 （処方 ₂ ） オルベスコ ₁₀₀ ng インヘラー ₅₆ 吸入用 ₁本 （注 2） ₁ 回 ₁ 吸入 ₁日₁回 朝 吸入 注 ₂ ：シクレソニドを含有する加圧式定量噴霧器（pMDI）。 ₁ 吸入でシク レソニドとして ₁₀₀ ng を吸入できる。 問 284（薬剤） 処方 ₁ と処方 ₂ の薬剤に関する記述として正しいのはどれか。2つ選べ。	"[""処方 ₁ と処方 ₂ の薬剤は、いずれも無菌試験法に適合する。"",""処方 ₁ と処方 ₂ の薬剤は、いずれも吸入剤の空気力学的粒度測定法に適合す る。"",""処方 ₁ の薬剤に用いられている容器は、薬剤を含むエアゾール缶、定量バルブ とアクチュエーター等から構成される。"",""処方 ₂ の薬剤は、吸入量が一定となるように調製された固体粒子のエアゾール として吸入する。"",""処方 ₂ の薬剤には、耐圧性の密封容器が用いられる。""]"	multiChoice	[1,4]	null	normal	false	parsed	"[""none""]"	P110-CASE-284	https://www.mhlw.go.jp/content/001455161.pdf	https://www.mhlw.go.jp/content/001458551.pdf	2025-02-23	MHLW website content under Public Data License 1.0 unless separately indicated; third-party content requires separate review
P110-285	110	285	実践	実務	（実務） 処方 ₂ の薬剤について、家族に対する薬剤師の説明として適切なのはどれか。 2つ選べ。	"[""急性の発作にも使用できます。"",""毎回、「試し噴射」を行い、噴霧を確認してから使用してください。"",""噴霧のタイミングに合わせて、ゆっくり深く吸い込んでください。"",""吸入後のうがいは必要ありません。"",""吸気と噴霧のタイミングを合わせにくいときは、吸入補助具の使用をお勧めし ます。""]"	multiChoice	[2,4]	null	normal	false	parsed	"[""none""]"	P110-CASE-284	https://www.mhlw.go.jp/content/001455161.pdf	https://www.mhlw.go.jp/content/001458551.pdf	2025-02-23	MHLW website content under Public Data License 1.0 unless separately indicated; third-party content requires separate review
P110-286	110	286	実践	病態・薬物治療	−287 ₆₇ 歳女性。既往歴及び服薬歴はない。大腿骨近位部骨折のため、 ₁ ケ月間 入院加療することになった。入院時の大腿骨骨密度は、若年成人平均値（YAM） の ₆₅％であり、血清カルシウム値 ₉ . ₆ mg/dL、血清リン値 ₃ . ₅ mg/dL であった。 退院時に以下の治療薬が処方された。 （処方 ₁ ） リセドロン酸 Na 錠 ₁₇ . ₅ mg ₁ 回 ₁ 錠（ ₁ 日 ₁ 錠） ₁日₁回 起床時 ₄ 日分（ ₁ 週間に一度） （処方 ₂ ） エルデカルシトール錠 ₀ . ₇₅ ng ₁ 回 ₁ 錠（ ₁ 日 ₁ 錠） ₁日₁回 朝食後 ₂₈ 日分 約 ₁ ケ月後に同病院の診察前の薬剤師外来にて服薬について患者にインタビュー したところ、服用を大変面倒と感じており、飲み忘れることが時々あるとのことで あった。残薬を持参するよう患者に伝えたが、その後の外来受診でも持参しなかっ た。退院から約半年経過してようやく持参した薬剤を確認したところ、リセドロン 酸ナトリウム錠は ₁₀ 錠、エルデカルシトール錠は ₅₀ 錠の残薬が認められた。 問 286（病態・薬物治療） この患者の病態及び治療に関する記述として、正しいのはどれか。2つ選べ。	"[""原発性の骨粗しょう症と考えられる。"",""発症に、カルシウム不足による骨基質の石灰化障害が関与している。"",""入院前は、骨吸収が骨形成を上回った状態と考えられる。"",""処方薬はいずれも横臥状態での服用が可能である。"",""エルデカルシトールは、リセドロン酸による低カルシウム血症を増強する。""]"	multiChoice	[0,2]	null	normal	false	parsed	"[""none""]"	P110-CASE-286	https://www.mhlw.go.jp/content/001455162.pdf	https://www.mhlw.go.jp/content/001458551.pdf	2025-02-23	MHLW website content under Public Data License 1.0 unless separately indicated; third-party content requires separate review
P110-287	110	287	実践	実務	（実務） 患者の服薬遵守状況が良好でなく、治療効果が十分得られていないことを医師に 報告し、薬剤の変更などの提案を行うことになった。提案として適切なのはどれ か。2つ選べ。	"[""リセドロン酸ナトリウム錠をラロキシフェン塩酸塩錠に変更"",""メナテトレノンカプセルの追加"",""リセドロン酸ナトリウム錠を月 ₁ 回服用製剤に変更"",""リセドロン酸ナトリウム錠からテリパラチド皮下注（ ₁ 日 ₁ 回）自己注射に変更"",""リセドロン酸ナトリウム錠からデノスマブ皮下注（ ₆ ケ月 ₁ 回）に変更""]"	multiChoice	[2,4]	null	normal	false	parsed	"[""none""]"	P110-CASE-286	https://www.mhlw.go.jp/content/001455162.pdf	https://www.mhlw.go.jp/content/001458551.pdf	2025-02-23	MHLW website content under Public Data License 1.0 unless separately indicated; third-party content requires separate review
P110-288	110	288	実践	病態・薬物治療	−289 ₆₅ 歳男性。毎年 ₂ 月から ₆ 月頃にかけて、鼻水、くしゃみ、鼻づまりの症 状に悩むため、 ₂ 月になり、一般用医薬品購入のため、来局した。初めての来局 だったので、聞き取りを行い、以下の情報が得られた。 ・出勤や訪問などの外出時に、くしゃみや鼻水がひどくなるが、その症状に対する 薬は飲んだことがない。 ・数年前に市販の花粉症に対する内服薬を購入したことがあるが、品名は忘れた。 ・就寝時布団に入り暖まると、鼻づまりがひどくなり、寝つきが悪くなることが多 い。 ・仕事で週に ₂ ～ ₃ 回、社用車を運転して取引先を訪問することがある。 ・泌尿器科クリニックで前立腺肥大症と診断され、治療を受けている。 ・頻尿と残尿感を改善する内服薬を ₁ 日 ₁ 回夕食後に服用している。ただし、薬剤 名は不明である。 問 288（病態・薬物治療） この来局者の病態に関する記述として、正しいのはどれか。2つ選べ。	"[""鼻閉には、鼻粘膜における血管透過性の亢進が関与している。"",""免疫複合体が鼻粘膜に沈着して発症した。"",""鼻汁中の好酸球が減少している。"",""症状の原因を特定するには、スクラッチテストが有用である。"",""通年性に、鼻粘膜の腫脹が認められる可能性が高い。""]"	multiChoice	[0,3]	null	normal	false	parsed	"[""none""]"	P110-CASE-288	https://www.mhlw.go.jp/content/001455162.pdf	https://www.mhlw.go.jp/content/001458551.pdf	2025-02-23	MHLW website content under Public Data License 1.0 unless separately indicated; third-party content requires separate review
P110-290	110	290	実践	病態・薬物治療	−291 ₆₅ 歳男性。 ₂ 型糖尿病の既往があり処方 ₁ の薬剤を服用している。約 ₁₅ 年前に C 型肝炎ウイルス（HCV）感染症と診断され、インターフェロン治療を受 けたがウイルスは陰性化しなかった。その後、C 型慢性肝炎に対して処方 ₂ の薬剤 を内服し経過観察中であったが、AST 及び ALT の軽度上昇が認められたため、 直接作用型抗ウイルス薬（処方 ₃ ）が追加された。 （処方 ₁ ） カナグリフロジン錠 ₁₀₀ mg ₁ 回 ₁ 錠（ ₁ 日 ₁ 錠） テネリグリプチン錠 ₂₀ mg ₁ 回 ₁ 錠（ ₁ 日 ₁ 錠） ₁日₁回 朝食後 ₂₈ 日分 （処方 ₂ ） ウルソデオキシコール酸錠 ₁₀₀ mg ₁ 回 ₂ 錠（ ₁ 日 ₆ 錠） ₁日₃回 朝昼夕食後 ₂₈ 日分 （処方 ₃ ） レジパスビル・ソホスブビル配合錠 ₁ 回 ₁ 錠（ ₁ 日 ₁ 錠） ₁日₁回 夕食後 ₂₈ 日分 問 290（実務） この患者に対する服薬指導として、誤っているのはどれか。1つ選べ。	"[""カナグリフロジンにより、口が渇いたり尿量が増えることがあります。"",""抗ウイルス薬を飲み忘れた場合は、翌日の夕食後まで服用しないでください。"",""抗ウイルス薬の併用により、低血糖が発現する可能性が高まるため、ふらつき などの症状に注意してください。"",""抗ウイルス薬は、₁₂ 週間飲み続ける必要があるので、継続して受診してくださ い。"",""抗ウイルス薬により血圧が上昇する可能性がありますので、家庭でも血圧を測 定してください。""]"	singleChoice	1	null	normal	false	parsed	"[""none""]"	P110-CASE-290	https://www.mhlw.go.jp/content/001455162.pdf	https://www.mhlw.go.jp/content/001458551.pdf	2025-02-23	MHLW website content under Public Data License 1.0 unless separately indicated; third-party content requires separate review
P110-292	110	292	実践	病態・薬物治療	−293 ₅₀ 歳男性。 ₄ ケ月前に、僧帽弁閉鎖不全症に対して、自己の僧帽弁を温存 する僧帽弁形成術が施行された。その後、外来で経過観察を行っていたが、継続す る ₃₈ ℃台の発熱、手掌や足底に紅斑が認められ、精査目的で入院となった。入院 ゆうぜい 時施行された経食道心エコーでは、僧帽弁周囲に疣贅（疣腫）が認められた。原因 微生物を同定するため血液培養検査を実施した結果、メチシリン感受性黄色ブドウ 球菌が検出されたため、感染性心内膜炎と診断された。脳膿瘍や髄膜炎の合併症は 認められなかった。主治医からの依頼があり、抗菌薬適正使用支援チームとして介 入することとなった。 （入院時検査所見） 白血球 ₁₂ , ₅₀₀/nL、CRP ₇ . ₅ mg/dL（基準値 ₀ . ₁₄ mg/dL 以下）、 Hb ₁₅ . ₆ g/dL、AST ₂₅ IU/L、ALT ₁₅ IU/L、BUN ₁₆ . ₃ mg/dL、 血清クレアチニン ₀ . ₈₅ mg/dL、尿タンパク（-）、尿潜血（-） 問 292（病態・薬物治療） この患者の合併症と治療に関する記述として、正しいのはどれか。2つ選べ。	"[""貧血の所見があり、出血性病変の合併が疑われる。"",""腎機能が低下し、腎梗塞の合併が疑われる。"",""疣贅による僧帽弁の障害により、心不全を合併するリスクがある。"",""脳塞栓症よりも、肺塞栓症を合併するリスクが高い。"",""血液培養の結果から、抗菌薬としてセファゾリンが推奨される。""]"	multiChoice	[2,4]	null	normal	false	parsed	"[""none""]"	P110-CASE-292	https://www.mhlw.go.jp/content/001455162.pdf	https://www.mhlw.go.jp/content/001458551.pdf	2025-02-23	MHLW website content under Public Data License 1.0 unless separately indicated; third-party content requires separate review
P110-293	110	293	実践	実務	（実務） この患者の抗菌薬を用いた治療において、抗菌薬適正使用支援チームが主治医に 助言する内容として最も適切なのはどれか。2つ選べ。	"[""指定感染症であるため、速やかに保健所に届出をする。"",""治療効果確認のための血液培養検体は、複数セット採取する。"",""治療効果確認のための血液検体採取は、次回抗菌薬点滴開始直前に行う。"",""血液培養により陰性化が確認された場合、速やかに抗菌薬治療を終了する。"",""血液培養結果が陽性であっても、CRP が基準値内まで低下すれば抗菌薬治療を 終了する。""]"	multiChoice	[1,2]	null	normal	false	parsed	"[""none""]"	P110-CASE-292	https://www.mhlw.go.jp/content/001455162.pdf	https://www.mhlw.go.jp/content/001458551.pdf	2025-02-23	MHLW website content under Public Data License 1.0 unless separately indicated; third-party content requires separate review
P110-294	110	294	実践	病態・薬物治療	−295 ₂₉ 歳女性。既婚。 ₃ 年前に夫をドナーとした生体腎移植（ABO 血液型適 合）を受け、拒絶反応を抑制するため免疫抑制薬を以下の処方で服用しながら、生 活をしている。腎移植後、体調がよくなり生活も安定してきたので、子供を欲しい と思うようになった。 （処方） シクロスポリンカプセル ₂₅ mg ₁ 回 ₃ カプセル（ ₁ 日 ₆ カプセル） ₁日₂回 朝夕食後 ₂₈ 日分 問 294（病態・薬物治療） 患者の希望を考慮すると、今後の免疫抑制薬として選択可能なのはどれか。2つ 選べ。	"[""シクロスポリン"",""タクロリムス"",""バシリキシマブ"",""ミゾリビン"",""エベロリムス""]"	multiChoice	[0,1]	null	normal	false	parsed	"[""none""]"	P110-CASE-294	https://www.mhlw.go.jp/content/001455162.pdf	https://www.mhlw.go.jp/content/001458551.pdf	2025-02-23	MHLW website content under Public Data License 1.0 unless separately indicated; third-party content requires separate review
P110-295	110	295	実践	実務	（実務） ₁ 年後、この患者は妊娠したが、妊娠第 ₂₅ 週目になって血圧の上昇（₁₅₄/₁₁₂ mmHg）がみられたため入院し、降圧療法を行うことになった。なお、入院時の 血液検査結果は以下のとおりである。 （検査値） BUN ₁₈ mg/dL、血清クレアチニン ₀ . ₇ mg/dL、eGFR ₈₀ mL/min/₁ . ₇₃ m 、 Na ₁₄₃ mEq/L、K ₅ . ₂ mEq/L、Cl ₁₀₅ mEq/L この患者に対して禁忌ではなく、用いることができる降圧薬はどれか。2つ選 べ。	"[""アテノロール"",""エナラプリルマレイン酸塩"",""エサキセレノン"",""バルサルタン"",""ニフェジピン""]"	multiChoice	[0,4]	null	normal	false	parsed	"[""none""]"	P110-CASE-294	https://www.mhlw.go.jp/content/001455162.pdf	https://www.mhlw.go.jp/content/001458551.pdf	2025-02-23	MHLW website content under Public Data License 1.0 unless separately indicated; third-party content requires separate review
P110-296	110	296	実践	病態・薬物治療	−297 ₂₅ 歳女性。既婚。子供を欲しいと思っている。 ₂ ケ月ほど前から屋外での 作業の後、微熱、疲労感、関節痛及び両頬に紅斑が現れたため、市販の感冒薬と解 熱鎮痛薬で様子を見ていた。 ₃ 日前から ₃₈ ℃台の発熱と下肢の浮腫、冷たいもの を持つと両手指のしびれ・蒼白現象などが出現したため、総合病院を受診したとこ ろ、精査目的で入院となった。 血液検査結果は以下のとおりであった。 （検査値） 白血球 ₂ , ₈₀₀/nL、赤血球 ₄₀₀ # ₁₀ /nL、血小板 ₉ . ₃ # ₁₀ /nL、 4 4 血中総ビリルビン ₀ . ₆ mg/dL、ALT ₂₆ IU/L、AST ₁₅ IU/L、 BUN ₄₅ mg/dL、血清クレアチニン ₂ . ₀ mg/dL、抗核抗体 ₆₄₀ 倍、 抗 Sm 抗体 ₈ 倍、尿タンパク（₂+） 問 296（病態・薬物治療） この患者の病態に関する記述として正しいのはどれか。2つ選べ。	"[""関節リウマチの典型的な初期症状が発現している。"",""発症には、主に細胞性免疫（Ⅳ型アレルギー）が関与する。"",""検査結果より、ループス腎炎は否定できる。"",""手指に Raynaud（レイノー）現象が認められる。"",""粘膜症状や精神神経系症状など多様な全身症状が現れることがある。""]"	multiChoice	[3,4]	null	normal	false	parsed	"[""none""]"	P110-CASE-296	https://www.mhlw.go.jp/content/001455162.pdf	https://www.mhlw.go.jp/content/001458551.pdf	2025-02-23	MHLW website content under Public Data License 1.0 unless separately indicated; third-party content requires separate review
P110-297	110	297	実践	実務	（実務） その後、この患者に対して、以下の処方で治療が開始されることになった。 （処方） プレドニゾロン錠 ₅ mg 朝 ₃ 錠、昼 ₂ 錠、夕 ₁ 錠（ ₁ 日 ₆ 錠） ₁日₃回 朝昼夕食後 ₇ 日分 この患者に対する入院中から退院時の服薬指導において、病棟薬剤師が患者に伝 える内容として適切なのはどれか。2つ選べ。	"[""重篤な臓器障害が発症した場合は、ステロイドパルス療法として ₁ クール ₇ 日 間点滴投与すること。"",""ステロイド抵抗性を示した場合は、免疫抑制薬が追加されること。"",""退院後の維持療法では、同用量のプレドニゾロンが用いられること。"",""屋外での作業時には日よけをすること。"",""妊娠は、病状に影響しないこと。""]"	multiChoice	[1,3]	null	normal	false	parsed	"[""none""]"	P110-CASE-296	https://www.mhlw.go.jp/content/001455162.pdf	https://www.mhlw.go.jp/content/001458551.pdf	2025-02-23	MHLW website content under Public Data License 1.0 unless separately indicated; third-party content requires separate review
P110-298	110	298	実践	病態・薬物治療	−299 ₃₅ 歳男性。肘や膝に黄色っぽい隆起が見られるようになったため、心配に なり医療機関を受診したところ、精査目的にて入院となった。身体所見及び検査値 と家族歴は、以下のとおりであった。 （身体所見及び検査値） 身長 ₁₆₈ cm、体重 ₇₆ kg、血圧 ₁₁₈/₇₆ mmHg、LDL︲C ₂₆₂ mg/dL、 HDL︲C ₆₂ mg/dL、TG（トリグリセリド）₁₄₅ mg/dL、 空腹時血糖 ₁₁₃ mg/dL、HbA₁c ₅ . ₉％、AST ₁₀₂ IU/L、ALT ₂₂ IU/L、 CK（クレアチンキナーゼ）₄ , ₂₁₅ IU/L （家族歴） 父親が ₅₀ 歳で心筋梗塞を発症 また問診の結果、 ₃ ケ月前に他の医療機関で LDL コレステロール高値を指摘さ れロスバスタチンにて治療を行っていたが、 ₁ ケ月前から筋肉痛や脱力感を自覚す るようになったため、最近 ₁ 週間は自己判断で服用を中止していることが分かっ た。今回の診察で、肘や膝の皮膚の隆起は皮膚結節性黄色腫であることが判明し、 アキレス腱にも著明な肥厚が見られた（X 線撮影により肥厚は ₉ . ₀ mm）。 問 298（実務） この患者に対して薬剤師がアセスメントを行うために備えるべき知識として適切 なのはどれか。2つ選べ。	"[""食事療法に際し、炭水化物エネルギー比を ₅₀～₆₀％とする。"",""運動療法を行う前に、動脈硬化性疾患のスクリーニングを実施する。"",""LDL︲C 管理目標値は ₁₂₀ mg/dL である。"",""半年に一度の LDL アフェレシスを提案する。"",""筋肉痛と脱力感は、ロスバスタチンを継続投与しても自然に消失する。""]"	multiChoice	[0,1]	null	normal	false	parsed	"[""none""]"	P110-CASE-298	https://www.mhlw.go.jp/content/001455162.pdf	https://www.mhlw.go.jp/content/001458551.pdf	2025-02-23	MHLW website content under Public Data License 1.0 unless separately indicated; third-party content requires separate review
P110-299	110	299	実践	実務	（病態・薬物治療） 検査所見と診察の結果から判断してロスバスタチンを変更することになった。変 更後の治療薬として適切なのはどれか。2つ選べ。	"[""ピタバスタチン"",""エゼチミブ"",""ペマフィブラート"",""エボロクマブ"",""イコサペント酸エチル""]"	multiChoice	[1,3]	null	normal	false	parsed	"[""none""]"	P110-CASE-298	https://www.mhlw.go.jp/content/001455162.pdf	https://www.mhlw.go.jp/content/001458551.pdf	2025-02-23	MHLW website content under Public Data License 1.0 unless separately indicated; third-party content requires separate review
P110-300	110	300	実践	病態・薬物治療	−301 ₅₅ 歳女性。₄₅ 歳時に気管支ぜん息と診断されたことをきっかけに節煙し た。しかし、仕事によるストレスで喫煙の回数と飲酒量がここ最近増えている。 ₃ 年前から、ブデソニド／ホルモテロールフマル酸塩水和物吸入剤を使用していた が、効果不十分のため、半年前からは処方 ₁ の薬剤を使用している。その他の併用 薬と副作用歴はない。 （処方 ₁ ） テリルジー ₁₀₀ エリプタ ₃₀ 吸入用 ₁個 （注） ₁ 回 ₁ 吸入 ₁日₁回 朝吸入 注： ₁ 吸入でフルチカゾンフランカルボン酸エステルとして ₁₀₀ ng、ウメ クリジニウムとして ₆₂ . ₅ ng 及びビランテロールとして ₂₅ ng を吸入で きるドライパウダー吸入剤 今回もこの患者が処方 ₁ の処方箋を持って保険薬局に来局した。薬剤師が患者に インタビューしたところ、次の回答を得た。 患者： 「きちんと吸入していますが、最近、咳が出て調子が悪いです。特に、花粉 の飛散時期は咳が出やすいです。ピークフローメータをあまり使っていな かったので、もう一度、使い方と意義について教えてほしいです。」 問 300（病態・薬物治療） 処方 ₁ の薬剤について特に注意すべき副作用はどれか。2つ選べ。	"[""高カリウム血症"",""低血糖"",""間質性肺炎"",""動悸"",""口腔カンジダ症""]"	multiChoice	[3,4]	null	normal	false	parsed	"[""none""]"	P110-CASE-300	https://www.mhlw.go.jp/content/001455162.pdf	https://www.mhlw.go.jp/content/001458551.pdf	2025-02-23	MHLW website content under Public Data License 1.0 unless separately indicated; third-party content requires separate review
P110-301	110	301	実践	実務	（実務） 患者に対する薬剤師の説明内容として適切でないのはどれか。1つ選べ。	"[""ピークフローメータは深呼吸をしてから口に加え、毎回同じ姿勢で測定する。"",""ピークフロー値は ₁ 秒量とよく相関し、ぜん息の状態を把握する指標となる。"",""ピークフローメータは息がもれないように吹き口を唇で覆い、できるだけすば やく一気に吹く。"",""ピークフロー値は一度に少なくとも ₃ 回測定し、最も低い値を記録する。"",""ピークフロー値の日内変動が大きい場合は、気道過敏性が亢進していると考え られる。""]"	singleChoice	3	null	normal	false	parsed	"[""none""]"	P110-CASE-300	https://www.mhlw.go.jp/content/001455162.pdf	https://www.mhlw.go.jp/content/001458551.pdf	2025-02-23	MHLW website content under Public Data License 1.0 unless separately indicated; third-party content requires separate review
P110-302	110	302	実践	病態・薬物治療	−303 ₇₅ 歳男性。慢性胃炎の既往がある。 ₂ 年前に脳梗塞を発症し、それ以来、 処方 ₁ 及び処方 ₂ の薬剤を継続的に服用している。 （処方 ₁ ） ワルファリンカリウム錠 ₁ mg ₁ 回 ₁ 錠（ ₁ 日 ₁ 錠） ₁日₁回 朝食後 ₂₈ 日分 （処方 ₂ ） レバミピド錠 ₁₀₀ mg ₁ 回 ₁ 錠（ ₁ 日 ₃ 錠） ₁日₃回 朝昼夕食後 ₂₈ 日分 咳と嗄声が続き、血痰を認めたため近医を受診し、胸部 X 線で右肺腫瘤を指摘 された。総合病院呼吸器内科を紹介受診し、入院して精査した結果、Stage ⅣB の 非小細胞肺がん（腺がん）と診断された。遺伝子検査も実施され、EGFR 遺伝子 変異陽性と判明した。パフォーマンスステータス（PS） ₁ 。患者に喫煙歴はな く、機会飲酒のみ。外来通院治療を強く希望したため、ゲフィチニブ（処方 ₃ ）で の治療を開始することになり、処方 ₁ 、処方 ₂ とも総合病院で一括して処方するこ とになった。 （処方 ₃ ） ゲフィチニブ錠 ₂₅₀ mg ₁ 回 ₁ 錠（ ₁ 日 ₁ 錠） ₁日₁回 朝食後 ₁₄ 日分 状態が安定したら退院し、処方 ₁ ～ ₃ の薬剤での治療を継続する予定である。 問 302（病態・薬物治療） この患者の病態と治療に関する記述として、正しいのはどれか。2つ選べ。	"[""肺野部に発生することが多いがんである。"",""発症前と同じ日常生活が制限なく行える。"",""他臓器に遠隔転移している。"",""手術での根治切除が可能である。"",""腫瘍マーカーとして、SCC 抗原（squamous cell carcinoma related antigen） が用いられる。""]"	multiChoice	[0,2]	null	normal	false	parsed	"[""none""]"	P110-CASE-302	https://www.mhlw.go.jp/content/001455162.pdf	https://www.mhlw.go.jp/content/001458551.pdf	2025-02-23	MHLW website content under Public Data License 1.0 unless separately indicated; third-party content requires separate review
P110-303	110	303	実践	実務	（実務） 処方 ₃ の開始にあたり、病棟薬剤師の対応として、適切なのはどれか。2つ選 べ。	"[""ゲフィチニブによる手足症候群を予防するため、レボフロキサシンの追加を医 師に提案する。"",""レバミピドをオメプラゾールに変更するよう医師に処方提案する。"",""プロトロンビン時間が延長する可能性があるので、ワルファリンカリウムの用 量調節を医師に提案する。"",""退院後の服薬時に息切れ、呼吸困難、発熱などの症状が現れたらすぐに受診す るよう、患者に説明する。"",""ゲフィチニブの効果を減弱させる可能性があるため、グレープフルーツジュー スの摂取を避けるよう患者に説明する。""]"	multiChoice	[2,3]	null	normal	false	parsed	"[""none""]"	P110-CASE-302	https://www.mhlw.go.jp/content/001455162.pdf	https://www.mhlw.go.jp/content/001458551.pdf	2025-02-23	MHLW website content under Public Data License 1.0 unless separately indicated; third-party content requires separate review
P110-304	110	304	実践	病態・薬物治療	−305 ₅₈ 歳女性。乳がんによる骨転移性疼痛に対して、デノスマブ皮下注とモル ヒネ硫酸塩水和物徐放錠にて治療中であった。腰痛の悪化により、モルヒネ硫酸塩 水和物徐放錠が増量された。FDG︲PET を行ったところ、腰椎に集積像が確認 （注） された。増量後は、疼痛コントロールは良好であったが、日常生活に支障をきたす ほどの眠気が増強してきたため来院し、患者希望により緩和ケアチームが関与する ことになった。来院時の検査値は以下のとおりである。 （注）FDG︲PET：Fluorodeoxyglucose-Positron emission tomography（ フ ル オ ロ デオキシグルコース陽電子放出断層撮影） （検査値） AST ₁₅ IU/L、ALT ₁₆ IU/L、BUN ₃₅ . ₀ mg/dL、 血清クレアチニン ₁ . ₆ mg/dL、eGFR ₂₆ . ₇ mL/min/₁ . ₇₃ m2 問 304（病態・薬物治療） この患者の腰椎病変に関する記述として、正しいのはどれか。2つ選べ。	"[""病変は、乳がんの直接浸潤により生じたと考えられる。"",""病変部では、ブドウ糖の取り込みが上昇している。"",""脊髄圧迫が生じている可能性が高い。"",""症状の緩和には、ビタミン D の摂取が有効である。"",""高用量メトトレキサートを中心とした化学療法が奏功する。""]"	multiChoice	[1,2]	null	normal	false	parsed	"[""none""]"	P110-CASE-304	https://www.mhlw.go.jp/content/001455162.pdf	https://www.mhlw.go.jp/content/001458551.pdf	2025-02-23	MHLW website content under Public Data License 1.0 unless separately indicated; third-party content requires separate review
P110-305	110	305	実践	実務	（実務） 緩和ケアチームの薬剤師の対応として、適切なのはどれか。2つ選べ。	"[""デノスマブ皮下注の投与中は、低カルシウム血症の発現に注意するよう、情報 共有する。"",""デノスマブ皮下注からゾレドロン酸水和物注射液への変更を検討する。"",""モルヒネ硫酸塩水和物徐放錠の投与中は、QT 延長の副作用の発現に注意する よう、情報共有する。"",""モルヒネ硫酸塩水和物徐放錠からフェンタニルクエン酸塩テープへの変更を検 討する。"",""モルヒネ硫酸塩水和物徐放錠からロキソプロフェンナトリウム錠への変更を検 討する。""]"	multiChoice	[0,3]	null	normal	false	parsed	"[""none""]"	P110-CASE-304	https://www.mhlw.go.jp/content/001455162.pdf	https://www.mhlw.go.jp/content/001458551.pdf	2025-02-23	MHLW website content under Public Data License 1.0 unless separately indicated; third-party content requires separate review
P110-306	110	306	実践	法規・制度・倫理	−307 ₇₀ 歳女性。₂₀ 年前に糖尿病と診断され、通院加療していたが、内服薬の みでのコントロールが困難となり、インスリン導入目的で入院となった。インスリ ンを使用し、血糖コントロールが良好となったため、まもなく退院できる見込みで ある。患者より、インスリン投与前に自己検査用グルコース測定器 を用いて行 （注） う血糖自己測定について退院前に再度説明して欲しいとの訴えがあった。患者に 困ったことはないか質問すると、穿刺後血液が少ししか出ないことや、「測定でき ません」と表示され再検査しなければならないことが多くて困るとのことであっ た。 （注）この患者が使用している自己検査用グルコース測定器：以下に特徴を列記 し、形状等を図で示す。 ・医療機器承認番号が付されている。 ・高度管理医療機器である。 ・特定保守管理医療機器である。 ＜形状等＞ 電源ボタン メインパネル チップ装着部 問 306（実務） この患者への説明として適切なのはどれか。2つ選べ。	"[""指に糖分などがついていると測定結果に影響が出るため、穿刺前は手を流水で 洗ってください。"",""消毒した指はよく乾かしてから穿刺してください。"",""穿刺前に指先を冷やすと血液が出やすくなります。"",""穿刺しても血液が出ない場合は、指先を強く押して血液を絞り出してくださ い。"",""₁ 回の穿刺で血液が測定用チップに十分に吸引できず測定できなかった場合 は、新たに穿刺し、同じチップに血液を追加で吸引してください。""]"	multiChoice	[0,1]	null	normal	false	parsed	"[""none""]"	P110-CASE-306	https://www.mhlw.go.jp/content/001455162.pdf	https://www.mhlw.go.jp/content/001458551.pdf	2025-02-23	MHLW website content under Public Data License 1.0 unless separately indicated; third-party content requires separate review
P110-307	110	307	実践	実務	（法規・制度・倫理） この患者が使用している医療機器の制度上の取扱いについて、正しいのはどれ か。2つ選べ。	"[""薬局で販売する場合には、薬局開設の許可のほかに、該当する分類の医療機器 販売業の許可を受ける必要がある。"",""不具合が原因となり健康被害が生じた場合、健康被害救済制度の救済給付の対 象となる。"",""医療従事者だけでなく一般の人が自宅などでも使用できる医療機器であること から、一般医療機器に分類される。"",""厚生労働大臣に製造販売の届出を行った医療機器である。"",""保守点検、修理その他の管理に専門的な知識及び技能を必要とする医療機器で ある。""]"	multiChoice	[0,4]	null	normal	false	parsed	"[""none""]"	P110-CASE-306	https://www.mhlw.go.jp/content/001455162.pdf	https://www.mhlw.go.jp/content/001458551.pdf	2025-02-23	MHLW website content under Public Data License 1.0 unless separately indicated; third-party content requires separate review
P110-308	110	308	実践	法規・制度・倫理	−309 ₅₀ 歳女性。身長 ₁₅₅ cm、体重 ₄₈ kg。B 型肝炎の既往あり。起床時の手指 関節のこわばり、肘関節、膝関節の痛みを主訴として受診し、関節リウマチと診断 され、処方 ₁ と処方 ₂ の薬剤で治療していた。その後、炎症がコントロールでき ず、受診した際に注射薬の追加が提案されたが、患者から「自分で注射するのは怖 い。病院内で点滴してほしい。」との要望があったため、処方 ₃ が追加されること となった。 なお、処方 ₃ の薬剤は、製造販売業者から卸売販売業者を経て、納入されたもの である。 （処方 ₁ ） メトトレキサートカプセル ₂ mg ₁ 回 ₁ カプセル（ ₁ 日 ₂ カプセル） 毎週 日曜日 ₁日₂回 ₈ 時、₂₀ 時 ₄ 日分（投与実日数） （処方 ₂ ） メトトレキサートカプセル ₂ mg ₁ 回 ₁ カプセル（ ₁ 日 ₁ カプセル） 毎週 月曜日 ₁日₁回 ₈時 ₄ 日分（投与実日数） （処方 ₃ ） 点滴静注 アバタセプト（遺伝子組換え）点滴静注用 （₂₅₀ mg/バイアル ₂ 本） ₅₀₀ mg 生理食塩液 ₁₀₀ mL ₁日₁回 ₃₀ 分かけて投与 問 308（実務） 処方 ₃ の薬剤を投与開始するにあたり、この患者に行う説明として適切なのはど れか。2つ選べ。	"[""この薬は、免疫の異常に対して働き、関節の痛みや腫れなどの症状を改善し、 関節の破壊を防止します。"",""点滴中に息苦しくなることがありますが、一定時間安静にすれば回復しますの で心配いりません。"",""この薬の投与によって B 型肝炎の再燃のリスクがありますので、定期的な検査 が必要です。"",""命にかかわるような副作用は報告されていない安全なお薬です。"",""点滴治療開始後は、同一成分の自己注射を希望しても変更することはできませ ん。""]"	multiChoice	[0,2]	null	normal	false	parsed	"[""none""]"	P110-CASE-308	https://www.mhlw.go.jp/content/001455162.pdf	https://www.mhlw.go.jp/content/001458551.pdf	2025-02-23	MHLW website content under Public Data License 1.0 unless separately indicated; third-party content requires separate review
P110-309	110	309	実践	実務	（法規・制度・倫理） 処方 ₃ の関節リウマチ治療薬の規制に関する記述として、正しいのはどれか。 2つ選べ。	"[""この薬剤を使用した医療機関の開設者の氏名及び住所は、卸売販売業者から製 造販売業者に報告される。"",""直接の容器・被包には、白地に赤枠、赤字で「生物」の文字が記載されてい る。"",""取り扱う医療関係者は、使用対象者の氏名、住所等の記録を保存しなければな らない。"",""製造販売業者は、製造に用いた生物による感染症に関する最新の論文を知った ときは、₁₅ 日以内に厚生労働大臣に報告しなければならない。"",""注意事項等情報（添付文書）又は直接の容器・被包には、製造に用いた生物の 名称が記載されている。""]"	multiChoice	[0,4]	null	normal	false	parsed	"[""none""]"	P110-CASE-308	https://www.mhlw.go.jp/content/001455162.pdf	https://www.mhlw.go.jp/content/001458551.pdf	2025-02-23	MHLW website content under Public Data License 1.0 unless separately indicated; third-party content requires separate review
P110-310	110	310	実践	法規・制度・倫理	−311 ₃₀ 歳男性。広告で見たかぜ薬を求めて来局した。購入希望のかぜ薬は要指 導医薬品であった。薬剤師が症状など必要な情報の聞き取りをしたところ、この来 局者が使用者本人であり、肩のこりや痛みで医師から処方された薬を服用している ことがわかった。お薬手帳を持参しており、手帳に記載されていた薬剤以外に服用 している薬剤やサプリメントはないとのことであった。 （来局者が購入希望したかぜ薬の成分） ロキソプロフェンナトリウム水和物 ジヒドロコデインリン酸塩 d︲クロルフェニラミンマレイン酸塩 dl︲メチルエフェドリン塩酸塩 グアイフェネシン 無水カフェイン （お薬手帳に記載されていた薬剤） メコバラミン錠 ₅₀₀ ng 葛根湯エキス顆粒 問 310（法規・制度・倫理） 男性が購入希望したかぜ薬の販売に関する記述として、正しいのはどれか。2つ 選べ。	"[""鍵のかかる陳列棚であっても、購入者が近づける設備は認められない。"",""説明した内容を購入者が理解したことを確認しなければならない。"",""一定の条件の下で特定販売（インターネット販売）が可能である。"",""薬局では販売できるが、店舗販売業では販売できない。"",""販売した薬局名のほか、販売した薬剤師の氏名も購入者に伝える必要がある。""]"	multiChoice	[1,4]	null	normal	false	parsed	"[""none""]"	P110-CASE-310	https://www.mhlw.go.jp/content/001455162.pdf	https://www.mhlw.go.jp/content/001458551.pdf	2025-02-23	MHLW website content under Public Data License 1.0 unless separately indicated; third-party content requires separate review
P110-311	110	311	実践	実務	（実務） 薬剤師は男性に、葛根湯はかぜにも適応があることと、葛根湯の注意事項等情報 （添付文書）の併用注意に希望したかぜ薬の成分が記載されていることを説明し た。このかぜ薬の成分のうち、併用注意の成分はどれか。1つ選べ。	"[""ロキソプロフェンナトリウム水和物"",""ジヒドロコデインリン酸塩"",""d︲クロルフェニラミンマレイン酸塩"",""dl︲メチルエフェドリン塩酸塩"",""グアイフェネシン""]"	singleChoice	3	null	normal	false	parsed	"[""none""]"	P110-CASE-310	https://www.mhlw.go.jp/content/001455162.pdf	https://www.mhlw.go.jp/content/001458551.pdf	2025-02-23	MHLW website content under Public Data License 1.0 unless separately indicated; third-party content requires separate review
P110-312	110	312	実践	法規・制度・倫理	−313 ₆₈ 歳男性。身長 ₁₇₂ cm、体重 ₆₃ kg。高血圧症及び慢性心不全のため処方 ₁ の薬剤を服用していた。今回の受診で血圧が ₁₆₄/₉₀ mmHg を示し、処方 ₂ へ変 更となり、処方箋を持って薬局を訪れた。薬局にて患者に服薬指導を行い薬を渡 し、調剤録と薬剤服用歴の記載を行った。薬剤服用歴の P（計画）欄に、「₃₀ 日処 方のため、服用 ₁₅ 日後に電話にてフォローアップを行う。（本人の了承済）」と記 載した。 （処方 ₁ ） バルサルタン錠 ₄₀ mg ₁ 回 ₁ 錠（ ₁ 日 ₁ 錠） ビソプロロールフマル酸塩錠 ₂ . ₅ mg ₁ 回 ₁ 錠（ ₁ 日 ₁ 錠） ₁日₁回 朝食後 ₃₀ 日分 （処方 ₂ ） バルサルタン錠 ₈₀ mg ₁ 回 ₁ 錠（ ₁ 日 ₁ 錠） ビソプロロールフマル酸塩錠 ₂ . ₅ mg ₁ 回 ₁ 錠（ ₁ 日 ₁ 錠） ₁日₁回 朝食後 ₃₀ 日分 問 312（実務） このフォローアップを行う際、血圧の値以外に優先して確認すべき症状や状態は どれか。2つ選べ。	"[""動悸やふらつきの出現"",""歯ぐきからの出血の出現"",""まぶしさの出現"",""口内炎の出現"",""体重の急な増加""]"	multiChoice	[0,4]	null	normal	false	parsed	"[""none""]"	P110-CASE-312	https://www.mhlw.go.jp/content/001455162.pdf	https://www.mhlw.go.jp/content/001458551.pdf	2025-02-23	MHLW website content under Public Data License 1.0 unless separately indicated; third-party content requires separate review
P110-313	110	313	実践	実務	（法規・制度・倫理） 保険薬局における薬剤服用歴と調剤録（注）に関する内容として、正しいのはどれ か。2つ選べ。 （注）薬剤師法で規定されている調剤録	"[""調剤後、患者の薬剤の使用状況を継続的に把握し、その際指導した内容は、処 方箋が調剤済みの場合、調剤録への記入事項に該当しない。"",""調剤録は、調剤した薬剤師ではなく、薬局の管理者が記載しなければならな い。"",""薬局開設者は、薬局に調剤録を備えなければならない。"",""薬剤服用歴の記録・管理の実施は、薬局の義務であり、調剤報酬の対象とはな らない。"",""保険薬剤師が調剤を行う場合は、患者の服薬状況及び薬剤服用歴を確認しなけ ればならない。""]"	multiChoice	[2,4]	null	normal	false	parsed	"[""none""]"	P110-CASE-312	https://www.mhlw.go.jp/content/001455162.pdf	https://www.mhlw.go.jp/content/001458551.pdf	2025-02-23	MHLW website content under Public Data License 1.0 unless separately indicated; third-party content requires separate review
P110-314	110	314	実践	法規・制度・倫理	−315 ICU に常駐する薬剤師が、この病棟で使用している輸血用血液製剤のうち の血液成分の製剤に関する病棟スタッフ向けの講義を実施し、血液製剤に関する内 容やその留意点について質問を受けた。 この病院で採用されている血液成分の製剤は、赤血球液︲LR「日赤」 、照射赤血 （注） 球液︲LR「日赤」 、濃厚血小板︲LR「日赤」 、照射濃厚血小板︲LR「日赤」 、 （注） （注） （注） 新鮮凍結血漿︲LR「日赤」 の ₅ 種類であるが、ICU 病棟では、リスクマネジメ （注） ントの観点から赤血球液と濃厚血小板は照射済の製剤を使用することが病棟の内規 で決まっている。 （注） ・赤血球液︲LR「日赤」、照射赤血球液︲LR「日赤」：有効成分としてヒト赤血球 を含む ・濃厚血小板︲LR「日赤」、照射濃厚血小板︲LR「日赤」：有効成分としてヒト血 小板を含む ・新鮮凍結血漿︲LR「日赤」：有効成分としてヒト血漿を含む 問 314（実務） この病棟で使用される血液成分の製剤について、薬剤師が講義で話す内容として 適切なのはどれか。2つ選べ。	"[""赤血球製剤には血液保存液（CPD 液）と赤血球保存用の添加液（MAP 液）が 混合されているため、常温保存が可能である。"",""血小板製剤は振とうしながら保存する必要がある。"",""血漿製剤には血球成分は含まれていないため、使用前の血液型の確認は必要な い。"",""照射されている血液製剤とは、輸血による移植片対宿主病（GVHD）予防目的 で、放射線が照射された製品である。"",""新鮮凍結血漿︲LR「日赤」は、放射線部で照射後に使用すること。""]"	multiChoice	[1,3]	null	normal	false	parsed	"[""none""]"	P110-CASE-314	https://www.mhlw.go.jp/content/001455162.pdf	https://www.mhlw.go.jp/content/001458551.pdf	2025-02-23	MHLW website content under Public Data License 1.0 unless separately indicated; third-party content requires separate review
P110-315	110	315	実践	実務	（法規・制度・倫理） 薬剤師が講義時に受けた質問に対する回答として、誤っているのはどれか。1つ 選べ。	"[""赤血球製剤の原料となる血液の確保は献血により行われています。"",""献血の採血は日本赤十字社が行っています。"",""血液製剤は、大きく ₂ つに分類すると「輸血用血液製剤」と「血漿分画製剤」 になります。"",""輸血用血液製剤の国内自給率は ₁₀₀％です。"",""血液成分の製剤の使用に関する記録は、医療機関において使用日から ₃₀ 年の 保存義務があります。""]"	singleChoice	4	null	normal	false	parsed	"[""none""]"	P110-CASE-314	https://www.mhlw.go.jp/content/001455162.pdf	https://www.mhlw.go.jp/content/001458551.pdf	2025-02-23	MHLW website content under Public Data License 1.0 unless separately indicated; third-party content requires separate review
P110-316	110	316	実践	法規・制度・倫理	−317 ₁₀ 歳男児。小学校では他の児童と比べ、忘れ物が多く、授業中も落ち着き がなく集中力が続かないと担任から指摘され、専門医を受診したところ、注意欠 陥・多動性障害（ADHD）と診断された。環境調整や保護者への支援などを行っ たが効果が不十分なため、以下の薬剤が開始されることになった。 （処方） メチルフェニデート塩酸塩徐放錠 ₁₈ mg ₁ 回 ₁ 錠（ ₁ 日 ₁ 錠） ₁日₁回 朝食後 ₁₄ 日分 問 316（実務） 患児と保護者に行う服薬指導として適切なのはどれか。2つ選べ。	"[""このお薬はかまずに服用してください。"",""便の中にお薬が見える場合は、薬が吸収されていない可能性があるため、すぐ に連絡してください。"",""このお薬を飲むと食欲が低下することがあるため、症状がひどい場合は相談し てください。"",""このお薬の飲み忘れに気付いたら、何時でもかまいませんのでできるだけ早く 服用してください。"",""このお薬は、用法・用量を守って服用していれば依存性は出現しません。""]"	multiChoice	[0,2]	null	normal	false	parsed	"[""none""]"	P110-CASE-316	https://www.mhlw.go.jp/content/001455162.pdf	https://www.mhlw.go.jp/content/001458551.pdf	2025-02-23	MHLW website content under Public Data License 1.0 unless separately indicated; third-party content requires separate review
P110-317	110	317	実践	実務	（法規・制度・倫理） この処方薬に関する記述として正しいのはどれか。2つ選べ。	"[""この男児が処方薬を持参して海外に ₁ 週間の家族旅行に行く場合、あらかじめ 地方厚生局長の許可を受ける必要がある。"",""調剤されたこの処方薬を薬局が廃棄する場合には、廃棄後 ₃₀ 日以内に都道府 県知事に届け出なければならない。"",""医薬関係者向けの新聞又は雑誌など、主として医薬関係者等を対象として行う 広告以外の広告は禁止されている。"",""薬局は、鍵をかけた堅固な設備内に保管しなければならない。"",""薬局で取り扱うには、この処方薬の適正流通管理システムへの登録が必要であ る。""]"	multiChoice	[2,4]	null	normal	false	parsed	"[""none""]"	P110-CASE-316	https://www.mhlw.go.jp/content/001455162.pdf	https://www.mhlw.go.jp/content/001458551.pdf	2025-02-23	MHLW website content under Public Data License 1.0 unless separately indicated; third-party content requires separate review
P110-318	110	318	実践	法規・制度・倫理	−319 ₇₉ 歳男性。難治性の気管支ぜん息と診断され、吸入ステロイド薬及び長時 間作用性気管支拡張薬による吸入療法を行っていた。しかし、効果不十分のため ₃ ケ月前よりメポリズマブ（遺伝子組換え）皮下注が追加され、院内処方にて病院で 使用法の指導・確認を行っていた。今月より院外処方となり、薬局に処方 ₁ の処方 箋を持って訪れた。薬剤師は、患者に練習用模擬ペンにて一連の操作をしてもら い、適切に使用できるか確認することとした。 なお、この男性は、同一世帯に ₇₅ 歳の妻がおり、両者とも要支援・要介護認定 は受けていない。この夫婦は年金受給者でその他の収入はなく、窓口負担割合が ₁ 割である。 （処方 ₁ ：処方日 ₇ 月 ₁ 日） メポリズマブ（遺伝子組換え）皮下注（₁₀₀ mg/ ₁ キット） ₁ キット （注） ₁ 回 ₁₀₀ mg ₄ 週間に ₁ 回 皮下注射（自己注射） （注）この薬剤 ₁ キットの薬価は約 ₁₆ 万円である。 （皮下注ペンの構造と概要） 薬液確認バー 針キャップ （透明） 安全カバー 薬液確認窓 使用前 使用後 未使用の場合、 薬液確認窓から 薬液が見えます 薬液注入後、薬液確認バーが 左側に移動します 穿刺用針は安全カバーに内蔵されており、針キャップを外し、安全カバーが見 えなくなるまで穿刺部位にペン先を押し込むと、針が刺さり、薬液が注入され る構造となっている。 問 318（実務） 患者の操作等について薬剤師が確認するポイントとして適切なのはどれか。2つ 選べ。	"[""注入前に、ペンを激しく振ってから、薬液確認窓から薬液があるか確認した か。"",""ペンを注射部位に押し当てる前に、針キャップを外したか。"",""注入前の作動確認として、安全カバーを指でペン本体に押し込み、動くことを 確認したか。"",""手を怪我するなどにより、ペンを注射部位に深く押し込むことができなくなっ ていないか。"",""注射部位に対して斜め ₄₅ 度の角度で押し当て注入したか。""]"	multiChoice	[1,3]	null	normal	false	parsed	"[""none""]"	P110-CASE-318	https://www.mhlw.go.jp/content/001455162.pdf	https://www.mhlw.go.jp/content/001458551.pdf	2025-02-23	MHLW website content under Public Data License 1.0 unless separately indicated; third-party content requires separate review
P110-319	110	319	実践	実務	（法規・制度・倫理） 問題なく自己注射ができると確認でき、医師に情報提供したところ、この薬剤を 継続使用することとなった。その後、 ₇ 月 ₂₈ 日に受診し、その日に薬局に処方 ₁ と同じ内容の処方箋を持って訪れた。この患者の医療費の自己負担に関する制度の 内容として、適切なのはどれか。2つ選べ。	"[""半年（ ₆ ケ月）の自己負担額が一定金額を超えた場合、超過分が支給される。"",""本制度が利用可能かの判断は、独立行政法人医薬品医療機器総合機構（PMDA） が行う。"",""この患者への支給は国民健康保険組合が行う。"",""本制度は、対象者の年齢の上限は設定されていない。"",""同一世帯の妻が同じ医療保険に加入しているので、自己負担を合算して本制度 を利用できる。""]"	multiChoice	[3,4]	null	normal	false	parsed	"[""none""]"	P110-CASE-318	https://www.mhlw.go.jp/content/001455162.pdf	https://www.mhlw.go.jp/content/001458551.pdf	2025-02-23	MHLW website content under Public Data License 1.0 unless separately indicated; third-party content requires separate review
P110-320	110	320	実践	法規・制度・倫理	−321 ₆₉ 歳男性。一人暮らし。隣県に息子が住んでおり、休日にこの男性の世話 をしている。処方 ₁ 及び ₂ の薬剤で治療していたが、物忘れが多くなり、 ₂ ケ月前 より処方 ₃ の薬剤が開始となった。服薬を忘れることもあり、息子は一人では面倒 をみられないと近所の地域包括支援センターに相談し、要介護認定の申請を行い、 今月要支援 ₂ の認定を受けた。主治医は、残薬が多く服薬に問題があるため、服薬 支援のために薬局薬剤師の在宅訪問を考えた。この男性、息子、医師、薬剤師、介 護支援専門員と相談の結果、薬剤師の月 ₁ 回訪問が決まり、契約を締結し、薬剤管 理指導の費用を介護保険で請求することとなった。初回訪問時の処方は以下のとお りである。 （処方 ₁ ） イミダプリル塩酸塩錠 ₅ mg ₁ 回 ₁ 錠（ ₁ 日 ₁ 錠） タムスロシン塩酸塩口腔内崩壊錠 ₀ . ₁ mg ₁ 回 ₁ 錠（ ₁ 日 ₁ 錠） ₁日₁回 朝食後 ₂₈ 日分 （処方 ₂ ） 酸化マグネシウム錠 ₃₃₀ mg ₁ 回 ₂ 錠（ ₁ 日 ₆ 錠） ₁日₃回 朝昼夕食後 ₂₈ 日分 （処方 ₃ ） ガランタミン口腔内崩壊錠 ₈ mg ₁ 回 ₁ 錠（ ₁ 日 ₂ 錠） ファモチジン口腔内崩壊錠 ₁₀ mg ₁ 回 ₁ 錠（ ₁ 日 ₂ 錠） ₁日₂回 朝夕食後 ₂₈ 日分 問 320（法規・制度・倫理） 薬局薬剤師が薬剤管理指導を請求する保険の算定要件等に関する記述として、適 切なのはどれか。2つ選べ。	"[""在宅患者訪問薬剤管理指導料で請求する。"",""管理指導に携わる薬剤師は、 ₅ 年以上の実務経験が求められる。"",""保険薬局の指定を受けていれば、この管理指導に関する実施について、あらた めて届出をする必要はない。"",""₁ ケ月に請求できる訪問回数に制限が設けられている。"",""訪問時に居宅サービスの変更につながる情報を得た場合でも、医師以外の関係 者に報告する必要はない。""]"	multiChoice	[2,3]	null	normal	false	parsed	"[""none""]"	P110-CASE-320	https://www.mhlw.go.jp/content/001455162.pdf	https://www.mhlw.go.jp/content/001458551.pdf	2025-02-23	MHLW website content under Public Data License 1.0 unless separately indicated; third-party content requires separate review
P110-321	110	321	実践	実務	（実務） 薬剤師が ₂ 回目の訪問時に患者宅にあるヘルパーの訪問記録から、薬がきちんと 飲めているが、ここ ₁ ケ月ほど軟便が続いているという情報を得た。この患者に合 わせた薬剤師の対応として最も適切なのはどれか。1つ選べ。	"[""水分摂取を控えるよう患者と息子に指導した。"",""酸化マグネシウムの減量を主治医に提案した。"",""市販の止瀉薬を購入し、服用するよう患者と息子に指導した。"",""ファモチジンの増量を主治医に提案した。"",""ガランタミンの増量を主治医に提案した。""]"	singleChoice	1	null	normal	false	parsed	"[""none""]"	P110-CASE-320	https://www.mhlw.go.jp/content/001455162.pdf	https://www.mhlw.go.jp/content/001458551.pdf	2025-02-23	MHLW website content under Public Data License 1.0 unless separately indicated; third-party content requires separate review
P110-322	110	322	実践	法規・制度・倫理	−323 ₇₂ 歳男性。数年前よりＡ病院から処方 ₁ の薬剤が処方されていた。さら に、 ₂ 週間前から処方 ₂ が開始された。本日、男性はかかりつけ薬局に電話し、 ₃ 日前から腹部の不快感を感じているが治らないと訴えた。薬剤師は、男性よりこ こ数週間は食生活に大きな変化がないことを聴取した。また、処方 ₁ の薬剤が多く 残っており、夕食後は飲み忘れてしまうことも分かった。対応については、折り返 し電話する旨を伝えた。薬剤師は、この薬局で実務実習中の薬学部学生に、練習と して電話で伝える指導内容案とＡ病院への服薬情報提供書案の作成を指示した。ま た、処方 ₁ と処方 ₂ の薬剤の注意事項等情報（添付文書）を確認したところ、処方 ₂ の薬剤の副作用欄に「腹部不快感 ₀ . ₅～ ₂ ％未満」と記載されていた。 なお、この薬局は地域連携薬局の認定を有していることを薬局内に掲示してい る。その他の薬局の認定は受けていない。 （処方 ₁ ） ロスバスタチン錠 ₂ . ₅ mg ₁ 回 ₁ 錠（ ₁ 日 ₁ 錠） ₁日₁回 夕食後 ₃₀ 日分 （処方 ₂ ） サキサグリプチン水和物錠 ₅ mg ₁ 回 ₁ 錠（ ₁ 日 ₁ 錠） ₁日₁回 朝食後 ₃₀ 日分 問 322（実務） 指導薬剤師は、実務実習生の指導内容案と服薬情報提供書案を確認した。適切な のはどれか。2つ選べ。	"[""指導内容案：処方 ₂ の薬剤の服用を直ちに中止すること"",""指導内容案：残薬は薬局で対応できないので医師に相談すること"",""情報提供書案：処方 ₁ の薬剤について ₁ 日 ₁ 回朝食後に変更の提案をすること"",""情報提供書案：処方 ₁ の薬剤の副作用発現の可能性が高いこと"",""情報提供書案：処方 ₂ の薬剤の副作用発現の可能性が高いこと""]"	multiChoice	[2,4]	null	normal	false	parsed	"[""none""]"	P110-CASE-322	https://www.mhlw.go.jp/content/001455162.pdf	https://www.mhlw.go.jp/content/001458551.pdf	2025-02-23	MHLW website content under Public Data License 1.0 unless separately indicated; third-party content requires separate review
P110-323	110	323	実践	実務	（法規・制度・倫理） 薬剤師は、実務実習生に、この薬局が掲示している認定に関する条件や特徴につ いて質問した。学生の回答のうち、適切なのはどれか。2つ選べ。	"[""患者さんのご自宅での訪問指導に関する薬局の実績の有無に関わらず、訪問指 導の依頼にすぐに対応できる体制を整えている必要があります。"",""現在の薬局の所在地で、₁₀ 年以上営業を続けている必要があります。"",""オンライン服薬指導に対応できる体制を整えている必要があります。"",""地域包括ケアシステムに関する研修を修了した薬剤師が常勤している必要があ ります。"",""患者さんが入退院した時は、医療機関と連携して服薬情報などをやり取りでき る体制を整えている必要があります。""]"	multiChoice	[3,4]	null	normal	false	parsed	"[""none""]"	P110-CASE-322	https://www.mhlw.go.jp/content/001455162.pdf	https://www.mhlw.go.jp/content/001458551.pdf	2025-02-23	MHLW website content under Public Data License 1.0 unless separately indicated; third-party content requires separate review
P110-324	110	324	実践	法規・制度・倫理	−325 ある薬局で、服薬指導の内容と服薬アドヒアランスとの関係を明らかにす るために、この薬局で過去 ₅ 年間に降圧薬を調剤された成人患者を対象として、薬 歴を用いて後ろ向きに調査を行い、学会発表することを計画している。研究に用い るデータは、患者名はわからないように集計、解析する予定である。 調査対象となる患者全員に個別に説明し同意を取得するのは困難なので、研究概 要の薬局内へのポスター掲示と薬局ホームページへの掲載によりいつでも質問を受 け付けることができるようにすることで、倫理審査委員会の承認を受ける予定であ る。なお、この研究にかかる費用はこの薬局で負担することとした。 問 324（実務） この薬局で研究のために作成するポスターに記載する内容として必要なのはどれ か。2つ選べ。	"[""研究目的"",""研究協力の拒否の方法"",""研究に携わっている全員の連絡先"",""倫理審査委員会の委員の氏名"",""この研究に要する費用""]"	multiChoice	[0,1]	null	normal	false	parsed	"[""none""]"	P110-CASE-324	https://www.mhlw.go.jp/content/001455162.pdf	https://www.mhlw.go.jp/content/001458551.pdf	2025-02-23	MHLW website content under Public Data License 1.0 unless separately indicated; third-party content requires separate review
P110-325	110	325	実践	実務	（法規・制度・倫理） 当該研究に関して倫理審査委員会に提出する申請書類を作成する際に、遵守する ことが求められるのはどれか。1つ選べ。	"[""医薬品の臨床試験の実施の基準に関する省令"",""人を対象とする生命科学・医学系研究に関する倫理指針"",""医薬品の安全性に関する非臨床試験の実施の基準に関する省令"",""日本薬局方"",""臨床研究法 一般問題（薬学実践問題）【実務】""]"	singleChoice	1	null	normal	false	parsed	"[""none""]"	P110-CASE-324	https://www.mhlw.go.jp/content/001455162.pdf	https://www.mhlw.go.jp/content/001458551.pdf	2025-02-23	MHLW website content under Public Data License 1.0 unless separately indicated; third-party content requires separate review
P110-326	110	326	実践	実務	₄₀ 歳男性。身長 ₁₇₂ cm、体重 ₇₀ kg。今回、生体腎移植を受けるために入院し た。移植後の拒絶反応予防のために、以下の処方が開始された。 （処方 ₁ ） タクロリムス水和物徐放性カプセル ₅ mg ₁ 回 ₂ カプセル（ ₁ 日 ₂ カプセル） ₁日₁回 朝食後 ₇ 日分 （処方 ₂ ） ミコフェノール酸モフェチルカプセル ₂₅₀ mg ₁ 回 ₄ カプセル（ ₁ 日 ₈ カプセル） ₁日₂回 朝夕食後 ₇ 日分 （処方 ₃ ） メチルプレドニゾロン錠 ₄ mg 朝 ₆ 錠、昼 ₂ 錠（ ₁ 日 ₈ 錠） ₁日₂回 朝昼食後 ₇ 日分 服薬開始後 ₁₀ 日目の服薬指導時、薬剤師に下痢の訴えがあった。 訴えに対する薬剤師の薬学的管理事項として、誤っているのはどれか。1つ選 べ。	"[""口の渇き、尿量の変化を確認"",""ミコフェノール酸モフェチルの血中濃度測定依頼を提案"",""メチルプレドニゾロン錠の中止を提案"",""症状軽減のために半夏瀉心湯エキス顆粒の処方提案"",""感染症確認のために便培養依頼を提案""]"	singleChoice	2	null	normal	false	parsed	"[""none""]"		https://www.mhlw.go.jp/content/001455162.pdf	https://www.mhlw.go.jp/content/001458551.pdf	2025-02-23	MHLW website content under Public Data License 1.0 unless separately indicated; third-party content requires separate review
P110-327	110	327	実践	実務	₆₈ 歳女性。夕方買い物に出かけた際に転倒し、救急車で整形外科病院に搬送さ れた。 （入院時検査値） 血圧 ₁₄₂/₉₃ mmHg、LDL︲C ₁₃₄ mg/dL、eGFR ₆₀ . ₅ mL/min/₁ . ₇₃ m 下半身の痛みを訴えており、自力で立つことができない状態であった。レントゲ ン検査の結果、大腿骨頸部骨折と診断され、緊急で骨接合術が実施されることに なった。主治医よりこの患者の服薬状況について、確認依頼があった。そこで薬剤 師は、患者が携帯していたお薬手帳より、現在の内服薬の情報を入手した。 （お薬手帳の内容） エルデカルシトールカプセル ₀ . ₅ ng ₁ 回 ₁ カプセル ₁日₁回 朝食後 ラロキシフェン塩酸塩錠 ₆₀ mg ₁回₁錠 ₁日₁回 朝食後 アムロジピン錠 ₅ mg ₁回₁錠 ₁日₁回 朝食後 ロスバスタチン錠 ₂ . ₅ mg ₁回₁錠 ₁日₁回 朝食後 スボレキサント錠 ₁₅ mg ₁回₁錠 ₁日₁回 就寝直前 術後、完全に歩行可能になるまで服用を中止すべき内服薬はどれか。1つ選べ。	"[""エルデカルシトールカプセル"",""ラロキシフェン塩酸塩錠"",""アムロジピン錠"",""ロスバスタチン錠"",""スボレキサント錠""]"	singleChoice	1	null	normal	false	parsed	"[""none""]"		https://www.mhlw.go.jp/content/001455162.pdf	https://www.mhlw.go.jp/content/001458551.pdf	2025-02-23	MHLW website content under Public Data License 1.0 unless separately indicated; third-party content requires separate review
P110-328	110	328	実践	実務	₅ 歳男児。₃₇ ℃の微熱と咽頭痛があり、近医を受診したが、翌日に ₃₉ . ₂ ℃ま で上昇し、眼球結膜の充血及び全身に赤い発疹が出現したために近医より大学病院 を紹介され受診した。心臓超音波検査の結果、右冠動脈径 ₄ . ₁ mm と拡大を認め、 川崎病と診断された。入院後より大量免疫グロブリン静注療法とアスピリンの内服 を開始した。翌日には解熱し、 ₁ 週間後にほぼ症状は消失した。心臓超音波検査で 右冠動脈径 ₃ . ₈ mm と縮小傾向を確認し、 ₂ 週間後に退院となった。アスピリンは 退院後も継続処方となっている。 薬剤師が退院時に患者家族へ伝える内容として適切なのはどれか。2つ選べ。	"[""免疫グロブリン静注療法は、退院後も定期的に実施する必要がある。"",""アスピリンは、退院後も血栓予防のために服用することが重要である。"",""アスピリンは、入院中と同じ用法・用量で服用する。"",""アスピリン服用中に、インフルエンザと診断された場合には、すぐに主治医に 連絡する。"",""麻しん、風しんワクチンは、退院後速やかに接種しても差し支えない。""]"	multiChoice	[1,3]	null	normal	false	parsed	"[""none""]"		https://www.mhlw.go.jp/content/001455162.pdf	https://www.mhlw.go.jp/content/001458551.pdf	2025-02-23	MHLW website content under Public Data License 1.0 unless separately indicated; third-party content requires separate review
P110-329	110	329	実践	実務	医薬品とサプリメント含有成分による相互作用の組合せのうち、誤っているの はどれか。1つ選べ。 医薬品（本剤） ― サプリメント含有成分 相互作用 本剤の作用が減弱	"[""レボドパ・カルビドパ ― 鉄 するおそれがある セロトニン作用に"",""パロキセチン ― セント・ジョーンズワート よる症状が現れる ことがある。 本剤の吸収が促進"",""アレンドロン酸 ― カルシウム されるおそれがあ る 本剤の効果が減弱"",""レボフロキサシン ― マグネシウム するおそれがある 過度の中枢神経刺"",""アミノフィリン ― カフェイン 激作用が現れるこ とがある""]"	singleChoice	2	null	normal	false	parsed	"[""none""]"		https://www.mhlw.go.jp/content/001455162.pdf	https://www.mhlw.go.jp/content/001458551.pdf	2025-02-23	MHLW website content under Public Data License 1.0 unless separately indicated; third-party content requires separate review
P110-330	110	330	実践	実務	₅₂ 歳女性。非小細胞肺がん。以下の処方箋を持ってかかりつけ薬局を訪れた。 （処方） アファチニブマレイン酸塩錠 ₄₀ mg ₁ 回 ₁ 錠（ ₁ 日 ₁ 錠） ₁日₁回 朝食の ₃ 時間後 ₁₄ 日分 薬歴の内容から以下の薬剤が ₃ 週毎に処方されていた。 （薬歴の内容） ジフェンヒドラミン塩酸塩錠 ₁₀ mg ₁回₅錠 必要時 ₁ 回分（ ₅ 錠） レボフロキサシン錠 ₅₀₀ mg ₁ 回 ₁ 錠（ ₁ 日 ₁ 錠） ₁日₁回 朝食後 発熱時開始 ロキソプロフェンナトリウム錠 ₆₀ mg ₁回₁錠 ₃₈ ℃以上の発熱時 ₅ 回分（全 ₅ 錠） 患者の今回の処方と薬歴情報から、薬物治療に対する評価と指導計画について適 切なのはどれか。2つ選べ。	"[""今回の処方薬は、化学療法施行後に開始された薬剤である。"",""血小板減少による発熱が出現していた可能性がある。"",""下痢症状が出現しても自然に治まることを伝える。"",""発疹、皮膚の乾燥やかゆみが出現する可能性があることを伝える。"",""服用忘れに気づいた日は、翌日の決められた時間に ₂ 回分を服用することを伝 える。""]"	multiChoice	[0,3]	null	normal	false	parsed	"[""none""]"		https://www.mhlw.go.jp/content/001455162.pdf	https://www.mhlw.go.jp/content/001458551.pdf	2025-02-23	MHLW website content under Public Data License 1.0 unless separately indicated; third-party content requires separate review
P110-331	110	331	実践	実務	₆₈ 歳男性。身長 ₁₇₄ cm、体重 ₉₃ kg。既往歴として高血圧、脂質異常症、心房 細動。薬物アレルギー歴無し。₁₂ 時頃、ゴルフ中に突然倒れた。救急隊到着時、 本人から発語は見られていたが、次第に会話が困難になった。救急搬送時（₁₄ 時）、頭部 MRI で左中大動脈領域に梗塞巣を認め、各種所見から心原性脳梗塞と診 断された。また大動脈解離、急性膵炎は否定され、その他、心弁膜症、臓器出血の 合併は認められなかった。 （搬送時の検査値） 血圧 ₁₆₂/₁₀₂ mmHg、血糖 ₁₃₀ mg/dL、LDL︲C ₁₁₀ mg/dL、 HDL︲C ₆₀ mg/dL、TG（トリグリセリド）₁₃₀ mg/dL、 eGFR ₇₅ mL/min/₁ . ₇₃ m2、PT︲INR ₀ . ₉₇、AST ₁₈ IU/L、ALT ₁₉ IU/L、 APTT（活性化部分トロンボプラスチン時間）₂₆ 秒（基準値：₂₅～₃₂ 秒）、 血小板 ₂₅ # ₁₀ /nL 救急担当薬剤師が今後の治療について医師との共有事項として適切なのはどれ か。2つ選べ。	"[""ヘパリンナトリウムの静脈内投与による急性期治療"",""予後改善効果を目的とした急性期におけるエダラボン投与"",""脳浮腫が出現した場合のトルバプタン投与"",""発症早期における新たな血栓防止のための抗血小板療法の開始"",""急性期における DOAC（直接阻害型経口抗凝固薬）の使用""]"	multiChoice	[0,1]	[[0,1],[0,4],[1,4]]	multiple_accepted	false	parsed	"[""none""]"		https://www.mhlw.go.jp/content/001455162.pdf	https://www.mhlw.go.jp/content/001458551.pdf	2025-02-23	MHLW website content under Public Data License 1.0 unless separately indicated; third-party content requires separate review
P110-332	110	332	実践	実務	₂₄ 歳女性。陸上競技者。日本で行われる国際大会に出場予定であるが、大会出 場の重圧で鼻詰まり症状が出たり、おなかの調子が悪くなることがあった。そのた めこの女性は明日から始まる大会に向けて所属チームのスポーツファーマシストに 一般用医薬品の購入について相談した。この女性に推奨できる一般用医薬品に含ま れる成分はどれか。2つ選べ。	"[""ブチルスコポラミン臭化物"",""ホミカ"",""マオウ"",""ロラタジン"",""プソイドエフェドリン""]"	multiChoice	[0,3]	null	normal	false	parsed	"[""none""]"		https://www.mhlw.go.jp/content/001455162.pdf	https://www.mhlw.go.jp/content/001458551.pdf	2025-02-23	MHLW website content under Public Data License 1.0 unless separately indicated; third-party content requires separate review
P110-333	110	333	実践	実務	₆₀ 歳男性。がん化学療法後に増悪した PD︲L₁ 陽性の再発食道扁平上皮がんに 対してペムブロリズマブ ₂₀₀ mg の点滴静注が開始された。 ₄ コース目施行時に担 当薬剤師は患者から ₃ コース終了頃から倦怠感と寒気が続いているとの訴えを聴取 した。また看護記録から体重増加と心拍 ₄₂ 拍/分で徐脈であることを確認した。担 当薬剤師は以下の医薬品リスク管理計画を参考に有害事象発現の可能性を考えた。 身体所見と看護記録に基づいて薬剤師から提案する検査項目はどれか。1つ選べ。 【重要な特定されたリスク】 間質性肺疾患 神経障害（ギランバレー症候群） 大腸炎・重度の下痢 重度の皮膚障害（皮膚粘膜眼症候群， 肝機能障害・硬化性胆管炎 多形紅斑，類天疱瘡等） 腎機能障害 脳炎・髄膜炎 内分泌障害（下垂体機能障害，甲状腺 重症筋無力症 機能障害，副腎機能障害） 心筋炎 ₁ 型糖尿病 免疫性血小板減少性紫斑病 ぶどう膜炎 溶血性貧血 筋炎・横紋筋融解症 赤芽球癆 膵炎 infusion reaction ペムブロリズマブリスク管理計画 ₂₀₁₇ より引用	"[""プロラクチン"",""テストステロン"",""抗利尿ホルモン"",""ゴナドトロピン"",""甲状腺刺激ホルモン""]"	singleChoice	4	null	normal	false	parsed	"[""none""]"		https://www.mhlw.go.jp/content/001455162.pdf	https://www.mhlw.go.jp/content/001458551.pdf	2025-02-23	MHLW website content under Public Data License 1.0 unless separately indicated; third-party content requires separate review
P110-334	110	334	実践	実務	₆₈ 歳女性。 ₁ 週間前より右下肢に腫脹が見られるようになり、かかりつけ医か ら大学病院を紹介され、受診した。下肢静脈超音波検査による血栓の確認及び D︲ダイマーの上昇により、深部静脈血栓症と診断され、即日入院となった。薬剤 師は、患者が携帯していたお薬手帳より、現在の使用中の薬剤情報を入手した。ま た、入院後も服用継続の予定である。 （お薬手帳の内容） ミコナゾールゲル経口用 ₂ ％ ₂₀ g ₁ 回適量 ₁日₄回 朝昼夕就寝前 口腔内に塗布 （臨床検査値） D︲ダイマー ₈ . ₉ ng/mL（基準値：₁ . ₀ ng/mL 未満）、 eGFR ₇₂ mL/min/₁ . ₇₃ m この患者に適切な深部静脈血栓症の治療薬はどれか。2つ選べ。	"[""シロスタゾール"",""クロピドグレル"",""ワルファリンカリウム"",""アピキサバン"",""ダルテパリン""]"	multiChoice	[3,4]	null	normal	false	parsed	"[""none""]"		https://www.mhlw.go.jp/content/001455162.pdf	https://www.mhlw.go.jp/content/001458551.pdf	2025-02-23	MHLW website content under Public Data License 1.0 unless separately indicated; third-party content requires separate review
P110-335	110	335	実践	実務	₆₃ 歳男性。数日前より全身倦怠感があり、血圧低下、体重減少が出現したため 近医を受診し、大学病院を紹介された。外観上皮膚の色素沈着が認められた。検査 の結果、コルチゾールの低値及び ACTH の高値が認められ、アジソン病の確定診 断を受け、以下の処方が開始となった。 （入院時検査値） 身長 ₁₆₅ cm、体重 ₅₃ kg、血圧 ₉₉/₅₉ mmHg、Na ₁₃₄ mEq/L、 K ₅ . ₃ mEq/L、空腹時血糖 ₇₅ mg/dL、コルチゾール ₁ . ₀ ng/dL、 ACTH ₁ , ₇₉₆ pg/mL （処方） ヒドロコルチゾン錠 ₁₀ mg 朝 ₁ . ₅ 錠、昼 ₀ . ₅ 錠（ ₁ 日 ₂ 錠） ₁日₂回 朝昼食後 ₇ 日分 しかし、投薬開始後、低血圧及び低 Na 血症の改善が不十分であり、処方に追加 する治療薬の検討が必要となった。 この患者に追加する最も適切な治療薬はどれか。1つ選べ。	"[""デキサメタゾン"",""ベタメタゾン"",""フルドロコルチゾン"",""スピロノラクトン"",""エプレレノン""]"	singleChoice	2	null	normal	false	parsed	"[""none""]"		https://www.mhlw.go.jp/content/001455162.pdf	https://www.mhlw.go.jp/content/001458551.pdf	2025-02-23	MHLW website content under Public Data License 1.0 unless separately indicated; third-party content requires separate review
P110-337	110	337	実践	実務	₆₇ 歳女性。身長 ₁₆₃ cm、体重 ₆₂ kg。乳がんの術後化学療法としてペルツズマ ブ、トラスツズマブ、ドセタキセルによる化学療法を施行している。外来日の検査 値の結果を踏まえ、医師はペグフィルグラスチム（遺伝子組換え）の投与を行っ た。また患者は即時入院となった。この患者に使用する抗菌薬として適切なのはど れか。2つ選べ。 （検査値） 体温 ₃₈ . ₁ ℃、好中球数 ₄₅₀/nL、eGFR ₇₂ . ₅ mL/min/₁ . ₇₃ m	"[""セフェピム"",""エリスロマイシン"",""メロペネム"",""ミノサイクリン"",""ダプトマイシン""]"	multiChoice	[0,2]	null	normal	false	parsed	"[""none""]"		https://www.mhlw.go.jp/content/001455162.pdf	https://www.mhlw.go.jp/content/001458551.pdf	2025-02-23	MHLW website content under Public Data License 1.0 unless separately indicated; third-party content requires separate review
P110-338	110	338	実践	実務	手袋を外す時の手技について、感染対策上、誤っているのはどれか。1つ選 べ。ただし、手袋の外側を濃い色で、内側を薄い色で示している。	"[""手袋の外側の手首のあたりを反対の手でつまむ。"",""手袋を中表にして外し、まだ手袋を着用している手で外した手袋を持ってお く。"",""素手になった手で反対側の手袋の外側をつまむ。"",""手袋を引き上げるように裏返しにして外していく。"",""外した後、 ₂ 枚の手袋をひとかたまりになった状態で廃棄し、速乾性手指消毒 剤で手指消毒を行う。""]"	singleChoice	2	null	normal	false	parsed	"[""none""]"		https://www.mhlw.go.jp/content/001455162.pdf	https://www.mhlw.go.jp/content/001458551.pdf	2025-02-23	MHLW website content under Public Data License 1.0 unless separately indicated; third-party content requires separate review
P110-339	110	339	実践	実務	院内において、病棟で使用するネブライザーの消毒用の次亜塩素酸ナトリウム の調製を薬剤部で行い、払い出すこととなった。次亜塩素酸ナトリウム濃度 ₆ ％の 消毒薬を購入し、₀ . ₀₁％（₁₀₀ ppm）に調製して ₁ L のボトルで払い出すこととし た。このとき、原液 ア に水を加え全量を イ とし、この液 ウ を採取 し、これに水を加えて全量を ₁ L とした。容量の組合せとして正しいのはどれか。 1つ選べ。 ア イ ウ	"[""₅₀ mL ₁L ₁₀₀ mL"",""₃₀ mL ₃₀₀ mL ₅₀ mL"",""₁₀ mL ₂₀₀ mL ₁₀ mL"",""₅ mL ₃₀₀ mL ₁₀₀ mL"",""₅ mL ₁.₅ L ₅₀ mL""]"	singleChoice	3	null	normal	false	parsed	"[""none""]"		https://www.mhlw.go.jp/content/001455162.pdf	https://www.mhlw.go.jp/content/001458551.pdf	2025-02-23	MHLW website content under Public Data License 1.0 unless separately indicated; third-party content requires separate review
P110-340	110	340	実践	実務	₆₅ 歳男性。身長 ₁₇₈ cm、体重 ₇₅ kg。食道がんの術前・術後の栄養管理に栄養 サポートチーム（NST）が介入することになった。術前においては、本患者の食 道に通過障害はあるものの、水分摂取は可能で食道以外に障害はなかった。術後に おいても、水分摂取は可能であった。この患者に対する栄養療法に関する記述とし て適切なのはどれか。2つ選べ。	"[""術前の栄養管理は、経腸栄養療法は実施できない。"",""術後の栄養管理には、経腸栄養療法が適している。"",""末梢静脈栄養療法では ₁ 日で必要な糖質量を摂取できる。"",""経腸栄養剤としては、消化態栄養剤よりも半消化態栄養剤の方が適している。"",""経腸栄養療法よりも、中心静脈栄養療法の方が感染性リスクは少ない。""]"	multiChoice	[1,3]	null	normal	false	parsed	"[""none""]"		https://www.mhlw.go.jp/content/001455162.pdf	https://www.mhlw.go.jp/content/001458551.pdf	2025-02-23	MHLW website content under Public Data License 1.0 unless separately indicated; third-party content requires separate review
P110-341	110	341	実践	実務	₂₇ 歳女性。身長 ₁₅₉ cm、体重 ₅₀ kg。この患者の母親が、処方箋を持って薬局 を訪れた。この患者は、 ₂ 年前から、双極性障害と診断され、処方 ₁ の薬剤による 治療を継続中である。お薬手帳及び薬剤服用歴を確認したところ、今回から処方 ₂ の薬剤が追加されている。患者の母親と面談したところ、「最近、娘は夜眠らずに 活動する日もあり、早口で話すことも多くなった。」とのことであった。 （臨床所見及び検査値） 血圧 ₁₁₈/₇₆ mmHg、AST ₁₆ IU/L、ALT ₁₂ IU/L、HDL︲C ₈₃ mg/dL、 LDL︲C ₁₁₂ mg/dL、TG（トリグリセリド）₁₀₄ mg/dL、 空腹時血糖 ₁₀₆ mg/dL、HbA₁c ₅ . ₂％、血清クレアチニン ₀ . ₇₄ mg/dL、 血中リチウム濃度 ₀ . ₈ mEq/L、口渇（-） （処方 ₁ ） 炭酸リチウム錠 ₂₀₀ mg ₁ 回 ₁ 錠（ ₁ 日 ₃ 錠） ₁日₃回 朝昼夕食後 ₇ 日分 （処方 ₂ ） オランザピン錠 ₁₀ mg ₁ 回 ₁ 錠（ ₁ 日 ₁ 錠） ₁日₁回 夕食後 ₇ 日分 薬剤師がこの患者の母親へ指導した内容について SOAP 形式で薬剤服用歴管理 記録簿に記載した。（S）、（O）、（A）、（P）の項目と対応する記載内容として、適 切なのはどれか。2つ選べ。	"[""S：過量投与による中毒を予防するために、継続して血中リチウム濃度の数値 や変化を確認すること。"",""O：「最近、娘は夜眠らずに活動する日もあり、早口で話すことも多くなっ た。」との患者の母親から聞きとった情報。"",""O：次回来局時に、血糖値上昇や体重増加などの副作用発現の有無を確認する こと。"",""A：臨床所見及び検査値の結果を確認し、処方 ₂ の薬剤の服用開始が可能であ ると判断したこと。"",""P：処方 ₂ の薬剤により体重増加のおそれがあるため、娘に食事等に注意し適 度な運動を心掛けるように伝えてもらうこと。""]"	multiChoice	[3,4]	null	normal	false	parsed	"[""none""]"		https://www.mhlw.go.jp/content/001455162.pdf	https://www.mhlw.go.jp/content/001458551.pdf	2025-02-23	MHLW website content under Public Data License 1.0 unless separately indicated; third-party content requires separate review
P110-342	110	342	実践	実務	₇₅ 歳男性。₅₀ 歳の娘と二人暮らし。娘は、父親の服薬管理の相談のため、薬 局を訪れた。父親は、当該薬局で一包化調剤を受け、 ₁ 日 ₃ 回、朝食後、夕食後、 就寝前に処方薬を服用している。父親は、自分でお薬カレンダーに服用時点ごとに 一包化した薬剤をセットしているが、加齢黄斑変性による視力の低下が原因で、最 近、セットミスが多くなってきた。父親は身の回りのことを自分でしたいとの願望 が強く、娘は、このまま父親に薬剤管理をさせてあげたいと思っている。娘が持参 した一包化された薬剤は以下のとおりである。なお、父親に特に物忘れはなく、日 常生活にも問題はない。 （一包化包装への印字） 服用日：2025 年 2 月 14 日 服用日：2025 年 2 月 14 日 厚生 太郎 様 厚生 太郎 様 朝食後 夕食後 アジルサルタン錠 20 mg ベザフィブラート徐放錠 200 mg アムロジピン錠 2 . 5 mg カルボシステイン錠 250 mg アスピリン腸溶錠 100 mg ランソプラゾール OD 錠 15 mg ベザフィブラート徐放錠 200 mg カルボシステイン錠 250 mg 服用日：2025 年 2 月 14 日 厚生 太郎 様 就寝前 ラメルテオン錠 8 mg カルボシステイン錠 250 mg 薬剤師が、薬剤のセットミスを軽減できる可能性が高い工夫はどれか。2つ選 べ。	"[""氏名の印字を「ひらがな」に変更する。"",""用法のフォントサイズを大きくする。"",""効能・効果の印字を追加する。"",""服用時点ごとに色分けしたラインを分包紙に引く。"",""合剤への処方変更を医師に提案し、服用剤数を減らす。""]"	multiChoice	[1,3]	null	normal	false	parsed	"[""none""]"		https://www.mhlw.go.jp/content/001455162.pdf	https://www.mhlw.go.jp/content/001458551.pdf	2025-02-23	MHLW website content under Public Data License 1.0 unless separately indicated; third-party content requires separate review
P110-343	110	343	実践	実務	以下の薬局製造販売医薬品の製造及び販売に関して正しいのはどれか。2つ選 べ。 かぜ薬 ₄︲②（成分及び分量） 日本薬局方 アセトアミノフェン ₀ . ₃₆ g 〃 エテンザミド ₀.₉ g 〃 クロルフェニラミンマレイン酸塩 ₀ . ₀₀₇₅ g 〃 dl︲メチルエフェドリン塩酸塩散 ₁₀％ ₀.₆ g 〃 ジヒドロコデインリン酸塩散 ₁ ％ ₂.₄ g 賦形剤 〃 デンプン，乳糖水和物又はこれらの混合物 適量 全量 ₆ . ₀ g	"[""₁₂ 歳未満にも対応できるようにジヒドロコデインを半量とした医薬品を製造す る。"",""原料の製造番号や秤量値などを記載した製造記録を作成する。"",""販売前に他の痛み止めを服用していないことを確認する。"",""薬剤師不在時に登録販売者が販売する。"",""当該薬局で製造したものを系列の他店舗において販売する。""]"	multiChoice	[1,2]	null	normal	false	parsed	"[""none""]"		https://www.mhlw.go.jp/content/001455162.pdf	https://www.mhlw.go.jp/content/001458551.pdf	2025-02-23	MHLW website content under Public Data License 1.0 unless separately indicated; third-party content requires separate review
P110-344	110	344	実践	実務	₃₂ 歳女性。半年前に家族性高コレステロール血症と診断され、生活習慣の改善 及び以下の処方の薬剤による治療を行っている。冠動脈疾患の既往歴はない。 LDL︲C は管理目標値まで下げることができたが、本日の診察の際に患者から「妊 娠の可能性がある」との報告があり、薬剤の変更が検討された。 （処方） エゼチミブ・アトルバスタチン ₂₀ mg 配合錠 ₁ 回 ₁ 錠（ ₁ 日 ₁ 錠） ₁日₁回 朝食後 ₂₈ 日分 （検査値） 血圧 ₁₂₂/₇₄ mmHg、LDL︲C ₈₀ mg/dL、HDL︲C ₇₅ mg/dL、 TG（トリグリセリド）₈₀ mg/dL この患者に提案できる治療薬はどれか。1つ選べ。	"[""ロスバスタチン"",""プロブコール"",""コレスチミド"",""ペマフィブラート"",""ロミタピド""]"	singleChoice	2	null	normal	false	parsed	"[""none""]"		https://www.mhlw.go.jp/content/001455162.pdf	https://www.mhlw.go.jp/content/001458551.pdf	2025-02-23	MHLW website content under Public Data License 1.0 unless separately indicated; third-party content requires separate review
P110-345	110	345	実践	実務	₆₂ 歳女性。卵巣がんにて、パクリタキセル、カルボプラチン、ベバシズマブを 用いた外来化学療法を施行している。ベバシズマブの重大な副作用である血栓塞栓 症の早期発見のために、患者に伝えておくべき自覚症状として適切なのはどれか。 2つ選べ。	"[""口渇"",""息苦しさ"",""黒色便"",""胸の痛み"",""味覚障害""]"	multiChoice	[1,3]	null	normal	false	parsed	"[""none""]"		https://www.mhlw.go.jp/content/001455162.pdf	https://www.mhlw.go.jp/content/001458551.pdf	2025-02-23	MHLW website content under Public Data License 1.0 unless separately indicated; third-party content requires separate review
