id	sourceExam	questionNo	subject	domain	question	choices_json	answer_type	answer_json	accepted_answers_json	scoring_status	requires_media	choiceParseStatus	correctionStatus_json	caseGroupId	source_url	answer_source_url	effective_date	rights_basis
P111-001	111	1	必須	物理・化学・生物	水 100 mL に、ある有機溶媒 100 mL を加えると二液相が形成され、上層が水相 となった。この有機溶媒はどれか。１つ選べ。	"[""ジエチルエーテル"",""1‑オクタノール"",""‑ヘキサン"",""トルエン"",""クロロホルム""]"	singleChoice	4	null	normal	false	parsed	"[""none""]"		https://www.mhlw.go.jp/content/001677927.pdf	https://www.mhlw.go.jp/content/001677933.pdf	2026-02-22	MHLW website content under Public Data License 1.0 unless separately indicated; third-party content requires separate review
P111-002	111	2	必須	物理・化学・生物	イオン強度 を求める式として正しいのはどれか。１つ選べ。ただし、 はイオ ン種 のモル濃度、 はそのイオンの電荷である。	"[""＝∑"",""＝∑ 2"",""＝∑ 2 ＝ ∑"",""2 ∑"",""＝ 2""]"	singleChoice	4	null	normal	false	parsed	"[""none""]"		https://www.mhlw.go.jp/content/001677927.pdf	https://www.mhlw.go.jp/content/001677933.pdf	2026-02-22	MHLW website content under Public Data License 1.0 unless separately indicated; third-party content requires separate review
P111-004	111	4	必須	物理・化学・生物	吸光度 1.0 を透過率で表すといくらか。１つ選べ。ただし、吸光度の測定に用い たセルの層長は 1.0 cm とする。	"[""1.0％"",""10％"",""50％"",""90％"",""99％""]"	singleChoice	1	null	normal	false	parsed	"[""none""]"		https://www.mhlw.go.jp/content/001677927.pdf	https://www.mhlw.go.jp/content/001677933.pdf	2026-02-22	MHLW website content under Public Data License 1.0 unless separately indicated; third-party content requires separate review
P111-012	111	12	必須	物理・化学・生物	ペントースリン酸回路の中で NADPH を生じる反応の基質はどれか。１つ選べ。	"[""グルコース 1‑リン酸"",""グルコース 6‑リン酸"",""フルクトース 6‑リン酸"",""グリセルアルデヒド 3‑リン酸"",""ホスホエノールピルビン酸""]"	singleChoice	1	null	normal	false	parsed	"[""none""]"		https://www.mhlw.go.jp/content/001677927.pdf	https://www.mhlw.go.jp/content/001677933.pdf	2026-02-22	MHLW website content under Public Data License 1.0 unless separately indicated; third-party content requires separate review
P111-013	111	13	必須	物理・化学・生物	一次（中枢）リンパ器官はどれか。１つ選べ。	"[""脾臓"",""リンパ節"",""胸腺"",""扁桃"",""パイエル板""]"	singleChoice	2	null	normal	false	parsed	"[""none""]"		https://www.mhlw.go.jp/content/001677927.pdf	https://www.mhlw.go.jp/content/001677933.pdf	2026-02-22	MHLW website content under Public Data License 1.0 unless separately indicated; third-party content requires separate review
P111-014	111	14	必須	物理・化学・生物	ヒトでは合成されない、真菌に特異的な細胞膜成分はどれか。１つ選べ。	"[""ホスファチジルエタノールアミン"",""ホスファチジルセリン"",""スフィンゴミエリン"",""エルゴステロール"",""コレステロール""]"	singleChoice	3	null	normal	false	parsed	"[""none""]"		https://www.mhlw.go.jp/content/001677927.pdf	https://www.mhlw.go.jp/content/001677933.pdf	2026-02-22	MHLW website content under Public Data License 1.0 unless separately indicated; third-party content requires separate review
P111-015	111	15	必須	物理・化学・生物	生物種ごとに 1 セットとして定義される、すべての核酸上の遺伝情報はどれか。 １つ選べ。	"[""エキソン"",""イントロン"",""ヒストン"",""ゲノム"",""テロメア 必須問題 【衛生】""]"	singleChoice	3	null	normal	false	parsed	"[""none""]"		https://www.mhlw.go.jp/content/001677927.pdf	https://www.mhlw.go.jp/content/001677933.pdf	2026-02-22	MHLW website content under Public Data License 1.0 unless separately indicated; third-party content requires separate review
P111-016	111	16	必須	衛生	疾病の三次予防に該当するのはどれか。１つ選べ。	"[""健常者のがん検診"",""禁煙教室"",""在宅機能訓練"",""献血された血液の抗 HIV 抗体検査"",""予防接種""]"	singleChoice	2	null	normal	false	parsed	"[""none""]"		https://www.mhlw.go.jp/content/001677927.pdf	https://www.mhlw.go.jp/content/001677933.pdf	2026-02-22	MHLW website content under Public Data License 1.0 unless separately indicated; third-party content requires separate review
P111-017	111	17	必須	衛生	2019〜2023 年の 5 年間の陽性者発見率が最も高い新生児マススクリーニングの 対象疾患はどれか。１つ選べ。	"[""先天性甲状腺機能低下症"",""メープルシロップ尿症"",""フェニルケトン尿症"",""ガラクトース血症"",""先天性副腎過形成症""]"	singleChoice	0	null	normal	false	parsed	"[""none""]"		https://www.mhlw.go.jp/content/001677927.pdf	https://www.mhlw.go.jp/content/001677933.pdf	2026-02-22	MHLW website content under Public Data License 1.0 unless separately indicated; third-party content requires separate review
P111-019	111	19	必須	衛生	「日本人の食事摂取基準（2020 年版）」において、摂取量を増やすことを目指す 栄養素として目標量が設定されているのはどれか。１つ選べ。	"[""ナイアシン"",""ビオチン"",""カリウム"",""ナトリウム"",""リン""]"	singleChoice	2	null	normal	false	parsed	"[""none""]"		https://www.mhlw.go.jp/content/001677927.pdf	https://www.mhlw.go.jp/content/001677933.pdf	2026-02-22	MHLW website content under Public Data License 1.0 unless separately indicated; third-party content requires separate review
P111-020	111	20	必須	衛生	適量の摂取により、冠動脈疾患や心不全の予防に寄与するのはどれか。１つ選 べ。	"[""ステアリン酸"",""ドコサヘキサエン酸"",""エライジン酸"",""パルミチン酸"",""アラキドン酸""]"	singleChoice	1	null	normal	false	parsed	"[""none""]"		https://www.mhlw.go.jp/content/001677927.pdf	https://www.mhlw.go.jp/content/001677933.pdf	2026-02-22	MHLW website content under Public Data License 1.0 unless separately indicated; third-party content requires separate review
P111-021	111	21	必須	衛生	スイセンによる食中毒の原因物質はどれか。１つ選べ。	"[""アコニチン"",""アミグダリン"",""コルヒチン"",""チャコニン"",""リコリン""]"	singleChoice	4	null	normal	false	parsed	"[""none""]"		https://www.mhlw.go.jp/content/001677927.pdf	https://www.mhlw.go.jp/content/001677933.pdf	2026-02-22	MHLW website content under Public Data License 1.0 unless separately indicated; third-party content requires separate review
P111-022	111	22	必須	衛生	生体内の活性酸素種を消去する、ヒトのカタラーゼの活性中心を構成する金属 元素はどれか。１つ選べ。	"[""モリブデン"",""亜鉛"",""銅"",""セレン"",""鉄""]"	singleChoice	4	null	normal	false	parsed	"[""none""]"		https://www.mhlw.go.jp/content/001677927.pdf	https://www.mhlw.go.jp/content/001677933.pdf	2026-02-22	MHLW website content under Public Data License 1.0 unless separately indicated; third-party content requires separate review
P111-023	111	23	必須	衛生	ヒドロキソコバラミンを解毒薬として用いる中毒原因物質はどれか。１つ選べ。	"[""モルヒネ"",""タリウム"",""鉛"",""シアン化カリウム"",""アニリン""]"	singleChoice	3	null	normal	false	parsed	"[""none""]"		https://www.mhlw.go.jp/content/001677927.pdf	https://www.mhlw.go.jp/content/001677933.pdf	2026-02-22	MHLW website content under Public Data License 1.0 unless separately indicated; third-party content requires separate review
P111-024	111	24	必須	衛生	オゾン層破壊作用はないが、地球温暖化の抑制を目的としてモントリオール議 定書キガリ改正（注）の規制対象となっているのはどれか。１つ選べ。 （注）モントリオール議定書キガリ改正：オゾン層を破壊する物質に関するモント リオール議定書キガリ改正	"[""ブロモフルオロカーボン"",""臭化メチル"",""クロロフルオロカーボン"",""ハイドロフルオロカーボン"",""ハイドロクロロフルオロカーボン""]"	singleChoice	3	null	normal	false	parsed	"[""none""]"		https://www.mhlw.go.jp/content/001677927.pdf	https://www.mhlw.go.jp/content/001677933.pdf	2026-02-22	MHLW website content under Public Data License 1.0 unless separately indicated; third-party content requires separate review
P111-025	111	25	必須	衛生	水質汚濁防止法において、健康に係る有害物質についての排水基準の許容濃度 として「検出されないこと」となっているのはどれか。１つ選べ。	"[""六価クロム化合物"",""アルキル水銀化合物"",""カドミウム及びその化合物"",""大腸菌"",""ポリ塩化ビフェニル 必須問題 【薬理】""]"	singleChoice	1	null	normal	false	parsed	"[""none""]"		https://www.mhlw.go.jp/content/001677927.pdf	https://www.mhlw.go.jp/content/001677933.pdf	2026-02-22	MHLW website content under Public Data License 1.0 unless separately indicated; third-party content requires separate review
P111-026	111	26	必須	薬理	Gi タンパク質共役型受容体はどれか。１つ選べ。	"[""アドレナリン α2 受容体"",""アセチルコリン M3 受容体"",""γ‑アミノ酪酸 GABAA 受容体"",""ヒスタミン H2 受容体"",""インスリン受容体""]"	singleChoice	0	null	normal	false	parsed	"[""none""]"		https://www.mhlw.go.jp/content/001677927.pdf	https://www.mhlw.go.jp/content/001677933.pdf	2026-02-22	MHLW website content under Public Data License 1.0 unless separately indicated; third-party content requires separate review
P111-027	111	27	必須	薬理	リドカインの局所麻酔作用の機序はどれか。１つ選べ。	"[""電位依存性 Na＋ チャネルの遮断"",""電位依存性 Ca2＋ チャネルの遮断"",""電位依存性 K＋ チャネルの活性化"",""ヒスタミン H1 受容体の遮断"",""オピオイド μ 受容体の刺激""]"	singleChoice	0	null	normal	false	parsed	"[""none""]"		https://www.mhlw.go.jp/content/001677927.pdf	https://www.mhlw.go.jp/content/001677933.pdf	2026-02-22	MHLW website content under Public Data License 1.0 unless separately indicated; third-party content requires separate review
P111-028	111	28	必須	薬理	γ‑アミノ酪酸 GABAA 受容体のベンゾジアゼピン結合部位に結合し、麻酔作用 を示すのはどれか。１つ選べ。	"[""デクスメデトミジン"",""チオペンタール"",""ドロペリドール"",""ミダゾラム"",""ケタミン""]"	singleChoice	3	null	normal	false	parsed	"[""none""]"		https://www.mhlw.go.jp/content/001677927.pdf	https://www.mhlw.go.jp/content/001677933.pdf	2026-02-22	MHLW website content under Public Data License 1.0 unless separately indicated; third-party content requires separate review
P111-029	111	29	必須	薬理	セロトニン 5‑HT2A 受容体を遮断するため、錐体外路症状が最も発現しにくい統 合失調症治療薬はどれか。１つ選べ。	"[""ハロペリドール"",""フルフェナジン"",""タンドスピロン"",""リスペリドン"",""エスシタロプラム""]"	singleChoice	3	null	normal	false	parsed	"[""none""]"		https://www.mhlw.go.jp/content/001677927.pdf	https://www.mhlw.go.jp/content/001677933.pdf	2026-02-22	MHLW website content under Public Data License 1.0 unless separately indicated; third-party content requires separate review
P111-030	111	30	必須	薬理	抗てんかん薬レベチラセタムの主な作用点はどれか。１つ選べ。	"[""電位依存性 Na＋ チャネル"",""シナプス小胞タンパク質 2A（SV2A）"",""グルタミン酸 NMDA 受容体"",""炭酸脱水酵素"",""γ‑アミノ酪酸（GABA）トランスアミナーゼ""]"	singleChoice	1	null	normal	false	parsed	"[""none""]"		https://www.mhlw.go.jp/content/001677927.pdf	https://www.mhlw.go.jp/content/001677933.pdf	2026-02-22	MHLW website content under Public Data License 1.0 unless separately indicated; third-party content requires separate review
P111-031	111	31	必須	薬理	延髄の呼吸中枢を直接刺激して、呼吸を促進させるのはどれか。１つ選べ。	"[""チペピジン"",""オキシメテバノール"",""レバロルファン"",""フルマゼニル"",""ジモルホラミン""]"	singleChoice	4	null	normal	false	parsed	"[""none""]"		https://www.mhlw.go.jp/content/001677927.pdf	https://www.mhlw.go.jp/content/001677933.pdf	2026-02-22	MHLW website content under Public Data License 1.0 unless separately indicated; third-party content requires separate review
P111-032	111	32	必須	薬理	電位依存性 Na＋ チャネルを遮断する抗不整脈薬のうち、心筋の活動電位持続時 間に影響を及ぼさないのはどれか。１つ選べ。	"[""シベンゾリン"",""ジソピラミド"",""キニジン"",""ピルシカイニド"",""メキシレチン""]"	singleChoice	3	null	normal	false	parsed	"[""none""]"		https://www.mhlw.go.jp/content/001677927.pdf	https://www.mhlw.go.jp/content/001677933.pdf	2026-02-22	MHLW website content under Public Data License 1.0 unless separately indicated; third-party content requires separate review
P111-033	111	33	必須	薬理	活性代謝物がアドレナリン α1 受容体を刺激することで、起立性低血圧を改善す るのはどれか。１つ選べ。	"[""ドブタミン"",""ミルリノン"",""ミドドリン"",""アメジニウム"",""ブクラデシン""]"	singleChoice	2	null	normal	false	parsed	"[""none""]"		https://www.mhlw.go.jp/content/001677927.pdf	https://www.mhlw.go.jp/content/001677933.pdf	2026-02-22	MHLW website content under Public Data License 1.0 unless separately indicated; third-party content requires separate review
P111-034	111	34	必須	薬理	ADP P2Y12 受容体を遮断して、血小板凝集を抑制するのはどれか。１つ選べ。	"[""ジピリダモール"",""オザグレル"",""ベラプロスト"",""プラスグレル"",""サルポグレラート""]"	singleChoice	3	null	normal	false	parsed	"[""none""]"		https://www.mhlw.go.jp/content/001677927.pdf	https://www.mhlw.go.jp/content/001677933.pdf	2026-02-22	MHLW website content under Public Data License 1.0 unless separately indicated; third-party content requires separate review
P111-035	111	35	必須	薬理	切迫流・早産の治療に用いられる選択的アドレナリン β2 受容体刺激薬はどれ か。１つ選べ。	"[""ピペリドレート"",""ジノプロスト"",""リトドリン"",""オキシトシン"",""レボノルゲストレル""]"	singleChoice	2	null	normal	false	parsed	"[""none""]"		https://www.mhlw.go.jp/content/001677927.pdf	https://www.mhlw.go.jp/content/001677933.pdf	2026-02-22	MHLW website content under Public Data License 1.0 unless separately indicated; third-party content requires separate review
P111-036	111	36	必須	薬理	胆汁酸トランスポーターを阻害し、大腸管腔内の胆汁酸量を増加させることで 便秘を改善するのはどれか。１つ選べ。	"[""ルビプロストン"",""リナクロチド"",""エロビキシバット"",""トリメブチン"",""ラモセトロン""]"	singleChoice	2	null	normal	false	parsed	"[""none""]"		https://www.mhlw.go.jp/content/001677927.pdf	https://www.mhlw.go.jp/content/001677933.pdf	2026-02-22	MHLW website content under Public Data License 1.0 unless separately indicated; third-party content requires separate review
P111-037	111	37	必須	薬理	プロタンパク質転換酵素サブチリシン/ケキシン 9 型（PCSK9）を阻害すること で、LDL 受容体の分解を抑制する脂質異常症治療薬はどれか。１つ選べ。	"[""ベザフィブラート"",""エゼチミブ"",""エボロクマブ"",""アトルバスタチン"",""ロミタピド""]"	singleChoice	2	null	normal	false	parsed	"[""none""]"		https://www.mhlw.go.jp/content/001677927.pdf	https://www.mhlw.go.jp/content/001677933.pdf	2026-02-22	MHLW website content under Public Data License 1.0 unless separately indicated; third-party content requires separate review
P111-038	111	38	必須	薬理	甲状腺ペルオキシダーゼを直接阻害することで、甲状腺ホルモンの生合成を抑 制するのはどれか。１つ選べ。	"[""プロチレリン"",""リオチロニン"",""レボチロキシン"",""プロピルチオウラシル"",""ヒトチロトロピン アルファ""]"	singleChoice	3	null	normal	false	parsed	"[""none""]"		https://www.mhlw.go.jp/content/001677927.pdf	https://www.mhlw.go.jp/content/001677933.pdf	2026-02-22	MHLW website content under Public Data License 1.0 unless separately indicated; third-party content requires separate review
P111-039	111	39	必須	薬理	感染細胞内でリン酸化されて活性体となりウイルス DNA ポリメラーゼを阻害 して、ウイルスの増殖を抑制するのはどれか。１つ選べ。	"[""アシクロビル"",""ラルテグラビル"",""レジパスビル"",""アマンタジン"",""ソホスブビル""]"	singleChoice	0	null	normal	false	parsed	"[""none""]"		https://www.mhlw.go.jp/content/001677927.pdf	https://www.mhlw.go.jp/content/001677933.pdf	2026-02-22	MHLW website content under Public Data License 1.0 unless separately indicated; third-party content requires separate review
P111-040	111	40	必須	薬理	アロマターゼを阻害することで、エストロゲン生合成を抑制する乳がん治療薬 はどれか。１つ選べ。	"[""フルベストラント"",""アナストロゾール"",""タモキシフェン"",""ゴセレリン"",""ラパチニブ 必須問題 【薬剤】""]"	singleChoice	1	null	normal	false	parsed	"[""none""]"		https://www.mhlw.go.jp/content/001677927.pdf	https://www.mhlw.go.jp/content/001677933.pdf	2026-02-22	MHLW website content under Public Data License 1.0 unless separately indicated; third-party content requires separate review
P111-042	111	42	必須	薬剤	肝初回通過効果の影響を最も大きく受ける剤形はどれか。１つ選べ。	"[""坐剤"",""点鼻剤"",""吸入剤"",""舌下錠"",""口腔内崩壊錠""]"	singleChoice	4	null	normal	false	parsed	"[""none""]"		https://www.mhlw.go.jp/content/001677927.pdf	https://www.mhlw.go.jp/content/001677933.pdf	2026-02-22	MHLW website content under Public Data License 1.0 unless separately indicated; third-party content requires separate review
P111-043	111	43	必須	薬剤	限外ろ過法を用いて算出される薬物パラメータはどれか。１つ選べ。	"[""油/水分配係数"",""酸塩基解離定数"",""血球移行率"",""血漿タンパク結合率"",""全身クリアランス""]"	singleChoice	3	null	normal	false	parsed	"[""none""]"		https://www.mhlw.go.jp/content/001677927.pdf	https://www.mhlw.go.jp/content/001677933.pdf	2026-02-22	MHLW website content under Public Data License 1.0 unless separately indicated; third-party content requires separate review
P111-044	111	44	必須	薬剤	薬物代謝酵素シトクロム P450 が局在する主な細胞内小器官はどれか。１つ選べ。	"[""エンドソーム"",""ゴルジ体"",""リソソーム"",""核"",""小胞体""]"	singleChoice	4	null	normal	false	parsed	"[""none""]"		https://www.mhlw.go.jp/content/001677927.pdf	https://www.mhlw.go.jp/content/001677933.pdf	2026-02-22	MHLW website content under Public Data License 1.0 unless separately indicated; third-party content requires separate review
P111-045	111	45	必須	薬剤	イヌリンを点滴静注するとき、定常状態における血漿中イヌリン濃度（ p）、糸 球体ろ過された直後の尿（原尿）に含まれるイヌリンの濃度（ 原尿 ）及び排泄され る尿に含まれるイヌリンの濃度（ 尿）の関係を最も適切に表しているのはどれか。 １つ選べ。	"[""p ≒ 原尿 ≒ 尿"",""p ≒ 原尿 ＞ 尿"",""p ≒ 原尿 ＜ 尿"",""p ＞ 原尿 ＞ 尿"",""p ＜ 原尿 ＜ 尿""]"	singleChoice	2	null	normal	false	parsed	"[""none""]"		https://www.mhlw.go.jp/content/001677927.pdf	https://www.mhlw.go.jp/content/001677933.pdf	2026-02-22	MHLW website content under Public Data License 1.0 unless separately indicated; third-party content requires separate review
P111-046	111	46	必須	薬剤	体内動態が線形 1‑コンパートメントモデルに従い、消失半減期が 6 時間の薬物 を、 6 時間間隔で繰り返し急速静脈内投与するとき、初回投与時の最高血中薬物濃 度（ 1 回目投与直後）の 1.75 倍の血中薬物濃度になるのはいつか。１つ選べ。	"[""2 回目投与直後"",""3 回目投与直前"",""3 回目投与直後"",""4 回目投与直前"",""4 回目投与直後""]"	singleChoice	2	null	normal	false	parsed	"[""none""]"		https://www.mhlw.go.jp/content/001677927.pdf	https://www.mhlw.go.jp/content/001677933.pdf	2026-02-22	MHLW website content under Public Data License 1.0 unless separately indicated; third-party content requires separate review
P111-047	111	47	必須	薬剤	TDM の実施が望ましい薬物のうち、臨床用量で体内動態が非線形性を示す薬物 はどれか。１つ選べ。	"[""カルバマゼピン"",""ジゴキシン"",""バンコマイシン"",""フェニトイン"",""フェノバルビタール""]"	singleChoice	3	null	normal	false	parsed	"[""none""]"		https://www.mhlw.go.jp/content/001677927.pdf	https://www.mhlw.go.jp/content/001677933.pdf	2026-02-22	MHLW website content under Public Data License 1.0 unless separately indicated; third-party content requires separate review
P111-049	111	49	必須	薬剤	親油性の抗酸化剤はどれか。１つ選べ。	"[""アスコルビン酸"",""亜硫酸水素ナトリウム"",""エデト酸（EDTA）ナトリウム"",""チオ硫酸ナトリウム"",""α‑トコフェロール""]"	singleChoice	4	null	normal	false	parsed	"[""none""]"		https://www.mhlw.go.jp/content/001677927.pdf	https://www.mhlw.go.jp/content/001677933.pdf	2026-02-22	MHLW website content under Public Data License 1.0 unless separately indicated; third-party content requires separate review
P111-050	111	50	必須	薬剤	医薬品の原薬を微粉砕することによって増大するのはどれか。１つ選べ。ただ し、粉砕による二次粒子の形成はないものとする。	"[""流動性"",""充てん性"",""溶解性"",""安定性"",""結晶性""]"	singleChoice	2	null	normal	false	parsed	"[""none""]"		https://www.mhlw.go.jp/content/001677927.pdf	https://www.mhlw.go.jp/content/001677933.pdf	2026-02-22	MHLW website content under Public Data License 1.0 unless separately indicated; third-party content requires separate review
P111-051	111	51	必須	薬剤	油脂性基剤はどれか。１つ選べ。	"[""流動パラフィン"",""親水クリーム"",""加水ラノリン"",""マクロゴール軟膏"",""親水ワセリン""]"	singleChoice	0	null	normal	false	parsed	"[""none""]"		https://www.mhlw.go.jp/content/001677927.pdf	https://www.mhlw.go.jp/content/001677933.pdf	2026-02-22	MHLW website content under Public Data License 1.0 unless separately indicated; third-party content requires separate review
P111-052	111	52	必須	薬剤	日本薬局方製剤総則に規定されている製剤のうち、固形製剤、液状製剤及びエ アゾール製剤が含まれているのはどれか。１つ選べ。	"[""経口投与する製剤"",""注射により投与する製剤"",""気管支・肺に適用する製剤"",""直腸に適用する製剤"",""鼻に適用する製剤""]"	singleChoice	2	null	normal	false	parsed	"[""none""]"		https://www.mhlw.go.jp/content/001677927.pdf	https://www.mhlw.go.jp/content/001677933.pdf	2026-02-22	MHLW website content under Public Data License 1.0 unless separately indicated; third-party content requires separate review
P111-055	111	55	必須	薬剤	受動的ターゲティングを目的に臨床で用いられている製剤はどれか。１つ選べ。	"[""自己乳化型マイクロエマルション製剤"",""マイクロニードル製剤"",""シクロデキストリン包接体製剤"",""ポリエチレングリコール修飾リポソーム製剤"",""生分解性高分子マイクロカプセル型製剤 必須問題 【病態・薬物治療】""]"	singleChoice	3	null	normal	false	parsed	"[""none""]"		https://www.mhlw.go.jp/content/001677927.pdf	https://www.mhlw.go.jp/content/001677933.pdf	2026-02-22	MHLW website content under Public Data License 1.0 unless separately indicated; third-party content requires separate review
P111-056	111	56	必須	病態・薬物治療	2 型糖尿病を合併している統合失調症患者に対して、使用できる統合失調症治 療薬はどれか。１つ選べ。	"[""セルトラリン塩酸塩"",""オランザピン"",""クロミプラミン塩酸塩"",""ミルナシプラン塩酸塩"",""ルラシドン塩酸塩""]"	singleChoice	4	null	normal	false	parsed	"[""none""]"		https://www.mhlw.go.jp/content/001677927.pdf	https://www.mhlw.go.jp/content/001677933.pdf	2026-02-22	MHLW website content under Public Data License 1.0 unless separately indicated; third-party content requires separate review
P111-057	111	57	必須	病態・薬物治療	アンジオテンシン変換酵素（ACE）阻害薬を服用中の患者に投与禁忌なのはど れか。１つ選べ。	"[""アゾセミド"",""イバブラジン"",""カルベジロール"",""サクビトリルバルサルタン"",""ダパグリフロジン""]"	singleChoice	3	null	normal	false	parsed	"[""none""]"		https://www.mhlw.go.jp/content/001677927.pdf	https://www.mhlw.go.jp/content/001677933.pdf	2026-02-22	MHLW website content under Public Data License 1.0 unless separately indicated; third-party content requires separate review
P111-058	111	58	必須	病態・薬物治療	心収縮期に左室から左房へ血液の逆流が生じる病態はどれか。１つ選べ。	"[""僧帽弁閉鎖不全症"",""僧帽弁狭窄症"",""大動脈弁閉鎖不全症"",""大動脈弁狭窄症"",""三尖弁閉鎖不全症""]"	singleChoice	0	null	normal	false	parsed	"[""none""]"		https://www.mhlw.go.jp/content/001677927.pdf	https://www.mhlw.go.jp/content/001677933.pdf	2026-02-22	MHLW website content under Public Data License 1.0 unless separately indicated; third-party content requires separate review
P111-059	111	59	必須	病態・薬物治療	血友病の臨床検査所見はどれか。１つ選べ。	"[""赤血球数増加"",""血小板数増加"",""出血時間短縮"",""プロトロンビン時間（PT）延長"",""活性化部分トロンボプラスチン時間（APTT）延長""]"	singleChoice	4	null	normal	false	parsed	"[""none""]"		https://www.mhlw.go.jp/content/001677927.pdf	https://www.mhlw.go.jp/content/001677933.pdf	2026-02-22	MHLW website content under Public Data License 1.0 unless separately indicated; third-party content requires separate review
P111-060	111	60	必須	病態・薬物治療	A 群 β 溶連菌感染に続発することが多いのはどれか。１つ選べ。	"[""急性腎炎症候群"",""急速進行性腎炎症候群"",""慢性腎炎症候群"",""反復性/持続性血尿症候群"",""ネフローゼ症候群""]"	singleChoice	0	null	normal	false	parsed	"[""none""]"		https://www.mhlw.go.jp/content/001677927.pdf	https://www.mhlw.go.jp/content/001677933.pdf	2026-02-22	MHLW website content under Public Data License 1.0 unless separately indicated; third-party content requires separate review
P111-061	111	61	必須	病態・薬物治療	クロストリディオイデス・ディフィシル（ ）による偽膜性 大腸炎の治療に用いられるのはどれか。１つ選べ。	"[""クラリスロマイシン"",""レボフロキサシン"",""アモキシシリン"",""メトロニダゾール"",""ミノサイクリン""]"	singleChoice	3	null	normal	false	parsed	"[""none""]"		https://www.mhlw.go.jp/content/001677927.pdf	https://www.mhlw.go.jp/content/001677933.pdf	2026-02-22	MHLW website content under Public Data License 1.0 unless separately indicated; third-party content requires separate review
P111-062	111	62	必須	病態・薬物治療	糖尿病合併妊娠において血糖コントロールに用いられるのはどれか。１つ選べ。	"[""スルホニル尿素薬"",""チアゾリジン薬"",""ビグアナイド薬"",""グリニド薬"",""インスリン製剤""]"	singleChoice	4	null	normal	false	parsed	"[""none""]"		https://www.mhlw.go.jp/content/001677927.pdf	https://www.mhlw.go.jp/content/001677933.pdf	2026-02-22	MHLW website content under Public Data License 1.0 unless separately indicated; third-party content requires separate review
P111-063	111	63	必須	病態・薬物治療	クッシング症候群の症状として認められるのはどれか。１つ選べ。	"[""野牛肩"",""低血圧"",""低血糖"",""皮膚肥厚"",""発汗低下""]"	singleChoice	0	null	normal	false	parsed	"[""none""]"		https://www.mhlw.go.jp/content/001677927.pdf	https://www.mhlw.go.jp/content/001677933.pdf	2026-02-22	MHLW website content under Public Data License 1.0 unless separately indicated; third-party content requires separate review
P111-064	111	64	必須	病態・薬物治療	加齢黄斑変性の治療に用いられるのはどれか。１つ選べ。	"[""リパスジル"",""ピレノキシン"",""ビマトプロスト"",""アフリベルセプト"",""アセタゾラミド""]"	singleChoice	3	null	normal	false	parsed	"[""none""]"		https://www.mhlw.go.jp/content/001677927.pdf	https://www.mhlw.go.jp/content/001677933.pdf	2026-02-22	MHLW website content under Public Data License 1.0 unless separately indicated; third-party content requires separate review
P111-065	111	65	必須	病態・薬物治療	腸管出血性大腸菌感染症の重篤化と関連性が高いのはどれか。１つ選べ。	"[""トキシックショック症候群"",""溶血性尿毒症症候群"",""過敏性腸症候群"",""抗リン脂質抗体症候群"",""悪性症候群""]"	singleChoice	1	null	normal	false	parsed	"[""none""]"		https://www.mhlw.go.jp/content/001677927.pdf	https://www.mhlw.go.jp/content/001677933.pdf	2026-02-22	MHLW website content under Public Data License 1.0 unless separately indicated; third-party content requires separate review
P111-066	111	66	必須	病態・薬物治療	フィラデルフィア染色体陽性急性リンパ性白血病の治療に用いられるのはどれ か。１つ選べ。	"[""ゲフィチニブ"",""クリゾチニブ"",""ダサチニブ"",""セリチニブ"",""ルキソリチニブ""]"	singleChoice	2	null	normal	false	parsed	"[""none""]"		https://www.mhlw.go.jp/content/001677927.pdf	https://www.mhlw.go.jp/content/001677933.pdf	2026-02-22	MHLW website content under Public Data License 1.0 unless separately indicated; third-party content requires separate review
P111-067	111	67	必須	病態・薬物治療	前立腺がんの治療に用いられるのはどれか。１つ選べ。	"[""ナフトピジル"",""ダナゾール"",""デガレリクス"",""レトロゾール"",""タダラフィル""]"	singleChoice	2	null	normal	false	parsed	"[""none""]"		https://www.mhlw.go.jp/content/001677927.pdf	https://www.mhlw.go.jp/content/001677933.pdf	2026-02-22	MHLW website content under Public Data License 1.0 unless separately indicated; third-party content requires separate review
P111-068	111	68	必須	病態・薬物治療	血管拡張作用、利尿作用等により急性心不全の症状を改善する組換え体医薬品 はどれか。１つ選べ。	"[""インターフェロン ベータ"",""カルペリチド"",""コルホルシンダロパート"",""トルバプタン"",""フォンダパリヌクス""]"	singleChoice	1	null	normal	false	parsed	"[""none""]"		https://www.mhlw.go.jp/content/001677927.pdf	https://www.mhlw.go.jp/content/001677933.pdf	2026-02-22	MHLW website content under Public Data License 1.0 unless separately indicated; third-party content requires separate review
P111-069	111	69	必須	病態・薬物治療	症例対照研究で算出することができる統計値はどれか。１つ選べ。	"[""絶対リスク減少率"",""オッズ比"",""発症割合"",""寄与危険度"",""相対リスク""]"	singleChoice	1	null	normal	false	parsed	"[""none""]"		https://www.mhlw.go.jp/content/001677927.pdf	https://www.mhlw.go.jp/content/001677933.pdf	2026-02-22	MHLW website content under Public Data License 1.0 unless separately indicated; third-party content requires separate review
P111-070	111	70	必須	病態・薬物治療	ペムブロリズマブを投与する際に、コンパニオン診断薬によって検査する遺伝 子変異あるいはタンパク質として正しいのはどれか。１つ選べ。	"[""遺伝子変異"",""遺伝子変異"",""遺伝子変異"",""HER2 タンパク質"",""PD‑L1 タンパク質 必須問題 【法規・制度・倫理】""]"	singleChoice	4	null	normal	false	parsed	"[""none""]"		https://www.mhlw.go.jp/content/001677927.pdf	https://www.mhlw.go.jp/content/001677933.pdf	2026-02-22	MHLW website content under Public Data License 1.0 unless separately indicated; third-party content requires separate review
P111-071	111	71	必須	法規・制度・倫理	医薬品医療機器等法で薬剤師でなければならないとされているのはどれか。 １つ選べ。	"[""薬局の管理者"",""薬局の開設者"",""医薬品製造販売業者の安全管理責任者"",""医薬品製造販売業者の品質保証責任者"",""医薬品製造販売業者の医薬情報担当者""]"	singleChoice	0	null	normal	false	parsed	"[""none""]"		https://www.mhlw.go.jp/content/001677927.pdf	https://www.mhlw.go.jp/content/001677933.pdf	2026-02-22	MHLW website content under Public Data License 1.0 unless separately indicated; third-party content requires separate review
P111-072	111	72	必須	法規・制度・倫理	以下は薬剤師綱領（昭和 48 年 10 月制定）の文章である。 に入る語句 として正しいのはどれか。１つ選べ。 「薬剤師は国から付託された資格に基づき、医薬品の製造、調剤、供給において、 その固有の任務を遂行することにより、 に資することを本領とする。」	"[""薬局数の増加"",""医薬品生産の拡大"",""医療費の抑制"",""医療水準の向上"",""薬剤師中心の医療の推進""]"	singleChoice	3	null	normal	false	parsed	"[""none""]"		https://www.mhlw.go.jp/content/001677927.pdf	https://www.mhlw.go.jp/content/001677933.pdf	2026-02-22	MHLW website content under Public Data License 1.0 unless separately indicated; third-party content requires separate review
P111-073	111	73	必須	法規・制度・倫理	亜急性脊髄視神経症（subacute myelo-optico-neuropathy）を生じて、薬害の原 因となった医薬品はどれか。１つ選べ。	"[""サリドマイド"",""クロロキン"",""キノホルム"",""ソリブジン"",""ペニシリン""]"	singleChoice	2	null	normal	false	parsed	"[""none""]"		https://www.mhlw.go.jp/content/001677927.pdf	https://www.mhlw.go.jp/content/001677933.pdf	2026-02-22	MHLW website content under Public Data License 1.0 unless separately indicated; third-party content requires separate review
P111-074	111	74	必須	法規・制度・倫理	以下は医療法の条文である。 に入る語句として正しいのはどれか。 １つ選べ。 医療法第 1 条の 4 第 2 項 「医師、歯科医師、薬剤師、看護師その他の医療の担い手は、医療を提供するに当 たり、適切な説明を行い、医療を受ける者の よう努めなければならない。」	"[""理解を得る"",""意見に従う"",""意識を高める"",""負担を少なくする"",""不安を軽減する""]"	singleChoice	0	null	normal	false	parsed	"[""none""]"		https://www.mhlw.go.jp/content/001677927.pdf	https://www.mhlw.go.jp/content/001677933.pdf	2026-02-22	MHLW website content under Public Data License 1.0 unless separately indicated; third-party content requires separate review
P111-075	111	75	必須	法規・制度・倫理	日本薬局方の医薬品各条の中に記載されている項目はどれか。１つ選べ。	"[""用法・用量"",""効能・効果"",""副作用"",""性状"",""相互作用""]"	singleChoice	3	null	normal	false	parsed	"[""none""]"		https://www.mhlw.go.jp/content/001677927.pdf	https://www.mhlw.go.jp/content/001677933.pdf	2026-02-22	MHLW website content under Public Data License 1.0 unless separately indicated; third-party content requires separate review
P111-076	111	76	必須	法規・制度・倫理	医療機関において特定生物由来製品を患者に投与した際に、特定生物由来製品 取扱医療関係者による記録が必要な項目に該当しないのはどれか。１つ選べ。	"[""患者の氏名"",""製品の名称"",""製品の製造番号又は製造記号"",""投与した年月日"",""製品を購入した卸売販売業者の名称""]"	singleChoice	4	null	normal	false	parsed	"[""none""]"		https://www.mhlw.go.jp/content/001677927.pdf	https://www.mhlw.go.jp/content/001677933.pdf	2026-02-22	MHLW website content under Public Data License 1.0 unless separately indicated; third-party content requires separate review
P111-077	111	77	必須	法規・制度・倫理	麻薬及び向精神薬取締法で規制される第一種向精神薬はどれか。１つ選べ。	"[""フェンタニル"",""ジアゼパム"",""セレギリン"",""メタンフェタミン"",""メチルフェニデート""]"	singleChoice	4	null	normal	false	parsed	"[""none""]"		https://www.mhlw.go.jp/content/001677927.pdf	https://www.mhlw.go.jp/content/001677933.pdf	2026-02-22	MHLW website content under Public Data License 1.0 unless separately indicated; third-party content requires separate review
P111-078	111	78	必須	法規・制度・倫理	図は、医薬品供給の流れの一例を示している。薬価改定の基礎資料である市場 実勢価格を調べるための調査の対象となる主たる取引はどれか。１つ選べ。	"[""Ａ"",""Ｂ"",""Ｃ"",""Ｄ"",""Ｅ""]"	singleChoice	2	null	normal	false	parsed	"[""none""]"		https://www.mhlw.go.jp/content/001677927.pdf	https://www.mhlw.go.jp/content/001677933.pdf	2026-02-22	MHLW website content under Public Data License 1.0 unless separately indicated; third-party content requires separate review
P111-079	111	79	必須	法規・制度・倫理	表は、財源別国民医療費の構成割合を示している。近年（2018〜2021年度）の Ａに最も近いのはどれか。１つ選べ。	"[""5％ 財源 構成割合"",""10％ 総数 100％"",""40％ 公費 Ａ"",""70％ 保険料 Ｂ"",""90％ その他（患者負担等） Ｃ""]"	singleChoice	2	null	normal	false	parsed	"[""none""]"		https://www.mhlw.go.jp/content/001677927.pdf	https://www.mhlw.go.jp/content/001677933.pdf	2026-02-22	MHLW website content under Public Data License 1.0 unless separately indicated; third-party content requires separate review
P111-080	111	80	必須	法規・制度・倫理	医療コミュニケーションにおいて求められる「互いに信頼感で結ばれている関 係」を示す言葉はどれか。１つ選べ。	"[""レディネス"",""ラポール"",""エンパワメント"",""ナラティブ"",""コンプライアンス 必須問題 【実務】""]"	singleChoice	1	null	normal	false	parsed	"[""none""]"		https://www.mhlw.go.jp/content/001677927.pdf	https://www.mhlw.go.jp/content/001677933.pdf	2026-02-22	MHLW website content under Public Data License 1.0 unless separately indicated; third-party content requires separate review
P111-081	111	81	必須	実務	安全キャビネット内での調製が最も推奨されるのはどれか。１つ選べ。	"[""ファモチジン注射液"",""パクリタキセル注射液"",""ノルアドレナリン注射液"",""フェンタニルクエン酸塩注射液"",""注射用ドリペネム""]"	singleChoice	1	null	normal	false	parsed	"[""none""]"		https://www.mhlw.go.jp/content/001677927.pdf	https://www.mhlw.go.jp/content/001677933.pdf	2026-02-22	MHLW website content under Public Data License 1.0 unless separately indicated; third-party content requires separate review
P111-082	111	82	必須	実務	世界アンチ・ドーピング規程において、禁止されている成分はどれか。１つ選 べ。	"[""カフェイン"",""ストリキニーネ"",""サリチルアミド"",""デキストロメトルファン臭化水素酸塩水和物"",""グアイフェネシン""]"	singleChoice	1	null	normal	false	parsed	"[""none""]"		https://www.mhlw.go.jp/content/001677927.pdf	https://www.mhlw.go.jp/content/001677933.pdf	2026-02-22	MHLW website content under Public Data License 1.0 unless separately indicated; third-party content requires separate review
P111-083	111	83	必須	実務	医療安全の観点から、一般病棟や外来処置室での常備を避けることが望ましい 薬剤はどれか。１つ選べ。	"[""リドカイン塩酸塩静脈内注射用 2 ％"",""アドレナリン注射液 0.1％"",""‑クロルフェニラミンマレイン酸塩注射液 0.5％"",""L‑アスパラギン酸カリウム注射液 10 mEq/10 mL"",""アトロピン硫酸塩注射液 0.05％""]"	singleChoice	3	null	normal	false	parsed	"[""none""]"		https://www.mhlw.go.jp/content/001677927.pdf	https://www.mhlw.go.jp/content/001677933.pdf	2026-02-22	MHLW website content under Public Data License 1.0 unless separately indicated; third-party content requires separate review
P111-084	111	84	必須	実務	注意事項等情報（添付文書）上、手術前後の患者に対して禁忌なのはどれか。 １つ選べ。	"[""アミオダロン"",""ダパグリフロジン"",""ニフェジピン"",""バルプロ酸"",""レボチロキシン""]"	singleChoice	1	null	normal	false	parsed	"[""none""]"		https://www.mhlw.go.jp/content/001677927.pdf	https://www.mhlw.go.jp/content/001677933.pdf	2026-02-22	MHLW website content under Public Data License 1.0 unless separately indicated; third-party content requires separate review
P111-085	111	85	必須	実務	人生の最終段階の医療・ケアについて、健康状態が良好なうちから、本人が家 族や医療・ケアチームと繰り返し話し合い、共有する取組みを意味するのはどれ か。１つ選べ。	"[""グリーフケア"",""リビング・ウィル"",""インフォームド・コンセント"",""ファーマシューティカルケア"",""アドバンス・ケア・プランニング""]"	singleChoice	4	null	normal	false	parsed	"[""none""]"		https://www.mhlw.go.jp/content/001677927.pdf	https://www.mhlw.go.jp/content/001677933.pdf	2026-02-22	MHLW website content under Public Data License 1.0 unless separately indicated; third-party content requires separate review
P111-086	111	86	必須	実務	成人に対する胸骨圧迫において、最も適切な圧迫部位はどれか。１つ選べ。	"[""①"",""②"",""③"",""④"",""⑤""]"	singleChoice	1	null	normal	false	parsed	"[""none""]"		https://www.mhlw.go.jp/content/001677927.pdf	https://www.mhlw.go.jp/content/001677933.pdf	2026-02-22	MHLW website content under Public Data License 1.0 unless separately indicated; third-party content requires separate review
P111-087	111	87	必須	実務	最初に広域スペクトラムを有する抗菌薬を投与し、血液培養検査と薬剤感受性 試験の結果を確認後、より狭いスペクトラムの抗菌薬に変更する治療プロセスはど れか。１つ選べ。	"[""エンピリック"",""ディフィニティブ"",""デ・エスカレーション"",""デブリードマン"",""テーパリング""]"	singleChoice	2	null	normal	false	parsed	"[""none""]"		https://www.mhlw.go.jp/content/001677927.pdf	https://www.mhlw.go.jp/content/001677933.pdf	2026-02-22	MHLW website content under Public Data License 1.0 unless separately indicated; third-party content requires separate review
P111-088	111	88	必須	実務	服薬指導時に、頻繁に薬がのどに引っかかることを患者から聴取した。嚥下機 能の評価のために、薬剤師が連携すべき職種として最も適しているのはどれか。 １つ選べ。	"[""言語聴覚士"",""歯科技工士"",""臨床工学技士"",""ソーシャルワーカー"",""管理栄養士""]"	singleChoice	0	null	normal	false	parsed	"[""none""]"		https://www.mhlw.go.jp/content/001677927.pdf	https://www.mhlw.go.jp/content/001677933.pdf	2026-02-22	MHLW website content under Public Data License 1.0 unless separately indicated; third-party content requires separate review
P111-089	111	89	必須	実務	クリニカルパスにおけるバリアンスはどれか。１つ選べ。	"[""治療計画からの治療方針の逸脱"",""投与計画の不備"",""アウトカムが達成されない状態"",""薬剤師による薬物治療への介入"",""患者からのクレーム""]"	singleChoice	2	null	normal	false	parsed	"[""none""]"		https://www.mhlw.go.jp/content/001677927.pdf	https://www.mhlw.go.jp/content/001677933.pdf	2026-02-22	MHLW website content under Public Data License 1.0 unless separately indicated; third-party content requires separate review
P111-090	111	90	必須	実務	医薬品について、緊急に安全対策上の措置をとる必要があると判断された場合、 厚生労働省からの指示に基づき、製造販売業者が作成するのはどれか。１つ選べ。	"[""医薬品リスク管理計画"",""緊急安全性情報"",""医薬品安全対策情報"",""医薬品・医療機器等安全性情報"",""医療用医薬品最新品質情報集""]"	singleChoice	1	null	normal	false	parsed	"[""none""]"		https://www.mhlw.go.jp/content/001677927.pdf	https://www.mhlw.go.jp/content/001677933.pdf	2026-02-22	MHLW website content under Public Data License 1.0 unless separately indicated; third-party content requires separate review
P111-091	111	91	理論	物理	ファンデルワールスの状態方程式（ 1 ）は、理想気体の状態方程式を実在気体 について補正した式の 1 つである。理想気体とファンデルワールスの状態方程式に 関する記述として正しいのはどれか。２つ選べ。   ＋ 2 （ − ）＝ （1） ：圧力、 ：体積、 ：物質量（mol）、 ：気体定数、 ：絶対温度	"[""理想気体では、気体分子間の相互作用の大きさを正の一定の値と仮定している。"",""は気体分子の衝突頻度を表す。"",""は気体分子 1 mol がもつ排除体積を表す。  "",""＋ 2 は、気体分子間の相互作用を考慮して補正した圧力である。"",""（ − ）は、気体分子間の相互作用を考慮して補正した体積である。""]"	multiChoice	[2,3]	null	normal	false	parsed	"[""none""]"		https://www.mhlw.go.jp/content/001677928.pdf	https://www.mhlw.go.jp/content/001677933.pdf	2026-02-22	MHLW website content under Public Data License 1.0 unless separately indicated; third-party content requires separate review
P111-092	111	92	理論	物理	平衡状態にある次の化学反応に関する記述として、正しいのはどれか。２つ選 べ。 ただし、Δf ˚ は標準生成エンタルピー、 （ ）は気体状態、 （ ）は固体状態を表す。 NH（ 3 ）＋ HCl（ ） ⇄ NH4Cl（ ） Δf ˚ ＝ −176.2 kJ/mol	"[""この反応はエントロピー駆動の反応である。"",""縦軸に平衡定数の対数を、横軸に絶対温度をとると右上がりの直線となる。"",""圧力を上げると平衡は右に傾く。"",""温度を上げると平衡は右に傾く。"",""アンモニアを加えると平衡は右に傾く。""]"	singleChoice	null	null	excluded	false	parsed	"[""wording""]"		https://www.mhlw.go.jp/content/001677928.pdf	https://www.mhlw.go.jp/content/001677933.pdf	2026-02-22	MHLW website content under Public Data License 1.0 unless separately indicated; third-party content requires separate review
P111-093	111	93	理論	物理	薬物Ａが初期濃度 A0、速度定数 で、 0 次反応、 1 次反応、 2 次反応のいずれ かに従って分解するとする。これらの過程に関する記述として正しいのはどれか。 ２つ選べ。	"[""0 次反応では、半減期は A0 によらず一定である。"",""1 次反応では、Ａの濃度は時間に比例して減少する。"",""1 次反応では、半減期が A0 に比例する。"",""2 次反応では、半減期が A0 に反比例する。"",""反応次数によらず、半減期は に反比例する。""]"	multiChoice	[3,4]	null	normal	false	parsed	"[""none""]"		https://www.mhlw.go.jp/content/001677928.pdf	https://www.mhlw.go.jp/content/001677933.pdf	2026-02-22	MHLW website content under Public Data License 1.0 unless separately indicated; third-party content requires separate review
P111-094	111	94	理論	物理	電解質のモル伝導率に関する記述として、正しいのはどれか。２つ選べ。	"[""モル伝導率は、電気伝導率をモル濃度（mol/m3）で割ったものである。"",""NaCl のモル伝導率は、NaOH のモル伝導率よりも大きい。"",""モル伝導率を濃度の平方根に対してプロットし、濃度ゼロへ外挿したときの切 片の値は極限モル伝導率を表す。"",""モル伝導率を濃度の平方根に対してプロットしたとき、希薄溶液では直線関係 が成立する法則をデバイ・ヒュッケルの極限則という。"",""H＋ の極限モル伝導率が K＋ より大きいのは、H＋ のイオン半径が K＋ のイオン半 径より小さいことによるものである。""]"	multiChoice	[0,2]	null	normal	false	parsed	"[""none""]"		https://www.mhlw.go.jp/content/001677928.pdf	https://www.mhlw.go.jp/content/001677933.pdf	2026-02-22	MHLW website content under Public Data License 1.0 unless separately indicated; third-party content requires separate review
P111-097	111	97	理論	物理	前問の定量法において、本品 1.5000 g を量り、0.5 mol/L 硫酸（ ＝ 1.000）で 滴定したところ、 ＝ 0.25 mL であった。本品中の不純物である炭酸ナトリウム の含量として最も近いのはどれか。１つ選べ。	"[""0.9％"",""1.8％"",""2.5％"",""3.6％"",""5.0％""]"	singleChoice	1	null	normal	false	parsed	"[""none""]"		https://www.mhlw.go.jp/content/001677928.pdf	https://www.mhlw.go.jp/content/001677933.pdf	2026-02-22	MHLW website content under Public Data License 1.0 unless separately indicated; third-party content requires separate review
P111-098	111	98	理論	物理	1 mol の金属イオン M と mol の配位子 L は次のように反応して錯体 ML を 生成する。最終反応生成物の ML は L と反応しないものとし、また、 は逐次安 定度定数を表すものとすると、この錯体生成反応に関する記述として、正しいのは どれか。２つ選べ。ただし、M、L 及び ML のモル濃度はそれぞれ［M］、［L］及び ［ML］と表すものとする。 M ＋ L ⇄ ML ML ＋ L ⇄ ML2 ⁝ ML −1 ＋ L ⇄ ML	"[""M と L との間で形成される配位結合は、共有結合の一種である。 ［M］ ［L］"",""は、 ＝ によって表される。 ［ML］"",""全安定度定数 β は、β ＝ 1 ＋ 2 ＋…＋ によって表される。"",""M はルイス塩基、L はルイス酸である。"",""最終反応生成物の ML は、L が単座配位子であるより、多座配位子である方 が錯体としての安定度が高い。""]"	multiChoice	[0,4]	null	normal	false	parsed	"[""none""]"		https://www.mhlw.go.jp/content/001677928.pdf	https://www.mhlw.go.jp/content/001677933.pdf	2026-02-22	MHLW website content under Public Data License 1.0 unless separately indicated; third-party content requires separate review
P111-105	111	105	理論	化学	シスプラチンに関する記述として、正しいのはどれか。２つ選べ。	"[""4 つの配位子は、四面体の頂点の方向に配置している。"",""シスプラチンの異性体であるＡは、シスプラチンよりも強い抗がん作用を示す。"",""2 種類の配位子のうち、アンモニアが解離して抗がん作用を示す活性錯体とな る。"",""配位子が解離しやすいのは、血中よりも細胞内である。"",""活性錯体は、主にアの窒素に結合して抗がん作用を示す。""]"	multiChoice	[3,4]	null	normal	false	parsed	"[""none""]"		https://www.mhlw.go.jp/content/001677928.pdf	https://www.mhlw.go.jp/content/001677933.pdf	2026-02-22	MHLW website content under Public Data License 1.0 unless separately indicated; third-party content requires separate review
P111-107	111	107	理論	化学	AST はアミノ基転移反応を触媒する酵素である。活性中心のリシン残基側鎖 アミノ基は、補酵素ピリドキサール 5′‑リン酸（P5P）の 4 位のアルデヒド基と共 有結合し、P5P‑AST 複合体（ア）を形成する。 以下の図は、アによるアミノ酸Ａから α‑ケト酸Ｆへの反応を示す。各反応の説 明として正しいのはどれか。２つ選べ。	"[""アからＢへの反応は、付加脱離反応である。"",""ＣからＤへの反応で、リシン残基側鎖のイの部分は塩基として作用する。"",""Ｆが生成する反応において、Ｘは過酸化水素である。"",""Ａが L‑アスパラギン酸の場合、生成するＦはオキサロ酢酸である。"",""Ｅは、以下に示すピリドキシン 5′‑リン酸である。""]"	multiChoice	[0,3]	null	normal	false	parsed	"[""none""]"		https://www.mhlw.go.jp/content/001677928.pdf	https://www.mhlw.go.jp/content/001677933.pdf	2026-02-22	MHLW website content under Public Data License 1.0 unless separately indicated; third-party content requires separate review
P111-109	111	109	理論	化学	「黄連解毒湯エキス」は日本薬局方において、以下に示す化合物Ａ〜Ｃの含量 が規定されている。これらの化合物に関する記述として、正しいのはどれか。２つ 選べ。なお、黄連解毒湯の構成生薬は、オウレン、オウゴン、オウバク、サンシシ である。	"[""化合物Ａのアグリコンは、イソフラボン骨格を有している。"",""化合物Ｂのアグリコンは、イソプレノイド経路で生合成される。"",""化合物Ｃは、腸間膜静脈硬化症の原因物質と考えられている。"",""化合物Ａと化合物Ｂは、いずれも根を利用部位とした生薬の主要成分である。"",""化合物Ｃを主要成分とする生薬は、黄連解毒湯に 2 種類配合されている。""]"	multiChoice	[1,4]	null	normal	false	parsed	"[""none""]"		https://www.mhlw.go.jp/content/001677928.pdf	https://www.mhlw.go.jp/content/001677933.pdf	2026-02-22	MHLW website content under Public Data License 1.0 unless separately indicated; third-party content requires separate review
P111-111	111	111	理論	生物	肝機能に関する記述として、正しいのはどれか。２つ選べ。	"[""アンモニアから尿素を合成する。"",""脂肪酸からコール酸とケノデオキシコール酸を合成する。"",""3‑ヒドロキシ‑3‑メチルグルタリル CoA（HMG‑CoA）還元酵素の作用により コレステロールを合成する。"",""グリコーゲンの β 酸化によりグルコースを産生する。"",""キロミクロンを合成して血中に分泌する。""]"	multiChoice	[0,2]	null	normal	false	parsed	"[""none""]"		https://www.mhlw.go.jp/content/001677928.pdf	https://www.mhlw.go.jp/content/001677933.pdf	2026-02-22	MHLW website content under Public Data License 1.0 unless separately indicated; third-party content requires separate review
P111-112	111	112	理論	生物	血圧に影響を及ぼす生理活性物質に関する記述として、正しいのはどれか。 ２つ選べ。	"[""レニンは、傍糸球体細胞から分泌される。"",""アンジオテンシノーゲンは、肺胞上皮細胞から分泌される。"",""アルドステロンは、毛細血管における K＋ の再吸収を促進する。"",""バソプレシンは、尿細管及び集合管における水の再吸収を促進する。"",""ナトリウム利尿ペプチドは、尿細管及び集合管における Na＋ の再吸収を促進す る。""]"	multiChoice	[0,3]	null	normal	false	parsed	"[""none""]"		https://www.mhlw.go.jp/content/001677928.pdf	https://www.mhlw.go.jp/content/001677933.pdf	2026-02-22	MHLW website content under Public Data License 1.0 unless separately indicated; third-party content requires separate review
P111-113	111	113	理論	生物	血糖値を変動させるホルモンの「名称 ― 産生器官 ― 血糖値の変動」の組合 せとして、正しいのはどれか。２つ選べ。 名称 産生器官 血糖値の変動	"[""アドレナリン 副腎 上昇"",""インクレチン 膵臓 上昇"",""インスリン 膵臓 低下"",""グルカゴン 副腎 上昇"",""コルチゾール 副腎 低下""]"	multiChoice	[0,2]	null	normal	false	parsed	"[""none""]"		https://www.mhlw.go.jp/content/001677928.pdf	https://www.mhlw.go.jp/content/001677933.pdf	2026-02-22	MHLW website content under Public Data License 1.0 unless separately indicated; third-party content requires separate review
P111-114	111	114	理論	生物	抗原Ｘに結合する単クローン由来のヒト免疫グロブリン（IgG1）は、 2 本の重 鎖（H 鎖）と 2 本の軽鎖（L 鎖）からなり、図 1 に示すように、 2 本の重鎖間と重 鎖・軽鎖間に 4 つのジスルフィド結合を含み、分子量がほぼ同じ 12 個の構造単位 で構成される。また、IgG1 全体の分子量は約 150 kDa である。 この IgG1 分子を界面活性剤であるドデシル硫酸ナトリウムの存在下で熱変性さ せ、ポリアクリルアミドゲル電気泳動を行い、タンパク質に結合する色素（クマ シーブリリアントブルー）で染色した。ジスルフィド結合を還元する 2‑メルカプ トエタノールを加えて熱変性を行った場合と、加えないで熱変性を行った場合で は、図 2 に示すように、泳動結果に違いがあった。ただし、バンド 2 とバンド 3 に 含まれる分子数の比は 1：1 であった。 以下の記述のうち、正しいのはどれか。２つ選べ。	"[""2‑メルカプトエタノールを加えて熱変性を行ったのは、実験 2 である。"",""バンド 1 から抽出したタンパク質は、電気泳動前の IgG1 よりも強く抗原Ｘに 結合することができる。"",""バンド 2 、バンド 3 の分子量は、それぞれ 100 kDa、50 kDa と見積もられる。"",""バンド 3 のタンパク質は、熱変性によって切断された重鎖の断片である。"",""バンド 2 とバンド 3 のタンパク質は、いずれも抗原結合部位を含む。""]"	multiChoice	[0,4]	null	normal	false	parsed	"[""none""]"		https://www.mhlw.go.jp/content/001677928.pdf	https://www.mhlw.go.jp/content/001677933.pdf	2026-02-22	MHLW website content under Public Data License 1.0 unless separately indicated; third-party content requires separate review
P111-116	111	116	理論	生物	炎症性サイトカイン及び化学伝達物質に関する記述として、正しいのはどれ か。２つ選べ。	"[""ブラジキニンは、肝臓に作用して CRP の産生を減少させる。"",""IL‑1 は、細菌感染時に活性化マクロファージで産生される。"",""TNF‑α は、血管内皮細胞に作用して接着分子の発現を誘導し、好中球を炎症 部位へ動員する。"",""ヒスタミンは、補体活性化過程で産生されるアナフィラトキシンである。"",""ケモカインは、アラキドン酸からシクロオキシゲナーゼ経路を経由して産生さ れる。""]"	multiChoice	[1,2]	null	normal	false	parsed	"[""none""]"		https://www.mhlw.go.jp/content/001677928.pdf	https://www.mhlw.go.jp/content/001677933.pdf	2026-02-22	MHLW website content under Public Data License 1.0 unless separately indicated; third-party content requires separate review
P111-117	111	117	理論	生物	病原細菌の性質に関する記述として、正しいのはどれか。２つ選べ。	"[""黄色ブドウ球菌は、食塩耐性を有しており、マンニット（マンニトール）食塩 寒天培地で増殖できる。"",""肺炎球菌（肺炎レンサ球菌）の莢膜は、病原因子であり、貪食細胞に対する抵 抗性に寄与している。"",""ディフィシル菌は、芽胞形成能を持たず、食中毒の原因になりやすい。"",""破傷風菌は、破傷風毒素を産生し、弛緩性麻痺を引き起こす。"",""ボツリヌス菌は、ボツリヌス毒素を産生し、強直性痙れんを引き起こす。""]"	multiChoice	[0,1]	null	normal	false	parsed	"[""none""]"		https://www.mhlw.go.jp/content/001677928.pdf	https://www.mhlw.go.jp/content/001677933.pdf	2026-02-22	MHLW website content under Public Data License 1.0 unless separately indicated; third-party content requires separate review
P111-118	111	118	理論	生物	リボソーム RNA（rRNA）、トランスファー RNA（tRNA）及びメッセンジャー RNA（mRNA）に関する記述として、正しいのはどれか。２つ選べ。	"[""rRNA は、原核細胞と真核細胞の間で長さと配列が全く同じである。"",""rRNA の中には、ペプチド転移反応を触媒するものがある。"",""tRNA は、rRNA や mRNA に比べると塩基長が短い。"",""mRNA の 3' 末端には、キャップ構造が付加されている。"",""mRNA は、構成塩基としてチミンを含む。""]"	multiChoice	[1,2]	null	normal	false	parsed	"[""none""]"		https://www.mhlw.go.jp/content/001677928.pdf	https://www.mhlw.go.jp/content/001677933.pdf	2026-02-22	MHLW website content under Public Data License 1.0 unless separately indicated; third-party content requires separate review
P111-119	111	119	理論	生物	遺伝子改変マウスに関する記述として、正しいのはどれか。２つ選べ。	"[""体外受精によって作製したマウスを、クローンマウスとよぶ。"",""マウス以外の異種の遺伝子を特定の組織に限って発現する、外来遺伝子導入マ ウス（トランスジェニックマウス）を作製することができる。"",""トランスジェニックマウスでは、外来遺伝子は細胞質に保持されている。"",""遺伝子欠損マウス（ノックアウトマウス）は、標的遺伝子に対する低分子干 渉 RNA（siRNA）を発現させることで作製できる。"",""ゲノム編集技術を利用してノックアウトマウスを作製することができる。""]"	multiChoice	[1,4]	null	normal	false	parsed	"[""none""]"		https://www.mhlw.go.jp/content/001677928.pdf	https://www.mhlw.go.jp/content/001677933.pdf	2026-02-22	MHLW website content under Public Data License 1.0 unless separately indicated; third-party content requires separate review
P111-121	111	121	理論	衛生	人口ピラミッド及びその変遷に関する記述として、正しいのはどれか。２つ選 べ。	"[""ピラミッド型は、出生率が高く、人口増加が著しい場合にみられる。"",""ピラミッド型は、年少人口の年齢層が流出して生じる都市型である。"",""つぼ型は、つりがね型に比べ出生率がさらに低下した場合にみられる。"",""第二次世界大戦前、我が国の人口ピラミッドは、つぼ型であった。"",""現在、我が国の人口ピラミッドは、ひょうたん型である。""]"	multiChoice	[0,2]	null	normal	false	parsed	"[""none""]"		https://www.mhlw.go.jp/content/001677928.pdf	https://www.mhlw.go.jp/content/001677933.pdf	2026-02-22	MHLW website content under Public Data License 1.0 unless separately indicated; third-party content requires separate review
P111-122	111	122	理論	衛生	図は、我が国における男女の部位別にみた悪性新生物の年齢調整死亡率（基準 は平成 27（2015）年モデル人口）の年次推移を表したものである。Ａ〜Ｆは、膵 臓、大腸（結腸、直腸 S 状結腸移行部及び直腸）、肺（気管及び気管支を含む）、 前立腺、乳房又は子宮のいずれかの悪性新生物に対応する。これらの悪性新生物に 関する記述として、正しいのはどれか。２つ選べ。	"[""Ａの年齢調整死亡率が 1990 年頃まで増加していた主な理由として、運動不足 が考えられる。"",""Ｂ並びにＥの年齢調整死亡率が増加した主な理由として、食事内容の欧米化が 考えられる。"",""Ｃは膵臓がんであり、リスク要因として糖尿病が挙げられる。"",""Ｄは前立腺がんであり、リスク要因として食物繊維の過剰摂取が挙げられる。"",""Ｆの年齢調整死亡率が 2005 年頃まで低下していた主な理由として、ワクチン の定期接種が考えられる。""]"	multiChoice	[1,2]	null	normal	false	parsed	"[""none""]"		https://www.mhlw.go.jp/content/001677928.pdf	https://www.mhlw.go.jp/content/001677933.pdf	2026-02-22	MHLW website content under Public Data License 1.0 unless separately indicated; third-party content requires separate review
P111-123	111	123	理論	衛生	我が国の健康増進対策に関する記述として、正しいのはどれか。２つ選べ。	"[""スマート・ライフ・プロジェクトは、「適度な運動」、「適切な食生活」、「禁 煙」、「健診・検診の受診」を基本テーマとした国民運動である。"",""国民健康・栄養調査は、健康増進法に基づいて 5 年ごとに実施されている。"",""日本人の食事摂取基準は、国民の栄養摂取の改善に向け、食育基本法に基づい て定められている。"",""特定健康診査・特定保健指導は、生活習慣病の予防を目的として 30〜64 歳を 対象に実施されている。"",""がんの実態把握を目的として、がん登録等の推進に関する法律に基づいて全国 がん登録が実施されている。""]"	multiChoice	[0,4]	null	normal	false	parsed	"[""none""]"		https://www.mhlw.go.jp/content/001677928.pdf	https://www.mhlw.go.jp/content/001677933.pdf	2026-02-22	MHLW website content under Public Data License 1.0 unless separately indicated; third-party content requires separate review
P111-124	111	124	理論	衛生	図は、我が国のリスク要因別の関連死亡者数（2019 年）の上位 1 位から 5 位を 示したものである。各リスク要因Ａ〜Ｅと、それに起因する疾患の予防対策に関す る記述として正しいのはどれか。２つ選べ。	"[""Ａは運動不足であり、疾患の予防には身体活動の習慣化が有効である。"",""Ｂは喫煙であり、疾患の予防には禁煙及び受動喫煙の防止が有効である。"",""Ｃは高血糖であり、疾患の予防には総エネルギー摂取量の適正化と身体活動の 習慣化が有効である。"",""Ｄは高血圧であり、疾患の予防には塩分の過剰摂取を控えることが有効である。"",""Ｅはアルコール摂取であり、疾患の予防には節酒・断酒が有効である。""]"	multiChoice	[1,2]	null	normal	false	parsed	"[""none""]"		https://www.mhlw.go.jp/content/001677928.pdf	https://www.mhlw.go.jp/content/001677933.pdf	2026-02-22	MHLW website content under Public Data License 1.0 unless separately indicated; third-party content requires separate review
P111-125	111	125	理論	衛生	労働衛生管理における健康管理に該当するのはどれか。２つ選べ。	"[""呼吸用保護具を着用させる。"",""ストレスチェックを実施する。"",""有害物質に対する曝露時間を短縮する。"",""有害な原材料を無害なものへと変更する。"",""特殊健康診断を実施する。""]"	multiChoice	[1,4]	null	normal	false	parsed	"[""none""]"		https://www.mhlw.go.jp/content/001677928.pdf	https://www.mhlw.go.jp/content/001677933.pdf	2026-02-22	MHLW website content under Public Data License 1.0 unless separately indicated; third-party content requires separate review
P111-126	111	126	理論	衛生	図は、健常人が絶食後に同じ重量の食品Ａ又はＢを摂取した後の血糖値と、食 品Ａを摂取した後の血中インスリン濃度について考えられる経時変化を示したもの である。食品Ａ又はＢは、精白米又は玄米のいずれかである。以下の記述のうち、 正しいのはどれか。２つ選べ。	"[""食品Ａよりも、食品Ｂの方がグリセミックインデックス（GI）値が低い。"",""食品Ａよりも、食品Ｂの方が糖尿病の発症リスクを高める作用がある。"",""食品Ａを摂取してから 30 分経過した時点では、摂取前よりもインスリンの分 泌量が増加し、グリコーゲンの分解が促進されている。"",""食品Ａを摂取してから 60 分経過した時点では、インスリン依存的に活性化さ れたナトリウム‑グルコース共輸送体 1（SGLT1）により筋肉にグルコースが取 り込まれている。"",""難消化性デキストリンを食品Ａと同時に摂取すると、食品Ａ摂取後の血糖値の 最大値が低くなる。""]"	multiChoice	[0,4]	null	normal	false	parsed	"[""none""]"		https://www.mhlw.go.jp/content/001677928.pdf	https://www.mhlw.go.jp/content/001677933.pdf	2026-02-22	MHLW website content under Public Data License 1.0 unless separately indicated; third-party content requires separate review
P111-127	111	127	理論	衛生	食品成分に関する記述として、正しいのはどれか。２つ選べ。	"[""β‑カロテンは、ニンジンなどの緑黄色野菜に含まれており、生体内でビタミンA に変換される。"",""アントシアニンは、ブドウの果皮などに含まれており、メラニンの生合成を促 進する作用がある。"",""クロロゲン酸は、コーヒーに含まれる苦味成分であり、脂肪の燃焼を促進する 作用がある。"",""ラクトトリペプチドは、アンジオテンシン変換酵素を活性化し、血圧を上昇さ せる作用がある。"",""グルコサミンは、膵リパーゼを阻害し、血中の中性脂肪値を低下させる作用が ある。""]"	multiChoice	[0,2]	null	normal	false	parsed	"[""none""]"		https://www.mhlw.go.jp/content/001677928.pdf	https://www.mhlw.go.jp/content/001677933.pdf	2026-02-22	MHLW website content under Public Data License 1.0 unless separately indicated; third-party content requires separate review
P111-128	111	128	理論	衛生	食品の変質による分解生成物に関する記述として、正しいのはどれか。２つ選 べ。	"[""サバやイワシはヒスチジン含有量が多いため、腐敗によってアレルギー様食中 毒を起こしやすい。"",""トリメチルアミンは、主に魚介類の腐敗物質で、トリメチルアミンオキシドか ら腐敗菌の酵素により酸化されて生成する。"",""チーズなどに含まれるチラミンは血圧上昇作用があり、リシンから生成する。"",""スカトールは、トリプトファンの脱アミノ反応及び脱炭酸反応により生成する。"",""硫化水素及びエチルメルカプタンは、悪臭の原因となり、アルギニンから生成 する。""]"	multiChoice	[0,3]	null	normal	false	parsed	"[""none""]"		https://www.mhlw.go.jp/content/001677928.pdf	https://www.mhlw.go.jp/content/001677933.pdf	2026-02-22	MHLW website content under Public Data License 1.0 unless separately indicated; third-party content requires separate review
P111-129	111	129	理論	衛生	食品添加物Ａ〜Ｅの機能又は用途に関する記述として、正しいのはどれか。 ２つ選べ。	"[""Ａは、甘味料として用いられている。"",""Ｂは、油脂等の酸化防止剤として用いられている。"",""Ｃは、柑橘類の防かび剤として用いられている。"",""Ｄは、水溶性ビタミンの一種で、着色料として用いられている。"",""Ｅは、保存料として用いられている。""]"	multiChoice	[1,2]	null	normal	false	parsed	"[""none""]"		https://www.mhlw.go.jp/content/001677928.pdf	https://www.mhlw.go.jp/content/001677933.pdf	2026-02-22	MHLW website content under Public Data License 1.0 unless separately indicated; third-party content requires separate review
P111-130	111	130	理論	衛生	化学物質Ａ〜Ｅの代謝的活性化による発がん物質の生成に関する記述として、 正しいのはどれか。２つ選べ。	"[""Ａは、シトクロム P450 により代謝され、 ‑ヒドロキシ体を生成する。"",""Ｂは、シトクロム P450 により代謝され、クロロエチレンオキシドを生成する。"",""Ｃは、シトクロム P450 により代謝され、メチルカチオンを生成する。"",""Ｄは、シトクロム P450 及びエポキシドヒドロラーゼにより代謝され、7，8‑ジ オール‑9，10‑エポキシ体を生成する。"",""Ｅは、シトクロム P450 により代謝され、エポキシ体を生成する。""]"	multiChoice	[1,3]	null	normal	false	parsed	"[""none""]"		https://www.mhlw.go.jp/content/001677928.pdf	https://www.mhlw.go.jp/content/001677933.pdf	2026-02-22	MHLW website content under Public Data License 1.0 unless separately indicated; third-party content requires separate review
P111-131	111	131	理論	衛生	農薬Ａ〜Ｅに関する記述として、正しいのはどれか。２つ選べ。	"[""Ａは、シトクロム P450 により代謝され、アセチルコリンエステラーゼを活性 化する。"",""Ｂは、エステルが加水分解され、毒性が強い活性代謝物となる。"",""Ｃは、アセチルコリンエステラーゼをカルバモイル化し、不可逆的に阻害する。"",""Ｄは、アミノ酸合成を阻害し、除草作用を示す。"",""Ｅは、スーパーオキシドアニオンを生成し、細胞に障害を与える。""]"	multiChoice	[3,4]	null	normal	false	parsed	"[""none""]"		https://www.mhlw.go.jp/content/001677928.pdf	https://www.mhlw.go.jp/content/001677933.pdf	2026-02-22	MHLW website content under Public Data License 1.0 unless separately indicated; third-party content requires separate review
P111-132	111	132	理論	衛生	中毒原因物質の検出、又は患者への対応に関する記述として、正しいのはどれ か。２つ選べ。	"[""Δ9‑テトラヒドロカンナビノールは代謝を受けやすいため、検体として用いる 尿中から代謝物として検出される。"",""Δ9‑テトラヒドロカンナビノール及びカンナビジオールの検出には、マルキス 試薬が用いられる。"",""アンフェタミン及びメタンフェタミンの検出には、シモン反応が用いられる。"",""中毒原因物質の特定ができない場合に、特徴的な症状から原因物質を推定して 緊急対応を行う概念を、トキシドロームという。"",""散瞳、頻脈、口渇が認められる場合は、中毒原因物質を有機リン系化合物と推 定して初期の治療を開始することがある。""]"	multiChoice	[0,3]	null	normal	false	parsed	"[""none""]"		https://www.mhlw.go.jp/content/001677928.pdf	https://www.mhlw.go.jp/content/001677933.pdf	2026-02-22	MHLW website content under Public Data License 1.0 unless separately indicated; third-party content requires separate review
P111-133	111	133	理論	衛生	化学物質の毒性試験に関する記述として、正しいのはどれか。２つ選べ。	"[""国際的に共通な毒性試験法ガイドラインは、経済協力開発機構（OECD）や医 薬品規制調和国際会議（ICH）が作成している。"",""発がん性試験には、細菌や培養細胞を用いて評価する方法がある。"",""変異原性試験には、培養細胞を用いる試験法はあるが、動物を用いる試験法は ない。"",""生殖毒性試験では、被験物質を雌に投与するが、雄には投与しない。"",""アレルゲン性試験には、マウスの耳介に被験物質を塗布して皮膚感作性を評価 する方法がある。""]"	multiChoice	[0,4]	null	normal	false	parsed	"[""none""]"		https://www.mhlw.go.jp/content/001677928.pdf	https://www.mhlw.go.jp/content/001677933.pdf	2026-02-22	MHLW website content under Public Data License 1.0 unless separately indicated; third-party content requires separate review
P111-134	111	134	理論	衛生	化学物質の安全性評価に関する記述として、正しいのはどれか。２つ選べ。	"[""化学物質の無毒性量（NOAEL）は、急性毒性試験から推定される。"",""遺伝毒性発がん物質の安全性評価の指標として、実質安全量（VSD）を用いる。"",""動 物 実 験 デ ー タ か ら NOAEL が 得 ら れ な い 場 合 に、 ベ ン チ マ ー ク ド ー ズ （BMD）法が用いられることがある。"",""許容一日摂取量（ADI）は、閾値がない化学物質に適用される指標である。"",""農薬の ADI は、ヒト及び生態系への影響を考慮して決められている。""]"	multiChoice	[1,2]	null	normal	false	parsed	"[""none""]"		https://www.mhlw.go.jp/content/001677928.pdf	https://www.mhlw.go.jp/content/001677933.pdf	2026-02-22	MHLW website content under Public Data License 1.0 unless separately indicated; third-party content requires separate review
P111-135	111	135	理論	衛生	電離放射線及び放射性同位体に関する記述として、正しいのはどれか。２つ選 べ。	"[""32 P 及び 90Sr は、甲状腺に集積しやすい。"",""大気中に存在する 222Rn による生体影響は、ほとんど外部被曝によるものであ る。"",""神経組織、筋肉組織及び皮膚のうち、電離放射線による感受性が最も高いの は、神経組織である。"",""晩発性障害は、低放射線量や長期間被曝した場合や顕著な急性障害が見られな かった場合でも発症することがある。"",""食品中の放射性物質については、放射性セシウムの基準値が設定されている。""]"	multiChoice	[3,4]	null	normal	false	parsed	"[""none""]"		https://www.mhlw.go.jp/content/001677928.pdf	https://www.mhlw.go.jp/content/001677933.pdf	2026-02-22	MHLW website content under Public Data License 1.0 unless separately indicated; third-party content requires separate review
P111-136	111	136	理論	衛生	微生物を用いた下水処理法に関する記述として、正しいのはどれか。２つ選べ。	"[""嫌気性微生物を用いた処理は、余剰汚泥の処理に用いられる。"",""嫌気性微生物を用いた処理によって発生したメタンガスは、燃料として用いら れることがある。"",""嫌気性微生物は、有機物濃度が高い排水の処理には用いられない。"",""標準活性汚泥法の曝気槽では、主に嫌気性微生物が有機物を分解する。"",""嫌気・無酸素・好気法では、無酸素槽でリン蓄積菌がリンを取り込むことで、 下水中のリンを除去することができる。""]"	multiChoice	[0,1]	null	normal	false	parsed	"[""none""]"		https://www.mhlw.go.jp/content/001677928.pdf	https://www.mhlw.go.jp/content/001677933.pdf	2026-02-22	MHLW website content under Public Data License 1.0 unless separately indicated; third-party content requires separate review
P111-137	111	137	理論	衛生	化学的酸素要求量（COD）及び生物化学的酸素要求量（BOD）とその試験法 に関する記述として、正しいのはどれか。２つ選べ。	"[""生活環境の保全に関する環境基準において、湖沼及び海域では COD、河川で は BOD がそれぞれ定められている。"",""公共用水域（湖沼、海域、河川）のうち、COD 又は BOD の環境基準達成率が 最も高いのは湖沼である。"",""酸性高温過マンガン酸法により COD を測定する際に硝酸銀を加えるのは、水 中の Cl− を汚濁として評価するためである。"",""ウィンクラー法を用いて BOD を測定する際に植種水を加えるのは、好気性微 生物を補給するためである。"",""水中の有機物の種類によらず、COD と BOD の間には、比例関係が認められる。""]"	multiChoice	[0,3]	null	normal	false	parsed	"[""none""]"		https://www.mhlw.go.jp/content/001677928.pdf	https://www.mhlw.go.jp/content/001677933.pdf	2026-02-22	MHLW website content under Public Data License 1.0 unless separately indicated; third-party content requires separate review
P111-138	111	138	理論	衛生	表は、ある大気汚染物質の 2010〜2020 年度における年平均濃度と環境基準達 成率を示している。大気汚染物質Ａ及びＢに関する記述として、正しいのはどれ か。２つ選べ。 大気 2010 年度 2015 年度 2020 年度 汚染 物質 一般局 自排局 一般局 自排局 一般局 自排局 有効測定局数 1,144 33 1,144 29 1,155 31 年平均濃度（ppm） 0.048 0.043 0.048 0.044 0.046 0.044 Ａ 環境基準 0.0 0.0 0.0 0.0 0.2 0.0 達成率（％） 有効測定局数 34 12 765 219 844 237 年平均濃度（μg/m3） 15.1 17.2 13.1 13.9 9.5 10.0 Ｂ 環境基準 32.4 8.3 74.5 58.4 98.3 98.3 達成率（％） 一般局：一般環境大気測定局、自排局：自動車排出ガス測定局 （総務省統計局 日本の統計 2025 のデータを基に作成）	"[""Ａ及びＢは、いずれも一次生成物質である。"",""Ａは、光化学スモッグの原因となる酸化性物質の総称で、組成の大部分はオゾ ンである。"",""Ａの発生状況を把握するために、メタンが常時測定されている。"",""Ｂは、粒子状物質のうち空気動力学径が 10 μm 以下のものと定義されている。"",""Ａ及びＢを低減するために、固定発生源からの揮発性有機化合物の排出基準が 設定されている。""]"	multiChoice	[1,4]	null	normal	false	parsed	"[""none""]"		https://www.mhlw.go.jp/content/001677928.pdf	https://www.mhlw.go.jp/content/001677933.pdf	2026-02-22	MHLW website content under Public Data License 1.0 unless separately indicated; third-party content requires separate review
P111-139	111	139	理論	衛生	室内において健康影響を与える因子及び指標・基準に関する記述として、正し いのはどれか。２つ選べ。	"[""室内空気中の総揮発性有機化合物の暫定目標値は、各揮発性有機化合物の毒性 を基に定められている。"",""ヒョウヒダニの死骸はアレルゲンとなるため、学校保健安全法においてダニ又 はダニアレルゲンの基準が設定されている。"",""ホルムアルデヒドはシックハウス症候群の原因となり、建築基準法において建 材への使用が禁止されている。"",""カビの増殖は気温や気湿によって影響を受けるため、気温と気湿の管理は、ア レルギー性疾患の予防には重要である。"",""レジオネラ属菌は温泉や公共入浴施設において感染例が多く、20〜30 歳の患者 数が多い。""]"	multiChoice	[1,3]	null	normal	false	parsed	"[""none""]"		https://www.mhlw.go.jp/content/001677928.pdf	https://www.mhlw.go.jp/content/001677933.pdf	2026-02-22	MHLW website content under Public Data License 1.0 unless separately indicated; third-party content requires separate review
P111-140	111	140	理論	衛生	廃棄物に関する記述として、正しいのはどれか。２つ選べ。	"[""一般廃棄物及び産業廃棄物の処理方法には中間処理や最終処理があり、これら の廃棄物の処理責任は市町村が有している。"",""医療機関などから排出される医療廃棄物で、感染性病原体が含まれるものは、 特別管理一般廃棄物又は特別管理産業廃棄物に大別される。"",""感染症法（注）により入院措置が講ぜられる病床から排出された廃棄物は、感染 性廃棄物である。"",""注射針を廃棄する場合、感染性廃棄物であることを容易に識別できるように、 容器には赤色のバイオハザードマークをつけることが推奨されている。"",""産業廃棄物の不法投棄を防止するため、産業廃棄物の運搬から処分場までのプ ロセスを記録するシステムとして PRTR 制度がある。 （注）感染症法：感染症の予防及び感染症の患者に対する医療に関する法律 一般問題（薬学理論問題）【法規・制度・倫理】""]"	multiChoice	[1,2]	null	normal	false	parsed	"[""none""]"		https://www.mhlw.go.jp/content/001677928.pdf	https://www.mhlw.go.jp/content/001677933.pdf	2026-02-22	MHLW website content under Public Data License 1.0 unless separately indicated; third-party content requires separate review
P111-141	111	141	理論	法規・制度・倫理	医学研究に関する記述のうち、ヘルシンキ宣言に照らして正しいのはどれか。 １つ選べ。	"[""宣言の対象となる医学研究には、本人を特定できるヒトの試料やデータを用い る研究も含まれる。"",""資金源の情報は、研究計画書に明示してはならない。"",""インフォームド・コンセントを行う能力がない者を対象者にしてはならない。"",""研究開始後、すみやかに倫理審査委員会の審査を受けなければならない。"",""研究の対象となる患者の生命のリスクよりも、研究から得られる経済的利益を 優先しなければならない。""]"	singleChoice	0	null	normal	false	parsed	"[""none""]"		https://www.mhlw.go.jp/content/001677928.pdf	https://www.mhlw.go.jp/content/001677933.pdf	2026-02-22	MHLW website content under Public Data License 1.0 unless separately indicated; third-party content requires separate review
P111-142	111	142	理論	法規・制度・倫理	薬剤師の法的責任に関する記述として正しいのはどれか。２つ選べ。	"[""薬剤師が疑義照会義務を怠った場合には、指示警告上の欠陥があったとして薬 剤師は製造物責任を負う。"",""薬剤師が業務上知り得た秘密を正当な理由なく漏洩した場合には、秘密漏示罪 に問われる可能性がある。"",""薬剤師が罰金以上の刑となった場合には、業務の停止又は免許の取消しのいず れかの処分を受ける。"",""債務不履行責任、不法行為責任又は製造物責任における損害賠償について、医 療に関する場合にはいずれも消滅時効はない。"",""薬剤師が調剤過誤を起こして患者に健康被害を与えた場合には、薬剤師は損害 賠償の義務を負う。""]"	multiChoice	[1,4]	null	normal	false	parsed	"[""none""]"		https://www.mhlw.go.jp/content/001677928.pdf	https://www.mhlw.go.jp/content/001677933.pdf	2026-02-22	MHLW website content under Public Data License 1.0 unless separately indicated; third-party content requires separate review
P111-143	111	143	理論	法規・制度・倫理	医療法に基づく医療提供体制の確保に関する記述として、正しいのはどれか。 ２つ選べ。	"[""厚生労働大臣は、基本方針を定めるにあたって、薬事審議会の意見を聴かなけ ればならない。"",""市町村は、基本方針に則し、地域の実情に応じ、医療計画を定める。"",""医療計画には、医療従事者の確保に関する事項が含まれる。"",""医療計画には、地域の人口に応じた薬局数が定められている。"",""二次医療圏とは、特殊な医療を除く入院医療を提供する地域的単位である。""]"	multiChoice	[2,4]	null	normal	false	parsed	"[""none""]"		https://www.mhlw.go.jp/content/001677928.pdf	https://www.mhlw.go.jp/content/001677933.pdf	2026-02-22	MHLW website content under Public Data License 1.0 unless separately indicated; third-party content requires separate review
P111-144	111	144	理論	法規・制度・倫理	医薬品医療機器等法における医薬部外品に関する記述として、正しいのはどれ か。２つ選べ。	"[""医薬品と同じ目的のために使用されるものがある。"",""「はえ」や「蚊」の防除の目的で使用されるものがある。"",""日本薬局方 白色ワセリンは医薬部外品である。"",""外用剤に限定される。"",""店舗で販売するには、販売業の届出が必要である。""]"	multiChoice	[0,1]	null	normal	false	parsed	"[""none""]"		https://www.mhlw.go.jp/content/001677928.pdf	https://www.mhlw.go.jp/content/001677933.pdf	2026-02-22	MHLW website content under Public Data License 1.0 unless separately indicated; third-party content requires separate review
P111-145	111	145	理論	法規・制度・倫理	医薬品の製造販売承認申請のために実施する試験に関する記述として、正しい のはどれか。２つ選べ。	"[""薬効薬理試験とは、被験物質の治療用量及びそれ以上の曝露に関連した生理機 能に対する潜在的な望ましくない薬力学的作用を検討する試験である。"",""副次的薬理試験とは、被験物質の期待した治療標的に関連しない作用又は効果 の機序に関する試験である。"",""薬物動態試験とは、被験物質の吸収、分布、代謝又は排泄を明らかにするため の試験である。"",""物理的化学的性質並びに規格及び試験方法の設定に関する試験は、GQP に従 い実施しなければならない。"",""安定性試験には、長期保存試験、加速試験及び生物学的同等性試験の 3 種類が ある。""]"	multiChoice	[1,2]	null	normal	false	parsed	"[""none""]"		https://www.mhlw.go.jp/content/001677928.pdf	https://www.mhlw.go.jp/content/001677933.pdf	2026-02-22	MHLW website content under Public Data License 1.0 unless separately indicated; third-party content requires separate review
P111-146	111	146	理論	法規・制度・倫理	医薬品の製造販売業の総括製造販売責任者に関する記述として、正しいのはど れか。２つ選べ。	"[""総括製造販売責任者の設置について、厚生労働大臣の承認を受けなければなら ない。"",""処方箋医薬品の場合は、品目ごとに総括製造販売責任者を設置しなければなら ない。"",""医薬品の品質管理及び製造販売後安全管理に関する業務を適正かつ円滑に遂行 しうる能力を有する者でなければならない。"",""製造所に勤務する従業者を監督し、製造所の構造設備及び物品を管理しなけれ ばならない。"",""医薬品の品質管理を公正かつ適正に行うために必要があるときは、製造販売業 者に対し、意見を書面により述べなければならない。""]"	multiChoice	[2,4]	null	normal	false	parsed	"[""none""]"		https://www.mhlw.go.jp/content/001677928.pdf	https://www.mhlw.go.jp/content/001677933.pdf	2026-02-22	MHLW website content under Public Data License 1.0 unless separately indicated; third-party content requires separate review
P111-147	111	147	理論	法規・制度・倫理	毒物及び劇物取締法に関する記述として正しいのはどれか。２つ選べ。	"[""特定毒物を使用することができるのは、毒物劇物取扱責任者又は特定毒物使用 者である。"",""毒物又は劇物の一般販売業の登録にあたっては、販売しようとする毒物又は劇 物の品目を登録しなければならない。"",""毒物劇物営業者は、毒物又は劇物を 18 歳未満の者に交付してはならない。"",""毒物劇物販売業者の登録の有効期間は 6 年である。"",""毒物劇物営業者は、一般消費者の生活の用に供される毒物又は劇物について は、飲食物に通常使用される容器を使用して販売することができる。""]"	multiChoice	[2,3]	null	normal	false	parsed	"[""none""]"		https://www.mhlw.go.jp/content/001677928.pdf	https://www.mhlw.go.jp/content/001677933.pdf	2026-02-22	MHLW website content under Public Data License 1.0 unless separately indicated; third-party content requires separate review
P111-148	111	148	理論	法規・制度・倫理	公費負担医療に関する説明として正しいのはどれか。２つ選べ。	"[""医療に要した費用の全額が公費負担となるものはない。"",""法律や条例等に基づいて、国及び地方自治体が医療に関する給付を行う。"",""「感染症の予防及び感染症の患者に対する医療に関する法律」に基づく特定の 感染症に罹患した患者に対する公費負担医療がある。"",""生活保護法における医療扶助は、公費負担医療に該当しない。"",""公費負担医療を受ける場合、国立病院又は公立病院で受診する必要がある。""]"	multiChoice	[1,2]	null	normal	false	parsed	"[""none""]"		https://www.mhlw.go.jp/content/001677928.pdf	https://www.mhlw.go.jp/content/001677933.pdf	2026-02-22	MHLW website content under Public Data License 1.0 unless separately indicated; third-party content requires separate review
P111-149	111	149	理論	法規・制度・倫理	我が国の公的医療保険制度に関する記述として、正しいのはどれか。２つ選べ。	"[""保険料は、保険の種類に関わらず全国で統一された同じ金額である。"",""加入者が療養の給付を受けた際、一旦、全額を支払い、保険給付分は申請して 受け取る。"",""保険調剤を受けるには、保険医等が交付した処方箋が必要である。"",""療養の給付の範囲は、健康保険と国民健康保険では異なる。"",""健康保険は、被用者保険である。""]"	multiChoice	[2,4]	null	normal	false	parsed	"[""none""]"		https://www.mhlw.go.jp/content/001677928.pdf	https://www.mhlw.go.jp/content/001677933.pdf	2026-02-22	MHLW website content under Public Data License 1.0 unless separately indicated; third-party content requires separate review
P111-150	111	150	理論	法規・制度・倫理	薬剤師が服薬指導時に患者の解釈モデルを尋ねているのはどれか。２つ選べ。	"[""症状を教えてください。"",""医師から何と言われましたか。"",""これまでにお薬を飲んで、副作用を経験したことはありますか。"",""お薬の効果や副作用について、どのようなご不安をお持ちですか。"",""お薬を服用するにあたって、どのような支援が必要だとお考えですか。""]"	multiChoice	[3,4]	null	normal	false	parsed	"[""none""]"		https://www.mhlw.go.jp/content/001677928.pdf	https://www.mhlw.go.jp/content/001677933.pdf	2026-02-22	MHLW website content under Public Data License 1.0 unless separately indicated; third-party content requires separate review
P111-152	111	152	理論	薬理	副交感神経系に作用する薬物の作用機序に関する記述として、正しいのはどれ か。２つ選べ。	"[""ピロカルピンは、アセチルコリン M3 受容体を刺激して、毛様体筋を収縮させ る。"",""アトロピンは、アセチルコリン M2 受容体を遮断して、洞房結節の活動電位の 発生頻度を増加させる。"",""ジスチグミンは、コリンエステラーゼを非可逆的に阻害して、膀胱排尿筋の収 縮を増強する。"",""ベタネコールは、アセチルコリン M1 受容体を遮断して、腸管平滑筋を弛緩さ せる。"",""トロピカミドは、アセチルコリン M3 受容体を刺激して、気管支平滑筋を収縮 させる。""]"	multiChoice	[0,1]	null	normal	false	parsed	"[""none""]"		https://www.mhlw.go.jp/content/001677929.pdf	https://www.mhlw.go.jp/content/001677933.pdf	2026-02-22	MHLW website content under Public Data License 1.0 unless separately indicated; third-party content requires separate review
P111-153	111	153	理論	薬理	筋弛緩薬に関する記述として、正しいのはどれか。２つ選べ。	"[""ロクロニウムは、電位依存性 Na＋ チャネルに結合して、終板の脱分極を抑制す る。"",""スキサメトニウムの筋弛緩作用は、スガマデクスの併用により減弱される。"",""ダントロレンは、骨格筋のリアノジン受容体に作用して、筋小胞体からの Ca2＋ 遊離を抑制する。"",""バクロフェンは、γ‑アミノ酪酸 GABAA 受容体を刺激して、γ 運動ニューロン の活動を抑制する。"",""チザニジンは、アドレナリン α2 受容体を刺激して、脊髄の多シナプス反射を 抑制する。 一般問題（薬学理論問題）【薬理／病態・薬物治療】""]"	multiChoice	[2,4]	null	normal	false	parsed	"[""none""]"		https://www.mhlw.go.jp/content/001677929.pdf	https://www.mhlw.go.jp/content/001677933.pdf	2026-02-22	MHLW website content under Public Data License 1.0 unless separately indicated; third-party content requires separate review
P111-155	111	155	理論	薬理	（薬理） 双極性障害に用いられる薬物の薬理作用に関する記述として、正しいのはどれ か。２つ選べ。	"[""炭酸リチウムは、イノシトール 1‑リン酸分解酵素を阻害し、ホスファチジルイ ノシトール（PI）代謝回転を亢進させる。"",""オランザピンは、電位依存性 Ca2＋ チャネルの α2 δ サブユニットに結合し、興 奮性神経伝達物質の遊離を抑制する。"",""アリピプラゾールは、ドパミン D2 受容体及びセロトニン 5‑HT1A 受容体に対し て部分刺激薬として作用する。"",""カルバマゼピンは、γ‑アミノ酪酸（GABA）トランスアミナーゼを阻害し、脳 内 GABA 量を増加させる。"",""ラモトリギンは、電位依存性 Na＋ チャネルを遮断し、神経細胞の過剰興奮を抑 制する。 一般問題（薬学理論問題）【薬理】""]"	multiChoice	[2,4]	null	normal	false	parsed	"[""none""]"		https://www.mhlw.go.jp/content/001677929.pdf	https://www.mhlw.go.jp/content/001677933.pdf	2026-02-22	MHLW website content under Public Data License 1.0 unless separately indicated; third-party content requires separate review
P111-156	111	156	理論	薬理	片頭痛治療薬の作用機序に関する記述として、正しいのはどれか。２つ選べ。	"[""エレトリプタンは、セロトニン 5‑HT1B 受容体を刺激して、脳血管を収縮させ る。"",""ゾルミトリプタンは、セロトニン 5‑HT1F 受容体を選択的に刺激して、ニュー ロペプチドの放出を抑制する。"",""エレヌマブは、電位依存性 Ca2＋ チャネルに結合して、ニューロペプチドの放 出を抑制する。"",""ガルカネズマブは、カルシトニン遺伝子関連ペプチド（CGRP）に結合して、 神経原性炎症を抑制する。"",""ロメリジンは、プロスタグランジン E2 の産生を抑制して、痛覚閾値を上昇さ せる。 一般問題（薬学理論問題）【薬理／病態・薬物治療】""]"	multiChoice	[0,3]	null	normal	false	parsed	"[""none""]"		https://www.mhlw.go.jp/content/001677929.pdf	https://www.mhlw.go.jp/content/001677933.pdf	2026-02-22	MHLW website content under Public Data License 1.0 unless separately indicated; third-party content requires separate review
P111-157	111	157	理論	病態・薬物治療	‑158 18 歳女性。アレルギー性鼻炎と診断され、治療中である。その他の既往歴 及び常用薬はない。 問 157（病態・薬物治療） アレルギー性鼻炎の病態と治療に関する記述として、正しいのはどれか。２つ選 べ。	"[""通年性アレルギー性鼻炎の原因では、スギ花粉が最も多い。"",""季節性アレルギー性鼻炎は、アレルギー性結膜炎を併発しやすい。"",""鼻噴霧用副腎皮質ステロイド薬は、くしゃみ鼻漏型と鼻閉型の両方に有効であ る。"",""既存治療で効果不十分な難治例に対しては、エタネルセプトが適用される。"",""減感作療法は、通常 2 〜 3 週間で終了する。""]"	multiChoice	[1,2]	null	normal	false	parsed	"[""none""]"		https://www.mhlw.go.jp/content/001677929.pdf	https://www.mhlw.go.jp/content/001677933.pdf	2026-02-22	MHLW website content under Public Data License 1.0 unless separately indicated; third-party content requires separate review
P111-158	111	158	理論	薬理	（薬理） アレルギー性鼻炎の治療に用いられる薬物の作用機序に関する記述として、正し いのはどれか。２つ選べ。	"[""ビラスチンは、ヒスタミン H1 受容体を遮断することで、くしゃみや鼻汁分泌 を軽減する。"",""クロモグリク酸は、アドレナリン α 受容体を刺激することで、鼻粘膜の血管平 滑筋を収縮させ、鼻閉を改善する。"",""トラニラストは、ロイコトリエン CysLT1 受容体を遮断することで、鼻粘膜の 過敏性を改善する。"",""プランルカストは、IgE 抗体を中和することで、肥満細胞からのヒスタミン遊 離を抑制する。"",""ラマトロバンは、プロスタノイド TP 受容体及びプロスタノイド DP2 受容体 （CRTH2 受容体）を遮断することで、鼻粘膜の炎症を軽減する。 一般問題（薬学理論問題）【薬理】""]"	multiChoice	[0,4]	null	normal	false	parsed	"[""none""]"		https://www.mhlw.go.jp/content/001677929.pdf	https://www.mhlw.go.jp/content/001677933.pdf	2026-02-22	MHLW website content under Public Data License 1.0 unless separately indicated; third-party content requires separate review
P111-159	111	159	理論	薬理	骨粗しょう症治療薬の作用機序に関する記述として、正しいのはどれか。２つ 選べ。	"[""アレンドロン酸は、メバロン酸経路のファルネシルピロリン酸合成酵素を阻害 することで、破骨細胞による骨吸収を抑制する。"",""カルシトリオールは、カルシトニン受容体を刺激することで、腸管からの Ca2＋ 吸収を促進する。"",""テリパラチドは、破骨細胞のビタミン D 受容体に結合することで、破骨細胞の アポトーシスを促進する。"",""ラロキシフェンは、骨組織のエストロゲン受容体の活性化を介して、骨吸収を 抑制する。"",""ロモソズマブは、スクレロスチンに結合し、古典的 Wnt シグナル伝達を抑制 して、骨形成を促進する。 一般問題（薬学理論問題）【薬理／病態・薬物治療】""]"	multiChoice	[0,3]	null	normal	false	parsed	"[""none""]"		https://www.mhlw.go.jp/content/001677929.pdf	https://www.mhlw.go.jp/content/001677933.pdf	2026-02-22	MHLW website content under Public Data License 1.0 unless separately indicated; third-party content requires separate review
P111-160	111	160	理論	病態・薬物治療	‑161 62 歳女性。10 年前から高血圧症と脂質異常症の治療を受けていたが、そ れ以外は心疾患を含めて既往歴はない。半年前より坂道や階段を昇るときに胸部圧 迫感を自覚するようになったが、 3 〜 4 分程度安静にすると症状は消失していた。 現在も労作時に同様の胸部症状が現れるが、その強さや頻度、持続時間は半年前と 比較して変わらないという。運動負荷心電図で ST の低下が認められ、さらに冠動 脈造影検査などの諸検査の結果、労作性狭心症と診断された。その他の検査結果は 以下のとおりであった。 （検査値） 血圧 140/92 mmHg、心拍 68 拍/分、LDL‑C 132 mg/dL、HDL‑C 43 mg/dL、 TG（トリグリセリド）115 mg/dL、HbA1c 5.8％ 問 160（病態・薬物治療） この患者の病態と治療に関する記述として、正しいのはどれか。２つ選べ。	"[""急性冠症候群の症例である。"",""冠動脈硬化による器質的狭窄が生じていると考えられる。"",""血中の心筋トロポニン値や CK（クレアチンキナーゼ）値が上昇している。"",""降圧目標は、診察室血圧で 130/80 mmHg 未満である。"",""LDL‑C は管理目標値に達している。""]"	multiChoice	[1,3]	null	normal	false	parsed	"[""none""]"		https://www.mhlw.go.jp/content/001677929.pdf	https://www.mhlw.go.jp/content/001677933.pdf	2026-02-22	MHLW website content under Public Data License 1.0 unless separately indicated; third-party content requires separate review
P111-161	111	161	理論	薬理	（薬理） 狭心症治療薬の作用機序に関する記述として、正しいのはどれか。２つ選べ。	"[""ニトログリセリンは、アデニル酸シクラーゼの活性化を介して、血管を拡張さ せる。"",""アテノロールは、アドレナリン β1 受容体を遮断して、心筋の酸素需要を減少 させる。"",""ニフェジピンは、電位依存性 L 型 Ca2＋ チャネルを遮断して、冠動脈を拡張さ せる。"",""ジルチアゼムは、電位依存性 Na＋ チャネルを遮断して、陰性の変時作用を示す。"",""ニコランジルは、ATP 感受性 K＋ チャネルを遮断して、細動脈を拡張させる。 一般問題（薬学理論問題）【薬理】""]"	multiChoice	[1,2]	null	normal	false	parsed	"[""none""]"		https://www.mhlw.go.jp/content/001677929.pdf	https://www.mhlw.go.jp/content/001677933.pdf	2026-02-22	MHLW website content under Public Data License 1.0 unless separately indicated; third-party content requires separate review
P111-162	111	162	理論	薬理	高血圧症治療薬の作用機序に関する記述として、正しいのはどれか。２つ選べ。	"[""アジルサルタンは、アンジオテンシンⅡAT1 受容体を遮断して、血管収縮及び アルドステロン分泌を抑制する。"",""シルニジピンは、電位依存性 N 型 Ca2＋ チャネルを遮断して、交感神経終末か らのノルアドレナリン遊離を抑制する。"",""ヒドロクロロチアジドは、Na＋‑K＋‑2Cl− 共輸送体を阻害して、遠位尿細管にお ける Na＋ の再吸収を抑制する。"",""ウラピジルは、アドレナリン α1 受容体を遮断して、交感神経終末からのノル アドレナリン遊離を抑制する。"",""イミダプリルは、レニンを阻害して、アンジオテンシノーゲンからアンジオテ ンシンⅠへの変換を抑制する。""]"	multiChoice	[0,1]	null	normal	false	parsed	"[""none""]"		https://www.mhlw.go.jp/content/001677929.pdf	https://www.mhlw.go.jp/content/001677933.pdf	2026-02-22	MHLW website content under Public Data License 1.0 unless separately indicated; third-party content requires separate review
P111-163	111	163	理論	薬理	抗凝固薬の作用機序に関する記述として、正しいのはどれか。２つ選べ。	"[""ワルファリンは、ビタミン K エポキシド還元酵素を阻害することで、ビタミン K 依存性凝固因子の生成を阻害する。"",""ヘパリンは、プラスミノーゲンからプラスミンへの変換を促進することによ り、線溶系を活性化する。"",""ナファモスタットは、アンチトロンビンと結合し、トロンビン活性を選択的に 阻害する。"",""ダビガトランエテキシラートは、体内で活性代謝物となり、第 Xa 因子の活性 を選択的に阻害する。"",""トロンボモデュリン アルファは、トロンビンに結合し、プロテイン C を活性 化することで、第 Va 因子及び第 VIIIa 因子を不活性化する。""]"	multiChoice	[0,4]	null	normal	false	parsed	"[""none""]"		https://www.mhlw.go.jp/content/001677929.pdf	https://www.mhlw.go.jp/content/001677933.pdf	2026-02-22	MHLW website content under Public Data License 1.0 unless separately indicated; third-party content requires separate review
P111-164	111	164	理論	薬理	消化性潰瘍治療薬の作用機序に関する記述として、正しいのはどれか。２つ選 べ。	"[""ボノプラザンは、K＋ と競合して壁細胞の H＋，K＋‑ATPase を可逆的に阻害する ことで、胃酸分泌を抑制する。"",""ピレンゼピンは、アセチルコリン M2 受容体を刺激してアセチルコリンの遊離 を抑制することで、胃酸分泌を抑制する。"",""レバミピドは、プロスタノイド EP 受容体に結合して活性化することで、胃粘 膜血流を増大させる。"",""ニザチジンは、ヒスタミン H2 受容体を遮断することで、胃酸分泌を抑制する。"",""ミソプロストールは、ドパミン D2 受容体を遮断することで、胃粘液分泌を促 進する。""]"	multiChoice	[0,3]	null	normal	false	parsed	"[""none""]"		https://www.mhlw.go.jp/content/001677929.pdf	https://www.mhlw.go.jp/content/001677933.pdf	2026-02-22	MHLW website content under Public Data License 1.0 unless separately indicated; third-party content requires separate review
P111-165	111	165	理論	薬理	糖尿病治療薬の作用機序に関する記述として、正しいのはどれか。２つ選べ。	"[""レパグリニドは、膵 β 細胞上のグルカゴン様ペプチド‑1（GLP‑1）受容体を直 接刺激することで、インスリン分泌を促進する。"",""ミグリトールは、AMP 依存性キナーゼ（AMPK）を阻害することで、肝臓に おける糖新生を抑制する。"",""セマグルチドは、スルホニル尿素受容体に結合して ATP 感受性 K＋ チャネル を遮断することで、膵 β 細胞の細胞膜を脱分極させる。"",""シタグリプチンは、ジペプチジルペプチダーゼ‑4（DPP‑4）を阻害して血中イ ンクレチン濃度を上昇させることで、インスリン分泌を促進する。"",""ピオグリタゾンは、ペルオキシソーム増殖剤応答性受容体 γ（PPARγ）を刺激 して、インスリン抵抗性を改善する。""]"	multiChoice	[3,4]	null	normal	false	parsed	"[""none""]"		https://www.mhlw.go.jp/content/001677929.pdf	https://www.mhlw.go.jp/content/001677933.pdf	2026-02-22	MHLW website content under Public Data License 1.0 unless separately indicated; third-party content requires separate review
P111-166	111	166	理論	薬理	ホルモン関連薬の作用機序に関する記述として、正しいのはどれか。２つ選べ。	"[""テトラコサクチドは、副腎皮質束状層の副腎皮質刺激ホルモン（ACTH）受容 体を刺激して、糖質コルチコイドの生成・分泌を促す。"",""オシロドロスタットは、ソマトスタチン受容体を刺激して、成長ホルモンや消 化管ホルモンの分泌を持続的に抑制する。"",""カベルゴリンは、下垂体前葉のドパミン D2 受容体を遮断して、プロラクチン 分泌を抑制する。"",""フィナステリドは、5 α‑還元酵素を阻害して、テストステロンからジヒドロテ ストステロンへの変換を抑制する。"",""メチラポンは、3 β‑ヒドロキシステロイド脱水素酵素を阻害して、アルドステ ロン生成を抑制する。 一般問題（薬学理論問題）【薬理／病態・薬物治療】""]"	multiChoice	[0,3]	null	normal	false	parsed	"[""none""]"		https://www.mhlw.go.jp/content/001677929.pdf	https://www.mhlw.go.jp/content/001677933.pdf	2026-02-22	MHLW website content under Public Data License 1.0 unless separately indicated; third-party content requires separate review
P111-167	111	167	理論	病態・薬物治療	‑168 65 歳男性。悪性リンパ腫に対する化学療法実施後 3 日目に 38.7 ℃ の発熱 と悪寒を認め、血液検査では好中球が 400/μL に低下していたため、発熱性好中球 減少症と診断された。広域抗菌薬による治療が開始されたが発熱は持続し、新たに 行った血液検査では血小板数が 6 × 104/μL と急激な低下が認められたため、敗血 症性播種性血管内凝固症候群（DIC）と診断された。 問 167（病態・薬物治療） この患者へ投与する薬物として適切なのはどれか。２つ選べ。	"[""アンチトロンビン ガンマ"",""ワルファリン"",""ヘパリン"",""ペグフィルグラスチム"",""アスピリン""]"	multiChoice	[0,2]	null	normal	false	parsed	"[""none""]"		https://www.mhlw.go.jp/content/001677929.pdf	https://www.mhlw.go.jp/content/001677933.pdf	2026-02-22	MHLW website content under Public Data License 1.0 unless separately indicated; third-party content requires separate review
P111-168	111	168	理論	薬理	（薬理） 敗血症の治療に用いられる薬物の作用機序に関する記述として、正しいのはどれ か。２つ選べ。	"[""ピペラシリンは、ジヒドロ葉酸還元酵素を阻害し、細菌の葉酸合成を抑制する。"",""セフトリアキソンは、ペプチドグリカン前駆体のペンタペプチド末端の D‑ア ラニル‑D‑アラニンに結合し、細菌の細胞壁合成を抑制する。"",""ゲンタマイシンは、細菌のリボソーム 30S サブユニットに結合し、細菌のタン パク質合成を抑制する。"",""メロペネムは、ペニシリン結合タンパク質に結合し、細菌の細胞壁合成を抑制 する。"",""タゾバクタムは、DNA ジャイレースを阻害し、細菌の DNA 複製を抑制する。 一般問題（薬学理論問題）【薬理】""]"	multiChoice	[2,3]	null	normal	false	parsed	"[""none""]"		https://www.mhlw.go.jp/content/001677929.pdf	https://www.mhlw.go.jp/content/001677933.pdf	2026-02-22	MHLW website content under Public Data License 1.0 unless separately indicated; third-party content requires separate review
P111-169	111	169	理論	薬理	抗悪性腫瘍薬の作用機序に関する記述として、正しいのはどれか。２つ選べ。	"[""メルカプトプリンは、チオイノシン酸に代謝され、イノシン酸からアデニル酸 及びグアニル酸への生成を阻害する。"",""イリノテカンは、生体内で SN‑38 に代謝された後、DNA ポリメラーゼを選択 的に阻害する。"",""ゲムシタビンは、DNA をアルキル化し、がん細胞の S 期移行性を阻害する。"",""リュープロレリンは、持続的刺激により下垂体 GnRH（性腺刺激ホルモン放出 ホルモン）受容体のダウンレギュレーションを起こし、精巣からのテストステロ ン分泌を抑制する。"",""ニボルマブは、がん細胞上の PD‑L1 に結合して、T 細胞を活性化する。 一般問題（薬学理論問題）【薬剤】""]"	multiChoice	[0,3]	null	normal	false	parsed	"[""none""]"		https://www.mhlw.go.jp/content/001677929.pdf	https://www.mhlw.go.jp/content/001677933.pdf	2026-02-22	MHLW website content under Public Data License 1.0 unless separately indicated; third-party content requires separate review
P111-171	111	171	理論	薬剤	静脈内投与された薬物の血液と脳の間の移行に関する記述として、正しいのは どれか。２つ選べ。ただし、血漿と脳組織間で薬物分布は平衡状態にあるものとす る。	"[""血漿中の非結合形薬物は、主として脳毛細血管内皮細胞の間隙を通過して移行 する。"",""同じ分子量の低分子薬物では、脂溶性が高いほど単純拡散による透過性が高い。"",""単純拡散のみで移行する中枢作用薬では、血漿中非結合形濃度と脳内非結合形 濃度はほぼ等しい。"",""P‑糖タンパク質の基質となる薬物では、血漿中非結合形濃度は脳内非結合形濃 度より低い。"",""脳内へ能動輸送される薬物であっても、脳内非結合形濃度は血漿中非結合形濃 度を超えない。""]"	multiChoice	[1,2]	null	normal	false	parsed	"[""none""]"		https://www.mhlw.go.jp/content/001677929.pdf	https://www.mhlw.go.jp/content/001677933.pdf	2026-02-22	MHLW website content under Public Data License 1.0 unless separately indicated; third-party content requires separate review
P111-172	111	172	理論	薬剤	代謝過程における薬物相互作用により血中濃度が変動する薬物と併用薬及び相 互作用メカニズムの組合せとして、正しいのはどれか。２つ選べ。 薬物 併用薬 相互作用メカニズム	"[""アザチオプリン クラリスロマイシン キサンチン酸化酵素の阻害"",""フェニトイン シプロフロキサシン CYP2C9 の阻害"",""シクロスポリン リファンピシン CYP3A4 の誘導"",""チザニジン フルボキサミン CYP1A2 の誘導"",""ノルトリプチリン パロキセチン CYP2D6 の阻害""]"	multiChoice	[2,4]	null	normal	false	parsed	"[""none""]"		https://www.mhlw.go.jp/content/001677929.pdf	https://www.mhlw.go.jp/content/001677933.pdf	2026-02-22	MHLW website content under Public Data License 1.0 unless separately indicated; third-party content requires separate review
P111-173	111	173	理論	薬剤	体重 60 kg の患者にアミノグリコシド系抗菌薬ゲンタマイシンを静脈内投与し たところ、以下の薬物動態パラメータが得られた。 （薬物動態パラメータ） 全身クリアランス（ tot）75.0 mL/min、糸球体ろ過速度（GFR）62.5 mL/min、 尿中未変化体排泄率（ e）0.92、血漿タンパク非結合率（ p）0.90 そ の 後、 急 性 腎 障 害 を 発 症 し た た め、 tot が 40.0 mL/min に、GFR が 27.8 mL/min に、 e が 0.85 に低下した。本患者におけるゲンタマイシンのクリア ランスに関する記述として、正しいのはどれか。２つ選べ。ただし、急性腎障害の 前後で p は変化しないものとする。	"[""腎障害前のゲンタマイシンの糸球体ろ過クリアランスは 62.5 mL/min である。"",""腎障害の有無によらず、ゲンタマイシンの腎排泄には尿細管分泌が関与する。"",""腎障害の有無によらず、ゲンタマイシンは尿細管から再吸収されやすい。"",""ゲンタマイシンの腎クリアランスは腎障害によって変化しない。"",""ゲンタマイシンの腎外クリアランスは腎障害の前後でほぼ一定である。""]"	multiChoice	[1,4]	null	normal	false	parsed	"[""none""]"		https://www.mhlw.go.jp/content/001677929.pdf	https://www.mhlw.go.jp/content/001677933.pdf	2026-02-22	MHLW website content under Public Data License 1.0 unless separately indicated; third-party content requires separate review
P111-175	111	175	理論	薬剤	体内動態が線形 1‑コンパートメントモデルに従う薬物において、Ａ群に示すパ ラメータが 2 倍に変動したとき、Ｂ群のパラメータが 2 倍になる組合せはどれか。 ２つ選べ。 Ａ群 Ｂ群 単回急速静脈内投与後の	"[""分布容積 血中濃度時間曲線下面積（AUC） 定速静脈内投与時の"",""クリアランス 定常状態血中濃度 定速静脈内投与時に定常状態血中濃度の"",""消失半減期 50％に到達するまでの時間 単回経口投与後の"",""吸収速度定数 血中濃度時間曲線下面積（AUC） 等間隔・同投与量で繰り返し経口投与時の"",""消化管吸収率 定常状態平均血中濃度""]"	multiChoice	[2,4]	null	normal	false	parsed	"[""none""]"		https://www.mhlw.go.jp/content/001677929.pdf	https://www.mhlw.go.jp/content/001677933.pdf	2026-02-22	MHLW website content under Public Data License 1.0 unless separately indicated; third-party content requires separate review
P111-176	111	176	理論	薬剤	体内からの薬物の消失がミカエリス・メンテン式に従うとき、経口投与後の定 常状態における平均血中濃度が 2 mg/L となる投与量と投与回数の組合せとして、 最 も 適 切 な の は ど れ か。 １つ 選 べ。 た だ し、 こ の 薬 物 の ミ カ エ リ ス 定 数 は 4 mg/L、最大消失速度は 720 mg/day、バイオアベイラビリティは 100％とする。 1 回あたりの投与量（mg） 投与回数	"[""360 1日1回"",""300 1日2回"",""240 1日3回"",""120 1日3回"",""80 1日3回""]"	singleChoice	4	null	normal	false	parsed	"[""none""]"		https://www.mhlw.go.jp/content/001677929.pdf	https://www.mhlw.go.jp/content/001677933.pdf	2026-02-22	MHLW website content under Public Data License 1.0 unless separately indicated; third-party content requires separate review
P111-177	111	177	理論	薬剤	肝抽出率が 0.8、血中タンパク結合率が 0.9 の薬物の肝クリアランスに関する 記述として、正しいのはどれか。２つ選べ。ただし、この薬物の肝臓での消失は、 well stirred model に基づくものとし、肝血流量は 100 L/h とする。	"[""肝クリアランスは肝血流量の変動の影響を顕著に受ける。"",""肝クリアランスは肝固有クリアランスの変動の影響を顕著に受ける。"",""肝クリアランスは血中タンパク結合率の変動の影響を顕著に受ける。"",""肝クリアランスは 80 L/h である。"",""肝固有クリアランスは 8 L/h である。""]"	multiChoice	[0,3]	null	normal	false	parsed	"[""none""]"		https://www.mhlw.go.jp/content/001677929.pdf	https://www.mhlw.go.jp/content/001677933.pdf	2026-02-22	MHLW website content under Public Data License 1.0 unless separately indicated; third-party content requires separate review
P111-179	111	179	理論	薬剤	高分子溶液の性質に関する記述として、正しいのはどれか。２つ選べ。	"[""高分子を貧溶媒に溶解した場合、良溶媒に溶解した場合より溶液の粘度が高い。"",""平均分子量が同等の場合、イオン性高分子の水溶液の粘度は、同濃度の非イオ ン性高分子の水溶液の粘度より高い。"",""イオン性高分子の水溶液に塩を添加すると、高分子の溶解性が向上する。"",""両イオン性高分子溶液の粘度は、等電点付近で最大となる。"",""良溶媒の高分子溶液に貧溶媒を添加していくと、コアセルベートを生じる。""]"	multiChoice	[1,4]	null	normal	false	parsed	"[""none""]"		https://www.mhlw.go.jp/content/001677929.pdf	https://www.mhlw.go.jp/content/001677933.pdf	2026-02-22	MHLW website content under Public Data License 1.0 unless separately indicated; third-party content requires separate review
P111-182	111	182	理論	薬剤	次の組成・性状で示される経口液剤はどれか。１つ選べ。 有効成分（ 1 mL 中） 日局ジゴキシン 0.05 mg 白糖、エタノール、パラオキシ安息香酸プロピル、 組成 添加物 パラオキシ安息香酸ブチル、バニリン、香料、 緑色 3 号 性状 うすい青緑色〜青緑色澄明液	"[""チンキ剤"",""ローション剤"",""エリキシル剤"",""リニメント剤"",""シロップ剤""]"	singleChoice	2	null	normal	false	parsed	"[""none""]"		https://www.mhlw.go.jp/content/001677929.pdf	https://www.mhlw.go.jp/content/001677933.pdf	2026-02-22	MHLW website content under Public Data License 1.0 unless separately indicated; third-party content requires separate review
P111-183	111	183	理論	薬剤	固形製剤の造粒に用いられる製剤機械ア〜オに関する記述として、正しいのは どれか。２つ選べ。	"[""アは、粉砕、混合、造粒、乾燥操作を連続的に行うことができる。"",""イは、重質で粒度のそろった円柱状の造粒物が得られる。"",""ウは、熱及び水に不安定な薬物の造粒に適している。"",""エは、液滴形状を反映した比較的小さな球形状あるいは丸みを帯びた造粒物が 得られる。"",""オは、軽質で圧縮成形に適した不定形状の造粒物が得られる。""]"	multiChoice	[2,3]	null	normal	false	parsed	"[""none""]"		https://www.mhlw.go.jp/content/001677929.pdf	https://www.mhlw.go.jp/content/001677933.pdf	2026-02-22	MHLW website content under Public Data License 1.0 unless separately indicated; third-party content requires separate review
P111-184	111	184	理論	薬剤	固体薬物を水不溶性コーティング剤で被覆することで、薬物放出を制御した徐 放性製剤が設計できる。この製剤を水に接触させると、膜を通じて製剤内部に水が 浸入し、溶解した薬物は、膜中を拡散しながら外液中に放出される（図）。 このときの膜の単位面積あたりの薬物透過速度 は、（1）の式で表される。 1 （ in − out） ＝ ・ ＝ ・ （1） ここで、 は放出される薬物量、 は薬物放出面積、 は溶液と膜間の分配係 数、 は薬物の膜中拡散定数、 in は薬物層中の溶解薬物濃度、 out は放出液中の 薬物濃度、 は膜厚である。 本製剤に関する記述として、正しいのはどれか。２つ選べ。 ただし、放出試験中は、薬物層内には固体薬物が残存しており、 out は inと比 較して十分低いものとする。	"[""マトリックス型製剤である。"",""薬物は 0 次放出される。"",""in は経時的に減少する。"",""薬物放出速度は放出制御膜の厚みに比例する。"",""球形粒子の場合では、 は粒子半径の 2 乗に比例する。 一般問題（薬学理論問題）【病態・薬物治療】""]"	multiChoice	[1,4]	null	normal	false	parsed	"[""none""]"		https://www.mhlw.go.jp/content/001677929.pdf	https://www.mhlw.go.jp/content/001677933.pdf	2026-02-22	MHLW website content under Public Data License 1.0 unless separately indicated; third-party content requires separate review
P111-185	111	185	理論	病態・薬物治療	尿検査で、尿潜血を伴わないタンパク尿を呈しやすいのはどれか。２つ選べ。	"[""腎盂腎炎"",""微小変化群"",""ループス腎炎"",""半月体形成性糸球体腎炎"",""糖尿病性腎症""]"	multiChoice	[1,4]	null	normal	false	parsed	"[""none""]"		https://www.mhlw.go.jp/content/001677929.pdf	https://www.mhlw.go.jp/content/001677933.pdf	2026-02-22	MHLW website content under Public Data License 1.0 unless separately indicated; third-party content requires separate review
P111-186	111	186	理論	病態・薬物治療	重大な副作用とその原因となる代表的薬物との組合せとして、正しいのはどれ か。２つ選べ。 重大な副作用 代表的薬物	"[""無顆粒球症 チアマゾール"",""皮膚粘膜眼症候群 人免疫グロブリン製剤"",""間質性肺炎 メチルプレドニゾロン"",""出血性膀胱炎 メスナ"",""顎骨壊死 ミノドロン酸水和物""]"	multiChoice	[0,4]	null	normal	false	parsed	"[""none""]"		https://www.mhlw.go.jp/content/001677929.pdf	https://www.mhlw.go.jp/content/001677933.pdf	2026-02-22	MHLW website content under Public Data License 1.0 unless separately indicated; third-party content requires separate review
P111-187	111	187	理論	病態・薬物治療	アルコール依存症の治療に関する記述として、正しいのはどれか。１つ選べ。	"[""飲酒欲求を直接的に抑制するために、シアナミドを投与する。"",""飲酒時に不快症状を誘発するために、アカンプロサートを投与する。"",""アルコール依存症の症状を緩和するために、メタノールを投与する。"",""断酒の維持を補助するために、ナルメフェンを投与する。"",""アルコール離脱症状を改善するために、ロラゼパムを投与する。""]"	singleChoice	4	null	normal	false	parsed	"[""none""]"		https://www.mhlw.go.jp/content/001677929.pdf	https://www.mhlw.go.jp/content/001677933.pdf	2026-02-22	MHLW website content under Public Data License 1.0 unless separately indicated; third-party content requires separate review
P111-188	111	188	理論	病態・薬物治療	35 歳女性。妊娠 23 週で高血圧（180/110 mmHg）を認め、メチルドパを投与 されたが十分な降圧は得られなかった。追加する薬物として適切なのはどれか。 １つ選べ。	"[""ニフェジピン"",""ジルチアゼム塩酸塩"",""エナラプリルマレイン酸塩"",""テルミサルタン"",""レナリドミド""]"	singleChoice	0	null	normal	false	parsed	"[""none""]"		https://www.mhlw.go.jp/content/001677929.pdf	https://www.mhlw.go.jp/content/001677933.pdf	2026-02-22	MHLW website content under Public Data License 1.0 unless separately indicated; third-party content requires separate review
P111-189	111	189	理論	病態・薬物治療	シェーグレン症候群に関する記述として、正しいのはどれか。２つ選べ。	"[""抗 SS‑A 抗体が陽性になることが多い。"",""障害は涙腺と唾液腺に現れ、その他の臓器ではみられない。"",""中年男性に好発する。"",""ドライマウスに対して、アトロピンが使用される。"",""ドライアイに対して、人工涙液による対症療法が用いられる。""]"	multiChoice	[0,4]	null	normal	false	parsed	"[""none""]"		https://www.mhlw.go.jp/content/001677929.pdf	https://www.mhlw.go.jp/content/001677933.pdf	2026-02-22	MHLW website content under Public Data License 1.0 unless separately indicated; third-party content requires separate review
P111-190	111	190	理論	病態・薬物治療	心房細動の治療に関する記述として、正しいのはどれか。２つ選べ。	"[""除細動及び洞調律維持を目的として、リドカインが用いられる。"",""心拍数調節を目的として、アドレナリン β 受容体遮断薬が用いられる。"",""WPW（Wolff-Parkinson-White）症候群を併発している場合には、ジゴキシン による心拍数調節が推奨される。"",""非薬物療法として、カテーテルアブレーションが再発予防に用いられる。"",""脳塞栓症の合併予防には、主にアスピリンによる抗血小板療法が用いられる。""]"	multiChoice	[1,3]	null	normal	false	parsed	"[""none""]"		https://www.mhlw.go.jp/content/001677929.pdf	https://www.mhlw.go.jp/content/001677933.pdf	2026-02-22	MHLW website content under Public Data License 1.0 unless separately indicated; third-party content requires separate review
P111-191	111	191	理論	病態・薬物治療	20 歳女性。 3 ケ月前から動悸、発汗、手の振戦及び 4 kg の体重減少を認めた。 近医を受診したところ、体温は 37.2 ℃ であり、均一で弾力性に富む甲状腺腫大を 指摘された。血液検査では、遊離チロキシン（FT4）2.8 ng/dL であり、抗チログ ロブリン抗体が陽性であった。本症例で認められることが多い他の血液検査所見と して適切なのはどれか。２つ選べ。	"[""LDL コレステロール高値"",""甲状腺刺激ホルモン（TSH）高値"",""クレアチンキナーゼ（CK）高値"",""アルカリホスファターゼ（ALP）高値"",""抗 TSH 受容体抗体陽性""]"	multiChoice	[3,4]	null	normal	false	parsed	"[""none""]"		https://www.mhlw.go.jp/content/001677929.pdf	https://www.mhlw.go.jp/content/001677933.pdf	2026-02-22	MHLW website content under Public Data License 1.0 unless separately indicated; third-party content requires separate review
P111-192	111	192	理論	病態・薬物治療	がんの進行度を判定する TNM 分類に関する記述として、正しいのはどれか。 ２つ選べ。	"[""原発臓器を問わず同一の基準で評価する。"",""T は原発巣の大きさや浸潤の程度を示す。"",""N は遠隔転移の有無と広がりを示す。"",""M はリンパ節転移の有無と広がりを示す。"",""T、N、M の組合せにより病期（ステージ）を決定できる。""]"	multiChoice	[1,4]	null	normal	false	parsed	"[""none""]"		https://www.mhlw.go.jp/content/001677929.pdf	https://www.mhlw.go.jp/content/001677933.pdf	2026-02-22	MHLW website content under Public Data License 1.0 unless separately indicated; third-party content requires separate review
P111-193	111	193	理論	病態・薬物治療	症状とその治療に用いられる漢方薬の組合せとして、正しいのはどれか。２つ 選べ。 症状 漢方薬	"[""排尿困難 八味地黄丸"",""便秘 牛車腎気丸"",""感冒 六君子湯"",""機能性ディスペプシア 麻黄湯"",""更年期障害 加味逍遙散""]"	multiChoice	[0,4]	null	normal	false	parsed	"[""none""]"		https://www.mhlw.go.jp/content/001677929.pdf	https://www.mhlw.go.jp/content/001677933.pdf	2026-02-22	MHLW website content under Public Data License 1.0 unless separately indicated; third-party content requires separate review
P111-194	111	194	理論	病態・薬物治療	遺伝子治療に関する記述として、正しいのはどれか。２つ選べ。	"[""対象となるのは、先天的疾患に限定されない。"",""ベクターとしてウイルスを用いることは、禁止されている。"",""治療のために導入する遺伝子から、患者のゲノム情報が分かる。"",""CAR‑T 療法では、T 細胞にキメラ抗原受容体（CAR）を導入する。"",""治療のためであれば、生殖細胞への遺伝子導入は許容される。""]"	multiChoice	[0,3]	null	normal	false	parsed	"[""none""]"		https://www.mhlw.go.jp/content/001677929.pdf	https://www.mhlw.go.jp/content/001677933.pdf	2026-02-22	MHLW website content under Public Data License 1.0 unless separately indicated; third-party content requires separate review
P111-195	111	195	理論	病態・薬物治療	メタアナリシスに関する記述として、正しいのはどれか。２つ選べ。	"[""複数の研究で示された効果量を統計学的に統合する際は、相乗平均を用いる。"",""エビデンスレベルは症例対照研究より高い。"",""相反する結論の資料を混在させてはならない。"",""統合した結果は、ファンネルプロットで示される。"",""解析を行う際は、出版バイアスに留意する。""]"	multiChoice	[1,4]	null	normal	false	parsed	"[""none""]"		https://www.mhlw.go.jp/content/001677929.pdf	https://www.mhlw.go.jp/content/001677933.pdf	2026-02-22	MHLW website content under Public Data License 1.0 unless separately indicated; third-party content requires separate review
P111-196	111	196	実践	物理・化学・生物	‑197 45 歳男性。会社の健康診断にて毎年尿酸値の高値を指摘されてきた。右の 第一中足趾節関節（親指の付け根）に痛みがあったので、近くの整形外科クリニッ クを受診したところ、痛風と診断された。処方 1 、 2 の薬剤を服用していたが、最 近、仕事のストレスから普段の飲酒（ビール）が増え、 3 日前から同じ部位の腫脹 と激しい疼痛が現れた。今朝受診し、処方 3 、 4 の薬剤が追加され、薬局を訪れ た。 （処方 1 ） フェブキソスタット錠 20 mg 1 回 1 錠（ 1 日 1 錠） 1日1回 朝食後 28 日分 （処方 2 ） クエン酸カリウム・クエン酸ナトリウム配合散 1 回 1 g （ 1 日 3 g） 1日3回 朝昼夕食後 28 日分 （処方 3 ） ナプロキセン錠 100 mg 昼 4 錠、夕 2 錠（ 1 日 6 錠） 1日2回 昼夕食後 1 日分（初日） （処方 4 ） ナプロキセン錠 100 mg 1 回 2 錠（ 1 日 4 錠） 1日2回 朝夕食後 6 日分（ 2 日目以降） （検査値） 血圧 125/80 mmHg、血清クレアチニン 0.8 mg/dL、尿酸 7.2 mg/dL、 CRP 5.6 mg/dL、尿 pH 5.5 問 196（物理・化学・生物） 高尿酸血症の患者では、血液中に尿酸ナトリウムが健常者より高濃度で存在して い る。 図 に 示 す よ う に 尿 酸 ナ ト リ ウ ム は 弱 酸・ 強 塩 基 の 塩 で あ り、 尿 酸 の p a は 5.75（25 ℃）である。いま、400 μmol/L の尿酸ナトリウム水溶液があった とすると、この水溶液の pH に最も近い値はどれか。１つ選べ。 ただし、尿酸ナトリウムは水溶液中で次のように反応するものとし、水のイオン 積 w ＝［H ］ ＋ ［OH ］＝ 1.0 × 10 − （mol/L） −14 2 （25 ℃）、log 2 ＝ 0.30 とする。また、 温度は 25 ℃で、尿酸ナトリウムは水溶液中で完全に溶解しており、沈殿は生じて いないものとする。 尿酸ナトリウム（NaU） NaU → U− ＋ Na＋ 尿酸ナトリウム 尿酸イオン U− ＋ H 2O ⇄ HU ＋ OH− 尿酸	"[""6.8"",""7.6"",""8.2"",""8.8"",""9.4""]"	singleChoice	2	null	normal	false	parsed	"[""none""]"	P111-CASE-196	https://www.mhlw.go.jp/content/001677930.pdf	https://www.mhlw.go.jp/content/001677933.pdf	2026-02-22	MHLW website content under Public Data License 1.0 unless separately indicated; third-party content requires separate review
P111-197	111	197	実践	実務	（実務） この患者に指導する内容として適切なのはどれか。２つ選べ。	"[""水分は、多めに摂取してください。"",""毎日ビールを飲み続けていて構いません。"",""処方 2 の薬剤は、飲みにくければ水に溶かしてから服用しても構いません。"",""処方 2 の薬剤は、尿をより酸性にする作用があります。"",""処方 3 及び 4 の薬剤は、吸収をよくするために食後に服用してください。""]"	multiChoice	[0,2]	null	normal	false	parsed	"[""none""]"	P111-CASE-196	https://www.mhlw.go.jp/content/001677930.pdf	https://www.mhlw.go.jp/content/001677933.pdf	2026-02-22	MHLW website content under Public Data License 1.0 unless separately indicated; third-party content requires separate review
P111-198	111	198	実践	物理・化学・生物	‑199 60 歳女性。統合失調症にて入院中。ハロペリドールと以下の併用薬による 治療を受けていたが、手の震えなどの訴えが患者からあった。医師、薬剤師はアカ シジアを疑った。医師との合同カンファレンスでハロペリドールをパリペリドン経 口徐放錠（PAL）に切り替える方針となった。合同カンファレンス後、医師から PAL 6 mg、 1 日 1 回就寝前の処方を検討しているとの連絡があった。 （併用薬） 酸化マグネシウム錠 330 mg 1 回 1 錠 （ 1 日 2 錠） 1日2回 朝夕食後 ビペリデン塩酸塩錠 1 mg 1回1錠 むずむず、流涎あるとき 1 日 3 回まで （合同カンファレンス直前検査値） AST 16 IU/L、ALT 13 IU/L、血清クレアチニン 0.66 mg/dL、 空腹時血糖 115 mg/dL、HbA1c 6.2％、CCr 72 mL/min （PAL の添付文書に記載された情報） 注）本剤は、浸透圧を利用した放出制御システム（OROS）を応用した、 パリペリドンの放出制御型の徐放錠である。規格は 3 mg、 6 mg、 9 mg。 問 198（実務） PAL への切り替えについて薬剤師が医師に提案する内容として適切なのはどれ か。２つ選べ。	"[""服用は朝食後とする。"",""統合失調症の悪化に備えリスペリドンを追加する。"",""切り替えは低用量の 3 mg から開始する。"",""酸化マグネシウムは他剤に変更する。"",""服用開始後 2 日目に 1 日用量の評価を行う。""]"	multiChoice	[0,2]	null	normal	false	parsed	"[""none""]"	P111-CASE-198	https://www.mhlw.go.jp/content/001677930.pdf	https://www.mhlw.go.jp/content/001677933.pdf	2026-02-22	MHLW website content under Public Data License 1.0 unless separately indicated; third-party content requires separate review
P111-199	111	199	実践	実務	（物理・化学・生物） OROS は半透膜でコートされており、浸透圧による水の流入に伴うプッシュ層 の膨潤を利用した徐放性薬物放出システムである。浸透圧によるプッシュ層への水 の流入量を計算するモデルとして、大気圧（1.0×105 Pa）下、27 ℃で Na2SO4 水溶 液と純水を半透膜で仕切られた U 字管に同量ずつ入れた。その後、図 1 のように 平衡に達したときの界面の差が cm、Na2SO4 水溶液の濃度が 0.010 mol/L となっ た。0.010 mol/L Na2SO4 水溶液と純水の密度は、ともに 27 ℃で 1.0 g/mL とす る。また、同条件下では水銀柱の高さが図 2 のように 76 cm であった。なお、界 面の差 cm を水銀柱の高さ cm に換算するには ＝ で求められることがわかっている。 cm の値に最も近いのはどれか。１つ選べ。 なお、気体定数は 8.3 J/K・mol とする。	"[""0.10 cm"",""0.80 cm"",""2.4 cm"",""5.3 cm"",""8.0 cm""]"	singleChoice	null	null	excluded	false	parsed	"[""concentration_unit""]"	P111-CASE-198	https://www.mhlw.go.jp/content/001677930.pdf	https://www.mhlw.go.jp/content/001677933.pdf	2026-02-22	MHLW website content under Public Data License 1.0 unless separately indicated; third-party content requires separate review
P111-201	111	201	実践	実務	（物理・化学・生物） Tl は軌道電子捕獲によって放射性壊変をする。201Tl に関する記述として正し いのはどれか。２つ選べ。	"[""注射された塩化タリウム（201Tl）は、血液中で 201Tl＋ となり、Na＋ と似た体内 挙動を示す。"",""201 Tl は放射性壊変によって原子番号が 1 増える。"",""201 Tl はシングルフォトン放出核種である。"",""塩化タリウム（201Tl）注射液の 74 MBq とは 1 分間に 74 個の原子が放射性壊変 をするときの放射能を表す。"",""201 Tl の半減期を 3 日とすると、74 MBq の 201Tl の 6 日後の放射能は 18.5 MBq である。""]"	multiChoice	[2,4]	null	normal	false	parsed	"[""none""]"	P111-CASE-200	https://www.mhlw.go.jp/content/001677930.pdf	https://www.mhlw.go.jp/content/001677933.pdf	2026-02-22	MHLW website content under Public Data License 1.0 unless separately indicated; third-party content requires separate review
P111-202	111	202	実践	物理・化学・生物	‑203 52 歳男性。 4 月の定期健診で便潜血陽性と判定され、 5 月上旬にＡ市立病 院消化器外科を受診した。その結果、大腸がんの疑いで全大腸内視鏡検査を 5 月下 旬に受けることになった。検査の前処置を自宅で行うため前投薬として以下の処方 1 及び 2 の薬剤が処方され、薬剤師が服薬指導を行った。診療録より 10 年前から 糖尿病でインスリンの自己皮下注射（ 1 回 2 単位、 1 日 3 回食前）をしていること が分かった。 （処方 1 ） ピコスルファート Na 経口液 0.75％ 10 mL 1回1本 1 本を検査前日の夕食後に服用 （処方 2 ） ニフレック配合内用剤（注） 1袋 1 袋に水 2 L を加えて溶解し、検査当日の 7 時から 1 L/h の速度で服用 ⎧ ⎫ ⎜注： 1 袋中、塩化ナトリウム 2.93 g、塩化カリウム 1.485 g、炭酸水素ナト⎜ ⎜ リウム 3.37 g、無水硫酸ナトリウム 11.37 g、その他マクロゴール 4000⎜ ⎜ ⎜ ⎜ （ポリエチレングリコール 4000）など数種類の添加剤を含む。 ⎜ ⎩ ⎭ 問 202（実務） この患者に対する服薬指導として適切なのはどれか。２つ選べ。	"[""検査当日の朝は、インスリンを注射しないでください。"",""処方 1 の薬剤を検査前日に飲み忘れた場合は、検査当日の起床時に服用してく ださい。"",""2 L が飲みきれないと感じる場合は、処方 2 の薬剤を溶解する水の量を半分に してください。"",""処方 2 の薬剤は必ず水で溶かしてください。"",""処方 2 の薬剤は 1 袋を 1 時間で飲みきって構いません。""]"	multiChoice	[0,3]	null	normal	false	parsed	"[""none""]"	P111-CASE-202	https://www.mhlw.go.jp/content/001677930.pdf	https://www.mhlw.go.jp/content/001677933.pdf	2026-02-22	MHLW website content under Public Data License 1.0 unless separately indicated; third-party content requires separate review
P111-203	111	203	実践	実務	（物理・化学・生物） 内視鏡検査は体腔内を直接目視できる検査法であり、内視鏡には光量の損失なし に光を体腔内に導くために光ファイバーを用いている。光ファイバーは図 1 のよう に中心部（コア）とその周囲を覆う外周部（クラッド）からなる構造をしており、 両者の屈折率が異なることによる境界面での全反射を利用して光を伝搬する。い ま、異なる屈折率の媒質 1 と 2 の境界面における光の屈折を図 2 のように考えると き、屈折に関する記述として正しいのはどれか。２つ選べ。ただし、図 2 において 媒質 1 と 2 の屈折率をそれぞれ 1 と 、入射角を θi、屈折角を θr とする。	"[""屈折率は媒質の誘電率と光の波長に関係する。"",""媒質 1 中の光の速さは媒質 2 中よりも速い。"",""コアの屈折率を A、クラッドの屈折率を B とすると、 A ＞ B である。"",""1 sin θr ＝ 2 sin θi が成り立つ。"",""媒質 2 から θr より大きい入射角で光を入射すると媒質 1 の屈折角は θi より小 さくなる。""]"	multiChoice	[0,2]	null	normal	false	parsed	"[""none""]"	P111-CASE-202	https://www.mhlw.go.jp/content/001677930.pdf	https://www.mhlw.go.jp/content/001677933.pdf	2026-02-22	MHLW website content under Public Data License 1.0 unless separately indicated; third-party content requires separate review
P111-205	111	205	実践	実務	（実務） 病棟薬剤師が造影 MRI 検査前日に患者に説明する内容として適切なのはどれ か。２つ選べ。	"[""アムロジピン錠を検査当日休薬してください。"",""サプリメント（鉄）は検査当日摂取しないでください。"",""メトホルミン塩酸塩錠は検査当日休薬してください。"",""シタグリプチンリン酸塩錠は前日から休薬してください"",""ロキソプロフェン Na テープは検査当日剥がす必要ありません。""]"	multiChoice	[1,4]	null	normal	false	parsed	"[""none""]"	P111-CASE-204	https://www.mhlw.go.jp/content/001677930.pdf	https://www.mhlw.go.jp/content/001677933.pdf	2026-02-22	MHLW website content under Public Data License 1.0 unless separately indicated; third-party content requires separate review
P111-207	111	207	実践	実務	（実務） 内服への切り替えに関して、病棟担当薬剤師から主治医への提案として、適切な のはどれか。２つ選べ。	"[""CRP の数値が基準値以下になってから、切り替えてください。"",""腎機能の低下が認められますが、切り替えは可能です。"",""初回投与量は、点滴静注時と同量で構いません。"",""抗菌効果を高めるためにセファクロルを併用してください。"",""キレート形成により吸収を高めるため、アルミニウム製剤を同時に服用させて ください。""]"	multiChoice	[1,2]	null	normal	false	parsed	"[""none""]"	P111-CASE-206	https://www.mhlw.go.jp/content/001677930.pdf	https://www.mhlw.go.jp/content/001677933.pdf	2026-02-22	MHLW website content under Public Data License 1.0 unless separately indicated; third-party content requires separate review
P111-209	111	209	実践	実務	（実務） この患者に対する指導として適切なのはどれか。２つ選べ。	"[""胃で錠剤から成分が溶けだして胃粘膜に直接作用するので、即効性があります。"",""本剤の成分は胃で分解されると効果が落ちるため、酸化マグネシウムを同時に 服用してください。"",""効果には個人差があるので、次回、効果について聞かせてください。"",""飲み忘れた時には、次に飲む時間が近い場合を除いて、気がついた時にできる だけ早く服用してください。"",""炭酸飲料を積極的に飲むようにしてください。""]"	multiChoice	[2,3]	null	normal	false	parsed	"[""none""]"	P111-CASE-208	https://www.mhlw.go.jp/content/001677930.pdf	https://www.mhlw.go.jp/content/001677933.pdf	2026-02-22	MHLW website content under Public Data License 1.0 unless separately indicated; third-party content requires separate review
P111-210	111	210	実践	物理・化学・生物	‑211 59 歳男性。身長 170 cm、体重 82 kg。会社の健康診断で血糖値が高いこと を毎年指摘されていたが放置していた。 2 年前に受診し、糖尿病治療薬が処方され たがほとんど服用せずに自己中断してしまった。最近になり、喉の渇き、頻尿、倦 怠感が顕著となり、総合病院を受診した。空腹時血糖値が 350 mg/dL、HbA1c が 10％を超過しており、主治医と相談の結果、 7 日間の糖尿病教育入院となった。 入院後、処方 1 〜 3 の薬剤が処方され、並行して食事・運動療法、インスリン自 己注射、血糖自己測定法等の指導を受けた。 （処方 1 ） インスリンデグルデク（遺伝子組換え）ペン型注射液 1本 1 回 8 単位 1日1回 就寝前 皮下注射（自己注射） （処方 2 ） インスリンアスパルト（遺伝子組換え）ペン型注射液 1本 1 回 3 単位 1日3回 朝昼夕食直前 皮下注射（自己注射） （処方 3 ） ビルダグリプチン錠 50 mg 1 回 1 錠（ 1 日 2 錠） 1日2回 朝夕食後 7 日分 問 210（実務） 入院後、必要に応じて処方 2 のインスリン投与量を調節し、血糖コントロールが 良好となってきた。退院時指導において、本患者へ伝える内容として、誤っている のはどれか。１つ選べ。	"[""使用後の針は、そのまま中身の見えるビニール袋に入れ、自治体の決まりに 従って廃棄すること。"",""血糖測定の数値は、自ら記録すること。"",""低血糖症状の発現に備えて、ブドウ糖などを手元におくこと。"",""血糖コントロールが網膜症などの合併症予防に重要であること。"",""風邪その他感染症などが原因で、血糖コントロールが不良となる可能性がある こと。""]"	singleChoice	0	null	normal	false	parsed	"[""none""]"	P111-CASE-210	https://www.mhlw.go.jp/content/001677930.pdf	https://www.mhlw.go.jp/content/001677933.pdf	2026-02-22	MHLW website content under Public Data License 1.0 unless separately indicated; third-party content requires separate review
P111-212	111	212	実践	物理・化学・生物	‑213 34 歳男性。運送業でトラックを運転している。毎年、春先になると鼻の調 子が悪くなっていたが、特に薬は使用していなかった。今年も 2 月末から症状が出 始めたが、 3 月に入ると悪化してきたため、一般用医薬品を求めて薬局を訪れた。 以下は、男性と対応した薬剤師との会話である。 男 性： 1 週間前からくしゃみと透明な鼻水が出て、数日前から鼻がつまってい ます。車の運転に支障が出ないように、眠くならない薬を使いたいのです が、どの薬がお勧めですか。 薬剤師：点鼻薬がありますが、いかがですか。 男 性：点鼻薬は苦手なので、飲み薬はありませんか。 薬剤師：飲み薬でしたらこちらのロラタジン錠又は ア はいかがですか。 問 212（実務） 薬剤師がこの男性に提案する一般用医薬品アの有効成分として最も適切なのはど れか。１つ選べ。	"[""セチリジン塩酸塩"",""エピナスチン塩酸塩"",""フェキソフェナジン塩酸塩"",""ベポタスチンベシル酸塩"",""ジフェンヒドラミン塩酸塩""]"	singleChoice	2	null	normal	false	parsed	"[""none""]"	P111-CASE-212	https://www.mhlw.go.jp/content/001677930.pdf	https://www.mhlw.go.jp/content/001677933.pdf	2026-02-22	MHLW website content under Public Data License 1.0 unless separately indicated; third-party content requires separate review
P111-214	111	214	実践	物理・化学・生物	‑215 52 歳男性。身長 174 cm、体重 86 kg。仕事の都合で夕食の時間が遅くなる ことが多い。積極的に散歩をしているが、最近お腹が出てきて、皮下脂肪が気にな るようになってきた。テレビで肥満に効く漢方薬の宣伝を見て、防風通聖散（注）を 求めて薬局を訪れた。 （注）防風通聖散：キキョウ、カンゾウ、オウゴン、ビャクジュツ、セッコウ、 ダイオウ、マオウ、トウキ、シャクヤク、センキュウ、サンシシ、 レンギョウ、ハッカ、ケイガイ、ボウフウ、ショウキョウ、カッセキ、 ボウショウを含む 問 214（実務） この男性の状況について質問をしたときに、防風通聖散の販売が適切であると薬 剤師が判断できるのはどれか。２つ選べ。	"[""胃腸が弱い。"",""体力が充実している。"",""便秘がちである。"",""低血圧である。"",""発汗傾向である。""]"	multiChoice	[1,2]	null	normal	false	parsed	"[""none""]"	P111-CASE-214	https://www.mhlw.go.jp/content/001677930.pdf	https://www.mhlw.go.jp/content/001677933.pdf	2026-02-22	MHLW website content under Public Data License 1.0 unless separately indicated; third-party content requires separate review
P111-215	111	215	実践	実務	（物理・化学・生物） 購入して数日後、患者が再び来局し、この漢方薬を服用してから下痢が続くとの 訴えがあった。その主な原因として、防風通聖散に配合される植物由来の生薬Ａが 考えられた。生薬Ａに関する記述として、正しいのはどれか。２つ選べ。	"[""通例、根茎を利用する。"",""セリ科植物を基原とする。"",""主成分としてトロパン型アルカロイドを含有する。"",""同様の作用をもつ生薬としてボウショウがある。"",""大建中湯にも配合されている。""]"	multiChoice	[0,3]	null	normal	false	parsed	"[""none""]"	P111-CASE-214	https://www.mhlw.go.jp/content/001677930.pdf	https://www.mhlw.go.jp/content/001677933.pdf	2026-02-22	MHLW website content under Public Data License 1.0 unless separately indicated; third-party content requires separate review
P111-216	111	216	実践	物理・化学・生物	‑217 69 歳男性。高血圧治療中。20 歳頃から喫煙していた。最近、平坦なとこ ろを歩いていても息切れすることがあり、痰が少し絡むようになった。病院を受診 したところ、COPD と診断された。薬物治療が開始されていたが、症状の改善が 不十分であったため、以下の処方 1 〜 3 に変更となり、患者が処方箋を持って来局 した。患者からの聞き取りによると、医師からは、「心不全はなく、入院の必要も ない。」と説明されたとのことだった。お薬手帳の情報から、併用薬はなく、健康 食品の摂取もなかった。また、インフルエンザワクチン接種が推奨される時期であ り、接種について患者から質問があった。 （処方 1 ） アノーロエリプタ 30 吸入用（注） 1 個 1 回 1 吸入 1日1回 朝吸入 （処方 2 ） アンブロキソール塩酸塩徐放性口腔内崩壊錠 45 mg 1 回 1 錠 （ 1 日 1 錠） 1日1回 夕食後 30 日分 （処方 3 ） カルボシステイン錠 250 mg 1 回 1 錠 （ 1 日 3 錠） 1日3回 朝昼夕食後 30 日分 ⎧ ⎫ ⎜注： 1 吸入でウメクリジニウムとして 62.5 μg 及びビランテロール25 μg を⎜ ⎜ 吸入できるドライパウダー吸入剤 ⎜ ⎩ ⎭ 問 216（物理・化学・生物） この患者には息切れや痰の絡みが生じている。気管支に関する記述として正しい のはどれか。２つ選べ。	"[""気管支は分岐を繰り返しながら細くなり、細気管支、終末細気管支、呼吸細気 管支を経て、肺胞へとつながる。"",""終末細気管支は、ガス交換に関与する。"",""細気管支の細胞から肺表面活性物質が分泌される。"",""気管支の内面は粘膜で覆われており、粘液を分泌する壁細胞が存在している。"",""気管支内に侵入した異物は粘液にからめとられ、線毛の運動により肺胞側へと 輸送される。""]"	multiChoice	[0,2]	null	normal	false	parsed	"[""none""]"	P111-CASE-216	https://www.mhlw.go.jp/content/001677930.pdf	https://www.mhlw.go.jp/content/001677933.pdf	2026-02-22	MHLW website content under Public Data License 1.0 unless separately indicated; third-party content requires separate review
P111-217	111	217	実践	実務	（実務） この患者に対する薬剤師の対応として適切なのはどれか。２つ選べ。	"[""散歩などの運動は行わず、安静に生活するよう指導した。"",""症状が安定している日でも、毎日続けて処方 1 の薬剤を吸入するよう指導した。"",""処方 1 の薬剤を吸入開始後に動悸が起こることがあるが、継続使用により動悸 は治まると説明した。"",""処方 1 の薬剤の使用により、血圧が上昇するおそれがあることを説明した。"",""インフルエンザワクチンを接種しないよう説明した。""]"	multiChoice	[1,3]	null	normal	false	parsed	"[""none""]"	P111-CASE-216	https://www.mhlw.go.jp/content/001677930.pdf	https://www.mhlw.go.jp/content/001677933.pdf	2026-02-22	MHLW website content under Public Data License 1.0 unless separately indicated; third-party content requires separate review
P111-218	111	218	実践	物理・化学・生物	‑219 63 歳女性。コンタクトレンズを使用している。パソコンを使用する仕事に 従事しており、昨日から目の乾きが気になり、一般用医薬品の点眼薬を求めて薬局 を訪れた。来局者が以下の点眼薬の購入を希望したため、薬剤師は聞き取りと説明 を行った。 点眼薬の成分 精製ヒアルロン酸ナトリウム 0.1％ 添加物として、アミノカプロン酸、エデト酸ナトリウム水和物、クロルヘキシジ ングルコン酸塩液、等張化剤、pH 調整剤を含有 問 218（物理・化学・生物） この来局者は目の乾きを気にしている。目と涙液に関する記述として正しいのは どれか。２つ選べ。	"[""角膜は透明な組織で、角膜中に血管は存在しない。"",""結膜は眼球全体を覆う膜である。"",""涙腺は眼球の内下方（鼻に近い位置）に存在する。"",""涙液にはリゾチームが含まれており、抗菌性がある。"",""一般にドライアイでは、水晶体の水分量が減る。""]"	multiChoice	[0,3]	null	normal	false	parsed	"[""none""]"	P111-CASE-218	https://www.mhlw.go.jp/content/001677930.pdf	https://www.mhlw.go.jp/content/001677933.pdf	2026-02-22	MHLW website content under Public Data License 1.0 unless separately indicated; third-party content requires separate review
P111-219	111	219	実践	実務	（実務） この来局者への点眼薬の成分に関する薬剤師の説明として適切なのはどれか。 ２つ選べ。	"[""有効成分ヒアルロン酸ナトリウムは、涙の分泌を促進して目の乾きを改善しま す。"",""有効成分ヒアルロン酸ナトリウムは、高い保水力で目に潤いを与えます。"",""クロルヘキシジングルコン酸塩液が入っているため、薬液に細菌が繁殖する心 配はありません。"",""クロルヘキシジングルコン酸塩液が入っているため、コンタクトレンズを使用 している時の不快感が軽減されます。"",""ベンザルコニウム塩化物が入っていないため、カラーコンタクトレンズでなけ ればコンタクトレンズをつけたままでも点眼できます。""]"	multiChoice	[1,4]	null	normal	false	parsed	"[""none""]"	P111-CASE-218	https://www.mhlw.go.jp/content/001677930.pdf	https://www.mhlw.go.jp/content/001677933.pdf	2026-02-22	MHLW website content under Public Data License 1.0 unless separately indicated; third-party content requires separate review
P111-221	111	221	実践	実務	（実務） 処方 2 及び処方 3 を確認した薬剤師が、聞き取り内容を考慮し、処方に関して医 師へ行う提案として適切なのはどれか。１つ選べ。	"[""処方 1 の薬剤を減量"",""処方 2 の薬剤を減量"",""処方 2 の薬剤を食後へ変更"",""処方 3 の薬剤を減量"",""処方 3 の薬剤をミロガバリンべシル酸塩錠へ変更""]"	singleChoice	4	null	normal	false	parsed	"[""prescription_dosage_form""]"	P111-CASE-220	https://www.mhlw.go.jp/content/001677930.pdf	https://www.mhlw.go.jp/content/001677933.pdf	2026-02-22	MHLW website content under Public Data License 1.0 unless separately indicated; third-party content requires separate review
P111-222	111	222	実践	物理・化学・生物	‑223 51 歳男性。身長 173 cm、体重 81 kg。仕事で自動車を運転することがあ り、排尿回数が多いため水分を控えていた。 1 ケ月前から右季肋部に違和感があっ たが、特に痛みもなかったため、医療機関を受診していなかった。 3 日前に妻から 顔が少し黄色っぽいと言われた。今朝、右季肋部に痛みが現れたため医療機関を受 診した。血液検査で以下のような結果となり、さらにエコー検査、CT 検査等を行 い胆嚢結石と診断された。本人と医師が相談した結果、腹腔鏡下胆嚢摘出術を実施 することになり、それまでの間、以下の処方 1 及び処方 2 で対応することとなり、 処方箋を持って薬局を訪れた。 （検査値） AST 62 IU/L、ALT 68 IU/L、γ‑GTP 163 IU/L、 アルカリホスファターゼ（ALP）525 IU/L、 直接ビリルビン 3 mg/dL （処方 1 ） フロプロピオン錠 80 mg 1 回 1 錠 （ 1 日 3 錠） 1日3回 朝昼夕食後 14 日分 （処方 2 ） ブチルスコポラミン臭化物錠 10 mg 1回1錠 疼痛時 5 回分 問 222（実務） この患者に対する薬剤師の説明内容として適切なのはどれか。２つ選べ。	"[""処方 1 の薬剤により、胆嚢の緊張が緩み、痛みの緩和が期待される。"",""処方 1 の薬剤は、徐脈を起こすことがある。"",""処方 2 の薬剤により、食欲の抑制が期待される。"",""処方 2 の薬剤は、眼の調節障害を起こすことがある。"",""処方 2 の薬剤は、唾液分泌量の増加を起こすことがある。""]"	multiChoice	[0,3]	null	normal	false	parsed	"[""none""]"	P111-CASE-222	https://www.mhlw.go.jp/content/001677930.pdf	https://www.mhlw.go.jp/content/001677933.pdf	2026-02-22	MHLW website content under Public Data License 1.0 unless separately indicated; third-party content requires separate review
P111-223	111	223	実践	実務	（物理・化学・生物） この患者の血液検査で、ビリルビン値に異常が認められた。担当薬剤師は、患者 の状態を把握するため、ビリルビンの代謝過程を以下の図に整理して考えた。 この患者で起こっている可能性が高いのはどれか。２つ選べ。	"[""反応Ｐが主に脾臓などの細網内皮系で進行している。"",""反応Ｑが主に腎臓で進行している。"",""化合物Ａが血液中でリポタンパク質に結合している。"",""化合物Ａの血清値は正常の範囲よりも低い。"",""化合物Ｂの尿中への排出が増加している。""]"	multiChoice	[0,4]	null	normal	false	parsed	"[""none""]"	P111-CASE-222	https://www.mhlw.go.jp/content/001677930.pdf	https://www.mhlw.go.jp/content/001677933.pdf	2026-02-22	MHLW website content under Public Data License 1.0 unless separately indicated; third-party content requires separate review
P111-224	111	224	実践	物理・化学・生物	‑225 72 歳女性。嗄声が継続していたため近医を受診した。胸部 X 線検査で右肺 腫瘤を指摘され、総合病院呼吸器内科を紹介受診した。精査の結果、cT2N3M1b、 Stage ⅣA の非小細胞肺がん（腺がん）と診断された。パフォーマンスステータス （PS）0 。 遺伝子変異陰性、 遺伝子転座陰性、 遺伝子転座陰性、 遺伝子変異陰性、PD‑L1 ≧ 50％。一次治療としてペムブロリズマブが投与 されることになった。 問 224（物理・化学・生物） 本治療には、腫瘍抗原に対する T 細胞の免疫応答と、この免疫応答を調節する ための免疫チェックポイントの機能が関わっている。T 細胞の免疫応答に関する記 述として、正しいのはどれか。２つ選べ。	"[""樹状細胞は、ヘルパー T 細胞に腫瘍抗原などの抗原を提示する。"",""T 細胞のうち、腫瘍抗原に対する免疫応答を増強する細胞を制御性 T 細胞とよ ぶ。"",""抗原提示細胞の CD80/CD86 は、細胞傷害性 T リンパ球抗原‑4（CTLA‑4）と 結合することによりキラー T 細胞の活性化に必要な補助刺激シグナルを伝える。"",""がん細胞の PD‑L1 は、CD28 と結合することによりキラー T 細胞の活性化に 必要な補助刺激シグナルを伝える。"",""がん細胞の PD‑L1 は、PD‑1 と結合することによりキラー T 細胞に抑制性の シグナルを伝えて免疫応答を抑える。""]"	multiChoice	[0,4]	null	normal	false	parsed	"[""none""]"	P111-CASE-224	https://www.mhlw.go.jp/content/001677930.pdf	https://www.mhlw.go.jp/content/001677933.pdf	2026-02-22	MHLW website content under Public Data License 1.0 unless separately indicated; third-party content requires separate review
P111-225	111	225	実践	実務	（実務） この患者へのぺムブロリズマブの投与にあたり、病棟担当薬剤師が留意すること として適切なのはどれか。２つ選べ。	"[""投与前における制吐剤の予防投与"",""投与前における腎機能に応じた用量の調節"",""治療中の咳、息苦しさなどの症状"",""治療中の甲状腺機能の異常"",""治療中の 遺伝子変異陰性に伴う副作用の増悪""]"	multiChoice	[2,3]	null	normal	false	parsed	"[""none""]"	P111-CASE-224	https://www.mhlw.go.jp/content/001677930.pdf	https://www.mhlw.go.jp/content/001677933.pdf	2026-02-22	MHLW website content under Public Data License 1.0 unless separately indicated; third-party content requires separate review
P111-226	111	226	実践	衛生	‑227 院内の感染症対策委員会において、インフルエンザ流行への対応策を検討 した結果、高齢者の死亡リスクがあるため、面会制限を実施するとともに、薬剤師 が院内スタッフへ向けて感染予防の講義を行うことになった。 委員会を見学していた実務実習生から、「高齢者の死亡リスクはどのようにして 求めるのですか。 」と質問があったため、指導薬剤師が高齢者の死亡リスクを求め る模擬データを用いた課題を出した。 （模擬データ） インフルエンザウイルス感染者数と 28 日以内の死亡者数 年齢群（歳） 感染者数（人） 死亡者数（人） 55〜59 600 1 60〜64 400 1 65〜69 400 2 70〜74 400 2 75〜79 400 4 80〜84 400 5 85〜89 300 10 90〜94 300 15 問 226（衛生） 模擬データにおいて、55〜64 歳と比較した 80〜94 歳の年齢群の死亡リスクの オッズ比として最も近いのはどれか。１つ選べ。	"[""0.30"",""1.5"",""3.0"",""15"",""30""]"	singleChoice	3	null	normal	false	parsed	"[""none""]"	P111-CASE-226	https://www.mhlw.go.jp/content/001677930.pdf	https://www.mhlw.go.jp/content/001677933.pdf	2026-02-22	MHLW website content under Public Data License 1.0 unless separately indicated; third-party content requires separate review
P111-227	111	227	実践	実務	（実務） 院内スタッフに向けて行う講義内容として適切なのはどれか。２つ選べ。	"[""このウイルスの主な感染経路は空気感染である。"",""ウイルスの伝播・拡散を防止するために、手指衛生を徹底する。"",""インフルエンザ HA ワクチンの接種前に、鶏卵や鶏肉アレルギーの有無を確認 する。"",""65 歳以上の高齢者に対するインフルエンザ HA ワクチンの定期予防接種は、 努力義務である。"",""感染予防の目的で、ペラミビルを投与することができる。""]"	multiChoice	[1,2]	null	normal	false	parsed	"[""none""]"	P111-CASE-226	https://www.mhlw.go.jp/content/001677930.pdf	https://www.mhlw.go.jp/content/001677933.pdf	2026-02-22	MHLW website content under Public Data License 1.0 unless separately indicated; third-party content requires separate review
P111-228	111	228	実践	衛生	‑229 69 歳女性。乳がん切除後 6 日目に悪寒と 38.6℃の発熱を認め、タゾバク タム・ピペラシリンの投与が開始された。その 3 日後にメチシリン耐性黄色ブドウ 球菌（MRSA）が創部から検出されたため、抗菌薬がバンコマイシンに変更され た。バンコマイシン投与開始後 7 日目の抗菌薬適正使用支援チーム（AST）回診 前の検査所見は以下のとおりであった。 （検査所見） 体温：36.2 ℃ 血液検査：白血球 8,600/μL、赤血球 462 × 104/μL、血小板 18 × 104/μL、 AST 24 IU/L、ALT 30 IU/L、LDH 212 IU/L、 総ビリルビン 1.2 mg/dL、血清クレアチニン 0.6 mg/dL、 eGFR 65.6 mL/min/1.73 m2、空腹時血糖 98 mg/dL、 TG（トリグリセリド）145 mg/dL、総コレステロール 180 mg/dL、 尿酸 6.5 mg/dL、CRP 0.25 mg/dL 創部浸出液：なし 問 228（実務） 医師より前にこの検査所見を見た薬剤師が提案する内容として最も適切なのはど れか。１つ選べ。	"[""バンコマイシンからリネゾリドへの変更"",""バンコマイシンからテイコプラニンへの変更"",""バンコマイシンからセファゾリンへの変更"",""バンコマイシンの減量"",""バンコマイシンの中止""]"	singleChoice	4	null	normal	false	parsed	"[""none""]"	P111-CASE-228	https://www.mhlw.go.jp/content/001677930.pdf	https://www.mhlw.go.jp/content/001677933.pdf	2026-02-22	MHLW website content under Public Data License 1.0 unless separately indicated; third-party content requires separate review
P111-229	111	229	実践	実務	（衛生） この患者が罹患した MRSA 感染症に関する記述として、正しいのはどれか。 ２つ選べ。	"[""日和見感染症の 1 つである。"",""感染症法（注）において、特定の職業への就業によって集団発生を起こし得る感 染症とされている。"",""患者は、第一種感染症指定医療機関に転院しなければならない。"",""定点把握の対象疾患として届出なければならない。"",""病原体は、院内患者から検出され、健常人から検出されることはない。 （注）感染症法：感染症の予防及び感染症の患者に対する医療に関する法律""]"	multiChoice	[0,3]	null	normal	false	parsed	"[""none""]"	P111-CASE-228	https://www.mhlw.go.jp/content/001677930.pdf	https://www.mhlw.go.jp/content/001677933.pdf	2026-02-22	MHLW website content under Public Data License 1.0 unless separately indicated; third-party content requires separate review
P111-230	111	230	実践	衛生	‑231 50 歳女性。これまでに薬の副作用、アレルギー歴なし。肩こり、ほてり、 発汗、イライラを感じている。食事のバランスに気をつけているが、健康診断で骨 密度が低めであることを指摘された。骨の健康が気になり、特定保健用食品を利用 したいと思い、薬局を訪れた。 問 230（実務） この女性に特定保健用食品を勧めるにあたり、薬剤師が備えておくべき知識とし て、正しいのはどれか。２つ選べ。	"[""特定保健用食品には、健康の維持・増進にかかわる特定の保健の用途に適する 食品であることが表示されている。"",""特定保健用食品は、厚生労働省によって認められた食品である。"",""医薬品と同じように、特定保健用食品によって疾病を治療できる。"",""特定保健用食品は、薬局だけで購入することができる。"",""特定保健用食品には、骨粗しょう症になる疾病リスクを低減する可能性を表示 したものがある。""]"	multiChoice	[0,4]	null	normal	false	parsed	"[""none""]"	P111-CASE-230	https://www.mhlw.go.jp/content/001677930.pdf	https://www.mhlw.go.jp/content/001677933.pdf	2026-02-22	MHLW website content under Public Data License 1.0 unless separately indicated; third-party content requires separate review
P111-231	111	231	実践	実務	（衛生） この女性に勧める特定保健用食品の関与成分として適切なのはどれか。２つ選 べ。	"[""キトサン"",""大豆イソフラボン"",""茶カテキン"",""ビタミン K2"",""マルチトール""]"	multiChoice	[1,3]	null	normal	false	parsed	"[""none""]"	P111-CASE-230	https://www.mhlw.go.jp/content/001677930.pdf	https://www.mhlw.go.jp/content/001677933.pdf	2026-02-22	MHLW website content under Public Data License 1.0 unless separately indicated; third-party content requires separate review
P111-232	111	232	実践	衛生	‑233 66 歳女性。12 月下旬、忘年会で海産物を食べた後、嘔吐と下痢で内科を 受診し、ノロウイルス感染症と診断された。この女性は、医療機関で点滴を受けた 後、処方箋を薬局に持参した。 トイレを借りたいと申し出があり、薬局スタッフが案内する途中で嘔吐した。そ の後、トイレの便器でも嘔吐したため、薬局スタッフが吐瀉物の処理を行うことに なった。 問 232（実務） 薬剤師がこの薬局スタッフに指示した内容として適切なのはどれか。２つ選べ。	"[""マスク、ゴム手袋、エプロン及びフェイスシールドを着用する。"",""吐瀉物の処理は、感染拡大防止のため窓を閉め切って行う。"",""患者が触れた手すりやドアノブの消毒は、ベンザルコニウム塩化物液で行う。"",""洋式便座の消毒は、グルタラール液で 2 度拭きする。"",""吐瀉物が付着した白衣の消毒は、0.1％次亜塩素酸ナトリウム液への浸漬によ り行う。""]"	multiChoice	[0,4]	null	normal	false	parsed	"[""none""]"	P111-CASE-232	https://www.mhlw.go.jp/content/001677930.pdf	https://www.mhlw.go.jp/content/001677933.pdf	2026-02-22	MHLW website content under Public Data License 1.0 unless separately indicated; third-party content requires separate review
P111-233	111	233	実践	実務	（衛生） その後、軽快したこの女性が感謝の気持ちを伝えたいと再び来局したときに、食 中毒の種類や相違について質問した。薬剤師が説明した内容として、適切なのはど れか。２つ選べ。	"[""ノロウイルス食中毒は、生のカキ（牡蠣）などの喫食で発生することがある が、食前加熱（85℃、 5 分間）することで防ぐことができる。"",""嘔吐型セレウス菌食中毒は、チャーハンなどの喫食で発生することがあるが、 調理後室温で長時間放置しても再び加熱（85℃、 5 分間）することで防ぐことが できる。"",""ウェルシュ菌食中毒は、カレーなどの喫食で発生することがあるが、調理後室 温で長時間放置しても再び加温（45℃、 5 分間）することで防ぐことができる。"",""カンピロバクター食中毒は、生肉などの喫食で発生することがあるが、食品を 冷凍（−20℃、48 時間）することで防ぐことができる。"",""アニサキスによる食中毒は、鮮魚などの喫食で発生することがあるが、食品を 冷凍（−20℃、48 時間）することで防ぐことができる。""]"	multiChoice	[0,4]	null	normal	false	parsed	"[""none""]"	P111-CASE-232	https://www.mhlw.go.jp/content/001677930.pdf	https://www.mhlw.go.jp/content/001677933.pdf	2026-02-22	MHLW website content under Public Data License 1.0 unless separately indicated; third-party content requires separate review
P111-234	111	234	実践	衛生	‑235 84 歳男性。身長 165 cm、体重 60.5 kg。直腸がん（Stage Ⅲb）に対して、 腹腔鏡下直腸切断術が施行された。術後疼痛管理のためアセトアミノフェン静注液 1,000 mg を手術当日に 1 回投与した。疼痛が継続したため、さらに術後 1 日目と 2 日目に 1 日 4 回投与した。術後 3 日目の血液検査で総ビリルビン 2.63 mg/dL、 AST 5,991 IU/L、ALT 4,438 IU/L であったため、アセトアミノフェン血漿中濃 度を測定した結果、解毒薬の投与推奨域であった。 問 234（実務） 薬剤師が医師へ提案すべき解毒薬はどれか。１つ選べ。	"[""ジメルカプロール"",""‑アセチルシステイン"",""亜硝酸ナトリウム"",""プラリドキシムヨウ化物"",""フルマゼニル""]"	singleChoice	1	null	normal	false	parsed	"[""none""]"	P111-CASE-234	https://www.mhlw.go.jp/content/001677930.pdf	https://www.mhlw.go.jp/content/001677933.pdf	2026-02-22	MHLW website content under Public Data License 1.0 unless separately indicated; third-party content requires separate review
P111-236	111	236	実践	衛生	‑237 45 歳男性。糖尿病で治療中である。21〜30 歳までの間、化学工場で化学 物質を取り扱う業務に従事していた。血尿を自覚し泌尿器科を受診し、膀胱鏡検 査、造影 CT 及び MRI 検査により、膀胱がんと診断された。経尿道的膀胱腫瘍切 除術を施行し、筋層浸潤がんであることが確認されたため、GC 療法（ゲムシタビ ン・シスプラチン併用療法）による術前化学療法を 4 コース行った後、ロボット支 援根治的膀胱全摘除術を受けることになった。 問 236（実務） この患者の化学療法に伴う悪心・嘔吐の予防に用いる薬剤として適切なのはどれ か。２つ選べ。	"[""クロルプロマジン塩酸塩錠"",""メトクロプラミド錠"",""アプレピタントカプセル"",""オランザピン錠"",""パロノセトロン塩酸塩注射液""]"	multiChoice	[2,4]	null	normal	false	parsed	"[""none""]"	P111-CASE-236	https://www.mhlw.go.jp/content/001677930.pdf	https://www.mhlw.go.jp/content/001677933.pdf	2026-02-22	MHLW website content under Public Data License 1.0 unless separately indicated; third-party content requires separate review
P111-238	111	238	実践	衛生	‑239 65 歳女性。 3 ケ月前から腰痛を自覚し、市販の痛み止めを服用しても改善 しないため整形外科を受診した。腰椎骨密度が YAM の 62％であり、X 線像から 骨粗しょう症と診断され、処方箋をもって来局した。調剤した後、硬度が特に高い ミネラルウォーター（硬度 300 mg/L 以上）で服用してはいけないことを含めて服 薬指導を行った。 服薬指導後に、患者がカバンからミネラルウォーターを取り出し、 「いつも飲ん でいるこの水は大丈夫ですか。」と質問した。薬剤師は、ボトルのラベルを確認 し、服薬時に使用可能かどうかを評価するために総硬度を計算した。 （処方） リセドロン酸 Na 錠 17.5 mg 1 回 1 錠 （ 1 日 1 錠） 毎週 日曜日 1日1回 起床時 4 日分（投与実日数） （ミネラルウォーター 100 mL の栄養成分） エネルギー 0 kcal タンパク質 0g 脂質 0g 炭水化物 0g ナトリウム 5.8 mg カルシウム 21.6 mg マグネシウム 9.5 mg カリウム 1.2 mg pH 値 6.59 問 238（衛生） このミネラルウォーターの総硬度（mg/L）に最も近い値はどれか。１つ選べ。 ただし、原子量は C 12.0、O 16.0、Na 23.0、Mg 24.3、K 39.0、Ca 40.1 とする。	"[""37"",""63"",""93"",""370"",""630"",""930""]"	singleChoice	5	null	normal	false	parsed	"[""none""]"	P111-CASE-238	https://www.mhlw.go.jp/content/001677930.pdf	https://www.mhlw.go.jp/content/001677933.pdf	2026-02-22	MHLW website content under Public Data License 1.0 unless separately indicated; third-party content requires separate review
P111-239	111	239	実践	実務	（実務） 処方薬の服用に関して、薬剤師がこの患者に伝える内容として適切なのはどれ か。２つ選べ。	"[""このミネラルウォーターではなく、水道水などの軟水で服用してください。"",""服用後すぐに朝食を摂ってください。"",""代謝物で尿が橙赤色になることがあります。"",""噛んだり舐めたりせずに服用してください。"",""服用を忘れて朝食を摂った場合は、昼食前の空腹時に服用してください。""]"	multiChoice	[0,3]	null	normal	false	parsed	"[""none""]"	P111-CASE-238	https://www.mhlw.go.jp/content/001677930.pdf	https://www.mhlw.go.jp/content/001677933.pdf	2026-02-22	MHLW website content under Public Data License 1.0 unless separately indicated; third-party content requires separate review
P111-240	111	240	実践	衛生	‑241 7 月中旬に学校薬剤師が担当中学校の屋外プールの水質検査を実施した。 採水時刻は午前 11 時、天候は晴れ、気温 29.5 ℃、水温 32 ℃であった。循環ろ過 装置の運転は 1 日当たり 2 循環であり、消毒剤として塩素化イソシアヌル酸が自動 注入されている。 対象のプールの採水場所Ａ、Ｂ、Ｃ 給水口Ｘ、排水口Ｙ 上図のプール 3 ケ所（Ａ〜Ｃ）で遊離残留塩素を測定したところ、全て 0.4 mg/L であった。その他の検査結果は次のとおりだった。 （検査結果） 検 査 項 目 採水場所Ａ 採水場所Ｂ 採水場所Ｃ pH 値 7.0 7.1 7.1 濁 度（度） 0.94 0.78 0.89 大 腸 菌 検出 不検出 不検出 一般細菌（CFU/mL） 49 48 44 問 240（衛生） Ａから採取した水の過マンガン酸カリウム消費量を薬剤師が測定することにし た。検水 100 mL をとり、これに過マンガン酸カリウム処理硫酸溶液 5 mL を加 え、さらに 0.002 mol/L 過マンガン酸カリウム溶液 10 mL を正確に加えた。 5 分 間煮沸した後、直ちに 0.005 mol/L シュウ酸ナトリウム溶液 10 mL を正確に加え て脱色させ、さらに 0.002 mol/L 過マンガン酸カリウム溶液で微紅色が消えずに残 るまで滴定したところ、5.0 mL を要した。このとき、過マンガン酸カリウム消費 量（mg/L）に最も近い値はどれか。１つ選べ。ただし、過マンガン酸カリウム溶 液とシュウ酸ナトリウム溶液のファクターを 1.000、過マンガン酸カリウムの式量 を 158 とする。	"[""8.0"",""12"",""16"",""80"",""160""]"	singleChoice	2	null	normal	false	parsed	"[""none""]"	P111-CASE-240	https://www.mhlw.go.jp/content/001677930.pdf	https://www.mhlw.go.jp/content/001677933.pdf	2026-02-22	MHLW website content under Public Data License 1.0 unless separately indicated; third-party content requires separate review
P111-241	111	241	実践	実務	（実務） 水質検査結果を基に、学校薬剤師がプールを管理している教員に対し助言する内 容として、適切なのはどれか。２つ選べ。	"[""過マンガン酸カリウム消費量が多いほど、塩素消毒するとトリハロメタンの生 成が抑制できる。"",""水質を改善するためにオーバーフローしないように注意しながら水を補給する。"",""循環ろ過装置は、水に溶存する有機物を除去するために設置している。"",""入泳者数の多さや入水前のシャワーの不足により、過マンガン酸カリウム消費 量が多くなる。"",""大腸菌が検出されているので、消毒剤を追加して水質の改善が確認できるまで は遊泳させない。""]"	multiChoice	[3,4]	null	normal	false	parsed	"[""none""]"	P111-CASE-240	https://www.mhlw.go.jp/content/001677930.pdf	https://www.mhlw.go.jp/content/001677933.pdf	2026-02-22	MHLW website content under Public Data License 1.0 unless separately indicated; third-party content requires separate review
P111-242	111	242	実践	衛生	‑243 学校薬剤師が教室の環境衛生検査を実施するために 12 月に小学校を訪問 し、二酸化炭素濃度を測定した。各教室には冷暖房及び換気設備が設置されている が、暖房設備が故障し、一時的に石油ファンヒーターを使用している教室があった ので、学校薬剤師は追加で検査することにした。 問 242（実務） 教室等の環境に係る学校環境衛生基準に設定されており、この教室で学校薬剤師 が測定すべき検査項目はどれか。２つ選べ。	"[""二酸化硫黄"",""オゾン"",""一酸化炭素"",""一酸化窒素"",""二酸化窒素""]"	multiChoice	[2,4]	null	normal	false	parsed	"[""none""]"	P111-CASE-242	https://www.mhlw.go.jp/content/001677930.pdf	https://www.mhlw.go.jp/content/001677933.pdf	2026-02-22	MHLW website content under Public Data License 1.0 unless separately indicated; third-party content requires separate review
P111-243	111	243	実践	実務	（衛生） 児童 20 名がいるこの教室の床板面積は 80 m2、床から天井までの高さは 2.5 m である。また、使用している石油ファンヒーターから 1 時間当たり 0.02 L のガス Ａが発生する。ガスＡの濃度を学校環境衛生基準である 0.06 ppm に保つのに必要 な換気回数は 1 時間当たり何回か。１つ選べ。 ただし、外気中のガスＡの濃度は 0.01 ppm、教室内において、これ以外にガス Ａの発生はないものとする。	"[""1回"",""2回"",""3回"",""4回"",""5回""]"	singleChoice	1	null	normal	false	parsed	"[""none""]"	P111-CASE-242	https://www.mhlw.go.jp/content/001677930.pdf	https://www.mhlw.go.jp/content/001677933.pdf	2026-02-22	MHLW website content under Public Data License 1.0 unless separately indicated; third-party content requires separate review
P111-244	111	244	実践	衛生	‑245 9 月上旬に小学校の学校給食施設において、調理場の温湿度計が誤作動を 起こし表示されなくなった。夏場は熱気や蒸気の発生で、高温・高湿になることが 多かったため、現状を把握するために、学校薬剤師が室内の作業環境測定を行うこ とになった。 問 244（衛生） 学校薬剤師が屋内の調理場の乾球温度、湿球温度、黒球温度を測定したところ、 以下の値であった。暑さ指数（湿球黒球温度：WBGT）として最も近い値はどれ か。１つ選べ。 乾球温度：28.0 ℃ 湿球温度：25.0 ℃ 黒球温度：32.0 ℃	"[""25"",""26"",""27"",""28"",""29""]"	singleChoice	2	null	normal	false	parsed	"[""none""]"	P111-CASE-244	https://www.mhlw.go.jp/content/001677930.pdf	https://www.mhlw.go.jp/content/001677933.pdf	2026-02-22	MHLW website content under Public Data License 1.0 unless separately indicated; third-party content requires separate review
P111-245	111	245	実践	実務	（実務） 学校薬剤師が学校給食従事者に対して行う、脱水や熱中症に関する説明内容とし て適切なのはどれか。２つ選べ。	"[""室温が 28.5 ℃以下であれば、熱中症になることはありません。"",""のどの渇きを感じるまで、水分補給は必要ありません。"",""めまいや大量の発汗、筋肉の硬直（こむら返り）などの初期症状に注意してく ださい。"",""病者用食品の経口補水液は、脱水症の予防を目的としたものです。"",""病者用食品の経口補水液を飲み過ぎると、ナトリウムの過剰摂取になるおそれ があります。""]"	multiChoice	[2,4]	null	normal	false	parsed	"[""none""]"	P111-CASE-244	https://www.mhlw.go.jp/content/001677930.pdf	https://www.mhlw.go.jp/content/001677933.pdf	2026-02-22	MHLW website content under Public Data License 1.0 unless separately indicated; third-party content requires separate review
P111-246	111	246	実践	薬理	‑247 79 歳男性。身長 165 cm、体重 47 kg。口渇が著明で、発熱や咳嗽を主訴に 総合病院を受診し、入院後に誤嚥性肺炎と診断され、入院当日から処方 1 による治 療が開始された。 （処方 1 ） 点滴静注 注射用アンピシリンナトリウム・スルバクタムナトリウム （ 3 g/バック 1 バック） 3 g 1日4回 朝昼夕食後・就寝前 1 時間かけて投与 5 日連日投与 喀痰培養検査で、 が同定され、薬剤感受性試験の結果は 以下のとおりであったが、肺膿瘍は認められなかった。 （薬剤感受性試験の結果） 抗菌薬 MIC（μg/mL） 判定 アンピシリン ≧ 32 Resistant（耐性） ピペラシリン ≧ 128 Resistant（耐性） セフトリアキソン ≦1 Susceptible（感性） タゾバクタム・ピペラシリン ≦ 16 Susceptible（感性） この結果を踏まえて、新たな抗生物質の投与により、誤嚥性肺炎は軽快に向かっ たが、軽度の舌苔が認められた。含嗽はしていたが、12 日目より口腔咽頭カンジ ダ症を発症したため、処方 2 が追加となった。 （処方 2 ） イトラコナゾール経口液 1 ％ 1 回 20 mL（ 1 日 20 mL） 1日1回 空腹時 7 日分 また、食事摂取困難な日が継続していたことから、栄養摂取方法について検討が なされた。 問 246（実務） 本症例における薬剤師の対応として正しいのはどれか。１つ選べ。	"[""薬剤感受性試験結果より、処方 1 の薬剤をピペラシリンへ切り替えるよう提案 した。"",""新たな抗生物質への切り替え後は、少なくとも 30 日以上投与することを提案 した。"",""処方 2 の薬剤は、服薬時に数秒間口に含み、口腔内全体に行き渡らせた後に嚥 下する旨を患者に指導した。"",""食事摂取困難の対応として、フルカリック輸液（注）を末梢静脈から投与するよ う提案した。"",""誤嚥が認められた場合の対応として、ジフェンヒドラミンの使用を提案した。 （注：総合ビタミン・糖・アミノ酸・電解質を含む高カロリー輸液）""]"	singleChoice	2	null	normal	false	parsed	"[""none""]"	P111-CASE-246	https://www.mhlw.go.jp/content/001677931.pdf	https://www.mhlw.go.jp/content/001677933.pdf	2026-02-22	MHLW website content under Public Data License 1.0 unless separately indicated; third-party content requires separate review
P111-247	111	247	実践	実務	（薬理） 処方 1 又は 2 に含まれる薬物が阻害するのはどれか。２つ選べ。	"[""トランスペプチダーゼ"",""Ⅱ型トポイソメラーゼ"",""ラノステロール C‑14 脱メチル化酵素"",""1，3‑β‑D‑グルカン合成酵素"",""スクアレンエポキシダーゼ""]"	multiChoice	[0,2]	null	normal	false	parsed	"[""none""]"	P111-CASE-246	https://www.mhlw.go.jp/content/001677931.pdf	https://www.mhlw.go.jp/content/001677933.pdf	2026-02-22	MHLW website content under Public Data License 1.0 unless separately indicated; third-party content requires separate review
P111-248	111	248	実践	薬理	‑249 58 歳女性。 40 歳頃より肌荒れが気になり、ビタミン C 及びビタミン B6 含有サプリメントを服用している。 5 年前に友人より「女性は鉄分が不足がちなの で鉄分含有サプリメントの服用が良い」と勧められ服用している。 2 年前に歩行時 につまずくことが増え、かかりつけ医から紹介されて市民病院を受診したところ、 初期のパーキンソン病と診断され、処方 1 による治療が開始された。しかし、最近 手指の安静時のふるえや動作のぎこちなさが目立つようになり、処方 2 が追加され た。処方 1 、処方 2 とも、同病院の薬剤部で調剤された。 （処方 1 ） プラミペキソール塩酸塩錠 0.5 mg 1 回 2 錠（ 1 日 6 錠） 1日3回 朝昼夕食後 14 日分 （処方 2 ） レボドパ 100 mg・カルビドパ配合錠 1 回 1 錠（ 1 日 3 錠） 1日3回 朝昼夕食後 14 日分 問 248（実務） 処方 1 及び 2 の薬剤について病院薬剤師がこの患者に対して説明する内容とし て、適切なのはどれか。２つ選べ。	"[""処方 2 の薬剤の作用を減弱させるため、ビタミン C 含有サプリメントの服用を 避ける。"",""処方 2 の薬剤の作用を増強させるため、ビタミン B6 含有サプリメントの服用 を避ける。"",""処方 2 の薬剤の吸収を低下させるため、鉄分含有サプリメントの同時服用を避 ける。"",""処方 2 に含まれる薬物の血中濃度を測定するため、来院当日は絶食する。"",""処方 1 と処方 2 の薬剤の併用により突然眠気が出ることがあるため、危険を伴 う機械の操作は避ける。""]"	multiChoice	[2,4]	null	normal	false	parsed	"[""none""]"	P111-CASE-248	https://www.mhlw.go.jp/content/001677931.pdf	https://www.mhlw.go.jp/content/001677933.pdf	2026-02-22	MHLW website content under Public Data License 1.0 unless separately indicated; third-party content requires separate review
P111-249	111	249	実践	実務	（薬理） 患者はその後、この治療を 7 年間継続したところ、wearing-off 現象が見られる ようになった。この現象を改善する薬物の作用機序として、正しいのはどれか。 ２つ選べ。	"[""ドパミン D2 受容体を遮断する。"",""アデノシン A2A 受容体を遮断する。"",""セロトニン 5‑HT1 受容体を刺激する。"",""セロトニントランスポーターを阻害する。"",""カテコール‑ ‑メチルトランスフェラーゼ（COMT）を阻害する。""]"	multiChoice	[1,4]	null	normal	false	parsed	"[""none""]"	P111-CASE-248	https://www.mhlw.go.jp/content/001677931.pdf	https://www.mhlw.go.jp/content/001677933.pdf	2026-02-22	MHLW website content under Public Data License 1.0 unless separately indicated; third-party content requires separate review
P111-250	111	250	実践	薬理	‑251 33 歳女性。身長 158 cm、体重 52 kg。夫と 2 人暮らし。 1 年半前より朝の 関節のこわばりや痛みを自覚し、 1 年前に関節の腫脹・疼痛が出現した。近医でリ ウマトイド因子陽性の関節リウマチと診断され、治療が開始された。処方 1 〜 3 で 治療継続中であったが、疾患活動性の上昇により 7 日前に入院した。病棟カンファ レンスで処方 3 が処方 4 へ変更されることになった。 （処方 1 ） メトトレキサートカプセル 2 mg 1 回 2 カプセル（ 1 日 4 カプセル） 毎週 土曜日 1 日 2 回 朝夕食後 1 日分（投与実日数） メトトレキサートカプセル 2 mg 1 回 1 カプセル（ 1 日 1 カプセル） 毎週 日曜日 1 日 1 回 朝食後 1 日分（投与実日数） （処方 2 ） 葉酸錠 5 mg 1 回 1 錠（ 1 日 1 錠） 毎週 月曜日 1 日 1 回 朝食後 1 日分（投与実日数） （処方 3 ） アダリムマブ（遺伝子組換え）皮下注（40 mg/ 1 キット） 1 キット 1 回 40 mg 2 週間に 1 回 皮下注射（自己注射） （処方 4 ） トファシチニブクエン酸塩錠 5 mg 1 回 1 錠（ 1 日 2 錠） 1日2回 朝夕食後 7 日分 問 250（実務） 病棟カンファレンスに参加した医療チームで情報共有する内容として、適切でな いのはどれか。１つ選べ。	"[""メトトレキサート服用により感染リスクが高まる。"",""トファシチニブ服用により出血傾向になる。"",""トファシチニブ服用により帯状疱疹が発生しやすくなる。"",""トファシチニブ投与中及び終了後少なくとも 1 月経周期は適切な避妊を行う。"",""トファシチニブはシトクロム P450 で代謝されるため、他の薬剤との併用に注 意する。""]"	singleChoice	1	null	normal	false	parsed	"[""none""]"	P111-CASE-250	https://www.mhlw.go.jp/content/001677931.pdf	https://www.mhlw.go.jp/content/001677933.pdf	2026-02-22	MHLW website content under Public Data License 1.0 unless separately indicated; third-party content requires separate review
P111-251	111	251	実践	実務	（薬理） 処方 1 〜 4 のいずれかの薬物の作用機序として、正しいのはどれか。２つ選べ。	"[""IL‑6 受容体に結合することで、IL‑6 により誘導される炎症反応を抑制する。"",""抗原提示細胞表面の CD80/CD86 に結合することで、CD28 を介した共刺激シ グナルを抑制する。"",""ヤヌスキナーゼ（JAK）を阻害することで、リンパ球の活性化を阻害する。"",""カルシニューリンを阻害することで、ヘルパー T 細胞における IL‑2 産生を抑 制する。"",""ジヒドロ葉酸還元酵素を阻害することで、チミジル酸の合成を抑制する。""]"	multiChoice	[2,4]	null	normal	false	parsed	"[""none""]"	P111-CASE-250	https://www.mhlw.go.jp/content/001677931.pdf	https://www.mhlw.go.jp/content/001677933.pdf	2026-02-22	MHLW website content under Public Data License 1.0 unless separately indicated; third-party content requires separate review
P111-252	111	252	実践	薬理	‑253 65 歳女性。身長 147 cm、体重 48 kg。非ホジキンリンパ腫の既往があり、 3 年前に胸部放射線治療を実施し、がん疼痛に対して鎮痛薬を内服していた。その 後、放射線性心膜炎と心嚢液貯留が認められ、循環器内科で経過観察中であった。 今年 4 月、労作時呼吸困難を主訴に受診し、急性心不全と診断され入院となった。 薬剤師が持参薬の確認を行ったところ、処方 1 及び処方 2 の薬剤を持参していた。 （処方 1 ） ロキソプロフェン Na 錠 60 mg 1 回 1 錠（ 1 日 3 錠） レバミピド錠 100 mg 1 回 1 錠（ 1 日 3 錠） 1日3回 朝昼夕食後 10 日分 （処方 2 ） テルミサルタン錠 20 mg 1 回 1 錠（ 1 日 1 錠） 1日1回 朝食後 10 日分 胸部 X 線で両側胸水と心拡大が認められ、心エコーで左室駆出率は 40％に低下 していた。なお、心嚢液貯留は認めなかったが、入院直後の検査値から、処方 1 と 処方 2 を入院後も継続し、処方 3 の追加が検討された。 検査値： 項目 入院 3 ケ月前 入院直後 血圧（mmHg） 124/82 138/90 CCr（mL/min） 57.3 48.6 白血球（/μL） 4,000 4,200 CRP（mg/dL） 0 0.2 （処方 3 ） ダパグリフロジン錠 10 mg 1 回 1 錠（ 1 日 1 錠） フロセミド錠 10 mg 1 回 1 錠（ 1 日 1 錠） エプレレノン錠 25 mg 1 回 1 錠（ 1 日 1 錠） 1日1回 朝食後 10 日分 問 252（実務） 医師に伝える薬学的提案として適切な内容はどれか。２つ選べ。	"[""処方 3 による低カリウム血症が、レバミピド錠により増強される。"",""処方 3 を開始するにあたり急性腎障害を引き起こす誘発要因が疑われるため、 ロキソプロフェンナトリウム錠をアセトアミノフェン錠へ変更する。"",""ダパグリフロジン錠は浮腫を発現するため、中止する。"",""エプレレノン錠は心不全において腎保護的にはたらくため増量する。"",""尿路感染時には、レボフロキサシン錠を追加する。""]"	multiChoice	[1,4]	null	normal	false	parsed	"[""none""]"	P111-CASE-252	https://www.mhlw.go.jp/content/001677931.pdf	https://www.mhlw.go.jp/content/001677933.pdf	2026-02-22	MHLW website content under Public Data License 1.0 unless separately indicated; third-party content requires separate review
P111-253	111	253	実践	実務	（薬理） 処方 3 のいずれかの薬物の作用機序として、正しいのはどれか。２つ選べ。	"[""ネプリライシンを阻害して、心房性ナトリウム利尿ペプチド（ANP）の心保護 作用を増強する。"",""Na＋， K＋‑ATPase を阻害して、心筋細胞内の Ca2＋ 量を増加させる。"",""ナトリウム‑グルコース共輸送体 2 （SGLT2）を阻害して、近位尿細管におけ る Na＋ 再吸収を抑制する。"",""アドレナリン β1 受容体を遮断して、傍糸球体細胞からのレニン分泌を抑制す る。"",""ミネラルコルチコイド受容体を遮断して、集合管における上皮性 Na＋ チャネル の発現を抑制する。""]"	multiChoice	[2,4]	null	normal	false	parsed	"[""none""]"	P111-CASE-252	https://www.mhlw.go.jp/content/001677931.pdf	https://www.mhlw.go.jp/content/001677933.pdf	2026-02-22	MHLW website content under Public Data License 1.0 unless separately indicated; third-party content requires separate review
P111-254	111	254	実践	薬理	‑255 54 歳男性。身長 171 cm、体重 65 kg。脳梗塞の既往あり。通勤中の午前 8 時頃、回転性めまいを自覚して駅で転倒し、救急搬送された。意識消失や明らかな 外傷はなかったが、繰り返し嘔吐をしていた。午前 9 時に病院到着後、頭部 CT で 小脳に最大径 3.5 cm の出血を認め、激しいめまいと平衡障害も出現した。開頭手 術が予定されており、お薬手帳を基に服用薬剤と最終服薬時刻の確認が必要とな り、家族に聴取したところ、同日の朝 7 時に服薬したことがわかった。 （お薬手帳の内容） ビソプロロールフマル酸塩錠 2.5 mg 1回1錠 1日1回 朝食後 エソメプラゾールカプセル 10 mg 1 回 1 カプセル 1日1回 朝食後 オルメサルタン錠 10 mg 1回1錠 1日1回 朝食後 ダビガトランエテキシラートカプセル 75 mg 1 回 1 カプセル 1日2回 朝夕食後 （臨床所見及び検査値） 血圧 153/115 mmHg、脈拍 62 拍/分、AST 45 IU/L、ALT 33 IU/L、 LDL‑C 78 mg/dL、血清クレアチニン 0.7 mg/dL、HbA1c 5.5％ 問 254（実務） 抗血栓薬の中和目的で手術に備えて準備することを提案する薬物として、適切な のはどれか。１つ選べ。	"[""イダルシズマブ"",""プロタミン"",""乾燥濃縮人プロトロンビン複合体"",""アンデキサネット アルファ"",""メナテトレノン""]"	singleChoice	0	null	normal	false	parsed	"[""none""]"	P111-CASE-254	https://www.mhlw.go.jp/content/001677931.pdf	https://www.mhlw.go.jp/content/001677933.pdf	2026-02-22	MHLW website content under Public Data License 1.0 unless separately indicated; third-party content requires separate review
P111-255	111	255	実践	実務	（薬理） この患者はビソプロロールを服用しているため、手術中の緊急時にカテコールア ミン系強心薬に応答しにくい可能性が考えられた。そこで、この患者でも強心効果 が期待できる 2 つの注射剤の準備を医師に提案した。この 2 剤に含まれる薬物の心 筋への作用として適切なのはどれか。２つ選べ。	"[""インスリン受容体を刺激する。"",""グルカゴン受容体を刺激する。"",""過分極活性化環状ヌクレオチド（HCN）チャネルを阻害する。"",""ホスホジエステラーゼⅢを阻害する。"",""アデニル酸シクラーゼを阻害する。""]"	multiChoice	[1,3]	null	normal	false	parsed	"[""none""]"	P111-CASE-254	https://www.mhlw.go.jp/content/001677931.pdf	https://www.mhlw.go.jp/content/001677933.pdf	2026-02-22	MHLW website content under Public Data License 1.0 unless separately indicated; third-party content requires separate review
P111-256	111	256	実践	薬理	‑257 77 歳男性。身長 165 cm、体重 61 kg。10 年前に腎硬化症と診断され、処 方 1 〜 4 の薬剤で治療中である。 （処方 1 ） 炭酸水素ナトリウム錠 500 mg 1 回 1 錠（ 1 日 3 錠） 1日3回 朝昼夕食後 5 日分 （処方 2 ） 球形吸着炭細粒 1 回 2 g（ 1 日 6 g） 1日3回 朝昼夕食間 5 日分 （処方 3 ） アルファカルシドール錠 0.5 μg 1 回 1 錠（ 1 日 1 錠） ダプロデュスタット錠 4 mg 1 回 1 錠（ 1 日 1 錠） アムロジピン錠 5 mg 1 回 2 錠（ 1 日 2 錠） オルメサルタン錠 40 mg 1 回 1 錠（ 1 日 1 錠） 1日1回 朝食後 5 日分 （処方 4 ） ドキサゾシンメシル酸塩錠 4 mg 1 回 1 錠（ 1 日 2 錠） 1日2回 朝夕食後 5 日分 しかし、半年前から腎機能が徐々に低下してきたため、食事制限を行った。患者 は腎代替療法として血液透析を希望しており、透析シャント形成のために入院と なった。また、入院前日に同院内で歯科治療を受け、処方 5 が追加され服薬してい たが痛みは持続している。入院時の血液検査結果は以下のとおりであった。 （処方 5 ） アセトアミノフェン錠 500 mg 1回1錠 疼痛時 10 回分 （検査値） 血清クレアチニン 7.4 mg/dL、CCr 7.2 mL/min、K 5.9 mEq/L、 Ca 9.2 mg/dL、P 3.1 mg/dL、HCO3− 24.1 mEq/L、 Hb 9.8 g/dL、血液 pH 7.39、血圧 180/110 mmHg 問 256（実務） この患者に伝える内容として適切なのはどれか。２つ選べ。	"[""体の中の酸とアルカリのバランスが整ってきており、処方 1 の薬剤の内服継続 が必要であること。"",""血液透析導入後は食事制限がなくなること。"",""処方 3 及び 4 の薬剤を服用中は立ちくらみ症状に注意すること。"",""処方 5 の薬剤は 1 時間空ければ、繰り返し服用可能であること。"",""血液透析を開始した後は、ダプロデュスタットによる治療が不要になること。""]"	multiChoice	[0,2]	null	normal	false	parsed	"[""none""]"	P111-CASE-256	https://www.mhlw.go.jp/content/001677931.pdf	https://www.mhlw.go.jp/content/001677933.pdf	2026-02-22	MHLW website content under Public Data License 1.0 unless separately indicated; third-party content requires separate review
P111-257	111	257	実践	実務	（薬理） 検査値からこの患者は高カリウム血症と判断できる。その原因と考えられる処方 1 〜 3 に含まれる薬物の作用機序はどれか。１つ選べ。	"[""電位依存性 L 型 Ca2＋ チャネルの遮断"",""低酸素誘導因子‑プロリン水酸化酵素（HIF‑PH）の阻害"",""ビタミン D 受容体の刺激"",""アドレナリン α1 受容体の遮断"",""アンジオテンシンⅡ AT1 受容体の遮断""]"	singleChoice	4	null	normal	false	parsed	"[""none""]"	P111-CASE-256	https://www.mhlw.go.jp/content/001677931.pdf	https://www.mhlw.go.jp/content/001677933.pdf	2026-02-22	MHLW website content under Public Data License 1.0 unless separately indicated; third-party content requires separate review
P111-258	111	258	実践	薬理	‑259 47 歳男性。飲酒歴なし。 7 ケ月前に左母趾の激痛と腫脹を認め、痛風発作 と診断されナプロキセン錠が処方された。 3 ケ月前より以下の薬剤が処方された。 検査値が併記された処方箋を持って患者が薬局を訪れた際、薬剤師に対して「痛み は和らいできたが、尿酸値が徐々に上がってきた。このまま服用を続けてよいの か。」と相談があった。 （処方） アロプリノール錠 100 mg 1 回 1 錠（ 1 日 3 錠） 1日3回 朝昼夕食後 28 日分 （検査値） 血清尿酸 7.5 mg/dL、AST 92 IU/L、ALT 117 IU/L、γ‑GTP 86 IU/L、 eGFR 82 mL/min/1.73 m2、尿 pH 4.5、尿比重 1.020、尿糖（−）、 尿中尿酸排泄量 0.406 mg/kg/時（正常値：0.483〜0.509 mg/kg/時） 問 258（実務） この患者の今回受診時の検査結果を踏まえ、処方薬（アロプリノール）に代えて 医師へ提案すべき薬物として最も適切なのはどれか。１つ選べ。	"[""コルヒチン"",""ベンズブロマロン"",""ドチヌラド"",""トピロキソスタット"",""フェブキソスタット""]"	singleChoice	2	null	normal	false	parsed	"[""none""]"	P111-CASE-258	https://www.mhlw.go.jp/content/001677931.pdf	https://www.mhlw.go.jp/content/001677933.pdf	2026-02-22	MHLW website content under Public Data License 1.0 unless separately indicated; third-party content requires separate review
P111-259	111	259	実践	実務	（薬理） 前問で提案すべき薬物の作用機序として、正しいのはどれか。２つ選べ。	"[""キサンチンオキシダーゼを阻害する。"",""尿酸トランスポーター URAT1を阻害する。"",""微小管の形成を阻害する。"",""近位尿細管における尿酸の再吸収を阻害する。"",""遠位尿細管における尿酸の分泌を阻害する。""]"	multiChoice	[1,3]	null	normal	false	parsed	"[""none""]"	P111-CASE-258	https://www.mhlw.go.jp/content/001677931.pdf	https://www.mhlw.go.jp/content/001677933.pdf	2026-02-22	MHLW website content under Public Data License 1.0 unless separately indicated; third-party content requires separate review
P111-260	111	260	実践	薬理	‑261 59 歳男性。 1 年前の勤務先の定期健康診断で眼圧高値を指摘され、専門医 で精密検査を受けるよう勧められた。その後、市立病院眼科を受診したところ、原 発性開放隅角緑内障と診断され、処方 1 の薬剤による治療を受けていた。しかし、 眼圧低下効果が十分に得られないため、本日、新たに処方 2 が追加され来局した。 （処方 1 ） ラタノプロスト点眼液 0.005％（2.5 mL/本） 1本 1日1回 夕 両目に点眼 （処方 2 ） ブリモニジン酒石酸塩点眼液 0.1％（5 mL/本） 1 本 1日2回 朝夕 両目に点眼 問 260（実務） 点眼薬使用に関して、薬剤師がこの患者に指導する内容として、適切なのはどれ か。２つ選べ。	"[""処方 2 の薬剤により、めまいや低血圧が起こることがあるので注意する。"",""夕の点眼時には、処方 1 の薬剤と処方 2 の薬剤を 5 分以上空けて点眼する。"",""処方 2 の薬剤により、目の周りの皮膚が黒っぽくなる。"",""処方 2 の薬剤は、 1 回に 2 滴点眼した方がより効果的である。"",""処方 2 の薬剤は、点眼後すぐにまばたきを繰り返して薬剤を眼全体に広げる。""]"	multiChoice	[0,1]	null	normal	false	parsed	"[""none""]"	P111-CASE-260	https://www.mhlw.go.jp/content/001677931.pdf	https://www.mhlw.go.jp/content/001677933.pdf	2026-02-22	MHLW website content under Public Data License 1.0 unless separately indicated; third-party content requires separate review
P111-261	111	261	実践	実務	（薬理） その後、ブリモニジンの追加によっても十分な効果が得られないため、ラタノプ ロスト及びブリモニジンのどちらとも作用機序の異なる薬物を含む薬剤を追加する こととなった。追加できる薬物の作用機序として、正しいのはどれか。２つ選べ。	"[""プロスタノイド FP 受容体を刺激して、ぶどう膜強膜流出経路からの房水排出 を促進する。"",""アドレナリン β 及び α1 受容体を遮断して、毛様体上皮細胞による房水産生を 抑制するとともに、ぶどう膜強膜流出経路からの房水排出を促進する。"",""アドレナリン α2 受容体を刺激して、毛様体上皮細胞による房水産生を抑制す る。"",""Rho キナーゼを阻害して、線維柱帯細胞の細胞骨格を変化させることで、線維 柱帯‑シュレム管流出経路からの房水排出を促進する。"",""BK チャネル（大コンダクタンス Ca2＋ 依存性 K＋ チャネル）を遮断して、線維 柱帯‑シュレム管流出経路からの房水排泄を促進する。""]"	multiChoice	[1,3]	null	normal	false	parsed	"[""none""]"	P111-CASE-260	https://www.mhlw.go.jp/content/001677931.pdf	https://www.mhlw.go.jp/content/001677933.pdf	2026-02-22	MHLW website content under Public Data License 1.0 unless separately indicated; third-party content requires separate review
P111-262	111	262	実践	薬理	‑263 8 歳女児。身長 128 cm、体重 28 kg。前日より突然の発熱、関節痛、咽頭 痛、咳嗽が出現し、自宅で経過をみていたが軽快せず、近医を受診した。検査の結 果、A 型インフルエンザと診断され、処方 1 〜処方 4 が記載された処方箋を持参 して来局した。薬剤師は処方箋に基づき、吸入薬の使い方や内服薬について説明す ることにした。 （処方 1 ） ラニナミビルオクタン酸エステル水和物吸入粉末剤 20 mg 1本 1 回 1 吸入 1日1回 朝 吸入 （処方 2 ） カルボシステインドライシロップ 50％ 1 回 0.56 g（ 1 日 1.68 g） アンブロキソール塩酸塩ドライシロップ小児用 1.5％ 1 回 0.56 g（ 1 日 1.68 g） 1日3回 朝昼夕食後 5 日分 （処方 3 ） メジコン配合シロップ（注） 1 回 3 mL（ 1 日 9 mL） 1日3回 朝昼夕食後 5 日分 ⎧ ⎫ ⎜ 注： 1 mL 中にデキストロメトルファン臭化水素酸塩水和物 2.5 mg、クレ⎜ ⎜ ゾールスルホン酸カリウム 15 mg を含有する。 ⎜ ⎩ ⎭ （処方 4 ） アセトアミノフェンドライシロップ小児用 20％ 1 回 1.5 g 発熱時 5 回分 問 262（薬理） 処方 1 〜 4 のいずれかの薬物の作用機序として、正しいのはどれか。２つ選べ。	"[""気道粘膜において漿液分泌を減少させるとともに、線毛運動を亢進させる。"",""視床下部の体温調節中枢に作用し、熱放散を促進させて解熱作用を示す。"",""知覚神経の ATP P2X3 受容体を遮断し、神経興奮を抑制する。"",""活性代謝物がインフルエンザウイルスのノイラミニダーゼを阻害し、感染細胞 からのウイルスの放出を抑制する。"",""痰中のムチンのジスルフィド結合を開裂させ、痰の粘調性を低下させる。""]"	multiChoice	[1,3]	null	normal	false	parsed	"[""none""]"	P111-CASE-262	https://www.mhlw.go.jp/content/001677931.pdf	https://www.mhlw.go.jp/content/001677933.pdf	2026-02-22	MHLW website content under Public Data License 1.0 unless separately indicated; third-party content requires separate review
P111-263	111	263	実践	実務	（実務） 薬剤師の対応として適切なのはどれか。２つ選べ。	"[""異常行動発現のおそれがあるため、子供から目を離さないよう、母親に説明す る。"",""処方 1 の薬剤は下を向いたまま吸入するよう、患児に説明する。"",""処方 1 の薬剤を吸入した後すぐにうがいをするよう、患児に説明する。"",""処方 3 の薬剤を服用すると眠気が出る可能性がある旨を母親と患児に説明する。"",""処方 4 の薬剤をロキソプロフェンナトリウム錠に変更するよう、医師に提案す る。""]"	multiChoice	[0,3]	null	normal	false	parsed	"[""none""]"	P111-CASE-262	https://www.mhlw.go.jp/content/001677931.pdf	https://www.mhlw.go.jp/content/001677933.pdf	2026-02-22	MHLW website content under Public Data License 1.0 unless separately indicated; third-party content requires separate review
P111-264	111	264	実践	薬理	‑265 57 歳女性。身長 161 cm、体重 60 kg、体表面積 1.562 m2。アルコール過 敏症あり。HER2 陽性の再発乳がんと診断され、多発骨転移及びリンパ節転移を認 めたため、外来で抗 HER2 療法を含む化学療法（トラスツズマブ＋ペルツズマブ ＋ドセタキセル）が以下のレジメンで開始されることとなった。併せて処方 1 も開 始されることになった。この患者に対するレジメン及び処方について、カンファレ ンスが開かれた。 （初回コース：トラスツズマブ＋ペルツズマブ＋ドセタキセル療法レジメン） 一般名 標準投与量 投与速度 投与日 投与期間 トラスツズマブ 8 mg/kg 90 分 ペルツズマブ 840 mg/body 60 分 Day 1 3 週毎 ドセタキセル（注） 75 mg/m2 60 分 （注：ドセタキセルはエタノール無添加の製剤を使用） （処方 1 ） デノスマブ（遺伝子組換え）皮下注（120 mg/1.7 mL） 1 バイアル 1 回 120 mg 皮下注射 問 264（実務） カンファレンスで薬剤師が説明する内容として適切なのはどれか。２つ選べ。	"[""2 コース目以降のトラスツズマブの投与量は 1 コース目より増量すること。"",""デノスマブによる副作用として、しびれが増す可能性があること。"",""壊死起因性抗がん薬が含まれるため、投与後の血管外漏出時には局所処置を行 うこと。"",""1 コース目のペルツズマブ投与時間は短縮できること。"",""このドセタキセル製剤は禁忌になるため、他の薬剤に変更すること。""]"	multiChoice	[1,2]	null	normal	false	parsed	"[""none""]"	P111-CASE-264	https://www.mhlw.go.jp/content/001677931.pdf	https://www.mhlw.go.jp/content/001677933.pdf	2026-02-22	MHLW website content under Public Data License 1.0 unless separately indicated; third-party content requires separate review
P111-265	111	265	実践	実務	（薬理） この患者に使用される薬物の作用機序で、副作用の発現にも関連しているのはど れか。２つ選べ。	"[""神経細胞の軸索輸送に関わる微小管の脱重合を阻害する。"",""DNA トポイソメラーゼⅠを阻害し、アポトーシスを誘導する。"",""B 細胞上の CD20 に結合し、B 細胞の機能を低下させる。"",""RANKL（NF‑κB 活性化受容体リガンド）に結合し、破骨細胞の分化を阻害す る。"",""血管内皮細胞上の血管内皮細胞増殖因子受容体（VEGFR）に結合し、血管新 生を阻害する。""]"	multiChoice	[0,3]	null	normal	false	parsed	"[""none""]"	P111-CASE-264	https://www.mhlw.go.jp/content/001677931.pdf	https://www.mhlw.go.jp/content/001677933.pdf	2026-02-22	MHLW website content under Public Data License 1.0 unless separately indicated; third-party content requires separate review
P111-266	111	266	実践	薬剤	‑267 75 歳男性。身長 165 cm、体重 58 kg。数年前に高血圧症及び心房細動を発 症し、脳塞栓症の発症リスクが高いことから、近隣のクリニックを受診しており、 内服薬（処方 1 及び処方 2 ）にて経過観察中である。心拍数と血圧は良好にコント ロールされている。 （処方 1 ） ダビガトランエテキシラートメタンスルホン酸塩カプセル 75 mg 1 回 2 カプセル（ 1 日 4 カプセル） 1日2回 朝夕食後 28 日分 （処方 2 ） ビソプロロールフマル酸塩錠 2.5 mg 1 回 1 錠（ 1 日 1 錠） メチルジゴキシン錠 0.1 mg 1 回 1 錠（ 1 日 1 錠） イルベサルタン錠 100 mg 1 回 1 錠（ 1 日 1 錠） ヒドロクロロチアジド錠 25 mg 1 回 1 錠（ 1 日 1 錠） 1日1回 朝食後 28 日分 クリニックでの定期受診の際、爪甲の変色と肥厚から爪白癬と診断された。外用 薬の塗布にて経過観察していたが、効果が不十分であったことから、処方 3 が追加 された。患者は処方 1 、処方 2 及び処方 3 を持ってかかりつけ薬局を訪れた。 （処方 3 ） イトラコナゾールカプセル 50 mg 1 回 4 カプセル（ 1 日 4 カプセル） 1日1回 朝食直後 14 日分 （検査値） Hb 10.2 g/dL、血小板 22 × 104/μL、血清クレアチニン 0.83 mg/dL、 eGFR 68 mL/min/1.73 m2 問 266（実務） 薬局薬剤師が処方箋を受け取った際、医師に処方提案すべき内容として最も適切 なのはどれか。１つ選べ。	"[""イトラコナゾールとの併用による出血リスクを回避するため、処方 1 の薬剤を リバーロキサバン錠へ変更する。"",""イトラコナゾールによりメチルジゴキシンの血中濃度が低下するため、メチル ジゴキシンの用量を増量する。"",""イトラコナゾールによりダビガトランの血中濃度が上昇するため、処方 3 の薬 剤をテルビナフィン塩酸塩錠へ変更する。"",""イトラコナゾールの吸収低下を避けるため、処方 3 の薬剤の用法を朝食直後か ら朝食前へ変更する。"",""イトラコナゾールの薬効への影響を考慮し、ビソプロロール服用を一時中止す る。""]"	singleChoice	2	null	normal	false	parsed	"[""none""]"	P111-CASE-266	https://www.mhlw.go.jp/content/001677931.pdf	https://www.mhlw.go.jp/content/001677933.pdf	2026-02-22	MHLW website content under Public Data License 1.0 unless separately indicated; third-party content requires separate review
P111-267	111	267	実践	実務	（薬剤） 前問の処方提案の理由に最も深く関係する薬物相互作用の機序はどれか。１つ選 べ。	"[""肝臓における有機アニオントランスポーター OATP1B1 の阻害"",""肝臓における UDP‑グルクロン酸転移酵素 UGT1A1 の阻害"",""消化管における CYP3A の阻害"",""消化管における P‑糖タンパク質の阻害"",""消化管内 pH の変動による溶解性低下""]"	singleChoice	3	null	normal	false	parsed	"[""none""]"	P111-CASE-266	https://www.mhlw.go.jp/content/001677931.pdf	https://www.mhlw.go.jp/content/001677933.pdf	2026-02-22	MHLW website content under Public Data License 1.0 unless separately indicated; third-party content requires separate review
P111-268	111	268	実践	薬剤	‑269 32 歳女性。身長 158 cm、体重 55 kg。第 2 子を自然分娩で出産した。産後 7 日目より左ふくらはぎに違和感を覚え、腫脹と痛みが増強した。下肢静脈エコー で左腓腹静脈から膝窩静脈にかけて血栓を認め、深部静脈血栓症と診断され、ヘパ リンナトリウムの静脈内投与が開始された。医師は退院後の抗凝固療法について内 服への切り替えを検討している。医師は授乳への影響を踏まえ、適切な薬剤につい て薬剤師に相談した。診断時の身体・検査所見は以下のとおりであった。 （身体所見） 血圧 112/68 mmHg、脈拍 92 拍/分、体温 36.8 ℃、左下腿に腫脹と圧痛を認め、 軽度の発赤あり、呼吸苦や胸痛はなし （検査所見） D‑ダイマー 3.8 μg/mL、PT‑INR 1.0、APTT 33 秒、血小板 27.5 × 104/μL、 血清クレアチニン 0.58 mg/dL、eGFR 95 mL/min/1.73 m2 問 268（実務） 作用機序及び乳汁移行性を考慮し、薬剤師が提案すべき薬物として最も適切なの はどれか。１つ選べ。	"[""アスピリン"",""エドキサバントシル酸塩水和物"",""シロスタゾール"",""アピキサバン"",""ワルファリンカリウム""]"	singleChoice	4	null	normal	false	parsed	"[""none""]"	P111-CASE-268	https://www.mhlw.go.jp/content/001677931.pdf	https://www.mhlw.go.jp/content/001677933.pdf	2026-02-22	MHLW website content under Public Data License 1.0 unless separately indicated; third-party content requires separate review
P111-269	111	269	実践	実務	（薬剤） 薬剤師が提案した薬物の乳汁移行性が低い理由として正しいのはどれか。２つ選 べ。	"[""弱酸性薬物であるため。"",""弱塩基性薬物であるため。"",""高分子薬物であるため。"",""水溶性が高い薬物であるため。"",""血漿タンパク結合率が高い薬物であるため。""]"	multiChoice	[0,4]	null	normal	false	parsed	"[""none""]"	P111-CASE-268	https://www.mhlw.go.jp/content/001677931.pdf	https://www.mhlw.go.jp/content/001677933.pdf	2026-02-22	MHLW website content under Public Data License 1.0 unless separately indicated; third-party content requires separate review
P111-270	111	270	実践	薬剤	‑271 80 歳男性。 2 日前、39.2 ℃ の発熱、悪寒、呼吸苦が認められたため、家 族 に 連 れ ら れ て 救 急 外 来 を 受 診。 意 識 は 清 明 で あ っ た が、 血 圧 は 低 下 傾 向 （96/58 mmHg）、 呼 吸 数 は 増 加（24 回/分） し て お り、 血 液 検 査 で は CRP 18.4 mg/dL 及び白血球数 15,200/μL であった。胸部 X 線では右下葉に浸潤影を 認め、市中肺炎に伴う重症感染症が疑われ、即日入院となった。休日の夜間帯であ り迅速な対応が求められたため、当直医は広域抗菌薬であるメロペネム水和物点滴 用 1 回 1 g を 1 日 3 回、静脈内投与で開始した。 入院翌日、薬剤師が持参薬を確認したところ、全般発作型てんかん治療のためバ ルプロ酸ナトリウム徐放錠 200 mgを服用中であることが発覚した。入院後も発作 の症状はみられていない。 問 270（薬剤） 入院翌日にバルプロ酸ナトリウムを服用するときに想定されるバルプロ酸の体内 動態の変化として、最も適切なのはどれか。１つ選べ。	"[""消化管吸収の低下"",""血漿タンパク結合率の低下"",""グルクロン酸抱合体の加水分解能の低下"",""水酸化体の生成能の低下"",""グルクロン酸抱合体の尿細管再吸収の低下""]"	singleChoice	2	null	normal	false	parsed	"[""none""]"	P111-CASE-270	https://www.mhlw.go.jp/content/001677931.pdf	https://www.mhlw.go.jp/content/001677933.pdf	2026-02-22	MHLW website content under Public Data License 1.0 unless separately indicated; third-party content requires separate review
P111-271	111	271	実践	実務	（実務） 薬剤師が医師に提案する内容として、最も適切なのはどれか。１つ選べ。	"[""バルプロ酸ナトリウムを中止し、抗菌薬治療を優先する。"",""メロペネム水和物を継続し、バルプロ酸ナトリウムの用量を増量する。"",""メロペネム水和物を継続し、意識障害について精神科への受診を勧める。"",""メロペネム水和物をタゾバクタム・ピペラシリンに変更し、バルプロ酸ナトリ ウムの治療を継続する。"",""バルプロ酸ナトリウムを中止し、カルバマゼピンに変更する。""]"	singleChoice	3	null	normal	false	parsed	"[""none""]"	P111-CASE-270	https://www.mhlw.go.jp/content/001677931.pdf	https://www.mhlw.go.jp/content/001677933.pdf	2026-02-22	MHLW website content under Public Data License 1.0 unless separately indicated; third-party content requires separate review
P111-272	111	272	実践	薬剤	‑273 58 歳男性。身長 170 cm、体重 65 kg、体表面積 1.75 m2。患者は 5 年前より 高尿酸血症に対してプロベネシド錠を服用している。今回の入院では、急性リンパ 性白血病の治療として、メトトレキサート・ホリナート救援療法を行うこととなっ た。そこで、主治医はプロベネシド錠からアロプリノール錠へ処方を変更した。 （変更前処方） プロベネシド錠 250 mg 1 回 2 錠（ 1 日 4 錠） 1日2回 朝夕食後 30 日分 （変更後処方） アロプリノール錠 100 mg 1 回 2 錠（ 1 日 4 錠） 1日2回 朝夕食後 7 日分 （入院時検査所見） 体温 36.8 ℃ 赤血球 310 × 104 /μL、白血球 18,000/μL、血小板 8.2 × 104 /μL、 血清クレアチニン 0.9 mg/dL、eGFR 67.9 mL/min/1.73 m2、 尿酸 7.8 mg/dL、AST 35 IU/L、ALT 40 IU/L 問 272（薬剤） プロベネシド錠からアロプリノール錠に変更された理由として、最も適切なのは どれか。１つ選べ。	"[""プロベネシドがホリナートの肝取り込みを阻害するため。"",""ホリナートがプロベネシドの尿細管再吸収を阻害するため。"",""メトトレキサートがプロベネシドの肝代謝を阻害するため。"",""プロベネシドがメトトレキサートの尿細管分泌を阻害するため。"",""プロベネシドがメトトレキサートの尿細管再吸収を促進するため。""]"	singleChoice	3	null	normal	false	parsed	"[""none""]"	P111-CASE-272	https://www.mhlw.go.jp/content/001677931.pdf	https://www.mhlw.go.jp/content/001677933.pdf	2026-02-22	MHLW website content under Public Data License 1.0 unless separately indicated; third-party content requires separate review
P111-273	111	273	実践	実務	（実務） この患者の薬物治療に対する薬剤師の提案として、適切なのはどれか。２つ選 べ。	"[""メトトレキサートの消失を確認するため、投与開始 48 時間後の血中濃度を確 認する。"",""ホリナートカルシウムの投与はメトトレキサートと同時に開始する。"",""尿の pH を 7.0 以上に維持するため、炭酸水素ナトリウム注射液を追加する。"",""メトトレキサートの排泄を促すため、フロセミドを追加する。"",""発熱時には、アモキシシリンを追加する。""]"	multiChoice	[0,2]	null	normal	false	parsed	"[""none""]"	P111-CASE-272	https://www.mhlw.go.jp/content/001677931.pdf	https://www.mhlw.go.jp/content/001677933.pdf	2026-02-22	MHLW website content under Public Data License 1.0 unless separately indicated; third-party content requires separate review
P111-274	111	274	実践	薬剤	‑275 85 歳男性。身長 165 cm、体重 82 kg、BMI 30.1。 2 型糖尿病の既往があ り、処方 1 及び処方 2 の薬剤で治療中である。 （処方 1 ） ダパグリフロジンプロピレングリコール錠 5 mg 1 回 1 錠（ 1 日 1 錠） 1日1回 朝食後 28 日分 （処方 2 ） メトホルミン塩酸塩錠 500 mg 1 回 1 錠（ 1 日 2 錠） 1 日 2 回 朝夕食後 28 日分 2 ケ月前より、微量アルブミン尿がみられたため、糖尿病性腎症の進行抑制を目 的として処方 3 が追加された。 （処方 3 ） リシノプリル錠 5 mg 1 回 1 錠（ 1 日 1 錠） 1日1回 朝食後 28 日分 3 日前より、下痢と食欲不振が続き、水分摂取も十分にできていなかった。来院 当日、全身倦怠感、口渇、悪心、軽度の呼吸苦を訴え、救急搬送された。来院時に は、以下の身体所見及び検査結果が得られた。 （身体所見） 血圧 95/62 mmHg、呼吸 26 回/分、口腔内乾燥、皮膚冷感 （検査値） Na 132 mEq/L、K 5.2 mEq/L、Cl 105 mEq/L、空腹時血糖 220 mg/dL、 血清クレアチニン 2.10 mg/dL、血中ケトン体（−）、AST 35 IU/L、 ALT 40 IU/L、動脈血 pH 7.25（基準範囲 7.35−7.45）、 PaCO2 18 mmHg（基準範囲 35−45 mmHg）、 HCO3− 10 mEq/L（基準範囲 22−26 mEq/L）、 乳酸 203 mg/dL（基準範囲 3.7−16.3 mg/dL） 問 274（実務） 来院時、この患者に生じている症状として最も適切なのはどれか。１つ選べ。	"[""代謝性アルカローシス"",""糖尿病ケトアシドーシス"",""乳酸アシドーシス"",""呼吸性アルカローシス"",""遠位型尿細管性アシドーシス""]"	singleChoice	2	null	normal	false	parsed	"[""none""]"	P111-CASE-274	https://www.mhlw.go.jp/content/001677931.pdf	https://www.mhlw.go.jp/content/001677933.pdf	2026-02-22	MHLW website content under Public Data License 1.0 unless separately indicated; third-party content requires separate review
P111-276	111	276	実践	薬剤	‑277 8 歳女児。近視の薬物治療を希望する母親に連れられて来院した。当院で は、 6 歳から 18 歳未満の中等度近視の小児に対して、低濃度アトロピン硫酸塩点 眼薬（院内製剤）を使用した近視進行抑制治療を実施している。 診察の結果、中等度近視と診断され、患児及び母親にインフォームド・コンセン トを行い、以下の院内製剤が処方された。 （処方）アトロピン点眼薬 0.01％（院内製剤）5 mL 1本 1回1滴 1日1回 就寝前 両眼に点眼 なお、本院内製剤は、医療用医薬品である 1 ％アトロピン硫酸塩点眼液（注） 0.5 mL を、注射用生理食塩液 49.5 mL で希釈し、点眼用プラスチック容器に 5 mL ずつ分注して調製する。 ⎧ ⎫ ⎜注：アトロピン硫酸塩水和物点眼液 1 ％ ⎜ ⎜ ・有効成分：（ 1 mL 中）日局アトロピン硫酸塩水和物 10 mg ⎜ ⎜ ⎜ ⎜ 〈性状〉水に極めて溶けやすく、エタノール（95）に溶けやすく、 ⎜ ⎜ ⎜ ⎜ ジエチルエーテルにほとんど溶けない。光によって変化する。 ⎜ ⎜ ⎜ ⎜ ・添加物：亜硫酸水素ナトリウム、ベンザルコニウム塩化物、等張化剤、⎜ ⎜ ⎜ ⎜ リン酸二水素ナトリウム水和物、無水リン酸一水素ナトリウム⎜ ⎜ ⎜ ・pH：5.0〜6.5 ⎜ ⎜ ⎩ ⎭ 問 276（薬剤） 本院内製剤及びその調製法に関する記述のうち、正しいのはどれか。２つ選べ。	"[""非水性点眼剤である。"",""無菌的に調製する必要がある。"",""調製した製剤の浸透圧は、約 600 mOsm となる。"",""日本薬局方「エンドトキシン試験法」への適合を確認する必要はない。"",""涙液中のナトリウムイオンによってゲル化することで効果が持続する。""]"	multiChoice	[1,3]	null	normal	false	parsed	"[""none""]"	P111-CASE-276	https://www.mhlw.go.jp/content/001677931.pdf	https://www.mhlw.go.jp/content/001677933.pdf	2026-02-22	MHLW website content under Public Data License 1.0 unless separately indicated; third-party content requires separate review
P111-277	111	277	実践	実務	（実務） 本院内製剤の交付時の説明として、適切なのはどれか。２つ選べ。	"[""効果が感じられない場合は、点眼量を増やしてください。"",""眩しさを感じることがあるので、就寝前に点眼してください。"",""頭痛や動悸といった全身性の副作用に注意してください。"",""副作用による被害が生じたときは、医薬品副作用被害救済制度の対象となりま す。"",""本院内製剤は、公的医療保険の適用対象です。""]"	multiChoice	[1,2]	null	normal	false	parsed	"[""none""]"	P111-CASE-276	https://www.mhlw.go.jp/content/001677931.pdf	https://www.mhlw.go.jp/content/001677933.pdf	2026-02-22	MHLW website content under Public Data License 1.0 unless separately indicated; third-party content requires separate review
P111-279	111	279	実践	実務	（薬剤） トラスツズマブ デルクステカンは抗体薬物複合体（ADC）である。本 ADC の 特徴に関する記述として、正しいのはどれか。２つ選べ。	"[""抗体と薬物の結合は非共有結合である。"",""薬物抗体比（抗体 1 分子あたりの結合薬物数）は 1 である。"",""能動的ターゲッティング製剤である。"",""受動輸送で細胞内に取り込まれる。"",""リソソーム内で分解されて、薬物が遊離される。""]"	multiChoice	[2,4]	null	normal	false	parsed	"[""none""]"	P111-CASE-278	https://www.mhlw.go.jp/content/001677931.pdf	https://www.mhlw.go.jp/content/001677933.pdf	2026-02-22	MHLW website content under Public Data License 1.0 unless separately indicated; third-party content requires separate review
P111-280	111	280	実践	薬剤	‑281 82 歳男性。身長 167 cm、体重 50 kg。 2 型糖尿病の既往があり、シタグリ プチンリン酸塩錠の服用により血糖コントロールは良好であったが、歩行時にふく らはぎの痛みと足趾の冷感、皮膚色調の変化を主訴に血管外科を受診した。下肢動 脈の超音波検査及び CT 血管造影にて、重度の閉塞性動脈硬化症が確認された。バ イパス手術は積極的な適用とはならず、まずは保存的治療として、アルプロスタジ ル注射用（点滴静注①）による血流改善を目的とした薬物療法を入院にて行う方針 となった。 また、栄養状態が悪いため、経静脈的にアミノ酸・糖・電解質・ビタミン B1 の 栄養剤（点滴静注②）も投与することとなった。点滴静注①と②の注射処方が発行 されたため、処方内容に誤りや注意点がないか、担当薬剤師は確認を行った。 （入院時検査値） 空腹時血糖 110 mg/dL、血清クレアチニン 0.9 mg/dL、血圧 135/85 mmHg、 eGFR 70 mL/min/1.73 m2、血清アルブミン 2.3 g/dL、Na 140 mEq/L、 K 4.2 mEq/L （処方） 点滴静注① アルプロスタジル注射用（10 μg/バイアル 1 本）10 μg 生理食塩液 100 mL 1日1回 10 時 2 時間かけて投与 点滴静注② アミノ酸・糖・電解質・ビタミン B1 製剤 500 mL 1日1回 10 時 2 時間かけて投与 問 280（実務） 注射処方の確認を行った薬剤師の判断として、適切なのはどれか。２つ選べ。	"[""点滴静注①と②は、混注しても問題ない。"",""本患者には点滴静注②の投与速度をさらに緩徐にすることを提案する。"",""本患者は糖尿病を有するため、点滴静注①は禁忌であり疑義照会する。"",""点滴静注①の投与時には、一過性の血圧低下に注意して血圧を監視する。"",""生理食塩液は配合変化を生じるため、点滴静注①の希釈液として不適である。""]"	multiChoice	[1,3]	null	normal	false	parsed	"[""none""]"	P111-CASE-280	https://www.mhlw.go.jp/content/001677931.pdf	https://www.mhlw.go.jp/content/001677933.pdf	2026-02-22	MHLW website content under Public Data License 1.0 unless separately indicated; third-party content requires separate review
P111-282	111	282	実践	薬剤	‑283 58 歳男性。身長 171 cm、体重 84 kg。 5 年前に 2 型糖尿病と診断され脂質 異常症を合併している。食事・運動療法を継続し、処方 1 の薬剤にて治療が行われ ていた。 （処方 1 ） メトホルミン塩酸塩錠 500 mg 1 回 1 錠（ 1 日 3 錠） 1日3回 朝昼夕食後 28 日分 アトルバスタチン錠 10 mg 1 回 1 錠（ 1 日 1 錠） 1日1回 朝食後 28 日分 今回、外来診察時の身体所見及び検査所見は以下のとおりであり、血糖コント ロールが不十分であったため、処方 2 の薬剤を追加することになった。 （身体所見） 体温 36.8 ℃、血圧 141/82 mmHg、脈拍 62 拍/分 （検査所見） 空腹時血糖 152 mg/dL、HbA1c 7.8％、AST 28 IU/L、ALT 32 IU/L、 LDL‑C 116 mg/dL、HDL‑C 41 mg/dL、TG（トリグリセリド）148 mg/dL、 eGFR 75 mL/min/1.73 m2 （処方 2 ） セマグルチド錠 3 mg 1 回 1 錠（ 1 日 1 錠） 1日1回 起床時 28 日分 問 282（実務） この患者に実施する処方 2 に対する服薬指導として、適切なのはどれか。２つ選 べ。	"[""飲み忘れた場合には、気づいたときに服用するよう指導する。"",""コップ半分（約 120 mL 以下）の水で服用するよう指導する。"",""急性膵炎の初期症状である激しい腹痛の出現に注意するよう指導する。"",""服用開始初期に QT 延長症候群が出やすいことを説明する。"",""服用を続けることで体重増加が起きやすいことを説明する。""]"	multiChoice	[1,2]	null	normal	false	parsed	"[""none""]"	P111-CASE-282	https://www.mhlw.go.jp/content/001677931.pdf	https://www.mhlw.go.jp/content/001677933.pdf	2026-02-22	MHLW website content under Public Data License 1.0 unless separately indicated; third-party content requires separate review
P111-284	111	284	実践	薬剤	‑285 7 歳男児。身長 124 cm、体重 25 kg。母親によると、患児は食後に「喉が 熱い感じがする」と訴えることが多く、夜間に咳き込んだり、胸をさする仕草をみ せたりすることがある。また、酸っぱいものを吐き戻すことがあり、体重減少はな いが、食欲が少し落ちているとのこと。医師の診察により逆流性食道炎と診断さ れ、ロキサチジン酢酸エステル塩酸塩の細粒剤（アルタット細粒 20％（注））が処方 されることになった。 本処方製剤には苦味のある有効成分が含まれている。患児及び母親への服薬指導 を実施する際、処方された細粒剤とそのカプセル剤の製剤及び薬物動態を確認し、 以下の情報を得た。 ⑴ 生物学的同等性試験（健康成人男子へのクロスオーバー単回 75 mg 経口投与） ※ ※ 評 価 パ ラ メ ー タ ー で あ る AUC 及 び Cmax に つ い て 統 計 解 析 を 行 っ た 結 果、 AUC 及び Cmax は対数正規分布し、絶食時及び食後のいずれの場合も判定基準で ある log（0.80）〜 log（1.25）の範囲内であった。 ⑵ 有効成分の原末及びカプセル剤を経口投与した後の血漿中濃度及び薬物動態パ ラメーターの比較（健康成人 5 名） AUC Cmax Tmax T1/2 製 剤 （ng・h/mL） （ng/mL） （h） （h） 原 末 2302 ± 170 431 ± 20 1.4 ± 0.2 2.72 ± 0.16 カプセル剤 1865 ± 178 237 ± 17 3.0 ± 0.3 4.05 ± 0.29 （Mean±S E, n＝5） ⎧ ⎫ ⎜注：アルタット細粒 20％の組成及び特性 ⎜ ⎜ ・有効成分：ロキサチジン酢酸エステル塩酸塩 200 mg/g ⎜ ⎜ ⎜ ⎜ ・添加物：結晶セルロース（粒）、ヒドロキシプロピルセルロース、 ⎜ ⎜ ⎜ ⎜ エチルセルロース、クエン酸トリエチル、タルク、 ⎜ ⎜ ⎜ ⎜ D‑マンニトール、アスパルテーム（L‑フェニルアラニン化合物） 、 ⎜ ⎜ ⎜ ⎜ アセスルファムカリウム、含水二酸化ケイ素、香料 ⎜ ⎜ ⎜ ⎜ ・特性：日本薬局方一般試験法「製剤の粒度の試験法」により試験すると⎜ ⎜ ⎜ ⎜ き、18 号（850 μm）ふるい及び 30 号（500 μm）ふるいを全量⎜ ⎜ 通過した。 ⎜ ⎩ ⎭ 問 284（薬剤） 処方された細粒剤に関する記述として、正しいのはどれか。２つ選べ。	"[""カプセル剤と生物学的に同等である。"",""カプセル剤と比較して食事の影響を受けやすいので注意が必要である。"",""速放性の製剤である。"",""コーティングと甘味剤によって苦味がマスキングされている。"",""飲みにくい場合は、微粉砕する必要がある。""]"	multiChoice	[0,3]	null	normal	false	parsed	"[""none""]"	P111-CASE-284	https://www.mhlw.go.jp/content/001677931.pdf	https://www.mhlw.go.jp/content/001677933.pdf	2026-02-22	MHLW website content under Public Data License 1.0 unless separately indicated; third-party content requires separate review
P111-285	111	285	実践	実務	（実務） ロキサチジン酢酸エステル塩酸塩は、小児の逆流性食道炎に対して、体重 30 kg 未満では 1 回 37.5 mg、体重 30 kg 以上では 1 回 75 mg を 1 日 2 回経口投与 する。この患児に対するアルタット細粒 20％の 1 日量（製剤量）として、最も近 い値はどれか。１つ選べ。	"[""0.030 g"",""0.075 g"",""0.150 g"",""0.375 g"",""0.500 g""]"	singleChoice	3	null	normal	false	parsed	"[""none""]"	P111-CASE-284	https://www.mhlw.go.jp/content/001677931.pdf	https://www.mhlw.go.jp/content/001677933.pdf	2026-02-22	MHLW website content under Public Data License 1.0 unless separately indicated; third-party content requires separate review
P111-286	111	286	実践	病態・薬物治療	‑287 75 歳女性。65 歳のときに脂質異常症と診断されたが、薬物治療は受けて いなかった。昨夜、右手に力が入りにくくなり、しばらくすると回復した。本日、 午前 6 時頃に起床したが、午前 7 時頃に右上肢の痺れが現れ、次第に悪化した。ろ れつが回らなくなる症状が現れたため、家族が救急車を呼び、午前 7 時 50 分に救 急外来へ搬送された。検査の結果、脳梗塞と診断された。また頭蓋内出血は認めら れなかった。診断時の時刻は午前 8 時 30 分であり、直ちに治療を開始することと なった。不整脈の既往はなく、搬送時の身体所見及び血液検査結果は以下のとおり であった。 （身体所見） 身長 151 cm、体重 57 kg、意識清明、血圧 192/102 mmHg、脈拍 90 拍/分（整） （血液検査） 白血球 6,200/μL、CRP 0.4 mg/dL、AST 42 IU/L、ALT 36 IU/L、 血清クレアチニン 0.9 mg/dL、BUN 20 mg/dL、eGFR 46.6 mL/min/1.73 m2 問 286（病態・薬物治療） この患者の病態として、適切なのはどれか。２つ選べ。	"[""心原性の可能性が高い。"",""梗塞部位は左半球にある。"",""脳動脈瘤が破裂した。"",""今後、病巣で出血することはない。"",""一過性脳虚血発作があった。""]"	multiChoice	[1,4]	null	normal	false	parsed	"[""none""]"	P111-CASE-286	https://www.mhlw.go.jp/content/001677932.pdf	https://www.mhlw.go.jp/content/001677933.pdf	2026-02-22	MHLW website content under Public Data License 1.0 unless separately indicated; third-party content requires separate review
P111-287	111	287	実践	実務	（実務） この患者の脳梗塞急性期に対する治療薬として、適切なのはどれか。２つ選べ。	"[""アルテプラーゼ（遺伝子組換え）"",""エダラボン"",""オザグレルナトリウム"",""ダビガトランエテキシラートメタンスルホン酸塩"",""ファスジル塩酸塩水和物""]"	multiChoice	[0,1]	[[0,1],[0,2],[1,2]]	multiple_accepted	false	parsed	"[""none""]"	P111-CASE-286	https://www.mhlw.go.jp/content/001677932.pdf	https://www.mhlw.go.jp/content/001677933.pdf	2026-02-22	MHLW website content under Public Data License 1.0 unless separately indicated; third-party content requires separate review
P111-288	111	288	実践	病態・薬物治療	‑289 76 歳男性。身長 165 cm、体重 55 kg。月に 1 回程度の機会飲酒（ 1 回日本 酒 1 合程度）。 3 週間後に、消化器外科にて食道がんの全摘出手術を施行する予定 である。外来受診の際に、この患者より「10 日前から、夜眠れない日が続いてい ます。辛いです。 」と担当医に相談があった。患者は 2 年前に、せん妄を発症した 経験があるため、担当医は入院中のせん妄発症に注意が必要と考えている。また、 担当医は夜眠れないことも、せん妄のリスクと考え、せん妄発症リスクの低い睡眠 導入剤を処方したいと考えている。 （電子カルテに記載されていた他院内科からの処方内容） シタグリプチンリン酸塩錠 50 mg 1 回 1 錠（ 1 日 1 錠） 1日1回 朝食後 14 日分 フルボキサミンマレイン酸塩錠 50 mg 1 回 1 錠（ 1 日 2 錠） 1日2回 朝夕食後 14 日分 （前回外来受診時の身体所見及び検査値） 血圧 126/77 mmHg、脈拍 71 拍/分、 血清クレアチニン 0.75 mg/dL、BUN 17.0 mg/dL、 eGFR 76.7 mL/min/1.73 m2、AST 21 IU/L、ALT 20 IU/L、 γ‑GTP 22 IU/L、空腹時血糖 121 mg/dL、HbA1c 6.7％ 問 288（病態・薬物治療） 夜眠れないことに加え、この患者のせん妄発症リスク因子として考えられるのは どれか。２つ選べ。	"[""アルコール依存"",""年齢"",""精神疾患"",""腎機能障害"",""肝機能障害""]"	multiChoice	[1,2]	null	normal	false	parsed	"[""none""]"	P111-CASE-288	https://www.mhlw.go.jp/content/001677932.pdf	https://www.mhlw.go.jp/content/001677933.pdf	2026-02-22	MHLW website content under Public Data License 1.0 unless separately indicated; third-party content requires separate review
P111-289	111	289	実践	実務	（実務） 消化器外科の担当医から処方する薬剤について、せん妄対策チームに相談があっ た。チーム内の薬剤師が提案する薬剤として最も適切なのはどれか。１つ選べ。	"[""ラメルテオン"",""フルニトラゼパム"",""レンボレキサント"",""ゾルピデム酒石酸塩"",""クエチアピンフマル酸塩""]"	singleChoice	2	null	normal	false	parsed	"[""none""]"	P111-CASE-288	https://www.mhlw.go.jp/content/001677932.pdf	https://www.mhlw.go.jp/content/001677933.pdf	2026-02-22	MHLW website content under Public Data License 1.0 unless separately indicated; third-party content requires separate review
P111-290	111	290	実践	病態・薬物治療	‑291 33 歳既婚女性。頭痛、生理痛及び便秘があり、薬局へ相談に訪れた。薬剤 師は相談者から以下の内容を聞き取った。 ・挙児を強く希望しているが、いまだ妊娠には至っていない。 ・出産経験はない。 ・妊娠を考えて、症状があってもなるべく薬を飲まないように我慢していた。 ・生理時に下腹部だけでなく骨盤の辺りも痛むようになったが、痛みがあるのは生 理期間中の数日間だけなので、市販の薬で乗り切りたい。 ・週に 5 日ほど排便がない時がある。 ・天気の悪い日は頭が痛くなる。 ・妊娠から授乳期まで服用しても安心な薬があるなら使用したい。 問 290（実務） 相談に応じた薬剤師が、この女性に勧める一般用医薬品として、適切なのはどれ か。２つ選べ。	"[""酸化マグネシウム"",""ロペラミド"",""ロキソプロフェン"",""イブプロフェン"",""アセトアミノフェン""]"	multiChoice	[0,4]	null	normal	false	parsed	"[""none""]"	P111-CASE-290	https://www.mhlw.go.jp/content/001677932.pdf	https://www.mhlw.go.jp/content/001677933.pdf	2026-02-22	MHLW website content under Public Data License 1.0 unless separately indicated; third-party content requires separate review
P111-291	111	291	実践	実務	（病態・薬物治療） 数日後、この女性は婦人科を受診し、子宮内膜症と診断された。本患者における 子宮内膜症の病態として、正しいのはどれか。２つ選べ。	"[""出産の経験がないことが、発症のリスク因子である。"",""黄体ホルモンの作用により、病変組織が発生した。"",""子宮内腔以外に病変は発生しない。"",""疼痛の悪化には、月経を重ねたことが関係している。"",""子宮体がんを合併するリスクが高い。""]"	multiChoice	[0,3]	null	normal	false	parsed	"[""none""]"	P111-CASE-290	https://www.mhlw.go.jp/content/001677932.pdf	https://www.mhlw.go.jp/content/001677933.pdf	2026-02-22	MHLW website content under Public Data License 1.0 unless separately indicated; third-party content requires separate review
P111-292	111	292	実践	病態・薬物治療	‑293 57 歳男性。身長 160 cm、体重 65 kg。総合病院にて IgA 腎症による慢性 腎不全、高血圧及び高リン血症に対し、以下の処方薬で治療が行われていた。 （処方薬） ロサルタンカリウム錠 50 mg 1 回 1 錠（ 1 日 1 錠） カルベジロール錠 10 mg 1 回 1 錠（ 1 日 1 錠） 1日1回 朝食後 フロセミド錠 40 mg 1 回 1 錠（ 1 日 2 錠） 1日2回 朝昼食後 炭酸ランタン口腔内崩壊錠 500 mg 1 回 1 錠（ 1 日 3 錠） 1日3回 朝昼夕食直後 最近、全身倦怠感が強くなってきたため、検査入院となった。以下の身体所見及 び検査所見が認められた。 （身体所見） 体温 36.3 ℃、血圧 128/72 mmHg、脈拍 75 拍/分（整）、SpO2 97％、 下肢浮腫（−） （尿検査） 尿タンパク（±）、尿潜血（ 2＋） （血液検査） 赤血球 230 × 104/μL、Hb 7.6 g/dL、 MCV（平均赤血球容積）80 fL（基準値 80〜100 fL）、白血球 4,500/μL、 血小板 20 × 104/μL、AST 25 IU/L、ALT 15 IU/L、 血清クレアチニン 4.51 mg/dL、eGFR 14.4 mL/min/1.73 m2、 血清アルブミン 3.2 g/dL、総タンパク 6.4 g/dL、K 4.0 mEq/L、 補正 Ca 8.7 mg/dL、P 4.4 mg/dL、 intact‑PTH 50 pg/mL（基準値 10〜65 pg/mL）、 フェリチン 80 ng/mL（基準値 25〜250 ng/mL）、 トランスフェリン飽和度（TSAT）15％（基準値 20〜30％）、 LVEF 60％、BNP 17.2 pg/mL（基準値 ＜ 18.4 pg/mL） 問 292（病態・薬物治療） この患者の現在の病態として適切なのはどれか。２つ選べ。	"[""心不全"",""骨代謝異常"",""鉄代謝異常"",""肝不全"",""貧血""]"	multiChoice	[2,4]	null	normal	false	parsed	"[""none""]"	P111-CASE-292	https://www.mhlw.go.jp/content/001677932.pdf	https://www.mhlw.go.jp/content/001677933.pdf	2026-02-22	MHLW website content under Public Data License 1.0 unless separately indicated; third-party content requires separate review
P111-293	111	293	実践	実務	（実務） この患者の病態に応じた医師への処方提案として、適切なのはどれか。２つ選 べ。	"[""カルベジロール錠の増量"",""炭酸ランタン口腔内崩壊錠の増量"",""ニフェジピン徐放錠の追加"",""クエン酸第一鉄ナトリウム錠の追加"",""ロキサデュスタット錠の追加""]"	multiChoice	[3,4]	null	normal	false	parsed	"[""none""]"	P111-CASE-292	https://www.mhlw.go.jp/content/001677932.pdf	https://www.mhlw.go.jp/content/001677933.pdf	2026-02-22	MHLW website content under Public Data License 1.0 unless separately indicated; third-party content requires separate review
P111-294	111	294	実践	病態・薬物治療	‑295 58 歳男性。身長 172 cm、体重 73 kg。 2 型糖尿病で 10 年前から総合病院 を受診し、現在は処方 1 〜 4 の薬剤を使用している。 （処方 1 ） エンパグリフロジン錠 10 mg 1 回 1 錠（ 1 日 1 錠） 1日1回 朝食後 56 日分 （処方 2 ） メトホルミン塩酸塩錠 500 mg 1 回 1 錠（ 1 日 2 錠） 1日2回 朝夕食後 56 日分 （処方 3 ） インスリングラルギン（遺伝子組換え）注射液（300 単位/ 1 キット） 6 キット 1 回 25 単位 1日1回 朝食前 皮下注射（自己注射） （処方 4 ） インスリンリスプロ（遺伝子組換え）注射液（300 単位/ 1 キット） 5 キット 1回 朝 8 単位 昼 4 単位 夕 6 単位 1 日 3 回 朝昼夕食直前 皮下注射（自己注射） 12 月初旬の受診時の検査結果は以下のとおりだった。 （12 月初旬の検査結果） 空腹時血糖 127 mg/dL、HbA1c 7.0％、尿糖（ 4＋）、尿タンパク（−）、 尿ケトン体（−）、血清クレアチニン 0.7 mg/dL、eGFR 78 mL/min/1.73 m2 8 週間経過した 1 月末、年末年始の食生活の乱れから空腹時血糖 177 mg/dL、 HbA1c 7.8％になった。医師からは、「食事内容に気を付け、薬をきちんと使用す ること。次回受診時に改善が見られなければ薬を増やす。」と言われた。さらに 2 週間経った本日、嘔吐と下痢のため近医を受診して胃腸炎と診断され、処方 5 及び 処方 6 の処方箋を持って薬局を訪れた。 （処方 5 ） 酪酸菌配合剤 1 回 1 錠（ 1 日 3 錠） 1日3回 朝昼夕食後 7 日分 （処方 6 ） ドンペリドン錠 10 mg 1 回 1 錠（ 1 日 3 錠） 1日3回 朝昼夕食前 7 日分 薬剤師に「昨夜から食事が摂れなかったが、今朝は家にあったプリンだけ食べら れた。甘いものを食べたので、糖尿病の薬はきちんと使用した。」と伝えた。 問 294（実務） 薬剤師は患者から同意を得て、総合病院の主治医に連絡をした。シックデイにお ける対応に従えばよいと確認をした上で指導を行った。胃腸症状が続いている間に 関する説明内容として適切なのはどれか。２つ選べ。	"[""エンパグリフロジンの服用は続けてください。"",""メトホルミンは服用しないでください。"",""インスリンはどちらも注射しないでください。"",""試験紙で尿ケトン体を調べてみてください。"",""炭水化物の摂取は控えてください。""]"	multiChoice	[1,3]	null	normal	false	parsed	"[""none""]"	P111-CASE-294	https://www.mhlw.go.jp/content/001677932.pdf	https://www.mhlw.go.jp/content/001677933.pdf	2026-02-22	MHLW website content under Public Data License 1.0 unless separately indicated; third-party content requires separate review
P111-295	111	295	実践	実務	（病態・薬物治療） その 3 日後には胃腸炎の症状は消失して、いつもの食事摂取ができるようにな り、血糖自己測定結果は以下のとおりであったが、血糖コントロール状況が心配と なり、翌日糖尿病で通院している総合病院を受診した。 （いつもの食事摂取ができるようになった日の血糖自己測定） 朝食前 112 mg/dL、朝食後 252 mg/dL、 昼食前 146 mg/dL、昼食後 170 mg/dL、 夕食前 105 mg/dL、夕食後 163 mg/dL、 就寝前 127 mg/dL （総合病院受診時の検査結果） 空腹時血糖 180 mg/dL、HbA1c 8.0％、尿糖（ 4＋）、 尿タンパク（−）、尿ケトン体（−） 今後の糖尿病治療として適切なのはどれか。２つ選べ。	"[""エンパグリフロジンを継続する。"",""メトホルミンを減量する。"",""インスリングラルギンを増量する。"",""朝食直前のインスリンリスプロを増量する。"",""夕食直前のインスリンリスプロを増量する。""]"	multiChoice	[0,3]	null	normal	false	parsed	"[""none""]"	P111-CASE-294	https://www.mhlw.go.jp/content/001677932.pdf	https://www.mhlw.go.jp/content/001677933.pdf	2026-02-22	MHLW website content under Public Data License 1.0 unless separately indicated; third-party content requires separate review
P111-296	111	296	実践	病態・薬物治療	‑297 9 歳男児。身長 136 cm、体重 31 kg。 1 年前に咳嗽、喀痰及び呼吸困難を 主訴に来院し、気管支ぜん息と診断されて治療が開始された。現在は、月に 1 〜 2 回、夜間に息苦しさとともに「ヒューヒュー」「ゼーゼー」といった呼吸音が聞こ えるとのことである。呼吸機能検査（スパイログラム）では、 1 秒量（FEV1）と 1 秒率（FEV1 ％）の低下がみられたが、％肺活量（％VC）は基準範囲内であっ た。また、血液検査ではハウスダストに対する IgE 抗体が陽性であった。現在の 処方は以下のとおりである。 （処方 1 ） アドエア 100 ディスカス 60 吸入用（注） 1 個 1 回 1 吸入 1 日 2 回 朝就寝前 吸入 ⎧ ⎫ ⎜注：サルメテロールキシナホ酸塩及びフルチカゾンプロピオン酸エステルを⎜ ⎜ 含有する吸入粉末剤。 1 吸入で、サルメテロールとして 50 μg 及びフル⎜ ⎜ ⎜ ⎜ チカゾンプロピオン酸エステルとして 100 μg を吸入できる。 ⎜ ⎩ ⎭ （処方 2 ） モンテルカストチュアブル錠 5 mg 1 回 1 錠（ 1 日 1 錠） 1日1回 就寝前 30 日分 （処方 3 ） プロカテロール塩酸塩水和物エアゾール 5 μg 1個 発作時 1 回 2 吸入 1 日 4 回まで 問 296（病態・薬物治療） 本患者の病態に関する記述として、適切なのはどれか。２つ選べ。	"[""アトピー型の気管支ぜん息と考えられる。"",""呼吸機能検査の結果から、拘束性換気障害が疑われる。"",""胸部聴診では、発作時に呼吸に伴って笛音が聴取される。"",""血中のシアル化糖鎖抗原（KL‑6）が高値を示す。"",""喀痰中の好中球が増加している。""]"	multiChoice	[0,2]	null	normal	false	parsed	"[""none""]"	P111-CASE-296	https://www.mhlw.go.jp/content/001677932.pdf	https://www.mhlw.go.jp/content/001677933.pdf	2026-02-22	MHLW website content under Public Data License 1.0 unless separately indicated; third-party content requires separate review
P111-297	111	297	実践	実務	（実務） 患児の保護者への処方薬に関する説明として、適切なのはどれか。２つ選べ。	"[""処方 1 の薬剤吸入時は、素早く浅く吸い込むようにしてください。"",""処方 1 の薬剤吸入後は、効果を持続させるためうがいを避けてください。"",""処方 2 の薬剤は、すでに起こっているぜん息発作を止める薬ではありません。"",""処方 3 の薬剤は、使用前によく振ってください。"",""処方 3 の薬剤のマウスピース（吸入口）は、水洗いしないでください。""]"	multiChoice	[2,3]	null	normal	false	parsed	"[""none""]"	P111-CASE-296	https://www.mhlw.go.jp/content/001677932.pdf	https://www.mhlw.go.jp/content/001677933.pdf	2026-02-22	MHLW website content under Public Data License 1.0 unless separately indicated; third-party content requires separate review
P111-298	111	298	実践	病態・薬物治療	‑299 56 歳女性。 1 日の排尿回数が日中・夜間に関係なく増えており、外出先で トイレの心配をすることが多くなってきた。また、急に我慢できないような尿意を 覚えることがあるため、「市販の薬を試してみたい。」と相談に薬局を訪れた。医師 の診察・治療は受けておらず、薬剤によるアレルギー及び副作用の経験はないとの ことであった。 薬局にはプロピベリン塩酸塩 10 mg を含有する医薬品があり、来局者が使用可 能かを確認することにした。 問 298（病態・薬物治療） この女性の病態として正しいのはどれか。２つ選べ。	"[""膀胱に感染性炎症がある。"",""膀胱からの求心路障害はない。"",""残尿がある。"",""大脳から排尿中枢への抑制が弱くなっている。"",""腹圧の上昇で起こる。""]"	multiChoice	[1,3]	null	normal	false	parsed	"[""none""]"	P111-CASE-298	https://www.mhlw.go.jp/content/001677932.pdf	https://www.mhlw.go.jp/content/001677933.pdf	2026-02-22	MHLW website content under Public Data License 1.0 unless separately indicated; third-party content requires separate review
P111-299	111	299	実践	実務	（実務） 薬剤師が来局者に確認する内容として重要なのはどれか。２つ選べ。	"[""喫煙歴"",""光線過敏症の既往歴"",""グレープフルーツジュースの飲用習慣"",""排尿困難の症状の有無"",""緑内障の有無""]"	multiChoice	[3,4]	null	normal	false	parsed	"[""none""]"	P111-CASE-298	https://www.mhlw.go.jp/content/001677932.pdf	https://www.mhlw.go.jp/content/001677933.pdf	2026-02-22	MHLW website content under Public Data License 1.0 unless separately indicated; third-party content requires separate review
P111-300	111	300	実践	病態・薬物治療	‑301 29 歳男性。身長 170 cm、体重 47 kg。喫煙 20 本/日。腹痛、反復する下 痢、体重減少を認めたため近所の消化器内科を受診した。内視鏡検査を実施したと ころ、クローン病と診断され、以下の処方 1 〜 3 の薬剤で治療を開始することに なった。なお、重症度分類では軽症〜中等症であった。 （検査値） 赤血球 450 × 104/μL、白血球 7,800/μL、血小板 16.8 × 104/μL、 Hb 14.1 g/dL、血清クレアチニン 0.83 mg/dL、AST 21 IU/L、 ALT 22 IU/L、CRP 1.5 mg/dL （処方 1 ） ブデソニド腸溶性顆粒充填カプセル 3 mg 1 回 3 カプセル（ 1 日 3 カプセル） 1日1回 朝食後 7 日分 （処方 2 ） ペンタサ錠 500 mg（注 1） 1 回 1 錠（ 1 日 3 錠） 1日3回 朝昼夕食後 7 日分 （注 1 ： 1 錠中にメサラジン 500 mg を含有する） （処方 3 ） エレンタール配合内用剤（注 2）80 g 1 回 1 袋（ 1 日 3 袋） 1日3回 朝昼夕 7 日分 （注 2 ：成分栄養剤） 問 300（実務） この薬物治療及び栄養療法について、薬剤師が患者へ説明する内容として適切な のはどれか。２つ選べ。	"[""処方 1 の薬剤は症状が改善しても、寛解維持のために長期的に服薬を継続する 必要がある。"",""処方 2 の錠剤を粉砕したり、口腔内で噛み砕いたりしないで服用する。"",""処方 3 の薬剤は、脂肪分をほとんど含んでいないため、腸への負担が少ない。"",""処方 3 の薬剤は、下痢症状を改善する作用がある。"",""食事は食物繊維を多く含むメニューとするのが望ましい。""]"	multiChoice	[1,2]	null	normal	false	parsed	"[""none""]"	P111-CASE-300	https://www.mhlw.go.jp/content/001677932.pdf	https://www.mhlw.go.jp/content/001677933.pdf	2026-02-22	MHLW website content under Public Data License 1.0 unless separately indicated; third-party content requires separate review
P111-301	111	301	実践	実務	（病態・薬物治療） この患者の病態及び薬物治療として正しいのはどれか。２つ選べ。	"[""慢性炎症がある。"",""貧血症状がみられる。"",""明らかな腸閉塞が認められる。"",""現治療が無効な場合は、プレドニゾロンを内服する。"",""薬物療法を完遂することで、完治が期待できる。""]"	multiChoice	[0,3]	null	normal	false	parsed	"[""none""]"	P111-CASE-300	https://www.mhlw.go.jp/content/001677932.pdf	https://www.mhlw.go.jp/content/001677933.pdf	2026-02-22	MHLW website content under Public Data License 1.0 unless separately indicated; third-party content requires separate review
P111-302	111	302	実践	病態・薬物治療	‑303 76 歳女性。身長 153 cm、体重 42 kg。在宅医療を受けていたが転倒し、大 腿骨近位部骨折のため整形外科にて入院加療となった。後日、仙骨部に褥瘡が認め られたため、褥瘡対策チームが介入することとなった。褥瘡患部は、感染の可能性 のある黄色壊死組織を形成していたため（黄色期）、処方 1 の薬剤で治療が開始さ れた。 （処方 1 ） カデックス軟膏 0.9％（注） 100 g 1 回適量 1日2回 朝夕 患部に塗布 ⎧ ⎫ ⎜ 注：カデキソマー 150、マクロゴール 400、マクロゴール 4,000 を基剤と⎜ ⎜ し、 1 g中にヨウ素 9 mg を含有する。 ⎜ ⎩ ⎭ 2 週間後、褥瘡対策チームの回診の際、医師が褥瘡の診察を行い、処方 1 の薬剤 から処方 2 の薬剤へ変更となった。 （処方 2 ） トレチノイントコフェリル軟膏 0.25％ 30 g 1 回適量 1日2回 朝夕 患部に塗布 問 302（実務） この患者への薬物治療について、整形外科病棟の症例検討カンファレンスで研修 医や医療スタッフ向けに発表して欲しいと褥瘡対策チームの薬剤師へ依頼があっ た。薬剤師の発表内容として、適切なのはどれか。２つ選べ。	"[""処方 1 の基剤は水溶性であるため、滲出液が多い患部に適していること。"",""処方 1 の薬剤の効果が不十分であったため、処方 2 の薬剤へ変更となったこと。"",""処方 1 及び 2 の薬剤の塗布後は、安静のために一定の体位を保ってもらうこと。"",""処方 2 の薬剤は使用部位の疼痛、出血をみることがあるため、壊死組織除去後 は使用を中止すること。"",""処方 2 の薬剤には細胞増殖促進作用があり、肉芽形成を促すために使用してい ること。""]"	multiChoice	[0,4]	null	normal	false	parsed	"[""none""]"	P111-CASE-302	https://www.mhlw.go.jp/content/001677932.pdf	https://www.mhlw.go.jp/content/001677933.pdf	2026-02-22	MHLW website content under Public Data License 1.0 unless separately indicated; third-party content requires separate review
P111-303	111	303	実践	実務	（病態・薬物治療） 処方 2 を開始した 10 日後、褥瘡は滲出液の少ない白色期に移行した。この時期 の病態及び治療について適切なのはどれか。２つ選べ。	"[""皮膚の上皮化が進み、肉芽組織が収縮している。"",""症状が改善すると、黒色期に移行する。"",""薬物治療として、積極的に壊死組織を除去する薬剤を使用する。"",""軟膏の基剤として、乳剤性基剤又は油脂性基剤が適している。"",""外科的手術として、デブリードマンが推奨される。""]"	multiChoice	[0,3]	null	normal	false	parsed	"[""none""]"	P111-CASE-302	https://www.mhlw.go.jp/content/001677932.pdf	https://www.mhlw.go.jp/content/001677933.pdf	2026-02-22	MHLW website content under Public Data License 1.0 unless separately indicated; third-party content requires separate review
P111-304	111	304	実践	病態・薬物治療	‑305 19 歳男性。身長 165 cm、体重 51 kg。以前より、右足の痛みと腫れがあ り、 1 ケ月前に父親とともに近所の整形外科を受診した。その 2 週間後、医師は骨 腫瘍を疑い、大学病院を紹介した。精査の結果、大腿骨遠位の骨肉腫と診断され、 加療のため昨日入院となった。入院時の検査結果は以下のとおりである。 （入院時の検査値） 赤血球 520 × 104/μL、Hb 14.3 g/dL、白血球 7,500/μL、 好中球 3,100/μL、血小板 15.8 × 104/μL、血清クレアチニン 0.86 mg/dL、 BUN 16.0 mg/dL、AST 23 IU/L、ALT 22 IU/L、総ビリルビン 1.0 mg/dL 検査の結果、化学療法は施行可能と判断され、明日から以下の MAP 療法を実施 することとなった。 （MAP 療法） 投与量 投与スケジュール ドキソルビシン塩酸塩注射用 30 mg/m2/day day 1，2 シスプラチン注射液 120 mg/m2/day day 1 メトトレキサート注射液 12 g/m2/day day 21，28 ＊ 1 コースは 35 日間で、 2 コース施行 問 304（実務） この患者の治療に関して、病棟担当薬剤師が実務実習中の学生の指導を行うこと となった。薬剤師が実務実習生へ説明する内容として、適切なのはどれか。２つ選 べ。	"[""ドキソルビシン塩酸塩の総投与量が、500 mg/m2 以下であるのを確認すること。"",""シスプラチンは冷蔵庫に保管すること。"",""シスプラチンの点滴時間が長時間に及ぶ場合には、遮光して投与すること。"",""メトトレキサートは、静脈内投与開始から 10 分以内に終了するのが望ましい こと。"",""メトトレキサートの治療効果を高めるために、水分の摂取量を制限すること。""]"	multiChoice	[0,2]	null	normal	false	parsed	"[""none""]"	P111-CASE-304	https://www.mhlw.go.jp/content/001677932.pdf	https://www.mhlw.go.jp/content/001677933.pdf	2026-02-22	MHLW website content under Public Data License 1.0 unless separately indicated; third-party content requires separate review
P111-305	111	305	実践	実務	（病態・薬物治療） MAP 療法による副作用を予防するために、この患者に投与すべきなのはどれ か。２つ選べ。	"[""アセタゾラミド"",""セベラマー"",""トリクロルメチアジド"",""ホリナートカルシウム"",""メスナ""]"	multiChoice	[0,3]	null	normal	false	parsed	"[""none""]"	P111-CASE-304	https://www.mhlw.go.jp/content/001677932.pdf	https://www.mhlw.go.jp/content/001677933.pdf	2026-02-22	MHLW website content under Public Data License 1.0 unless separately indicated; third-party content requires separate review
P111-306	111	306	実践	法規・制度・倫理	‑307 50 歳男性。かかりつけの内科クリニックでコレステロール値が高いと指摘 され、食事療法と運動療法を行っていたが、コントロール不良のため薬物療法を開 始することとなり、本日、処方 1 の薬剤が記載された処方箋を持って薬局を訪れ た。 （処方 1 ） シンバスタチン錠 5 mg 1 回 1 錠（ 1 日 1 錠） 1日1回 夕食後 28 日分 処方 1 の薬剤は本日より初めて服用する薬である。この男性が持参したお薬手帳 には 7 日前に近所の耳鼻科で処方された以下の薬剤が記載されていた。男性による と「ずっと鼻がつまっていたので受診したら、慢性副鼻腔炎と言われ、薬をもらっ た。」とのことだった。 （お薬手帳の内容） クラリスロマイシン錠 200 mg 1 回 1 錠（ 1 日 1 錠） 1日1回 朝食後 28 日分 カルボシステイン錠 500 mg 1 回 1 錠（ 1 日 3 錠） 1日3回 朝昼夕食後 28 日分 薬剤師は、処方 1 の薬剤とお薬手帳の薬剤との相互作用について医師に疑義照会 を行った。その結果、シンバスタチン錠 5 mg からフルバスタチン錠 10 mg へ変更 する旨の回答を得たので、処方 1 から処方 2 に変更することとなった。 （処方 2 ） フルバスタチン錠 10 mg 1 回 1 錠（ 1 日 1 錠） 1日1回 夕食後 28 日分 また、患者より「毎日グレープフルーツジュースを飲んだり、時々市販の酸化マ グネシウムという便秘薬を夕食後に飲むのですが、飲み合わせは大丈夫ですか。」 との質問を受けた。 問 306（法規・制度・倫理） 薬剤師法、健康保険法その他関連法令に照らし、疑義照会に関する記述として適 切なのはどれか。２つ選べ。	"[""次回以降、処方 1 の薬剤が処方され、お薬手帳の薬剤を服用中の場合、医師へ の照会を省略し、薬剤師の判断で処方 2 の薬剤に変更することができる。"",""薬剤師は処方箋の記載内容に疑問や不明点がある場合、疑義照会する義務があ る。"",""疑義照会後の変更の内容を薬剤師が記載した処方箋について、改めて医師の署 名又は記名押印を受ける必要はない。"",""調剤報酬点数表には、疑義照会を行い処方が変更された場合の加算は存在しな い。"",""疑義照会を行い、処方箋を交付した医師が不在であった場合、同じ医療機関に 勤務する別の医師の回答に基づき薬剤を変更して調剤することができる。""]"	multiChoice	[1,2]	null	normal	false	parsed	"[""none""]"	P111-CASE-306	https://www.mhlw.go.jp/content/001677932.pdf	https://www.mhlw.go.jp/content/001677933.pdf	2026-02-22	MHLW website content under Public Data License 1.0 unless separately indicated; third-party content requires separate review
P111-307	111	307	実践	実務	（実務） 服薬指導でこの患者に伝えることとして適切なのはどれか。２つ選べ。	"[""カルボシステイン錠を服用している人が処方 1 のお薬を服用すると、処方 1 の お薬の作用が弱くなるため、処方 2 のお薬に変更になりました。"",""クラリスロマイシン錠を服用している人が処方 1 のお薬を服用すると、処方 1 のお薬の副作用が出やすくなるため、処方 2 のお薬に変更になりました。"",""処方 2 のお薬は、コレステロールの排泄を促進する作用があります。"",""処方 2 のお薬は、グレープフルーツジュースとの飲み合わせについて注意喚起 されていません。"",""処方 2 のお薬と酸化マグネシウムを同時に服用すると、処方 2 のお薬の吸収が 低下するため、時間をずらして服用してください。""]"	multiChoice	[1,3]	null	normal	false	parsed	"[""none""]"	P111-CASE-306	https://www.mhlw.go.jp/content/001677932.pdf	https://www.mhlw.go.jp/content/001677933.pdf	2026-02-22	MHLW website content under Public Data License 1.0 unless separately indicated; third-party content requires separate review
P111-308	111	308	実践	法規・制度・倫理	‑309 81 歳男性。一人暮らし。息子が車で 30 分くらいの場所に住んでいる。息 子は週末にこの男性宅を訪問し、生活の世話をしている。この男性は 65 歳から高 血圧症、高尿酸血症及び前立腺肥大症の治療を行っていた。 1 年前に認知症と診断 され、処方 1 、処方 2 及び処方 3 の薬剤で治療中である。血圧コントロール不良の ため、今回より処方 4 の薬剤が追加となり、男性が息子とともに処方箋を持って薬 局を訪れた。受付時に、この男性から「最近飲み忘れが多く、結構薬が残ってしま います。今日から薬が 1 つ増えると聞いたのですが、ただでさえ飲み忘れがあるの に、これ以上増えたらもっと飲めなくなるのではないかと心配です。何か良い方法 はないですか。睡眠はよくとれており体調には問題ありません。」と相談があった。 （処方 1 ） カンデサルタン錠 4 mg 1 回 1 錠（ 1 日 1 錠） ドネペジル塩酸塩錠 10 mg 1 回 1 錠（ 1 日 1 錠） 1日1回 朝食後 14日分 （処方 2 ） アロプリノール錠 100 mg 1 回 1 錠（ 1 日 1 錠） ナフトピジル錠 50 mg 1 回 1 錠（ 1 日 1 錠） 1日1回 昼食後 14日分 （処方 3 ） スボレキサント錠 10 mg 1 回 1 錠（ 1 日 1 錠） 酸化マグネシウム錠 500 mg 1 回 1 錠（ 1 日 1 錠） 1日1回 就寝前 14日分 コメント：酸化マグネシウム錠は排便のあった日は服用しないでよい。 （処方 4 ） ヒドロクロロチアジド錠 12.5 mg 1 回 0.5 錠（ 1 日 0.5 錠） 1日1回 朝食後 14日分 （処方箋に記載されていた検査値） 血圧 164/86 mmHg、AST 32 IU/L、ALT 18 IU/L、 血清クレアチニン 0.9 mg/dL、BUN 23 mg/dL、尿酸 10.1 mg/dL 問 308（実務） この男性の訴えや症状に対し、一包化以外に薬剤師が行うこととして適切なのは どれか。２つ選べ。	"[""電話で毎日服薬確認することを息子に提案する。"",""医師に疑義照会せずに、カンデサルタン錠とヒドロクロロチアジド錠を配合錠 に変更する。"",""処方 2 の薬剤の服用タイミングについて、朝食後への変更を医師に提案する。"",""アロプリノールの中止を医師に提案する。"",""スボレキサントの増量を医師に提案する。""]"	multiChoice	[0,2]	null	normal	false	parsed	"[""none""]"	P111-CASE-308	https://www.mhlw.go.jp/content/001677932.pdf	https://www.mhlw.go.jp/content/001677933.pdf	2026-02-22	MHLW website content under Public Data License 1.0 unless separately indicated; third-party content requires separate review
P111-309	111	309	実践	実務	（法規・制度・倫理） 薬剤師は、この男性と息子に、高血圧治療薬による低血圧のリスクについて説明 した。さらに、薬剤師は、薬剤師法に基づく薬剤の使用状況の継続的な把握と薬学 的指導（フォローアップ）の必要性を検討した。この男性に対する薬剤師のフォ ローアップとして、正しいのはどれか。２つ選べ。	"[""フォローアップを行うことについて、薬剤師は都道府県知事に申請し、登録を 受けなければならない。"",""フォローアップを行うことについて、処方医の指示は不要である。"",""フォローアップの結果、服薬アドヒアランスの低下が確認された場合、薬剤師 の判断で用法用量の変更をこの男性に指示する。"",""電話でのフォローアップは認められていない。"",""フォローアップを行った場合であっても、次回調剤時の服薬指導は必要である。""]"	multiChoice	[1,4]	null	normal	false	parsed	"[""none""]"	P111-CASE-308	https://www.mhlw.go.jp/content/001677932.pdf	https://www.mhlw.go.jp/content/001677933.pdf	2026-02-22	MHLW website content under Public Data License 1.0 unless separately indicated; third-party content requires separate review
P111-310	111	310	実践	法規・制度・倫理	‑311 ある薬局で、薬局製造販売医薬品として薬局製剤指針（平成 28 年 3 月 28 日 厚生労働省医薬・生活衛生局審査管理課）に記載されている葛根湯を製造し、 販売することになった。葛根湯の製造方法等は以下のとおりである。 【211】K20 成分及び分量 日本薬局方 カッコン 8.0 g 又は本質 〃 マオウ 4.0 g 〃 ショウキョウ 1.0 g 〃 タイソウ 4.0 g 〃 ケイヒ 3.0 g 〃 シャクヤク 3.0 g 〃 カンゾウ 2.0 g 全量 25.0 g 製造方法 以上の切断又は破砕した生薬をとり、 1 包として製する。 用法及び用量 本品 1 包に水約 500 mL を加えて、 Ａ ぐらいまで煎じつめ、 煎じかすを除き、煎液を 3 回に分けて Ｂ に服用する。上記 は大人の 1 日量である。 15 才未満 7 才以上 大人の 2/3、 7 才未満 4 才以上 大人の 1/2、 4 才未満 2 才以上 大人の 1/3、 2 才未満 大人の 1/4 以下を服用 する。 効能又は効果 体力中等度以上のものの次の諸症：感冒の初期（汗をかいていな いもの）、鼻かぜ、鼻炎、頭痛、肩こり、筋肉痛、手や肩の痛み 貯蔵方法及び 密閉容器 有効期間 問 310（法規・制度・倫理） この薬局で製造し、販売する当該製剤に関する記述として正しいのはどれか。 ２つ選べ。	"[""製造するにあたり、医薬品の製造業の許可を受ける必要がある。"",""調剤室以外の場所に貯蔵することはできない。"",""販売するにあたり、医薬品の販売業の許可を受ける必要がある。"",""第 3 類医薬品として販売する。"",""製造物責任法における製造物に該当する。""]"	multiChoice	[0,4]	null	normal	false	parsed	"[""none""]"	P111-CASE-310	https://www.mhlw.go.jp/content/001677932.pdf	https://www.mhlw.go.jp/content/001677933.pdf	2026-02-22	MHLW website content under Public Data License 1.0 unless separately indicated; third-party content requires separate review
P111-311	111	311	実践	実務	（実務） この薬局製剤の用法及び用量について、Ａ及びＢに入る語句の組合せのうち適切 なのはどれか。１つ選べ。 Ａ Ｂ	"[""半量 食直前"",""半量 食直後"",""半量 食間"",""20 分の 1 食直前"",""20 分の 1 食直後"",""20 分の 1 食間""]"	singleChoice	2	null	normal	false	parsed	"[""none""]"	P111-CASE-310	https://www.mhlw.go.jp/content/001677932.pdf	https://www.mhlw.go.jp/content/001677933.pdf	2026-02-22	MHLW website content under Public Data License 1.0 unless separately indicated; third-party content requires separate review
P111-312	111	312	実践	法規・制度・倫理	‑313 49 歳男性。職場の健康診断で尿糖が「要注意」と判定され、生活習慣を改 善するよう指導されたため、健康診断結果を持って薬局に相談に来た。薬剤師が糖 尿病の予後や合併症を説明したところ、男性は食事の改善と運動の実践を決意し、 「自宅で尿糖を測定したいので尿糖検査薬を購入したい。」と申し出た。相談の結 果、一般用検査薬である尿糖検査薬（第 2 類医薬品）を購入することになった。 問 312（実務） この検査薬の説明として、正しいのはどれか。２つ選べ。	"[""この検査薬は果糖やガラクトースを測定するものです。"",""出始めや終わりの尿は使わず、途中の尿（中間尿）で検査してください。"",""採取してから 1 時間静置した尿を検査に使用してください。"",""採取した尿に検査紙を 30 分間浸してから判定してください。"",""尿糖が検出され陽性だった場合は、医療機関を受診してください。""]"	multiChoice	[1,4]	null	normal	false	parsed	"[""none""]"	P111-CASE-312	https://www.mhlw.go.jp/content/001677932.pdf	https://www.mhlw.go.jp/content/001677933.pdf	2026-02-22	MHLW website content under Public Data License 1.0 unless separately indicated; third-party content requires separate review
P111-313	111	313	実践	実務	（法規・制度・倫理） 男性は、この検査薬を継続して使用することを考えており、今後の製品の購入に 関して質問した。薬剤師の説明として正しいのはどれか。２つ選べ。	"[""販売できるのは薬剤師又は登録販売者に限られるため、不在時には購入できま せん。"",""健康診断結果又は医師の指示書を持参しないと購入できません。"",""薬局だけではなく店舗販売業の許可を受けたドラッグストアでも購入が可能で す。"",""インターネットでの販売が認められていない製品です。"",""高度管理医療機器の販売業の許可を得ていない店舗では購入できません。""]"	multiChoice	[0,2]	null	normal	false	parsed	"[""none""]"	P111-CASE-312	https://www.mhlw.go.jp/content/001677932.pdf	https://www.mhlw.go.jp/content/001677933.pdf	2026-02-22	MHLW website content under Public Data License 1.0 unless separately indicated; third-party content requires separate review
P111-314	111	314	実践	法規・制度・倫理	‑315 75 歳男性。身長 168 cm、67 kg。かかりつけの内科を受診し、高血圧症の 治療中である。今回、収縮期血圧が 151 mmHg、拡張期血圧が 87 mmHg であり、 エサキセレノン錠 2.5 mg が追加された処方箋がかかりつけ薬局に FAX で送られ てきた。薬剤師は実務実習生に服薬指導の内容を考えるように指示した。実務実習 生は注意事項等情報（添付文書）のみを参考に検討していたことから、薬剤師はエ サキセレノンの医薬品リスク管理計画（RMP：Risk Management Plan）も追加で 参考にするようアドバイスした。 問 314（実務） 追加薬剤の薬理作用に関連したリスクはどれか。２つ選べ。	"[""高カリウム血症"",""生殖発生毒性"",""低血圧関連事象"",""QT 延長"",""血栓塞栓症""]"	multiChoice	[0,2]	null	normal	false	parsed	"[""none""]"	P111-CASE-314	https://www.mhlw.go.jp/content/001677932.pdf	https://www.mhlw.go.jp/content/001677933.pdf	2026-02-22	MHLW website content under Public Data License 1.0 unless separately indicated; third-party content requires separate review
P111-315	111	315	実践	実務	（法規・制度・倫理） 薬剤師が追加で参考にするようアドバイスした資料に関する記述として、正しい のはどれか。２つ選べ。	"[""PMDA（独立行政法人医薬品医療機器総合機構）が作成する。"",""新たな安全性の懸念が認められた場合は、必要に応じて医薬品安全性監視計画 及びリスク最小化計画を見直す。"",""安全性検討事項には、重要な特定されたリスクが含まれる。"",""患者向医薬品ガイドの作成による情報提供は、医薬品安全性監視活動の 1 つで ある。"",""リスク最小化活動には、製造工程における不純物管理が含まれる。""]"	multiChoice	[1,2]	null	normal	false	parsed	"[""none""]"	P111-CASE-314	https://www.mhlw.go.jp/content/001677932.pdf	https://www.mhlw.go.jp/content/001677933.pdf	2026-02-22	MHLW website content under Public Data License 1.0 unless separately indicated; third-party content requires separate review
P111-316	111	316	実践	法規・制度・倫理	‑317 35 歳女性。身長 150 cm、体重 45 kg。 2 年前より潰瘍性大腸炎と診断さ れ、処方 1 の薬剤で治療していたが、症状が改善しないため今回入院して処方 2 の 薬剤が追加され 2 週間の投与を受けた。しかし、症状は改善せず、腎機能が正常で あることを確認の上、処方 3 の薬剤の追加が検討されている。 （処方 1 ） リアルダ錠 1,200 mg（注） 1 回 4 錠（ 1 日 4 錠） 1日1回 朝食後 （処方 2 ） プレドニゾロン錠 5 mg 朝 6 錠、昼 2 錠（ 1 日 8 錠） 1日2回 朝昼食後 （処方 3 ） フィルゴチニブマレイン酸塩錠 200 mg 1 回 1 錠（ 1 日 1 錠） 1日1回 朝食後 （注： 1 錠中にメサラジン 1,200 mg を含有するフィルムコーティング錠） 問 316（実務） 病棟の薬剤師の対応として適切なのはどれか。２つ選べ。	"[""処方 1 と処方 3 の薬剤は併用禁忌であることを処方医に伝える。"",""処方 2 と処方 3 の薬剤は併用禁忌であることを処方医に伝える。"",""間質性肺炎の既往歴を患者に確認する。"",""挙児希望の有無を患者に確認する。"",""卵アレルギーの有無を患者に確認する。""]"	multiChoice	[2,3]	null	normal	false	parsed	"[""none""]"	P111-CASE-316	https://www.mhlw.go.jp/content/001677932.pdf	https://www.mhlw.go.jp/content/001677933.pdf	2026-02-22	MHLW website content under Public Data License 1.0 unless separately indicated; third-party content requires separate review
P111-317	111	317	実践	実務	（法規・制度・倫理） 病棟の薬剤師は、この患者の担当医から「フィルゴチニブ錠は 1 日当たりの薬価 が高いので、後発医薬品はないですか。」との質問を受け、「フィルゴチニブ錠は再 審査期間中の医薬品なので後発医薬品は販売されていません。」と答えた。医療用 医薬品の再審査に関する記述として正しいのはどれか。２つ選べ。	"[""製造販売業者は、承認後 2 年間は半年ごとに、それ以降は 1 年ごとに再審査期 間が終了するまで、安全性定期報告を行う必要がある。"",""再審査は、承認後に新医薬品の使用成績等の調査を行い、その医薬品の安全性 等の再確認を行う制度である。"",""再審査期間中であっても、特許権の存続期間が終了すれば、後発医薬品が承認 されることがある。"",""指定された再審査期間が延長されることはない。"",""再審査の申請のための調査又は試験は、GVP 省令に従って実施しなければな らない。""]"	multiChoice	[0,1]	null	normal	false	parsed	"[""none""]"	P111-CASE-316	https://www.mhlw.go.jp/content/001677932.pdf	https://www.mhlw.go.jp/content/001677933.pdf	2026-02-22	MHLW website content under Public Data License 1.0 unless separately indicated; third-party content requires separate review
P111-318	111	318	実践	法規・制度・倫理	‑319 8 歳男児。アトピー性皮膚炎に対しステロイド軟膏を使用していたが、顔 面の皮疹の改善が見られないため、今回より以下の処方に変更となり、患児は母親 とともに処方箋を持って薬局を訪れた。服薬指導時に薬剤を見た母親から「薬の名 前の横に劇と書いてあるけれど、大丈夫なのでしょうか。 1 日 1 回に減らして塗っ てもよいですか。」との質問があった。 （処方） タクロリムス水和物軟膏 0.03％ 5g 1 回適量 1日2回 朝夕 顔面に塗布 問 318（実務） 変更後の薬剤について、母親に説明する内容として適切なのはどれか。２つ選 べ。	"[""この薬は自己判断で使用回数を変更すると、本来の効果が得られないことがあ るので指示どおり使用する。"",""眼の周囲に塗布してはならない。"",""びらんや潰瘍面にも使用できる。"",""使用初期に皮膚刺激感を感じることがある。"",""毛細血管拡張や皮膚萎縮、緑内障などに注意が必要である。""]"	multiChoice	[0,3]	null	normal	false	parsed	"[""none""]"	P111-CASE-318	https://www.mhlw.go.jp/content/001677932.pdf	https://www.mhlw.go.jp/content/001677933.pdf	2026-02-22	MHLW website content under Public Data License 1.0 unless separately indicated; third-party content requires separate review
P111-319	111	319	実践	実務	（法規・制度・倫理） 変更後の薬剤の薬局における取扱いに関し、法令に照らし正しいのはどれか。 ２つ選べ。	"[""かぎを施していない調剤棚に貯蔵することができる。"",""本薬剤は、他の劇薬以外の物と区別して貯蔵しなければならない。"",""盗難にあったときは、都道府県知事に届け出なければならない。"",""患者に交付するときの薬袋に、白地に赤枠赤字で「劇」の文字を記載しなけれ ばならない。"",""廃棄するときは、あらかじめ、都道府県知事に届け出なければならない。""]"	multiChoice	[0,1]	null	normal	false	parsed	"[""none""]"	P111-CASE-318	https://www.mhlw.go.jp/content/001677932.pdf	https://www.mhlw.go.jp/content/001677933.pdf	2026-02-22	MHLW website content under Public Data License 1.0 unless separately indicated; third-party content requires separate review
P111-320	111	320	実践	法規・制度・倫理	‑321 82 歳女性。東京都在住。息子夫婦と同居している。末期の胃がんで自宅で の看取りを希望し、訪問診療と訪問看護を受けている。経口薬の服用が難しくなっ てきたため麻薬貼付剤を使用していたが、レスキューの使用回数が増え貼付剤での 疼痛コントロールが困難になった。そのため、以下の持続皮下注射処方に変更とな り、息子が処方箋を近隣の東京都内の薬局に持参した。電動式の PCA（自己調節 鎮痛法）用のシリンジポンプを使用して持続皮下注射を行うこととなった。この患 者がシリンジポンプを使用するのは初めてである。 （処方） モルヒネ塩酸塩注 100 mg シリンジ（100 mg/10 mL/本） 1本 持続皮下注 0.25 mL/h より開始 PCA 設定：0.25 mL/回 ロックアウトタイム 15 分 問 320（法規・制度・倫理） 薬局におけるこの処方薬剤の取扱いに関する記述として、正しいのはどれか。 ２つ選べ。	"[""在庫量の不足のため調剤できない場合は、あらかじめ共同で都知事の許可を受 けた麻薬小売業者の薬局から譲り受けることができる。"",""次回、同一麻薬製剤が投与される場合は、麻薬処方箋に患者の住所の記載がな くても、処方医に確認する必要はない。"",""患者又は同居している家族から、麻薬の譲受証を受け取る必要はない。"",""薬局の開設者は、薬局に麻薬管理者を置き、管理させなければならない。"",""患者が東京都外に引越した場合、この薬局で調剤することができない。""]"	multiChoice	[0,2]	null	normal	false	parsed	"[""none""]"	P111-CASE-320	https://www.mhlw.go.jp/content/001677932.pdf	https://www.mhlw.go.jp/content/001677933.pdf	2026-02-22	MHLW website content under Public Data License 1.0 unless separately indicated; third-party content requires separate review
P111-321	111	321	実践	実務	（実務） 息子に対して行うこの薬剤やポンプの使用に関する説明として適切なのはどれ か。２つ選べ。	"[""薬剤がなくなったら家族が薬剤をセットしてください。"",""患者や家族が流速を変更できないようになっています。"",""ロックアウトタイム中は PCA ボタンを押しても薬剤が出ない構造になってい ます。"",""この薬剤は薬剤師がご自宅に持っていくことができないので、毎回薬局に取り に来てください。"",""今後、この薬剤が 2 本以上処方された場合、未使用の薬剤は冷蔵庫で保管する 必要があります。""]"	multiChoice	[1,2]	null	normal	false	parsed	"[""none""]"	P111-CASE-320	https://www.mhlw.go.jp/content/001677932.pdf	https://www.mhlw.go.jp/content/001677933.pdf	2026-02-22	MHLW website content under Public Data License 1.0 unless separately indicated; third-party content requires separate review
P111-322	111	322	実践	法規・制度・倫理	‑323 82 歳女性。身長 157 cm、体重 40 kg。大腸がんの治療で入院していたが、 食事を摂ることができなくなり中心静脈栄養（TPN：Total Parenteral Nutrition） 療法を開始した。退院後も自宅で皮下埋込型中心静脈ポート（CV ポート）から投 与する TPN 療法を継続することとなった。地域のケアマネジャーと相談し、新た に介護保険を利用することとなり認定を受けた。自宅における患者の点滴は、 CV ポートに接続されたフーバー針（皮下埋込式カテーテル用穿刺針）を介して投 与される。 退院後は処方 1 及び処方 2 の薬剤で治療することとなり、薬局の薬剤師が患者宅 を訪問して薬剤管理指導を行うこととなった。 （処方 1 ） エルネオパ NF 2 号輸液（注）（1,500 mL/袋） 1 袋 1日1回 24 時間かけて点滴静注 14 日分 （処方 2 ） 静注用脂肪乳剤輸液 20％（250 mL/袋） 1袋 1日1回 4 時間かけて点滴静注 月曜、木曜に投与 4 日分（投与実日数） ⎧ ⎫ ⎜ 注：高カロリー輸液用アミノ酸・糖・電解質・総合ビタミン・微量元素液⎜ ⎜ で、 1 袋 1,500 mL 中に総遊離アミノ酸 45 g、ブドウ糖 262.5 g、電解⎜ ⎜ ⎜ ⎜ 質、総合ビタミン、微量元素などを含む総熱量 1,230 kcal の製剤 ⎜ ⎩ ⎭ 問 322（実務） 薬剤管理指導のために訪問した薬剤師が患者の介護を行う家族に対して説明する 内容として適切なのはどれか。２つ選べ。	"[""処方 1 の薬剤は変質を防ぐために冷蔵庫で保管してください。"",""処方 1 の薬剤を交換する前に手を消毒してください。"",""処方 2 の薬剤は輸液フィルターを通して投与してください。"",""入浴時は CV ポートからフーバー針をはずしてください。"",""使用済みのフーバー針は、家庭系一般廃棄物としてお住まいの地域のルールに 従って処理してください。""]"	multiChoice	[1,3]	null	normal	false	parsed	"[""none""]"	P111-CASE-322	https://www.mhlw.go.jp/content/001677932.pdf	https://www.mhlw.go.jp/content/001677933.pdf	2026-02-22	MHLW website content under Public Data License 1.0 unless separately indicated; third-party content requires separate review
P111-323	111	323	実践	実務	（法規・制度・倫理） 薬剤師の説明後、患者の家族から、新たに利用するこの保険について質問され た。家族への説明として、適切なのはどれか。２つ選べ。	"[""この保険は、利用開始に伴い保険料が増額になります。"",""この保険から給付される 1 ケ月当たりのサービス利用の上限額は、年齢によっ て区分されています。"",""サービスの利用に際しての自己負担割合は、利用者の所得に応じて異なります。"",""在宅での服薬状況の確認や服薬指導に対する費用は、医療保険ではなく、この 保険が適用されます。"",""薬剤料は、医療保険ではなく、この保険が適用されます。""]"	multiChoice	[2,3]	null	normal	false	parsed	"[""none""]"	P111-CASE-322	https://www.mhlw.go.jp/content/001677932.pdf	https://www.mhlw.go.jp/content/001677933.pdf	2026-02-22	MHLW website content under Public Data License 1.0 unless separately indicated; third-party content requires separate review
P111-325	111	325	実践	実務	（法規・制度・倫理） 退院後の外来受診で、これらの薬剤は継続となり、処方 1 及び処方 3 が記載され た処方箋が発行された。この男性は、仕事が忙しく、かかりつけの薬局の開局時間 内に処方箋を持参できず、開局時間外である 19 時に薬局に電話したところ、対応 してくれることになり処方箋を持参した。薬剤師は会計時にこの患者に調剤の領収 証と明細書を渡したところ、費用の内容について質問を受けた。患者に対する保険 調剤に関する説明として、正しいのはどれか。２つ選べ。	"[""調剤技術料の項目に含まれる調剤基本料は、処方 3 の追加を理由として、変わ ることはありません。"",""調剤技術料には、薬剤師が患者の症状を踏まえて、説明や指導を行うことに対 する費用の項目があります。"",""薬学管理料には、患者の服薬状況等の情報を収集、分析、評価し、薬剤服用歴 へ記録することに対する費用の項目があります。"",""薬剤料は、薬局の開局時間外に処方箋を受け付けたので、費用が追加されてい ます。"",""1 点の単価は 100 円です。 一般問題（薬学実践問題）【実務】""]"	multiChoice	[0,2]	null	normal	false	parsed	"[""none""]"	P111-CASE-324	https://www.mhlw.go.jp/content/001677932.pdf	https://www.mhlw.go.jp/content/001677933.pdf	2026-02-22	MHLW website content under Public Data License 1.0 unless separately indicated; third-party content requires separate review
P111-326	111	326	実践	実務	60 歳女性。白金製剤を含む化学療法治療後に増悪した再発卵巣がんに対し、ド キソルビシン塩酸塩を MPEG‑DSPE（注）修飾リポソームに封入した注射剤（ドキシ ル注）による治療を検討することになった。 ⎧ ⎫ ⎜注： ‑（Carbonyl‑methoxypolyethylene glycol 2000）‑1，2‑distearoyl‑ ‑ ⎜ ⎜ glycero‑3‑phosphoethanolamine sodium salt ⎜ ⎩ ⎭ 治療導入前のカンファレンスにおいて薬剤師が情報提供する内容として、適切な のはどれか。２つ選べ。	"[""本剤は、従来のドキソルビシン塩酸塩製剤の代替として使用しない。"",""添加剤に大豆由来の成分が含まれるので、大豆アレルギーがないことを患者に 確認した。"",""インフュージョンリアクションを軽減するためにリポソーム化した製剤である。"",""高度催吐リスクのため、デキサメタゾン、セロトニン 5‑HT3 受容体遮断薬及 びタキキニン NK1 受容体遮断薬の 3 剤を前投与する。"",""投与中に血管外漏出が見られたときは、漏出部位と同一静脈から再度点滴を再 開する。""]"	multiChoice	[0,1]	null	normal	false	parsed	"[""none""]"		https://www.mhlw.go.jp/content/001677932.pdf	https://www.mhlw.go.jp/content/001677933.pdf	2026-02-22	MHLW website content under Public Data License 1.0 unless separately indicated; third-party content requires separate review
P111-327	111	327	実践	実務	注射剤調剤として適切なのはどれか。２つ選べ。	"[""抗がん剤を調製する場合は、陰圧操作で行う。"",""使用期限が長い方の注射剤を優先的に払い出す。"",""箱を開封したばかりの輸液製剤であっても、液漏れがないことを確認する。"",""輸液製剤のゴム栓のシールがはがれている場合、目視でゴム栓に異常がなけれ ば、そのまま調剤する。"",""閉鎖式薬物移送システム（CSTD）は、無菌性を向上させる目的で使用する。""]"	multiChoice	[0,2]	null	normal	false	parsed	"[""none""]"		https://www.mhlw.go.jp/content/001677932.pdf	https://www.mhlw.go.jp/content/001677933.pdf	2026-02-22	MHLW website content under Public Data License 1.0 unless separately indicated; third-party content requires separate review
P111-328	111	328	実践	実務	2 歳女児。母親に連れられ喫茶店にいたところ、母親が目を離した隙に、未使 用の紙巻たばこを口に含んだ。母親は、女児を連れて直ちに喫茶店の向かいにあっ た薬局を訪れた。薬剤師が確認したところ、紙巻たばこの先端から 2 cm 程度が噛 みちぎられていた。女児には特に目立った症状はなく、顔色も良好であった。薬剤 師が母親に提案する対応として、適切なのはどれか。２つ選べ。	"[""口の中に残っているものがあれば、取り除く。"",""口に含んだ後の経過時間及び状態を記録する。"",""牛乳を飲ませた後、胃内容物を吐き出させる。"",""経口補水液を飲ませる。"",""成分として薬用炭を含む一般用医薬品を服用させる。""]"	multiChoice	[0,1]	null	normal	false	parsed	"[""none""]"		https://www.mhlw.go.jp/content/001677932.pdf	https://www.mhlw.go.jp/content/001677933.pdf	2026-02-22	MHLW website content under Public Data License 1.0 unless separately indicated; third-party content requires separate review
P111-329	111	329	実践	実務	45 歳女性。20 歳頃より 2 〜 3 ケ月に 1 回程度、閃輝暗点を伴う頭痛があり、 近隣のクリニックで片頭痛と診断されていた。治療には、処方された鎮痛剤を用い ていたが、数年前から症状が安定し、医師から一般用医薬品での対処で問題ないと 言われた。その後、一般用医薬品で症状をコントロールできていたが、半年前から 1 ケ月に 1 〜 2 回の頻度で頭痛が生じ、使用回数が増えてきた。日常生活にも支障 をきたすようになり、痛みの予兆があると不安で気分が落ち込むようになったた め、再受診した。女性は以下の処方箋を持って薬局を訪れた。 （処方） ラスミジタンコハク酸塩錠 100 mg 1回1錠 頭痛時 14 回分 この処方薬剤に関して、薬剤師が女性に説明する内容として、適切なのはどれ か。２つ選べ。	"[""痛みの予兆があるときに服用すると、発作を予防できる。"",""服用しても痛みが治まらない場合は、さらに 1 錠追加服用する。"",""服用後は、めまいや眠気に注意する。"",""血管収縮作用による胸の痛みや圧迫感が現れることがあるので、注意する。"",""使用過多により頭痛が生じることがあるので、注意する。""]"	multiChoice	[2,4]	null	normal	false	parsed	"[""none""]"		https://www.mhlw.go.jp/content/001677932.pdf	https://www.mhlw.go.jp/content/001677933.pdf	2026-02-22	MHLW website content under Public Data License 1.0 unless separately indicated; third-party content requires separate review
P111-330	111	330	実践	実務	64 歳女性。夫と同居。 1 年前、軽度のアルツハイマー型認知症と診断され、処 方 1 の薬剤による治療が行われていた。 6 ケ月前より、認知症周辺症状（BPSD） が出現し、処方 2 の薬剤が追加された。その後、BPSD は改善されたが、 3 ケ月前 には血圧が上昇し処方 3 の薬剤が追加された。その後、処方 3 の薬剤が増量された が、降圧効果が不十分だったため、処方 3 は変更となり、 2 ケ月前より処方 1 、 2 及び 4 の薬剤を服用中である。本日、女性が夫とともに処方箋を持って薬局を訪れ た際、処方 5 の薬剤がさらに追加されていた。薬剤師が女性の体調を確認したとこ ろ、 2 〜 3 週間前から血圧が高くなり、最近では倦怠感や頭重感、むくみ、しびれ の自覚症状があるとのことだった。 （処方 1 ） ドネペジル塩酸塩錠 5 mg 1 回 1 錠（ 1 日 1 錠） 1日1回 朝食後 30 日分 （処方 2 ） 抑肝散エキス顆粒 1 回 2.5 g（ 1 日 7.5 g） 1日3回 朝昼夕食前 30 日分 （処方 3 ） テルミサルタン錠 20 mg 1 回 1 錠（ 1 日 1 錠） 1日1回 朝食後 30 日分 （処方 4 ） テルミサルタン 40 mg・ヒドロクロロチアジド配合錠 1 回 1 錠（ 1 日 1 錠） 1日1回 朝食後 30 日分 （処方 5 ） 塩化カリウム徐放錠 600 mg 1 回 2 錠（ 1 日 4 錠） 1日2回 朝夕食後 30 日分 薬剤師は、薬歴に記録された 1 ケ月前の検査値と処方箋に記載された今回の検査 値を比較し、医師に疑義照会を行った。 （ 1 ケ月前の血圧及び検査値） 血圧 142/85 mmHg、AST 35 IU/L、ALT 43 IU/L、 CK（クレアチンキナーゼ）58 U/L、血清クレアチニン 0.9 mg/dL、 総ビリルビン 1.0 mg/dL、Na 138 mEq/L、K 3.8 mEq/L （処方箋記載の検査値） 血圧 155/90 mmHg、AST 150 IU/L、ALT 78 IU/L、 CK（クレアチンキナーゼ）950 U/L、血清クレアチニン 1.0 mg/dL、 総ビリルビン 1.1 mg/dL、Na 145 mEq/L、K 2.3 mEq/L 医師に提案する内容として、適切なのはどれか。２つ選べ。	"[""ドネペジル塩酸塩錠を中止する。"",""抑肝散エキス顆粒を中止する。"",""テルミサルタン・ヒドロクロロチアジド配合錠を中止する。"",""塩化カリウム徐放錠を減量する。"",""フロセミド錠を追加する。""]"	multiChoice	[1,2]	null	normal	false	parsed	"[""none""]"		https://www.mhlw.go.jp/content/001677932.pdf	https://www.mhlw.go.jp/content/001677933.pdf	2026-02-22	MHLW website content under Public Data License 1.0 unless separately indicated; third-party content requires separate review
P111-331	111	331	実践	実務	インシデントレポートに関する記述として、適切なのはどれか。２つ選べ。	"[""再発防止のために作成される。"",""保健所に提出する。"",""薬剤に関連するインシデント報告はまれである。"",""当事者の責任追及のために利用する。"",""当事者以外が報告してもよい。""]"	multiChoice	[0,4]	null	normal	false	parsed	"[""none""]"		https://www.mhlw.go.jp/content/001677932.pdf	https://www.mhlw.go.jp/content/001677933.pdf	2026-02-22	MHLW website content under Public Data License 1.0 unless separately indicated; third-party content requires separate review
P111-332	111	332	実践	実務	55 歳男性。最近、物が二重に見えたり、頭痛やめまい症状が現れたりしたた め、大学病院を受診し、造影 CT 検査を受けるために入院となった。医師は造影剤 としてイオパミドール注射液を使用予定である。本剤の使用にあたり、入院支援セ ンターの薬剤師が収集する情報として重要性が高いのはどれか。２つ選べ。	"[""亜鉛サプリメントの使用"",""閉所に対する恐怖"",""気管支ぜん息の既往"",""脂質異常症治療薬の使用"",""腎機能""]"	multiChoice	[2,4]	null	normal	false	parsed	"[""none""]"		https://www.mhlw.go.jp/content/001677932.pdf	https://www.mhlw.go.jp/content/001677933.pdf	2026-02-22	MHLW website content under Public Data License 1.0 unless separately indicated; third-party content requires separate review
P111-333	111	333	実践	実務	70 歳男性。前立腺がんによるがん性疼痛に対して、モルヒネ硫酸塩水和物徐放 錠を服用していた。疼痛の悪化に伴い入院となり、骨転移に対して処方 1 及び 2 の 薬剤が開始となった。 （処方 1 ） デノスマブ（遺伝子組換え）皮下注（120 mg/1.7 mL） 1 バイアル 1 回 120 mg 皮下注射 （処方 2 ） デノタスチュアブル配合錠（注） 1 回 2 錠（ 1 日 2 錠） 1日1回 昼食後 7 日分 （注：沈降炭酸カルシウム／コレカルシフェロール／炭酸マグネシウム配合錠） （開始時検査値） 血清アルブミン 4.0 g/dL、AST 10 IU/L、ALT 14 IU/L、 血清クレアチニン 0.88 mg/dL、血清カルシウム 8.3 mg/dL この患者に対して病棟担当薬剤師が行う服薬指導の内容として、適切なのはどれ か。２つ選べ。	"[""処方 1 の薬剤の開始後は、定期的な歯科検査を受けること。"",""処方 1 の薬剤服用中は、カリウム含有量の多い食品を積極的に摂取すること。"",""処方 2 の薬剤は、処方 1 の薬剤の副作用を軽減するために処方されていること。"",""処方 2 の薬剤の副作用の症状として、テタニー症状があること。"",""処方 2 の薬剤は、かみ砕いたり、口中で溶かさずにそのまま服用すること。""]"	multiChoice	[0,2]	null	normal	false	parsed	"[""none""]"		https://www.mhlw.go.jp/content/001677932.pdf	https://www.mhlw.go.jp/content/001677933.pdf	2026-02-22	MHLW website content under Public Data License 1.0 unless separately indicated; third-party content requires separate review
P111-334	111	334	実践	実務	56 歳男性。身長 163 cm、体重 58 kg。食道がん全摘出から 5 日後の栄養管理と して、処方 1 及び 2 の薬剤が投与される予定である。 （入院時の検査値） HbA1c 5.4％、空腹時血糖 101 mg/dL、血清クレアチニン 0.72 mg/dL、 BUN 17.0 mg/dL、AST 19 IU/L、ALT 22 IU/L （処方 1 ） 高カロリー輸液用アミノ酸・糖・電解質・総合ビタミン液（注 1） 1 バッグ 高カロリー輸液用微量元素製剤 2 mL シリンジ 1本 1日1回 持続点滴 24 時間 （注 1 ：1,500 mL 中にブドウ糖 180 g、総遊離アミノ酸 30 g が含まれる） （処方 2 ） 20％静注用脂肪乳剤 100 mL（注 2） 1 バッグ 1日1回 持続点滴 4 時間 （注 2 ：100 mL 中に熱量が約 200 kcal 含まれる） この患者の担当薬剤師が、薬学実習生に対して、本症例に関する説明を行った。 説明内容として、適切なのはどれか。２つ選べ。ただし、アミノ酸は 16％の窒素 を含むものとする。	"[""処方 1 の薬剤を投与する時は、輸液バッグを遮光カバーで被覆すること。"",""処方 2 の薬剤は 0.22 μm 孔径の輸液フィルターを使用して投与すること。"",""処方 2 の薬剤は末梢静脈からの投与が可能であること。"",""非タンパク質カロリー/窒素比（NPC/N）が 400 程度に設定されていること。"",""腎機能が低下しているため、アミノ酸の減量を担当医に提案する予定であるこ と。""]"	multiChoice	[0,2]	null	normal	false	parsed	"[""none""]"		https://www.mhlw.go.jp/content/001677932.pdf	https://www.mhlw.go.jp/content/001677933.pdf	2026-02-22	MHLW website content under Public Data License 1.0 unless separately indicated; third-party content requires separate review
P111-335	111	335	実践	実務	医師より、以下に示す組成の輸液（1,000 mL）の調製依頼があった。生理食塩 液、塩化カルシウム注射液（0.5 mol/L）、50 w/v％ブドウ糖注射液及び注射用水 を用いて調製する時、必要量（mL）として最も近い値の組合せはどれか。１つ選 べ。塩化ナトリウムの式量及びブドウ糖の分子量は、それぞれ 58.5 及び 180 とす る。 （電解質組成） Na＋ 77 mEq/L、Ca2＋ 3 mEq/L、Cl− 80 mEq/L 浸透圧を 300 mOsm/L に調整する。 塩化カルシウム 50 w/v％ブドウ糖 生理食塩液 注射液 注射用水 注射液 （0.5 mol/L）	"[""50.7 3.0 50.9 895.4"",""50.7 6.0 50.9 892.4"",""50.7 6.0 57.1 886.2"",""500.7 3.0 50.9 445.4"",""500.7 3.0 57.1 439.2"",""500.7 6.0 57.1 436.2""]"	singleChoice	3	null	normal	false	parsed	"[""none""]"		https://www.mhlw.go.jp/content/001677932.pdf	https://www.mhlw.go.jp/content/001677933.pdf	2026-02-22	MHLW website content under Public Data License 1.0 unless separately indicated; third-party content requires separate review
P111-336	111	336	実践	実務	63 歳男性。数日前から感冒症状を自覚していたが、前日から咳、痰及び鼻汁が ひどくなった。男性は近隣のクリニックを受診し、以下の処方 1 及び 2 が記載され た処方箋を持って薬局を訪れた。 （処方 1 ） PL 配合顆粒（注） 1 回 1 包（ 1 日 4 包） デキストロメトルファン臭化水素酸塩錠 15 mg 1 回 1 錠（ 1 日 4 錠） 1日4回 朝昼夕食後、就寝前 5 日分 ⎧ ⎫ ⎜注： 1 包（ 1 g）中： ⎜ ⎜ サリチルアミド 270 mg、アセトアミノフェン 150 mg、⎜ ⎜ ⎜ ⎜ 無水カフェイン 60 mg、 ⎜ ⎜ ⎜ ⎜ プロメタジンメチレンジサリチル酸塩 13.5 mg を含む ⎜ ⎩ ⎭ （処方 2 ） アンブロキソール塩酸塩錠 15 mg 1 回 1 錠（ 1 日 3 錠） 1日3回 朝昼夕食後 5 日分 薬剤師が男性の薬歴を確認したところ、 6 ケ月前から総合病院で以下の薬剤が処 方されていることが確認できた。 （総合病院からの処方） ナフトピジル口腔内崩壊錠 50 mg 1 回 1 錠（ 1 日 1 錠） 1日1回 朝食後 14 日分 薬剤師は、今回の処方中にこの患者に対して禁忌となる成分が含まれている可能 性に気づき、クリニックの医師に疑義照会することにした。その成分はどれか。 １つ選べ。	"[""サリチルアミド"",""アセトアミノフェン"",""プロメタジンメチレンジサリチル酸塩"",""デキストロメトルファン臭化水素酸塩"",""アンブロキソール塩酸塩""]"	singleChoice	2	null	normal	false	parsed	"[""none""]"		https://www.mhlw.go.jp/content/001677932.pdf	https://www.mhlw.go.jp/content/001677933.pdf	2026-02-22	MHLW website content under Public Data License 1.0 unless separately indicated; third-party content requires separate review
P111-337	111	337	実践	実務	注射剤の吸着や配合変化に関する記述として適切なのはどれか。２つ選べ。	"[""ニトログリセリンは輸液ルートに吸着するため、ポリ塩化ビニル（PVC）フ リーの輸液ルートを用いる。"",""ジアゼパム注射液には非水溶性溶媒が用いられているため、大量の輸液で希釈 し投与する。"",""アミノ酸輸液（リン酸塩含有輸液）にグルコン酸カルシウムを混合すると、難 溶性の塩を生成するため配合を避ける。"",""注射用アムホテリシン B リポソーム製剤の希釈時には沈殿を防ぐために、生理 食塩液を用いる。"",""オメプラゾールナトリウム注射剤にアルカリ性の注射剤を混合すると白濁する。""]"	multiChoice	[0,2]	null	normal	false	parsed	"[""none""]"		https://www.mhlw.go.jp/content/001677932.pdf	https://www.mhlw.go.jp/content/001677933.pdf	2026-02-22	MHLW website content under Public Data License 1.0 unless separately indicated; third-party content requires separate review
P111-338	111	338	実践	実務	‑339 13 歳男児。体重 50 kg。エピペン注射液 0.3 mg（注）の処方が記載された処 方箋を持って母親とともに薬局を訪れた。薬剤師が情報収集したところ、男児は昼 食にうどんを食べた後、屋外の運動場でサッカーをしているときに倒れたとのこと だった。倒れたのは運動開始 30 分後だった。緊急搬送後、適切な処置により症状 は消失し、その後小麦による食物依存性運動誘発アナフィラキシーと診断され、エ ピペン注射液を処方された。 ⎧ ⎫ ⎜注： 1 管 2 mL、アドレナリンを 2 mg 含有するプレフィルドシリンジ。 ⎜ ⎜ 1 回に 0.3 mL 注射される。 ⎜ ⎩ ⎭ なお、 2 週間前にもパスタを食べた後にサッカーをしたところ、軽度のかゆみや 発疹の症状があった。夜食にうどんやパスタを食べても異常はなく、空腹時にサッ カーをしても異常はなかった。 問 338 処方された薬剤の使用方法に関する説明内容として、適切なのはどれか。２つ 選べ。	"[""注射前によく振ってから使用する。"",""通常、臀部に注射する。"",""緊急の場合は衣服の上からでも注射可能である。"",""注射部位に垂直に針を刺す。"",""残液がなくなるまで繰り返し使用可能である。""]"	multiChoice	[2,3]	null	normal	false	parsed	"[""none""]"		https://www.mhlw.go.jp/content/001677932.pdf	https://www.mhlw.go.jp/content/001677933.pdf	2026-02-22	MHLW website content under Public Data License 1.0 unless separately indicated; third-party content requires separate review
P111-339	111	339	実践	実務	使用方法の説明後、男児の母親から、今後の生活における注意点について質問 があった。薬剤師が行う生活指導の内容として、適切なのはどれか。２つ選べ。	"[""運動は屋外を避け、屋内の体育館で行う。"",""小麦を含む食品を摂取した場合は、食後の運動を避ける。"",""運動中、こまめに水分を補給することで発症を予防できる。"",""エピペン注射液を常時携帯させる。"",""食事は、小麦の完全除去が必要である。""]"	multiChoice	[1,3]	null	normal	false	parsed	"[""none""]"		https://www.mhlw.go.jp/content/001677932.pdf	https://www.mhlw.go.jp/content/001677933.pdf	2026-02-22	MHLW website content under Public Data License 1.0 unless separately indicated; third-party content requires separate review
P111-340	111	340	実践	実務	28 歳男性。牛乳アレルギーあり。既往歴及び使用中の医薬品はなし。喫煙 1 日 10 本程度、飲酒 1 日ビール 500 mL 程度。以前から胃腸が弱く、朝食後や通勤 時に便意を催すことが多い。 1 週間後に昇進試験を受験する予定だが、緊張により 下痢気味であるため、男性は止瀉薬を求めて薬局を訪れた。以下のうち、この男性 に勧める一般用医薬品として、適切なのはどれか。２つ選べ。 成分 1 回量（成人）	"[""1 錠中 1錠 イブプロフェン 150 mg、 ブチルスコポラミン臭化物 10 mg"",""12 錠中 4錠 ベルベリン塩化物水和物 300 mg、 ロートエキス 60 mg、 タンニン酸アルブミン 2,000 mg、 ウルソデオキシコール酸 30 mg"",""2 カプセル中 2 カプセル 木クレオソート 90 mg"",""1 錠中 1錠 ロートエキス 3 倍散 60 mg、 タンニン酸ベルベリン 100 mg"",""3 錠中 1錠 トリメブチンマレイン酸塩 300 mg""]"	multiChoice	[2,3]	null	normal	false	parsed	"[""none""]"		https://www.mhlw.go.jp/content/001677932.pdf	https://www.mhlw.go.jp/content/001677933.pdf	2026-02-22	MHLW website content under Public Data License 1.0 unless separately indicated; third-party content requires separate review
P111-342	111	342	実践	実務	58 歳男性。体重 62 kg、体表面積 1.72 m2。 2 年前、S 状結腸がん（Stage Ⅲ） と 診 断 さ れ、S 状 結 腸 切 除 術 が 施 行 さ れ た。 そ の 後、 術 後 補 助 化 学 療 法 と し て FOLFOX 療法（オキサリプラチン、レボホリナートカルシウム、フルオロウラ シル）を 12 コース施行し、外来通院にて定期検査を実施していた。しかし、 2 ケ 月前の定期検査の際、肝転移が見つかった。主治医が診察及び面談を行い、患者の 希望や検査結果を踏まえ、FOLFIRI ＋ パニツムマブ療法の導入が検討されている。 （FOLFIRI ＋ パニツムマブ療法） 投与量 投与スケジュール 処方 1 パニツムマブ（遺伝子組換え）注 6 mg/kg day 1 処方 2 イリノテカン塩酸塩注射液 150 mg/m2 day 1 レボホリナートカルシウム水和物注 処方 3 200 mg/m2 day 1 射液 処方 4 フルオロウラシル注射液 400 mg/m2 day 1 処方 5 フルオロウラシル注射液 2,400 mg/m2 day 1，2 病棟カンファレンスに参加する際、この薬物治療に関して病棟担当薬剤師が留意 する情報として、適切なのはどれか。２つ選べ。	"[""処方 1 の薬剤は、 遺伝子が変異型であることを確認した上で使用するこ と。"",""UGT1A1 の酵素活性が低下する遺伝子型を持つ患者では、処方 2 の薬剤による 骨髄抑制の発現率が高まること。"",""処方 3 の薬剤は、処方 4 及び 5 の薬剤の抗腫瘍効果を高めるために使用するこ と。"",""処方 4 及び 5 の薬剤は、生理食塩液との混和を避けること。"",""処方 5 の薬剤は、腕などの末梢静脈から投与すること。""]"	multiChoice	[1,2]	null	normal	false	parsed	"[""none""]"		https://www.mhlw.go.jp/content/001677932.pdf	https://www.mhlw.go.jp/content/001677933.pdf	2026-02-22	MHLW website content under Public Data License 1.0 unless separately indicated; third-party content requires separate review
P111-343	111	343	実践	実務	78 歳女性。卵巣がん Stage Ⅳの腹腔内転移により再発し、化学療法を実施して いたが、症状悪化に伴い緩和医療へ方針変更となった。大腸への浸潤により腹痛が 出現し、緩和ケアチームが介入した。以下の処方で痛みのコントロールは不良で、 経口摂取が徐々に困難となり、経鼻胃管の挿入を計画している。 （処方） オキシコンチン TR 錠 20 mg（注） 1 回 1 錠（ 1 日 2 錠） 1日2回 朝夕食後 10 日分 （注：オキシコドン塩酸塩水和物徐放錠（乱用防止用製剤）） そのため、フェンタニル貼付剤へのオピオイドスイッチングを検討しており、主 治医から病棟担当薬剤師へスイッチングの相談があった。バイタルサインは以下の とおりであった。 （バイタルサイン） 項目 入院 30 日目 血圧（mmHg） 110 / 70 体温（℃） 36.2 脈拍（拍/分） 60 呼吸（回/分） 16 医師からの相談内容について、薬剤師が提供する情報として適切なのはどれか。 １つ選べ。	"[""貼付後、速やかに血中濃度が上昇し、安定した鎮痛効果が得られる。"",""スイッチングのタイミングとして、オキシコドン塩酸塩水和物徐放錠の最終投 与時から貼付を開始する。"",""バイタルサインから、フェンタニル貼付剤の吸収率が増加すると判断できる。"",""レスキュー薬としてフェンタニル舌下錠を用いる。"",""フェンタニル貼付剤は、疼痛部位に貼付するとより効果的である。""]"	singleChoice	1	null	normal	false	parsed	"[""none""]"		https://www.mhlw.go.jp/content/001677932.pdf	https://www.mhlw.go.jp/content/001677933.pdf	2026-02-22	MHLW website content under Public Data License 1.0 unless separately indicated; third-party content requires separate review
P111-344	111	344	実践	実務	45 歳男性。20 歳から毎日飲酒し、40 歳頃から仕事のストレスのため飲酒量が 増えていった。約 1 ケ月前から家庭内トラブルで飲酒量が急激に増加し、数日前か ら全身倦怠感の増悪と幻覚が現れた。その後、精神科を受診したところ、アルコー ル依存症と診断され、そのまま入院となった。入院中は断酒及び生活習慣の改善を 実施し、入院 4 週間後にあたる本日、以下の薬剤が処方され、 1 週間後に飲酒試験 が入院下で実施されることになった。 （処方） ジスルフィラム末 1 回 0.1 g（ 1 日 0.2 g） 1日2回 朝夕食後 7 日分 この患者又は家族に対する説明及び指導内容として、適切なのはどれか。２つ選 べ。	"[""飲酒試験における飲酒量は、入院直前と同量である。"",""入院中は、飲酒試験以外でアルコールを摂取しない。"",""今回の治療は、アルコールによる禁断症状を緩和することを目的にしている。"",""退院後の飲酒は、少量から始める。"",""アルコールを含む化粧品の使用は避ける。""]"	multiChoice	[1,4]	null	normal	false	parsed	"[""none""]"		https://www.mhlw.go.jp/content/001677932.pdf	https://www.mhlw.go.jp/content/001677933.pdf	2026-02-22	MHLW website content under Public Data License 1.0 unless separately indicated; third-party content requires separate review
P111-345	111	345	実践	実務	病 院 に 勤 務 す る 薬 剤 師 が 治 験 コ ー デ ィ ネ ー タ ー（CRC：Clinical Research Coordinator）として治験に参画することになった。この薬剤師が行う業務として、 適切なのはどれか。２つ選べ。	"[""治験実施計画書を作成する。"",""GLP（Good Laboratory Practice）に準拠して安全性に関する試験を実施する。"",""治験審査委員会において、治験実施の可否について判断する。"",""治験責任医師による同意説明の補助を行う。"",""被験者の来院スケジュール管理を行う。""]"	multiChoice	[3,4]	null	normal	false	parsed	"[""none""]"		https://www.mhlw.go.jp/content/001677932.pdf	https://www.mhlw.go.jp/content/001677933.pdf	2026-02-22	MHLW website content under Public Data License 1.0 unless separately indicated; third-party content requires separate review
