id	sourceExam	questionNo	subject	domain	question	choices_json	answer_type	answer_json	accepted_answers_json	scoring_status	requires_media	choiceParseStatus	correctionStatus_json	caseGroupId	source_url	answer_source_url	effective_date	rights_basis
P109-001	109	1	必須	物理・化学・生物	永久双極子モーメントをもつ分子はどれか。1つ選べ。	"[""ベンゼン"",""メタン"",""二酸化炭素"",""水"",""四塩化炭素""]"	singleChoice	3	null	normal	false	parsed	"[""none""]"		https://www.mhlw.go.jp/content/001226759.pdf	https://www.mhlw.go.jp/content/001228441.pdf	2024-02-18	MHLW website content under Public Data License 1.0 unless separately indicated; third-party content requires separate review
P109-002	109	2	必須	物理・化学・生物	SDS ポリアクリルアミドゲル電気泳動を行った後、タンパク質の染色に用いる最 も適切な化合物はどれか。1つ選べ。	"[""ニンヒドリン"",""臭化エチジウム"",""o︲フタルアルデヒド"",""フルオレセインイソチオシアネート"",""クーマシーブリリアントブルー（クマシーブリリアントブルー）""]"	singleChoice	4	null	normal	false	parsed	"[""none""]"		https://www.mhlw.go.jp/content/001226759.pdf	https://www.mhlw.go.jp/content/001228441.pdf	2024-02-18	MHLW website content under Public Data License 1.0 unless separately indicated; third-party content requires separate review
P109-003	109	3	必須	物理・化学・生物	質量数は変わらず原子番号が ₁ 増加した娘核種が生成するのはどれか。1つ選 べ。	"[""a 壊変"",""b 壊変 -"",""b 壊変 +"",""軌道電子捕獲"",""核異性体転移""]"	singleChoice	1	null	normal	false	parsed	"[""none""]"		https://www.mhlw.go.jp/content/001226759.pdf	https://www.mhlw.go.jp/content/001228441.pdf	2024-02-18	MHLW website content under Public Data License 1.0 unless separately indicated; third-party content requires separate review
P109-004	109	4	必須	物理・化学・生物	粉末 X 線回折パターンの横軸に表されるパラメータはどれか。1つ選べ。 ただし、i は入射 X 線と格子面群との間の角度である。	"[""₂i"",""i i ₂""]"	singleChoice	0	null	normal	false	parsed	"[""none""]"		https://www.mhlw.go.jp/content/001226759.pdf	https://www.mhlw.go.jp/content/001228441.pdf	2024-02-18	MHLW website content under Public Data License 1.0 unless separately indicated; third-party content requires separate review
P109-005	109	5	必須	物理・化学・生物	₂₅ ℃における ₀ . ₀₁ mol/L 安息香酸水溶液の pH に最も近い値はどれか。1つ選 べ。 ただし、安息香酸の pKa = ₄ . ₂（₂₅ ℃）とする。	"[""₁.₅"",""₃.₀"",""₄.₅"",""₆.₀"",""₇.₅""]"	singleChoice	1	null	normal	false	parsed	"[""none""]"		https://www.mhlw.go.jp/content/001226759.pdf	https://www.mhlw.go.jp/content/001228441.pdf	2024-02-18	MHLW website content under Public Data License 1.0 unless separately indicated; third-party content requires separate review
P109-007	109	7	必須	物理・化学・生物	活性酸素種でないのはどれか。1つ選べ。	"[""O2"",""O2"",""• O2 -"",""• OH"",""H2O2""]"	singleChoice	1	null	normal	false	parsed	"[""none""]"		https://www.mhlw.go.jp/content/001226759.pdf	https://www.mhlw.go.jp/content/001228441.pdf	2024-02-18	MHLW website content under Public Data License 1.0 unless separately indicated; third-party content requires separate review
P109-009	109	9	必須	物理・化学・生物	図は、エチレンへの塩化水素の付加反応における反応の進行度とポテンシャルエ ネルギーの関係を表している。塩化物イオンが求核攻撃する段階の活性化エネル ギーはどれか。1つ選べ。 E3 E1 エネルギー E2 H2C=CH2 E4 ＋ HCl CH3CH2Cl 反応の進行度	"[""E1"",""E1 - E2"",""E3"",""E2 + E3"",""E4""]"	singleChoice	2	null	normal	false	parsed	"[""none""]"		https://www.mhlw.go.jp/content/001226759.pdf	https://www.mhlw.go.jp/content/001228441.pdf	2024-02-18	MHLW website content under Public Data License 1.0 unless separately indicated; third-party content requires separate review
P109-010	109	10	必須	物理・化学・生物	以下の生薬のうち、排尿障害を悪化させる可能性が最も高いのはどれか。1つ 選べ。	"[""ゲンノショウコ"",""センブリ"",""ケツメイシ"",""ロートコン"",""オウバク""]"	singleChoice	3	null	normal	false	parsed	"[""none""]"		https://www.mhlw.go.jp/content/001226759.pdf	https://www.mhlw.go.jp/content/001228441.pdf	2024-02-18	MHLW website content under Public Data License 1.0 unless separately indicated; third-party content requires separate review
P109-011	109	11	必須	物理・化学・生物	第 ₈ 脳神経によって主に伝えられる感覚はどれか。1つ選べ。	"[""嗅覚"",""視覚"",""聴覚"",""味覚"",""触覚""]"	singleChoice	2	null	normal	false	parsed	"[""none""]"		https://www.mhlw.go.jp/content/001226759.pdf	https://www.mhlw.go.jp/content/001228441.pdf	2024-02-18	MHLW website content under Public Data License 1.0 unless separately indicated; third-party content requires separate review
P109-012	109	12	必須	物理・化学・生物	真核細胞の核内の DNA とは別に、独立した DNA を遺伝情報として有する細胞 小器官はどれか。1つ選べ。	"[""ペルオキシソーム"",""ミトコンドリア"",""リソソーム"",""ゴルジ体"",""小胞体""]"	singleChoice	1	null	normal	false	parsed	"[""none""]"		https://www.mhlw.go.jp/content/001226759.pdf	https://www.mhlw.go.jp/content/001228441.pdf	2024-02-18	MHLW website content under Public Data License 1.0 unless separately indicated; third-party content requires separate review
P109-013	109	13	必須	物理・化学・生物	核内受容体のリガンドの前駆体となるビタミンはどれか。1つ選べ。	"[""ナイアシン"",""ピリドキシン"",""パントテン酸"",""レチノール"",""ビオチン""]"	singleChoice	3	null	normal	false	parsed	"[""none""]"		https://www.mhlw.go.jp/content/001226759.pdf	https://www.mhlw.go.jp/content/001228441.pdf	2024-02-18	MHLW website content under Public Data License 1.0 unless separately indicated; third-party content requires separate review
P109-014	109	14	必須	物理・化学・生物	血漿リポタンパク質のうち、その組成に占めるコレステロールの割合が最も高 く、肝臓から全身の組織へのコレステロール輸送を主として担うのはどれか。1つ 選べ。	"[""キロミクロン"",""超低密度リポタンパク質（VLDL）"",""中間密度リポタンパク質（IDL）"",""低密度リポタンパク質（LDL）"",""高密度リポタンパク質（HDL）""]"	singleChoice	3	null	normal	false	parsed	"[""none""]"		https://www.mhlw.go.jp/content/001226759.pdf	https://www.mhlw.go.jp/content/001228441.pdf	2024-02-18	MHLW website content under Public Data License 1.0 unless separately indicated; third-party content requires separate review
P109-015	109	15	必須	物理・化学・生物	主要組織適合遺伝子複合体（MHC）のクラスⅠ分子とクラスⅡ分子の両方で抗 原提示できる免疫担当細胞はどれか。1つ選べ。	"[""樹状細胞"",""キラー T 細胞"",""好中球"",""巨核球"",""制御性 T 細胞 必須問題 【衛生】""]"	singleChoice	0	null	normal	false	parsed	"[""none""]"		https://www.mhlw.go.jp/content/001226759.pdf	https://www.mhlw.go.jp/content/001228441.pdf	2024-02-18	MHLW website content under Public Data License 1.0 unless separately indicated; third-party content requires separate review
P109-016	109	16	必須	衛生	対象集団について、ある一時点における疾病の有無と要因の保有状況を調査 し、その関連を明らかにする疫学研究手法はどれか。1つ選べ。	"[""症例対照研究"",""縦断的研究"",""介入研究"",""コホート研究"",""横断的研究""]"	singleChoice	4	null	normal	false	parsed	"[""none""]"		https://www.mhlw.go.jp/content/001226759.pdf	https://www.mhlw.go.jp/content/001228441.pdf	2024-02-18	MHLW website content under Public Data License 1.0 unless separately indicated; third-party content requires separate review
P109-017	109	17	必須	衛生	予防接種が勧奨されている子宮頸がんのリスク要因はどれか。1つ選べ。	"[""ヒト単純ヘルペスウイルス"",""梅毒トレポネーマ"",""クラミジア・トラコマチス"",""ヒトパピローマウイルス"",""淋菌""]"	singleChoice	3	null	normal	false	parsed	"[""none""]"		https://www.mhlw.go.jp/content/001226759.pdf	https://www.mhlw.go.jp/content/001228441.pdf	2024-02-18	MHLW website content under Public Data License 1.0 unless separately indicated; third-party content requires separate review
P109-018	109	18	必須	衛生	事業者が、常時従事する労働者に対して特殊健康診断を受診させることが義務 付けられているのはどれか。1つ選べ。	"[""石綿（アスベスト）の粉じんを発散する場所における業務"",""重量物を取り扱う業務"",""著しく暑熱な場所における業務"",""電子計算機への入力を反復して行う業務"",""著しい騒音を発する場所における業務""]"	singleChoice	0	null	normal	false	parsed	"[""none""]"		https://www.mhlw.go.jp/content/001226759.pdf	https://www.mhlw.go.jp/content/001228441.pdf	2024-02-18	MHLW website content under Public Data License 1.0 unless separately indicated; third-party content requires separate review
P109-020	109	20	必須	衛生	ホルムアルデヒドや有機酸の殺菌・静菌作用によって食品の保存性を高める方 法はどれか。1つ選べ。	"[""乾燥"",""塩蔵"",""くん煙"",""冷蔵"",""糖漬""]"	singleChoice	2	null	normal	false	parsed	"[""none""]"		https://www.mhlw.go.jp/content/001226759.pdf	https://www.mhlw.go.jp/content/001228441.pdf	2024-02-18	MHLW website content under Public Data License 1.0 unless separately indicated; third-party content requires separate review
P109-022	109	22	必須	衛生	遺伝毒性発がん物質のリスク評価に用いられる指標はどれか。1つ選べ。	"[""許容一日摂取量"",""耐容一日摂取量"",""実質安全量"",""急性参照用量"",""無毒性量""]"	singleChoice	2	null	normal	false	parsed	"[""none""]"		https://www.mhlw.go.jp/content/001226759.pdf	https://www.mhlw.go.jp/content/001228441.pdf	2024-02-18	MHLW website content under Public Data License 1.0 unless separately indicated; third-party content requires separate review
P109-023	109	23	必須	衛生	以下の生体組織のうち、放射線に対する感受性が最も高いのはどれか。1つ選 べ。	"[""神経組織"",""造血組織"",""皮膚組織"",""筋肉組織"",""脂肪組織""]"	singleChoice	1	null	normal	false	parsed	"[""none""]"		https://www.mhlw.go.jp/content/001226759.pdf	https://www.mhlw.go.jp/content/001228441.pdf	2024-02-18	MHLW website content under Public Data License 1.0 unless separately indicated; third-party content requires separate review
P109-024	109	24	必須	衛生	地上部での光化学オキシダントの生成に関与する主な非電離放射線はどれか。 1つ選べ。	"[""遠赤外線"",""近赤外線"",""可視光線"",""UV︲A"",""UV︲C""]"	singleChoice	3	null	normal	false	parsed	"[""none""]"		https://www.mhlw.go.jp/content/001226759.pdf	https://www.mhlw.go.jp/content/001228441.pdf	2024-02-18	MHLW website content under Public Data License 1.0 unless separately indicated; third-party content requires separate review
P109-026	109	26	必須	薬理	禁煙補助薬として用いられるニコチン性アセチルコリン受容体部分刺激薬はど れか。1つ選べ。	"[""シアナミド"",""ナロキソン"",""ニコチン"",""バレニクリン"",""フルマゼニル""]"	singleChoice	3	null	normal	false	parsed	"[""none""]"		https://www.mhlw.go.jp/content/001226759.pdf	https://www.mhlw.go.jp/content/001228441.pdf	2024-02-18	MHLW website content under Public Data License 1.0 unless separately indicated; third-party content requires separate review
P109-027	109	27	必須	薬理	自律神経節遮断薬の効果として、正しいのはどれか。1つ選べ。	"[""心拍数低下"",""散瞳"",""消化管運動促進"",""排尿促進"",""発汗促進""]"	singleChoice	1	null	normal	false	parsed	"[""none""]"		https://www.mhlw.go.jp/content/001226759.pdf	https://www.mhlw.go.jp/content/001228441.pdf	2024-02-18	MHLW website content under Public Data License 1.0 unless separately indicated; third-party content requires separate review
P109-028	109	28	必須	薬理	リスペリドンが高プロラクチン血症を引き起こす機序はどれか。1つ選べ。	"[""線条体でのドパミン D2 受容体遮断"",""線条体でのセロトニン ₅︲HT2A 受容体遮断"",""前頭前野でのドパミン D2 受容体遮断"",""下垂体でのセロトニン ₅︲HT2A 受容体遮断"",""下垂体でのドパミン D2 受容体遮断""]"	singleChoice	4	null	normal	false	parsed	"[""none""]"		https://www.mhlw.go.jp/content/001226759.pdf	https://www.mhlw.go.jp/content/001228441.pdf	2024-02-18	MHLW website content under Public Data License 1.0 unless separately indicated; third-party content requires separate review
P109-029	109	29	必須	薬理	アバタセプトの関節リウマチ治療効果発現の標的分子はどれか。1つ選べ。	"[""CD₂₈"",""細胞傷害性 T リンパ球抗原︲₄（CTLA︲₄）"",""CD₈₀/CD₈₆"",""IL︲₆ 受容体"",""TNF︲a""]"	singleChoice	2	null	normal	false	parsed	"[""none""]"		https://www.mhlw.go.jp/content/001226759.pdf	https://www.mhlw.go.jp/content/001228441.pdf	2024-02-18	MHLW website content under Public Data License 1.0 unless separately indicated; third-party content requires separate review
P109-030	109	30	必須	薬理	オステオカルシンのグルタミン酸残基の c︲カルボキシ化を促進するのはどれ か。1つ選べ。	"[""メナテトレノン"",""エルカトニン"",""カルシトリオール"",""テリパラチド"",""イプリフラボン""]"	singleChoice	0	null	normal	false	parsed	"[""none""]"		https://www.mhlw.go.jp/content/001226759.pdf	https://www.mhlw.go.jp/content/001228441.pdf	2024-02-18	MHLW website content under Public Data License 1.0 unless separately indicated; third-party content requires separate review
P109-031	109	31	必須	薬理	血管平滑筋細胞において、可溶性グアニル酸シクラーゼを刺激して血管拡張作 用を示すのはどれか。1つ選べ。	"[""アルプロスタジル"",""シルデナフィル"",""ベラプロスト"",""リオシグアト"",""マシテンタン""]"	singleChoice	3	null	normal	false	parsed	"[""none""]"		https://www.mhlw.go.jp/content/001226759.pdf	https://www.mhlw.go.jp/content/001228441.pdf	2024-02-18	MHLW website content under Public Data License 1.0 unless separately indicated; third-party content requires separate review
P109-032	109	32	必須	薬理	プラスミンのフィブリンへの結合を阻害することで、止血作用を示すのはどれ か。1つ選べ。	"[""フィトナジオン"",""プロタミン"",""トラネキサム酸"",""ヘモコアグラーゼ"",""カルバゾクロムスルホン酸""]"	singleChoice	2	null	normal	false	parsed	"[""none""]"		https://www.mhlw.go.jp/content/001226759.pdf	https://www.mhlw.go.jp/content/001228441.pdf	2024-02-18	MHLW website content under Public Data License 1.0 unless separately indicated; third-party content requires separate review
P109-033	109	33	必須	薬理	メフルシドの利尿作用の機序はどれか。1つ選べ。	"[""心房性ナトリウム利尿ペプチド（ANP）受容体刺激"",""バソプレシン V2 受容体遮断"",""上皮性 Na チャネル遮断 +"",""Na ︲Cl 共輸送体阻害 + -"",""Na ︲K ︲₂Cl 共輸送体阻害 + + -""]"	singleChoice	3	null	normal	false	parsed	"[""none""]"		https://www.mhlw.go.jp/content/001226759.pdf	https://www.mhlw.go.jp/content/001228441.pdf	2024-02-18	MHLW website content under Public Data License 1.0 unless separately indicated; third-party content requires separate review
P109-034	109	34	必須	薬理	ウメクリジニウムの気管支収縮抑制作用の機序はどれか。1つ選べ。	"[""ホスホジエステラーゼ阻害"",""アデノシン A1 受容体遮断"",""アドレナリン b2 受容体刺激"",""アセチルコリン M3 受容体遮断"",""エラスターゼ阻害""]"	singleChoice	3	null	normal	false	parsed	"[""none""]"		https://www.mhlw.go.jp/content/001226759.pdf	https://www.mhlw.go.jp/content/001228441.pdf	2024-02-18	MHLW website content under Public Data License 1.0 unless separately indicated; third-party content requires separate review
P109-035	109	35	必須	薬理	トリメブチンの消化管運動調節作用の機序はどれか。1つ選べ。	"[""ドパミン D2 受容体遮断"",""コリンエステラーゼ阻害"",""アセチルコリン M3 受容体刺激"",""セロトニン ₅︲HT4 受容体刺激"",""オピオイド n 受容体刺激""]"	singleChoice	4	null	normal	false	parsed	"[""none""]"		https://www.mhlw.go.jp/content/001226759.pdf	https://www.mhlw.go.jp/content/001228441.pdf	2024-02-18	MHLW website content under Public Data License 1.0 unless separately indicated; third-party content requires separate review
P109-036	109	36	必須	薬理	ミクロソームトリグリセリド転送タンパク質（MTP）を阻害する脂質異常症治 療薬はどれか。1つ選べ。	"[""エゼチミブ"",""エボロクマブ"",""ロミタピド"",""アトルバスタチン"",""ペマフィブラート""]"	singleChoice	2	null	normal	false	parsed	"[""none""]"		https://www.mhlw.go.jp/content/001226759.pdf	https://www.mhlw.go.jp/content/001228441.pdf	2024-02-18	MHLW website content under Public Data License 1.0 unless separately indicated; third-party content requires separate review
P109-037	109	37	必須	薬理	ソマトスタチン受容体を刺激して、消化管ホルモン産生腫瘍に伴う諸症状を改 善するのはどれか。1つ選べ。	"[""オクトレオチド"",""ソマトレリン"",""ソマトロピン"",""プロチレリン"",""ペグビソマント""]"	singleChoice	0	null	normal	false	parsed	"[""none""]"		https://www.mhlw.go.jp/content/001226759.pdf	https://www.mhlw.go.jp/content/001228441.pdf	2024-02-18	MHLW website content under Public Data License 1.0 unless separately indicated; third-party content requires separate review
P109-038	109	38	必須	薬理	ホスホジエステラーゼ ₄ （PDE₄）を阻害することで、炎症性サイトカインの産 生を抑制する尋常性乾癬の治療薬はどれか。1つ選べ。	"[""マキサカルシトール"",""エトレチナート"",""アプレミラスト"",""セクキヌマブ"",""ブロダルマブ""]"	singleChoice	2	null	normal	false	parsed	"[""none""]"		https://www.mhlw.go.jp/content/001226759.pdf	https://www.mhlw.go.jp/content/001228441.pdf	2024-02-18	MHLW website content under Public Data License 1.0 unless separately indicated; third-party content requires separate review
P109-040	109	40	必須	薬理	抗悪性腫瘍薬のうち、チュブリンに結合し微小管の重合を阻害するのはどれ か。1つ選べ。	"[""シスプラチン"",""メトトレキサート"",""ビンクリスチン"",""フルオロウラシル"",""ブレオマイシン 必須問題 【薬剤】""]"	singleChoice	2	null	normal	false	parsed	"[""none""]"		https://www.mhlw.go.jp/content/001226759.pdf	https://www.mhlw.go.jp/content/001228441.pdf	2024-02-18	MHLW website content under Public Data License 1.0 unless separately indicated; third-party content requires separate review
P109-043	109	43	必須	薬剤	血漿タンパク質と結合する薬物について、平衡透析法により薬物の血漿タンパ ク結合率を測定した。半透膜で隔てた透析セルの左側に血漿を、右側に薬物溶液を それぞれ加え、平衡に達するまで ₃₇ ℃で振とうした。各透析セルの薬物濃度を ［Ａ］～［Ｃ］とするとき、血漿タンパク質に結合した薬物濃度を示す式はどれ か。1つ選べ。 透析開始前 平衡後 薬物溶液 振とう 血漿 ［Ｂ］ ［Ｃ］ ［Ａ］ 半透膜 半透膜	"[""［Ｂ］+［Ｃ］"",""［Ａ］+［Ｂ］"",""［Ａ］-［Ｂ］"",""［Ａ］-［Ｃ］"",""［Ｂ］-［Ｃ］""]"	singleChoice	4	null	normal	false	parsed	"[""none""]"		https://www.mhlw.go.jp/content/001226759.pdf	https://www.mhlw.go.jp/content/001228441.pdf	2024-02-18	MHLW website content under Public Data License 1.0 unless separately indicated; third-party content requires separate review
P109-044	109	44	必須	薬剤	ヒト肝臓において、最も発現量が多いシトクロム P₄₅₀ 分子種はどれか。1つ選 べ。	"[""CYP₁A₂"",""CYP₂C₁₉"",""CYP₂D₆"",""CYP₂E₁"",""CYP₃A₄""]"	singleChoice	4	null	normal	false	parsed	"[""none""]"		https://www.mhlw.go.jp/content/001226759.pdf	https://www.mhlw.go.jp/content/001228441.pdf	2024-02-18	MHLW website content under Public Data License 1.0 unless separately indicated; third-party content requires separate review
P109-045	109	45	必須	薬剤	胆汁中への排泄が主な消失経路である薬物はどれか。1つ選べ。	"[""カナマイシン"",""プラバスタチン"",""リチウム"",""メトトレキサート"",""エナラプリル""]"	singleChoice	1	null	normal	false	parsed	"[""none""]"		https://www.mhlw.go.jp/content/001226759.pdf	https://www.mhlw.go.jp/content/001228441.pdf	2024-02-18	MHLW website content under Public Data License 1.0 unless separately indicated; third-party content requires separate review
P109-046	109	46	必須	薬剤	体内動態が線形 ₁︲コンパートメントモデルに従う薬物を ₁ 日 ₁ 回経口投与し、 定常状態における平均薬物血中濃度を ₀ . ₂ mg/L としたい。この薬物の全身クリア ランスを ₀ . ₄ L/h/kg、バイオアベイラビリティを ₀ . ₄ とすると、 ₁ 回あたりの投 与量（mg/kg）として最も近い値はどれか。1つ選べ。	"[""₁"",""₂"",""₅"",""₁₀"",""₂₀""]"	singleChoice	2	null	normal	false	parsed	"[""none""]"		https://www.mhlw.go.jp/content/001226759.pdf	https://www.mhlw.go.jp/content/001228441.pdf	2024-02-18	MHLW website content under Public Data License 1.0 unless separately indicated; third-party content requires separate review
P109-047	109	47	必須	薬剤	TDM における薬物血中濃度の測定において、全血試料を用いて分析する必要が ある薬物はどれか。1つ選べ。	"[""テイコプラニン"",""バルプロ酸ナトリウム"",""フェニトイン"",""シクロスポリン"",""ジゴキシン""]"	singleChoice	3	null	normal	false	parsed	"[""none""]"		https://www.mhlw.go.jp/content/001226759.pdf	https://www.mhlw.go.jp/content/001228441.pdf	2024-02-18	MHLW website content under Public Data License 1.0 unless separately indicated; third-party content requires separate review
P109-048	109	48	必須	薬剤	経口固形製剤からの弱電解質薬物の溶出性に影響を及ぼさない因子はどれか。 1つ選べ。	"[""薬物の粒子径"",""薬物の結晶性"",""タンパク結合率"",""溶液の pH"",""溶液の粘度""]"	singleChoice	2	null	normal	false	parsed	"[""none""]"		https://www.mhlw.go.jp/content/001226759.pdf	https://www.mhlw.go.jp/content/001228441.pdf	2024-02-18	MHLW website content under Public Data License 1.0 unless separately indicated; third-party content requires separate review
P109-049	109	49	必須	薬剤	液体の表面張力を測定する方法はどれか。1つ選べ。	"[""溶解度法"",""沈降法"",""吸着法"",""滴重法"",""反応速度法""]"	singleChoice	3	null	normal	false	parsed	"[""none""]"		https://www.mhlw.go.jp/content/001226759.pdf	https://www.mhlw.go.jp/content/001228441.pdf	2024-02-18	MHLW website content under Public Data License 1.0 unless separately indicated; third-party content requires separate review
P109-051	109	51	必須	薬剤	有効成分を速やかに溶解させ、口腔粘膜から吸収させる口腔用錠剤はどれか。 1つ選べ。	"[""溶解錠"",""舌下錠"",""チュアブル錠"",""口腔内崩壊錠"",""発泡錠""]"	singleChoice	1	null	normal	false	parsed	"[""none""]"		https://www.mhlw.go.jp/content/001226759.pdf	https://www.mhlw.go.jp/content/001228441.pdf	2024-02-18	MHLW website content under Public Data License 1.0 unless separately indicated; third-party content requires separate review
P109-053	109	53	必須	薬剤	等張化剤として用いられるのはどれか。1つ選べ。	"[""エタノール"",""ポリソルベート ₈₀"",""塩酸"",""クロロブタノール"",""濃グリセリン""]"	singleChoice	4	null	normal	false	parsed	"[""none""]"		https://www.mhlw.go.jp/content/001226759.pdf	https://www.mhlw.go.jp/content/001228441.pdf	2024-02-18	MHLW website content under Public Data License 1.0 unless separately indicated; third-party content requires separate review
P109-054	109	54	必須	薬剤	医薬品の二次包装はどれか。1つ選べ。	"[""ブリスター包装"",""PTP（Press Through Package）包装"",""ストリップ包装"",""ピロー包装"",""プラスチックバッグ""]"	singleChoice	3	null	normal	false	parsed	"[""none""]"		https://www.mhlw.go.jp/content/001226759.pdf	https://www.mhlw.go.jp/content/001228441.pdf	2024-02-18	MHLW website content under Public Data License 1.0 unless separately indicated; third-party content requires separate review
P109-056	109	56	必須	病態・薬物治療	神経筋接合部のアセチルコリン受容体に対する自己抗体が産生されることによ り、筋力低下をきたす自己免疫疾患はどれか。1つ選べ。	"[""イートン・ランバート症候群"",""重症筋無力症"",""ギラン・バレー症候群"",""進行性筋ジストロフィー"",""筋萎縮性側索硬化症""]"	singleChoice	1	null	normal	false	parsed	"[""none""]"		https://www.mhlw.go.jp/content/001226759.pdf	https://www.mhlw.go.jp/content/001228441.pdf	2024-02-18	MHLW website content under Public Data License 1.0 unless separately indicated; third-party content requires separate review
P109-057	109	57	必須	病態・薬物治療	身体の一部又は全身に瞬間的な筋収縮が起こり、発作持続時間が短く、意識消 失の自覚症状が無いことが多いてんかん発作はどれか。1つ選べ。	"[""複雑部分発作"",""欠神発作"",""強直間代発作"",""ミオクロニー発作"",""脱力発作""]"	singleChoice	3	null	normal	false	parsed	"[""none""]"		https://www.mhlw.go.jp/content/001226759.pdf	https://www.mhlw.go.jp/content/001228441.pdf	2024-02-18	MHLW website content under Public Data License 1.0 unless separately indicated; third-party content requires separate review
P109-058	109	58	必須	病態・薬物治療	メチルフェニデート塩酸塩が適用される疾患はどれか。1つ選べ。	"[""閉塞隅角緑内障"",""重症うつ病"",""糖尿病性腎症"",""くも膜下出血"",""ナルコレプシー""]"	singleChoice	4	null	normal	false	parsed	"[""none""]"		https://www.mhlw.go.jp/content/001226759.pdf	https://www.mhlw.go.jp/content/001228441.pdf	2024-02-18	MHLW website content under Public Data License 1.0 unless separately indicated; third-party content requires separate review
P109-059	109	59	必須	病態・薬物治療	高ナトリウム血症の患者に禁忌である薬物はどれか。1つ選べ。	"[""トルバプタン"",""エプレレノン"",""エナラプリルマレイン酸塩"",""カルベジロール"",""フロセミド""]"	singleChoice	0	null	normal	false	parsed	"[""none""]"		https://www.mhlw.go.jp/content/001226759.pdf	https://www.mhlw.go.jp/content/001228441.pdf	2024-02-18	MHLW website content under Public Data License 1.0 unless separately indicated; third-party content requires separate review
P109-060	109	60	必須	病態・薬物治療	臨床所見としてスプーン状爪が認められる疾患はどれか。1つ選べ。	"[""鉄欠乏性貧血"",""巨赤芽球性貧血"",""自己免疫性溶血性貧血"",""腎性貧血"",""骨髄異形成症候群""]"	singleChoice	0	null	normal	false	parsed	"[""none""]"		https://www.mhlw.go.jp/content/001226759.pdf	https://www.mhlw.go.jp/content/001228441.pdf	2024-02-18	MHLW website content under Public Data License 1.0 unless separately indicated; third-party content requires separate review
P109-061	109	61	必須	病態・薬物治療	心電図上で QT 間隔の延長により生じやすくなる不整脈はどれか。1つ選べ。	"[""洞停止"",""洞房ブロック"",""心房細動"",""発作性上室頻拍"",""多形性心室頻拍""]"	singleChoice	4	null	normal	false	parsed	"[""none""]"		https://www.mhlw.go.jp/content/001226759.pdf	https://www.mhlw.go.jp/content/001228441.pdf	2024-02-18	MHLW website content under Public Data License 1.0 unless separately indicated; third-party content requires separate review
P109-062	109	62	必須	病態・薬物治療	副腎皮質ステロイド性薬が適用される腎疾患はどれか。1つ選べ。	"[""腎硬化症"",""糖尿病性腎症"",""痛風腎"",""多発性嚢胞腎"",""特発性膜性腎症""]"	singleChoice	4	null	normal	false	parsed	"[""none""]"		https://www.mhlw.go.jp/content/001226759.pdf	https://www.mhlw.go.jp/content/001228441.pdf	2024-02-18	MHLW website content under Public Data License 1.0 unless separately indicated; third-party content requires separate review
P109-063	109	63	必須	病態・薬物治療	ポリカルボフィルカルシウムが適用される疾患はどれか。1つ選べ。	"[""術後イレウス"",""高カルシウム血症"",""過敏性腸症候群"",""腎不全"",""虫垂炎""]"	singleChoice	2	null	normal	false	parsed	"[""none""]"		https://www.mhlw.go.jp/content/001226759.pdf	https://www.mhlw.go.jp/content/001228441.pdf	2024-02-18	MHLW website content under Public Data License 1.0 unless separately indicated; third-party content requires separate review
P109-064	109	64	必須	病態・薬物治療	尿路結石を有する痛風患者に対して、最も適切な尿酸降下薬はどれか。1つ選 べ。	"[""ベンズブロマロン"",""コルヒチン"",""ドチヌラド"",""トピロキソスタット"",""プロベネシド""]"	singleChoice	3	null	normal	false	parsed	"[""none""]"		https://www.mhlw.go.jp/content/001226759.pdf	https://www.mhlw.go.jp/content/001228441.pdf	2024-02-18	MHLW website content under Public Data License 1.0 unless separately indicated; third-party content requires separate review
P109-065	109	65	必須	病態・薬物治療	手術が適応とならないクッシング症候群の治療に用いる薬物はどれか。1つ選 べ。	"[""チアマゾール"",""ミトタン"",""デスモプレシン酢酸塩水和物"",""レボチロキシンナトリウム水和物"",""メチロシン""]"	singleChoice	1	null	normal	false	parsed	"[""none""]"		https://www.mhlw.go.jp/content/001226759.pdf	https://www.mhlw.go.jp/content/001228441.pdf	2024-02-18	MHLW website content under Public Data License 1.0 unless separately indicated; third-party content requires separate review
P109-066	109	66	必須	病態・薬物治療	褥瘡治療に用いる外用薬のうち、壊死組織除去効果を有するのはどれか。1つ 選べ。	"[""アルプロスタジルアルファデクス"",""ブロメライン"",""ポビドンヨード"",""ジメチルイソプロピルアズレン"",""トレチノイントコフェリル""]"	singleChoice	1	null	normal	false	parsed	"[""none""]"		https://www.mhlw.go.jp/content/001226759.pdf	https://www.mhlw.go.jp/content/001228441.pdf	2024-02-18	MHLW website content under Public Data License 1.0 unless separately indicated; third-party content requires separate review
P109-067	109	67	必須	病態・薬物治療	我が国において、肝硬変の原因となるウイルス性肝炎として最も頻度が高いの はどれか。1つ選べ。	"[""Ａ型肝炎"",""Ｂ型肝炎"",""Ｃ型肝炎"",""Ｄ型肝炎"",""Ｅ型肝炎""]"	singleChoice	2	null	normal	false	parsed	"[""none""]"		https://www.mhlw.go.jp/content/001226759.pdf	https://www.mhlw.go.jp/content/001228441.pdf	2024-02-18	MHLW website content under Public Data License 1.0 unless separately indicated; third-party content requires separate review
P109-068	109	68	必須	病態・薬物治療	組換え体医薬品の生産プロセスに関する記述について、 に入る適切な語 句はどれか。1つ選べ。 「目的遺伝子を挿入した発現ベクターを細胞に導入し、産生された を精製 して、組換え体医薬品とする。」	"[""DNA"",""RNA"",""ゲノム"",""タンパク質"",""脂質""]"	singleChoice	3	null	normal	false	parsed	"[""none""]"		https://www.mhlw.go.jp/content/001226759.pdf	https://www.mhlw.go.jp/content/001228441.pdf	2024-02-18	MHLW website content under Public Data License 1.0 unless separately indicated; third-party content requires separate review
P109-070	109	70	必須	病態・薬物治療	コンパニオン診断（医薬品の適応判定を目的とした体外診断）のうち、生殖細 胞系列遺伝子に対する検査項目はどれか。1つ選べ。	"[""ALK 融合遺伝子"",""BRAF 遺伝子変異"",""BRCA1/2 遺伝子変異"",""EGFR 遺伝子変異"",""KRAS 遺伝子変異 必須問題 【法規・制度・倫理】""]"	singleChoice	2	null	normal	false	parsed	"[""none""]"		https://www.mhlw.go.jp/content/001226759.pdf	https://www.mhlw.go.jp/content/001228441.pdf	2024-02-18	MHLW website content under Public Data License 1.0 unless separately indicated; third-party content requires separate review
P109-071	109	71	必須	法規・制度・倫理	次のうち、医療における患者の QOL を考えるときに最も重要視すべきなのはど れか。1つ選べ。	"[""患者の人間としての尊厳"",""家族の意思"",""費用対効果"",""医療者の経済的利益"",""医学の進歩""]"	singleChoice	0	null	normal	false	parsed	"[""none""]"		https://www.mhlw.go.jp/content/001226759.pdf	https://www.mhlw.go.jp/content/001228441.pdf	2024-02-18	MHLW website content under Public Data License 1.0 unless separately indicated; third-party content requires separate review
P109-072	109	72	必須	法規・制度・倫理	要配慮個人情報とは、特定の記述等を含む個人情報である。その特定の記述等 に該当するのはどれか。1つ選べ。	"[""生年月日"",""病歴"",""住所"",""学歴"",""電話番号""]"	singleChoice	1	null	normal	false	parsed	"[""none""]"		https://www.mhlw.go.jp/content/001226759.pdf	https://www.mhlw.go.jp/content/001228441.pdf	2024-02-18	MHLW website content under Public Data License 1.0 unless separately indicated; third-party content requires separate review
P109-073	109	73	必須	法規・制度・倫理	薬剤師法において規定されている事項はどれか。1つ選べ。	"[""薬局の開設の許可"",""管理薬剤師の責務"",""一般用医薬品の取扱い"",""処方箋中の疑義の照会"",""守秘義務""]"	singleChoice	3	null	normal	false	parsed	"[""none""]"		https://www.mhlw.go.jp/content/001226759.pdf	https://www.mhlw.go.jp/content/001228441.pdf	2024-02-18	MHLW website content under Public Data License 1.0 unless separately indicated; third-party content requires separate review
P109-074	109	74	必須	法規・制度・倫理	新有効成分含有医薬品等の市販直後調査の実施は、どの時点から ₆ ケ月と規定 されているか。1つ選べ。	"[""承認申請した時"",""承認を受けた時"",""販売を開始した時"",""薬価収載された時"",""医薬品リスク管理計画を策定した時""]"	singleChoice	2	null	normal	false	parsed	"[""none""]"		https://www.mhlw.go.jp/content/001226759.pdf	https://www.mhlw.go.jp/content/001228441.pdf	2024-02-18	MHLW website content under Public Data License 1.0 unless separately indicated; third-party content requires separate review
P109-075	109	75	必須	法規・制度・倫理	医薬品医療機器等法第 ₄₁ 条第 ₁ 項において、日本薬局方を定め公示する目的を 規定している条文の に当てはまるのはどれか。1つ選べ。 「厚生労働大臣は、 を図るため、薬事・食品衛生審議会の意見を聴いて、 日本薬局方を定め、これを公示する。」	"[""医薬品の性状及び品質の適正"",""医薬品の安定供給の確保"",""医薬品の有効性及び安全性の確保"",""医療の安全確保"",""良質かつ適切な医療の確保""]"	singleChoice	0	null	normal	false	parsed	"[""none""]"		https://www.mhlw.go.jp/content/001226759.pdf	https://www.mhlw.go.jp/content/001228441.pdf	2024-02-18	MHLW website content under Public Data License 1.0 unless separately indicated; third-party content requires separate review
P109-076	109	76	必須	法規・制度・倫理	次の文章の に当てはまるのはどれか。1つ選べ。 他の医療提供施設と連携し、地域における医薬品の適正使用の推進、情報提供や 指導を行うなどの機能を有する薬局として、都道府県知事の認定を受けて称するこ とができる名称は、「 連携薬局」である。	"[""医療"",""地域"",""多職種"",""医療機関"",""医療介護""]"	singleChoice	1	null	normal	false	parsed	"[""none""]"		https://www.mhlw.go.jp/content/001226759.pdf	https://www.mhlw.go.jp/content/001228441.pdf	2024-02-18	MHLW website content under Public Data License 1.0 unless separately indicated; third-party content requires separate review
P109-077	109	77	必須	法規・制度・倫理	大麻取締法で規定される「大麻」に該当しない大麻草（カンナビス・サティ バ・エル）の部位はどれか。1つ選べ。	"[""花穂"",""未熟な茎"",""葉"",""種子"",""根""]"	singleChoice	3	null	normal	false	parsed	"[""none""]"		https://www.mhlw.go.jp/content/001226759.pdf	https://www.mhlw.go.jp/content/001228441.pdf	2024-02-18	MHLW website content under Public Data License 1.0 unless separately indicated; third-party content requires separate review
P109-078	109	78	必須	法規・制度・倫理	医療法において、医療提供施設として明記されているのはどれか。1つ選べ。	"[""調剤を実施する薬局"",""医薬品店舗販売業の許可を有する店舗"",""医療を受ける者の居宅"",""医療安全支援センター"",""医療事故調査・支援センター""]"	singleChoice	0	null	normal	false	parsed	"[""none""]"		https://www.mhlw.go.jp/content/001226759.pdf	https://www.mhlw.go.jp/content/001228441.pdf	2024-02-18	MHLW website content under Public Data License 1.0 unless separately indicated; third-party content requires separate review
P109-079	109	79	必須	法規・制度・倫理	介護保険の保険者に該当するのはどれか。1つ選べ。	"[""国民健康保険組合"",""健康保険組合"",""地方厚生局"",""都道府県"",""市町村及び特別区""]"	singleChoice	4	null	normal	false	parsed	"[""none""]"		https://www.mhlw.go.jp/content/001226759.pdf	https://www.mhlw.go.jp/content/001228441.pdf	2024-02-18	MHLW website content under Public Data License 1.0 unless separately indicated; third-party content requires separate review
P109-080	109	80	必須	法規・制度・倫理	エリザベス・キューブラー = ロスによって提唱された死にゆく人の心理過程で 第 ₂ 段階はどれか。1つ選べ。	"[""受容"",""取り引き"",""怒り"",""否認と孤立"",""抑うつ 必須問題 【実務】""]"	singleChoice	2	null	normal	false	parsed	"[""none""]"		https://www.mhlw.go.jp/content/001226759.pdf	https://www.mhlw.go.jp/content/001228441.pdf	2024-02-18	MHLW website content under Public Data License 1.0 unless separately indicated; third-party content requires separate review
P109-081	109	81	必須	実務	一般用医薬品の薬効分類と成分の組合せで正しいのはどれか。1つ選べ。 成分 薬効分類	"[""クロタミトン 鎮痒薬"",""クロルフェニラミンマレイン酸塩 催眠鎮静薬"",""ペミロラストカリウム 鼻炎用点鼻薬"",""テルビナフィン塩酸塩 アレルギー用点眼薬"",""ビサコジル 含嗽薬""]"	singleChoice	0	null	normal	false	parsed	"[""none""]"		https://www.mhlw.go.jp/content/001226759.pdf	https://www.mhlw.go.jp/content/001228441.pdf	2024-02-18	MHLW website content under Public Data License 1.0 unless separately indicated; third-party content requires separate review
P109-082	109	82	必須	実務	入院患者のバンコマイシンによる MRSA 感染症治療プロセスのうち、薬剤師が 主に担当する役割はどれか。1つ選べ。	"[""バンコマイシンを用いた治療の決定 ↓"",""バンコマイシン注射液静脈内投与後の経時的採血 ↓"",""皮膚症状発現時の処置 ↓"",""血中 CRP 及び血中バンコマイシン濃度の測定 ↓"",""測定結果に基づくバンコマイシン投与設計の提案""]"	singleChoice	4	null	normal	false	parsed	"[""none""]"		https://www.mhlw.go.jp/content/001226759.pdf	https://www.mhlw.go.jp/content/001228441.pdf	2024-02-18	MHLW website content under Public Data License 1.0 unless separately indicated; third-party content requires separate review
P109-083	109	83	必須	実務	アフタ性口内炎に用いられる一般用医薬品に含まれる有効成分はどれか。1つ 選べ。	"[""フルオシノロンアセトニド"",""トリアムシノロンアセトニド"",""ベタメタゾン吉草酸エステル"",""デキサメタゾン酢酸エステル"",""ヒドロコルチゾン""]"	singleChoice	1	null	normal	false	parsed	"[""none""]"		https://www.mhlw.go.jp/content/001226759.pdf	https://www.mhlw.go.jp/content/001228441.pdf	2024-02-18	MHLW website content under Public Data License 1.0 unless separately indicated; third-party content requires separate review
P109-084	109	84	必須	実務	健康サポート薬局の届出要件の一つとして、適切なのはどれか。1つ選べ。	"[""個人情報に配慮した相談窓口の設置"",""休日を除く ₂₄ 時間の開局"",""薬局内での無菌調剤"",""予防接種のためのワクチン調製"",""専門薬剤師による抗がん剤の選択支援""]"	singleChoice	0	null	normal	false	parsed	"[""none""]"		https://www.mhlw.go.jp/content/001226759.pdf	https://www.mhlw.go.jp/content/001228441.pdf	2024-02-18	MHLW website content under Public Data License 1.0 unless separately indicated; third-party content requires separate review
P109-085	109	85	必須	実務	生後 ₃ ケ月の乳児に対する薬の使い方として適切なのはどれか。1つ選べ。	"[""散剤を熱湯で溶かしてから飲ませる。"",""散剤をハチミツに混ぜて飲ませる。"",""散剤に数滴の水を加えてペースト状にし、頬の内側か上あごに塗りつけ、すぐ に水を飲ませる。"",""散剤とシロップ剤が一緒に出ている時は、翌日分をあらかじめ混ぜて作り置き しておく。"",""坐剤は冷凍庫に保管し、冷えた状態で使用する。""]"	singleChoice	2	null	normal	false	parsed	"[""none""]"		https://www.mhlw.go.jp/content/001226759.pdf	https://www.mhlw.go.jp/content/001228441.pdf	2024-02-18	MHLW website content under Public Data License 1.0 unless separately indicated; third-party content requires separate review
P109-086	109	86	必須	実務	漢方薬と代表的な副作用の組合せとして正しいのはどれか。1つ選べ。 漢方薬 代表的な副作用	"[""半夏瀉心湯 口内炎"",""芍薬甘草湯 高カリウム血症"",""半夏厚朴湯 下痢"",""小柴胡湯 間質性肺炎"",""黄連解毒湯 腎機能障害""]"	singleChoice	3	null	normal	false	parsed	"[""none""]"		https://www.mhlw.go.jp/content/001226759.pdf	https://www.mhlw.go.jp/content/001228441.pdf	2024-02-18	MHLW website content under Public Data License 1.0 unless separately indicated; third-party content requires separate review
P109-087	109	87	必須	実務	ペニシラミンを解毒薬として使う中毒の原因物質はどれか。1つ選べ。	"[""アセトアミノフェン"",""鉛"",""テトロドトキシン"",""サリン"",""メタノール""]"	singleChoice	1	null	normal	false	parsed	"[""none""]"		https://www.mhlw.go.jp/content/001226759.pdf	https://www.mhlw.go.jp/content/001228441.pdf	2024-02-18	MHLW website content under Public Data License 1.0 unless separately indicated; third-party content requires separate review
P109-088	109	88	必須	実務	ノロウイルスで汚染された病室の床を消毒するのに最も適するのはどれか。 1つ選べ。	"[""クロルヘキシジングルコン酸塩"",""グルタラール"",""次亜塩素酸ナトリウム"",""ポビドンヨード"",""ベンザルコニウム塩化物""]"	singleChoice	2	null	normal	false	parsed	"[""none""]"		https://www.mhlw.go.jp/content/001226759.pdf	https://www.mhlw.go.jp/content/001228441.pdf	2024-02-18	MHLW website content under Public Data License 1.0 unless separately indicated; third-party content requires separate review
P109-089	109	89	必須	実務	チーム医療を実践する上で、最も必要なのはどれか。1つ選べ。	"[""国家資格を有する職種のみで構成する。"",""医師の意見を最優先する。"",""各職種の専門用語を使用する。"",""職種ごとにクリニカルパスを作成する。"",""職種間で医療情報を共有して意思決定する。""]"	singleChoice	4	null	normal	false	parsed	"[""none""]"		https://www.mhlw.go.jp/content/001226759.pdf	https://www.mhlw.go.jp/content/001228441.pdf	2024-02-18	MHLW website content under Public Data License 1.0 unless separately indicated; third-party content requires separate review
P109-090	109	90	必須	実務	麻薬及び向精神薬取締法に基づき、入院患者の麻薬処方箋に記載しなければな らない必須事項はどれか。1つ選べ。	"[""患者の住所"",""処方箋の使用期間"",""麻薬施用者の免許証の番号"",""麻薬業務所の名称"",""麻薬業務所の所在地""]"	singleChoice	2	null	normal	false	parsed	"[""none""]"		https://www.mhlw.go.jp/content/001226759.pdf	https://www.mhlw.go.jp/content/001228441.pdf	2024-02-18	MHLW website content under Public Data License 1.0 unless separately indicated; third-party content requires separate review
P109-091	109	91	理論	物理	分子間相互作用に関する記述のうち、正しいのはどれか。2つ選べ。	"[""クーロン力は電荷間距離の ₂ 乗に反比例する。"",""分散力は分子間にはたらく反発力である。"",""水中における界面活性剤のミセル形成はイオン結合による。"",""疎水性相互作用は水溶液中のタンパク質の高次構造の形成及び安定化に寄与し ている。"",""核酸塩基対は配位結合により形成される。""]"	multiChoice	[0,3]	null	normal	false	parsed	"[""none""]"		https://www.mhlw.go.jp/content/001226760.pdf	https://www.mhlw.go.jp/content/001228441.pdf	2024-02-18	MHLW website content under Public Data License 1.0 unless separately indicated; third-party content requires separate review
P109-092	109	92	理論	物理	状態関数に関する記述のうち、正しいのはどれか。2つ選べ。	"[""状態関数の変化量は系の変化の経路に依存する。"",""示量性状態関数においては加成性が成立する。"",""示強性状態関数は物質量に依存する。"",""体積は示量性状態関数である。"",""エントロピーは示強性状態関数である。""]"	multiChoice	[1,3]	null	normal	false	parsed	"[""none""]"		https://www.mhlw.go.jp/content/001226760.pdf	https://www.mhlw.go.jp/content/001228441.pdf	2024-02-18	MHLW website content under Public Data License 1.0 unless separately indicated; third-party content requires separate review
P109-094	109	94	理論	物理	ある ₂ 価の金属イオン M の ₀ . ₀₁ mol/L 水溶液の pH を上げていくと難溶性塩 2+ M（OH）2 が沈殿する。この沈殿が生成し始める pH に最も近い値はどれか。1つ選 べ。 ただし、M（OH） 2 の溶解度積 Ksp = ₂ . ₀ # ₁₀ （mol/L）、水のイオン積 Kw = -20 3 ［H ］ ［OH ］= ₁ . ₀ # ₁₀ （mol/L）、log ₂ = ₀ . ₃₀ とし、ヒドロキソ錯体の生成な + - -14 2 どの副反応は起こらず、水溶液の温度と体積は変化しないものとする。	"[""₃"",""₅"",""₇"",""₉"",""₁₁""]"	singleChoice	1	null	normal	false	parsed	"[""none""]"		https://www.mhlw.go.jp/content/001226760.pdf	https://www.mhlw.go.jp/content/001228441.pdf	2024-02-18	MHLW website content under Public Data License 1.0 unless separately indicated; third-party content requires separate review
P109-096	109	96	理論	物理	熱容量に関する記述のうち、正しいのはどれか。2つ選べ。 ただし、V は体積、p は圧力、T は絶対温度、H はエンタルピー、R は気体定 数、CV は定容熱容量、CV，m は定容モル熱容量、Cp，m は定圧モル熱容量である。	"[""モル熱容量は ₁ mol の物質の温度を ₁ K 上昇させるのに必要な熱である。"",""熱容量の単位は J・K である。 dH"",""CV は、CV = により求められる。 dT"",""理想気体では、CV，m 1 Cp，m である。 ₁"",""理想気体の CV，m は、 R である。 ₂""]"	multiChoice	[0,3]	null	normal	false	parsed	"[""none""]"		https://www.mhlw.go.jp/content/001226760.pdf	https://www.mhlw.go.jp/content/001228441.pdf	2024-02-18	MHLW website content under Public Data License 1.0 unless separately indicated; third-party content requires separate review
P109-097	109	97	理論	物理	確認試験と検出される医薬品の組合せのうち、正しいのはどれか。2つ選べ。 確認試験 医薬品	"[""塩化鉄（Ⅲ）との反応による呈色 H CH3 CO2H H3CO"",""フェーリング試薬との反応による呈色 CO2H H NH2 HO OH"",""₂ , ₄︲ジニトロフェニルヒドラジンとの反応による H3C CH3 CH3 呈色 O H"",""ニンヒドリンとの反応による呈色 HO H O H H OH H OH OH H OH"",""亜硝酸ナトリウムでジアゾ化後、N ︲（₁︲ナフチ O ル）︲Nʼ︲ジエチルエチレンジアミンとの反応によ O CH3 る呈色 H2N""]"	multiChoice	[2,4]	null	normal	false	parsed	"[""none""]"		https://www.mhlw.go.jp/content/001226760.pdf	https://www.mhlw.go.jp/content/001228441.pdf	2024-02-18	MHLW website content under Public Data License 1.0 unless separately indicated; third-party content requires separate review
P109-098	109	98	理論	物理	日本薬局方ヨードチンキの定量に関する記述のうち、正しいのはどれか。2つ 選べ。 （1） ヨウ素 本品 ₅ mL を正確に量り、ア ヨウ化カリウム ₀ . ₅ g、水 ₂₀ mL 及び 希塩酸 ₁ mL を加え、₀ . ₁ mol/L チオ硫酸ナトリウム液で滴定する（指示薬： イデンプン試液 ₂ mL）。 ₀ . ₁ mol/L チオ硫酸ナトリウム液 ₁ mL = ₁₂ . ₆₉ mg I （2） ヨウ化カリウム 本品 ₅ mL を正確に量り、ヨウ素瓶に入れ、水 ₂₀ mL、塩 酸 ₅₀ mL 及びクロロホルム ₅ mL を加えて室温に冷却し、ウクロロホルム層の 赤紫色が消えるまで激しく振り混ぜながら、₀ . ₀₅ mol/L ヨウ素酸カリウム液 で滴定する。クロロホルム層の色が消えた後、 ₅ 分間放置して再び着色すると きは更に滴定を続ける。 ここに得た ₀ . ₀₅ mol/L ヨウ素酸カリウム液の消費量 a mL と（１）の滴定 に要した ₀ . ₁ mol/L チオ硫酸ナトリウム液の消費量エb mL から次の式によっ てヨウ化カリウム（KI）の量（mg）を求める。 ヨウ化カリウム（KI）の量（mg）= ₁₆ . ₆₀ # オ	"[""下線部アの物質を加えるのは、ヨウ素とチオ硫酸ナトリウムの反応を促進させ るためである。"",""下線部イの溶液は滴定直前に被滴定液に添加する。"",""下線部ウはヨウ素の色である。"",""本品 ₅ mL を量り、上記に従い、₀ . ₁ mol/L チオ硫酸ナトリウム液（ファク ター ₁ . ₀₀₀）で滴定したとき、下線部エが ₂₃ . ₆₀ mL とすると、ヨウ素（I）の含 量は ₆ . ₀ w/v％である。"",""空欄 オ に入れるべき式は（a - b）である。ただし、（2）の反応は次 のとおりである。 ₂I2 + KIO3 + ₆HCl ₅ICl + KCl + ₃H2O ₂KI + KIO3 + ₆HCl ₃ICl + ₃KCl + ₃H2O""]"	multiChoice	[2,3]	null	normal	false	parsed	"[""none""]"		https://www.mhlw.go.jp/content/001226760.pdf	https://www.mhlw.go.jp/content/001228441.pdf	2024-02-18	MHLW website content under Public Data License 1.0 unless separately indicated; third-party content requires separate review
P109-099	109	99	理論	物理	光の性質に関する記述のうち、正しいのはどれか。2つ選べ。	"[""光が臨界角より小さい入射角で入射すると、すべての光は境界面で全反射す る。"",""ある媒質から真空中に入射する光の屈折率を絶対屈折率という。"",""自然光を偏光板に通すと、特定の方向に振動面をもつ楕円偏光を取り出せる。"",""光が物質に当たったときに四方八方へ進行方向が散らばる現象を散乱という。"",""₂ つの光は位相が一致すると干渉して強め合う。""]"	multiChoice	[3,4]	null	normal	false	parsed	"[""none""]"		https://www.mhlw.go.jp/content/001226760.pdf	https://www.mhlw.go.jp/content/001228441.pdf	2024-02-18	MHLW website content under Public Data License 1.0 unless separately indicated; third-party content requires separate review
P109-102	109	102	理論	化学	エタノール中、ナトリウムエトキシドによる（S ）︲₂︲ブロモペンタンの E₂ 反 応では、 ₃ つのアルケンＡ～Ｃが生成する。以下の記述のうち、正しいのはどれ か。2つ選べ。なお、Newman 投影式Ⅰ～Ⅲは（S ） ︲₂︲ブロモペンタンの配座異性 体を表している。 H Br NaOCH2CH3 H3C CH3 CH3CH2OH H CH3 H H H ＋ ＋ CH2 H3C H H3C CH3 H3C Ａ Ｂ Ｃ CH2CH3 H H Br H Br H Br H H H H CH2CH3 CH3CH2 H CH3 CH3 CH3 Ⅰ Ⅱ Ⅲ	"[""カルボカチオン中間体を経由する反応である。"",""ＡとＢをあわせた収率は、Ｃの収率より大きい。"",""臭素原子を塩素原子に置換した出発物質を用いると、脱離反応が遅くなる。"",""ナトリウムエトキシドの濃度を変えても、反応速度は変化しない。"",""配座異性体Ⅰ～Ⅲのうち、ⅢからＡが生成する。""]"	multiChoice	[1,2]	null	normal	false	parsed	"[""none""]"		https://www.mhlw.go.jp/content/001226760.pdf	https://www.mhlw.go.jp/content/001228441.pdf	2024-02-18	MHLW website content under Public Data License 1.0 unless separately indicated; third-party content requires separate review
P109-105	109	105	理論	化学	非ステロイド性抗炎症薬Ａ～Ｅに関する記述のうち、正しいのはどれか。2つ 選べ。 CO2H O O CH3 O S CH3 NH N CO2H H CH3 N S OH O N CH3 Ａ Ｂ Ｃ CH3 S O OH CO2H Cl N N H3C N S O O F Ｄ Ｅ	"[""Ａ以外は不斉中心をもたない。"",""Ｂはフェニル酢酸系の抗炎症薬である。"",""Ｃには環状スルホンアミド構造がある。"",""Ｄ以外は酸性官能基をもつ。"",""Ｅにはインドール骨格がある。""]"	multiChoice	[2,3]	null	normal	false	parsed	"[""none""]"		https://www.mhlw.go.jp/content/001226760.pdf	https://www.mhlw.go.jp/content/001228441.pdf	2024-02-18	MHLW website content under Public Data License 1.0 unless separately indicated; third-party content requires separate review
P109-108	109	108	理論	化学	微生物由来の化合物Ａ～Ｄに関する記述のうち、正しいのはどれか。2つ選 べ。 Ａ OH Ｂ O H H3C H H H CH3 H3C HO CH3 O H H CH3 H3C HO OH CH3 CH3 O CH2 OO H OH O H H O H H H H CH3 CH N CH3 H H O H 3 H O H O N O H CH3 CH3 H OH HO H CH3 O OH H CH3 O O CH3 O H H H H O CH3 H3C O CH3 CH3 H H CH3 Ｃ OH O OH OH O O NH2 OH H H HO CH3 H N CH3 H3C Ｄ HO H O O H OH H HO H H H O H O CH3 CH3 HO H NH2 O O H H HO OH Cl Cl H3C CH3 H O H H O H H O O H N N N N N CO2H H H O H H HN O H NH H NH2 CH3 O OH HO OH	"[""Ａは抗菌薬として利用されている。"",""Ｂのアグリコンは酢酸︲マロン酸経路により生合成される。"",""Ｃはカルシウムイオンと難溶性のキレートを形成する。"",""Ｄはマクロライド系化合物と呼ばれる。"",""Ａ～Ｄは、真菌から単離された化合物である。""]"	multiChoice	[1,2]	null	normal	false	parsed	"[""none""]"		https://www.mhlw.go.jp/content/001226760.pdf	https://www.mhlw.go.jp/content/001228441.pdf	2024-02-18	MHLW website content under Public Data License 1.0 unless separately indicated; third-party content requires separate review
P109-109	109	109	理論	化学	₂₈ 歳女性。日頃からストレスによる疲労感やイライラを強く感じていて、最近 になって胃痛や嘔吐、食欲不振に悩まされるようになった。今回、一般用医薬品を 希望して来局したため、症状から六君子湯（ハンゲ、チンピ、ニンジン、ビャク ジュツ又はソウジュツ、ショウキョウ、カンゾウ、タイソウ、ブクリョウから構成 される）を薦めた。 これらの症状に対して六君子湯が有効と考えた主たる根拠として誤っているのは どれか。1つ選べ。	"[""ハンゲには嘔吐を改善するはたらきがある。"",""チンピには胃の調子を改善するはたらきがある。"",""ニンジンには疲労感を改善するはたらきがある。"",""ビャクジュツ又はソウジュツにはイライラを改善するはたらきがある。"",""ショウキョウには食欲不振を改善するはたらきがある。""]"	singleChoice	3	null	normal	false	parsed	"[""none""]"		https://www.mhlw.go.jp/content/001226760.pdf	https://www.mhlw.go.jp/content/001228441.pdf	2024-02-18	MHLW website content under Public Data License 1.0 unless separately indicated; third-party content requires separate review
P109-111	109	111	理論	生物	解糖系に関する記述のうち、正しいのはどれか。2つ選べ。	"[""アルドラーゼにより六炭糖が三炭糖に開裂する反応（図 ₂ ）は、加リン酸分解 である。"",""D︲グルコースから代謝物Ａを生じるまでの過程で ATP を産生する。"",""図 ₃ のうち、代謝物Ｂから代謝物Ｃを生じる反応は、基質レベルのリン酸化で ある。"",""図 ₃ で生じた NADH は、シャトル機構により細胞質からミトコンドリアのマ トリックスに運ばれる。"",""D︲グルコースから D︲フルクトース ₁ , ₆︲ビスリン酸の生成過程は、ATP により 促進され、AMP により抑制される。""]"	singleChoice	null	null	excluded	false	parsed	"[""none""]"		https://www.mhlw.go.jp/content/001226760.pdf	https://www.mhlw.go.jp/content/001228441.pdf	2024-02-18	MHLW website content under Public Data License 1.0 unless separately indicated; third-party content requires separate review
P109-113	109	113	理論	生物	骨組織及び骨代謝に関する記述のうち、正しいのはどれか。2つ選べ。	"[""骨芽細胞は造血幹細胞に由来し、骨基質を分解する。"",""破骨細胞は、アルカリホスファターゼを分泌する。"",""副甲状腺ホルモンは、血漿中の Ca 濃度を上昇させる。 2+"",""カルシトニンは甲状腺ろ胞細胞から分泌され、骨吸収を亢進する。"",""活性型ビタミン D3 は、消化管からの Ca 吸収を促進する。 2+""]"	multiChoice	[2,4]	null	normal	false	parsed	"[""none""]"		https://www.mhlw.go.jp/content/001226760.pdf	https://www.mhlw.go.jp/content/001228441.pdf	2024-02-18	MHLW website content under Public Data License 1.0 unless separately indicated; third-party content requires separate review
P109-114	109	114	理論	生物	ケトン体に関する記述として、正しいのはどれか。2つ選べ。	"[""アセチル CoA とマロニル CoA から産生される。"",""グルコースに代わるエネルギー源となる。"",""₃︲ヒドロキシ酪酸、a︲ケトグルタル酸及びアセト酢酸の ₃ つの分子を指す。"",""主に肝臓で作られて、血流を介して各組織に運ばれる。"",""細胞に取り込まれて糖新生の原料となる。""]"	multiChoice	[1,3]	null	normal	false	parsed	"[""none""]"		https://www.mhlw.go.jp/content/001226760.pdf	https://www.mhlw.go.jp/content/001228441.pdf	2024-02-18	MHLW website content under Public Data License 1.0 unless separately indicated; third-party content requires separate review
P109-115	109	115	理論	生物	ペニシリン耐性の黄色ブドウ球菌が発現する b︲ラクタマーゼを精製し、反応 速度論的解析を行った。b︲ラクタマーゼの反応は以下のミカエリス・メンテン式 に従うものとする。 V max #［S］ v= K m +［S］ 異なる濃度のペニシリンを含む ₁₀ mL の反応液中に ₁ ng の b︲ラクタマーゼを加 え、反応生成物の量を測定したところ、ペニシリン濃度（［S］）と ₁ 分間に生じる 反応生成物の量（v）の関係は図 ₁ のようになった。また、ペニシリン濃度の逆数 （₁/［S］）と ₁ 分間に生じた反応生成物量の逆数（₁/v）をプロットしたところ、 図 ₂ のようになり、回帰直線の式は ₁ ₁ = ₇₅ . ₀ # + ₁₅. ₀ v ［S］ であった。 図₁ ₁ 分間に生じる反応生成物（v） 図₂ ₁₀₀ ₀ . ₀₆ ₁ ［nmol/mL・min］ ₀ . ₀₅ v ₀ . ₀₄ ₅₀ ₀ . ₀₃ ₀ . ₀₂ ₀ . ₀₁ ₀ ₀ ₁₀ ₂₀ ₃₀ ₀ ₀.₅ ₁ ₁ ペニシリン濃度［S］（nmol/L） ［S］ 以下の記述のうち、正しいのはどれか。2つ選べ。なお、測定中のペニシリン濃 度の低下は無視できるものとする。	"[""b︲ラクタマーゼは、酸化還元酵素である。"",""反応液中の b︲ラクタマーゼを ₂ ng にしても、単位時間あたりの反応生成物量 は変わらない。"",""この酵素の Vmax の値は ₀ . ₀₆₇ nmol/mL・min（有効数字 ₂ 桁）である。"",""この反応系に競合阻害薬を加えて実験した場合、見かけ上の Km は ₅ . ₀ nmol/L より大きくなる。"",""この反応系に非競合阻害薬を加えて実験した場合、図 ₂ の回帰直線の傾きは小 さくなる。""]"	multiChoice	[2,3]	null	normal	false	parsed	"[""none""]"		https://www.mhlw.go.jp/content/001226760.pdf	https://www.mhlw.go.jp/content/001228441.pdf	2024-02-18	MHLW website content under Public Data License 1.0 unless separately indicated; third-party content requires separate review
P109-116	109	116	理論	生物	プリオン病では、プリオンタンパク質（PrP）の感染性を有した異常型が蓄積 する。プリオンタンパク質の特徴として、正常型である PrP と異常型である c PrP が相互作用（会合）すると、正常型が異常型へと変換されることが知られて Sc いる。図 ₁ は NMR により解析された PrP の立体構造、図 ₂ は PrP の仮想の立 c Sc 体構造をそれぞれ安定な二次構造をわかりやすくリボン図で描いている。なお、図 中には示されていないが、PrP の C 末端には GPI アンカーが付加されている。 c 図 ₃ は、PrP の遺伝子配列から予想される翻訳産物をアミノ酸の一文字表記で示 している。アミノ酸配列のうち、プロリン残基は黒点（●）で、グリシン残基は ₂ 重下線で示している。 以下の記述のうち、正しいのはどれか。2つ選べ。 図₁ 図₂ 図₃ 1 MANLGCWMLVLFVATWSDLGLCKKRPKPGG 30 3 3 31 WNTGGSRYPGQGSPGGNRYPPQGGGGWGQP 60 3 3 3 3 33 61 HGGGWGQPHGGGWGQPHGGGWGQPHGGGWG 90 3 3 3 91 QGGGTHSQWNKPSKPKTNMKHMAGAAAAGA 120 3 3 121 VVGGLGGYMLGSAMSRPIIHFGSDYEDRYY 150 Helix 1 151 RENMHRYPNQVYYRPMDEYSNQNNFVHDCV 180 3 3 Helix 1 Helix 2 181 NITIKQHTVTTTTKGENFTETDVKMMERVV 210 Helix 2 Helix 3 211 EQMCITQYERESQAYYQRGSSMVLFSSPPV 240 3 3 Helix 3 241 ILLISFLIFLIVG 253	"[""図 ₂ に示す PrP は、図 ₁ に示す PrP に比べて b シート構造が多い。 Sc c"",""b シート構造の安定性は、並行するペプチド鎖間で形成されるジスルフィド （S︲S）結合によっている。"",""図 ₃ に示す PrP に点在するプロリンは、その環状構造により二次構造の形成と その規則性に影響を与えている。"",""図 ₃ に示す PrP に多く存在するグリシンは、特定の二次構造からループ構造へ の変化を妨げる要因となっている。"",""PrP において GPI アンカーが結合するアミノ酸残基は、図 ₃ で ₁ 番目のメチ c オニンである。""]"	multiChoice	[0,2]	null	normal	false	parsed	"[""none""]"		https://www.mhlw.go.jp/content/001226760.pdf	https://www.mhlw.go.jp/content/001228441.pdf	2024-02-18	MHLW website content under Public Data License 1.0 unless separately indicated; third-party content requires separate review
P109-117	109	117	理論	生物	抗体とそのクラススイッチに関する記述のうち、誤っているのはどれか。1つ 選べ。	"[""クラススイッチは、抗体可変部の遺伝子再編成の後に B 細胞で生じる。"",""最初に産生される抗体のクラスは、IgM である。"",""クラススイッチにより変化する領域は、重鎖（H 鎖）に存在する。"",""すべての抗体のクラススイッチは、転写産物である RNA の選択的スプライシ ングの違いで生じる。"",""クラススイッチは、T 細胞との細胞間相互作用やサイトカインにより制御され る。""]"	singleChoice	3	null	normal	false	parsed	"[""none""]"		https://www.mhlw.go.jp/content/001226760.pdf	https://www.mhlw.go.jp/content/001228441.pdf	2024-02-18	MHLW website content under Public Data License 1.0 unless separately indicated; third-party content requires separate review
P109-118	109	118	理論	生物	炎症に関する記述のうち、正しいのはどれか。2つ選べ。	"[""発赤は、炎症の兆候の一つで、赤血球が血管外に浸潤する現象である。"",""補体成分の C₃b と C₅b は、肥満細胞からヒスタミンを遊離させるアナフィラ トキシンである。"",""P︲セレクチンは、血管内皮細胞の表面に発現し、白血球の炎症部位への動員に 関わる。"",""Toll 様受容体は、主に炎症後期に線維芽細胞の活性化に関わり組織修復を促 す。"",""炎症時には、肝臓での C 反応性タンパク質の産生が亢進する。""]"	multiChoice	[2,4]	null	normal	false	parsed	"[""none""]"		https://www.mhlw.go.jp/content/001226760.pdf	https://www.mhlw.go.jp/content/001228441.pdf	2024-02-18	MHLW website content under Public Data License 1.0 unless separately indicated; third-party content requires separate review
P109-119	109	119	理論	生物	₂ 種類の染色法を用いて細菌Ａについて調べた。染色法 ₁ （グラム染色）では 明瞭な染色像が観察されなかったため、染色法 ₂ （抗酸染色）での染色を行ったと ころ、染色法 ₂ では陽性であった。染色法 ₁ 、 ₂ の染色操作を図に示した。 染色法 ₁ 染色法 ₂ スライドグラスに菌を塗抹 スライドグラスに菌を塗抹 乾燥、固定 乾燥、固定 クリスタルバイオレット液を滴下 石炭酸フクシン液を滴下 ₂ 分間放置 ₃ ～ ₅ 分間加温 染色 染色 水洗 冷却後、水洗 ルゴール液を滴下 塩酸アルコールを滴下（₂₀ 秒間） ₃₀ 秒間放置 媒染 脱色 水洗 水洗 エタノールを滴下（₂₀ 秒間） メチレンブルー液を滴下 ₃₀ 秒間放置 脱色 水洗 対比染色 水洗、乾燥 サフラニン液を滴下 顕微鏡で観察 ₂ 分間放置 対比染色 水洗、乾燥 顕微鏡で観察 細菌Ａとこれらの染色法に関する記述のうち、正しいのはどれか。2つ選べ。	"[""細菌Ａは、ペプチドグリカン層に加えて染色法 ₁ での染色に抵抗性の細胞壁成 分を持っている。"",""ペプチドグリカン層が厚い細菌では、クリスタルバイオレットとルゴール液で つくられた色素がエタノールで除去される。"",""高級脂肪酸やワックスに富む細胞壁成分を持つ細菌は、染色法 ₂ で染色されな い。"",""細菌Ａの細胞壁は、融点の低い脂質に富んでおり、加温すると石炭酸フクシン の透過性が増す。"",""染色法 ₁ の陽性細菌は青紫色、染色法 ₂ の陽性細菌は赤色に染まる。 一般問題（薬学理論問題）【物理・化学・生物／衛生／法規・制度・倫理】""]"	multiChoice	[0,4]	null	normal	false	parsed	"[""none""]"		https://www.mhlw.go.jp/content/001226760.pdf	https://www.mhlw.go.jp/content/001228441.pdf	2024-02-18	MHLW website content under Public Data License 1.0 unless separately indicated; third-party content requires separate review
P109-120	109	120	理論	生物	−122 ヒト免疫不全ウイルス（HIV）感染と薬害エイズに関する以下の問いに答 えよ。 問 120（物理・化学・生物） 血友病の治療のために投与された非加熱血液製剤により HIV 感染が生じた事例 に関連する生物学的知識として、正しいのはどれか。2つ選べ。	"[""遺伝性血友病は X 連鎖潜性（劣性）遺伝により生じるため、男性に発症しや すい。"",""血漿中の HIV は加熱処理しなくても、孔径 ₀ . ₂₂ nm のメンブレンろ過により 除去できる。"",""血液製剤に混入した HIV は、治療を受ける患者の CD₈ 陽性 T リンパ球に感染 する。"",""HIV はレトロウイルスであり、プロウイルス化により感染宿主細胞内で長期間 潜伏できる。"",""HIV 感染による症状として、花びらのように分かれた核を持つ特徴的な腫瘍化 T 細胞がみられるようになる。""]"	multiChoice	[0,3]	null	normal	false	parsed	"[""none""]"		https://www.mhlw.go.jp/content/001226760.pdf	https://www.mhlw.go.jp/content/001228441.pdf	2024-02-18	MHLW website content under Public Data License 1.0 unless separately indicated; third-party content requires separate review
P109-121	109	121	理論	衛生	（衛生） 図 ₁ は、国内の HIV 感染者及び AIDS 患者の年間新規報告数の推移を示したも のであり、図 ₂ は、₂₀₂₁ 年における国内の HIV 感染者の新規報告の感染経路別内 訳である。HIV 感染者の発生動向に関する記述のうち、正しいのはどれか。2つ 選べ。 その他 経路ウ （₅₄₁. ₅％） 人 経路ア ₁₄₀₀ ₁人 不明 ₉₁ 人 （₀ . ₁％） ₇₈ 人 （₁₂ . ₃％） ₁₂₀₀ Ａ （₁₀ . ₅％） Ｂ 新規報告数（人） ₁₀₀₀ ₈₀₀ ₆₀₀ ₄₀₀ ₂₀₀ ₀ 経路イ 年 ₅₃₁ 人 ₁₉₈₅ ₁₉₈₆ ₁₉₈₇ ₁₉₈₈ ₁₉₈₉ ₁₉₉₀ ₁₉₉₁ ₁₉₉₂ ₁₉₉₃ ₁₉₉₄ ₁₉₉₅ ₁₉₉₆ ₁₉₉₇ ₁₉₉₈ ₁₉₉₉ ₂₀₀₀ ₂₀₀₁ ₂₀₀₂ ₂₀₀₃ ₂₀₀₄ ₂₀₀₅ ₂₀₀₆ ₂₀₀₇ ₂₀₀₈ ₂₀₀₉ ₂₀₁₀ ₂₀₁₁ ₂₀₁₂ ₂₀₁₃ ₂₀₁₄ ₂₀₁₅ ₂₀₁₆ ₂₀₁₇ ₂₀₁₈ ₂₀₁₉ ₂₀₂₀ ₂₀₂₁ （₇₁ . ₆％） 図₁ HIV 感染者及び AIDS 患者の 年間新規報告数の推移 令和 ₃ （₂₀₂₁）年 エイズ発生動向年報（厚生労働省エイズ動向委員会）を基に作成 図₂ ₂₀₂₁ 年における HIV 感染者の 新規報告の感染経路別内訳 令和 ₃ （₂₀₂₁）年 エイズ発生動向年報（厚生労働省エイズ動向委員会）を基に作成	"[""図 ₁ のＡは HIV 感染者で、Ｂは AIDS 患者を表している。"",""₂₀₂₁ 年 に お け る HIV 感 染 者 と AIDS 患 者 を 合 わ せ た 新 規 報 告 数 に 占 め る AIDS 患者の割合は、約 ₈₀％と高い水準である。"",""HIV 感染者年間新規報告数は、男性よりも女性の方が多い。"",""図 ₂ の経路アは、母子感染によるものである。"",""図 ₂ の経路イは、同性間の性的接触によるものである。""]"	multiChoice	[0,4]	null	normal	false	parsed	"[""none""]"		https://www.mhlw.go.jp/content/001226760.pdf	https://www.mhlw.go.jp/content/001228441.pdf	2024-02-18	MHLW website content under Public Data License 1.0 unless separately indicated; third-party content requires separate review
P109-122	109	122	理論	法規・制度・倫理	（法規・制度・倫理） 血液製剤による感染被害の救済制度に関する記述として、正しいのはどれか。2 つ選べ。	"[""適正な使用目的に従い適正に使用された場合の感染被害の救済を目的としている。"",""給付金は、原因となった血液製剤の製造販売業者が全額負担する。"",""医療費給付の対象は、入院を要する程度以上の感染被害である。"",""葬祭料や遺族年金に関する給付項目は含まれていない。"",""製造販売業者の過失が裁判によって証明された場合に救済の対象となる。 一般問題（薬学理論問題）【衛生】""]"	multiChoice	[0,2]	null	normal	false	parsed	"[""none""]"		https://www.mhlw.go.jp/content/001226760.pdf	https://www.mhlw.go.jp/content/001228441.pdf	2024-02-18	MHLW website content under Public Data License 1.0 unless separately indicated; third-party content requires separate review
P109-123	109	123	理論	衛生	保健統計に関する記述のうち、正しいのはどれか。2つ選べ。	"[""保健統計は、人口統計と死亡統計に大別される。"",""人口統計は、人口動態統計と疾病統計に大別される。"",""人口統計は、集団の健康水準の向上を図る上で重要な情報である。"",""人口動態統計は、ある一時点における人口の規模や構造などを調査するもので ある。"",""人口静態統計の代表的なものは、国勢調査である。""]"	multiChoice	[2,4]	null	normal	false	parsed	"[""none""]"		https://www.mhlw.go.jp/content/001226760.pdf	https://www.mhlw.go.jp/content/001228441.pdf	2024-02-18	MHLW website content under Public Data License 1.0 unless separately indicated; third-party content requires separate review
P109-125	109	125	理論	衛生	予防接種に関する記述のうち、正しいのはどれか。2つ選べ。	"[""予防接種で得られる免疫は、人工能動免疫に含まれる。"",""予防接種によって免疫能を獲得することは、宿主に対する疾病予防である。"",""予防接種法におけるＡ類疾病については、接種の努力義務はない。"",""予防接種法におけるＢ類疾病の予防接種は、個人予防よりも集団予防を主な目 的としている。"",""予防接種法に定められた予防接種による健康被害は、医薬品副作用被害救済制 度により救済される。""]"	multiChoice	[0,1]	null	normal	false	parsed	"[""none""]"		https://www.mhlw.go.jp/content/001226760.pdf	https://www.mhlw.go.jp/content/001228441.pdf	2024-02-18	MHLW website content under Public Data License 1.0 unless separately indicated; third-party content requires separate review
P109-126	109	126	理論	衛生	新生児マススクリーニングとその対象疾患に関する記述のうち、正しいのはど れか。2つ選べ。	"[""対象疾患は、後天性代謝異常症及び内分泌疾患である。"",""全ての対象疾患のスクリーニングには、タンデムマス法が用いられている。"",""ガラクトース血症の発見率は、この ₁₀ 年間減少し続けている。"",""メープルシロップ尿症の治療には、分岐鎖アミノ酸制限ミルクの食事療法が行 われる。"",""クレチン症（先天性甲状腺機能低下症）の治療には、ホルモン補充が行われ る。""]"	multiChoice	[3,4]	null	normal	false	parsed	"[""none""]"		https://www.mhlw.go.jp/content/001226760.pdf	https://www.mhlw.go.jp/content/001228441.pdf	2024-02-18	MHLW website content under Public Data License 1.0 unless separately indicated; third-party content requires separate review
P109-127	109	127	理論	衛生	ビタミンに関する記述のうち、正しいのはどれか。2つ選べ。	"[""レチノイン酸は、光を感知するロドプシンの構成成分で視覚機能を正常に保つ のに必要である。"",""a︲トコフェロールは、ヒトでは腸内細菌によって主に供給される。"",""コレカルシフェロールは、紫外線照射により動物の皮膚で ₇︲デヒドロコレステ ロールから合成される。"",""リボフラビンは生体内で活性化され、糖質や脂質のエネルギー代謝に関与する 酵素の補酵素としてはたらく。"",""チアミンは、生体内で補酵素 NAD や NADP として酸化還元反応に関与する。 + +""]"	multiChoice	[2,3]	null	normal	false	parsed	"[""none""]"		https://www.mhlw.go.jp/content/001226760.pdf	https://www.mhlw.go.jp/content/001228441.pdf	2024-02-18	MHLW website content under Public Data License 1.0 unless separately indicated; third-party content requires separate review
P109-128	109	128	理論	衛生	三大栄養素としての糖質、脂質、タンパク質に関する記述のうち、正しいのは どれか。2つ選べ。	"[""単位重量当たりで得られるエネルギーが最も多いのは、糖質である。"",""糖質はエネルギー源となり、エネルギー貯蔵体にも変換される。"",""脂質から単位重量当たりに得られるエネルギーは、タンパク質の約 ₄ 倍であ る。"",""タンパク質はエネルギー源にはならない。"",""脂質やタンパク質の代謝物の中には、ホルモンなどの生理活性物質の前駆体に なるものがある。""]"	multiChoice	[1,4]	null	normal	false	parsed	"[""none""]"		https://www.mhlw.go.jp/content/001226760.pdf	https://www.mhlw.go.jp/content/001228441.pdf	2024-02-18	MHLW website content under Public Data License 1.0 unless separately indicated; third-party content requires separate review
P109-129	109	129	理論	衛生	食品成分に関する記述のうち、正しいのはどれか。2つ選べ。	"[""キトサンは、エビやカニの壳に含まれる成分を原料としたもので、血中コレス テロール値を低下させる作用がある。"",""アスタキサンチンは、ブドウの果皮に含まれており、コラーゲンの合成を促す 作用がある。"",""難消化性デキストリンは、コンニャクに含まれており、脂肪の燃焼を促す作用 がある。"",""ダイゼインは、ダイズに含まれており、抗酸化作用がある。"",""b︲カロテンは、ニンジンやカボチャに含まれており、体内で分解してビタミン E が生成する。""]"	multiChoice	[0,3]	null	normal	false	parsed	"[""none""]"		https://www.mhlw.go.jp/content/001226760.pdf	https://www.mhlw.go.jp/content/001228441.pdf	2024-02-18	MHLW website content under Public Data License 1.0 unless separately indicated; third-party content requires separate review
P109-131	109	131	理論	衛生	食中毒の原因となる微生物に関する記述のうち、正しいのはどれか。2つ選 べ。	"[""黄色ブドウ球菌が産生する毒素は、₁₀₀ ℃で ₃₀ 分間加熱しても毒性を失わな い。"",""ボツリヌス菌は、低酸素状態ではボツリヌス毒素を産生しない。"",""腸管出血性大腸菌は、酸に抵抗性を示し、腸管でベロ毒素を産生する。"",""セレウス菌の嘔吐型食中毒の原因となる毒素は、₁₀₀ ℃で ₃₀ 分間の加熱で毒性 を失う。"",""エルシニア・エンテロコリチカは、 ₄ ℃の低温条件下では発育できない。""]"	multiChoice	[0,2]	null	normal	false	parsed	"[""none""]"		https://www.mhlw.go.jp/content/001226760.pdf	https://www.mhlw.go.jp/content/001228441.pdf	2024-02-18	MHLW website content under Public Data License 1.0 unless separately indicated; third-party content requires separate review
P109-132	109	132	理論	衛生	化合物Ａ～Ｅの代謝と毒性に関する記述のうち、正しいのはどれか。2つ選 べ。 Ａ Ｂ Ｃ NH2 CH3 CH3OH N N O N N CH3 H2N N NH2 Ｄ Ｅ F F F F F F O OH F OH OH HO P N H F F F F F F F F O O	"[""化合物Ａは、生体内でホルムアルデヒド、次いでギ酸に酸化されて視覚障害を 引き起こす。"",""化合物Ｂは、シトクロム P₄₅₀ によって酸化され、生じたエポキシ体がメトヘ モグロビン血症を引き起こす。"",""化合物Ｃは、シトクロム P₄₅₀ によって水酸化され、次いで N ︲脱メチル化さ れる過程で生成するメチルカチオンが DNA と付加体を形成する。"",""化合物Ｄは、シトクロム P₄₅₀ によって速やかに水酸化され、TCA 回路のアコ ニターゼを阻害する。"",""化合物Ｅは、カルボキシルエステラーゼによる加水分解によって活性化され、 アセチルコリンエステラーゼを不可逆的に阻害する。""]"	multiChoice	[0,2]	null	normal	false	parsed	"[""none""]"		https://www.mhlw.go.jp/content/001226760.pdf	https://www.mhlw.go.jp/content/001228441.pdf	2024-02-18	MHLW website content under Public Data License 1.0 unless separately indicated; third-party content requires separate review
P109-133	109	133	理論	衛生	ヒ素に関する記述のうち、正しいのはどれか。2つ選べ。	"[""無機ヒ素化合物の毒性は、 ₅ 価のヒ素の方が、 ₃ 価のヒ素より強い。"",""アルセノベタインは、無機ヒ素と比べて急性毒性が強い。"",""ヒ素及び無機ヒ素化合物は、国際がん研究機関（IARC）の発がん性分類グ ループ ₁ （ヒトに対する発がん性が認められる）に分類されている。"",""無機ヒ素化合物による急性中毒時には、解毒薬として亜硝酸アミルが用いられ る。"",""無機ヒ素化合物は、地壳中に広く分布し、汚染された地下水の飲用による健康 被害が世界的に問題となっている。""]"	multiChoice	[2,4]	null	normal	false	parsed	"[""none""]"		https://www.mhlw.go.jp/content/001226760.pdf	https://www.mhlw.go.jp/content/001228441.pdf	2024-02-18	MHLW website content under Public Data License 1.0 unless separately indicated; third-party content requires separate review
P109-134	109	134	理論	衛生	化学物質の毒性試験に関する記述のうち、正しいのはどれか。2つ選べ。	"[""単回投与毒性試験（急性毒性試験）から得られる半数致死量は、毒物及び劇物 の分類の判定に利用されている。"",""反復投与毒性試験（慢性毒性試験）は、特殊毒性試験に含まれる。"",""微生物を用いる復帰突然変異試験は、非遺伝毒性発がん物質のスクリーニング に用いられている。"",""食品添加物のアレルゲン性試験（抗原性試験）は、遅延型アレルギーを指標と する試験方法である。"",""催奇形性試験（発生毒性試験）は、被験物質を交配前の雌性動物に投与して行 う。""]"	multiChoice	[0,3]	null	normal	false	parsed	"[""none""]"		https://www.mhlw.go.jp/content/001226760.pdf	https://www.mhlw.go.jp/content/001228441.pdf	2024-02-18	MHLW website content under Public Data License 1.0 unless separately indicated; third-party content requires separate review
P109-136	109	136	理論	衛生	図 ₁ ～ ₄ は、化学物質Ａ、Ｂ、Ｃの発がん作用を調べるために、マウスを用い て皮膚腫瘍（皮膚がん）の発生割合について検討した論文に示されている結果であ る。図 ₁ は、あらかじめ毛を剃ったマウスの背部皮膚に化学物質Ａ又は化学物質Ｂ を ₁ 回だけ塗布し、その後、同一部位に化学物質Ｃを ₁ 週間に ₂ 回ずつ塗布し続け た時の結果である。図 ₂ 、 ₃ 、 ₄ は、化学物質Ａ、Ｂ、Ｃを図 ₁ と同じ用量でそれ ぞれ単独で、毛を剃ったマウスの背部皮膚に ₁ 週間に ₂ 回ずつ塗布し続けた時の結 果である。これらの結果からわかる化学物質Ａ、Ｂ、Ｃの発がん作用に関する記述 のうち、正しいのはどれか。2つ選べ。	"[""化学物質Ａには、発がんプロセスにおいてイニシエーターとしての作用はな い。"",""化学物質Ｂには、発がんプロセスにおいてイニシエーターとしての作用はな い。"",""化学物質Ｃには、発がんプロセスにおいてイニシエーターとしての作用はな い。"",""化学物質Ａには、発がんプロモーターとしての作用がある。"",""化学物質Ｂには、発がんプロモーターとしての作用がある。 化学物質ＡまたはＢ 化学物質Ｃ 化学物質Ａ （ ₁ 回塗布のみ） （ ₂ 回/週の連続塗布） （ ₂ 回/週の連続塗布） ₁₀₀ ₁₀₀ 化学物質Ａ 腫瘍発生マウス（％） 腫瘍発生マウス（％） ₅₀ 化学物質Ａ ₅₀ + 化学物質Ｃ 化学物質Ｂ + 化学物質Ｃ ₀ ₀ ₀ ₁₀ ₂₀ ₃₀ ₀ ₁₀ ₂₀ ₃₀ 時間（週） 時間（週） 図₁ 図₂ 化学物質Ｂ 化学物質Ｃ （ ₂ 回/週の連続塗布） （ ₂ 回/週の連続塗布） ₁₀₀ 化学物質Ｂ ₁₀₀ 化学物質Ｃ 腫瘍発生マウス（％） 腫瘍発生マウス（％） ₅₀ ₅₀ ₀ ₀ ₀ ₁₀ ₂₀ ₃₀ ₀ ₁₀ ₂₀ ₃₀ 時間（週） 時間（週） 図₃ 図₄""]"	multiChoice	[2,3]	null	normal	false	parsed	"[""none""]"		https://www.mhlw.go.jp/content/001226760.pdf	https://www.mhlw.go.jp/content/001228441.pdf	2024-02-18	MHLW website content under Public Data License 1.0 unless separately indicated; third-party content requires separate review
P109-137	109	137	理論	衛生	下水処理に関する記述のうち、正しいのはどれか。2つ選べ。	"[""標準活性汚泥法の曝気槽では、主に嫌気性細菌が有機物質を分解している。"",""標準活性汚泥法の最終沈殿池では、活性汚泥（フロック）の沈降性が低下する ことにより、有機物質の除去効率が上がる。"",""標準活性汚泥法において、最終沈殿池の汚泥の一部は、返送汚泥として曝気槽 に戻され再利用されている。"",""標準活性汚泥法に比べて嫌気・無酸素・好気法は、リン及び窒素の除去効率が 高い。"",""嫌気・無酸素・好気法において、リン蓄積菌は嫌気槽でリンを取り込み、好気 槽でリンを放出している。""]"	multiChoice	[2,3]	null	normal	false	parsed	"[""none""]"		https://www.mhlw.go.jp/content/001226760.pdf	https://www.mhlw.go.jp/content/001228441.pdf	2024-02-18	MHLW website content under Public Data License 1.0 unless separately indicated; third-party content requires separate review
P109-138	109	138	理論	衛生	水質汚濁に係る環境基準に関する記述のうち、正しいのはどれか。2つ選べ。	"[""水質汚濁防止法に基づいて、定められている。"",""水中の有機物量の指標として、河川では化学的酸素要求量（COD）、湖沼及び 海域では生物化学的酸素要求量（BOD）が採用されている。"",""底層を利用する水生生物の個体群を維持できる場を保全・再生する目的で、湖 沼及び海域において底層溶存酸素量の基準値が定められている。"",""地下水には、「生活環境の保全に関する環境基準」が定められている。"",""公共用水域には、直鎖アルキルベンゼンスルホン酸及びその塩の「生活環境の 保全に関する環境基準」が定められている。""]"	multiChoice	[2,4]	null	normal	false	parsed	"[""none""]"		https://www.mhlw.go.jp/content/001226760.pdf	https://www.mhlw.go.jp/content/001228441.pdf	2024-02-18	MHLW website content under Public Data License 1.0 unless separately indicated; third-party content requires separate review
P109-139	109	139	理論	衛生	一般環境大気測定局及び自動車排出ガス測定局における大気汚染物質の測定法 に関する記述のうち、正しいのはどれか。2つ選べ。	"[""一酸化炭素は、照射した赤外線の吸収量に基づいて測定される。"",""二酸化窒素は、紫外線の照射によって励起した二酸化窒素分子が発する蛍光の 強度に基づいて測定される。"",""光化学オキシダントは、ザルツマン試薬との反応により生じる生成物の吸光度 に基づいて測定される。"",""二酸化硫黄は、エチレンとの反応により生じる近紫外線領域の発光の強度に基 づいて測定される。"",""浮遊粒子状物質は、ろ紙上に粒子を捕集して、b 線を照射し、その透過量に基 づいて測定される。""]"	multiChoice	[0,4]	null	normal	false	parsed	"[""none""]"		https://www.mhlw.go.jp/content/001226760.pdf	https://www.mhlw.go.jp/content/001228441.pdf	2024-02-18	MHLW website content under Public Data License 1.0 unless separately indicated; third-party content requires separate review
P109-141	109	141	理論	衛生	廃棄物に関する記述のうち、正しいのはどれか。2つ選べ。	"[""産業廃棄物の種類別排出量として最も多いのは、汚泥である。"",""有害廃棄物の国境を越える移動及びその処理によって生じるヒトの健康被害並 びに環境汚染を防止するために、ロンドン条約が制定されている。"",""循環型社会における廃棄物・リサイクル対策を総合的に推進し、削減対策の優 先順位を明確化するために、循環型社会形成推進基本法が制定されている。"",""海洋汚染の原因となるマイクロプラスチックは、プラスチックゴミの生分解に より生じた微小粒子である。"",""海洋への廃棄物投棄による海洋汚染を防止するための国際的対応として、バー ゼル条約が制定されている。 一般問題（薬学理論問題）【法規・制度・倫理】""]"	multiChoice	[0,2]	null	normal	false	parsed	"[""none""]"		https://www.mhlw.go.jp/content/001226760.pdf	https://www.mhlw.go.jp/content/001228441.pdf	2024-02-18	MHLW website content under Public Data License 1.0 unless separately indicated; third-party content requires separate review
P109-142	109	142	理論	法規・制度・倫理	製造物責任と医薬品に関する記述のうち、正しいのはどれか。2つ選べ。	"[""薬局は、医薬品に関して製造物責任を負う製造業者等に該当する場合がある。"",""一般用医薬品は、製造物責任の対象とならない。"",""製造物責任の損害賠償が認められるためには、欠陥によって入院を必要とする ような医療の提供があったことが必要である。"",""医薬品は、副作用があっても直ちに製造物としての欠陥とはならない。"",""製造物責任の損害賠償が認められるためには、被害者が医薬品製造に関する製 造業者等の過失を立証することが必要である。""]"	multiChoice	[0,3]	null	normal	false	parsed	"[""none""]"		https://www.mhlw.go.jp/content/001226760.pdf	https://www.mhlw.go.jp/content/001228441.pdf	2024-02-18	MHLW website content under Public Data License 1.0 unless separately indicated; third-party content requires separate review
P109-143	109	143	理論	法規・制度・倫理	医薬品の効能・効果、用法・用量、使用上の注意などの医薬品医療機器等法に 定められた「注意事項等情報」について製造販売業者が行うべきこととして、正し いのはどれか。2つ選べ。	"[""医療用医薬品については、電子的な方法で「注意事項等情報」を入手できるよ うに医薬品の容器等に符号を記載しなければならない。"",""要指導医薬品については、電子的な方法で「注意事項等情報」を入手できるよ うに医薬品の容器等に符号を記載した場合は、紙の添付文書を同梱する必要はな い。"",""医療用医薬品の「注意事項等情報」を、独立行政法人医薬品医療機器総合機構 （PMDA）のホームページに公表しなければならない。"",""製造販売した後、速やかに「注意事項等情報」を厚生労働大臣に届け出なけれ ばならない。"",""適応外使用の可能性のある医薬品については、その適応外使用の方法の詳細を 「注意事項等情報」に加えなければならない。""]"	multiChoice	[0,2]	null	normal	false	parsed	"[""none""]"		https://www.mhlw.go.jp/content/001226760.pdf	https://www.mhlw.go.jp/content/001228441.pdf	2024-02-18	MHLW website content under Public Data License 1.0 unless separately indicated; third-party content requires separate review
P109-144	109	144	理論	法規・制度・倫理	特定用途医薬品の指定に必須となる要件はどれか。2つ選べ。	"[""製造販売の承認が与えられた場合に、その用途に関し、特に優れた使用価値を 有すること。"",""その用途に係る対象者が我が国で ₅ 万人未満であること。"",""その用途に関し、既に製造販売承認を与えられている医薬品と作用機序が明ら かに異なる物であること。"",""その用途が、感染症の拡大などの緊急時に用いる必要がある物であること。"",""その用途が、厚生労働大臣が指定する区分に属する疾病の治療等であって、そ の用途に係る需要が著しく充足されていないと認められる物であること。""]"	multiChoice	[0,4]	null	normal	false	parsed	"[""none""]"		https://www.mhlw.go.jp/content/001226760.pdf	https://www.mhlw.go.jp/content/001228441.pdf	2024-02-18	MHLW website content under Public Data License 1.0 unless separately indicated; third-party content requires separate review
P109-145	109	145	理論	法規・制度・倫理	指定薬物に関する記述のうち、正しいのはどれか。2つ選べ。	"[""麻薬及び向精神薬取締法に基づき、厚生労働大臣が指定する。"",""緊急を要する場合、薬事・食品衛生審議会の意見を聴かずに、厚生労働大臣が 指定できる。"",""ジアセチルモルヒネ（ヘロイン）は指定薬物に該当する。"",""指定には、 ₁ つ ₁ つの物質を個別に指定（個別指定）と特定の構造を有する物 質を一括した指定（包括指定）の ₂ つがある。"",""「医療等の用途」以外の用途に供するための製造、販売、購入等は禁止されて いるが、所持の制限はない。""]"	multiChoice	[1,3]	null	normal	false	parsed	"[""none""]"		https://www.mhlw.go.jp/content/001226760.pdf	https://www.mhlw.go.jp/content/001228441.pdf	2024-02-18	MHLW website content under Public Data License 1.0 unless separately indicated; third-party content requires separate review
P109-146	109	146	理論	法規・制度・倫理	毒物及び劇物取締法に関する記述のうち、正しいのはどれか。2つ選べ。	"[""興奮、幻覚、麻酔作用を有する毒物又は劇物を交付する場合、その交付を受け る者の氏名及び住所を確認しなければならない。"",""引火性、発火性又は爆発性を有し、業務その他正当な目的以外での所持が認め られないものとして、トルエンが指定されている。"",""特定毒物使用者は、特定毒物を品目ごとに政令で定める用途以外の用途に供し てはならない。"",""毒物及び劇物の容器・被包には「医薬用外」の文字とともに、毒物については 黒地に白色で「毒物」の文字、劇物については白地に赤色で「劇物」の文字を表 示しなければならない。"",""毒物劇物営業者は、毒物又は劇物を直接に取り扱う製造所、営業所又は店舗ご とに原則として、専任の毒物劇物取扱責任者を置かなければならない。""]"	multiChoice	[2,4]	null	normal	false	parsed	"[""none""]"		https://www.mhlw.go.jp/content/001226760.pdf	https://www.mhlw.go.jp/content/001228441.pdf	2024-02-18	MHLW website content under Public Data License 1.0 unless separately indicated; third-party content requires separate review
P109-147	109	147	理論	法規・制度・倫理	医療法に基づく医療計画策定において定めるべき事項はどれか。2つ選べ。	"[""がん等の ₅ 疾病の治療又は予防に係る事業に関する事項"",""献血に関する住民への理解及び献血受入の円滑な実施に関する事項"",""地域医療に必要となる未承認薬の治験の推進に関する事項"",""医療従事者の確保に関する事項"",""患者申出療養等の評価療養の実施に関する事項""]"	multiChoice	[0,3]	null	normal	false	parsed	"[""none""]"		https://www.mhlw.go.jp/content/001226760.pdf	https://www.mhlw.go.jp/content/001228441.pdf	2024-02-18	MHLW website content under Public Data License 1.0 unless separately indicated; third-party content requires separate review
P109-148	109	148	理論	法規・制度・倫理	健康保険制度に基づく調剤報酬に関する記述のうち、正しいのはどれか。2つ 選べ。	"[""調剤報酬点数表は、保険薬局における保険調剤に関する算定の要件と点数を定 めている。"",""健康保険と国民健康保険では、それぞれ異なる調剤報酬点数表を用いている。"",""調剤報酬改定は、 ₃ 年に ₁ 度行われる。"",""地域医療への貢献を評価した加算が設けられている。"",""近年、調剤医療費の内訳において、薬剤料の構成割合は約 ₅₀％である。""]"	multiChoice	[0,3]	null	normal	false	parsed	"[""none""]"		https://www.mhlw.go.jp/content/001226760.pdf	https://www.mhlw.go.jp/content/001228441.pdf	2024-02-18	MHLW website content under Public Data License 1.0 unless separately indicated; third-party content requires separate review
P109-149	109	149	理論	法規・制度・倫理	国民医療費の動向（₂₀₁₅ 年度～₂₀₁₉ 年度）に関して、正しいのはどれか。2 つ選べ。	"[""高齢化とともに増加傾向にあり、₂₀₁₅ 年度以降、₅₀ 兆円（年間）を超えてい る。"",""保険料のみの財源では賄えず、不足分について公費を投入している。"",""制度区分別では、医療保険等給付分、後期高齢者医療給付分、患者等負担分の うち、後期高齢者医療給付分が最も多い。"",""診療種類別では、医科診療医療費、歯科診療医療費、薬局調剤医療費のうち、 薬局調剤医療費が最も多い。"",""傷病分類別医科診療医療費では、循環器系の疾患が最も多い。""]"	multiChoice	[1,4]	null	normal	false	parsed	"[""none""]"		https://www.mhlw.go.jp/content/001226760.pdf	https://www.mhlw.go.jp/content/001228441.pdf	2024-02-18	MHLW website content under Public Data License 1.0 unless separately indicated; third-party content requires separate review
P109-150	109	150	理論	法規・制度・倫理	パーソナリティの認知におけるハロー効果の傾向を示す説明として、適切なの はどれか。1つ選べ。	"[""自分が考える自分の姿と他人に見える姿が一致している。"",""好ましい（好ましくない）特徴があると、その他の特徴も高く（低く）認識す る。"",""最初に提示された情報が全体の印象を方向づける。"",""最後に得られた情報が全体の印象に影響を与える。"",""個人的経験から、Ａという特性があると必ずＢという特性があると認識する。""]"	singleChoice	1	null	normal	false	parsed	"[""none""]"		https://www.mhlw.go.jp/content/001226760.pdf	https://www.mhlw.go.jp/content/001228441.pdf	2024-02-18	MHLW website content under Public Data License 1.0 unless separately indicated; third-party content requires separate review
P109-152	109	152	理論	薬理	末梢性筋弛緩薬に関連した記述のうち、正しいのはどれか。2つ選べ。	"[""スキサメトニウムは、アセチルコリン NM 受容体に作用して、運動神経終末を 持続的に脱分極させる。"",""スガマデクスは、ロクロニウムによる筋弛緩を回復させる。"",""ベクロニウムの筋弛緩作用は、ネオスチグミンを併用することで増強される。"",""ダントロレンは、骨格筋のリアノジン受容体に作用して、筋小胞体からの Ca 2+ 遊離を抑制する。"",""A 型ボツリヌス毒素は、電位依存性 Na チャネルを遮断して、運動神経の興 + 奮伝導を抑制する。""]"	multiChoice	[1,3]	null	normal	false	parsed	"[""none""]"		https://www.mhlw.go.jp/content/001226761.pdf	https://www.mhlw.go.jp/content/001228441.pdf	2024-02-18	MHLW website content under Public Data License 1.0 unless separately indicated; third-party content requires separate review
P109-153	109	153	理論	薬理	痛みを伴う疾患に用いられる薬物に関する記述のうち、正しいのはどれか。2 つ選べ。	"[""タペンタドールは、下行性疼痛抑制系の神経終末でのセロトニン再取り込みを 選択的に阻害して、痛覚情報伝達を抑制する。"",""プレガバリンは、求心性一次知覚神経の電位依存性 Ca チャネルを構成する 2+ a1 サブユニットに結合して、神経伝達物質の遊離を抑制する。"",""レバロルファンは、オピオイド n 受容体を刺激して、モルヒネの鎮痛効果を増 強する。"",""エレヌマブは、カルシトニン遺伝子関連ペプチド（CGRP）受容体に結合して CGRP の作用を阻害することで、片頭痛発作の発症を抑制する。"",""チザニジンは、アドレナリン a2 受容体を刺激して、筋緊張を伴う疼痛を緩和 する。 一般問題（薬学理論問題）【薬理／病態・薬物治療】""]"	multiChoice	[3,4]	null	normal	false	parsed	"[""none""]"		https://www.mhlw.go.jp/content/001226761.pdf	https://www.mhlw.go.jp/content/001228441.pdf	2024-02-18	MHLW website content under Public Data License 1.0 unless separately indicated; third-party content requires separate review
P109-154	109	154	理論	病態・薬物治療	−155 ₇₈ 歳女性。夫と ₂ 人暮らしであるが、半年前から物の置き忘れやしまい忘 れをするようになった。 ₃ ケ月前から誰もいない庭を指さして「子供たちが遊んで いる。」などと言うようになった。睡眠中に大声を出して、手足をばたつかせるこ とがあるが、本人に自覚はない。心配した夫に連れられ病院を受診した。診察時、 受け答えは良好であったが、歩行は小刻み様であった。日付や場所の見当識が一部 曖昧であり、ミニメンタルステート検査は ₃₀ 点満点中 ₂₃ 点であった。また、脳血 流 SPECT により後頭葉の血流低下が認められた。 問 154（病態・薬物治療） この患者に関する記述のうち、正しいのはどれか。2つ選べ。	"[""前頭葉に著明な萎縮が生じている。"",""パーキンソン症状が認められる。"",""脳梗塞によって二次的に発症した可能性が高い。"",""幻視や REM 睡眠行動異常が認められる。"",""症状は階段状に悪化する。""]"	multiChoice	[1,3]	null	normal	false	parsed	"[""none""]"		https://www.mhlw.go.jp/content/001226761.pdf	https://www.mhlw.go.jp/content/001228441.pdf	2024-02-18	MHLW website content under Public Data License 1.0 unless separately indicated; third-party content requires separate review
P109-155	109	155	理論	薬理	（薬理） この患者の症状改善を目的として使用される可能性のある薬物に関する記述のう ち、正しいのはどれか。2つ選べ。	"[""ブロモクリプチンは、線条体においてドパミン D2 受容体を刺激することで、 間接路の GABA 作動性神経を抑制する。"",""ゾニサミドは、グルタミン酸 AMPA 受容体を刺激することで、ドパミン作動 性神経を亢進させる。"",""カルビドパは、ドパミン b︲ヒドロキシラーゼを阻害することで、レボドパの 脳内移行を高める。"",""ドネペジルは、アセチルコリンエステラーゼを阻害することで、アミロイド b タンパク質の分解を促進する。"",""クロナゼパムは、c︲アミノ酪酸 GABAA 受容体のベンゾジアゼピン結合部位に 結合することで、GABA による Cl チャネルの開口を促進する。 - 一般問題（薬学理論問題）【薬理】""]"	multiChoice	[0,4]	null	normal	false	parsed	"[""none""]"		https://www.mhlw.go.jp/content/001226761.pdf	https://www.mhlw.go.jp/content/001228441.pdf	2024-02-18	MHLW website content under Public Data License 1.0 unless separately indicated; third-party content requires separate review
P109-156	109	156	理論	薬理	花粉症の治療に用いられる薬物に関する記述のうち、正しいのはどれか。2つ 選べ。	"[""レボセチリジンは、知覚神経のヒスタミン H1 受容体を遮断し、くしゃみを抑 制する。"",""クロモグリク酸は、ロイコトリエン CysLT1 受容体を遮断し、眼のかゆみを軽 減する。"",""ラマトロバンは、プロスタノイド TP 受容体及びプロスタノイド DP₂ 受容体 （CRTH₂ 受容体）を遮断し、鼻粘膜の炎症を軽減する。"",""ナファゾリンは、鼻粘膜のアドレナリン a1 受容体を遮断することで血管平滑 筋を弛緩させ、鼻閉を軽減する。"",""トラニラストは、ヤヌスキナーゼ（JAK）を阻害することで炎症細胞の活性化 を抑制し、結膜の充血を軽減する。 一般問題（薬学理論問題）【薬理／病態・薬物治療】""]"	multiChoice	[0,2]	null	normal	false	parsed	"[""none""]"		https://www.mhlw.go.jp/content/001226761.pdf	https://www.mhlw.go.jp/content/001228441.pdf	2024-02-18	MHLW website content under Public Data License 1.0 unless separately indicated; third-party content requires separate review
P109-157	109	157	理論	病態・薬物治療	−158 ₃₇ 歳女性。アレルギー疾患の既往歴なし。顔面に紅斑が出現したため、近 医を受診し、全身性エリテマトーデス（SLE）と診断された。ステロイド療法が施 行され、病状は落ち着いた。副腎皮質ステロイド性薬の漸減中に、突然、上機嫌に なって多弁となったり、急に無表情になったり、「スマートフォンの使い方が分か らなくなった。」と困惑して涙ぐんだりする症状が目立つようになった。血液検査 の結果は以下のとおりである。 （検査値） 赤血球 ₄₀₀ # ₁₀ /nL、白血球 ₅ , ₁₂₀/nL、血小板 ₂₀ . ₈ # ₁₀ /nL、 4 4 血清クレアチニン ₁ . ₈₄ mg/dL、eGFR ₃₂ . ₈ mL/min/₁ . ₇₃ m 、 空腹時血糖 ₁₁₂ mg/dL、HbA₁c ₆ . ₅％、抗核抗体（+）、尿タンパク（ ₂+）、 尿潜血（+） 問 157（病態・薬物治療） この患者に関する記述のうち、正しいのはどれか。2つ選べ。	"[""SLE はⅠ型アレルギーによって発症した。"",""顔面の紅斑は鼻梁から頬にかけて一側性である。"",""副腎皮質ステロイド性薬の漸減中の症状から中枢神経ループスが疑われる。"",""血液検査から汎血球減少症が疑われる。"",""血液検査からループス腎炎が疑われる。""]"	multiChoice	[2,4]	null	normal	false	parsed	"[""none""]"		https://www.mhlw.go.jp/content/001226761.pdf	https://www.mhlw.go.jp/content/001228441.pdf	2024-02-18	MHLW website content under Public Data License 1.0 unless separately indicated; third-party content requires separate review
P109-158	109	158	理論	薬理	（薬理） SLE 及びその合併症の治療に用いられる薬物に関する記述のうち、正しいのは どれか。2つ選べ。	"[""シクロホスファミドは、肝臓で代謝されて活性体となり、DNA をアルキル化 して、DNA の複製を阻害する。"",""ミゾリビンは、ジヒドロ葉酸還元酵素を阻害して、チミジル酸の合成を抑制す る。"",""タクロリムスは、活性化 T 細胞核内因子（NFAT）のリン酸化を阻害して、 IL︲₂ の産生を抑制する。"",""ミコフェノール酸モフェチルは、体内でミコフェノール酸に加水分解され、プ リン塩基の合成を抑制する。"",""ベリムマブは、B リンパ球細胞膜の CD₂₀ に結合して、B リンパ球の増殖を抑 制する。 一般問題（薬学理論問題）【薬理】""]"	multiChoice	[0,3]	null	normal	false	parsed	"[""none""]"		https://www.mhlw.go.jp/content/001226761.pdf	https://www.mhlw.go.jp/content/001228441.pdf	2024-02-18	MHLW website content under Public Data License 1.0 unless separately indicated; third-party content requires separate review
P109-159	109	159	理論	薬理	心不全の治療に用いられる薬物に関する記述のうち、正しいのはどれか。2つ 選べ。	"[""ジゴキシンは、Na , K ︲ATPase を活性化し、心筋細胞内 Ca 濃度を上昇さ + + 2+ せて、強心作用を示す。"",""ピモベンダンは、サイクリック AMP（cAMP）誘導体で、細胞内で cAMP に 変換されて、強心作用を示す。"",""ビソプロロールは、アドレナリン b1 受容体を遮断し、心臓のリモデリングを 抑制する。"",""カルペリチドは、生体内で活性体となり、ナトリウム利尿ペプチドの分解を阻 害して、血管拡張作用と利尿作用を示す。"",""イバブラジンは、過分極活性化環状ヌクレオチド依存性チャネル（HCN チャ ネル）を遮断して、心拍数を減少させる。""]"	multiChoice	[2,4]	null	normal	false	parsed	"[""none""]"		https://www.mhlw.go.jp/content/001226761.pdf	https://www.mhlw.go.jp/content/001228441.pdf	2024-02-18	MHLW website content under Public Data License 1.0 unless separately indicated; third-party content requires separate review
P109-160	109	160	理論	病態・薬物治療	高血圧症に用いられる薬物に関する記述のうち、正しいのはどれか。2つ選 べ。	"[""メチルドパは、延髄の血管運動中枢及び交感神経終末のアドレナリン a2 受容 体を遮断することで、交感神経活動を抑制する。"",""ラベタロールは、アドレナリン a1 受容体及び b1 受容体を遮断することで、血 圧を低下させる。"",""テルミサルタンは、傍糸球体細胞のアンジオテンシンⅡ AT1 受容体を遮断す ることで、レニン分泌を抑制する。"",""リシノプリルは、アンジオテンシンⅡの生成を抑制し、副腎皮質からのアルド ステロン分泌を低下させるため、低カリウム血症を引き起こしやすい。"",""ジルチアゼムは、心臓の電位依存性 L 型 Ca チャネルを遮断するため、房室 2+ ブロックを誘発しやすい。""]"	multiChoice	[1,4]	null	normal	false	parsed	"[""none""]"		https://www.mhlw.go.jp/content/001226761.pdf	https://www.mhlw.go.jp/content/001228441.pdf	2024-02-18	MHLW website content under Public Data License 1.0 unless separately indicated; third-party content requires separate review
P109-161	109	161	理論	薬理	造血系に作用する薬物に関する記述のうち、正しいのはどれか。2つ選べ。	"[""エルトロンボパグは、赤芽球系前駆細胞のエリスロポエチン受容体を刺激する ことで、赤血球の産生を促進する。"",""メコバラミンは、赤芽球内のヘム合成酵素の補酵素として作用することで、ヘ ムの合成を促進する。"",""ダプロデュスタットは、低酸素誘導因子（HIF）プロリン水酸化酵素を阻害す ることで、HIF の分解を抑制してエリスロポエチンの産生を促進する。"",""フィルグラスチムは、単球系前駆細胞から単球への分化を促進することで、単 球からの顆粒球コロニー刺激因子（G︲CSF）の放出を増加させる。"",""葉酸は、体内でテトラヒドロ葉酸に代謝されて、DNA 合成の補酵素として作 用し、赤血球の成熟を促進する。""]"	multiChoice	[2,4]	null	normal	false	parsed	"[""none""]"		https://www.mhlw.go.jp/content/001226761.pdf	https://www.mhlw.go.jp/content/001228441.pdf	2024-02-18	MHLW website content under Public Data License 1.0 unless separately indicated; third-party content requires separate review
P109-162	109	162	理論	薬理	胃・十二指腸潰瘍の治療に用いられる薬物に関する記述のうち、正しいのはど れか。2つ選べ。	"[""スクラルファートは、胃潰瘍部位に結合することで、ペプシンによる自己消化 から粘膜組織を保護する。"",""ラニチジンは、胃の壁細胞に存在するヒスタミン H2 受容体を遮断すること で、プロトンポンプの活性化を抑制する。"",""ランソプラゾールは、K に競合してプロトンポンプを阻害することで、胃酸 + 分泌を抑制する。"",""ミソプロストールは、プロスタグランジン合成酵素を活性化することで、胃粘 膜のプロスタグランジンを増加させる。"",""オキセサゼインは、ガストリン受容体を遮断することで、胃酸分泌を抑制す る。""]"	multiChoice	[0,1]	null	normal	false	parsed	"[""none""]"		https://www.mhlw.go.jp/content/001226761.pdf	https://www.mhlw.go.jp/content/001228441.pdf	2024-02-18	MHLW website content under Public Data License 1.0 unless separately indicated; third-party content requires separate review
P109-163	109	163	理論	薬理	肝疾患、膵疾患及び胆道疾患の治療に用いられる薬物に関する記述のうち、正 しいのはどれか。2つ選べ。	"[""フロプロピオンは、カテコール︲O ︲メチルトランスフェラーゼ（COMT）を阻 害してノルアドレナリンの代謝を抑制することで、Oddi 括約筋を弛緩させる。"",""ウルソデオキシコール酸は、胆汁酸の増加を伴わずに胆石表面のコレステロー ルをミセル化することで、コレステロール胆石を溶解する。"",""カモスタットは、膵外分泌を促進して膵機能を活性化することで、慢性膵炎を 改善する。"",""テノホビルは、NS₅A 複製複合体を阻害することで、B 型肝炎ウイルス（HBV） の複製を抑制する。"",""ソホスブビルは、NS₅B RNA 依存性 RNA ポリメラーゼを阻害することで、 C 型肝炎ウイルス（HCV）の複製を抑制する。""]"	multiChoice	[0,4]	null	normal	false	parsed	"[""none""]"		https://www.mhlw.go.jp/content/001226761.pdf	https://www.mhlw.go.jp/content/001228441.pdf	2024-02-18	MHLW website content under Public Data License 1.0 unless separately indicated; third-party content requires separate review
P109-164	109	164	理論	薬理	高尿酸血症の治療に用いられる薬物に関する記述のうち、正しいのはどれか。 2つ選べ。	"[""プロベネシドは、尿細管における尿酸の再吸収及び分泌を阻害する。"",""トピロキソスタットは、キサンチンオキシダーゼにより代謝され、その産物が キサンチンオキシダーゼを阻害する。"",""ラスブリカーゼは、アラントインの生合成を阻害して、尿酸の分解を促進す る。"",""ドチヌラドは、尿酸トランスポーター（URATl）を阻害して、尿酸の再吸収 を抑制する。"",""クエン酸カリウム・クエン酸ナトリウム配合剤は、尿の pH を低下させて、尿 路結石の形成を抑制する。 一般問題（薬学理論問題）【薬理／病態・薬物治療】""]"	multiChoice	[0,3]	null	normal	false	parsed	"[""none""]"		https://www.mhlw.go.jp/content/001226761.pdf	https://www.mhlw.go.jp/content/001228441.pdf	2024-02-18	MHLW website content under Public Data License 1.0 unless separately indicated; third-party content requires separate review
P109-165	109	165	理論	薬理	−166 ₅₀ 歳女性。 ₅ 年前に近医にて高血圧を指摘され、アムロジピン ₅ mg/日を 服用していた。最近の血圧は ₁₅₅/₉₅ mmHg 程度と高値が持続しており、頭痛や脱 力を自覚し今回受診した。二次性高血圧が疑われたため、腹部 CT 検査が実施され て左副腎に腫瘍を認めたが、血中コルチゾール値や血中カテコールアミン値の上昇 は認めなかった。 問 165（薬理） この患者にスピロノラクトンが投与されることになった。スピロノラクトンに関 する記述として、正しいのはどれか。2つ選べ。	"[""上皮性 Na チャネルの発現を増加させる。 +"",""アルドステロン誘導タンパク質の生合成を抑制する。"",""腎尿細管における Na , K ︲ATPase の発現を増加させる。 + +"",""腎尿細管における K 分泌を促進する。 +"",""抗アンドロゲン作用を示す。""]"	multiChoice	[1,4]	null	normal	false	parsed	"[""none""]"		https://www.mhlw.go.jp/content/001226761.pdf	https://www.mhlw.go.jp/content/001228441.pdf	2024-02-18	MHLW website content under Public Data License 1.0 unless separately indicated; third-party content requires separate review
P109-166	109	166	理論	病態・薬物治療	（病態・薬物治療） 本症例で認められる血液検査所見として、正しいのはどれか。2つ選べ。	"[""カリウム低値"",""カルシウム高値"",""LDL コレステロール高値"",""遊離チロキシン（FT₄）高値"",""レニン活性低値""]"	multiChoice	[0,4]	null	normal	false	parsed	"[""none""]"		https://www.mhlw.go.jp/content/001226761.pdf	https://www.mhlw.go.jp/content/001228441.pdf	2024-02-18	MHLW website content under Public Data License 1.0 unless separately indicated; third-party content requires separate review
P109-167	109	167	理論	病態・薬物治療	−168 ₃₅ 歳男性。献血時の検査でヒト免疫不全ウイルス（HIV）抗体陽性とな り、HIV 感染症と診断された。 問 167（病態・薬物治療） この症例に対する治療に関する記述のうち、正しいのはどれか。2つ選べ。	"[""CD₄ 陽性リンパ球数が基準範囲内であっても、抗レトロウイルス療法が必要で ある。"",""抗レトロウイルス療法では、抗 HIV 薬の単剤で治療を開始する。"",""HIV︲RNA 量が減少した場合には、抗 HIV 薬を休薬する。"",""免疫再構築症候群は、後天性免疫不全症候群（AIDS）や HIV 感染症の治療中 にみられる炎症を主体とする病態である。"",""抗レトロウイルス療法を行っても、生命予後は改善しない。""]"	multiChoice	[0,3]	null	normal	false	parsed	"[""none""]"		https://www.mhlw.go.jp/content/001226761.pdf	https://www.mhlw.go.jp/content/001228441.pdf	2024-02-18	MHLW website content under Public Data License 1.0 unless separately indicated; third-party content requires separate review
P109-168	109	168	理論	薬理	（薬理） HIV 感染症治療薬に関する記述のうち、正しいのはどれか。2つ選べ。	"[""エムトリシタビンは、HIV 感染細胞内でリン酸化されて活性体となり、HIV の RNA 依存性 DNA ポリメラーゼを阻害する。"",""マラビロクは、RNA 依存性 DNA ポリメラーゼの活性中心近傍に結合して、 酵素活性を阻害する。"",""ラルテグラビルは、HIV インテグラーゼを阻害して、ウイルス DNA の宿主 DNA への組込みを抑制する。"",""アバカビルは、HIV プロテアーゼを阻害して、ウイルスタンパク質の産生を抑 制する。"",""エファビレンツは、宿主の細胞膜上の C︲C ケモカイン受容体 ₅ （CCR₅）に結 合して、HIV の細胞内への侵入を抑制する。 一般問題（薬学理論問題）【薬理】""]"	multiChoice	[0,2]	null	normal	false	parsed	"[""none""]"		https://www.mhlw.go.jp/content/001226761.pdf	https://www.mhlw.go.jp/content/001228441.pdf	2024-02-18	MHLW website content under Public Data License 1.0 unless separately indicated; third-party content requires separate review
P109-169	109	169	理論	薬理	抗悪性腫瘍薬に関する記述のうち、正しいのはどれか。2つ選べ。	"[""シタラビンは、標的細胞で三リン酸化体となり、DNA ポリメラーゼを阻害し て、DNA 合成を低下させる。"",""テガフールは、活性代謝産物が活性酸素を発生させて、DNA を酸化的に傷害 する。"",""フルダラビンは、トポイソメラーゼⅠを阻害して、がん細胞の G₂ 期への移行 を抑制する。"",""ドキソルビシンは、DNA ポリメラーゼ及び RNA ポリメラーゼを阻害して、 DNA 及び RNA の合成を低下させる。"",""アファチニブは、血管内皮細胞増殖因子受容体（VEGFR）チロシンキナーゼ を阻害して、血管新生を抑制する。 一般問題（薬学理論問題）【薬剤】""]"	multiChoice	[0,3]	null	normal	false	parsed	"[""none""]"		https://www.mhlw.go.jp/content/001226761.pdf	https://www.mhlw.go.jp/content/001228441.pdf	2024-02-18	MHLW website content under Public Data License 1.0 unless separately indicated; third-party content requires separate review
P109-171	109	171	理論	薬剤	経口投与する薬物について、食事により量的バイオアベイラビリティは変わら ないが、速度的バイオアベイラビリティが低下するのはどれか。2つ選べ。	"[""アセトアミノフェン"",""セファクロル"",""リボフラビン"",""フェニトイン"",""インドメタシン ファルネシル""]"	multiChoice	[0,1]	null	normal	false	parsed	"[""none""]"		https://www.mhlw.go.jp/content/001226761.pdf	https://www.mhlw.go.jp/content/001228441.pdf	2024-02-18	MHLW website content under Public Data License 1.0 unless separately indicated; third-party content requires separate review
P109-172	109	172	理論	薬剤	線形 ₁︲コンパートメントモデルに従い、肝代謝と腎排泄によってのみ体内から 消失する薬物Ａを、ある患者に急速静注したときの体内動態データを以下に示す。 この患者の糸球体ろ過速度（GFR）を ₁₂₀ mL/min としたとき、薬物Ａの血漿タ ンパク非結合率に最も近い値はどれか。1つ選べ。ただし、薬物Ａは腎尿細管で分 泌・再吸収を受けず、血漿タンパク非結合形のみが糸球体でろ過されるものとす る。 薬物Ａの体内動態データ 投与量（mg） ₁₀ 血漿中薬物濃度時間曲線下面積（AUC） ₂.₀ （ng・h/mL） 未変化体の尿中総排泄量（mg） ₁.₂ 代謝物の尿中総排泄量（mg） ₈.₈ （未変化体相当量に換算）	"[""₀ . ₀₂"",""₀ . ₀₄"",""₀ . ₀₆"",""₀ . ₀₈"",""₀ . ₁₀""]"	singleChoice	3	null	normal	false	parsed	"[""none""]"		https://www.mhlw.go.jp/content/001226761.pdf	https://www.mhlw.go.jp/content/001228441.pdf	2024-02-18	MHLW website content under Public Data License 1.0 unless separately indicated; third-party content requires separate review
P109-173	109	173	理論	薬剤	薬物のみかけの分布容積とその変動に関与する血漿タンパク結合に関する記述 のうち、正しいのはどれか。2つ選べ。	"[""みかけの分布容積は、体内薬物量と血漿中薬物濃度の平衡定数として定義され る。"",""特定の臓器や細胞内小器官（核やリソソーム、ミトコンドリアなど）に分布す る薬物は、体重 ₁ kg あたりの分布容積が ₁₀ L を越えることがある。"",""脂溶性の高い薬物の分布容積は加齢に伴って減少する。"",""血漿タンパク結合率が高い薬物のみかけの分布容積は体内水分量とほぼ等し い。"",""タンパク非結合型薬物の濃度は、定常状態において血漿中と組織間隙液中との 間でほぼ等しい。""]"	multiChoice	[1,4]	null	normal	false	parsed	"[""none""]"		https://www.mhlw.go.jp/content/001226761.pdf	https://www.mhlw.go.jp/content/001228441.pdf	2024-02-18	MHLW website content under Public Data License 1.0 unless separately indicated; third-party content requires separate review
P109-174	109	174	理論	薬剤	薬物代謝酵素の遺伝子多型に関する記述のうち、正しいのはどれか。2つ選 べ。	"[""CYP₂C₁₉ の遺伝子多型によってオメプラゾールの血中濃度時間曲線下面積 （AUC）は変化するが、代謝物の AUC は変化しない。"",""CYP₂D₆ の遺伝子多型が関与するイミプラミンの poor metabolizer（PM）で は、活性代謝物の血中濃度が高い。"",""アザチオプリンを使用する前には、UDP︲グルクロン酸転移酵素（UGT₁A₁） の遺伝子多型の診断が行われている。"",""N ︲アセチル転移酵素（NAT₂）には遺伝子多型が存在し、日本人では約 ₁₀％ がイソニアジドのアセチル化反応速度が速い群に属する。"",""アルデヒド脱水素酵素（ALDH₂）は PM の頻度に人種差があり、白人と比べ て日本人では PM の出現率が高い。""]"	multiChoice	[1,4]	null	normal	false	parsed	"[""none""]"		https://www.mhlw.go.jp/content/001226761.pdf	https://www.mhlw.go.jp/content/001228441.pdf	2024-02-18	MHLW website content under Public Data License 1.0 unless separately indicated; third-party content requires separate review
P109-176	109	176	理論	薬剤	TDM の実施が望ましい薬物の性質として、正しいのはどれか。2つ選べ。	"[""有効血中濃度の範囲が広い。"",""体内動態の個人差が小さい。"",""薬物相互作用を受ける可能性が低い。"",""体内動態に非線形性が認められる。"",""副作用と対象疾患の症状の区別が難しい。""]"	multiChoice	[3,4]	null	normal	false	parsed	"[""none""]"		https://www.mhlw.go.jp/content/001226761.pdf	https://www.mhlw.go.jp/content/001228441.pdf	2024-02-18	MHLW website content under Public Data License 1.0 unless separately indicated; third-party content requires separate review
P109-177	109	177	理論	薬剤	−178 抗悪性腫瘍薬であるイリノテカンはプロドラッグである。この薬物の製剤 と代謝に関する以下の問に答えよ。 問 177 イリノテカン塩酸塩水和物を有効成分とするオニバイド点滴静注に関する記述 のうち、正しいのはどれか。2つ選べ。なお、本製剤は以下の添加物を含む。 添加物 ₁ , ₂︲ジステアロイル︲sn︲グリセロ︲₃︲ホスホコリン、コレステロール、 N ︲（カルボニル︲メトキシポリエチレングリコール︲₂₀₀₀）︲₁ , ₂︲ジステアロイル ︲sn︲グリセロ︲₃︲ホスホエタノールアミンナトリウム塩、 ₄︲（₂︲ヒドロキシエチル）︲₁︲ピペラジンエタンスルホン酸	"[""イリノテカンをポリエチレングリコール誘導体で可溶化した製剤である。"",""ポリエチレングリコールで表面が修飾されたリポソーム製剤である。"",""能動的ターゲティングにより腫瘍に集積する。"",""細網内皮系を回避することにより血中に滞留する。"",""製剤中に含まれる微粒子は ₁₅₀ nm 程度である。""]"	multiChoice	[1,3]	null	normal	false	parsed	"[""none""]"		https://www.mhlw.go.jp/content/001226761.pdf	https://www.mhlw.go.jp/content/001228441.pdf	2024-02-18	MHLW website content under Public Data License 1.0 unless separately indicated; third-party content requires separate review
P109-180	109	180	理論	薬剤	固体薬物Ａを S = ₃ cm の円盤状に圧縮し、回転円盤法で ₃₇ ℃において溶解 実験を行った。固体薬物Ａの溶解速度は（ ₁ ）の式に従い、試験中 S は変化しな CS いものとする。t = ₀ のとき C = ₀ 、₁₁ 分後の薬物Ａの濃度が であるとき、 ₂ 固体薬物Ａのみかけの溶解速度定数 k（min ・cm ）に最も近い値はどれか。1 -1 -2 つ選べ。ただし、ln ₂ = ₀ . ₆₉₃ とする。 dC = kS（CS - C ） …（ ₁ ） dt dC ：溶解速度、k：みかけの溶解速度定数、S：有効表面積 dt CS：薬物の溶解度、C：時間 t における溶液中の薬物濃度	"[""₀ . ₀₂₁"",""₀ . ₀₃₃"",""₀ . ₀₆₃"",""₀ . ₀₇₇"",""₀ . ₀₉₉""]"	singleChoice	0	null	normal	false	parsed	"[""none""]"		https://www.mhlw.go.jp/content/001226761.pdf	https://www.mhlw.go.jp/content/001228441.pdf	2024-02-18	MHLW website content under Public Data License 1.0 unless separately indicated; third-party content requires separate review
P109-181	109	181	理論	薬剤	薬物の溶解性の改善に用いる添加剤とその溶解性改善の機構との組合せのう ち、正しいのはどれか。2つ選べ。 添加剤 溶解性改善の機構	"[""ポリオキシエチレン硬化ヒマシ油 ₆₀ 可溶性塩の形成"",""ヒドロキシプロピルメチルセルロース 固体分散体形成"",""ポリビニルピロリドン 自己乳化"",""エチレンジアミン ミセル内取り込み"",""エタノール コソルベンシー""]"	multiChoice	[1,4]	null	normal	false	parsed	"[""none""]"		https://www.mhlw.go.jp/content/001226761.pdf	https://www.mhlw.go.jp/content/001228441.pdf	2024-02-18	MHLW website content under Public Data License 1.0 unless separately indicated; third-party content requires separate review
P109-184	109	184	理論	薬剤	図 1 に示すニフェジピン徐放錠を ₈ 分割又は分割せずに、 ₁ 錠分をヒトに経口 投与したときの血漿中ニフェジピン濃度の推移を図 2 に示す。この錠剤に関する記 述のうち、正しいのはどれか。2つ選べ。 外層部：ゆっくり溶出 内核錠：すみやかに溶出 図1 ニフェジピン徐放錠の構造と溶出特性 ₉₀ ₈₀ 血漿中濃度（ng/mL） Ａ ₇₀ ₆₀ Ｂ ₅₀ ₄₀ ₃₀ ₂₀ ₁₀ ₀ ₀ ₆ ₁₂ ₁₈ ₂₄ 投与後時間（h） 図2 血漿中ニフェジピン濃度推移	"[""スパンタブ型の錠剤である。"",""₈ 分割した錠剤の血中濃度推移はＡである。"",""外層部は徐放性マトリックスである。"",""内核錠は徐放性コーティングされている。"",""錠剤全体が腸溶性コーティングされている。 一般問題（薬学理論問題）【病態・薬物治療】""]"	multiChoice	[1,2]	null	normal	false	parsed	"[""none""]"		https://www.mhlw.go.jp/content/001226761.pdf	https://www.mhlw.go.jp/content/001228441.pdf	2024-02-18	MHLW website content under Public Data License 1.0 unless separately indicated; third-party content requires separate review
P109-185	109	185	理論	病態・薬物治療	薬剤服用後に発症する偽膜性大腸炎に関する記述のうち、正しいのはどれか。 2つ選べ。	"[""主な原因医薬品として、抗菌薬がある。"",""緑膿菌感染による大腸炎である場合が多い。"",""便秘が持続し、腸閉塞に至ることが多い。"",""治療薬として、メトロニダゾールやバンコマイシン塩酸塩が使用される。"",""難治性の場合は、インフリキシマブが用いられる。""]"	multiChoice	[0,3]	null	normal	false	parsed	"[""none""]"		https://www.mhlw.go.jp/content/001226761.pdf	https://www.mhlw.go.jp/content/001228441.pdf	2024-02-18	MHLW website content under Public Data License 1.0 unless separately indicated; third-party content requires separate review
P109-186	109	186	理論	病態・薬物治療	骨粗しょう症に関する記述のうち、正しいのはどれか。2つ選べ。	"[""閉経後は、骨吸収の相対的な低下により、骨量の減少をきたす。"",""典型的な X 線所見として、頭蓋骨の打ち抜き像がある。"",""骨代謝マーカーは、骨折リスクの予測に有用である。"",""閉経後骨粗しょう症の治療には、エストロゲンの補充療法を行う。"",""選択的エストロゲン受容体モジュレーター（SERM）は、乳腺や子宮内膜に対 してエストロゲン様作用を示す。""]"	multiChoice	[2,3]	null	normal	false	parsed	"[""none""]"		https://www.mhlw.go.jp/content/001226761.pdf	https://www.mhlw.go.jp/content/001228441.pdf	2024-02-18	MHLW website content under Public Data License 1.0 unless separately indicated; third-party content requires separate review
P109-187	109	187	理論	病態・薬物治療	再生不良性貧血に関する記述のうち、正しいのはどれか。2つ選べ。	"[""血清鉄が増加する。"",""不飽和鉄結合能が増大する。"",""小球性低色素性貧血に分類される。"",""エリスロポエチン産生が亢進する。"",""血小板数は変化しない。""]"	multiChoice	[0,3]	null	normal	false	parsed	"[""none""]"		https://www.mhlw.go.jp/content/001226761.pdf	https://www.mhlw.go.jp/content/001228441.pdf	2024-02-18	MHLW website content under Public Data License 1.0 unless separately indicated; third-party content requires separate review
P109-188	109	188	理論	病態・薬物治療	₇₂ 歳男性。本態性高血圧症のために、処方 ₁ 及び処方 ₂ を服用していた。最 近、血圧が上昇したため、薬物による降圧療法を強化することになった。追加する 治療薬として、最も適切なのはどれか。1つ選べ。 （処方 ₁ ） ニフェジピン徐放錠 ₂₀ mg ₁ 回 ₂ 錠（ ₁ 日 ₄ 錠） ₁日₂回 朝夕食後 ₁₄ 日分 （処方 ₂ ） テルミサルタン錠 ₄₀ mg ₁ 回 ₂ 錠（ ₁ 日 ₂ 錠） ₁日₁回 朝食後 ₁₄ 日分	"[""アムロジピンベシル酸塩"",""アメジニウムメチル硫酸塩"",""シベンゾリンコハク酸塩"",""イルベサルタン"",""ドキサゾシンメシル酸塩""]"	singleChoice	4	null	normal	false	parsed	"[""none""]"		https://www.mhlw.go.jp/content/001226761.pdf	https://www.mhlw.go.jp/content/001228441.pdf	2024-02-18	MHLW website content under Public Data License 1.0 unless separately indicated; third-party content requires separate review
P109-189	109	189	理論	病態・薬物治療	間質性肺炎に関する記述のうち、正しいのはどれか。2つ選べ。	"[""閉塞性換気障害のために肺活量が減少する。"",""原因として最も頻度が高いのは、副腎皮質ステロイド性薬の副作用である。"",""乾性咳嗽が出現する。"",""胸部聴診で呼息時にブツブツという粗い断続性ラ音が聴取される。"",""特発性肺線維症に対しては、ニンテダニブエタンスルホン酸塩を投与すること がある。""]"	multiChoice	[2,4]	null	normal	false	parsed	"[""none""]"		https://www.mhlw.go.jp/content/001226761.pdf	https://www.mhlw.go.jp/content/001228441.pdf	2024-02-18	MHLW website content under Public Data License 1.0 unless separately indicated; third-party content requires separate review
P109-190	109	190	理論	病態・薬物治療	₂₅ 歳男性。身長 ₁₇₆ cm、体重 ₆₅ kg。₂₀ 歳の時に ₁ 型糖尿病を発症し、 ₁ 日 ₄ 回のインスリン皮下注射と血糖自己測定によるインスリン強化療法を行ってき た。最近の血液検査で HbA₁c 値が ₇ . ₃％であったためインスリン治療の変更が計 画された。 （使用中の薬剤） インスリン アスパルト（遺伝子組換え） 朝食直前 ₁₀ 単位、昼食直前 ₇ 単位、夕食直前 ₉ 単位 インスリン デグルデク（遺伝子組換え） 就寝前 ₁₄ 単位 血糖自己測定値（毎食前と毎食 ₂ 時間後及び就寝前に測定） 前 ₁₀₀ mg/dL 朝食 後 ₁₆₀ mg/dL 前 ₁₁₀ mg/dL 昼食 後 ₂₂₀ mg/dL 前 ₁₄₀ mg/dL 夕食 後 ₂₄₀ mg/dL 就寝前 ₁₆₀ mg/dL インスリン注射量の変更に関して適切なのはどれか。2つ選べ。	"[""朝食直前のインスリン注射量を増量する。"",""朝食直前のインスリン注射量を減量する。"",""昼食直前のインスリン注射量を増量する。"",""夕食直前のインスリン注射量を増量する。"",""就寝前のインスリン注射量を減量する。""]"	multiChoice	[2,3]	null	normal	false	parsed	"[""none""]"		https://www.mhlw.go.jp/content/001226761.pdf	https://www.mhlw.go.jp/content/001228441.pdf	2024-02-18	MHLW website content under Public Data License 1.0 unless separately indicated; third-party content requires separate review
P109-191	109	191	理論	病態・薬物治療	白内障に関する記述のうち、正しいのはどれか。2つ選べ。	"[""硝子体が混濁する疾患の総称である。"",""先天性と後天性とに大別できる。"",""副腎皮質ステロイド性薬の長期投与により、発症を抑制できる。"",""治療に用いる点眼薬として、ピレノキシンとグルタチオンがある。"",""加齢による白内障では、点眼薬の投与により混濁が消失する。""]"	multiChoice	[1,3]	null	normal	false	parsed	"[""none""]"		https://www.mhlw.go.jp/content/001226761.pdf	https://www.mhlw.go.jp/content/001228441.pdf	2024-02-18	MHLW website content under Public Data License 1.0 unless separately indicated; third-party content requires separate review
P109-192	109	192	理論	病態・薬物治療	白癬及びその治療薬に関する記述のうち、正しいのはどれか。2つ選べ。	"[""足白癬の原因で最も頻度の高いのは、カンジダ・アルビカンスである。"",""足白癬への外用薬による治療は、 ₁ 週間で中止する。"",""爪白癬の治療には、内服薬は用いられない。"",""イトラコナゾール錠は、妊婦又は妊娠の可能性のある女性に禁忌である。"",""テルビナフィン塩酸塩錠の副作用として、重篤な肝障害がある。""]"	multiChoice	[3,4]	null	normal	false	parsed	"[""none""]"		https://www.mhlw.go.jp/content/001226761.pdf	https://www.mhlw.go.jp/content/001228441.pdf	2024-02-18	MHLW website content under Public Data License 1.0 unless separately indicated; third-party content requires separate review
P109-193	109	193	理論	病態・薬物治療	多発性骨髄腫の病態に関する記述のうち、正しいのはどれか。2つ選べ。	"[""T 細胞が腫瘍化する。"",""腫瘍細胞が産生する M タンパク質は、単クローン性の免疫グロブリンである。"",""アミロイドタンパク質が臓器や組織に沈着し、臓器障害をきたす。"",""骨髄細胞にフィラデルフィア染色体を認める。"",""脾腫が頻発する。""]"	multiChoice	[1,2]	null	normal	false	parsed	"[""none""]"		https://www.mhlw.go.jp/content/001226761.pdf	https://www.mhlw.go.jp/content/001228441.pdf	2024-02-18	MHLW website content under Public Data License 1.0 unless separately indicated; third-party content requires separate review
P109-195	109	195	理論	病態・薬物治療	₅₅ 歳男性。会社員。₂₆ 歳時に結婚し、子供が二人いる。元来まじめな性格 で、会社では昼夜を問わず仕事をしていた。 ₂ 年前に昇進し、一層仕事に励んでい た。今年に入り、朝早く目が覚めてその後眠れないようになった。また、便秘がち になり食欲が低下したため、近医の消化器内科を受診したが軽快しなかった。その 後も体調不良が続き、これらの症状に加え、立ちくらみや耳鳴りが出現したため、 内科を転々とし精査を受けたが、器質的異常は認められなかった。やがて、一日中 身体の不調を自覚するようになり、業務中にミスが増えた。「こんなダメな自分と 一緒にいても未来がないので離婚しよう。」と、妻に頻回に言うようになった。趣 味のゴルフへの興味もなくなり、休日は家でぼんやり過ごすようになったため、心 配した妻と一緒に精神科を受診し、うつ病と診断された。 この患者の病態と治療に関する記述のうち、正しいのはどれか。2つ選べ。	"[""微小妄想が認められる。"",""昏迷が生じている。"",""記憶障害を伴う可能性が高い。"",""治療では、十分な休養が推奨される。"",""薬物療法では、初回から ₂ 剤以上の抗うつ薬を併用する。""]"	multiChoice	[0,3]	null	normal	false	parsed	"[""none""]"		https://www.mhlw.go.jp/content/001226761.pdf	https://www.mhlw.go.jp/content/001228441.pdf	2024-02-18	MHLW website content under Public Data License 1.0 unless separately indicated; third-party content requires separate review
P109-196	109	196	実践	物理・化学・生物	−197 学校薬剤師が授業中の教室の環境に係る検査を実施するため、中学校を訪 れた。この学校には冷暖房設備と機械換気設備が設置されている。学校薬剤師は、 検知管を接続した測定機器を用いて、 ₂ 限目の授業が終了する直前に養護教諭立会 いのもと、教室内で二酸化炭素濃度を測定した。 （測定結果） 二酸化炭素濃度：₁ , ₆₀₀ ppm 学校環境衛生基準：二酸化炭素濃度は ₁ , ₅₀₀ ppm 以下であることが望ましい。 問 196（実務） 測定結果をもとに学校薬剤師が行うこととして、適切なのはどれか。2つ選べ。	"[""測定結果が ₁ , ₅₀₀ ppm を超えたので、未使用の検知管を使って測定機器の気密 性点検を実施する。"",""教室を ₃₀ 分以上換気し、生徒がいない状態で二酸化炭素濃度を再測定する。"",""換気設備の運転時間の検討や工夫を行った後に、換気能力の確認等機械の点検 や整備の実施を助言する。"",""重大な健康被害を生じる可能性が高いことを養護教諭に伝える。"",""測定結果に加え、一酸化炭素などの他の汚染物質濃度の測定結果も合わせて、 空気清浄度を総合的に評価する。""]"	multiChoice	[2,4]	null	normal	false	parsed	"[""none""]"	P109-CASE-196	https://www.mhlw.go.jp/content/001226762.pdf	https://www.mhlw.go.jp/content/001228441.pdf	2024-02-18	MHLW website content under Public Data License 1.0 unless separately indicated; third-party content requires separate review
P109-198	109	198	実践	物理・化学・生物	−199 ₆₅ 歳女性。身長 ₁₅₅ cm。パート勤務。糖尿病性腎症が進行し、 ₁ 年前か ら血液透析が導入された。透析後目標体重（ドライウエイト）₄₃ kg、透析間体重 増加量平均 ₂ . ₀ kg。女性は、週 ₃ 回透析を受けていたが、透析後に立ちくらみ、 ふらつき、倦怠感、脱力感などの血圧低下症状がみられるようになり、最近は透析 の翌日まで症状が続くようになった。そのため、透析チームは栄養状態の確認、ド ライウエイトの再設定及び透析効率を検討することにした。 問 198（物理・化学・生物） 透析効率の指標に、標準化透析量（Kt/V）がある。Kt/V は透析前 BUN の濃度 ［BUNpre］と透析後 BUN の濃度［BUNpost］の値を用いて次式で計算される。 ［BUNpost］ Kt/V = -ln ［BUNpre］ この患者では、［BUNpre］= ₈₀ mg/dL、［BUNpost］= ₁₀ mg/dL であった。この ときの Kt/V の値として正しいのはどれか。1つ選べ。 ただし、ln ₂ = ₀ . ₆₉ とし、K は透析により単位時間あたりに除去された尿素量 に対応する血液の容量、t は透析時間、V は透析された血液の総容量を表すものと する。	"[""-₂ . ₀₇"",""-₁ . ₃₈"",""-₀ . ₆₉"",""₁ . ₃₈"",""₂ . ₀₇""]"	singleChoice	4	null	normal	false	parsed	"[""none""]"	P109-CASE-198	https://www.mhlw.go.jp/content/001226762.pdf	https://www.mhlw.go.jp/content/001228441.pdf	2024-02-18	MHLW website content under Public Data License 1.0 unless separately indicated; third-party content requires separate review
P109-199	109	199	実践	実務	（実務） 透析効率を評価した結果、ドライウエイトの上方修正を行った。しかし、その後 も透析後の起立時に収縮期血圧が ₂₅ mmHg 以上低下しており、症状の改善もみら れなかった。そのため、医師は透析後の血圧低下を予防するために薬物を投与する ことにした。予防投与される薬物として、最も適切なのはどれか。1つ選べ。	"[""イソプレナリン塩酸塩"",""アデノシン三リン酸二ナトリウム水和物"",""ジゴキシン"",""ドロキシドパ"",""ニトログリセリン""]"	singleChoice	3	null	normal	false	parsed	"[""none""]"	P109-CASE-198	https://www.mhlw.go.jp/content/001226762.pdf	https://www.mhlw.go.jp/content/001228441.pdf	2024-02-18	MHLW website content under Public Data License 1.0 unless separately indicated; third-party content requires separate review
P109-200	109	200	実践	物理・化学・生物	−201 ₅₂ 歳男性。会社員。 ₂ 年前にソフトコンタクトレンズの定期検診で眼圧を 測定したところ、平均ベースライン眼圧は右眼 ₁₆ mmHg、左眼 ₁₈ mmHg であっ たが、両眼で視野狭窄及び欠損があったため、正常眼圧緑内障と診断された。処方 ₁ による治療が開始されたが、その後、進行したため ₃ ケ月前から処方 ₂ が追加さ れた。 （処方 ₁ ） ラタノプロスト点眼液 ₀ . ₀₀₅％（₂ . ₅ mL/本） ₁本 ₁回₁滴 ₁日₁回 夕 両眼点眼 〔添加物〕ベンザルコニウム塩化物、無水リン酸一水素ナトリウム、リン酸二 水素ナトリウム一水和物、等張化剤を含有する。 （処方 ₂ ） チモロール点眼液 ₀ . ₅％（持続性）（₂ . ₅ mL/本） ₁ 本 ₁回₁滴 ₁日₁回 夕 両眼点眼 〔添加物〕メチルセルロース、マクロゴール ₄₀₀₀、クエン酸ナトリウム水和 物、ベンザルコニウム塩化物、pH 調節剤を含有する。 男性が来局した際、薬剤師が点眼液の使用状況を確認したところ、数週間前から 処方 ₂ の使用が ₂ ～ ₃ 日おきであることがわかった。男性は、処方 ₂ の使用直後に 不快なべたつきを感じることと、処方 ₁ と ₂ の使用の間に待つ時間が長すぎるので 処方 ₂ の使用を忘れてしまうことを理由として挙げた。 問 200（物理・化学・生物） 男性が感じた不快なべたつきの原因の ₁ つに点眼液のゲル化が考えられる。処方 ₂ の点眼液が点眼前はゾル状態、点眼後はゲル状態になるのに主に関わる物質はど れか。1つ選べ。	"[""メチルセルロース"",""マクロゴール ₄₀₀₀"",""クエン酸ナトリウム水和物"",""ベンザルコニウム塩化物"",""チモロール""]"	singleChoice	0	null	normal	false	parsed	"[""none""]"	P109-CASE-200	https://www.mhlw.go.jp/content/001226762.pdf	https://www.mhlw.go.jp/content/001228441.pdf	2024-02-18	MHLW website content under Public Data License 1.0 unless separately indicated; third-party content requires separate review
P109-201	109	201	実践	実務	（実務） 薬剤師が患者の訴えについて処方医に相談すると、再度診察を実施することに なった。その後、処方 ₁ 及び ₂ が中止となり処方 ₃ へ変更となった。 （処方 ₃ ） ラタノプロスト・チモロール配合点眼液（₂ . ₅ mL/本） ₁ 本 ₁日₁回 夕 両眼点眼 〔添加物〕ベンザルコニウム塩化物、無水リン酸一水素ナトリウム、リン酸二 水素ナトリウム一水和物、等張化剤を含有する。 薬剤師が患者に再度説明する使用上の注意として、適切なのはどれか。2つ選べ。	"[""ソフトコンタクトレンズを装着したまま点眼できる。"",""点眼し忘れた場合は、翌日、朝と夕に点眼する。"",""点眼後に一時的に視界がかすんで見えることがある。"",""点眼後、目のまわりについた薬液は、すぐに拭き取るか目を閉じて洗顔する。"",""点眼後にまだべたつきを感じるときは、点眼容器を下に向けキャップをしたま ま ₂ ～ ₃ 回振ってから使用すると回避できる。""]"	multiChoice	[2,3]	null	normal	false	parsed	"[""none""]"	P109-CASE-200	https://www.mhlw.go.jp/content/001226762.pdf	https://www.mhlw.go.jp/content/001228441.pdf	2024-02-18	MHLW website content under Public Data License 1.0 unless separately indicated; third-party content requires separate review
P109-202	109	202	実践	物理・化学・生物	−203 ₅₂ 歳男性。身長 ₁₆₈ cm、体重 ₈₁ kg。 ₃ 年前に ₂ 型糖尿病と診断され、食 事療法と運動療法に加え、内服薬での治療を行ってきた。しかし、仕事の都合で食 事が不規則になり、低血糖症状を経験したため、内服薬を自己判断で中止してい た。今回、血糖コントロール不良のため、インスリン導入目的で入院となり、以下 が処方された。また、この患者は、定期的に血糖自己測定を行う予定である。 （処方） ゾルトファイ配合注 フレックスタッチ （注 1） ₁ 回 ₁₀ ドーズ ₁日₁回 皮下注射 （注 2） 注 ₁：インスリン デグルデク（遺伝子組換え）₃₀₀ 単位及びリラグルチド （遺伝子組換え）₁₀ . ₈ mg が配合された無色澄明の注射液 注 ₂：インスリン デグルデク／リラグルチドとして ₁₀ 単位／₀ . ₃₆ mg 問 202（実務） この患者に病棟担当薬剤師が行う教育的指導の内容として、適切なのはどれか。 2つ選べ。	"[""原則、毎日同じ時刻に注射する。"",""カートリッジにひびが入った場合は、漏れがないことを確認してから使用す る。"",""液に濁りが生じたときは、カートリッジを振って均一な懸濁液にして使用す る。"",""注射は皮膚面に対して ₄₅ 度に傾けて打つ。"",""注射後は、針ケースを注射針にまっすぐ取りつけ、針ケースを回して注射針を 引っ張って取り外す。""]"	multiChoice	[0,4]	null	normal	false	parsed	"[""none""]"	P109-CASE-202	https://www.mhlw.go.jp/content/001226762.pdf	https://www.mhlw.go.jp/content/001228441.pdf	2024-02-18	MHLW website content under Public Data License 1.0 unless separately indicated; third-party content requires separate review
P109-203	109	203	実践	実務	（物理・化学・生物） 血糖値の簡易測定の一つにグルコース酸化酵素を用いる方法がある。この方法で は、酵素反応により生じた過酸化水素が電極で酸化されて電流が発生するので、こ の電流を測定する。その反応は以下のとおりである。 グルコース酸化酵素 グルコース + O2 グルコノラクトン + H2O2 H2O2 O2 + ₂H + ₂e- + 患者の血糖値が ₉₀ . ₀ mg/dL であったとき、測定した血液 ₁ nL 中で生じた電気 量に最も近い値はどれか。1つ選べ。 ただし、グルコースの分子量を ₁₈₀、電子 ₁ mol の電気量を ₉ . ₆₅ # ₁₀ クーロン とする。また、血糖値はグルコース濃度を表し、反応により生成する電子はグル コース由来とする。	"[""₄ . ₈₃ # ₁₀ クーロン"",""₉ . ₆₅ # ₁₀ クーロン"",""₁ . ₉₃ # ₁₀ クーロン"",""₄ . ₈₃ # ₁₀ クーロン"",""₉ . ₆₅ # ₁₀ クーロン""]"	singleChoice	1	null	normal	false	parsed	"[""none""]"	P109-CASE-202	https://www.mhlw.go.jp/content/001226762.pdf	https://www.mhlw.go.jp/content/001228441.pdf	2024-02-18	MHLW website content under Public Data License 1.0 unless separately indicated; third-party content requires separate review
P109-206	109	206	実践	物理・化学・生物	−207 ₆₄ 歳 男 性。 身 長 ₁₆₈ cm、 体 重 ₆₂ kg。 血 圧 ₁₃₅/₈₀ mmHg。 飲 酒 習 慣 あ り。パーキンソン病及び高血圧症と診断され、処方 ₁ 及び処方 ₂ の薬剤を服用中で ある。最近、パーキンソン病が進行し、wearing︲off 現象を頻回に起こすように なったため、処方 ₃ が追加となり、患者家族が薬局に処方箋を持参した。 （処方 ₁ ） レボドパ ₂₅₀ mg・カルビドパ配合錠 ₁ 回 ₁ 錠（ ₁ 日 ₃ 錠） ₁日₃回 朝昼夕食後 ₁₄ 日分 （処方 ₂ ） アムロジピン錠 ₅ mg ₁ 回 ₁ 錠（ ₁ 日 ₁ 錠） ₁日₁回 朝食後 ₁₄ 日分 （処方 ₃ ） セレギリン塩酸塩口腔内崩壊錠 ₂ . ₅ mg ₁ 回 ₁ 錠（ ₁ 日 ₁ 錠） ₁日₁回 朝食後 ₁₄ 日分 問 206（実務） 処方 ₃ の薬剤の服用開始にあたり、薬剤師の対応として適切なのはどれか。2つ 選べ。	"[""レボドパ製剤を ₁ 日 ₃ 錠から ₁ 錠へ減量するように医師に提案する。"",""アムロジピン錠の中止を医師に提案する。"",""チーズ、ビール、赤ワインを大量に摂取した場合、血圧上昇を起こす可能性が あることを患者家族に説明する。"",""幻覚があらわれた場合、すぐに病院を受診するように患者家族に説明する。"",""wearing︲off 現象が改善したら、処方 ₃ を中止してよいことを患者家族に説明 する。""]"	multiChoice	[2,3]	null	normal	false	parsed	"[""none""]"	P109-CASE-206	https://www.mhlw.go.jp/content/001226762.pdf	https://www.mhlw.go.jp/content/001228441.pdf	2024-02-18	MHLW website content under Public Data License 1.0 unless separately indicated; third-party content requires separate review
P109-208	109	208	実践	物理・化学・生物	−209 ₅₅ 歳女性（閉経後）。身長 ₁₆₀ cm、体重 ₅₂ kg。血圧 ₁₃₅/₇₀ mmHg。高 血圧症にて、処方 ₁ の薬剤を服用している。 （処方 ₁ ） アジルサルタン錠 ₂₀ mg ₁ 回 ₁ 錠（ ₁ 日 ₁ 錠） ₁日₁回 朝食後 ₁₄ 日分 今回、 ₁ ケ月前よりほてりや発汗、不眠症状等があり、更年期障害を疑い婦人科 クリニックを受診した。その後、以下の追加処方箋を持参して、かかりつけ薬局を 訪れた。 （処方 ₂ ） 結合型エストロゲン錠 ₀ . ₆₂₅ mg ₁ 回 ₁ 錠（ ₁ 日 ₁ 錠） ₁日₁回 朝食後 ₁₄ 日分 問 208（実務） 処方 ₂ の薬剤の服用開始にあたり、患者への説明内容として適切でないのはどれ か。1つ選べ。	"[""下肢の疼痛・浮腫、息切れ等が出現した際は、連絡すること。"",""血圧が低下する場合があること。"",""手術前には休薬を検討する必要があること。"",""投与開始後は、定期的に乳房検診並びに婦人科検診を行う必要があること。"",""骨折のリスクが上がること。""]"	singleChoice	4	null	normal	false	parsed	"[""none""]"	P109-CASE-208	https://www.mhlw.go.jp/content/001226762.pdf	https://www.mhlw.go.jp/content/001228441.pdf	2024-02-18	MHLW website content under Public Data License 1.0 unless separately indicated; third-party content requires separate review
P109-211	109	211	実践	実務	（実務） この処方に関し、医師へ疑義照会する内容として、適切なのはどれか。1つ選 べ。	"[""バルプロ酸 Na 徐放錠 ₂₀₀ mg の投与量を、 ₁ 日 ₂₀₀ mg に減量する。"",""バルプロ酸 Na 徐放錠 ₂₀₀ mg の投与量を、 ₁ 日 ₁₂₀₀ mg に増量する。"",""ラモトリギン錠の投与量を、 ₁ 日 ₅₀ mg に増量する。"",""ラモトリギン錠の用法を、朝食後 ₂ 時間以降投与に変更する。"",""ラモトリギン錠の用法を、隔日投与にする。""]"	singleChoice	4	null	normal	false	parsed	"[""none""]"	P109-CASE-210	https://www.mhlw.go.jp/content/001226762.pdf	https://www.mhlw.go.jp/content/001228441.pdf	2024-02-18	MHLW website content under Public Data License 1.0 unless separately indicated; third-party content requires separate review
P109-212	109	212	実践	物理・化学・生物	−213 ₅₇ 歳男性。身長 ₁₇₅ cm、体重 ₆₃ kg。患者は大腸がんの治療で、 ₃ ケ月前 より病院で FOLFIRI 療法（イリノテカン注、レボホリナート注、フルオロウラシ ル静脈注射、フルオロウラシル持続注射）を施行していた。持続注射が辛いとの患 者の訴えがあり、XELOX 療法（カペシタビン・オキサリプラチン療法）に変更さ れ、今回、患者が処方 ₁ 及び処方 ₂ の処方箋を持って、来局した。その際、患者か ら、 「最近手のひらが赤くなって痛くなってきた」、「点滴をした日は手にしびれも 現れる」、「副作用がとても心配である」との訴えがあった。 （処方 ₁ ） カペシタビン錠 ₃₀₀ mg ₁ 回 ₆ 錠（ ₁ 日 ₁₂ 錠） ₁日₂回 朝夕食後 ₁₄ 日分 休薬 ₇ 日間 （処方 ₂ ） ヘパリン類似物質クリーム ₀ . ₃％（₂₅ g/本） ₄ 本 両手・両足に適量を塗布 ₁日₄回 朝昼夕就寝前 問 212（実務） この患者への薬局薬剤師の指導内容として適切なのはどれか。2つ選べ。	"[""手の赤みや痛みの症状は一過性ですぐに良くなるので、心配ありません。"",""手の赤みや痛みの症状がなくなっても、処方 ₂ の薬を指示どおり継続して塗布 してください。"",""点滴治療をした日に手のしびれを感じた際は、冷水でよく冷やしてください。"",""手のしびれは数日後に軽快しますが、ひどく痛みが続く場合は、医師に連絡し てください。"",""激しい下痢が生じた場合は、市販の下痢止めを服用して、処方 ₁ の薬を継続し て服用してください。""]"	multiChoice	[1,3]	null	normal	false	parsed	"[""none""]"	P109-CASE-212	https://www.mhlw.go.jp/content/001226762.pdf	https://www.mhlw.go.jp/content/001228441.pdf	2024-02-18	MHLW website content under Public Data License 1.0 unless separately indicated; third-party content requires separate review
P109-214	109	214	実践	物理・化学・生物	−215 ₆₅ 歳女性。腰背部痛のため近隣の整形外科クリニックを受診したところ、 骨粗しょう症と診断され、以下の処方箋を持って薬局を訪れた。 （処方 ₁ ） エルデカルシトールカプセル ₀ . ₇₅ ng ₁ 回 ₁ カプセル（ ₁ 日 ₁ カプセル） ₁日₁回 朝食後 ₁₄ 日分 （処方 ₂ ） アセトアミノフェン錠 ₃₀₀ mg ₁回₁錠 痛みが強い時 ₁₀ 回分（₁₀ 錠） （処方 ₃ ） ジクロフェナク Na テープ ₃₀ mg（₁₀ # ₁₄ cm 非温感） ₂ 袋（ ₇ 枚／袋） ₁回₁枚 痛いところに貼付 問 214（実務） 処方薬を使用する際に、定期的に検査する必要がある項目はどれか。1つ選べ。	"[""エルデカルシトールの血中濃度"",""血清カルシウム"",""血中 TSH（甲状腺刺激ホルモン）"",""血清カリウム"",""血糖""]"	singleChoice	1	null	normal	false	parsed	"[""none""]"	P109-CASE-214	https://www.mhlw.go.jp/content/001226762.pdf	https://www.mhlw.go.jp/content/001228441.pdf	2024-02-18	MHLW website content under Public Data License 1.0 unless separately indicated; third-party content requires separate review
P109-215	109	215	実践	実務	（物理・化学・生物） 処方されたエルデカルシトール（C30H50O5）に関する記述として誤っているのは どれか。1つ選べ。 H H3C CH3 CH3 OH H CH3 Ｃ環 H Ｄ環 CH2 HO OH H H O H HO エルデカルシトール	"[""共役トリエン構造をもち、遮光保存が必要である。"",""ステロイド骨格を構成する環状構造の一部が開裂した構造をもつ。"",""Ｃ環とＤ環の結合は、trans 配置である。"",""本品は炭素数 ₃₀ に対しヒドロキシ基を ₄ つ含み、水に溶けやすい。"",""標的受容体と結合する際、ヒドロキシ基は水素結合の形成に関与する。""]"	singleChoice	3	null	normal	false	parsed	"[""none""]"	P109-CASE-214	https://www.mhlw.go.jp/content/001226762.pdf	https://www.mhlw.go.jp/content/001228441.pdf	2024-02-18	MHLW website content under Public Data License 1.0 unless separately indicated; third-party content requires separate review
P109-216	109	216	実践	物理・化学・生物	−217 ₅₄ 歳女性。数ケ月前より、咽頭痛及び頸部リンパ節腫脹を認めた。精査の 結果、悪性リンパ腫（びまん性大細胞型 B 細胞リンパ腫）と診断され、初回治療 として R︲CHOP 療法を開始するために入院となった。 化学療法施行前に B 型肝炎ウイルスのスクリーニング検査を実施したところ、 次の検査結果であったため、以下の処方が開始となった。 （検査結果） HBs 抗原（-）、HBc 抗体（+）、HBs 抗体（+）、 HBV︲DNA 量 ₂₅ IU/mL（基準値 ₂₀ IU/mL） （処方） エンテカビル錠 ₀ . ₅ mg ₁ 回 ₁ 錠（ ₁ 日 ₁ 錠） ₁日₁回 就寝前 ₇ 日分 問 216（物理・化学・生物） この患者の B 型肝炎ウイルス関連検査結果に関する記述のうち、正しいのはど れか。2つ選べ。	"[""HBs 抗原は、エンベロープに含まれる抗原であり感染の指標となる。"",""HBc 抗体（+）、HBs 抗体（+）という検査結果は、この患者が過去に組換え 体 HBs 抗原タンパク質を成分とする B 型肝炎ワクチンを接種したためである。"",""この患者の HBs 抗体を ₆ ケ月後に再測定して陽性であっても、B 型肝炎ウイ ルスキャリアとはいえない。"",""HBs 抗原（-）、HBc 抗体（+）という検査結果から、この患者は急性肝炎と 判断される。"",""HBV︲DNA の検査では、宿主細胞の染色体内に挿入されたウイルス DNA のみ が定量される。""]"	multiChoice	[0,2]	null	normal	false	parsed	"[""none""]"	P109-CASE-216	https://www.mhlw.go.jp/content/001226762.pdf	https://www.mhlw.go.jp/content/001228441.pdf	2024-02-18	MHLW website content under Public Data License 1.0 unless separately indicated; third-party content requires separate review
P109-217	109	217	実践	実務	（実務） この処方に関して薬剤師が留意しておく内容として、正しいのはどれか。2つ選 べ。	"[""飲み忘れた場合、次の就寝前に ₂ 回分をまとめて服用する。"",""食事により吸収が低下するため、服用前後 ₂ 時間は食事をしない。"",""処方された薬剤を服用中でも、化学療法を開始する。"",""腎機能に応じた用量調整の必要はない。"",""この処方は継続せず、 ₁ 週間で終了する。""]"	multiChoice	[1,2]	null	normal	false	parsed	"[""none""]"	P109-CASE-216	https://www.mhlw.go.jp/content/001226762.pdf	https://www.mhlw.go.jp/content/001228441.pdf	2024-02-18	MHLW website content under Public Data License 1.0 unless separately indicated; third-party content requires separate review
P109-218	109	218	実践	物理・化学・生物	−219 ₇₆ 歳女性。夫と息子との ₃ 人暮らし。高血圧症、てんかん、統合失調症及 び不眠症の治療を行っている。処方 ₁ ～ ₃ は、以下の時系列記録の ₁ 年前から継続 している。 （処方 ₁ ） アジルサルタン錠 ₄₀ mg ₁ 回 ₁ 錠（ ₁ 日 ₁ 錠） ₁日₁回 朝食後 ₂₈ 日分 （処方 ₂ ） バルプロ酸 Na 徐放錠 ₁₀₀ mg ₁ 回 ₁ 錠（ ₁ 日 ₂ 錠） リスペリドン口腔内崩壊錠 ₁ mg ₁ 回 ₁ 錠（ ₁ 日 ₂ 錠） ₁日₂回 朝夕食後 ₂₈ 日分 （処方 ₃ ） ラメルテオン錠 ₈ mg ₁ 回 ₁ 錠（ ₁ 日 ₁ 錠） レンボレキサント錠 ₂ . ₅ mg ₁ 回 ₁ 錠（ ₁ 日 ₁ 錠） ₁日₁回 就寝前 ₂₈ 日分 ₇ 月 ₄ 日（かかりつけ医受診後来局）： 処方 ₁ ～ ₃ 継続、eGFR ₅₆ mL/min/₁ . ₇₃ m2 ₈ 月 ₁ 日（かかりつけ医受診後来局）： 処方 ₁ ～ ₃ 継続、eGFR ₃₂ mL/min/₁ . ₇₃ m 家族「腎臓の精密検査のために、かかりつけの先生が、大学病院の腎臓内科の外来 受診を予約してくれました。 ₈ 月 ₈ 日に本人を連れていきます。」 ₈ 月 ₄ 日（家族から薬局へ電話相談、及び薬剤師から医師への確認）： 家族「前回受診時にかかりつけの先生に伝え忘れましたが、よだれが出るように なったり、顔の表情が無くなったり、歩行が遅くなったりすることが ₇ 月中旬ぐら いから目立ってきました。」 かかりつけ医師「随意運動は問題ありませんでした。薬の副作用ですね。」 問 218（実務） ₈ 月 ₄ 日に医師から指摘のあった副作用の原因薬物として、可能性が最も高いの はどれか。1つ選べ。	"[""アジルサルタン"",""バルプロ酸ナトリウム"",""リスペリドン"",""ラメルテオン"",""レンボレキサント""]"	singleChoice	2	null	normal	false	parsed	"[""none""]"	P109-CASE-218	https://www.mhlw.go.jp/content/001226762.pdf	https://www.mhlw.go.jp/content/001228441.pdf	2024-02-18	MHLW website content under Public Data License 1.0 unless separately indicated; third-party content requires separate review
P109-219	109	219	実践	実務	（物理・化学・生物） この副作用と同じ症状が現れる可能性が最も高いのはどれか。1つ選べ。	"[""大脳皮質運動野の障害"",""大脳辺縁系の障害"",""大脳基底核の障害"",""視床下部の障害"",""皮質脊髄路の障害""]"	singleChoice	2	null	normal	false	parsed	"[""none""]"	P109-CASE-218	https://www.mhlw.go.jp/content/001226762.pdf	https://www.mhlw.go.jp/content/001228441.pdf	2024-02-18	MHLW website content under Public Data License 1.0 unless separately indicated; third-party content requires separate review
P109-221	109	221	実践	実務	（実務） 処方 ₂ の薬剤の服用によって生じる可能性が高いのはどれか。2つ選べ。	"[""血中 TSH 値の上昇"",""高カリウム血症"",""血圧上昇"",""血中 NT︲proBNP 値の上昇"",""脱水症状""]"	multiChoice	[1,4]	null	normal	false	parsed	"[""none""]"	P109-CASE-220	https://www.mhlw.go.jp/content/001226762.pdf	https://www.mhlw.go.jp/content/001228441.pdf	2024-02-18	MHLW website content under Public Data License 1.0 unless separately indicated; third-party content requires separate review
P109-222	109	222	実践	物理・化学・生物	−223 ₆₅ 歳女性。高血圧症、骨粗しょう症、慢性便秘症及び脂質異常症の治療で かかりつけ薬局を利用し、処方 ₁ 及び処方 ₂ の薬剤を ₂ 年間服用している。さら に、脂質異常症については食事療法の効果が不十分で、処方 ₃ を ₂ ケ月前に開始し た。 （処方 ₁ ） アムロジピン錠 ₅ mg ₁ 回 ₁ 錠（ ₁ 日 ₁ 錠） エルデカルシトールカプセル ₀ . ₇₅ ng ₁ 回 ₁ カプセル（ ₁ 日 ₁ カプセル） ₁日₁回 朝食後 ₁₄ 日分 （処方 ₂ ） 酸化マグネシウム錠 ₃₃₀ mg ₁ 回 ₁ 錠（ ₁ 日 ₂ 錠） オメガ︲₃ 脂肪酸エチル粒状カプセル ₂ g ₁ 回 ₁ 包（ ₁ 日 ₂ 包） ₁日₂回 朝夕食後 ₁₄ 日分 （処方 ₃ ） フェノフィブラート錠 ₅₃ . ₃ mg ₁ 回 ₁ 錠（ ₁ 日 ₁ 錠） ₁日₁回 朝食後 ₁₄ 日分 処方 ₃ 開始直前の空腹時検査値： LDL︲C ₁₂₆ mg/dL、HDL︲C ₅₈ mg/dL、TG（トリグリセリド）₁₉₈ mg/dL 昨夜から全身の筋肉痛が生じているため、一般用医薬品の痛み止めを求めて来局 した。昨日は、日課としている約 ₂ km の散歩しかしておらず、普段はその程度の 運動で筋肉痛は起こらないと言う。また、胃が弱いので内服ではなく、テレビコ マーシャルで見たロキソプロフェン含有テープ剤の購入を希望している。 問 222（実務） かかりつけ薬剤師のこの患者への対応として適切なのはどれか。2つ選べ。	"[""処方 ₃ の薬剤の服用継続を指導する。"",""最近の尿の色を確認する。"",""体のだるさの有無を確認する。"",""ロキソプロフェン含有テープ剤を使用して様子をみるように勧める。"",""補中益気湯の服用を勧める。""]"	multiChoice	[1,2]	null	normal	false	parsed	"[""none""]"	P109-CASE-222	https://www.mhlw.go.jp/content/001226762.pdf	https://www.mhlw.go.jp/content/001228441.pdf	2024-02-18	MHLW website content under Public Data License 1.0 unless separately indicated; third-party content requires separate review
P109-223	109	223	実践	実務	（物理・化学・生物） この患者の筋肉の状態を知るために血液検査をする場合、注目すべき生体成分は どれか。2つ選べ。	"[""クレアチンキナーゼ"",""ビリルビン"",""乳酸デヒドロゲナーゼ"",""ヘモグロビン"",""尿酸""]"	multiChoice	[0,2]	null	normal	false	parsed	"[""none""]"	P109-CASE-222	https://www.mhlw.go.jp/content/001226762.pdf	https://www.mhlw.go.jp/content/001228441.pdf	2024-02-18	MHLW website content under Public Data License 1.0 unless separately indicated; third-party content requires separate review
P109-224	109	224	実践	物理・化学・生物	−225 ₃ 歳 ₅ ケ月女児。台所で沸かしていたやかんのお湯をかぶり、体表の熱傷 （Ⅱ度）で救急搬送された。入院 ₁₄ 日目に ₃₉ ℃の発熱を認め、熱傷創部からセ フェム系抗菌薬に感受性のある Ａ が同定されたため、セフタジジムを ₂ 週間 投与し、症状が改善したため終了した。 抗菌薬終了 ₇ 日後に、再び ₃₈ ℃の発熱及び熱傷創部に膿を認めた。膿を検査し たところ、 Ａ が同定された。検出された Ａ の薬剤感受性試験及び患者の 血液検査の結果は、以下のとおりである。 （薬剤感受性試験の結果） 抗菌薬 MIC（ng/mL） 判定 ピペラシリン #₂ Susceptible（感性） タゾバクタム・ピペラシリン #₂ Susceptible（感性） セフタジジム 2₁₆ Resistant（耐性） メロペネム #₀ . ₂₅ Susceptible（感性） シプロフロキサシン #₀ . ₂₅ Susceptible（感性） アミカシン ₂ Susceptible（感性） （検査値） 血清アルブミン ₄ . ₂ g/dL、CRP ₈ . ₀ mg/dL、白血球 ₁₇ , ₆₀₀/nL、 AST ₂₄ IU/L、ALT ₁₁ IU/L、血清クレアチニン ₀ . ₂₄ mg/dL、 BUN ₁₀ mg/dL なお、この患者はアモキシシリン水和物に対するアレルギー歴がある。 問 224（物理・化学・生物） Ａ に該当する細菌に関しては、培養検査等により以下の情報が得られてい る。 Ａ はどれか。1つ選べ。 「好気条件で増殖する。グラム陰性菌である。鞭毛を有する。芽胞は形成しな い。色素ピオシアニンを産生する。バイオフィルムを形成する。」	"[""リステリア菌"",""緑膿菌"",""淋菌"",""黄色ブドウ球菌"",""破傷風菌""]"	singleChoice	1	null	normal	false	parsed	"[""none""]"	P109-CASE-224	https://www.mhlw.go.jp/content/001226762.pdf	https://www.mhlw.go.jp/content/001228441.pdf	2024-02-18	MHLW website content under Public Data License 1.0 unless separately indicated; third-party content requires separate review
P109-225	109	225	実践	実務	（実務） この患者の検査結果を受けて、医師と感染制御チーム（ICT）の薬剤師が協議し た。薬剤師が医師に提案する抗菌薬として、適切なのはどれか。2つ選べ。	"[""シプロフロキサシン"",""メロペネム"",""アミカシン"",""セフタジジム"",""タゾバクタム・ピペラシリン""]"	multiChoice	[1,2]	null	normal	false	parsed	"[""none""]"	P109-CASE-224	https://www.mhlw.go.jp/content/001226762.pdf	https://www.mhlw.go.jp/content/001228441.pdf	2024-02-18	MHLW website content under Public Data License 1.0 unless separately indicated; third-party content requires separate review
P109-226	109	226	実践	衛生	−227 ₆₈ 歳女性。身長 ₁₅₀ cm、体重 ₄₁ kg（BMI ₁₈ . ₂）。独居。喫煙歴無し。飲 酒はしない。最近、体重の減少と体力の低下が気になっていたところ、テレビでフ レイルの特集を見て、自分も該当するのではないかと心配になり、健康サポート薬 局の薬剤師に相談に来た。薬剤師はこの女性に生活習慣について尋ね、以下の情報 を得た。 ・近頃、固いものが食べにくくなったので豆腐のような軟らかいものを好んで食べ ている。 ・運動習慣は週に ₁ 回程度、散歩を行ってきたが、最近疲れやすくなったので外に 出ない日が多くなった。 ・年をとるとともに友人が少なくなったので、他者と交流する機会は、ほとんどな い。 問 226（衛生） フレイルに関する内容として、正しいのはどれか。2つ選べ。	"[""フレイルは、加齢に伴う身体的、精神的な機能低下のことである。"",""フレイルは、要介護になった状態のことである。"",""フレイルは、回復することのない病態である。"",""フレイルの進行を防ぐことは、健康寿命の延伸につながる。"",""フレイルは、過栄養により防ぐことができる。""]"	multiChoice	[0,3]	null	normal	false	parsed	"[""none""]"	P109-CASE-226	https://www.mhlw.go.jp/content/001226762.pdf	https://www.mhlw.go.jp/content/001228441.pdf	2024-02-18	MHLW website content under Public Data License 1.0 unless separately indicated; third-party content requires separate review
P109-227	109	227	実践	実務	（実務） 薬剤師がこの女性に行うフレイル予防に関する提案の内容として、適切なのはど れか。2つ選べ。	"[""タンパク質の摂取量を減らす。"",""咀嚼機能と嚥下機能の低下を防ぐため、口腔体操などを行う。"",""日常生活において、できるだけ紫外線を浴びないようにする。"",""疲労を回避するために、運動は現状よりも控える。"",""地域の活動に参加して、適度に人との交流を行う。""]"	multiChoice	[1,4]	null	normal	false	parsed	"[""none""]"	P109-CASE-226	https://www.mhlw.go.jp/content/001226762.pdf	https://www.mhlw.go.jp/content/001228441.pdf	2024-02-18	MHLW website content under Public Data License 1.0 unless separately indicated; third-party content requires separate review
P109-228	109	228	実践	衛生	−229 ₇₀ 歳男性と ₆₀ 歳女性の夫婦。 ₂ 人で、打たせ湯のある温泉施設に日帰り 旅行へ行ったところ、翌日夜に女性は全身倦怠感と頭痛を伴う発熱の症状を呈した が、自宅療養し、 ₂ 日後に回復した。一方、男性は旅行から帰った ₅ 日後に発熱 し、呼吸困難感、湿性咳嗽と胸痛の症状が見られたため、医療機関を受診したとこ ろ、肺炎と診断され入院となった。男性は身長 ₁₆₅ cm、体重 ₅₃ kg。入院時の各種 検査結果は以下のとおりである。さらに、この男性が罹患している疾病に関して、 尿中抗原検査及び喀痰の遺伝子増幅法検査を追加で施行した結果、いずれも陽性と なった。夫婦は同じ病原体に罹患し、女性はポンティアック熱であったと考えられ た。 （身体所見） 体温 ₃₈ . ₂ ℃、血圧 ₁₀₁/₆₂ mmHg、脈拍 ₉₅ 拍/分（整）、 SpO2（ルームエアー）₉₃％ （検査所見） 白血球 ₁₂ , ₀₀₀/nL、赤血球 ₄₄₀ # ₁₀ /nL、Hb ₁₄ . ₃ g/dL、 血小板 ₂₀ # ₁₀ /nL、AST ₂₅ IU/L、ALT ₂₀ IU/L、 総ビリルビン ₀ . ₈ mg/dL、血清クレアチニン ₂ . ₀ mg/dL、CRP ₁₈ . ₂ mg/dL、 SARS︲CoV₂︲PCR（鼻咽頭ぬぐい液）陰性、尿中肺炎球菌抗原検査陰性 問 228（実務） この男性患者に対する治療薬として最も適切なのはどれか。1つ選べ。	"[""レボフロキサシン"",""オセルタミビル"",""アモキシシリン"",""セフジニル"",""ニルマトレルビル・リトナビル""]"	singleChoice	0	null	normal	false	parsed	"[""none""]"	P109-CASE-228	https://www.mhlw.go.jp/content/001226762.pdf	https://www.mhlw.go.jp/content/001228441.pdf	2024-02-18	MHLW website content under Public Data License 1.0 unless separately indicated; third-party content requires separate review
P109-229	109	229	実践	実務	（衛生） この男性患者が罹患した疾病に関する記述のうち、正しいのはどれか。2つ選 べ。	"[""感染症法 において三類感染症に分類される。 （注）"",""高齢者や免疫力の低下した人がかかる日和見感染症である。"",""ビル空調機の循環冷却水や加湿器から発生するエアロゾルを吸入することで集 団発生しやすい。"",""罹患者の飛沫によって、直接他者へ感染する。"",""ワクチン接種により予防することができる。 （注）感染症法：感染症の予防及び感染症の患者に対する医療に関する法律""]"	multiChoice	[1,2]	null	normal	false	parsed	"[""none""]"	P109-CASE-228	https://www.mhlw.go.jp/content/001226762.pdf	https://www.mhlw.go.jp/content/001228441.pdf	2024-02-18	MHLW website content under Public Data License 1.0 unless separately indicated; third-party content requires separate review
P109-232	109	232	実践	衛生	−233 乳児（生後 ₁ ケ月、女児）を連れた母親が、女児の ₁ ケ月検診を受けた後 に、女児が服用している薬について相談したいことがあるということで、かかりつ け薬局に来局した。女児の出生時の体重は ₂ , ₉₄₀ g であり、母乳栄養で現在は ₃ , ₈₉₀ g である。女児は、メナテトレノンシロップ ₁ mL を哺乳確立時、生後 ₁ 週 目（産科退院時）、今回と合計 ₃ 回内服している。母親は、女児へのメナテトレノ ン投与の理由について薬剤師に質問をした。 問 232（実務） 薬剤師が母親へ行った説明内容として最も適切なのはどれか。1つ選べ。	"[""くる病の発症リスクを軽減するため。"",""黄疸等の肝障害リスクを軽減するため。"",""頭蓋内出血等の出血リスクを軽減するため。"",""神経管閉鎖障害のリスクを軽減するため。"",""アレルギーの発症リスクを軽減するため。""]"	singleChoice	2	null	normal	false	parsed	"[""none""]"	P109-CASE-232	https://www.mhlw.go.jp/content/001226762.pdf	https://www.mhlw.go.jp/content/001228441.pdf	2024-02-18	MHLW website content under Public Data License 1.0 unless separately indicated; third-party content requires separate review
P109-233	109	233	実践	実務	（衛生） 薬剤師は母親にメナテトレノン投与によって、あるビタミンを補充できることを 説明した。このビタミンが新生児や幼若乳児で不足する理由として、誤っているの はどれか。1つ選べ。	"[""胎盤を通過しにくいため。"",""母乳中の含有量が少ないため。"",""胆汁分泌が低下している場合には、吸収されにくいため。"",""新生児や乳児は代謝及び排泄が亢進しているため。"",""新生児と乳児は、腸内細菌叢が未発達であるため。""]"	singleChoice	3	null	normal	false	parsed	"[""none""]"	P109-CASE-232	https://www.mhlw.go.jp/content/001226762.pdf	https://www.mhlw.go.jp/content/001228441.pdf	2024-02-18	MHLW website content under Public Data License 1.0 unless separately indicated; third-party content requires separate review
P109-234	109	234	実践	衛生	−235 ₅₅ 歳男性。身長 ₁₆₅ cm、体重 ₄₆ kg。脳血管障害により ₃ 年前から寝たき りの状態となり自宅療養中であった。ベッドから誤って転落し、大腿骨を骨折した ため、入院となった。入院時、仙骨部に褥瘡が認められ、病態としては黄色期と判 断されたことから、褥瘡チームが介入した。褥瘡チームが回診で確認したところ滲 出液、創周囲の感染徴候が認められた。 問 234（実務） 褥瘡チームの薬剤師による医師への提案として適切なのはどれか。2つ選べ。	"[""急性期の病態と考えられることから、積極的な薬物治療は行わず、経過観察す る。"",""抗菌薬を全身投与する。"",""スルファジアジン銀クリームを患部に塗布する。"",""精製白糖・ポビドンヨード配合軟膏を患部に塗布する。"",""クロベタゾールプロピオン酸エステル軟膏を患部に塗布する。""]"	multiChoice	[2,3]	null	normal	false	parsed	"[""none""]"	P109-CASE-234	https://www.mhlw.go.jp/content/001226762.pdf	https://www.mhlw.go.jp/content/001228441.pdf	2024-02-18	MHLW website content under Public Data License 1.0 unless separately indicated; third-party content requires separate review
P109-235	109	235	実践	実務	（衛生） 褥瘡治療においては、必要なエネルギー量と摂取タンパク質量を考慮することが 重要であるため、NST（Nutrition Support Team）の薬剤師が介入することと なった。この患者に必要な栄養投与量は、総エネルギー量が体重 ₁ kg あたり ₃₀ kcal、タンパク質摂取量が ₁ 日あたり ₆₀ g である。この場合の非タンパク質カ ロリー／窒素比（NPC/N 比）として最も近いのはどれか。1つ選べ。 ただし、タンパク質の窒素含有率は ₁₆％とする。	"[""₁₀₀"",""₁₂₀"",""₁₄₀"",""₁₆₀"",""₁₈₀""]"	singleChoice	1	null	normal	false	parsed	"[""none""]"	P109-CASE-234	https://www.mhlw.go.jp/content/001226762.pdf	https://www.mhlw.go.jp/content/001228441.pdf	2024-02-18	MHLW website content under Public Data License 1.0 unless separately indicated; third-party content requires separate review
P109-236	109	236	実践	衛生	−237 猛暑日が続き、連日にわたって熱中症警戒アラートが発表されているた め、多くの人がドラッグストアに病者用食品の経口補水液を購入に来た。購入希望 者から薬剤師に、脱水や熱中症への対策について相談が度々あった。 問 236（実務） 薬剤師が、購入希望者に対して行う、脱水や熱中症に関する説明内容として適切 なのはどれか。2つ選べ。	"[""室内で過ごしていれば、熱中症になることはありません。"",""喉の渇きを感じるまで、水分補給は必要ありません。"",""経口補水液を飲み過ぎると、ナトリウムの過剰摂取につながる恐れがありま す。"",""めまいや大量の発汗、筋肉のこむら返りなどの初期症状に注意してください。"",""この経口補水液は病者用の食品であるので、医師の診断を受けてから摂取して ください。""]"	multiChoice	[2,3]	null	normal	false	parsed	"[""none""]"	P109-CASE-236	https://www.mhlw.go.jp/content/001226762.pdf	https://www.mhlw.go.jp/content/001228441.pdf	2024-02-18	MHLW website content under Public Data License 1.0 unless separately indicated; third-party content requires separate review
P109-238	109	238	実践	衛生	−239 ₇₀ 歳男性。同居している息子夫婦に付き添われて来局。₂₀ 歳の頃より喫 煙習慣があり（ブリンクマン指数：₁ , ₂₀₀）、現在も ₁ 日に ₁₀ 本程度喫煙してい る。また職業上の粉じん曝露歴があった。数年前より労作時の息切れが出現し、 徐々に症状が悪化したために近医を受診し、慢性閉塞性肺疾患（COPD）と診断さ れ、以下の処方が出された。 （処方） チオトロピウム臭化物吸入用カプセル ₁₈ ng ₁ 回 ₁ カプセル ₁ 日 ₁ 吸入 全 ₅₆ カプセル 問 238（実務） 処方薬の注意すべき主な副作用はどれか。2つ選べ。	"[""排尿障害"",""徐脈"",""口腔内カンジダ症"",""下痢"",""口渇""]"	multiChoice	[0,4]	null	normal	false	parsed	"[""none""]"	P109-CASE-238	https://www.mhlw.go.jp/content/001226762.pdf	https://www.mhlw.go.jp/content/001228441.pdf	2024-02-18	MHLW website content under Public Data License 1.0 unless separately indicated; third-party content requires separate review
P109-239	109	239	実践	実務	（衛生） この男性は現在も喫煙を続けていることから、息子夫婦から、喫煙が健康に及ぼ す影響を父親に説明してほしいとの依頼があった。薬剤師がこの男性に対して行 う、「喫煙と健康」に関して説明する内容として適切なのはどれか。2つ選べ。	"[""COPD の最大のリスク要因は喫煙である。"",""受動喫煙は虚血性心疾患や脳卒中のリスクを高める心配はない。"",""たばこの発がん物質は主流煙に多く含まれており、副流煙にはほとんど存在し ない。"",""能動喫煙の防止を目的として、健康増進法が制定されている。"",""喫煙によって薬物代謝酵素が誘導され、効果に影響が出る薬もある。""]"	multiChoice	[0,4]	null	normal	false	parsed	"[""none""]"	P109-CASE-238	https://www.mhlw.go.jp/content/001226762.pdf	https://www.mhlw.go.jp/content/001228441.pdf	2024-02-18	MHLW website content under Public Data License 1.0 unless separately indicated; third-party content requires separate review
P109-240	109	240	実践	衛生	−241 ₃₇ 歳女性。生後 ₆ ケ月の男児あり。母乳哺育中。 ₃ ケ月前に動悸、食欲亢 進、体重減少が現れたため、かかりつけ医を受診したところ、甲状腺機能亢進が疑 われ、精査の結果、バセドウ病と診断された。プロピルチオウラシル錠内服による 治療が開始されたが、投与開始 ₁ ケ月後の検査において、白血球数減少が認められ たため、放射性同位体 I を含む放射性医薬品（ヨウ化ナトリウム（ I）カプセ 131 131 ル）による治療に変更することになった。 問 240（実務） この放射性同位体 I を含む放射性医薬品の服用前後の生活における注意点につ いて、この患者への薬剤師の説明として適切なのはどれか。2つ選べ。	"[""服用 ₁ ～ ₂ 週間前から、海藻類を含む食品などの摂取を増やしてください。"",""服用後も母乳哺育を継続することができます。"",""服用 ₁ ～ ₂ 週間前から、ヨウ素含有うがい液の使用を避けてください。"",""服用後 ₁ 週間は、子供との長時間の接触（添い寝など）は避けるようにしてく ださい。"",""服用後も、洗濯やお風呂は同居の人と区別する必要はありません。""]"	multiChoice	[2,3]	null	normal	false	parsed	"[""none""]"	P109-CASE-240	https://www.mhlw.go.jp/content/001226762.pdf	https://www.mhlw.go.jp/content/001228441.pdf	2024-02-18	MHLW website content under Public Data License 1.0 unless separately indicated; third-party content requires separate review
P109-241	109	241	実践	実務	（衛生） この患者の治療に用いる放射性同位体 131 I を含む放射性医薬品に関する記述のう ち、正しいのはどれか。2つ選べ。ただし、この放射性医薬品に含まれる I の物 理学的半減期は ₈ 日、生物学的半減期は ₈₀ 日とする。	"[""I の壊変方式は b 壊変で、b 線と c 線を放出する。 131 + +"",""I の実効半減期は、₇ . ₃ 日である。"",""この医薬品は、非密封小線源として治療に用いられる。"",""I は体内に吸収されると、甲状腺だけでなく骨にも集積する。"",""脳腫瘍の治療にも用いられる。""]"	multiChoice	[1,2]	null	normal	false	parsed	"[""none""]"	P109-CASE-240	https://www.mhlw.go.jp/content/001226762.pdf	https://www.mhlw.go.jp/content/001228441.pdf	2024-02-18	MHLW website content under Public Data License 1.0 unless separately indicated; third-party content requires separate review
P109-243	109	243	実践	実務	（実務） この検査結果から、薬剤師が学校に報告する内容として適切なのはどれか。2つ 選べ。	"[""臨時検査において一般細菌が検出されていることから、地下の受水槽に汚染さ れた雨水などが流入したおそれがある。"",""塩化物イオン濃度と大腸菌の検査結果から、地下の受水槽がし尿で汚染された おそれがある。"",""定期検査及び臨時検査のいずれにおいても TOC が検出されていることから、 災害の前から高置水槽で藻類による汚染が発生していたと考えられる。"",""定期検査の結果と比較して、臨時検査では pH 値が低下しているため、遊離残 留塩素の消毒効果が減弱したと考えられる。"",""臨時検査において遊離残留塩素が学校環境衛生基準を満たしていないため、飲 料に適さない。""]"	multiChoice	[0,4]	null	normal	false	parsed	"[""none""]"	P109-CASE-242	https://www.mhlw.go.jp/content/001226762.pdf	https://www.mhlw.go.jp/content/001228441.pdf	2024-02-18	MHLW website content under Public Data License 1.0 unless separately indicated; third-party content requires separate review
P109-244	109	244	実践	衛生	−245 夫婦と小学生 ₂ 人の ₄ 人家族。冬休みに、スキー場近くのキャンプ場で 大型テントを張り、その中で炭火を使って鉄板でバーベキューをしていた。また、 テントの入り口付近では、暖房器具の電源として携帯型のガソリンエンジン発電機 を使用していた。しばらくして、通りがかった隣のテントの男性が、昏睡状態で倒 れているこの家族を発見した。 搬送受入先の救急指定病院では、一酸化炭素ガス中毒を疑った救急救命チームの 医師の指示で、血液検査と血液ガス分析が行われた。 問 244（実務） 一酸化炭素ガス中毒の診断に最も有効な検査項目はどれか。1つ選べ。	"[""pH"",""重炭酸イオン"",""動脈血二酸化炭素分圧"",""血清クレアチニン値"",""カルボキシヘモグロビン""]"	singleChoice	4	null	normal	false	parsed	"[""none""]"	P109-CASE-244	https://www.mhlw.go.jp/content/001226762.pdf	https://www.mhlw.go.jp/content/001228441.pdf	2024-02-18	MHLW website content under Public Data License 1.0 unless separately indicated; third-party content requires separate review
P109-245	109	245	実践	実務	（衛生） 前問の検査で診断が確定した。この中毒の原因物質に関する記述として、正しい のはどれか。2つ選べ。	"[""独特の腐敗臭を有する気体で、窒息性の呼吸器障害を引き起こす。"",""無色で、呼吸器に対する刺激性を有する気体である。"",""無色無臭で、空気よりもわずかに軽い可燃性の気体である。"",""赤血球中のヘムと強固に結合して酸素の運搬を阻害する。"",""ヘモグロビンの二価の鉄を酸化し、酸素への結合能力を消失させる。""]"	multiChoice	[2,3]	null	normal	false	parsed	"[""none""]"	P109-CASE-244	https://www.mhlw.go.jp/content/001226762.pdf	https://www.mhlw.go.jp/content/001228441.pdf	2024-02-18	MHLW website content under Public Data License 1.0 unless separately indicated; third-party content requires separate review
P109-246	109	246	実践	薬理	−247 ₆₅ 歳男性。肝腫瘍の精査目的で来院し、CT 検査にて S₂ 区域に ₃₅ mm の 乏血性腫瘍が確認された。入院し、超音波ガイド下で経皮的に生検針を刺し、肝臓 の一部を採取する肝生検を実施することになった。 入院予定 ₂ 週間前の外来受診の際に、以下の薬剤を継続して服用していることを 薬剤師が聴取した。 （処方） クロピドグレル錠 ₇₅ mg ₁ 回 ₁ 錠（ ₁ 日 ₁ 錠） アムロジピン口腔内崩壊錠 ₂ . ₅ mg ₁ 回 ₁ 錠（ ₁ 日 ₁ 錠） ランソプラゾール口腔内崩壊錠 ₃₀ mg ₁ 回 ₁ 錠（ ₁ 日 ₁ 錠） フェノフィブラート錠 ₈₀ mg ₁ 回 ₂ 錠（ ₁ 日 ₂ 錠） グリメピリド錠 ₁ mg ₁ 回 ₁ 錠（ ₁ 日 ₁ 錠） ₁日₁回 朝食後 ₂₈ 日分 問 246（薬理） この患者が継続服用していることが確認された薬物の作用として、正しいのはど れか。2つ選べ。	"[""ジペプチジルペプチダーゼ︲₄（DPP︲₄）を阻害して、グルコースによるインス リン分泌を促進する。"",""ペルオキシソーム増殖剤応答性受容体 a（PPAR a）を刺激して、リポタンパ ク質リパーゼ（LPL）を活性化する。"",""K と競合して、胃の壁細胞の H ，K ︲ATPase を可逆的に阻害することで、 + + + H 分泌を抑制する。 +"",""血小板のセロトニン ₅︲HT2 受容体を遮断して、細胞内 Ca 濃度上昇を抑制す 2+ る。"",""活性代謝物が血小板の ADP P₂Y12 受容体を遮断して、細胞内サイクリック AMP（cAMP）量を増加させる。""]"	multiChoice	[1,4]	null	normal	false	parsed	"[""none""]"	P109-CASE-246	https://www.mhlw.go.jp/content/001226763.pdf	https://www.mhlw.go.jp/content/001228441.pdf	2024-02-18	MHLW website content under Public Data License 1.0 unless separately indicated; third-party content requires separate review
P109-247	109	247	実践	実務	（実務） この患者で肝生検を行うにあたり休薬する薬剤として、適切なのはどれか。2つ 選べ。	"[""クロピドグレル錠"",""アムロジピン口腔内崩壊錠"",""ランソプラゾール口腔内崩壊錠"",""フェノフィブラート錠"",""グリメピリド錠""]"	multiChoice	[0,4]	null	normal	false	parsed	"[""none""]"	P109-CASE-246	https://www.mhlw.go.jp/content/001226763.pdf	https://www.mhlw.go.jp/content/001228441.pdf	2024-02-18	MHLW website content under Public Data License 1.0 unless separately indicated; third-party content requires separate review
P109-248	109	248	実践	薬理	−249 ₆₈ 歳男性。胸痛、咳嗽、発熱により救急外来を受診した。胸部 X 線検査 で肺炎像と胸水貯留が認められ、重症細菌性肺炎が疑われたため入院となり、以下 の処方 ₁ と処方 ₂ で治療を開始することとなった。 （入院時の身体所見及び検査値） 身長 ₁₆₅ cm、体重 ₆₀ kg、体温 ₃₉ . ₅ ℃、呼吸 ₂₅ 回/分 白血球 ₁₈ , ₀₀₀/nL、CRP ₁₈ . ₅ mg/dL、eGFR ₈₀ mL/min/₁ . ₇₃ m 、 SpO2 ₉₂％ （処方 ₁ ） メロペネム点滴静注用 ₁ g 生理食塩液 ₁₀₀ mL ₁日₃回 ₈：₀₀、₁₆：₀₀、₂₄：₀₀ ₃₀ 分かけて静脈内投与 ₃ 日連日 （処方 ₂ ） アセトアミノフェン静注液 ₁₀₀₀ mg/₁₀₀ mL（ ₁ 回 ₅₀₀ mg 使用） ₁日₂回 ₁₀：₀₀、₁₈：₀₀ ₁₅ 分かけて静脈内投与 ₃ 日連日 救急外来担当薬剤師がお薬手帳を確認したところ、てんかんの治療中であり、現 在、バルプロ酸ナトリウム、レベチラセタム、ペランパネルを内服していることが わかった。 問 248（実務） この患者で生じる可能性のある薬物相互作用を踏まえて、薬剤師が医師に変更を 提案する薬物として、最も適切なのはどれか。1つ選べ。	"[""バルプロ酸ナトリウム"",""ペランパネル"",""レベチラセタム"",""メロペネム"",""アセトアミノフェン""]"	singleChoice	3	null	normal	false	parsed	"[""none""]"	P109-CASE-248	https://www.mhlw.go.jp/content/001226763.pdf	https://www.mhlw.go.jp/content/001228441.pdf	2024-02-18	MHLW website content under Public Data License 1.0 unless separately indicated; third-party content requires separate review
P109-249	109	249	実践	実務	（薬理） この患者で薬物相互作用が懸念される抗てんかん薬の作用機序はどれか。2つ選 べ。	"[""炭酸脱水酵素を阻害して、神経細胞の過剰興奮を抑制する。"",""グルタミン酸 AMPA 受容体を遮断して、シナプス後膜の興奮を抑制する。"",""T 型 Ca2+ チャネルを遮断して、シナプス後膜の興奮を抑制する。"",""シナプス小胞タンパク質（SV₂A）と結合して、興奮性神経伝達物質の放出を 抑制する。"",""GABA トランスアミナーゼを阻害して、シナプス間隙における GABA 量を増 加させる。""]"	multiChoice	[2,4]	null	normal	false	parsed	"[""none""]"	P109-CASE-248	https://www.mhlw.go.jp/content/001226763.pdf	https://www.mhlw.go.jp/content/001228441.pdf	2024-02-18	MHLW website content under Public Data License 1.0 unless separately indicated; third-party content requires separate review
P109-250	109	250	実践	薬理	−251 ₅₀ 歳男性。会社員。人事異動で ₁ 年前に本社の営業課長を命じられた。し かし仕事に順応できず、ストレス、不安感及び過食が ₃ ケ月続いた。上司のすすめ もあり心療内科を受診し、うつ病と診断され以下の処方 ₁ で治療中である。 （処方 ₁ ） エスシタロプラム錠 ₂₀ mg ₁ 回 ₁ 錠（ ₁ 日 ₁ 錠） ₁日₁回 夕食後 ₂₈ 日分 内服開始後、特に副作用は現れていないが、十分な効果が認められないため、医 師は処方に新たに薬剤を追加して併用療法を行いたいと考えている。なお、男性は 現在排尿障害を伴う前立腺肥大症で処方 ₂ を内服中である。 （処方 ₂ ） デュタステリドカプセル ₀ . ₅ mg ₁ 回 ₁ カプセル（ ₁ 日 ₁ カプセル） ₁日₁回 朝食後 ₂₈ 日分 問 250（実務） この患者に対して禁忌ではなく、併用療法として用いることができる薬物はどれ か。1つ選べ。	"[""アミトリプチリン"",""アリピプラゾール"",""マプロチリン"",""ミルナシプラン"",""クロミプラミン""]"	singleChoice	1	null	normal	false	parsed	"[""none""]"	P109-CASE-250	https://www.mhlw.go.jp/content/001226763.pdf	https://www.mhlw.go.jp/content/001228441.pdf	2024-02-18	MHLW website content under Public Data License 1.0 unless separately indicated; third-party content requires separate review
P109-251	109	251	実践	実務	（薬理） 前問において禁忌のため用いることができないと判断された薬物は、この患者の 症状を悪化させるおそれがある。その理由はどれか。2つ選べ。	"[""ドパミン D2 受容体が遮断されるため。"",""ムスカリン M3 受容体が遮断されるため。"",""セロトニン ₅︲HT3 受容体が遮断されるため。"",""アドレナリン a1 受容体が刺激されるため。"",""アンドロゲン受容体が刺激されるため。""]"	multiChoice	[1,3]	null	normal	false	parsed	"[""none""]"	P109-CASE-250	https://www.mhlw.go.jp/content/001226763.pdf	https://www.mhlw.go.jp/content/001228441.pdf	2024-02-18	MHLW website content under Public Data License 1.0 unless separately indicated; third-party content requires separate review
P109-252	109	252	実践	薬理	−253 ₇₃ 歳女性。左前頭部が柔らかく腫張しているのを自覚し、かかりつけ医を 受診した。腫瘤性病変を指摘され、精査加療目的で紹介入院となった。CT 検査で 頭蓋及び四肢に骨病変が認められた。骨髄検査の結果、単クローン性の形質細胞が ₃₇ . ₀％であったことから多発性骨髄腫と診断され、以下の DLd（ダラツムマブ、 レナリドミド、デキサメタゾン）療法が開始された。 DLd 療法 ₁ ～ ₂ サイクルのレジメン 投与日 薬剤名・規格 投与方法 Day ₁，₈，₁₅，₂₂ ダラツムマブ（遺伝子組換え） ₁₆ mg/kg 点滴投与 点滴静注 ₁₀₀ mg/₅ mL Day ₁～₂₁ レナリドミドカプセル ₅ mg ₂₅ mg 経口投与 Day ₁，₂，₈，₉， デキサメタゾン錠 ₄ mg ₂₀ mg 経口投与 ₁₅，₁₆，₂₂，₂₃ Day ₂₄～₂₈ 休薬 問 252（実務） 今回の薬物治療における薬剤管理として、適切なのはどれか。2つ選べ。	"[""ダラツムマブの使用にあたっては、製造販売業者が策定した適性流通管理シス テムへの薬剤師の登録が必要である。"",""レナリドミドの使用にあたっては、製造販売業者が策定した適性管理手順に 従って、調剤及び管理上の責任を担う、責任薬剤師の登録が必要である。"",""ダラツムマブを使用する前に、肝炎ウイルス感染の有無を確認する必要があ る。"",""レナリドミドは、服用しやすいように脱カプセルする必要がある。"",""デキサメタゾンは、帳簿への記載が必要である。""]"	multiChoice	[1,2]	null	normal	false	parsed	"[""none""]"	P109-CASE-252	https://www.mhlw.go.jp/content/001226763.pdf	https://www.mhlw.go.jp/content/001228441.pdf	2024-02-18	MHLW website content under Public Data License 1.0 unless separately indicated; third-party content requires separate review
P109-253	109	253	実践	実務	（薬理） 治療開始後、血清カルシウム値が ₁₂ mg/dL を超えたため、薬物を追加すること となった。追加する薬物の作用機序として、適切なのはどれか。2つ選べ。	"[""骨芽細胞の副甲状腺ホルモン受容体を遮断する。"",""副甲状腺細胞のカルシウム受容体を遮断する。"",""破骨細胞のファルネシルピロリン酸合成酵素を阻害する。"",""骨芽細胞の RANKL（NF︲lB 活性化受容体リガンド）の作用を阻害する。"",""小腸上皮細胞のビタミン D 受容体を活性化する。""]"	multiChoice	[2,3]	null	normal	false	parsed	"[""none""]"	P109-CASE-252	https://www.mhlw.go.jp/content/001226763.pdf	https://www.mhlw.go.jp/content/001228441.pdf	2024-02-18	MHLW website content under Public Data License 1.0 unless separately indicated; third-party content requires separate review
P109-254	109	254	実践	薬理	−255 ₇₀ 歳男性。身長 ₁₆₅ cm、体重 ₅₀ kg。 ₁ 年前に心筋梗塞を起こし、心室細 動による心停止で救命救急センターに搬送され、心蘇生術を施し心機能が回復し た。その後、意識消失発作を起こしたため、半年前に埋め込み型除細動器（ICD） （注） と以下の処方で治療を開始した。 （注）体に埋め込んで、致死的な不整脈を自動的に感知し、電気ショックを与えて 心臓の動きを正常にもどす医療機器 （処方） バイアスピリン錠 ₁₀₀ mg ₁ 回 ₁ 錠（ ₁ 日 ₁ 錠） クロピドグレル錠 ₇₅ mg ₁ 回 ₁ 錠（ ₁ 日 ₁ 錠） ビソプロロールフマル酸塩錠 ₂ . ₅ mg ₁ 回 ₁ 錠（ ₁ 日 ₁ 錠） カンデサルタン錠 ₄ mg ₁ 回 ₁ 錠（ ₁ 日 ₁ 錠） ₁日₁回 朝食後 ₂₈ 日分 しかし、その後も ICD が作動することがあり、医師は心室性不整脈予防のため の追加薬を検討している。 問 254（実務） 追加する薬物として、最も適切なのはどれか。1つ選べ。	"[""一硝酸イソソルビド"",""キニジン"",""イソプレナリン"",""アミオダロン"",""ジルチアゼム""]"	singleChoice	3	null	normal	false	parsed	"[""none""]"	P109-CASE-254	https://www.mhlw.go.jp/content/001226763.pdf	https://www.mhlw.go.jp/content/001228441.pdf	2024-02-18	MHLW website content under Public Data License 1.0 unless separately indicated; third-party content requires separate review
P109-255	109	255	実践	実務	（薬理） 前問で追加する薬物が有する作用機序はどれか。2つ選べ。	"[""可溶性グアニル酸シクラーゼを活性化する。"",""アデノシン A1 受容体を刺激する。"",""アセチルコリン M2 受容体を遮断する。"",""L 型 Ca チャネルを遮断する。 2+"",""K チャネルを遮断する。 +""]"	multiChoice	[3,4]	null	normal	false	parsed	"[""none""]"	P109-CASE-254	https://www.mhlw.go.jp/content/001226763.pdf	https://www.mhlw.go.jp/content/001228441.pdf	2024-02-18	MHLW website content under Public Data License 1.0 unless separately indicated; third-party content requires separate review
P109-256	109	256	実践	薬理	−257 ₅₂ 歳女性。₄₀ 歳時に気管支ぜん息と診断された。現在、処方 1 ～ ₅ の薬 剤を服用しており、アドヒアランスは良好であるが、ぜん息発作で頻回に入院して いた。今回、ぜん息発作のコントロール目的で入院となり、処方 ₆ が追加された。 （処方 1 ） アドエア ₅₀₀ ディスカス ₂₈ 吸入用 1個 （注 1） 1 回 1 吸入 1日₂回 朝・夕吸入 （注 1 ） 1 回サルメテロールとして ₅₀ ng 及びフルチカゾンプロピオン酸エス テルとして ₅₀₀ ng （処方 ₂ ） スピリーバ ₂ . ₅ ng レスピマット ₆₀ 吸入 1本 （注 2） 1 回 ₂ 吸入 1日1回 朝吸入 （注 ₂ ） 1 回チオトロピウムとして ₂ . ₅ ng （処方 ₃ ） テオフィリン徐放錠 ₂₀₀ mg 1 回 1 錠（ 1 日 ₂ 錠） 1日₂回 朝食後及び就寝前 （処方 ₄ ） モンテルカスト口腔内崩壊錠 1₀ mg 1 回 1 錠（ 1 日 1 錠） 1日1回 就寝前 （処方 ₅ ） プロカテロール塩酸塩水和物エアゾール 1₀ ng 1本 1 回 ₂ 吸入 ぜん息発作時 （処方 ₆ ） オマリズマブ（遺伝子組換え）皮下注 1₅₀ mg シリンジ ₃本 1 回 ₄₅₀ mg 11：₀₀ に皮下投与 問 256（実務） 薬剤師が処方 ₆ の薬剤の投与量を監査するために確認すべき患者情報はどれか。 2つ選べ。	"[""体表面積"",""体重"",""投与前血清中総 IgE 濃度"",""投与前血清中 IL︲₅ 濃度"",""投与前血中好酸球数""]"	multiChoice	[1,2]	null	normal	false	parsed	"[""none""]"	P109-CASE-256	https://www.mhlw.go.jp/content/001226763.pdf	https://www.mhlw.go.jp/content/001228441.pdf	2024-02-18	MHLW website content under Public Data License 1.0 unless separately indicated; third-party content requires separate review
P109-257	109	257	実践	実務	（薬理） 処方 ₁ ～ ₆ のいずれかの薬物の作用機序として、正しいのはどれか。2つ選べ。	"[""トロンボキサン合成酵素を阻害することで、気管支平滑筋の収縮を抑制する。"",""アデノシン A1 受容体を遮断して、気管支平滑筋の収縮を抑制する。"",""₂ 型ヘルパー T 細胞（Th₂ 細胞）における IL︲₅ の産生を抑制することで、肺 への好酸球浸潤を抑制する。"",""IgE に結合して、IgE が肥満細胞膜上の IgE 受容体に結合するのを阻害するこ とで、炎症性メディエーターの産生を抑制する。"",""IL︲₅ に結合して、IL︲₅ が好酸球の細胞膜上の IL︲₅ 受容体に結合するのを阻害 することで、血中の好酸球数を減少させる。""]"	multiChoice	[1,3]	null	normal	false	parsed	"[""none""]"	P109-CASE-256	https://www.mhlw.go.jp/content/001226763.pdf	https://www.mhlw.go.jp/content/001228441.pdf	2024-02-18	MHLW website content under Public Data License 1.0 unless separately indicated; third-party content requires separate review
P109-258	109	258	実践	薬理	−259 ₂₅ 歳女性。身長 ₁₅₃ cm、体重 ₄₀ kg。₁₉ 歳のときにクローン病と診断さ れ、メサラジンとアザチオプリンによる併用療法を実施していたが、効果不十分の ため ₁ 年前よりアダリムマブ（遺伝子組換え）皮下注が追加となった。 ₂ 週間前より、発熱、腹痛及び下痢があり検査目的で入院となった。内視鏡検査 の結果、症状が悪化していることが分かり、アダリムマブが以下の処方 ₁ に変更さ れるとともに、処方 ₂ が追加された。 （処方 ₁ ） ウステキヌマブ（遺伝子組換え）₁₃₀ mg ₁日₁回 ₂ バイアル 生理食塩液 ₂₅₀ mL 点滴静注 ₁ 回分 （処方 ₂ ） エレンタール配合内用剤※ ₈₀ g ₁ 回 ₁ 袋（ ₁ 日 ₃ 袋）朝昼夕 ₇ 日分 ※成分栄養剤 問 258（実務） この患者に対する服薬指導の内容として、適切なのはどれか。2つ選べ。	"[""メサラジンと処方 ₁ の薬剤との相互作用による重篤な副作用がないこと。"",""処方 ₁ の薬剤への変更後は、妊娠を気にしなくてよいこと。"",""処方 ₁ の薬剤はアダリムマブとは異なり、感染症のリスクがないこと。"",""処方 ₂ の薬剤は腸への負担が少ないこと。"",""処方 ₂ の薬剤を水や微温湯に溶解後、時間をかけずにすばやく飲み干すこと。""]"	multiChoice	[0,3]	null	normal	false	parsed	"[""none""]"	P109-CASE-258	https://www.mhlw.go.jp/content/001226763.pdf	https://www.mhlw.go.jp/content/001228441.pdf	2024-02-18	MHLW website content under Public Data License 1.0 unless separately indicated; third-party content requires separate review
P109-259	109	259	実践	実務	（薬理） クローン病の症状寛解を目的とした薬物の作用機序のうち、今回までに処方され てきたのとは異なるのはどれか。2つ選べ。	"[""リンパ球表面に発現する a4 b7 インテグリンに結合することで、リンパ球の腸 管粘膜への浸潤を阻害する。"",""可溶性及び膜結合型 TNF︲a に特異的に結合することで、TNF︲a の受容体へ の結合を阻害する。"",""IL︲₁₂ 及び IL︲₂₃ の p₄₀ サブユニットに結合することで、ヘルパー T 細胞の活 性化を抑制する。"",""生体内でチオイノシン酸となり、イノシン酸と拮抗してプリンヌクレオチドの 生合成を阻害する。"",""細胞内でグルココルチコイド受容体に結合し、核内移行して遺伝子転写を調節 することで、抗炎症作用を示す。""]"	multiChoice	[0,4]	null	normal	false	parsed	"[""none""]"	P109-CASE-258	https://www.mhlw.go.jp/content/001226763.pdf	https://www.mhlw.go.jp/content/001228441.pdf	2024-02-18	MHLW website content under Public Data License 1.0 unless separately indicated; third-party content requires separate review
P109-260	109	260	実践	薬理	−261 ₅₈ 歳男性。身長 ₁₆₅ cm、体重 ₈₅ kg。 ₂ 年前より ₂ 型糖尿病と診断され、 以下の内服治療を行ってきた。 （処方 ₁ ） シタグリプチンリン酸塩錠 ₁₀₀ mg ₁ 回 ₁ 錠（ ₁ 日 ₁ 錠） ₁日₁回 朝食後 ₂₈ 日分 （処方 ₂ ） ダパグリフロジンプロピレングリコール水和物錠 ₁₀ mg ₁ 回 ₁ 錠（ ₁ 日 ₁ 錠） ₁日₁回 朝食後 ₂₈ 日分 （処方 ₃ ） メトホルミン塩酸塩錠 ₅₀₀ mg ₁ 回 ₁ 錠（ ₁ 日 ₃ 錠） ₁日₃回 朝昼夕食後 ₂₈ 日分 今回患者がかかりつけ薬局に処方箋を持参した際、薬局薬剤師は、処方 ₁ ～処方 ₃ が処方 ₂ ～処方 ₄ に変更されていることを確認した。 （処方 ₄ ） セマグルチド（遺伝子組換え）皮下注 ₂ mg ₁ キット 週に ₁ 回 ₀ . ₂₅ mg 皮下注射 薬局薬剤師が患者に確認したところ、患者からは「医師から血糖コントロールが 不十分と言われた。低血糖の症状はない。ただどうしても食事の量を減らすことが できない。体重がまた少し増えた。」との情報が得られた。 問 260（実務） 薬局薬剤師から患者への服薬指導として、適切なのはどれか。2つ選べ。	"[""処方 ₄ のお薬は処方 ₁ のお薬を週 ₁ 回にした注射薬です。"",""処方 ₁ のお薬から処方 ₄ のお薬に変更しても、低血糖には十分に注意してくだ さい。"",""処方 ₄ のお薬は処方 ₂ のお薬と同じように、利尿作用があるので脱水に注意し てください。"",""処方 ₄ のお薬は注射の前後で血糖自己測定を忘れずに行ってください。"",""処方 ₄ のお薬は週 ₁ 回同じ曜日に注射してください。""]"	multiChoice	[1,4]	null	normal	false	parsed	"[""none""]"	P109-CASE-260	https://www.mhlw.go.jp/content/001226763.pdf	https://www.mhlw.go.jp/content/001228441.pdf	2024-02-18	MHLW website content under Public Data License 1.0 unless separately indicated; third-party content requires separate review
P109-261	109	261	実践	実務	（薬理） 処方 ₁ ～ ₄ のいずれかの薬物の作用機序として、正しいのはどれか。2つ選べ。	"[""a︲グルコシダーゼを阻害して、小腸からのグルコース吸収を抑制する。"",""尿細管からのグルコース再吸収を抑制して、グルコース排泄を増加させる。"",""AMP 活性化プロテインキナーゼ（AMPK）を阻害して、肝臓での糖新生を抑 制する。"",""グルカゴン様ペプチド︲₁（GLP︲₁）受容体を刺激して、グルコースによるイン スリン分泌を促進する。"",""アルドース還元酵素を阻害して、神経細胞内のソルビトール蓄積を抑制する。""]"	multiChoice	[1,3]	null	normal	false	parsed	"[""none""]"	P109-CASE-260	https://www.mhlw.go.jp/content/001226763.pdf	https://www.mhlw.go.jp/content/001228441.pdf	2024-02-18	MHLW website content under Public Data License 1.0 unless separately indicated; third-party content requires separate review
P109-262	109	262	実践	薬理	−263 ₇₀ 歳男性。糖尿病と心不全で治療中。 ₃ 年前に眼圧の上昇が指摘され、原 発開放隅角緑内障との診断を受け、処方 ₁ による治療を開始した。なお、同時に白 内障の診断も受けている。点眼液による治療開始後、目の周囲が黒ずむなど眼瞼色 素沈着が観察されるようになったため、処方 ₁ から処方 ₂ へ変更になった。その 後、眼圧低下が不十分と診断され、現在は処方 ₂ に加えて処方 ₃ が追加となってい る。 （臨床検査値） HbA₁c ₈ . ₀％、BUN ₂₀ mg/dL、血清クレアチニン ₁ . ₂ mg/dL、 尿中ケトン体（+）、血清浸透圧 ₂₉₅ mOsm/L （処方 ₁ ） ラタノプロスト点眼液 ₀ . ₀₀₅％（₂ . ₅ mL/本） ₁ 本 ₁日₁回 朝 両眼に点眼 （処方 ₂ ） オミデネパグ イソプロピル点眼液 ₀ . ₀₀₂％（₂ . ₅ mL/本） ₁ 本 ₁日₁回 朝 両眼に点眼 （処方 ₃ ） ブリンゾラミド懸濁性点眼液 ₁ . ₀％（ ₅ mL/本） ₁ 本 ₁日₂回 朝夕 両眼に点眼 問 262（実務） 点眼液使用に関して、薬剤師がこの患者に指導する内容として、適切なのはどれ か。1つ選べ。	"[""処方 ₂ と処方 ₃ の薬剤については、朝の点眼時、時間をおかずに連続して点眼 すること。"",""処方 ₃ の薬剤は懸濁性点眼液なので、朝の点眼時には、処方 ₃ の薬剤を最初に 使用すること。"",""処方 ₂ の薬剤は水分の排出を促すので、いつもより水分を多めに摂取すること。"",""処方 ₂ の薬剤は保存剤が含まれているので、毎回よく振って使用すること。"",""処方 ₃ の薬剤は点眼後、全身作用を起こすことがあるので、過敏性の兆候に注 意すること。""]"	singleChoice	4	null	normal	false	parsed	"[""none""]"	P109-CASE-262	https://www.mhlw.go.jp/content/001226763.pdf	https://www.mhlw.go.jp/content/001228441.pdf	2024-02-18	MHLW website content under Public Data License 1.0 unless separately indicated; third-party content requires separate review
P109-263	109	263	実践	実務	（薬理） しばらくして白内障の手術（眼内レンズ挿入術）のため入院となり、処方 ₂ が中 止となった。処方 ₂ に替えて、新たに異なる作用機序の薬物を追加することになっ た。追加する薬物の作用機序として、適切なのはどれか。2つ選べ。	"[""アドレナリン a2 受容体を刺激して、毛様体における房水産生を抑制するとと もに、ぶどう膜強膜流出経路からの房水流出を促進する。"",""アドレナリン b1 受容体を遮断して、毛様体における房水産生を抑制する。"",""炭酸脱水素酵素を阻害して、毛様体における房水産生を抑制する。"",""Rho キナーゼを阻害して、線維柱帯︲シュレム管経路からの房水流出を促進す る。"",""プロスタノイド EP₂ 受容体を刺激して、線維柱帯︲シュレム管経路及びぶどう 膜強膜流出経路からの房水流出を促進する。""]"	multiChoice	[0,3]	null	normal	false	parsed	"[""none""]"	P109-CASE-262	https://www.mhlw.go.jp/content/001226763.pdf	https://www.mhlw.go.jp/content/001228441.pdf	2024-02-18	MHLW website content under Public Data License 1.0 unless separately indicated; third-party content requires separate review
P109-264	109	264	実践	薬理	−267 ₃₉ 歳、閉経前女性。身長 ₁₅₅ cm、体重 ₄₃ kg、体表面積 ₁ . ₃₈ m 。右乳房 に腫瘤を触知し、乳腺外科を受診、針生検の結果、T₁N₁M₀ の StageⅡA の右乳 がんと診断され、入院した。右乳房部分切除術、センチネルリンパ節生検及び腋窩 リンパ節郭清を実施した。術後の検査所見は以下のとおりであった。 （検査所見） リンパ節転移 ₆ 個、エストロゲン受容体（ER）陽性、 プロゲステロン受容体（PgR）陽性、 HER₂（ヒト上皮増殖因子受容体 ₂ 型）陰性、AST ₂₀ IU/L、ALT ₁₇ IU/L、 血清クレアチニン ₀ . ₈₈ mg/dL、BUN ₁₈ mg/dL、白血球 ₅ , ₆₀₀/nL、 赤血球 ₃₆₈ # ₁₀4/nL、Hb ₁₁ . ₂ g/dL、血小板 ₂₈ # ₁₀4/nL、好中球 ₄ , ₅₀₀/nL 今回この患者に以下の術後薬物療法を施行することとなった。 （処方 ₁ ） Ａ 錠 ₂₀ mg ₁ 回 ₁ 錠（ ₁ 日 ₁ 錠） ₁日₁回 朝食後 ₁₄ 日分 （処方 ₂ ） リュープロレリン酢酸塩注射用キット ₃ . ₇₅ mg ₁ キット ₁ 回 ₃ . ₇₅ mg ₄ 週間ごとに ₁ 回皮下注射 問 264（実務） この患者の術後薬物療法に用いられる薬物Ａとして、適切なのはどれか。1つ選 べ。	"[""アナストロゾール"",""エキセメスタン"",""エンザルタミド"",""タモキシフェン"",""ラパチニブ""]"	singleChoice	3	null	normal	false	parsed	"[""none""]"	P109-CASE-264	https://www.mhlw.go.jp/content/001226763.pdf	https://www.mhlw.go.jp/content/001228441.pdf	2024-02-18	MHLW website content under Public Data License 1.0 unless separately indicated; third-party content requires separate review
P109-265	109	265	実践	実務	（薬理） 処方 ₁ 又は処方 ₂ の薬物の抗がん作用の機序として、正しいのはどれか。2つ選 べ。	"[""視床下部の ER を刺激して、GnRH（性腺刺激ホルモン放出ホルモン）の分泌 を抑制する。"",""下垂体の GnRH 受容体のダウンレギュレーションを起こすことで、ゴナドトロ ピンの分泌を抑制する。"",""脂肪組織において、アロマターゼを阻害して、エストロゲンの生成を抑制する。"",""乳がん組織の ER において、エストロゲンに拮抗する。"",""HER₂ に結合して、乳がん細胞の増殖を抑制する。""]"	multiChoice	[1,3]	null	normal	false	parsed	"[""none""]"	P109-CASE-264	https://www.mhlw.go.jp/content/001226763.pdf	https://www.mhlw.go.jp/content/001228441.pdf	2024-02-18	MHLW website content under Public Data License 1.0 unless separately indicated; third-party content requires separate review
P109-266	109	266	実践	薬剤	（実務） この患者への薬物治療に関して、病棟の症例検討カンファレンスに参加している 研修医向けに発表して欲しいと病棟担当薬剤師へ依頼があった。カンファレンスに おける薬剤師の発表内容として、適切なのはどれか。2つ選べ。	"[""処方 ₁ の薬剤の服用により子宮体がん（子宮内膜がん）のリスクが高まること があり、本剤投与中及び投与終了後の患者は定期的に検査を行うことが望ましい。"",""処方 ₂ の薬剤の投与により、うつ状態が現れることがあり、症状悪化時には SSRI 等の抗うつ薬の追加処方を検討する。"",""処方 ₂ の薬剤の投与により、骨疼痛の一過性増悪がみられることがあり、この ような症状が現れた場合には、ビスホスホネート製剤の投与を行う。"",""今回の薬物治療に際して患者が妊娠していないことを確認し、また治療期間中 は低用量経口避妊薬による避妊法を用いる。"",""今回の薬物治療により骨密度の低下がみられることがあるので、長期にわたり 投与する場合は骨密度の検査を実施する。""]"	multiChoice	[0,4]	null	normal	false	parsed	"[""none""]"	P109-CASE-266	https://www.mhlw.go.jp/content/001226763.pdf	https://www.mhlw.go.jp/content/001228441.pdf	2024-02-18	MHLW website content under Public Data License 1.0 unless separately indicated; third-party content requires separate review
P109-267	109	267	実践	実務	（薬剤） 処方 ₂ の製剤に関する記述として、正しいのはどれか。2つ選べ。	"[""乳酸・グリコール酸共重合体が使用されている。"",""高分子で薬物結晶をコーティングしている。"",""マトリックスを形成している高分子が分解することにより薬物を放出する。"",""自己乳化型マイクロエマルション製剤である。"",""粉末部の薬剤を液体部の溶液で溶解して使用する製剤である。""]"	multiChoice	[0,2]	null	normal	false	parsed	"[""none""]"	P109-CASE-266	https://www.mhlw.go.jp/content/001226763.pdf	https://www.mhlw.go.jp/content/001228441.pdf	2024-02-18	MHLW website content under Public Data License 1.0 unless separately indicated; third-party content requires separate review
P109-269	109	269	実践	実務	（実務） 妻は、夫の低血糖症状の発現時の対応について、医師からの説明は受けたもの の、不安に感じているようであった。処方 ₂ の薬剤の使用及び低血糖への対応に関 する妻への説明として、適切なのはどれか。2つ選べ。	"[""この点鼻剤を使用すると ₁₀～₁₅ 分程度で低血糖状態からの回復が期待できま す。"",""低血糖状態となっても、本人の自覚がないことがありますので、疑わしい症状 があれば、意識があるうちに補食や糖分を含む飲料を摂取させてください。"",""意識がない状況では、この点鼻剤を使用しないでください。"",""低血糖の際にすぐに使用できるよう、自宅では薬剤の防湿外装フィルムをあら かじめ剥がしておいてください。"",""意識が回復した場合は、仰臥位でブドウ糖などの糖分を摂取させてください。""]"	multiChoice	[0,1]	null	normal	false	parsed	"[""none""]"	P109-CASE-268	https://www.mhlw.go.jp/content/001226763.pdf	https://www.mhlw.go.jp/content/001228441.pdf	2024-02-18	MHLW website content under Public Data License 1.0 unless separately indicated; third-party content requires separate review
P109-271	109	271	実践	実務	（薬剤） 点滴投与から ₉ 日後、平熱に戻り、呼吸状態も改善されたため退院が決定し、点 滴静注からボリコナゾール錠 ₁₅₀ mg を ₁ 回 ₁ 錠、 ₁ 日 ₂ 回の内用剤に切り換える ことになった。定常状態に到達後の血中濃度を測定したところ、ボリコナゾールの 平均血中濃度は ₄ ng/mL であった。 臨床試験の結果から、ボリコナゾールの体内からの消失はミカエリス・メンテン 式 に 従 う こ と、 最 大 消 失 速 度 は ボ リ コ ナ ゾ ー ル の 主 な 代 謝 酵 素 の extensive metabolizer（EM）では ₃₅ mg/h であること、ミカエリス定数は遺伝子多型の影 響を受けず ₄ mg/L であることが示されている。この患者の最大消失速度は EM の 何倍か。最も近い値を1つ選べ。ただし、ボリコナゾールの経口投与後のバイオア ベイラビリティは ₁₀₀％とする。	"[""₀.₂"",""₀.₄"",""₀.₇"",""₀.₉"",""₁.₄""]"	singleChoice	2	null	normal	false	parsed	"[""none""]"	P109-CASE-270	https://www.mhlw.go.jp/content/001226763.pdf	https://www.mhlw.go.jp/content/001228441.pdf	2024-02-18	MHLW website content under Public Data License 1.0 unless separately indicated; third-party content requires separate review
P109-272	109	272	実践	薬剤	−273 ₅₃ 歳男性。以前から、Ａ病院内科で高血圧症、脂質異常症、糖尿病、胃潰 瘍、腰痛症に対して治療を受けており、症状は安定していた。最近、仕事のストレ スのためか気分が落ち込むことが多く、食欲不振、不眠などが続くため、Ｂ心療内 科を受診した。うつ病と診断され、処方箋を持って、かかりつけの薬局を訪れた。 （処方） フルボキサミンマレイン酸塩錠 ₂₅ mg ₁ 回 ₁ 錠（ ₁ 日 ₂ 錠） ₁日₂回 朝夕食後 ₁₄ 日分 （薬歴に記載されていたＡ病院内科での処方内容） ニフェジピン徐放錠 ₂₀ mg ₁ 回 ₁ 錠（ ₁ 日 ₁ 錠） ₁日₁回 朝食後 ₁₄ 日分 シンバスタチン錠 ₅ mg ₁ 回 ₁ 錠（ ₁ 日 ₁ 錠） ₁日₁回 夕食後 ₁₄ 日分 メトホルミン塩酸塩錠 ₅₀₀ mg ₁ 回 ₁ 錠（ ₁ 日 ₂ 錠） ファモチジン口腔内崩壊錠 ₂₀ mg ₁ 回 ₁ 錠（ ₁ 日 ₂ 錠） ₁日₂回 朝夕食後 ₁₄ 日分 チザニジン錠 ₁ mg ₁ 回 ₁ 錠（ ₁ 日 ₃ 錠） ₁日₃回 朝昼夕食後 ₁₄ 日分 問 272（実務） かかりつけ薬剤師が処方監査した際、心療内科と内科の処方薬剤の中に併用禁忌 の組合せがあるため、疑義照会を行うこととなった。その疑義照会の原因となる薬 剤はどれか。1つ選べ。	"[""ニフェジピン徐放錠"",""シンバスタチン錠"",""メトホルミン塩酸塩錠"",""ファモチジン口腔内崩壊錠"",""チザニジン錠""]"	singleChoice	4	null	normal	false	parsed	"[""none""]"	P109-CASE-272	https://www.mhlw.go.jp/content/001226763.pdf	https://www.mhlw.go.jp/content/001228441.pdf	2024-02-18	MHLW website content under Public Data License 1.0 unless separately indicated; third-party content requires separate review
P109-273	109	273	実践	実務	（薬剤） 前問の薬剤を選択した理由に最も深く関係する機序はどれか。1つ選べ。	"[""胃内 pH の上昇"",""小腸 CYP₃A₄ 発現量の増加"",""小腸 P︲糖タンパク質発現量の増加"",""肝 CYP₁A₂ の阻害"",""肝 CYP₃A₄ の阻害""]"	singleChoice	3	null	normal	false	parsed	"[""none""]"	P109-CASE-272	https://www.mhlw.go.jp/content/001226763.pdf	https://www.mhlw.go.jp/content/001228441.pdf	2024-02-18	MHLW website content under Public Data License 1.0 unless separately indicated; third-party content requires separate review
P109-274	109	274	実践	薬剤	−275 ₃₄ 歳既婚女性。高血圧症、逆流性食道炎治療中。かかりつけ薬局の薬剤師 がいつもの薬をお渡しする際に副作用の発現状況などを確認していると、患者は半 年前に結婚し、そろそろ子供が欲しいと思うようになったとのことであったが、患 者背景については、薬歴が更新されていなかった。 （処方 ₁ ）病院循環器内科 エナラプリルマレイン酸塩錠 ₁₀ mg ₁ 回 ₁ 錠（ ₁ 日 ₁ 錠） ランソプラゾール口腔内崩壊錠 ₁₅ mg ₁ 回 ₁ 錠（ ₁ 日 ₁ 錠） ₁日₁回 朝食後 ₂₈ 日分 センノシド錠 ₁₂ mg ₁回₂錠 便秘時 夜に服用 問 274（薬剤） 処方薬に関する記述のうち、誤っているのはどれか。1つ選べ。	"[""エナラプリルは、消化管吸収の改善を目的としたプロドラッグである。"",""エナラプリルは、エステル部分の加水分解により代謝活性化される。"",""ランソプラゾールは、主に CYP₂C₁₉ 又は CYP₃A₄ で代謝される。"",""ランソプラゾールは、苦味の軽減を目的としたプロドラッグである。"",""センノシドは、腸内細菌による代謝物が腸の蠕動運動を促進する。""]"	singleChoice	3	null	normal	false	parsed	"[""none""]"	P109-CASE-274	https://www.mhlw.go.jp/content/001226763.pdf	https://www.mhlw.go.jp/content/001228441.pdf	2024-02-18	MHLW website content under Public Data License 1.0 unless separately indicated; third-party content requires separate review
P109-275	109	275	実践	実務	（実務） 今後の薬物療法にあたり、妊娠の可能性があるこの患者に説明しておく情報はど れか。2つ選べ。	"[""血圧コントロールのため、生活習慣や食習慣に気をつける。"",""現在服用中の血圧の薬は妊娠中でも服用可能である。"",""妊娠がわかったら、すぐに連絡してもらう。"",""逆流性食道炎の治療薬を市販の六君子湯などの漢方薬に変更する。"",""下剤は、一般用医薬品であれば、妊娠中でも服用可能である。""]"	multiChoice	[0,2]	null	normal	false	parsed	"[""none""]"	P109-CASE-274	https://www.mhlw.go.jp/content/001226763.pdf	https://www.mhlw.go.jp/content/001228441.pdf	2024-02-18	MHLW website content under Public Data License 1.0 unless separately indicated; third-party content requires separate review
P109-276	109	276	実践	薬剤	−277 ₇₅ 歳男性。身長 ₁₆₄ cm、体重 ₅₂ kg。胃全摘出術後 ₃ 日目の消化器外科入 院中に、₃₈ . ₃ ℃の発熱が認められ、咳、痰と呼吸困難を訴えた。胸部 X 線検査で 右下肺野に浸潤影を認め、喀痰培養検査により MRSA が検出されたため、以下の 処方により治療を開始することとなった。 （身体所見及び検査値） 血圧 ₁₀₁/₆₀ mmHg、白血球 ₁₁ , ₀₀₀/nL、CRP ₆ . ₇ mg/dL、AST ₂₂ IU/L、 ALT ₁₉ IU/L、血清クレアチニン ₀ . ₇₉ mg/dL、eGFR ₇₂ . ₇ mL/min/₁ . ₇₃ m 、 CCr ₅₉ mL/min、BUN ₁₈ . ₂ mg/dL （処方） バンコマイシン塩酸塩点滴静注用 ₀ . ₅ g/バイアル ₁回₂本 生理食塩液 ₁₀₀ mL ₁回₁本 ₁日₂回 ₈：₀₀、₂₀：₀₀ 点滴静注 問 276（実務） 消化器外科担当の看護師から感染制御部の薬剤師に、この処方薬剤に関する情報 の提供依頼があった。薬剤師が看護師に情報提供する内容として、適切なのはどれ か。2つ選べ。	"[""処方薬剤の投与により血圧が上昇しやすいので、定期的に血圧を確認すること。"",""処方薬剤は塩化物イオン濃度が低くなると活性が低下するため、ブドウ糖液と の混和は避けること。"",""腎機能が低下しているため、処方薬剤の用量調節をすること。"",""第 ₈ 脳神経障害が発現することがあるため、耳鳴、聴力低下がないか確認する こと。"",""レッドネック症候群の発現を防ぐために、₆₀ 分以上かけて点滴静注すること。""]"	multiChoice	[3,4]	null	normal	false	parsed	"[""none""]"	P109-CASE-276	https://www.mhlw.go.jp/content/001226763.pdf	https://www.mhlw.go.jp/content/001228441.pdf	2024-02-18	MHLW website content under Public Data License 1.0 unless separately indicated; third-party content requires separate review
P109-277	109	277	実践	実務	（薬剤） この患者におけるバンコマイシンの分布容積は ₆₂ . ₅ L、クリアランスは ₃ . ₆ L/h と見積もられている。 ₂ 回目投与直前のバンコマイシンの血中濃度と定常状態にお けるトラフ値の組合せとして適切なのはどれか。1つ選べ。 ただし、投与量の計算において、投与に要する時間は投与間隔に対して無視でき るほど短いものとし、投与中における体内からのバンコマイシンの消失は無視でき るものとする。 ₂ 回目投与直前のバンコマ 定常状態におけるトラフ値 イシン血中濃度（ng/mL） （ng/mL）	"[""₄ ₈"",""₄ ₁₂"",""₈ ₁₆"",""₈ ₂₀"",""₁₂ ₂₀"",""₁₂ ₄₀""]"	singleChoice	2	null	normal	false	parsed	"[""none""]"	P109-CASE-276	https://www.mhlw.go.jp/content/001226763.pdf	https://www.mhlw.go.jp/content/001228441.pdf	2024-02-18	MHLW website content under Public Data License 1.0 unless separately indicated; third-party content requires separate review
P109-278	109	278	実践	薬剤	−279 ₁ 歳 ₆ ケ月女児。体重 ₁₀ kg。昼過ぎから発熱（₃₈ ℃）のため、一般用医 薬品の解熱剤を服用させていたが、夜間、急速に熱が上がり、同時に ₁₅～₂₀ 分続 く痙れんが起こったため、夜間対応している近所の小児科を受診し、処置により症 状は安定した。翌日、小児科を再受診し、父親が以下の処方箋（処方 ₁ 及び ₂ ）を 持って薬局を訪れた。 薬剤師が父親と面談したところ、患児は、 ₈ ケ月前にも発熱後に痙れんを起こ し、今回と同じ小児科を受診したが、坐剤を ₂ 種類処方されたのは初めてとのこと であった。 （処方 ₁ ） ジアゼパム坐剤（注） ₄ mg ₁回₁個 発熱時 ₅ 回分（全 ₅ 個） 同時使用の場合はこちらを先に使用 （処方 ₂ ） アセトアミノフェン坐剤 ₁₀₀ mg ₁回₁個 （注） 発熱時 ₅ 回分（全 ₅ 個） （注）ジアゼパム坐剤の基剤：マクロゴール アセトアミノフェン坐剤の基剤：ハードファット 問 278（実務） 薬剤師が患児の父親に、坐剤の使用方法について説明した。その内容として誤っ ているのはどれか。1つ選べ。	"[""坐剤を挿入した後は、 ₄ ～ ₅ 秒程度押さえてください。"",""坐剤を併用する場合、処方 ₁ 、 ₂ の順に間をあけずに挿入してください。"",""できるだけ排便後に挿入してください。"",""挿入しにくい場合には、水で少し濡らしてから挿入してください。"",""挿入後 ₂ ～ ₃ 分間は、できる限りそのままの姿勢でいさせてください。""]"	singleChoice	1	null	normal	false	parsed	"[""none""]"	P109-CASE-278	https://www.mhlw.go.jp/content/001226763.pdf	https://www.mhlw.go.jp/content/001228441.pdf	2024-02-18	MHLW website content under Public Data License 1.0 unless separately indicated; third-party content requires separate review
P109-279	109	279	実践	実務	（薬剤） 処方 ₁ 及び ₂ の坐剤に関する記述のうち、正しいのはどれか。2つ選べ。	"[""処方 ₁ の基剤は、マクロゴール ₄₀₀ とマクロゴール ₄₀₀₀ を ₁：₁ で混合したも のである。"",""処方 ₁ の基剤は、直腸内で体温により溶融して薬物を放出する。"",""処方 ₂ の基剤は、モノ、ジ、トリグリセリドの混合物である。"",""処方 ₂ の基剤は、直腸内の水分で溶解して薬物を放出する。"",""いずれの坐剤も薬物の肝初回通過効果を回避できる。""]"	multiChoice	[2,4]	null	normal	false	parsed	"[""none""]"	P109-CASE-278	https://www.mhlw.go.jp/content/001226763.pdf	https://www.mhlw.go.jp/content/001228441.pdf	2024-02-18	MHLW website content under Public Data License 1.0 unless separately indicated; third-party content requires separate review
P109-280	109	280	実践	薬剤	−281 ₆ 歳男児。てんかん小発作の治療のため、以前からバルプロ酸 Na シロッ プ ₅ ％を服用している。進学に伴い、薬局薬剤師に服用回数を減らすことができな いかとの相談があった。この男児は、 ₂ ケ月前に上気道炎にて受診時に、錠剤が処 方されたが服用できなかったため、散剤に変更となったと薬歴に記載されていた。 そこで、セレニカ R 顆粒 ₄₀％ の処方への変更を主治医に提案することになっ （注） た。 （注）セレニカ R 顆粒 ₄₀％： ₁ g 中バルプロ酸ナトリウムを ₄₀₀ mg 含有する徐放 性顆粒 （処方） バルプロ酸 Na シロップ ₅ ％ ₁ 回 ₄ mL（ ₁ 日 ₁₂ mL） ₁日₃回 朝昼夕食後 ₃₀ 日分 問 280（実務） バルプロ酸 Na シロップ剤から、セレニカ R 顆粒への処方変更への提案内容とし て、適切なのはどれか。1つ選べ。なお、分量は製剤量とする。	"[""₁ 回 ₀.₆ g ₁日₂回 朝夕食後"",""₁ 回 ₀ . ₇₅ g ₁日₂回 朝夕食後"",""₁ 回 ₁.₅ g ₁日₁回 朝食後"",""₁ 回 ₃.₀ g ₁日₁回 朝食後"",""₁ 回 ₆.₀ g ₁日₁回 夕食後""]"	singleChoice	2	null	normal	false	parsed	"[""none""]"	P109-CASE-280	https://www.mhlw.go.jp/content/001226763.pdf	https://www.mhlw.go.jp/content/001228441.pdf	2024-02-18	MHLW website content under Public Data License 1.0 unless separately indicated; third-party content requires separate review
P109-281	109	281	実践	実務	（薬剤） 提案された製剤は、以下の添加剤を含み、図のような構造をしている。この製剤 に関する記述のうち、正しいのはどれか。2つ選べ。 添加剤：ステアリン酸カルシウム、ヒドロキシプロピルセルロース、カルボキシビ ニルポリマー、エチルセルロース ゲル基剤 バルプロ酸ナトリウム（ ）を含む内核 水不溶性フィルム	"[""水不溶性フィルムとしてヒドロキシプロピルセルロースが用いられている。"",""消化液によって膨潤するゲル基剤としてエチルセルロースが用いられている。"",""製剤内部の薬物が飽和濃度で、シンク条件が保たれる間は、薬物が一定速度で 放出される。"",""製剤からの累積薬物放出量の時間推移は、Higuchi 式に従う。"",""薬物を放出した後の残渣が便中に排出される。""]"	multiChoice	[2,4]	null	normal	false	parsed	"[""none""]"	P109-CASE-280	https://www.mhlw.go.jp/content/001226763.pdf	https://www.mhlw.go.jp/content/001228441.pdf	2024-02-18	MHLW website content under Public Data License 1.0 unless separately indicated; third-party content requires separate review
P109-282	109	282	実践	薬剤	−283 ₆ 歳女児。体重 ₂₀ kg。 ₅ 日前より咳嗽の症状があり、夜間に ₃₇ . ₅ ℃程度 の微熱が続いていた。市販の解熱剤と咳止め用シロップ剤などを服用させて様子を 見ていたが、 ₃ 日前から夜になると咳が止まらなくなり、本日、₃₈ . ₀ ℃まで熱が 上がったため、近医を受診した。診察及び検査の結果、以下の薬剤が処方され、患 児の母親が処方箋を持って薬局を訪れた。 （処方 ₁ ） アジスロマイシン細粒 ₁₀％ ₁ 回 ₂ . ₀ g（ ₁ 日 ₂ . ₀ g） ₁日₁回 朝食後 ₃ 日分 （処方 ₂ ） カルボシステインシロップ用 ₅₀％ ₁ 回 ₀ . ₄ g（ ₁ 日 ₁ . ₂ g） ₁日₃回 朝昼夕食後 ₅ 日分 （処方 ₃ ） ツロブテロールテープ ₁ mg ₁回₁枚 ₁日₁回 就寝前 ₅ 日分（全 ₅ 枚） （処方 ₄ ） アセトアミノフェン細粒 ₂₀％ ₁ 回 ₁.₀ g ₃₈ . ₀ ℃以上の発熱時 ₅ 回分 問 282（実務） 薬剤師が患児の母親に、処方薬剤の使用方法について説明した。その説明内容と して、適切なのはどれか。2つ選べ。	"[""処方 ₁ の薬剤は、オレンジジュースに混ぜると服用しやすくなります。"",""処方 ₁ と ₂ の薬剤は、混ぜると服用しやすくなります。"",""処方 ₃ の薬剤は、お子さんが剥がしてしまう場合、背中の手の届きにくい場所 に貼付してください。"",""処方 ₃ の薬剤は、起床時に咳が治まっていれば、剥がしてください。"",""処方 ₄ の薬剤は、 ₄ ～ ₆ 時間以上の間隔をあけて服用してください。""]"	multiChoice	[2,4]	null	normal	false	parsed	"[""none""]"	P109-CASE-282	https://www.mhlw.go.jp/content/001226763.pdf	https://www.mhlw.go.jp/content/001228441.pdf	2024-02-18	MHLW website content under Public Data License 1.0 unless separately indicated; third-party content requires separate review
P109-284	109	284	実践	薬剤	−285 ₄₃ 歳男性。妻 ₃₈ 歳、長男 ₄ 歳。フィラデルフィア染色体陽性急性リンパ 性白血病のため大学病院血液内科にて化学療法中（シクロホスファミド、ビンクリ スチン、ドキソルビシン、デキサメタゾン）である。また、化学療法に伴う副作用 軽減のため、処方 ₁ の薬剤を服用している。右眼に霧視が発現したため、近隣の眼 科を受診した。網膜浮腫と周辺部の血管炎があり、大学病院眼科にて精査のため入 院となった。化学療法実施中であり、眼底所見から、サイトメガロウイルス網膜炎 と診断され、ガンシクロビル点滴静注 ₆₀₀ mg/day の投与が開始された。 （検査所見） 白血球 ₄ , ₃₆₀/nL、好中球 ₂ , ₀₆₅/nL、リンパ球 ₁ , ₇₂₀/nL、好塩基球 ₄₉₀/nL、 CMV 抗体陽性、Hb ₁₂ g/dL、右眼の矯正視力は今回受診時測定不能、 左眼 ₁ . ₂、HbA₁c ₈ . ₇％、CCr ₆₁ mL/min （処方 ₁ ） オルメサルタン口腔内崩壊錠 ₁₀ mg ₁ 回 ₁ 錠（ ₁ 日 ₁ 錠） フェブキソスタット錠 ₂₀ mg ₁ 回 ₃ 錠（ ₁ 日 ₃ 錠） ラベプラゾール Na 錠 ₁₀ mg ₁ 回 ₁ 錠（ ₁ 日 ₁ 錠） フルコナゾールカプセル ₁₀₀ mg ₁ 回 ₁ 個（ ₁ 日 ₁ 個） ₁日₁回 朝食後 眼内の炎症が改善したため、処方 ₂ の薬剤の服用による治療となった。 （処方 ₂ ） バルガンシクロビル錠 ₄₅₀ mg ₁ 回 ₂ 錠（ ₁ 日 ₄ 錠） ₁日₂回 朝夕食後 ₇ 日分 ₁ 週間服用後、同一の内服薬を ₁₄ 日分処方され、退院となった。 問 284（実務） 初回面談における処方 ₁ の薬剤の服薬状況の確認時に、朝食後に飲む薬剤の数量 が多いため、服用時間をずらして飲むことがあるとの申し出があった。病棟担当薬 剤師によるバルガンシクロビル錠の服薬説明として、適切なのはどれか。2つ選べ。	"[""服用期間中は、抗真菌剤の服用を中止してください。"",""食事の影響を受けるため、服用時間をずらさず食後 ₃₀ 分以内に服用してくだ さい。"",""服用期間中は、ワクチンの接種を避けてください。"",""服用期間中及び服用期間終了後、一定期間は避妊の必要があります。"",""この薬を飲み忘れた場合、次回に ₄ 錠服用してください。""]"	multiChoice	[1,3]	null	normal	false	parsed	"[""none""]"	P109-CASE-284	https://www.mhlw.go.jp/content/001226763.pdf	https://www.mhlw.go.jp/content/001228441.pdf	2024-02-18	MHLW website content under Public Data License 1.0 unless separately indicated; third-party content requires separate review
P109-286	109	286	実践	病態・薬物治療	−287 ₈₆ 歳男性。₇₆ 歳時に妻と死別し独居中であるが、近所に住む娘が介護に あたってきた。死別 ₅ 年後の ₈₁ 歳の頃から、徐々に物忘れが出現し、時々つじつ まが合わない発言があったが放置していた。₈₄ 歳頃より、物忘れがひどくなり、 一人になると不安感が強くなった。娘の姿が見えないと、すぐに名前を呼び、片時 も離れられない状況になったため、物忘れ外来を受診した。来院時、新しいことが 覚えられず、取り繕うような話し方であった。尿失禁や歩行障害はなし。長谷川式 簡易知能評価（HDS︲R）は ₃₀ 点満点中 ₁₈ 点であった。頭部 CT で海馬の萎縮を 指摘されたが、梗塞巣所見はなく、血液検査も異常はなかった。また、この男性は 不整脈に対して服薬しており、骨粗しょう症の治療のため ₃ 年前から昨年までの ₂₄ ケ月間テリパラチド皮下注キットによる治療が実施された。 現在の処方は以下のとおりである。 （処方 ₁ ） ドネペジル塩酸塩口腔内崩壊錠 ₅ mg ₁ 回 ₁ 錠（ ₁ 日 ₁ 錠） ₁日₁回 起床時 （処方 ₂ ） ワルファリンカリウム錠 ₁ mg ₁ 回 ₂ 錠（ ₁ 日 ₂ 錠） ₁日₁回 起床時 問 286（病態・薬物治療） この患者の経過及び処方から考えられる疾患はどれか。2つ選べ。	"[""心房細動"",""心室性期外収縮"",""アルツハイマー型認知症"",""血管性認知症"",""レビー小体型認知症""]"	multiChoice	[0,2]	null	normal	false	parsed	"[""none""]"	P109-CASE-286	https://www.mhlw.go.jp/content/001226764.pdf	https://www.mhlw.go.jp/content/001228441.pdf	2024-02-18	MHLW website content under Public Data License 1.0 unless separately indicated; third-party content requires separate review
P109-287	109	287	実践	実務	（実務） 男性は、次第に歩行が拙劣になり、夜間にトイレでつまづいて転倒し、腰椎圧迫 骨折と診断された。痛みのため歩行や長時間の起き上がりは困難でありベッド上の 生活となった。ヘルパーの介助を受け服薬しているが、ヘルパーのいない起床時の 薬は自分ではほぼ服用できていない。 この状況を踏まえ、在宅医療サービス担当者会議が開催された。 この患者に追加する治療薬として適切なのはどれか。2つ選べ。	"[""メナテトレノンカプセル"",""ラロキシフェン塩酸塩錠"",""デノスマブ（遺伝子組換え）皮下注"",""テリパラチド（遺伝子組換え）皮下注"",""ゾレドロン酸水和物注射液""]"	multiChoice	[2,4]	null	normal	false	parsed	"[""none""]"	P109-CASE-286	https://www.mhlw.go.jp/content/001226764.pdf	https://www.mhlw.go.jp/content/001228441.pdf	2024-02-18	MHLW website content under Public Data License 1.0 unless separately indicated; third-party content requires separate review
P109-288	109	288	実践	病態・薬物治療	−289 ₄₂ 歳女性。半年前に両側手指関節及び両側膝関節の痛みを自覚し病院を受 診した。検査の結果、関節リウマチと診断され、処方 ₁ による治療を受けていた。 症状のコントロールが不十分だったためメトトレキサートが漸増されたが、多発性 関節炎は持続した。最近では仕事にも支障をきたすようになったため、治療方針が 変更されることになった。この患者は小児期に水痘に罹患した既往がある。 （検査値） CRP ₅ . ₀ mg/dL、リウマトイド因子陽性、抗 CCP 抗体（抗環状シトルリン化 ペプチド抗体）陽性、抗核抗体陰性、AST ₂₅ IU/L、ALT ₁₅ IU/L、 eGFR ₈₀ mL/min/₁ . ₇₃ m （処方 ₁ ） メトトレキサートカプセル ₂ mg ₁ 回 ₁ カプセル（ ₁ 日 ₂ カプセル） 毎週 日曜日 ₁ 日 ₂ 回 ₉ 時、₂₁ 時 ₄ 日分（投与実日数） メトトレキサートカプセル ₂ mg ₁ 回 ₁ カプセル（ ₁ 日 ₁ カプセル） 毎週 月曜日 ₁ 日 ₁ 回 ₉時 ₄ 日分（投与実日数） 問 288（病態・薬物治療） この患者に追加する治療薬として、適切なのはどれか。2つ選べ。	"[""エリスロマイシン"",""トファシチニブ"",""免疫グロブリン製剤"",""コルヒチン"",""アダリムマブ""]"	multiChoice	[1,4]	null	normal	false	parsed	"[""none""]"	P109-CASE-288	https://www.mhlw.go.jp/content/001226764.pdf	https://www.mhlw.go.jp/content/001228441.pdf	2024-02-18	MHLW website content under Public Data License 1.0 unless separately indicated; third-party content requires separate review
P109-289	109	289	実践	実務	（実務） 治療方針が変更されて ₂ 週間後、患者が来院し、診察前の薬剤師との面談で「左 腰部から背部に沿ってかゆみがあって、昨日から痛み出した」と訴えた。薬剤師 は、患者情報を収集して副作用を疑い、医師へ情報提供を行った。医師は診察後バ ラシクロビルを処方した。 薬剤師が副作用を疑うきっかけになった患者情報はどれか。2つ選べ。	"[""メトトレキサートの服用状況"",""追加した治療薬の処方内容"",""年齢と性別"",""水痘ワクチンの接種歴"",""肝機能、腎機能""]"	multiChoice	[0,1]	null	normal	false	parsed	"[""none""]"	P109-CASE-288	https://www.mhlw.go.jp/content/001226764.pdf	https://www.mhlw.go.jp/content/001228441.pdf	2024-02-18	MHLW website content under Public Data License 1.0 unless separately indicated; third-party content requires separate review
P109-291	109	291	実践	実務	（実務） 追加された処方 ₄ の薬剤を服用するにあたり、この患者自身が特に注意する副作 用症状として、適切なのはどれか。2つ選べ。	"[""ふらつき"",""陰部搔痒感"",""歯肉肥厚"",""喀痰"",""難聴""]"	multiChoice	[0,1]	null	normal	false	parsed	"[""none""]"	P109-CASE-290	https://www.mhlw.go.jp/content/001226764.pdf	https://www.mhlw.go.jp/content/001228441.pdf	2024-02-18	MHLW website content under Public Data License 1.0 unless separately indicated; third-party content requires separate review
P109-292	109	292	実践	病態・薬物治療	−293 ₆₅ 歳男性。高血圧症と高尿酸血症の治療中で、以下の処方薬を服用してい る。 （処方） シルニジピン錠 ₂₀ mg ₁ 回 ₁ 錠（ ₁ 日 ₁ 錠） フェブキソスタット錠 ₄₀ mg ₁ 回 ₁ 錠（ ₁ 日 ₁ 錠） ₁日₁回 朝食後 最近血圧が高い日が続き、かかりつけ医より患者情報の共有とともに降圧薬の追 加について薬剤師に相談があった。医師から得た検査値と患者情報は以下のとお り。 （検査値） 血圧 ₁₇₀/₁₀₀ mmHg、心拍 ₇₀ 拍/分、空腹時血糖 ₁₁₀ mg/dL、 HbA₁c ₆ . ₂％、総コレステロール ₁₉₀ mg/dL、 TG（トリグリセリド）₁₀₀ mg/dL、HDL︲C ₆₀ mg/dL、LDL︲C ₁₁₀ mg/dL、 eGFR ₈₂ mL/min/₁ . ₇₃ m 、K ₃ . ₃ mEq/L、尿酸値 ₅ . ₈ mg/dL （患者情報） ・最近よく足がつるので、ドラッグストアで芍薬甘草湯を購入し毎日服用してい る。 ・芍薬甘草湯を服用するようになってから四肢の痛み、だるさを自覚している。 ・気管支ぜん息の既往歴あり。現在は服薬なし。 ・飲酒：ビール ₁ , ₀₀₀ mL/日 喫煙：₂₀ 本/日 問 292（病態・薬物治療） この患者の病態と治療に関する記述のうち、正しいのはどれか。2つ選べ。	"[""偽アルドステロン症が生じている可能性がある。"",""高尿酸血症は、腎機能低下による可能性が高い。"",""降圧目標は、診察室血圧で ₁₄₀/₉₀ mmHg 未満である。"",""尿酸値は、治療目標値に達している。"",""脂質異常症が認められるので、その治療も行う必要がある。""]"	multiChoice	[0,3]	null	normal	false	parsed	"[""none""]"	P109-CASE-292	https://www.mhlw.go.jp/content/001226764.pdf	https://www.mhlw.go.jp/content/001228441.pdf	2024-02-18	MHLW website content under Public Data License 1.0 unless separately indicated; third-party content requires separate review
P109-293	109	293	実践	実務	（実務） この患者に追加する降圧薬のうち、適しているのはどれか。2つ選べ。	"[""アムロジピン"",""アジルサルタン"",""トリクロルメチアジド"",""エサキセレノン"",""カルベジロール""]"	multiChoice	[1,3]	null	normal	false	parsed	"[""none""]"	P109-CASE-292	https://www.mhlw.go.jp/content/001226764.pdf	https://www.mhlw.go.jp/content/001228441.pdf	2024-02-18	MHLW website content under Public Data License 1.0 unless separately indicated; third-party content requires separate review
P109-294	109	294	実践	病態・薬物治療	−295 ₆₇ 歳女性。身長 ₁₅₅ cm、体重 ₄₃ kg。 ₂ 年前より心窩部痛を自覚し、外 来を受診。CT 検査などで膵臓がん、肝転移（Stage Ⅳ）と診断された。一次治療 として、フルオロウラシル+イリノテカン塩酸塩+オキサリプラチン+レボホリ ナート（FOLFIRINOX）療法を導入した。 ₁ クール目 Day ₈ に発熱があり再来院 した。処方 ₁ を服用中であり、全身倦怠感が強く入院加療となった。担当医から追 加処方（処方 ₂ ）の連絡を受けて、カンファレンスで今後の方針について協議する ことになった。 （再来院時の患者背景） パフォーマンスステータス（PS）₁ 、腋窩温 ₃₈ . ₅ ℃、血圧 ₁₂₀/₈₀ mmHg （処方 ₁ ） 酸化マグネシウム錠 ₂₅₀ mg ₁ 回 ₁ 錠（ ₁ 日 ₃ 錠） ₁日₃回 朝昼夕食後 ₁₄ 日分 （処方 ₂ ） レボフロキサシン錠 ₅₀₀ mg ₁ 回 ₁ 錠（ ₁ 日 ₁ 錠） ₁日₁回 朝食後 ₇ 日分 アセトアミノフェン錠 ₂₀₀ mg ₁回₂錠 発熱時 ₁₀ 回分（₂₀ 錠） （検査値） 項 目 Day ₁ Day ₈ 白血球（/nL） ₇ , ₈₀₀ ₁ , ₄₀₀ 好中球（/nL） ₅ , ₈₀₀ ₃₀₀ 赤血球（#₁₀ /nL） ₄₀₀ ₃₈₀ ヘモグロビン（g/dL） ₁₂ . ₃ ₁₁ . ₉ 血小板（#₁₀ /nL） ₂₂ ₂₀ AST/ALT（IU/L） ₂₀/₂₁ ₃₀/₂₉ eGFR（mL/min/₁ . ₇₃ m ） ₈₉ ₇₀ 問 294（実務） 薬剤師が行う内容として、適切なのはどれか。2つ選べ。	"[""腋窩温や検査値から発熱性好中球減少症を疑った。"",""フィルグラスチムの投与を提案した。"",""酸化マグネシウムによるレボフロキサシンの吸収増加について情報提供した。"",""レボフロキサシンの用量を ₂₅₀ mg に減量することを提案した。"",""肝障害があるので、アセトアミノフェンの中止を提案した。""]"	multiChoice	[0,1]	null	normal	false	parsed	"[""none""]"	P109-CASE-294	https://www.mhlw.go.jp/content/001226764.pdf	https://www.mhlw.go.jp/content/001228441.pdf	2024-02-18	MHLW website content under Public Data License 1.0 unless separately indicated; third-party content requires separate review
P109-295	109	295	実践	実務	（病態・薬物治療） この患者の病態に関する記述のうち、正しいのはどれか。2つ選べ。	"[""末梢における好中球の破壊が亢進している。"",""CRP が上昇している可能性が高い。"",""口内炎や咽頭痛を発症しやすい。"",""高度な貧血が認められる。"",""薬剤に対するアレルギーにより発症したと考えられる。""]"	multiChoice	[1,2]	null	normal	false	parsed	"[""none""]"	P109-CASE-294	https://www.mhlw.go.jp/content/001226764.pdf	https://www.mhlw.go.jp/content/001228441.pdf	2024-02-18	MHLW website content under Public Data License 1.0 unless separately indicated; third-party content requires separate review
P109-296	109	296	実践	病態・薬物治療	−297 ₅₀ 歳男性。喫煙 ₂₀ 本/日、飲酒ビール ₅₀₀ mL/日。 ₅ 年くらい前から会社 の健康診断にて高血糖を指摘されており、近医を受診して ₂ 型糖尿病と診断され た。その後、食事療法と運動療法を行うも改善が認められず、以下の薬剤を服薬す ることになった。 （処方） メトホルミン塩酸塩錠 ₂₅₀ mg ₁ 回 ₁ 錠（ ₁ 日 ₂ 錠） ₁日₂回 朝夕食後 ₁₄ 日分 服用 ₃ ケ月後の定期受診時に病院薬剤師は、診療録より近日冠動脈造影検査を予 定していること、しばしば軽度の低血糖症状を自覚したこと、朝食を食べないこと も多く、よく飲み忘れるとの情報を得た。身体並びに検査結果は以下のとおりであ る。 （身体並びに検査結果） 身長 ₁₆₈ cm、体重 ₈₅ kg、BMI ₃₀ . ₁、血圧 ₁₄₆/₉₀ mmHg、HbA₁c ₈ . ₂％、 空腹時血糖 ₁₉₀ mg/dL、eGFR ₅₅ mL/min/₁ . ₇₃ m 、 総コレステロール ₂₂₀ mg/dL、TG（トリグリセリド）₁₈₀ mg/dL、 HDL︲C ₅₄ mg/dL、LDL︲C ₁₃₀ mg/dL、尿糖（+）、尿蛋白（+） 問 296（実務） 患者への服薬指導の内容として適切なのはどれか。2つ選べ。	"[""アルコールの摂取は一切しないように再度指導した。"",""冠動脈造影検査前後も処方薬の服用を継続するよう説明した。"",""下痢・嘔吐などの症状が出ていないかを確認し、服用中に出た場合、服用を一 旦中止し、医師に相談することを説明した。"",""自動車の運転時に低血糖の症状を感じた場合、速やかに安全に停車し、糖分補 給する必要があることを説明した。"",""飲み忘れていた頻度を確認し、食後でないと副作用のリスクがあがるため食後 服用を説明した。""]"	multiChoice	[2,3]	null	normal	false	parsed	"[""none""]"	P109-CASE-296	https://www.mhlw.go.jp/content/001226764.pdf	https://www.mhlw.go.jp/content/001228441.pdf	2024-02-18	MHLW website content under Public Data License 1.0 unless separately indicated; third-party content requires separate review
P109-297	109	297	実践	実務	（病態・薬物治療） 本症例の糖尿病治療強化のために追加できる薬剤及び用法として適切なのはどれ か。2つ選べ。	"[""エンパグリフロジン錠を朝食後に投与する。"",""レパグリニド錠を朝食後に投与する。"",""グリメピリド錠を就寝前に投与する。"",""ボグリボース錠を夕食後に投与する。"",""セマグルチド錠を空腹時に投与する。""]"	multiChoice	[0,4]	null	normal	false	parsed	"[""none""]"	P109-CASE-296	https://www.mhlw.go.jp/content/001226764.pdf	https://www.mhlw.go.jp/content/001228441.pdf	2024-02-18	MHLW website content under Public Data License 1.0 unless separately indicated; third-party content requires separate review
P109-298	109	298	実践	病態・薬物治療	−299 ₁₁ 歳女児。小麦の食物アレルギーがあり、学校給食では除去食で対応し、 学校にはアナフィラキシーショックに備え治療薬のエピペン注射液 を常備して （注） いる。最近、夕食後にじん麻疹が身体の広範囲で現れるようになったため、かかり つけの医療機関を受診した。 （注）エピペン注射液：アドレナリン注射液 問 298（病態・薬物治療） 本患者の食物アレルギーに関して正しいのはどれか。2つ選べ。	"[""原因食物を摂取してから数日後に症状が現れることが多い。"",""じん麻疹以外にも、消化器症状や呼吸器症状などを発症しやすい。"",""皮膚プリックテストのみで確定診断できる。"",""皮膚症状にはアドレナリン b2 受容体刺激薬が用いられる。"",""成長に伴い本症状は軽快する可能性が高い。""]"	multiChoice	[1,4]	null	normal	false	parsed	"[""none""]"	P109-CASE-298	https://www.mhlw.go.jp/content/001226764.pdf	https://www.mhlw.go.jp/content/001228441.pdf	2024-02-18	MHLW website content under Public Data License 1.0 unless separately indicated; third-party content requires separate review
P109-299	109	299	実践	実務	（実務） エピペン注射液に関する記述のうち、正しいのはどれか。2つ選べ。	"[""使用前に、注射液が褐色であることを確認する。"",""使用後は、症状が改善しても必ず医療機関で診察を受けるよう指導する。"",""自己注射は認められておらず、症状発現から ₃₀ 分経過後に医療機関で注射す る。"",""急激に上昇した血圧を下げる目的で使用される。"",""大腿部外側に着衣させた状態でも注射できる。""]"	multiChoice	[1,4]	null	normal	false	parsed	"[""none""]"	P109-CASE-298	https://www.mhlw.go.jp/content/001226764.pdf	https://www.mhlw.go.jp/content/001228441.pdf	2024-02-18	MHLW website content under Public Data License 1.0 unless separately indicated; third-party content requires separate review
P109-300	109	300	実践	病態・薬物治療	−301 ₃₈ 歳男性。身長 ₁₇₅ cm、体重 ₆₅ kg。腎機能及び肝機能は正常。仕事で海 外出張が多く疲労気味だった。帰国後、₃₇ ℃台の微熱と痰がからむ咳が ₂ 週間続 き、近医を受診した。胸部 X 線検査の結果、肺に空洞を伴う結節性陰影を認めた ため総合病院を紹介受診し、諸検査を受けたところ肺結核と診断された。 問 300（病態・薬物治療） この患者の検査に関する記述のうち、正しいのはどれか。2つ選べ。	"[""インターフェロン c 遊離試験で陽性となる。"",""b︲D︲グルカンが陽性となる。"",""抗ガングリオシド抗体が陽性となる。"",""迅速ウレアーゼ試験で診断できる。"",""PCR 検査で菌の同定ができる。""]"	multiChoice	[0,4]	null	normal	false	parsed	"[""none""]"	P109-CASE-300	https://www.mhlw.go.jp/content/001226764.pdf	https://www.mhlw.go.jp/content/001228441.pdf	2024-02-18	MHLW website content under Public Data License 1.0 unless separately indicated; third-party content requires separate review
P109-301	109	301	実践	実務	（実務） この患者に下記の薬剤が処方された。薬剤師による服薬指導内容として誤ってい るのはどれか。1つ選べ。 （処方 ₁ ） リファンピシンカプセル ₁₅₀ mg ₁ 回 ₃ カプセル（ ₁ 日 ₃ カプセル） イソニアジド錠 ₁₀₀ mg ₁ 回 ₃ 錠（ ₁ 日 ₃ 錠） エタンブトール塩酸塩錠 ₂₅₀ mg ₁ 回 ₃ 錠（ ₁ 日 ₃ 錠） ピラジナミド散 ₁ 回 ₁ . ₅ g（ ₁ 日 ₁ . ₅ g） ₁日₁回 朝食前 ₇ 日分 （処方 ₂ ） ピリドキサールリン酸エステル水和物錠 ₁₀ mg ₁ 回 ₁ 錠（ ₁ 日 ₃ 錠） ₁日₃回 朝昼夕食後 ₇ 日分	"[""視覚障害を起こすことがあるので、視力の低下に注意するよう指導する。"",""マグロを食べると頭痛が出現することがあるので、食べ過ぎないよう指導す る。"",""全身倦怠感、黄疸、皮膚のかゆみが出現したら、すぐに連絡するように指導す る。"",""尿や汗が赤く着色することを説明する。"",""処方 ₂ の薬剤は貧血予防のために処方されていることを説明する。""]"	singleChoice	4	null	normal	false	parsed	"[""none""]"	P109-CASE-300	https://www.mhlw.go.jp/content/001226764.pdf	https://www.mhlw.go.jp/content/001228441.pdf	2024-02-18	MHLW website content under Public Data License 1.0 unless separately indicated; third-party content requires separate review
P109-302	109	302	実践	病態・薬物治療	−303 ₆₄ 歳女性。身長 ₁₅₅ cm、体重 ₅₁ kg。うつ病の既往歴あり。胃がん腹膜播 種 転 移（Stage Ⅳ、HER₂ 陰 性 ） に 対 し テ ガ フ ー ル・ ギ メ ラ シ ル・ オ テ ラ シ ル （₈₀ mg/m ）+ シスプラチン（₆₀ mg/m ）併用療法を開始したが、 ₃ ケ月後に腫 2 2 瘍の増悪を認めた。二次治療としてパクリタキセル（₈₀ mg/m ）+ ラムシルマブ （ ₈ mg/kg）併用療法を施行した。徐々に末梢神経障害が認められ、処方 ₁ 及び ₂ の処方薬を服用していた。末梢神経障害は落ち着いたが、がん疼痛 NRS ₈ を認 （注） めたため、トラマドール口腔内崩壊錠は処方 ₃ に変更され、服用開始 ₃ 日目に患者 面談を行った。 （注）NRS：Numerical Rating Scale （処方 ₁ ） トラマドール塩酸塩口腔内崩壊錠 ₅₀ mg ₁ 回 ₂ 錠（ ₁ 日 ₆ 錠） メトクロプラミド錠 ₅ mg ₁ 回 ₂ 錠（ ₁ 日 ₆ 錠） 酸化マグネシウム細粒 ₈₃％ ₁ 回 ₅₀₀ mg（ ₁ 日 ₁ , ₅₀₀ mg） ₁日₃回 朝昼夕食後 ₇ 日分 （処方 ₂ ） アミトリプチリン塩酸塩錠 ₂₅ mg ₁ 回 ₂ 錠（ ₁ 日 ₂ 錠） ゾルピデム酒石酸塩錠 ₅ mg ₁ 回 ₁ 錠（ ₁ 日 ₁ 錠） ₁日₁回 就寝前 ₇ 日分 （処方 ₃ ） オキシコドン徐放錠 ₁₀ mg ₁ 回 ₁ 錠（ ₁ 日 ₂ 錠） ₁日₂回 朝夕食後 ₇ 日分 （検査値） 項目 面談 ₇ 日前 面談時 AST（IU/L） ₁₁ ₉ ALT（IU/L） ₂₀ ₁₄ BUN（mg/dL） ₂₅ . ₄ ₃₀ . ₉ CCr（mL/min） ₄₅ . ₁ ₃₅ . ₅ Na（mEq/L） ₁₃₈ ₁₃₅ K（mEq/L） ₃.₈ ₄.₅ Cl（mEq/L） ₉₉ ₁₀₁ 空腹時血糖（mg/dL） ₁₁₁ ₁₀₈ 面談内容は以下のとおり。 患 者：麻薬と聞いて不安だったけど、痛み止めが効いたよ。 薬剤師：痛みが落ち着いてよかったですね。食事とお通じはいかがですか。 患 者：ご飯は食べてます。お通じは、トイレの時にいきみますが、スッキリし なくて残った感じがあります。 問 302（実務） 面談等の結果、薬剤師の医師への提案内容として最も適切なのはどれか。1つ選 べ。	"[""グラニセトロンの追加"",""アミトリプチリン錠を ₇₅ mg/日へ増量"",""酸化マグネシウム細粒を ₃ , ₀₀₀ mg/日へ増量"",""ナルデメジンの追加"",""オキシコドン徐放錠の中止""]"	singleChoice	3	null	normal	false	parsed	"[""none""]"	P109-CASE-302	https://www.mhlw.go.jp/content/001226764.pdf	https://www.mhlw.go.jp/content/001228441.pdf	2024-02-18	MHLW website content under Public Data License 1.0 unless separately indicated; third-party content requires separate review
P109-303	109	303	実践	実務	（病態・薬物治療） この患者の病態と治療に関する記述として、正しいのはどれか。2つ選べ。	"[""腫瘍マーカーの CEA や CA₁₉︲₉ の上昇が見られる。"",""予後は、グリーソン（Gleason）スコアによって評価される。"",""二次治療による横紋筋融解症に注意する。"",""重度の動脈血栓塞栓症が出現した場合、ラムシルマブを中止する。"",""二次治療が治療抵抗性となった場合には、トラスツズマブの追加を考慮する。""]"	multiChoice	[0,3]	null	normal	false	parsed	"[""none""]"	P109-CASE-302	https://www.mhlw.go.jp/content/001226764.pdf	https://www.mhlw.go.jp/content/001228441.pdf	2024-02-18	MHLW website content under Public Data License 1.0 unless separately indicated; third-party content requires separate review
P109-304	109	304	実践	病態・薬物治療	−305 ₂₈ 歳女性。入院中にクロルプロマジン ₁₀₀～₄₅₀ mg/日で ₁ 年以上、オラ ンザピン ₁₀ mg/日で ₄ 週間、リスペリドン ₆ mg/日で ₈ 週間治療を継続してきた が、 「誰かに見張られている」、「誰かに首をグルグルされる」、「思考がとられる」 などの精神病症状（幻覚妄想症状）が消失せず、難治性精神疾患と診断された。家 族の同意を得てクロザピンが導入され、投与開始から ₂₀ 週間、入院での治療と なった。外泊をするなど日常生活が送れる程度に症状が安定したため、以下の処方 で退院となり、外来において多職種連携のもと治療継続することになった。退院時 の血液検査や心電図などには異常所見が認められなかった。 （処方） クロザピン錠 ₁₀₀ mg ₁ 回 ₂ 錠（ ₁ 日 ₆ 錠） ビペリデン塩酸塩錠 ₁ mg ₁ 回 ₁ 錠（ ₁ 日 ₃ 錠） ₁日₃回 朝昼夕食後 ₁₄ 日分 問 304（病態・薬物治療） この患者の病態と治療に関する記述として、正しいのはどれか。2つ選べ。	"[""難治性精神疾患は治療抵抗性統合失調症である。"",""中脳辺縁系におけるドパミン神経の機能が低下している。"",""糖尿病が発症した場合、速やかにクロザピンを中止する。"",""白血球数及び好中球数のモニタリングを毎回行う。"",""精神症状が悪化した場合、持効性抗精神病薬を併用する。""]"	multiChoice	[0,3]	null	normal	false	parsed	"[""none""]"	P109-CASE-304	https://www.mhlw.go.jp/content/001226764.pdf	https://www.mhlw.go.jp/content/001228441.pdf	2024-02-18	MHLW website content under Public Data License 1.0 unless separately indicated; third-party content requires separate review
P109-305	109	305	実践	実務	（実務） 退院後の治療経過観察において、薬剤師が留意すべき事項として正しいのはどれ か。2つ選べ。	"[""検査結果と処方内容の確認後の調剤は、クロザピン専任登録管理薬剤師が担当 する。"",""心理教育や作業療法プログラムを立案する。"",""口渇、多飲、頻尿症状が発現した場合には直ちに受診するように指導する。"",""クロザピンに残薬が生じた場合は、速やかに自己廃棄するよう指導する。"",""体重減少をきたすことがあるので、セルフモニタリングできるよう指導する。""]"	multiChoice	[0,2]	[[0,2],[0,4],[2,4]]	multiple_accepted	false	parsed	"[""none""]"	P109-CASE-304	https://www.mhlw.go.jp/content/001226764.pdf	https://www.mhlw.go.jp/content/001228441.pdf	2024-02-18	MHLW website content under Public Data License 1.0 unless separately indicated; third-party content requires separate review
P109-306	109	306	実践	法規・制度・倫理	−307 厚生康太（こうせい こうた）氏、₇₅ 歳男性。身長 ₁₇₀ cm、体重 ₆₅ kg。 一過性脳虚血発作で入院し、再発予防目的でプラビックス錠 ₂₅ mg が ₁ 回 （注） ₂ 錠、 ₁ 日 ₁ 回の処方で服薬開始となった。₂₀₂₃ 年 ₇ 月 ₁ 日に起床時のふらつき と意識障害をきたし、近医へ救急搬送され、緊急入院となった。入院時の血糖値 ₃₃ mg/dL、入院翌日の空腹時血糖値 ₁₄ mg/dL、血中インスリン濃度 ₁₂₇ . ₅ nIU/mL （基準値 ₂ . ₇～₁₀ . ₄）であった。プラビックス錠は入院直後に中止された。検査の 結果、患者はプラビックス錠の副作用であるインスリン自己免疫症候群と診断され た。入院 ₇ 日後には検査所見、自覚症状ともに改善した。薬剤師は医薬品・医療機 器等安全性情報報告制度に基づき、医薬品安全性情報報告書を作成するとともに、 実務実習中の薬学部学生にも報告書の作成の練習をしてもらうこととした。 （注）プラビックス錠：クロピドグレル硫酸塩錠 問 306（法規・制度・倫理） 本報告制度に基づく報告を行うことは、医薬品の安全対策を講じていくために重 要である。副作用の報告に関する記述のうち、正しいのはどれか。2つ選べ。	"[""薬剤師は、製造販売業者が行う副作用情報の収集に協力するよう努めなければ ならない。"",""薬剤師は、本報告制度により、知り得た副作用はすべて報告しなければならな い。"",""薬剤師は、本報告制度による報告を行う場合、患者の同意を得なければならな い。"",""製造販売業者は、自社が関与していない医薬品に関する副作用の情報を入手し た場合も報告しなければならない。"",""患者が自身の副作用を疑った場合、患者自ら独立行政法人医薬品医療機器総合 機構（PMDA）に報告することができる。""]"	multiChoice	[0,4]	null	normal	false	parsed	"[""none""]"	P109-CASE-306	https://www.mhlw.go.jp/content/001226764.pdf	https://www.mhlw.go.jp/content/001228441.pdf	2024-02-18	MHLW website content under Public Data License 1.0 unless separately indicated; third-party content requires separate review
P109-308	109	308	実践	法規・制度・倫理	−309 ₁₃ 歳男性。身長 ₁₃₅ cm、体重 ₄₀ kg。近隣の公立病院脳神経外科にて頭蓋 咽頭腫の摘出術を受けたものの、血中下垂体ホルモン濃度の異常は改善せず、汎下 垂体機能低下症と診断され、いくつかのホルモン補充療法の一つとして成長ホルモ ン補充療法を行うこととなった。処方医より「ソマトロピン（遺伝子組換え）製剤 を使用したいが、患児及び患児の両親が先行バイオ医薬品とバイオ後続品（バイオ シミラー）のどちらを選択するかを判断できるように説明してほしい。 」との依頼 を受け、病院薬剤師から先行バイオ医薬品とバイオ後続品の相違について説明を行 うこととなった。 問 308（法規・制度・倫理） 病院薬剤師が、患児及び患児の両親に説明するにあたり、これまでに収集した情 報の確認を行った。情報として、誤っているのはどれか。1つ選べ。	"[""バイオ後続品は、先行バイオ医薬品と同等／同質の品質、安全性、有効性を有 する医薬品である。"",""バイオ後続品は、先行バイオ医薬品に比べて開発費が低く抑えられ、薬の価格 が安く設定されている。"",""生物学的同等性試験により先行バイオ医薬品との同等性が証明できれば、バイ オ後続品の臨床試験は不要である。"",""原則として、バイオ後続品の製造販売後調査が実施される。"",""バイオ後続品について医薬品リスク管理計画の作成が求められている。""]"	singleChoice	2	null	normal	false	parsed	"[""none""]"	P109-CASE-308	https://www.mhlw.go.jp/content/001226764.pdf	https://www.mhlw.go.jp/content/001228441.pdf	2024-02-18	MHLW website content under Public Data License 1.0 unless separately indicated; third-party content requires separate review
P109-309	109	309	実践	実務	（実務） 病院薬剤師の説明を受けて、患児及び患児の両親はバイオ後続品を使用すること にした。この成長ホルモン製剤の説明として適切なのはどれか。2つ選べ。	"[""毎日通院の上、医師または看護師に注射してもらってください。"",""用量を決めるためにはお子さんの体重の情報が必須です。"",""このお薬の使用中は、生ワクチンの接種はできません。"",""このお薬を始めることによって、夜尿症（おねしょ）になります。"",""定期的に血糖や HbAlc の検査が必要となります。""]"	multiChoice	[1,4]	null	normal	false	parsed	"[""none""]"	P109-CASE-308	https://www.mhlw.go.jp/content/001226764.pdf	https://www.mhlw.go.jp/content/001228441.pdf	2024-02-18	MHLW website content under Public Data License 1.0 unless separately indicated; third-party content requires separate review
P109-310	109	310	実践	法規・制度・倫理	−311 ₇₅ 歳女性。 ₇ 日前に誕生日を迎えた。その少し前に、誕生日以降に使用で きる医療保険証が郵送されてきた。₇₀ 歳の夫と二人暮らしである。高血圧症と閉 塞隅角緑内障の治療のため、ロサルタン錠とビマトプロスト点眼液を使用してい る。 ₃ 日前、熱中症で救急病院に入院となった。入院後、寝つきが悪いとの訴えが あったため睡眠導入薬を追加することとなった。この病棟を担当している薬剤師 は、患者を担当している研修医から睡眠導入薬について相談を受けた。患者から は、「寝つきが悪いので、早く眠れる薬が欲しい。でも、睡眠薬は効果が翌朝まで 残ることがあると聞いたので不安だ。翌朝に影響の少ない薬がよい。」との希望が あった。 問 310（実務） 研修医に提案する薬剤として適切なのはどれか。2つ選べ。	"[""エスゾピクロン錠"",""ジフェンヒドラミン塩酸塩錠"",""ニトラゼパム錠"",""フルニトラゼパム塩酸塩カプセル"",""ラメルテオン錠""]"	multiChoice	[0,4]	null	normal	false	parsed	"[""none""]"	P109-CASE-310	https://www.mhlw.go.jp/content/001226764.pdf	https://www.mhlw.go.jp/content/001228441.pdf	2024-02-18	MHLW website content under Public Data License 1.0 unless separately indicated; third-party content requires separate review
P109-311	109	311	実践	実務	（法規・制度・倫理） この女性の夫は、自身が利用しているかかりつけ薬局を訪れた。夫は薬剤師に、 妻の入院や妻宛てに郵送された医療保険証のことなどを相談した。その医療保険証 の医療保険制度に関する薬剤師の説明内容として適切なのはどれか。2つ選べ。	"[""所得により医療費の窓口負担割合が異なります。"",""運営主体は全国健康保険協会です。"",""保険料の支払いは免除されます。"",""₆₅ 歳以上 ₇₅ 歳未満の方は一定の障害と認定された場合、加入することができ ます。"",""当該制度の加入者は高額療養費制度を利用できません。""]"	multiChoice	[0,3]	null	normal	false	parsed	"[""none""]"	P109-CASE-310	https://www.mhlw.go.jp/content/001226764.pdf	https://www.mhlw.go.jp/content/001228441.pdf	2024-02-18	MHLW website content under Public Data License 1.0 unless separately indicated; third-party content requires separate review
P109-312	109	312	実践	法規・制度・倫理	−313 ₈₀ 歳男性。脊柱管狭窄症があり、自宅療養中。骨粗しょう症があり、定期 的にイバンドロン酸ナトリウム水和物の注射を受けていたが、腰痛がひどく、新た に処方 ₁ の薬剤が追加され使用している。この男性は、娘が介護を行うにあたり 近々娘の家で同居することとなり、娘から近隣の薬局に処方 ₁ の薬剤の取扱いがあ るか問合せがあった。 現在、当該薬局では処方 ₁ の取扱いはなかったが、男性が引っ越してくるまでに 時間があるため、処方 ₁ の製造販売業者が提供するシステムへの調剤施設の登録な どの手続きを行い、調剤できる準備を整えることになった。 （処方 ₁ ） ブプレノルフィン経皮吸収型製剤 ₅ mg ₁回₁枚 ₇ 日に ₁ 枚貼付 ₂ 回分（全 ₂ 枚） 問 312（法規・制度・倫理） 麻薬及び向精神薬取締法に基づく処方 ₁ に関する記述として、正しいのはどれ か。2つ選べ。	"[""調剤するには、薬局の許可のほかに麻薬小売業者の許可を要する。"",""処方箋に、麻薬施用者の免許証の番号が記載されているか確認しなければなら ない。"",""堅固な設備内に施錠して保管しなければならない。"",""廃棄する際、法令に基づく許可や届出の必要はない。"",""規定の数量以上の紛失等の事故が発生した場合、「向精神薬事故届」を届け出 なければならない。""]"	multiChoice	[3,4]	null	normal	false	parsed	"[""none""]"	P109-CASE-312	https://www.mhlw.go.jp/content/001226764.pdf	https://www.mhlw.go.jp/content/001228441.pdf	2024-02-18	MHLW website content under Public Data License 1.0 unless separately indicated; third-party content requires separate review
P109-313	109	313	実践	実務	（実務） 引越し後、処方 ₁ を当該薬局において調剤した際、患者の娘から使い方の説明を 求められた。薬剤師が行う説明として適切なのはどれか。2つ選べ。	"[""腰の痛い場所に貼ってください。"",""皮膚に傷のあるところには貼付しないでください。"",""半分に切って使用しないでください。"",""使用済のお薬は、接着面を表にして処分してください。"",""このお薬がよく効くように、貼った部位を電気毛布等でよく温めてください。""]"	multiChoice	[1,2]	null	normal	false	parsed	"[""none""]"	P109-CASE-312	https://www.mhlw.go.jp/content/001226764.pdf	https://www.mhlw.go.jp/content/001228441.pdf	2024-02-18	MHLW website content under Public Data License 1.0 unless separately indicated; third-party content requires separate review
P109-314	109	314	実践	法規・制度・倫理	−315 大学病院で循環器内科を担当している薬剤師が、循環器内科病棟の医師か ら「糖尿病の治療薬である医薬品Ａ（カプセル剤）が心不全にも効果があるという 報告を聞いたので、当院でも効果を検証することを目的として、無作為化二重盲検 比較試験を実施したいと考えている。認定臨床研究審査委員会に申請したいので、 研究計画書について薬剤師の立場から追加や修正した方が良いところがあるか チェックしてほしい。」と依頼された。研究の概要は以下のとおりである。なお、 医薬品Ａは日本では心不全の適応はない。 ＜比較試験の計画（一部抜粋）＞ 対象患者：成人の心不全患者（心機能は NYHA 分類Ⅱ度かつ左室駆出率 （注 1） が低下（₄₀％未満）した心不全（HFrEF ）） （注 2） 除外基準：重症の糖尿病患者又は重症の腎機能障害患者 評価項目：心不全で入院するまでの期間 方 法：心不全の標準治療に医薬品Ａを追加服用する群（介入群）と心不全 の標準治療のみを行う群（非介入群）に ₁：₁ の比で無作為に分 け、₃₆ ケ月それぞれの治療を実施する。 両群とも被験薬は病院内で調剤する。介入群には医薬品Ａを、非介 入群にはプラセボ薬を投与する。 （注 ₁ ）NYHA：New York Heart Association（ニューヨーク心臓協会） （注 ₂ ）HFrEF：heart failure with reduced ejection fraction 問 314（実務） 薬剤師がこの計画を確認し、以下の追加内容を検討した。計画書に追加記載する のに適切なのはどれか。2つ選べ。	"[""服薬遵守率が設定した値より低い場合は、解析から除外すること。"",""副作用が発現した場合は、必ず試験を中止すること。"",""非介入群の患者には、医薬品Ａと併用禁忌の薬剤は使用してもよいこと。"",""介入群の患者には、投与するのは医薬品Ａであることを説明し、正しく服用さ せること。"",""医薬品Ａとプラセボ薬は、外観に差がないカプセルに充てんしたものを使用す ること。""]"	multiChoice	[0,4]	null	normal	false	parsed	"[""none""]"	P109-CASE-314	https://www.mhlw.go.jp/content/001226764.pdf	https://www.mhlw.go.jp/content/001228441.pdf	2024-02-18	MHLW website content under Public Data License 1.0 unless separately indicated; third-party content requires separate review
P109-315	109	315	実践	実務	（法規・制度・倫理） この研究は、臨床研究法の臨床研究のうち特定臨床研究に該当する。該当する理 由として正しいのはどれか。1つ選べ。	"[""大学病院で行う研究であるため。"",""無作為化二重盲検比較試験であるため。"",""医薬品の適応外使用の有効性を検証する研究であるため。"",""医師主導で行う研究であるため。"",""侵襲を含む研究であるため。""]"	singleChoice	2	null	normal	false	parsed	"[""none""]"	P109-CASE-314	https://www.mhlw.go.jp/content/001226764.pdf	https://www.mhlw.go.jp/content/001228441.pdf	2024-02-18	MHLW website content under Public Data License 1.0 unless separately indicated; third-party content requires separate review
P109-316	109	316	実践	法規・制度・倫理	−317 ₈₇ 歳男性。独居。日常生活に不安があるとのことで、近所に住んでいる娘 が相談のため健康サポート薬局を訪れた。娘によると、男性の身体状態は比較的安 定しているが、自宅は衣服が脱ぎっぱなしで、ゴミが散乱するなど以前より雑然と しているとのこと。さらに、薬の飲み忘れがあり、同じことを何度も繰り返し話 す、受診日を忘れることがあるとのことだった。 ₁ 年ほど前に医師からは認知機能 の低下が疑われると言われている。現時点でこの男性は要介護認定（要支援を含 む）を取得していない。 問 316（実務） 薬剤師がこの時点で家族や関係者に提案可能な内容として適切なのはどれか。2 つ選べ。	"[""父親の行動について、医師に改めて認知機能の検査をしてもらうように提案し た。"",""低下した認知機能を元に戻す薬があるので、医師に相談するよう提案した。"",""認知症の進行とともに徘徊や転倒のリスクも増大するので、ベッドに拘束して 身体活動を抑制するように伝えた。"",""認知症の家族会を紹介し、同じような問題を抱えている方の助言を聞いてみて はどうかと提案した。"",""物忘れ防止のために、セント・ジョーンズワートの服用を勧めた。""]"	multiChoice	[0,3]	null	normal	false	parsed	"[""none""]"	P109-CASE-316	https://www.mhlw.go.jp/content/001226764.pdf	https://www.mhlw.go.jp/content/001228441.pdf	2024-02-18	MHLW website content under Public Data License 1.0 unless separately indicated; third-party content requires separate review
P109-317	109	317	実践	実務	（法規・制度・倫理） その後、父親の症状の悪化により家族の介護の負担が大きくなったため、薬剤師 は家族に要介護認定の取得を提案することとした。薬剤師が理解しておくべき認定 取得の仕組みとして適切なのはどれか。2つ選べ。	"[""要介護認定の申請窓口はかかりつけの医療機関である。"",""要介護認定の審査では医師の意見書は必要ではない。"",""認定審査はコンピューターによる ₁ 次判定と介護認定審査会による ₂ 次判定を 経て行われる。"",""最終判定として、認定調査員による心身の状況に関する面接調査が行われる。"",""介護認定審査会の委員は保健・医療・福祉に関する学識経験者で構成される。""]"	multiChoice	[2,4]	null	normal	false	parsed	"[""none""]"	P109-CASE-316	https://www.mhlw.go.jp/content/001226764.pdf	https://www.mhlw.go.jp/content/001228441.pdf	2024-02-18	MHLW website content under Public Data License 1.0 unless separately indicated; third-party content requires separate review
P109-318	109	318	実践	法規・制度・倫理	−319 薬剤師が薬局開設に向けて事前準備を行っている。調剤業務に加え、一般 用医薬品等も取り扱う予定である。調剤業務以外で取り扱う予定の医薬品は、以下 のとおりである。 ア 要指導医薬品 イ 一般用医薬品（第 ₁ 類医薬品） ウ 一般用医薬品（指定第 ₂ 類医薬品） エ 一般用医薬品（第 ₂ 類医薬品） オ 一般用医薬品（第 ₃ 類医薬品） カ 一般用検査薬（第 ₂ 類医薬品） キ 薬局製造販売医薬品 問 318（法規・制度・倫理） この薬局で取り扱う予定のア～キの医薬品に関する記述のうち、正しいのはどれ か。2つ選べ。	"[""キ以外のものについては、特定販売可能である。"",""イ～カについては、登録販売者による販売が可能である。"",""ア～キに関して、薬局開設の許可とは別に、店舗販売業の許可を受ける必要は ない。"",""キを製造し販売する場合、薬局製造販売医薬品の製造販売業と製造業の許可が 必要である。"",""ア～キの全てを販売する場合、通常必要とされる薬局の面積の ₂ 倍以上の広さ が構造設備基準として求められる。""]"	multiChoice	[2,3]	null	normal	false	parsed	"[""none""]"	P109-CASE-318	https://www.mhlw.go.jp/content/001226764.pdf	https://www.mhlw.go.jp/content/001228441.pdf	2024-02-18	MHLW website content under Public Data License 1.0 unless separately indicated; third-party content requires separate review
P109-319	109	319	実践	実務	（実務） この薬局における調剤業務以外で取り扱う予定の医薬品の陳列方法について、正 しいのはどれか。2つ選べ。 ただし、空箱陳列は行わないこととする。なお、薬局の平面図は以下のとおりで ある。 ・陳列棚Ａは、相談カウンターから ₈ m のところにある。 調剤室 ・陳列棚Ｂは、相談カウンターから ₅ m 陳列棚Ｂ 陳列棚Ｃ のところにある。 ・陳列棚ＡとＢは、購入者等が製品を手 相談カウンター にとることができる。 陳列棚Ａ ・陳列棚Ｃから、₁ . ₂ m の範囲に購入者 等が入れないようになっている。	"[""アを陳列棚Ｂに陳列する。"",""イを陳列棚Ａに陳列する。"",""ウを陳列棚Ａに陳列する。"",""カを陳列棚Ａに陳列する。"",""キを陳列棚Ｃに陳列する。""]"	multiChoice	[3,4]	null	normal	false	parsed	"[""none""]"	P109-CASE-318	https://www.mhlw.go.jp/content/001226764.pdf	https://www.mhlw.go.jp/content/001228441.pdf	2024-02-18	MHLW website content under Public Data License 1.0 unless separately indicated; third-party content requires separate review
P109-320	109	320	実践	法規・制度・倫理	−321 男性がかぜ症状を訴えて来局した。この薬局の薬剤師は男性の症状、既往 歴、アレルギー歴、併用薬などを確認し、ある一般用医薬品を選択して男性に勧 め、選択した医薬品に含まれる成分の効能を説明した。なお、選択した医薬品は指 定第 ₂ 類医薬品であり、濫用等のおそれのある医薬品に該当する。 ＜選択した一般用医薬品に含まれる成分＞ アセトアミノフェン アンブロキソール塩酸塩 L︲カルボシステイン ジヒドロコデインリン酸塩 クロルフェニラミンマレイン酸塩 リボフラビン（ビタミン B2） 問 320（実務） この薬の有効成分に関する説明として、適切なのはどれか。2つ選べ。	"[""アセトアミノフェンは、発熱、頭痛、喉の痛み等、熱と痛みを鎮めます。"",""アンブロキソール塩酸塩は、咳の原因となる喉にからまるしつこい痰を出しや すくします。"",""L︲カルボシステインは、咳中枢に働き、咳を鎮めます。"",""ジヒドロコデインリン酸塩は、くしゃみ、鼻水、鼻づまりの症状を抑えます。"",""リボフラビンは、気道粘液・粘膜を正常な状態に近づけます。""]"	multiChoice	[0,1]	null	normal	false	parsed	"[""none""]"	P109-CASE-320	https://www.mhlw.go.jp/content/001226764.pdf	https://www.mhlw.go.jp/content/001228441.pdf	2024-02-18	MHLW website content under Public Data License 1.0 unless separately indicated; third-party content requires separate review
P109-321	109	321	実践	実務	（法規・制度・倫理） 選択した医薬品の取扱いとして、適切なのはどれか。2つ選べ。	"[""購入者の運転免許証等の身分証の提示があれば、数量の制限なく販売できる。"",""使用について専門家への相談を促す声かけや掲示等を行う必要がある。"",""使用者本人以外に販売することはできない。"",""購入者が高校生や中学生等の若年者である場合、氏名及び年齢等を確認する必 要がある。"",""購入者から質問がなかった場合も、書面を用いて情報提供を行わなければなら ない。""]"	multiChoice	[1,3]	null	normal	false	parsed	"[""none""]"	P109-CASE-320	https://www.mhlw.go.jp/content/001226764.pdf	https://www.mhlw.go.jp/content/001228441.pdf	2024-02-18	MHLW website content under Public Data License 1.0 unless separately indicated; third-party content requires separate review
P109-322	109	322	実践	法規・制度・倫理	−323 地域薬剤師会からある薬局に地域ケア会議への参加依頼があった。薬局に 勤務する薬剤師の中で適任者を検討した結果、薬局勤務 ₃ 年目の薬剤師Ａが選出さ れた。薬剤師Ａは地域ケア会議に参加するのは初めてだが、在宅患者も担当してお り、スキルアップのために管理薬剤師Ｂと共に参加してもらうことにした。 問 322（実務） 薬剤師Ａは地域ケア会議へ出席するにあたり、地域ケア会議の特徴や参加時の対 応について管理薬剤師Ｂに相談した。管理薬剤師Ｂの助言の内容として適切なのは どれか。2つ選べ。	"[""地域ケア会議は、高齢者個人に対する支援の充実と、それを支える社会基盤の 整備を同時に進めています。"",""地域ケア会議は、薬剤師の場合、 ₂ 年以上の実務経験が参加条件となっていま す。"",""地域ケア会議は、医療又は福祉の資格を有することが参加条件となります。"",""地域ケア会議において、参加者に自分の意見を伝える際、専門用語をなるべく 多く用いて説明するよう心がけてください。"",""個別ケースの課題などを積み重ね、自治体の政策形成につなげることも地域ケ ア会議の機能の一つです。""]"	multiChoice	[0,4]	null	normal	false	parsed	"[""none""]"	P109-CASE-322	https://www.mhlw.go.jp/content/001226764.pdf	https://www.mhlw.go.jp/content/001228441.pdf	2024-02-18	MHLW website content under Public Data License 1.0 unless separately indicated; third-party content requires separate review
P109-323	109	323	実践	実務	（法規・制度・倫理） 薬剤師Ａは本会議に参加し、本会議を主催した地域包括支援センターの活動に触 れ、地域住民にとって重要な施設であると感じた。そこで、薬局来局者に地域包括 支援センターの役割を伝える情報提供資料を作成した。資料の記載内容として、適 切なのはどれか。2つ選べ。	"[""都道府県ごとに ₁ 施設の設置が義務付けられています。"",""常駐している医師に健康に関して相談することができます。"",""当該センターの職員が自宅を訪問し介護サービスを行います。"",""高齢者虐待について相談することができます。"",""成年後見制度について相談することができます。""]"	multiChoice	[3,4]	null	normal	false	parsed	"[""none""]"	P109-CASE-322	https://www.mhlw.go.jp/content/001226764.pdf	https://www.mhlw.go.jp/content/001228441.pdf	2024-02-18	MHLW website content under Public Data License 1.0 unless separately indicated; third-party content requires separate review
P109-324	109	324	実践	法規・制度・倫理	−325 ₂₁ 歳男性。スポーツ競技者。花粉症による鼻炎症状がつらく、練習に影響 するので自分で何か良いものはないかと調べたところ、ある健康食品が良いとイン ターネット上で評判になっていることを知り、当該健康食品について相談するため 薬局を訪れた。この競技者から、ドーピング禁止物質 は摂取できないという申 （注） し出があり、薬剤師が対応した。 （注）ドーピング禁止物質：世界アンチ・ドーピング機構が定める禁止表に記載さ れている物質 問 324（法規・制度・倫理） この薬局では、この健康食品以外にも複数の健康食品を取り扱っており、店舗内 での健康食品の広告を検討している。次のうち、医薬品的な効果に該当せず、医薬 品でなくても広告が可能なのはどれか。1つ選べ。	"[""がんの治癒"",""花粉症の予防"",""健康維持"",""細胞の活性化"",""肝機能の向上""]"	singleChoice	2	null	normal	false	parsed	"[""none""]"	P109-CASE-324	https://www.mhlw.go.jp/content/001226764.pdf	https://www.mhlw.go.jp/content/001228441.pdf	2024-02-18	MHLW website content under Public Data License 1.0 unless separately indicated; third-party content requires separate review
P109-326	109	326	実践	実務	₈₄ 歳男性。体重減少と身体活動の低下のため介護保険施設に入所中である。歩 行中に転倒し、大腿骨頸部骨折により整形外科病院に入院となった。患者は、オル メサルタン、アゼルニジピン、エソメプラゾール、アトルバスタチン、センノシド を服用中であった。 （現病歴） 高血圧症、脂質異常症、便秘症 （入院 ₂ 週間前の血圧記録） 血圧手帳より、平均 ₁₁₂/₆₄ mmHg （入院時検査値） 血圧 ₁₁₀/₆₂ mmHg、心拍 ₆₆ 拍/分、LDL︲C ₈₂ mg/dL、HDL︲C ₅₆ mg/dL、 TG（トリグリセリド）₁₁₀ mg/dL 病棟担当薬剤師は、患者が持参した薬剤の継続について医師から相談を受け、本 患者の生命予後に関して、文献の情報を参考に検討した。 収縮期血圧 ₁₃₀ mmHg 未満、降圧薬 ₂ 剤未満 ₁₀₀ 収縮期血圧 ₁₃₀ mmHg 以上、降圧薬 ₂ 剤以上 収縮期血圧 ₁₃₀ mmHg 以上、降圧薬 ₂ 剤未満 ₉₀ 生存率（％） ₈₀ p 1 ₀ . ₀₀₁ ₇₀ 収縮期血圧 ₁₃₀ mmHg 未満、 降圧薬 ₂ 剤以上 ₆₀ ₀ ₀.₅ ₁.₀ ₁.₅ ₂.₀ 治療期間（年） フレイルを伴う高齢患者における降圧薬の多剤併用の有無及び収縮 期血圧が生存率に及ぼす影響 （JAMA Intern Med, ₁₇₅（₆） ：₉₈₉︲₉₉₅（₂₀₁₅）より引用改変） 生命予後の改善を念頭に、薬剤師が医師に伝える内容として、最も優先順位が高 いのはどれか。1つ選べ。	"[""オルメサルタンを中止する。"",""アトルバスタチンを中止する。"",""オルメサルタンとアゼルニジピンを同時に中止する。"",""オルメサルタンとアゼルニジピンの合剤に変更する。"",""現在の治療を継続する。""]"	singleChoice	0	null	normal	false	parsed	"[""none""]"		https://www.mhlw.go.jp/content/001226764.pdf	https://www.mhlw.go.jp/content/001228441.pdf	2024-02-18	MHLW website content under Public Data License 1.0 unless separately indicated; third-party content requires separate review
P109-327	109	327	実践	実務	₅₀ 歳男性。身長 ₁₆₀ cm、体重 ₆₀ kg。食道がん術後の絶食状態にて以下の注射 液の投与指示があった。本処方の薬剤を投与する場合の血漿に対する浸透圧比とし て最も近いのはどれか。1つ選べ。 なお、血漿の浸透圧を ₂₉₀ mOsm/L とし、ブドウ糖の分子量は ₁₈₀ とする。 （処方） ブドウ糖注射液 ₅₀％ ₅₀₀ mL ₁ バッグ 中心静脈より投与 ₄₀ mL/h	"[""₁.₀"",""₂.₈"",""₄.₈"",""₉.₆"",""₁₉ . ₂""]"	singleChoice	3	null	normal	false	parsed	"[""none""]"		https://www.mhlw.go.jp/content/001226764.pdf	https://www.mhlw.go.jp/content/001228441.pdf	2024-02-18	MHLW website content under Public Data License 1.0 unless separately indicated; third-party content requires separate review
P109-328	109	328	実践	実務	₆₅ 歳男性。₃₀ 年前の検査で B 型肝炎ウイルス（HBV）陽性であったが、症状 もなく長年未治療のまま放置していた。最近になり、倦怠感、腹部膨満感及びめま い、ふらつきが強くなり、家族に連れられて受診したところ、非代償性肝硬変と診 断を受け緊急入院となった。検査の結果、腹水が観察され血圧も高値であり、内服 薬が開始されることになった。患者は日頃より便秘を訴えており、現在、食事は可 能であるが摂取量が減ってきている。また、血中アンモニアが ₁₉₈ ng/dL と高値 を示している。以下が入院後の処方である。 （処方 ₁ ） アムロジピン口腔内崩壊錠 ₅ mg ₁ 回 ₁ 錠（ ₁ 日 ₁ 錠） フロセミド錠 ₄₀ mg ₁ 回 ₁ 錠（ ₁ 日 ₁ 錠） スピロノラクトン錠 ₂₅ mg ₁ 回 ₂ 錠（ ₁ 日 ₂ 錠） ₁日₁回 朝食後 ₃ 日分 （処方 ₂ ） テノホビル アラフェナミドフマル酸塩錠 ₂₅ mg ₁ 回 ₁ 錠（ ₁ 日 ₁ 錠） ₁日₁回 朝食後 ₃ 日分 （処方 ₃ ） ウルソデオキシコール酸錠 ₁₀₀ mg ₁ 回 ₂ 錠（ ₁ 日 ₆ 錠） ₁日₃回 朝昼夕食後 ₃ 日分 （処方 ₄ ） 酸化マグネシウム錠 ₃₃₀ mg ₁ 回 ₂ 錠（ ₁ 日 ₆ 錠） ラクツロースゼリー分包 ₁₂ g/包 ₁ 回 ₁ 包（ ₁ 日 ₃ 包） 分岐鎖アミノ酸配合経口ゼリー剤 ₂₀ g/個 ₁ 回 ₁ 個（ ₁ 日 ₃ 個） ₁日₃回 朝昼夕食後 ₃ 日分 処方に対する薬剤師のアセスメント等として、適切なのはどれか。2つ選べ。	"[""高血圧に対してアムロジピンでコントロールが不十分な場合には、テルミサル タンの追加を提案する。"",""利尿剤による過度の脱水は、肝性昏睡（肝性脳症）を誘発する可能性があるた め、利尿薬の投与量に注意が必要である。"",""今後肝機能の改善が見られない場合には、ウルソデオキシコール酸を中止し、 アセチルシステインを提案する。"",""テノホビルは、投与中止により肝炎の重症化を起こすことがあるため、患者に 自己判断で中止しないように指導する。"",""分岐鎖アミノ酸製剤は非代償性肝硬変の治療に必須のため、今後食事が摂取で きなくなっても継続する必要がある。""]"	multiChoice	[1,3]	null	normal	false	parsed	"[""none""]"		https://www.mhlw.go.jp/content/001226764.pdf	https://www.mhlw.go.jp/content/001228441.pdf	2024-02-18	MHLW website content under Public Data License 1.0 unless separately indicated; third-party content requires separate review
P109-329	109	329	実践	実務	₇₂ 歳男性。体重 ₆₀ kg。₁₀ 年前に大学病院の腎臓内科にてネフローゼ症候群と 診断されプレドニゾロン錠とフロセミド錠による治療が開始された。昨年ステロイ ド抵抗性との診断を受けてシクロスポリンカプセルが追加され、治療中である。 某年 ₈ 月 ₉ 日に近隣の皮膚科を受診したところ、爪白癬との診断を受け、イトラ コナゾールの投与を推奨された。同日、大学病院の腎臓内科よりイトラコナゾール カプセルの処方が追加され、最終的に処方 ₁ ～ ₄ のように調整された。 ₉ 月 ₆ 日の 診察にて経過良好とのことから、治療は同じ処方で継続された。 （処方 ₁ ） プレドニゾロン錠 ₅ mg ₁ 回 ₄ 錠（ ₁ 日 ₄ 錠） フロセミド錠 ₄₀ mg ₁ 回 ₁ 錠（ ₁ 日 ₁ 錠） ₁日₁回 朝食後 ₂₈ 日分 （処方 ₂ ） イトラコナゾールカプセル ₅₀ mg ₁ 回 ₄ カプセル（ ₁ 日 ₈ カプセル） ₁日₂回 朝夕食直後 ₇ 日分 （処方 ₃ ） シクロスポリンカプセル ₅₀ mg ₁ 回 ₁ カプセル（ ₁ 日 ₂ カプセル） ₁日₂回 朝夕食前 ₇ 日分 （処方 ₄ ） シクロスポリンカプセル ₅₀ mg ₁ 回 ₂ カプセル（ ₁ 日 ₄ カプセル） （処方 ₂ 及び処方 ₃ を飲み終えてから飲んでください。） ₁日₂回 朝夕食前 ₂₁ 日分 （ ₉ 月 ₆ 日の検査値） 血清クレアチニン ₁ . ₃ mg/dL、eGFR ₄₂ . ₇ mL/min/₁ . ₇₃ m2、 血清アルブミン ₃ . ₁ g/dL、尿蛋白（!）、下肢の浮腫（!） 本日 ₉ 月 ₁₃ 日、昨夕より四肢のむくみと尿の泡立ちがひどくなったと自覚した ため、かかりつけ薬局へ相談に訪れた。対応した薬剤師は患者からの聞き取りに加 え、 ₉ 月 ₆ 日の検査値を確認した。 （聞き取り内容） ・処方 ₁ のお薬は以前と変わらず飲んでいる。 ・処方 ₂ のお薬は全て残っている。 ・処方 ₃ のお薬は残っていない。 ・処方 ₄ のお薬は全て残っている。 今回の患者の主訴である四肢のむくみと尿の泡立ちについて、腎臓内科医に提案 する内容として適切なのはどれか。2つ選べ。	"[""シクロスポリンの血中濃度測定"",""イトラコナゾールの血中濃度測定"",""処方 ₁ の中止"",""処方 ₂ 及び処方 ₄ の開始"",""処方 ₄ の開始""]"	multiChoice	[0,4]	null	normal	false	parsed	"[""none""]"		https://www.mhlw.go.jp/content/001226764.pdf	https://www.mhlw.go.jp/content/001228441.pdf	2024-02-18	MHLW website content under Public Data License 1.0 unless separately indicated; third-party content requires separate review
P109-331	109	331	実践	実務	₆₀ 歳男性。約 ₃₀ 分前に胸痛を訴え、近隣病院の救急センターに搬送された。 搬送時に意識障害が認められ、心拍 ₄₀ 拍/分、血圧 ₈₀/₅₀ mmHg であった。医師 はこれらの症候が不整脈に伴う心拍出量低下で生じていると判断し、アトロピンに よる緊急治療を開始することにした。救急担当薬剤師が即座に患者のお薬手帳から 常用薬を確認したところ、アトロピンの使用にあたり、注意が必要な疾患に罹患し ている可能性が考えられた。その疾患の治療薬はどれか。2つ選べ。	"[""チペピジンヒベンズ酸塩錠"",""テプレノンカプセル"",""ブリモニジン酒石酸塩点眼液"",""シロドシン錠"",""トピロキソスタット錠""]"	multiChoice	[2,3]	null	normal	false	parsed	"[""none""]"		https://www.mhlw.go.jp/content/001226764.pdf	https://www.mhlw.go.jp/content/001228441.pdf	2024-02-18	MHLW website content under Public Data License 1.0 unless separately indicated; third-party content requires separate review
P109-332	109	332	実践	実務	₇₅ 歳女性。入院して大腸ポリープ切除術を施行することになった。この病院で は、入院前にあらかじめ入院支援センターで薬剤師により持参薬のチェックなどを 行うことになっている。また、大腸ポリープ切除術のクリニカルパスには手術当日 から創部感染予防の目的でセフメタゾールナトリウム静注用と発熱予防目的でアセ トアミノフェン錠を投与することが記載されていた。入院支援センターの薬剤師が 聞き取り調査を行ったところ、以下の情報が得られた。薬剤師が医師に提案する内 容として適切なのはどれか。2つ選べ。 （お薬手帳の内容） アムロジピン錠 ₅ mg ₁回₁錠 ₁日₁回 朝食後 シンバスタチン錠 ₅ mg ₁回₁錠 ₁日₁回 夕食後 ワルファリンカリウム錠 ₁ mg ₁回₂錠 ₁日₁回 夕食後 （入院支援センターの薬剤師が患者から聞き取った内容） ・健康食品、サプリメント 特になし。 ・副作用、アレルギー歴 アスピリン喘息 ₂ ～ ₃ 年前、ペニシリン系抗生物質により発疹	"[""アムロジピン錠の中止"",""ワルファリンカリウム錠の変更"",""シンバスタチン錠の中止"",""セフメタゾール注の変更"",""アセトアミノフェン錠の変更""]"	multiChoice	[1,3]	null	normal	false	parsed	"[""none""]"		https://www.mhlw.go.jp/content/001226764.pdf	https://www.mhlw.go.jp/content/001228441.pdf	2024-02-18	MHLW website content under Public Data License 1.0 unless separately indicated; third-party content requires separate review
P109-333	109	333	実践	実務	₇₉ 歳男性。体重 ₅₀ kg。うっ血性心不全にて通院治療中である。全身倦怠感と 呼吸困難を訴えているため、救急搬送された。血液検査を行ったところ、血清ナト リウム濃度が ₁₂₀ mEq/L であった。意識障害と嘔吐症状があることから、塩化ナ トリウムを静注することになった。塩化ナトリウム注射液は、 ₃ ％の高張液とし、 輸液ポンプを用いて、₃₀ mL/h の投与速度で開始し、 ₂ 時間ごとに血清ナトリウ ム濃度を測定し、その濃度に応じて投与量を適宜調節した。 ₃ ％塩化ナトリウム注射液の調製方法について、最も適切なのはどれか。1つ選 べ。なお、注射製剤の過量充てん分は考慮しないものとする。	"[""生理食塩液 ₅₀₀ mL に、塩化ナトリウム注射液 ₁₀％（ ₁ 管、₂₀ mL）を ₃ 管注 入し均等混和"",""生理食塩液 ₃₀₀ mL（₅₀₀ mL ボトルから注射器で、₂₀₀ mL 捨てる）に、塩化 ナトリウム注射液 ₁₀％（ ₁ 管、₂₀ mL）を ₁₀ 管注入し均等混和"",""生理食塩液 ₄₂₀ mL（₅₀₀ mL ボトルから注射器で、₈₀ mL 捨てる）に、塩化ナ トリウム注射液 ₁₀％（ ₁ 管、₂₀ mL）を ₄ 管注入し均等混和"",""生理食塩液 ₄₀₀ mL（₅₀₀ mL ボトルから注射器で、₁₀₀ mL 捨てる）に、塩化 ナトリウム注射液 ₁₀％（ ₁ 管、₂₀ mL）を ₆ 管注入し均等混和"",""生理食塩液 ₃₄₀ mL（₅₀₀ mL ボトルから注射器で、₁₆₀ mL 捨てる）に、塩化 ナトリウム注射液 ₁₀％（ ₁ 管、₂₀ mL）を ₈ 管注入し均等混和""]"	singleChoice	3	null	normal	false	parsed	"[""none""]"		https://www.mhlw.go.jp/content/001226764.pdf	https://www.mhlw.go.jp/content/001228441.pdf	2024-02-18	MHLW website content under Public Data License 1.0 unless separately indicated; third-party content requires separate review
P109-334	109	334	実践	実務	₅₈ 歳女性。 ₂ ケ月前に全身性エリテマトーデスによるループス腎炎と診断さ れ、薬物治療を継続中である。以下の処方箋並びに検査結果を持って薬局を訪れ た。 （処方 ₁ ） プレドニゾロン錠 ₅ mg ₁ 回 ₂ 錠（ ₁ 日 ₄ 錠） ₁日₂回 朝夕食後 ₁₄ 日分 （処方 ₂ ） ランソプラゾール口腔内崩壊錠 ₁₅ mg ₁ 回 ₁ 錠（ ₁ 日 ₁ 錠） エルデカルシトールカプセル ₀ . ₇₅ ng ₁ 回 ₁ カプセル（ ₁ 日 ₁ カプセル） アトルバスタチン錠 ₂ . ₅ mg ₁ 回 ₁ 錠（ ₁ 日 ₁ 錠） ₁日₁回 朝食後 ₁₄ 日分 （処方 ₃ ） ニカルジピン塩酸塩錠 ₁₀ mg ₁ 回 ₁ 錠（ ₁ 日 ₃ 錠） ₁日₃回 朝昼夕食後 ₁₄ 日分 （処方 ₄ ） リセドロン酸 Na 水和物錠 ₁₇ . ₅ mg ₁ 回 ₁ 錠（ ₁ 日 ₁ 錠） 毎週日曜日 ₁日₁回 起床時 ₂ 日分 （検査値） 血清アルブミン ₄ . ₀ g/dL、AST ₁₀ IU/L、ALT ₁₅ IU/L、LDH ₁₂₅ U/L、 血清クレアチニン ₀ . ₅₇ mg/dL、eGFR ₈₆ . ₃ mL/min/₁ . ₇₃ m2、 LDL︲C ₈₈ mg/dL、HDL︲C ₅₂ mg/dL、TG（トリグリセリド）₁₀₅ mg/dL、 CK（クレアチンキナーゼ）₃₀ U/L、K ₂ . ₈ mEq/L、Ca ₈ . ₄ mg/L、 CRP ₀ . ₄₂ mg/dL、HbA₁c ₆ . ₅％、血圧 ₁₃₂/₈₄ mmHg、赤褐色尿（-） 患者から体調について、最近、手足のだるさやこわばり症状があることを聴取し た。 また、吐き気や下痢症状はないことを確認した。薬剤師は副作用を疑い、処方医 に疑義照会したところ、対策案を依頼された。提案する事項として、適切なのはど れか。2つ選べ。	"[""ニカルジピンの中止"",""アトルバスタチンの中止"",""アゾセミドの追加"",""塩化カリウムの追加"",""スピロノラクトンの追加""]"	multiChoice	[3,4]	null	normal	false	parsed	"[""none""]"		https://www.mhlw.go.jp/content/001226764.pdf	https://www.mhlw.go.jp/content/001228441.pdf	2024-02-18	MHLW website content under Public Data License 1.0 unless separately indicated; third-party content requires separate review
P109-335	109	335	実践	実務	₆₆ 歳男性。身長 ₁₆₈ cm、体重 ₅₇ kg。₁₀ 年前からアルコール性肝炎及び無症 候性脳梗塞で病院に定期通院の中、前回の診察で逆流性食道炎と診断され、ファモ チジンが処方された。前回より ₁ ケ月経過した今回の受診時においても、逆流性食 道炎の症状が続いていた。以下に、直近の処方並びに前回、今回の検査結果及び患 者からの聞き取り内容を示す。 （処方 ₁ ） ウルソデオキシコール酸錠 ₅₀ mg ₁ 回 ₁ 錠（ ₁ 日 ₃ 錠） ₁日₃回 朝昼夕食後 ₁₄ 日分 （処方 ₂ ） チクロピジン塩酸塩錠 ₁₀₀ mg ₁ 回 ₂ 錠（ ₁ 日 ₂ 錠） ニフェジピン徐放錠 ₂₀ mg ₁ 回 ₁ 錠（ ₁ 日 ₁ 錠） バルサルタン錠 ₈₀ mg ₁ 回 ₁ 錠（ ₁ 日 ₁ 錠） ₁日₁回 朝食後 ₁₄ 日分 （処方 ₃ ） ファモチジン錠 ₂₀ mg ₁ 回 ₁ 錠（ ₁ 日 ₁ 錠） ₁日₁回 夕食後 ₁₄ 日分 （検査値） 前回（ ₁ ケ月前） 今回 血圧 mmHg ₁₂₈/₈₂ ₁₂₆/₈₀ 血清アルブミン g/dL ₃.₂ ₃.₄ AST IU/dL ₂₇₆ ₂₆₆ ALT IU/dL ₂₉₂ ₂₇₇ 総ビリルビン mg/dL ₂.₄ ₂.₂ アンモニア ng/dL ₉₇ ₁₀₁ 血清クレアチニン mg/dL ₁.₁ ₁.₀ CCr mL/min ₅₃ . ₃ ₅₈ . ₆ 白血球/nL ₆ , ₃₀₀ ₆ , ₁₀₀ 赤血球 #₁₀4/nL ₃₉₈ ₃₂₅ 血小板 #₁₀ /nL ₁₅ . ₈ ₄.₅ （聞き取り内容） ・手足のむくみについては、自覚していますが悪化したとは思いません。 ・気がついたら青あざが出来ていました。 検査値並びに聞き取り内容に基づくこの患者の最近 ₁ ケ月間に関する担当薬剤師 のアセスメントとして最も適切なのはどれか。1つ選べ。	"[""ファモチジンによる血小板減少が疑われる。"",""ウルソデオキシコール酸による肝機能改善が認められる。"",""チクロピジンによる汎血球減少が疑われる。"",""ニフェジピンは CCr に基づいて ₁₀ mg に減量すべきである。"",""バルサルタンによる横紋筋融解症が疑われる。""]"	singleChoice	0	null	normal	false	parsed	"[""none""]"		https://www.mhlw.go.jp/content/001226764.pdf	https://www.mhlw.go.jp/content/001228441.pdf	2024-02-18	MHLW website content under Public Data License 1.0 unless separately indicated; third-party content requires separate review
P109-336	109	336	実践	実務	₄₂ 歳男性。身長 ₁₆₅ cm。血液検査の結果、血清ナトリウム濃度が ₁₄₇ mEq/L であり、高張性脱水と診断され、輸液により水分を補給することになった。この患 者の水分欠乏量に最も近い値はどれか。1つ選べ。 ただし、この患者の体重は ₆₀ kg、血清ナトリウム濃度の目標値を ₁₄₀ mEq/L、 体水分量を体重の ₅₀％とする。	"[""₁.₀ L"",""₁.₅ L"",""₂.₀ L"",""₂.₅ L"",""₃.₀ L""]"	singleChoice	1	null	normal	false	parsed	"[""none""]"		https://www.mhlw.go.jp/content/001226764.pdf	https://www.mhlw.go.jp/content/001228441.pdf	2024-02-18	MHLW website content under Public Data License 1.0 unless separately indicated; third-party content requires separate review
P109-337	109	337	実践	実務	院内の安全対策研修会で、下記の事例をもとに医療事故の対応を多職種で議論 した。 事例 ₆₀ 歳女性。関節リウマチの診断で今回より初めて ₁ 日あたりメトトレキサート カプセル ₂ mg ₃ カプセルが ₄ 週間分処方された。本来、週 ₁ 回服用のところ、連 日服用で、服用開始 ₅ 日目に倦怠感、食欲不振、歯肉出血を認めた。翌日には喀血 により救急搬送され、当院に緊急入院となった。当日の検査の結果、口腔粘膜障 害、胃腸障害、肝機能障害、骨髄抑制が認められた。 議論の中で、この患者への処置について薬剤師が意見を求められた。この患者に 対して効果的な対処はどれか。2つ選べ。	"[""ホリナートカルシウムの投与"",""ビタミン K 製剤の投与"",""薬用炭の投与"",""アスピリン製剤の投与"",""炭酸水素ナトリウム注射液の投与""]"	multiChoice	[0,4]	null	normal	false	parsed	"[""none""]"		https://www.mhlw.go.jp/content/001226764.pdf	https://www.mhlw.go.jp/content/001228441.pdf	2024-02-18	MHLW website content under Public Data License 1.0 unless separately indicated; third-party content requires separate review
P109-338	109	338	実践	実務	₆₅ 歳男性。進行非小細胞肺がんの治療のためカルボプラチン、ペメトレキセ ド、ベバシズマブ療法を開始することになった。外来化学療法室の担当薬剤師は、 次回来院までの間、電話での経過観察を含む服薬状況の確認を実施することにし た。次の記述のうち、適切なのはどれか。2つ選べ。なお、補助薬として葉酸錠、 ビタミン B12 注射剤及びヘパリン類似物質クリームが処方されている。	"[""カルボプラチン投与患者で他の白金製剤と比較して頻発する末梢神経障害を発 症していないか確認する。"",""ペメトレキセドの副作用を予防するために処方されている葉酸錠のアドヒアラ ンスを確認する。"",""ベバシズマブ投与後に頻発する低血圧症が起こっていないか確認する。"",""発熱、咳嗽、呼吸困難など間質性肺炎を疑う症状が起こっていないか確認する。"",""手足症候群緩和のために処方されているビタミン B12 注射剤の副作用について 確認する。""]"	multiChoice	[1,3]	null	normal	false	parsed	"[""none""]"		https://www.mhlw.go.jp/content/001226764.pdf	https://www.mhlw.go.jp/content/001228441.pdf	2024-02-18	MHLW website content under Public Data License 1.0 unless separately indicated; third-party content requires separate review
P109-339	109	339	実践	実務	₇₃ 歳男性。体重 ₇₂ kg。持続性心房細動及び高血圧症に対して治療中であっ た。自宅で階段を踏み外し、転倒したため救急搬送された。頭部 CT 検査は異常な しであったが、右前腕部尺骨の骨折による前腕部の腫脹が認められたため、保存治 療のため入院することになった。入院時検査を行うとともに病棟薬剤師が持参薬の 確認を行った。 （持参薬） ビソプロロールフマル酸塩錠 ₂ . ₅ mg オルメサルタン口腔内崩壊錠 ₂₀ mg スピロノラクトン錠 ₅₀ mg ジルコニウムシクロケイ酸ナトリウム水和物懸濁用散分包 ₅ g エドキサバントシル酸塩水和物口腔内崩壊錠 ₆₀ mg （入院時所見） 体温 ₃₆ . ₈ ℃、血圧 ₁₂₈/₈₀ mmHg、脈拍 ₉₂ 拍/分 （検査値） 赤血球 ₄₅₃ # ₁₀4/nL、白血球 ₄ , ₀₆₀/nL、血小板 ₁₅ . ₄ # ₁₀4/nL、 Hb ₁₄ . ₂ g/dL、AST ₂₄ IU/L、ALT ₁₈ IU/L、総ビリルビン ₀ . ₈ mg/dL、 c︲GTP ₅₄ IU/L、LDH ₂₄₈ IU/L、尿酸 ₆ . ₀ mg/dL、Na ₁₄₁ mEq/L、 K ₃ . ₀ mEq/L、血清アルブミン ₃ . ₅ g/dL、BUN ₃₉ mg/dL、 血清クレアチニン ₁ . ₈₅ mg/dL、CCr ₃₆ . ₂ mL/min、下肢浮腫（+）、 尿蛋白（+） この患者の持参薬のうち、薬剤師が入院時に減量あるいは中止を提案する薬剤と して、適切なのはどれか。2つ選べ。	"[""ビソプロロールフマル酸塩錠"",""オルメサルタン口腔内崩壊錠"",""スピロノラクトン錠"",""ジルコニウムシクロケイ酸ナトリウム水和物懸濁用散分包"",""エドキサバントシル酸塩水和物口腔内崩壊錠""]"	multiChoice	[3,4]	null	normal	false	parsed	"[""none""]"		https://www.mhlw.go.jp/content/001226764.pdf	https://www.mhlw.go.jp/content/001228441.pdf	2024-02-18	MHLW website content under Public Data License 1.0 unless separately indicated; third-party content requires separate review
P109-340	109	340	実践	実務	₇₄ 歳女性。友人と一緒に地域の健康フェアに参加した際に、お薬相談コーナー を訪れた。女性の話によると、過去 ₁₀ 年以上治療してきており、今の ₅ 剤になっ たのは半年前である。最近、足のむくみと体重増加が気になっているとのことで あった。薬剤師は、女性が持参したお薬手帳より、以下の薬剤を服用中であること を確認している。 （お薬手帳の内容） アジルサルタン錠 ₂₀ mg ₁ 回 ₁ 錠（ ₁ 日 ₁ 錠） ピオグリタゾン塩酸塩錠 ₃₀ mg ₁ 回 ₁ 錠（ ₁ 日 ₁ 錠） ₁日₁回 朝食後 ₁₄ 日分 ペマフィブラート錠 ₀ . ₁ mg ₁ 回 ₁ 錠（ ₁ 日 ₂ 錠） 硝酸イソソルビド徐放錠 ₂₀ mg ₁ 回 ₁ 錠（ ₁ 日 ₂ 錠） ₁日₂回 朝夕食後 ₁₄ 日分 ブロチゾラム口腔内崩壊錠 ₀ . ₂₅ mg ₁ 回 ₁ 錠（ ₁ 日 ₁ 錠） ₁日₁回 就寝前 ₁₄ 日分 この女性が、気になっている身体所見及び症状について、薬剤性と疑う場合、最 も強く疑われるのはどれか。1つ選べ。	"[""アジルサルタン錠"",""ピオグリタゾン塩酸塩錠"",""ペマフィブラート錠"",""硝酸イソソルビド徐放錠"",""ブロチゾラム口腔内崩壊錠""]"	singleChoice	1	null	normal	false	parsed	"[""none""]"		https://www.mhlw.go.jp/content/001226764.pdf	https://www.mhlw.go.jp/content/001228441.pdf	2024-02-18	MHLW website content under Public Data License 1.0 unless separately indicated; third-party content requires separate review
P109-341	109	341	実践	実務	₃₈ 歳男性。体重 ₈₀ kg。数年前より動悸及び息切れを自覚し、最近では歯茎か らの出血や不意の鼻血などで不安になったため近医を受診した。引き続き近医より 紹介された大学病院にて骨髄穿刺を受けた。病理検査の結果、骨髄異形成症候群と 診断され、全身放射線照射に引き続き無菌病室で骨髄幹細胞移植治療を受けた。移 植後の移植片対宿主病及び真菌感染症の予防目的で以下の薬物が投与開始された。 なお、タクロリムスの血中濃度は ₁₅ ng/mL を目標とされた。 （処方 ₁ ） 注射用メトトレキサート ₁₅ mg/m /日 ₁ 日目 生理食塩液 ₅₀ mL ₁本 注射用メトトレキサート ₁₀ mg/m /日 ₃ 、 ₆ 、₁₁ 日目 生理食塩液 ₅₀ mL ₁本 生理食塩液にすべて溶解し、 ₁ 日 ₁ 回 朝 静脈内投与 （処方 ₂ ） タクロリムス水和物注射液 ₀ . ₀₃ mg/kg/日 生理食塩液 ₁₀₀ mL ₁本 ₀ . ₁ mg/mL に調製し、シリンジポンプで ₂₄ 時間持続投与 （処方 ₃ ） 注射用ボリコナゾール ₁ 回 ₄₀₀ mg（ ₁ 日 ₈₀₀ mg） ₁ 日目 生理食塩液 ₅₀ mL ₁本 注射用ボリコナゾール ₁ 回 ₃₀₀ mg（ ₁ 日 ₆₀₀ mg） ₂ 日目以降 生理食塩液 ₅₀ mL ₁本 生理食塩液にすべて溶解し、 ₁ 日 ₂ 回 朝夕 静脈内投与 投与開始後 ₂ 週間目にタクロリムス、ボリコナゾールは経口投与に変更となっ た。 骨髄幹細胞移植を実施した後の病棟担当薬剤師によるアセスメントとして適切な のはどれか。2つ選べ。	"[""投与開始直後の発熱に備えて頓用のイブプロフェンを準備する。"",""タクロリムス水和物注射液は ₁ mL/h の速度で投与する。"",""ボリコナゾールは血中濃度を参考に用量を調節する。"",""移植片対宿主病を疑う所見が現れた場合はシクロスポリン注射液の追加を考慮 する。"",""移植片対宿主病の発症を認めなくてもタクロリムスの投与は生涯必要である。""]"	multiChoice	[1,2]	null	normal	false	parsed	"[""none""]"		https://www.mhlw.go.jp/content/001226764.pdf	https://www.mhlw.go.jp/content/001228441.pdf	2024-02-18	MHLW website content under Public Data License 1.0 unless separately indicated; third-party content requires separate review
P109-342	109	342	実践	実務	来局者の訴える症状及び現在の服用薬、それに対して薬剤師が選択した一般用 漢方製剤として適切なのはどれか。2つ選べ。 来局者の訴える症状 現在の服用薬 選択した一般用漢方製剤 風邪のひき始めで寒気が タムスロシン塩酸塩	"[""防風通聖散 する 口腔内崩壊錠"",""アレルギー性の鼻炎 アピキサバン錠 小青竜湯 疲れやすく、食欲不振で グリチルリチン含有"",""補中益気湯 ある 製剤 排尿が困難であり、いつ"",""ファモチジン錠 八味地黄丸 も残尿感がある"",""夜就寝中に足がつる スピロノラクトン錠 当帰芍薬散""]"	multiChoice	[1,3]	null	normal	false	parsed	"[""none""]"		https://www.mhlw.go.jp/content/001226764.pdf	https://www.mhlw.go.jp/content/001228441.pdf	2024-02-18	MHLW website content under Public Data License 1.0 unless separately indicated; third-party content requires separate review
P109-343	109	343	実践	実務	₆₁ 歳女性。身長 ₁₆₅ cm、体重 ₅₇ kg。左上葉非小細胞肺がん（腺がん、EGFR 遺伝子変異陰性、ALK 融合遺伝子陰性、PD︲L₁ 1 ₅₀％）で骨転移があり、Stage Ⅳ M₁b 期と診断された。初回化学療法としてシスプラチン、ドセタキセル併用療法 を導入することになった。 （身体所見及び検査値） 血圧 ₁₂₃/₇₅ mmHg、白血球 ₄ , ₅₀₀/nL、好中球 ₂ , ₈₀₀/nL、Hb ₁₁ . ₅ g/dL、 血小板 ₂₈ . ₇ # ₁₀ /nL、血清アルブミン ₃ . ₈ g/dL、AST ₁₀ IU/L、 ALT ₁₄ IU/L、血清クレアチニン ₀ . ₉ mg/dL、血清カルシウム ₁₀ . ₅ mg/L、 CRP ₀ . ₄ mg/dL、心電図 異常なし （全身状態） パフォーマンスステータス（PS）₂ （既往歴） うっ血性心不全 この患者の化学療法を開始するにあたり、薬剤師の確認及び提案事項として適切 なのはどれか。2つ選べ。	"[""非ステロイド性抗炎症薬が服用されていないことの確認"",""中等度催吐性リスクの抗がん薬に対する制吐薬が処方されていることの確認"",""シスプラチンの希釈液として生理食塩液が処方されていることの確認"",""通常の輸液によるハイドレーションを変更して、経口補液との併用による ショートハイドレーション法の推奨"",""腎障害モニタリングを投与開始後 ₃ 日目より実施""]"	multiChoice	[0,2]	null	normal	false	parsed	"[""none""]"		https://www.mhlw.go.jp/content/001226764.pdf	https://www.mhlw.go.jp/content/001228441.pdf	2024-02-18	MHLW website content under Public Data License 1.0 unless separately indicated; third-party content requires separate review
P109-344	109	344	実践	実務	₄₈ 歳男性。身長 ₁₇₄ cm、体重 ₅₂ kg。慢性骨髄性白血病、高血圧、消化性潰瘍 並びに脂質異常症と診断され、これまで処方 ₁ 及び処方 ₂ にて治療していた。今 回、イマチニブ錠にて効果不十分であったため、ニロチニブ塩酸塩水和物カプセル に変更になり、処方 ₃ ～ ₅ の処方箋を持参し来局した。 【前回までの処方】 （処方 ₁ ） テルミサルタン錠 ₄₀ mg ₁ 回 ₁ 錠（ ₁ 日 ₁ 錠） プラバスタチン Na 錠 ₁₀ mg ₁ 回 ₁ 錠（ ₁ 日 ₁ 錠） イマチニブ錠 ₁₀₀ mg ₁ 回 ₄ 錠（ ₁ 日 ₄ 錠） ₁日₁回 朝食後 ₁₄ 日分 （処方 ₂ ） ファモチジン錠 ₂₀ mg ₁ 回 ₂ 錠（ ₁ 日 ₂ 錠） ₁日₁回 就寝前 ₁₄ 日分 【今回の処方】 （処方 ₃ ） テルミサルタン錠 ₄₀ mg ₁ 回 ₁ 錠（ ₁ 日 ₁ 錠） プラバスタチン Na 錠 ₁₀ mg ₁ 回 ₁ 錠（ ₁ 日 ₁ 錠） ₁日₁回 朝食後 ₁₄ 日分 （処方 ₄ ） ニロチニブ塩酸塩水和物カプセル ₂₀₀ mg ₁ 回 ₂ カプセル（ ₁ 日 ₄ カプセル） ₁日₂回 朝・夕食後 ₁₄ 日分 （処方 ₅ ） ファモチジン錠 ₂₀ mg ₁ 回 ₂ 錠（ ₁ 日 ₂ 錠） ₁日₁回 就寝前 ₁₄ 日分 （検査値） 血圧 ₁₂₅/₇₂ mmHg、赤血球 ₄₁₀ # ₁₀4/nL、白血球 ₄ , ₆₀₀/nL、 総コレステロール ₂₀₂ mg/dL、HDL︲C ₅₅ mg/dL、LDL︲C ₉₀ mg/dL、 TG ₁₀₅ mg/dL 薬局薬剤師の対応として適切なのはどれか。2つ選べ。	"[""テルミサルタン錠から、アムロジピン錠への変更を提案する。"",""プラバスタチン錠から、シンバスタチン錠への変更を提案する。"",""ニロチニブ塩酸塩水和物カプセルの用法を食後 ₂ 時間以降に変更を提案する。"",""ファモチジン錠から、エソメプラゾールカプセルへの変更を提案する。"",""心電図検査の実施の有無を確認する。""]"	multiChoice	[2,4]	null	normal	false	parsed	"[""none""]"		https://www.mhlw.go.jp/content/001226764.pdf	https://www.mhlw.go.jp/content/001228441.pdf	2024-02-18	MHLW website content under Public Data License 1.0 unless separately indicated; third-party content requires separate review
P109-345	109	345	実践	実務	₄₇ 歳男性。体重 ₆₂ kg。₂₀ 年以上前から習慣として毎日ビール（ ₁ 缶 ₅₀₀ mL） を ₃ 缶飲んでいた。腹部膨満感、嘔吐、四肢の浮腫、左足親指の関節痛を訴えて受 診したところ、アルコールの過剰摂取による肝硬変及び痛風と診断され、以下の処 方 ₁ 、 ₂ 、 ₃ により治療中である。治療開始から ₂ 週間目に、薬局の薬剤師が服薬 状況の確認のために電話をしたところ、患者から「発熱があり、眼が充血して両下 肢にじん麻疹ができている」という訴えがあった。薬局の薬剤師は、すぐに主治医 への受診を勧め、その後入院加療となった。 （入院時所見等） Na ₁₄₀ mEq/L、K ₃ . ₈ mEq/L、総ビリルビン ₂ . ₁ mg/dL、 血清アルブミン ₂ . ₈ g/dL、PT︲INR ₂ . ₀、AST ₇₈ IU/L、ALT ₆₆ IU/L、 血小板 ₈ # ₁₀4/nL、c︲GTP ₁₂₀ IU/L、アンモニア ₁₁₁ ng/dL、 BUN ₁₈ mg/dL、血清クレアチニン ₁ . ₁ mg/dL、 eGFR ₄₂ . ₈ mL/min/₁ . ₇₃ m 、尿酸 ₈ . ₁ mg/dL （処方 ₁ ） フロセミド錠 ₂₀ mg ₁ 回 ₁ 錠（ ₁ 日 ₁ 錠） スピロノラクトン錠 ₂₅ mg ₁ 回 ₁ 錠（ ₁ 日 ₁ 錠） ₁日₁回 朝食後 ₁₄ 日分 （処方 ₂ ） ウルソデオキシコール酸錠 ₁₀₀ mg ₁ 回 ₁ 錠（ ₁ 日 ₃ 錠） アロプリノール錠 ₁₀₀ mg ₁ 回 ₁ 錠（ ₁ 日 ₃ 錠） ₁日₃回 朝昼夕食後 ₁₄ 日分 （処方 ₃ ） ラクツロースゼリー分包 ₁₂ g/包 ₁ 回 ₁ 包（ ₁ 日 ₃ 包） 分岐鎖アミノ酸配合経口ゼリー剤 ₂₀ g/個 ₁ 回 ₁ 個（ ₁ 日 ₃ 個） ₁日₃回 朝昼夕食後 ₁₄ 日分 入院精査の結果、アロプリノールによるアレルギー反応と疑われ、アロプリノー ルの使用は中止となった。入院中、この患者への対応として適切でないのはどれ か。1つ選べ。	"[""スピロノラクトン錠をトルバプタン錠に変更"",""ベンズブロマロン錠の追加"",""フェブキソスタット錠の追加"",""ベタメタゾン点眼液の追加"",""オロパタジン塩酸塩錠の追加""]"	singleChoice	1	null	normal	false	parsed	"[""none""]"		https://www.mhlw.go.jp/content/001226764.pdf	https://www.mhlw.go.jp/content/001228441.pdf	2024-02-18	MHLW website content under Public Data License 1.0 unless separately indicated; third-party content requires separate review
