Command line invocation:
    /Applications/Xcode_16.4.app/Contents/Developer/usr/bin/xcodebuild -project SplatNative.xcodeproj -scheme SplatNative -configuration Release -sdk iphoneos -destination generic/platform=iOS CODE_SIGNING_ALLOWED=NO CODE_SIGNING_REQUIRED=NO build

Build settings from command line:
    CODE_SIGNING_ALLOWED = NO
    CODE_SIGNING_REQUIRED = NO
    SDKROOT = iphoneos18.5

Resolve Package Graph

Fetching from https://github.com/scier/MetalSplatter.git

Fetching from https://github.com/supabase/supabase-swift.git

Fetching from https://github.com/pointfreeco/xctest-dynamic-overlay

Fetching from https://github.com/pointfreeco/swift-concurrency-extras

Fetching from https://github.com/open-telemetry/opentelemetry-swift-core.git

Fetching from https://github.com/pointfreeco/swift-clocks

Fetching from https://github.com/apple/swift-http-types.git

Fetching from https://github.com/apple/swift-crypto.git

Fetching from https://github.com/scier/spz-swift.git

Fetching from https://github.com/apple/swift-argument-parser

Fetching from https://github.com/apple/swift-atomics.git

Fetching from https://github.com/apple/swift-asn1.git

Creating working copy of package ‘spz-swift’

Checking out 2.1.0 of package ‘spz-swift’

Creating working copy of package ‘swift-crypto’

Checking out 4.5.2 of package ‘swift-crypto’

Creating working copy of package ‘swift-argument-parser’

Checking out 1.8.2 of package ‘swift-argument-parser’

Creating working copy of package ‘opentelemetry-swift-core’

Checking out 2.5.1 of package ‘opentelemetry-swift-core’

Creating working copy of package ‘swift-http-types’

Checking out 1.8.0 of package ‘swift-http-types’

Creating working copy of package ‘xctest-dynamic-overlay’

Checking out 1.13.1 of package ‘xctest-dynamic-overlay’

Creating working copy of package ‘swift-concurrency-extras’

Checking out 1.4.1 of package ‘swift-concurrency-extras’

Creating working copy of package ‘MetalSplatter’

Checking out 2b965de1934de38dda1c71cf90bf798aa948a14c of package ‘MetalSplatter’

Creating working copy of package ‘supabase-swift’

Checking out 21d3aaf21ee98f41611f9f75070489fc8b23d882 of package ‘supabase-swift’

Creating working copy of package ‘swift-atomics’

Checking out 1.3.1 of package ‘swift-atomics’

Creating working copy of package ‘swift-asn1’

Checking out 1.7.2 of package ‘swift-asn1’

Creating working copy of package ‘swift-clocks’

Checking out 1.1.1 of package ‘swift-clocks’


Resolved source packages:
  Supabase: https://github.com/supabase/supabase-swift.git @ 21d3aaf
  swift-http-types: https://github.com/apple/swift-http-types.git @ 1.8.0
  swift-asn1: https://github.com/apple/swift-asn1.git @ 1.7.2
  ScanLabAssimp: /Users/runner/work/ALLSUNDAY1122.github.io/ALLSUNDAY1122.github.io/splat-native-ios/Packages/AssimpBinary
  swift-argument-parser: https://github.com/apple/swift-argument-parser @ 1.8.2
  spz-swift: https://github.com/scier/spz-swift.git @ 2.1.0
  Msplat: /Users/runner/work/ALLSUNDAY1122.github.io/ALLSUNDAY1122.github.io/splat-native-ios/Packages/MsplatMemory
  swift-clocks: https://github.com/pointfreeco/swift-clocks @ 1.1.1
  xctest-dynamic-overlay: https://github.com/pointfreeco/xctest-dynamic-overlay @ 1.13.1
  swift-atomics: https://github.com/apple/swift-atomics.git @ 1.3.1
  swift-crypto: https://github.com/apple/swift-crypto.git @ 4.5.2
  swift-concurrency-extras: https://github.com/pointfreeco/swift-concurrency-extras @ 1.4.1
  MetalSplatter: https://github.com/scier/MetalSplatter.git @ 2b965de
  opentelemetry-swift-core: https://github.com/open-telemetry/opentelemetry-swift-core.git @ 2.5.1

ComputePackagePrebuildTargetDependencyGraph

Prepare packages

CreateBuildRequest

SendProjectDescription

CreateBuildOperation

ComputeTargetDependencyGraph
note: Building targets in dependency order
note: Target dependency graph (36 targets)
    Target 'SplatNative' in project 'SplatNative'
        ➜ Explicit dependency on target 'Msplat' in project 'Msplat'
        ➜ Explicit dependency on target 'MetalSplatter' in project 'MetalSplatter'
        ➜ Explicit dependency on target 'SplatIO' in project 'MetalSplatter'
        ➜ Explicit dependency on target 'Supabase' in project 'Supabase'
        ➜ Explicit dependency on target 'AssimpBinary' in project 'ScanLabAssimp'
    Target 'AssimpBinary' in project 'ScanLabAssimp' (no dependencies)
    Target 'Supabase' in project 'Supabase'
        ➜ Explicit dependency on target 'Supabase' in project 'Supabase'
        ➜ Explicit dependency on target 'Helpers' in project 'Supabase'
        ➜ Explicit dependency on target 'Auth' in project 'Supabase'
        ➜ Explicit dependency on target 'Functions' in project 'Supabase'
        ➜ Explicit dependency on target 'PostgREST' in project 'Supabase'
        ➜ Explicit dependency on target 'RealtimeV2' in project 'Supabase'
        ➜ Explicit dependency on target 'Realtime' in project 'Supabase'
        ➜ Explicit dependency on target 'Storage' in project 'Supabase'
        ➜ Explicit dependency on target 'ConcurrencyExtras' in project 'swift-concurrency-extras'
        ➜ Explicit dependency on target 'HTTPTypes' in project 'swift-http-types'
        ➜ Explicit dependency on target 'Clocks' in project 'swift-clocks'
        ➜ Explicit dependency on target 'XCTestDynamicOverlay' in project 'xctest-dynamic-overlay'
        ➜ Explicit dependency on target 'IssueReporting' in project 'xctest-dynamic-overlay'
        ➜ Explicit dependency on target 'Crypto' in project 'swift-crypto'
    Target 'Supabase' in project 'Supabase'
        ➜ Explicit dependency on target 'Helpers' in project 'Supabase'
        ➜ Explicit dependency on target 'Auth' in project 'Supabase'
        ➜ Explicit dependency on target 'Functions' in project 'Supabase'
        ➜ Explicit dependency on target 'PostgREST' in project 'Supabase'
        ➜ Explicit dependency on target 'RealtimeV2' in project 'Supabase'
        ➜ Explicit dependency on target 'Realtime' in project 'Supabase'
        ➜ Explicit dependency on target 'Storage' in project 'Supabase'
        ➜ Explicit dependency on target 'ConcurrencyExtras' in project 'swift-concurrency-extras'
        ➜ Explicit dependency on target 'HTTPTypes' in project 'swift-http-types'
        ➜ Explicit dependency on target 'Clocks' in project 'swift-clocks'
        ➜ Explicit dependency on target 'XCTestDynamicOverlay' in project 'xctest-dynamic-overlay'
        ➜ Explicit dependency on target 'IssueReporting' in project 'xctest-dynamic-overlay'
        ➜ Explicit dependency on target 'Crypto' in project 'swift-crypto'
    Target 'Storage' in project 'Supabase'
        ➜ Explicit dependency on target 'Helpers' in project 'Supabase'
        ➜ Explicit dependency on target 'ConcurrencyExtras' in project 'swift-concurrency-extras'
        ➜ Explicit dependency on target 'HTTPTypes' in project 'swift-http-types'
        ➜ Explicit dependency on target 'Clocks' in project 'swift-clocks'
        ➜ Explicit dependency on target 'XCTestDynamicOverlay' in project 'xctest-dynamic-overlay'
        ➜ Explicit dependency on target 'IssueReporting' in project 'xctest-dynamic-overlay'
    Target 'Realtime' in project 'Supabase'
        ➜ Explicit dependency on target 'Helpers' in project 'Supabase'
        ➜ Explicit dependency on target 'RealtimeV2' in project 'Supabase'
        ➜ Explicit dependency on target 'ConcurrencyExtras' in project 'swift-concurrency-extras'
        ➜ Explicit dependency on target 'HTTPTypes' in project 'swift-http-types'
        ➜ Explicit dependency on target 'Clocks' in project 'swift-clocks'
        ➜ Explicit dependency on target 'XCTestDynamicOverlay' in project 'xctest-dynamic-overlay'
        ➜ Explicit dependency on target 'IssueReporting' in project 'xctest-dynamic-overlay'
    Target 'RealtimeV2' in project 'Supabase'
        ➜ Explicit dependency on target 'Helpers' in project 'Supabase'
        ➜ Explicit dependency on target 'ConcurrencyExtras' in project 'swift-concurrency-extras'
        ➜ Explicit dependency on target 'HTTPTypes' in project 'swift-http-types'
        ➜ Explicit dependency on target 'Clocks' in project 'swift-clocks'
        ➜ Explicit dependency on target 'XCTestDynamicOverlay' in project 'xctest-dynamic-overlay'
        ➜ Explicit dependency on target 'IssueReporting' in project 'xctest-dynamic-overlay'
    Target 'PostgREST' in project 'Supabase'
        ➜ Explicit dependency on target 'Helpers' in project 'Supabase'
        ➜ Explicit dependency on target 'ConcurrencyExtras' in project 'swift-concurrency-extras'
        ➜ Explicit dependency on target 'HTTPTypes' in project 'swift-http-types'
        ➜ Explicit dependency on target 'Clocks' in project 'swift-clocks'
        ➜ Explicit dependency on target 'XCTestDynamicOverlay' in project 'xctest-dynamic-overlay'
        ➜ Explicit dependency on target 'IssueReporting' in project 'xctest-dynamic-overlay'
    Target 'Functions' in project 'Supabase'
        ➜ Explicit dependency on target 'Helpers' in project 'Supabase'
        ➜ Explicit dependency on target 'ConcurrencyExtras' in project 'swift-concurrency-extras'
        ➜ Explicit dependency on target 'HTTPTypes' in project 'swift-http-types'
        ➜ Explicit dependency on target 'Clocks' in project 'swift-clocks'
        ➜ Explicit dependency on target 'XCTestDynamicOverlay' in project 'xctest-dynamic-overlay'
        ➜ Explicit dependency on target 'IssueReporting' in project 'xctest-dynamic-overlay'
    Target 'Auth' in project 'Supabase'
        ➜ Explicit dependency on target 'Helpers' in project 'Supabase'
        ➜ Explicit dependency on target 'ConcurrencyExtras' in project 'swift-concurrency-extras'
        ➜ Explicit dependency on target 'HTTPTypes' in project 'swift-http-types'
        ➜ Explicit dependency on target 'Clocks' in project 'swift-clocks'
        ➜ Explicit dependency on target 'XCTestDynamicOverlay' in project 'xctest-dynamic-overlay'
        ➜ Explicit dependency on target 'IssueReporting' in project 'xctest-dynamic-overlay'
        ➜ Explicit dependency on target 'Crypto' in project 'swift-crypto'
    Target 'Crypto' in project 'swift-crypto'
        ➜ Explicit dependency on target 'Crypto' in project 'swift-crypto'
        ➜ Explicit dependency on target 'swift-crypto_Crypto' in project 'swift-crypto'
    Target 'Crypto' in project 'swift-crypto'
        ➜ Explicit dependency on target 'swift-crypto_Crypto' in project 'swift-crypto'
    Target 'swift-crypto_Crypto' in project 'swift-crypto' (no dependencies)
    Target 'Helpers' in project 'Supabase'
        ➜ Explicit dependency on target 'ConcurrencyExtras' in project 'swift-concurrency-extras'
        ➜ Explicit dependency on target 'HTTPTypes' in project 'swift-http-types'
        ➜ Explicit dependency on target 'Clocks' in project 'swift-clocks'
        ➜ Explicit dependency on target 'XCTestDynamicOverlay' in project 'xctest-dynamic-overlay'
        ➜ Explicit dependency on target 'IssueReporting' in project 'xctest-dynamic-overlay'
    Target 'XCTestDynamicOverlay' in project 'xctest-dynamic-overlay'
        ➜ Explicit dependency on target 'XCTestDynamicOverlay' in project 'xctest-dynamic-overlay'
        ➜ Explicit dependency on target 'IssueReporting' in project 'xctest-dynamic-overlay'
    Target 'XCTestDynamicOverlay' in project 'xctest-dynamic-overlay'
        ➜ Explicit dependency on target 'IssueReporting' in project 'xctest-dynamic-overlay'
    Target 'Clocks' in project 'swift-clocks'
        ➜ Explicit dependency on target 'Clocks' in project 'swift-clocks'
        ➜ Explicit dependency on target 'ConcurrencyExtras' in project 'swift-concurrency-extras'
        ➜ Explicit dependency on target 'IssueReporting' in project 'xctest-dynamic-overlay'
    Target 'Clocks' in project 'swift-clocks'
        ➜ Explicit dependency on target 'ConcurrencyExtras' in project 'swift-concurrency-extras'
        ➜ Explicit dependency on target 'IssueReporting' in project 'xctest-dynamic-overlay'
    Target 'IssueReporting' in project 'xctest-dynamic-overlay'
        ➜ Explicit dependency on target 'IssueReporting' in project 'xctest-dynamic-overlay'
    Target 'IssueReporting' in project 'xctest-dynamic-overlay' (no dependencies)
    Target 'HTTPTypes' in project 'swift-http-types'
        ➜ Explicit dependency on target 'HTTPTypes' in project 'swift-http-types'
    Target 'HTTPTypes' in project 'swift-http-types' (no dependencies)
    Target 'ConcurrencyExtras' in project 'swift-concurrency-extras'
        ➜ Explicit dependency on target 'ConcurrencyExtras' in project 'swift-concurrency-extras'
    Target 'ConcurrencyExtras' in project 'swift-concurrency-extras' (no dependencies)
    Target 'SplatIO' in project 'MetalSplatter'
        ➜ Explicit dependency on target 'SplatIO' in project 'MetalSplatter'
        ➜ Explicit dependency on target 'PLYIO' in project 'MetalSplatter'
        ➜ Explicit dependency on target 'spz' in project 'spz-swift'
    Target 'MetalSplatter' in project 'MetalSplatter'
        ➜ Explicit dependency on target 'MetalSplatter' in project 'MetalSplatter'
        ➜ Explicit dependency on target 'MetalSplatter_MetalSplatter' in project 'MetalSplatter'
        ➜ Explicit dependency on target 'PLYIO' in project 'MetalSplatter'
        ➜ Explicit dependency on target 'SplatIO' in project 'MetalSplatter'
        ➜ Explicit dependency on target 'spz' in project 'spz-swift'
    Target 'MetalSplatter' in project 'MetalSplatter'
        ➜ Explicit dependency on target 'MetalSplatter_MetalSplatter' in project 'MetalSplatter'
        ➜ Explicit dependency on target 'PLYIO' in project 'MetalSplatter'
        ➜ Explicit dependency on target 'SplatIO' in project 'MetalSplatter'
        ➜ Explicit dependency on target 'spz' in project 'spz-swift'
    Target 'SplatIO' in project 'MetalSplatter'
        ➜ Explicit dependency on target 'PLYIO' in project 'MetalSplatter'
        ➜ Explicit dependency on target 'spz' in project 'spz-swift'
    Target 'spz' in project 'spz-swift'
        ➜ Explicit dependency on target 'spz' in project 'spz-swift'
    Target 'spz' in project 'spz-swift' (no dependencies)
    Target 'PLYIO' in project 'MetalSplatter' (no dependencies)
    Target 'MetalSplatter_MetalSplatter' in project 'MetalSplatter' (no dependencies)
    Target 'Msplat' in project 'Msplat'
        ➜ Explicit dependency on target 'Msplat' in project 'Msplat'
        ➜ Explicit dependency on target 'Msplat_Msplat' in project 'Msplat'
        ➜ Explicit dependency on target 'MsplatCore' in project 'Msplat'
    Target 'Msplat' in project 'Msplat'
        ➜ Explicit dependency on target 'Msplat_Msplat' in project 'Msplat'
        ➜ Explicit dependency on target 'MsplatCore' in project 'Msplat'
    Target 'MsplatCore' in project 'Msplat' (no dependencies)
    Target 'Msplat_Msplat' in project 'Msplat' (no dependencies)

GatherProvisioningInputs

CreateBuildDescription

ExecuteExternalTool /Applications/Xcode_16.4.app/Contents/Developer/Toolchains/XcodeDefault.xctoolchain/usr/bin/clang -v -E -dM -arch arm64 -isysroot /Applications/Xcode_16.4.app/Contents/Developer/Platforms/iPhoneOS.platform/Developer/SDKs/iPhoneOS18.5.sdk -x objective-c++ -c /dev/null

ExecuteExternalTool /Applications/Xcode_16.4.app/Contents/Developer/Toolchains/XcodeDefault.xctoolchain/usr/bin/swiftc --version

ExecuteExternalTool /Applications/Xcode_16.4.app/Contents/Developer/usr/bin/actool --print-asset-tag-combinations --output-format xml1 /Users/runner/work/ALLSUNDAY1122.github.io/ALLSUNDAY1122.github.io/splat-native-ios/SplatNative/Assets.xcassets

ExecuteExternalTool /Applications/Xcode_16.4.app/Contents/Developer/Toolchains/XcodeDefault.xctoolchain/usr/bin/clang -v -E -dM -isysroot /Applications/Xcode_16.4.app/Contents/Developer/Platforms/iPhoneOS.platform/Developer/SDKs/iPhoneOS18.5.sdk -x c -c /dev/null

ExecuteExternalTool /Applications/Xcode_16.4.app/Contents/Developer/Toolchains/XcodeDefault.xctoolchain/usr/bin/clang -v -E -dM -arch arm64 -isysroot /Applications/Xcode_16.4.app/Contents/Developer/Platforms/iPhoneOS.platform/Developer/SDKs/iPhoneOS18.5.sdk -x c++ -c /dev/null

ExecuteExternalTool /Applications/Xcode_16.4.app/Contents/Developer/Toolchains/XcodeDefault.xctoolchain/usr/bin/ld -version_details

ExecuteExternalTool /Applications/Xcode_16.4.app/Contents/Developer/Toolchains/XcodeDefault.xctoolchain/usr/bin/clang -v -E -dM -arch arm64 -isysroot /Applications/Xcode_16.4.app/Contents/Developer/Platforms/iPhoneOS.platform/Developer/SDKs/iPhoneOS18.5.sdk -x c -c /dev/null

ReadFileContents /Applications/Xcode_16.4.app/Contents/Developer/Toolchains/XcodeDefault.xctoolchain/usr/share/docc/features.json

ExecuteExternalTool /Applications/Xcode_16.4.app/Contents/Developer/usr/bin/actool --version --output-format xml1

Build description signature: 937710ed73751510d919d6ea410f8b08
Build description path: /Users/runner/Library/Developer/Xcode/DerivedData/SplatNative-dwmjesbccinwnzhdvkeajvbyatnj/Build/Intermediates.noindex/XCBuildData/937710ed73751510d919d6ea410f8b08.xcbuilddata
ClangStatCache /Applications/Xcode_16.4.app/Contents/Developer/Toolchains/XcodeDefault.xctoolchain/usr/bin/clang-stat-cache /Applications/Xcode_16.4.app/Contents/Developer/Platforms/iPhoneOS.platform/Developer/SDKs/iPhoneOS18.5.sdk /Users/runner/Library/Developer/Xcode/DerivedData/SDKStatCaches.noindex/iphoneos18.5-22F76-a529daf784b3616c7c04a36aeb7f5c05.sdkstatcache
    cd /Users/runner/work/ALLSUNDAY1122.github.io/ALLSUNDAY1122.github.io/splat-native-ios/SplatNative.xcodeproj
    /Applications/Xcode_16.4.app/Contents/Developer/Toolchains/XcodeDefault.xctoolchain/usr/bin/clang-stat-cache /Applications/Xcode_16.4.app/Contents/Developer/Platforms/iPhoneOS.platform/Developer/SDKs/iPhoneOS18.5.sdk -o /Users/runner/Library/Developer/Xcode/DerivedData/SDKStatCaches.noindex/iphoneos18.5-22F76-a529daf784b3616c7c04a36aeb7f5c05.sdkstatcache

CreateBuildDirectory /Users/runner/Library/Developer/Xcode/DerivedData/SplatNative-dwmjesbccinwnzhdvkeajvbyatnj/Build/Products
    cd /Users/runner/work/ALLSUNDAY1122.github.io/ALLSUNDAY1122.github.io/splat-native-ios/SplatNative.xcodeproj
    builtin-create-build-directory /Users/runner/Library/Developer/Xcode/DerivedData/SplatNative-dwmjesbccinwnzhdvkeajvbyatnj/Build/Products

CreateBuildDirectory /Users/runner/Library/Developer/Xcode/DerivedData/SplatNative-dwmjesbccinwnzhdvkeajvbyatnj/Build/Intermediates.noindex
    cd /Users/runner/work/ALLSUNDAY1122.github.io/ALLSUNDAY1122.github.io/splat-native-ios/SplatNative.xcodeproj
    builtin-create-build-directory /Users/runner/Library/Developer/Xcode/DerivedData/SplatNative-dwmjesbccinwnzhdvkeajvbyatnj/Build/Intermediates.noindex

WriteAuxiliaryFile /Users/runner/Library/Developer/Xcode/DerivedData/SplatNative-dwmjesbccinwnzhdvkeajvbyatnj/Build/Intermediates.noindex/SplatNative.build/Release-iphoneos/SplatNative-0129da033c31a23b22df2bed4ab3eef4-VFS-iphoneos/all-product-headers.yaml
    cd /Users/runner/work/ALLSUNDAY1122.github.io/ALLSUNDAY1122.github.io/splat-native-ios/SplatNative.xcodeproj
    write-file /Users/runner/Library/Developer/Xcode/DerivedData/SplatNative-dwmjesbccinwnzhdvkeajvbyatnj/Build/Intermediates.noindex/SplatNative.build/Release-iphoneos/SplatNative-0129da033c31a23b22df2bed4ab3eef4-VFS-iphoneos/all-product-headers.yaml

CreateBuildDirectory /Users/runner/Library/Developer/Xcode/DerivedData/SplatNative-dwmjesbccinwnzhdvkeajvbyatnj/Build/Products/Release-iphoneos
    cd /Users/runner/work/ALLSUNDAY1122.github.io/ALLSUNDAY1122.github.io/splat-native-ios/SplatNative.xcodeproj
    builtin-create-build-directory /Users/runner/Library/Developer/Xcode/DerivedData/SplatNative-dwmjesbccinwnzhdvkeajvbyatnj/Build/Products/Release-iphoneos

CreateBuildDirectory /Users/runner/Library/Developer/Xcode/DerivedData/SplatNative-dwmjesbccinwnzhdvkeajvbyatnj/Build/Intermediates.noindex/EagerLinkingTBDs/Release-iphoneos
    cd /Users/runner/work/ALLSUNDAY1122.github.io/ALLSUNDAY1122.github.io/splat-native-ios/SplatNative.xcodeproj
    builtin-create-build-directory /Users/runner/Library/Developer/Xcode/DerivedData/SplatNative-dwmjesbccinwnzhdvkeajvbyatnj/Build/Intermediates.noindex/EagerLinkingTBDs/Release-iphoneos

ProcessXCFramework /Users/runner/Library/Developer/Xcode/DerivedData/SplatNative-dwmjesbccinwnzhdvkeajvbyatnj/SourcePackages/artifacts/assimpbinary/AssimpBinary/libassimp.xcframework /Users/runner/Library/Developer/Xcode/DerivedData/SplatNative-dwmjesbccinwnzhdvkeajvbyatnj/Build/Products/Release-iphoneos/libassimp.a ios
    cd /Users/runner/work/ALLSUNDAY1122.github.io/ALLSUNDAY1122.github.io/splat-native-ios/SplatNative.xcodeproj
    builtin-process-xcframework --xcframework /Users/runner/Library/Developer/Xcode/DerivedData/SplatNative-dwmjesbccinwnzhdvkeajvbyatnj/SourcePackages/artifacts/assimpbinary/AssimpBinary/libassimp.xcframework --platform ios --target-path /Users/runner/Library/Developer/Xcode/DerivedData/SplatNative-dwmjesbccinwnzhdvkeajvbyatnj/Build/Products/Release-iphoneos

CreateBuildDirectory /Users/runner/Library/Developer/Xcode/DerivedData/SplatNative-dwmjesbccinwnzhdvkeajvbyatnj/Build/Products/Release-iphoneos/PackageFrameworks
    cd /Users/runner/work/ALLSUNDAY1122.github.io/ALLSUNDAY1122.github.io/splat-native-ios/SplatNative.xcodeproj
    builtin-create-build-directory /Users/runner/Library/Developer/Xcode/DerivedData/SplatNative-dwmjesbccinwnzhdvkeajvbyatnj/Build/Products/Release-iphoneos/PackageFrameworks

WriteAuxiliaryFile /Users/runner/Library/Developer/Xcode/DerivedData/SplatNative-dwmjesbccinwnzhdvkeajvbyatnj/Build/Intermediates.noindex/swift-crypto.build/Release-iphoneos/swift-crypto_Crypto.build/swift-crypto_Crypto.DependencyStaticMetadataFileList (in target 'swift-crypto_Crypto' from project 'swift-crypto')
    cd /Users/runner/Library/Developer/Xcode/DerivedData/SplatNative-dwmjesbccinwnzhdvkeajvbyatnj/SourcePackages/checkouts/swift-crypto
    write-file /Users/runner/Library/Developer/Xcode/DerivedData/SplatNative-dwmjesbccinwnzhdvkeajvbyatnj/Build/Intermediates.noindex/swift-crypto.build/Release-iphoneos/swift-crypto_Crypto.build/swift-crypto_Crypto.DependencyStaticMetadataFileList

WriteAuxiliaryFile /Users/runner/Library/Developer/Xcode/DerivedData/SplatNative-dwmjesbccinwnzhdvkeajvbyatnj/Build/Intermediates.noindex/swift-crypto.build/Release-iphoneos/swift-crypto_Crypto.build/swift-crypto_Crypto.DependencyMetadataFileList (in target 'swift-crypto_Crypto' from project 'swift-crypto')
    cd /Users/runner/Library/Developer/Xcode/DerivedData/SplatNative-dwmjesbccinwnzhdvkeajvbyatnj/SourcePackages/checkouts/swift-crypto
    write-file /Users/runner/Library/Developer/Xcode/DerivedData/SplatNative-dwmjesbccinwnzhdvkeajvbyatnj/Build/Intermediates.noindex/swift-crypto.build/Release-iphoneos/swift-crypto_Crypto.build/swift-crypto_Crypto.DependencyMetadataFileList

WriteAuxiliaryFile /Users/runner/Library/Developer/Xcode/DerivedData/SplatNative-dwmjesbccinwnzhdvkeajvbyatnj/Build/Intermediates.noindex/swift-crypto.build/Release-iphoneos/swift-crypto_Crypto.build/empty-swift-crypto_Crypto.plist (in target 'swift-crypto_Crypto' from project 'swift-crypto')
    cd /Users/runner/Library/Developer/Xcode/DerivedData/SplatNative-dwmjesbccinwnzhdvkeajvbyatnj/SourcePackages/checkouts/swift-crypto
    write-file /Users/runner/Library/Developer/Xcode/DerivedData/SplatNative-dwmjesbccinwnzhdvkeajvbyatnj/Build/Intermediates.noindex/swift-crypto.build/Release-iphoneos/swift-crypto_Crypto.build/empty-swift-crypto_Crypto.plist

WriteAuxiliaryFile /Users/runner/Library/Developer/Xcode/DerivedData/SplatNative-dwmjesbccinwnzhdvkeajvbyatnj/Build/Intermediates.noindex/spz-swift.build/Release-iphoneos/spz.build/spz.modulemap (in target 'spz' from project 'spz-swift')
    cd /Users/runner/Library/Developer/Xcode/DerivedData/SplatNative-dwmjesbccinwnzhdvkeajvbyatnj/SourcePackages/checkouts/spz-swift
    write-file /Users/runner/Library/Developer/Xcode/DerivedData/SplatNative-dwmjesbccinwnzhdvkeajvbyatnj/Build/Intermediates.noindex/spz-swift.build/Release-iphoneos/spz.build/spz.modulemap

WriteAuxiliaryFile /Users/runner/Library/Developer/Xcode/DerivedData/SplatNative-dwmjesbccinwnzhdvkeajvbyatnj/Build/Intermediates.noindex/spz-swift.build/Release-iphoneos/spz.build/spz.DependencyStaticMetadataFileList (in target 'spz' from project 'spz-swift')
    cd /Users/runner/Library/Developer/Xcode/DerivedData/SplatNative-dwmjesbccinwnzhdvkeajvbyatnj/SourcePackages/checkouts/spz-swift
    write-file /Users/runner/Library/Developer/Xcode/DerivedData/SplatNative-dwmjesbccinwnzhdvkeajvbyatnj/Build/Intermediates.noindex/spz-swift.build/Release-iphoneos/spz.build/spz.DependencyStaticMetadataFileList

WriteAuxiliaryFile /Users/runner/Library/Developer/Xcode/DerivedData/SplatNative-dwmjesbccinwnzhdvkeajvbyatnj/Build/Intermediates.noindex/spz-swift.build/Release-iphoneos/spz.build/spz.DependencyMetadataFileList (in target 'spz' from project 'spz-swift')
    cd /Users/runner/Library/Developer/Xcode/DerivedData/SplatNative-dwmjesbccinwnzhdvkeajvbyatnj/SourcePackages/checkouts/spz-swift
    write-file /Users/runner/Library/Developer/Xcode/DerivedData/SplatNative-dwmjesbccinwnzhdvkeajvbyatnj/Build/Intermediates.noindex/spz-swift.build/Release-iphoneos/spz.build/spz.DependencyMetadataFileList

WriteAuxiliaryFile /Users/runner/Library/Developer/Xcode/DerivedData/SplatNative-dwmjesbccinwnzhdvkeajvbyatnj/Build/Intermediates.noindex/spz-swift.build/Release-iphoneos/spz.build/Objects-normal/arm64/spz_const_extract_protocols.json (in target 'spz' from project 'spz-swift')
    cd /Users/runner/Library/Developer/Xcode/DerivedData/SplatNative-dwmjesbccinwnzhdvkeajvbyatnj/SourcePackages/checkouts/spz-swift
    write-file /Users/runner/Library/Developer/Xcode/DerivedData/SplatNative-dwmjesbccinwnzhdvkeajvbyatnj/Build/Intermediates.noindex/spz-swift.build/Release-iphoneos/spz.build/Objects-normal/arm64/spz_const_extract_protocols.json

WriteAuxiliaryFile /Users/runner/Library/Developer/Xcode/DerivedData/SplatNative-dwmjesbccinwnzhdvkeajvbyatnj/Build/Intermediates.noindex/spz-swift.build/Release-iphoneos/spz.build/Objects-normal/arm64/spz.SwiftFileList (in target 'spz' from project 'spz-swift')
    cd /Users/runner/Library/Developer/Xcode/DerivedData/SplatNative-dwmjesbccinwnzhdvkeajvbyatnj/SourcePackages/checkouts/spz-swift
    write-file /Users/runner/Library/Developer/Xcode/DerivedData/SplatNative-dwmjesbccinwnzhdvkeajvbyatnj/Build/Intermediates.noindex/spz-swift.build/Release-iphoneos/spz.build/Objects-normal/arm64/spz.SwiftFileList

WriteAuxiliaryFile /Users/runner/Library/Developer/Xcode/DerivedData/SplatNative-dwmjesbccinwnzhdvkeajvbyatnj/Build/Intermediates.noindex/spz-swift.build/Release-iphoneos/spz.build/Objects-normal/arm64/spz.SwiftConstValuesFileList (in target 'spz' from project 'spz-swift')
    cd /Users/runner/Library/Developer/Xcode/DerivedData/SplatNative-dwmjesbccinwnzhdvkeajvbyatnj/SourcePackages/checkouts/spz-swift
    write-file /Users/runner/Library/Developer/Xcode/DerivedData/SplatNative-dwmjesbccinwnzhdvkeajvbyatnj/Build/Intermediates.noindex/spz-swift.build/Release-iphoneos/spz.build/Objects-normal/arm64/spz.SwiftConstValuesFileList

WriteAuxiliaryFile /Users/runner/Library/Developer/Xcode/DerivedData/SplatNative-dwmjesbccinwnzhdvkeajvbyatnj/Build/Intermediates.noindex/spz-swift.build/Release-iphoneos/spz.build/Objects-normal/arm64/spz.LinkFileList (in target 'spz' from project 'spz-swift')
    cd /Users/runner/Library/Developer/Xcode/DerivedData/SplatNative-dwmjesbccinwnzhdvkeajvbyatnj/SourcePackages/checkouts/spz-swift
    write-file /Users/runner/Library/Developer/Xcode/DerivedData/SplatNative-dwmjesbccinwnzhdvkeajvbyatnj/Build/Intermediates.noindex/spz-swift.build/Release-iphoneos/spz.build/Objects-normal/arm64/spz.LinkFileList

WriteAuxiliaryFile /Users/runner/Library/Developer/Xcode/DerivedData/SplatNative-dwmjesbccinwnzhdvkeajvbyatnj/Build/Intermediates.noindex/spz-swift.build/Release-iphoneos/spz.build/Objects-normal/arm64/spz-OutputFileMap.json (in target 'spz' from project 'spz-swift')
    cd /Users/runner/Library/Developer/Xcode/DerivedData/SplatNative-dwmjesbccinwnzhdvkeajvbyatnj/SourcePackages/checkouts/spz-swift
    write-file /Users/runner/Library/Developer/Xcode/DerivedData/SplatNative-dwmjesbccinwnzhdvkeajvbyatnj/Build/Intermediates.noindex/spz-swift.build/Release-iphoneos/spz.build/Objects-normal/arm64/spz-OutputFileMap.json

Copy /Users/runner/Library/Developer/Xcode/DerivedData/SplatNative-dwmjesbccinwnzhdvkeajvbyatnj/Build/Intermediates.noindex/GeneratedModuleMaps-iphoneos/spz.modulemap /Users/runner/Library/Developer/Xcode/DerivedData/SplatNative-dwmjesbccinwnzhdvkeajvbyatnj/Build/Intermediates.noindex/spz-swift.build/Release-iphoneos/spz.build/spz.modulemap (in target 'spz' from project 'spz-swift')
    cd /Users/runner/Library/Developer/Xcode/DerivedData/SplatNative-dwmjesbccinwnzhdvkeajvbyatnj/SourcePackages/checkouts/spz-swift
    builtin-copy -exclude .DS_Store -exclude CVS -exclude .svn -exclude .git -exclude .hg -strip-unsigned-binaries -strip-deterministic -strip-tool /Applications/Xcode_16.4.app/Contents/Developer/Toolchains/XcodeDefault.xctoolchain/usr/bin/strip -resolve-src-symlinks /Users/runner/Library/Developer/Xcode/DerivedData/SplatNative-dwmjesbccinwnzhdvkeajvbyatnj/Build/Intermediates.noindex/spz-swift.build/Release-iphoneos/spz.build/spz.modulemap /Users/runner/Library/Developer/Xcode/DerivedData/SplatNative-dwmjesbccinwnzhdvkeajvbyatnj/Build/Intermediates.noindex/GeneratedModuleMaps-iphoneos

WriteAuxiliaryFile /Users/runner/Library/Developer/Xcode/DerivedData/SplatNative-dwmjesbccinwnzhdvkeajvbyatnj/Build/Intermediates.noindex/xctest-dynamic-overlay.build/Release-iphoneos/XCTestDynamicOverlay.build/XCTestDynamicOverlay.modulemap (in target 'XCTestDynamicOverlay' from project 'xctest-dynamic-overlay')
    cd /Users/runner/Library/Developer/Xcode/DerivedData/SplatNative-dwmjesbccinwnzhdvkeajvbyatnj/SourcePackages/checkouts/xctest-dynamic-overlay
    write-file /Users/runner/Library/Developer/Xcode/DerivedData/SplatNative-dwmjesbccinwnzhdvkeajvbyatnj/Build/Intermediates.noindex/xctest-dynamic-overlay.build/Release-iphoneos/XCTestDynamicOverlay.build/XCTestDynamicOverlay.modulemap

WriteAuxiliaryFile /Users/runner/Library/Developer/Xcode/DerivedData/SplatNative-dwmjesbccinwnzhdvkeajvbyatnj/Build/Intermediates.noindex/xctest-dynamic-overlay.build/Release-iphoneos/XCTestDynamicOverlay.build/XCTestDynamicOverlay.DependencyStaticMetadataFileList (in target 'XCTestDynamicOverlay' from project 'xctest-dynamic-overlay')
    cd /Users/runner/Library/Developer/Xcode/DerivedData/SplatNative-dwmjesbccinwnzhdvkeajvbyatnj/SourcePackages/checkouts/xctest-dynamic-overlay
    write-file /Users/runner/Library/Developer/Xcode/DerivedData/SplatNative-dwmjesbccinwnzhdvkeajvbyatnj/Build/Intermediates.noindex/xctest-dynamic-overlay.build/Release-iphoneos/XCTestDynamicOverlay.build/XCTestDynamicOverlay.DependencyStaticMetadataFileList

WriteAuxiliaryFile /Users/runner/Library/Developer/Xcode/DerivedData/SplatNative-dwmjesbccinwnzhdvkeajvbyatnj/Build/Intermediates.noindex/xctest-dynamic-overlay.build/Release-iphoneos/XCTestDynamicOverlay.build/XCTestDynamicOverlay.DependencyMetadataFileList (in target 'XCTestDynamicOverlay' from project 'xctest-dynamic-overlay')
    cd /Users/runner/Library/Developer/Xcode/DerivedData/SplatNative-dwmjesbccinwnzhdvkeajvbyatnj/SourcePackages/checkouts/xctest-dynamic-overlay
    write-file /Users/runner/Library/Developer/Xcode/DerivedData/SplatNative-dwmjesbccinwnzhdvkeajvbyatnj/Build/Intermediates.noindex/xctest-dynamic-overlay.build/Release-iphoneos/XCTestDynamicOverlay.build/XCTestDynamicOverlay.DependencyMetadataFileList

WriteAuxiliaryFile /Users/runner/Library/Developer/Xcode/DerivedData/SplatNative-dwmjesbccinwnzhdvkeajvbyatnj/Build/Intermediates.noindex/xctest-dynamic-overlay.build/Release-iphoneos/XCTestDynamicOverlay.build/Objects-normal/arm64/XCTestDynamicOverlay_const_extract_protocols.json (in target 'XCTestDynamicOverlay' from project 'xctest-dynamic-overlay')
    cd /Users/runner/Library/Developer/Xcode/DerivedData/SplatNative-dwmjesbccinwnzhdvkeajvbyatnj/SourcePackages/checkouts/xctest-dynamic-overlay
    write-file /Users/runner/Library/Developer/Xcode/DerivedData/SplatNative-dwmjesbccinwnzhdvkeajvbyatnj/Build/Intermediates.noindex/xctest-dynamic-overlay.build/Release-iphoneos/XCTestDynamicOverlay.build/Objects-normal/arm64/XCTestDynamicOverlay_const_extract_protocols.json

WriteAuxiliaryFile /Users/runner/Library/Developer/Xcode/DerivedData/SplatNative-dwmjesbccinwnzhdvkeajvbyatnj/Build/Intermediates.noindex/xctest-dynamic-overlay.build/Release-iphoneos/XCTestDynamicOverlay.build/Objects-normal/arm64/XCTestDynamicOverlay.SwiftFileList (in target 'XCTestDynamicOverlay' from project 'xctest-dynamic-overlay')
    cd /Users/runner/Library/Developer/Xcode/DerivedData/SplatNative-dwmjesbccinwnzhdvkeajvbyatnj/SourcePackages/checkouts/xctest-dynamic-overlay
    write-file /Users/runner/Library/Developer/Xcode/DerivedData/SplatNative-dwmjesbccinwnzhdvkeajvbyatnj/Build/Intermediates.noindex/xctest-dynamic-overlay.build/Release-iphoneos/XCTestDynamicOverlay.build/Objects-normal/arm64/XCTestDynamicOverlay.SwiftFileList

WriteAuxiliaryFile /Users/runner/Library/Developer/Xcode/DerivedData/SplatNative-dwmjesbccinwnzhdvkeajvbyatnj/Build/Intermediates.noindex/xctest-dynamic-overlay.build/Release-iphoneos/XCTestDynamicOverlay.build/Objects-normal/arm64/XCTestDynamicOverlay.SwiftConstValuesFileList (in target 'XCTestDynamicOverlay' from project 'xctest-dynamic-overlay')
    cd /Users/runner/Library/Developer/Xcode/DerivedData/SplatNative-dwmjesbccinwnzhdvkeajvbyatnj/SourcePackages/checkouts/xctest-dynamic-overlay
    write-file /Users/runner/Library/Developer/Xcode/DerivedData/SplatNative-dwmjesbccinwnzhdvkeajvbyatnj/Build/Intermediates.noindex/xctest-dynamic-overlay.build/Release-iphoneos/XCTestDynamicOverlay.build/Objects-normal/arm64/XCTestDynamicOverlay.SwiftConstValuesFileList

WriteAuxiliaryFile /Users/runner/Library/Developer/Xcode/DerivedData/SplatNative-dwmjesbccinwnzhdvkeajvbyatnj/Build/Intermediates.noindex/xctest-dynamic-overlay.build/Release-iphoneos/XCTestDynamicOverlay.build/Objects-normal/arm64/XCTestDynamicOverlay.LinkFileList (in target 'XCTestDynamicOverlay' from project 'xctest-dynamic-overlay')
    cd /Users/runner/Library/Developer/Xcode/DerivedData/SplatNative-dwmjesbccinwnzhdvkeajvbyatnj/SourcePackages/checkouts/xctest-dynamic-overlay
    write-file /Users/runner/Library/Developer/Xcode/DerivedData/SplatNative-dwmjesbccinwnzhdvkeajvbyatnj/Build/Intermediates.noindex/xctest-dynamic-overlay.build/Release-iphoneos/XCTestDynamicOverlay.build/Objects-normal/arm64/XCTestDynamicOverlay.LinkFileList

WriteAuxiliaryFile /Users/runner/Library/Developer/Xcode/DerivedData/SplatNative-dwmjesbccinwnzhdvkeajvbyatnj/Build/Intermediates.noindex/xctest-dynamic-overlay.build/Release-iphoneos/XCTestDynamicOverlay.build/Objects-normal/arm64/XCTestDynamicOverlay-OutputFileMap.json (in target 'XCTestDynamicOverlay' from project 'xctest-dynamic-overlay')
    cd /Users/runner/Library/Developer/Xcode/DerivedData/SplatNative-dwmjesbccinwnzhdvkeajvbyatnj/SourcePackages/checkouts/xctest-dynamic-overlay
    write-file /Users/runner/Library/Developer/Xcode/DerivedData/SplatNative-dwmjesbccinwnzhdvkeajvbyatnj/Build/Intermediates.noindex/xctest-dynamic-overlay.build/Release-iphoneos/XCTestDynamicOverlay.build/Objects-normal/arm64/XCTestDynamicOverlay-OutputFileMap.json

Copy /Users/runner/Library/Developer/Xcode/DerivedData/SplatNative-dwmjesbccinwnzhdvkeajvbyatnj/Build/Intermediates.noindex/GeneratedModuleMaps-iphoneos/XCTestDynamicOverlay.modulemap /Users/runner/Library/Developer/Xcode/DerivedData/SplatNative-dwmjesbccinwnzhdvkeajvbyatnj/Build/Intermediates.noindex/xctest-dynamic-overlay.build/Release-iphoneos/XCTestDynamicOverlay.build/XCTestDynamicOverlay.modulemap (in target 'XCTestDynamicOverlay' from project 'xctest-dynamic-overlay')
    cd /Users/runner/Library/Developer/Xcode/DerivedData/SplatNative-dwmjesbccinwnzhdvkeajvbyatnj/SourcePackages/checkouts/xctest-dynamic-overlay
    builtin-copy -exclude .DS_Store -exclude CVS -exclude .svn -exclude .git -exclude .hg -strip-unsigned-binaries -strip-deterministic -strip-tool /Applications/Xcode_16.4.app/Contents/Developer/Toolchains/XcodeDefault.xctoolchain/usr/bin/strip -resolve-src-symlinks /Users/runner/Library/Developer/Xcode/DerivedData/SplatNative-dwmjesbccinwnzhdvkeajvbyatnj/Build/Intermediates.noindex/xctest-dynamic-overlay.build/Release-iphoneos/XCTestDynamicOverlay.build/XCTestDynamicOverlay.modulemap /Users/runner/Library/Developer/Xcode/DerivedData/SplatNative-dwmjesbccinwnzhdvkeajvbyatnj/Build/Intermediates.noindex/GeneratedModuleMaps-iphoneos

WriteAuxiliaryFile /Users/runner/Library/Developer/Xcode/DerivedData/SplatNative-dwmjesbccinwnzhdvkeajvbyatnj/Build/Intermediates.noindex/Supabase.build/Release-iphoneos/Supabase.build/Supabase.modulemap (in target 'Supabase' from project 'Supabase')
    cd /Users/runner/Library/Developer/Xcode/DerivedData/SplatNative-dwmjesbccinwnzhdvkeajvbyatnj/SourcePackages/checkouts/supabase-swift
    write-file /Users/runner/Library/Developer/Xcode/DerivedData/SplatNative-dwmjesbccinwnzhdvkeajvbyatnj/Build/Intermediates.noindex/Supabase.build/Release-iphoneos/Supabase.build/Supabase.modulemap

WriteAuxiliaryFile /Users/runner/Library/Developer/Xcode/DerivedData/SplatNative-dwmjesbccinwnzhdvkeajvbyatnj/Build/Intermediates.noindex/Supabase.build/Release-iphoneos/Supabase.build/Supabase.DependencyStaticMetadataFileList (in target 'Supabase' from project 'Supabase')
    cd /Users/runner/Library/Developer/Xcode/DerivedData/SplatNative-dwmjesbccinwnzhdvkeajvbyatnj/SourcePackages/checkouts/supabase-swift
    write-file /Users/runner/Library/Developer/Xcode/DerivedData/SplatNative-dwmjesbccinwnzhdvkeajvbyatnj/Build/Intermediates.noindex/Supabase.build/Release-iphoneos/Supabase.build/Supabase.DependencyStaticMetadataFileList

WriteAuxiliaryFile /Users/runner/Library/Developer/Xcode/DerivedData/SplatNative-dwmjesbccinwnzhdvkeajvbyatnj/Build/Intermediates.noindex/Supabase.build/Release-iphoneos/Supabase.build/Supabase.DependencyMetadataFileList (in target 'Supabase' from project 'Supabase')
    cd /Users/runner/Library/Developer/Xcode/DerivedData/SplatNative-dwmjesbccinwnzhdvkeajvbyatnj/SourcePackages/checkouts/supabase-swift
    write-file /Users/runner/Library/Developer/Xcode/DerivedData/SplatNative-dwmjesbccinwnzhdvkeajvbyatnj/Build/Intermediates.noindex/Supabase.build/Release-iphoneos/Supabase.build/Supabase.DependencyMetadataFileList

WriteAuxiliaryFile /Users/runner/Library/Developer/Xcode/DerivedData/SplatNative-dwmjesbccinwnzhdvkeajvbyatnj/Build/Intermediates.noindex/Supabase.build/Release-iphoneos/Supabase.build/Objects-normal/arm64/Supabase_const_extract_protocols.json (in target 'Supabase' from project 'Supabase')
    cd /Users/runner/Library/Developer/Xcode/DerivedData/SplatNative-dwmjesbccinwnzhdvkeajvbyatnj/SourcePackages/checkouts/supabase-swift
    write-file /Users/runner/Library/Developer/Xcode/DerivedData/SplatNative-dwmjesbccinwnzhdvkeajvbyatnj/Build/Intermediates.noindex/Supabase.build/Release-iphoneos/Supabase.build/Objects-normal/arm64/Supabase_const_extract_protocols.json

WriteAuxiliaryFile /Users/runner/Library/Developer/Xcode/DerivedData/SplatNative-dwmjesbccinwnzhdvkeajvbyatnj/Build/Intermediates.noindex/Supabase.build/Release-iphoneos/Supabase.build/Objects-normal/arm64/Supabase.SwiftFileList (in target 'Supabase' from project 'Supabase')
    cd /Users/runner/Library/Developer/Xcode/DerivedData/SplatNative-dwmjesbccinwnzhdvkeajvbyatnj/SourcePackages/checkouts/supabase-swift
    write-file /Users/runner/Library/Developer/Xcode/DerivedData/SplatNative-dwmjesbccinwnzhdvkeajvbyatnj/Build/Intermediates.noindex/Supabase.build/Release-iphoneos/Supabase.build/Objects-normal/arm64/Supabase.SwiftFileList

WriteAuxiliaryFile /Users/runner/Library/Developer/Xcode/DerivedData/SplatNative-dwmjesbccinwnzhdvkeajvbyatnj/Build/Intermediates.noindex/Supabase.build/Release-iphoneos/Supabase.build/Objects-normal/arm64/Supabase.SwiftConstValuesFileList (in target 'Supabase' from project 'Supabase')
    cd /Users/runner/Library/Developer/Xcode/DerivedData/SplatNative-dwmjesbccinwnzhdvkeajvbyatnj/SourcePackages/checkouts/supabase-swift
    write-file /Users/runner/Library/Developer/Xcode/DerivedData/SplatNative-dwmjesbccinwnzhdvkeajvbyatnj/Build/Intermediates.noindex/Supabase.build/Release-iphoneos/Supabase.build/Objects-normal/arm64/Supabase.SwiftConstValuesFileList

WriteAuxiliaryFile /Users/runner/Library/Developer/Xcode/DerivedData/SplatNative-dwmjesbccinwnzhdvkeajvbyatnj/Build/Intermediates.noindex/Supabase.build/Release-iphoneos/Supabase.build/Objects-normal/arm64/Supabase.LinkFileList (in target 'Supabase' from project 'Supabase')
    cd /Users/runner/Library/Developer/Xcode/DerivedData/SplatNative-dwmjesbccinwnzhdvkeajvbyatnj/SourcePackages/checkouts/supabase-swift
    write-file /Users/runner/Library/Developer/Xcode/DerivedData/SplatNative-dwmjesbccinwnzhdvkeajvbyatnj/Build/Intermediates.noindex/Supabase.build/Release-iphoneos/Supabase.build/Objects-normal/arm64/Supabase.LinkFileList

WriteAuxiliaryFile /Users/runner/Library/Developer/Xcode/DerivedData/SplatNative-dwmjesbccinwnzhdvkeajvbyatnj/Build/Intermediates.noindex/Supabase.build/Release-iphoneos/Supabase.build/Objects-normal/arm64/Supabase-OutputFileMap.json (in target 'Supabase' from project 'Supabase')
    cd /Users/runner/Library/Developer/Xcode/DerivedData/SplatNative-dwmjesbccinwnzhdvkeajvbyatnj/SourcePackages/checkouts/supabase-swift
    write-file /Users/runner/Library/Developer/Xcode/DerivedData/SplatNative-dwmjesbccinwnzhdvkeajvbyatnj/Build/Intermediates.noindex/Supabase.build/Release-iphoneos/Supabase.build/Objects-normal/arm64/Supabase-OutputFileMap.json

Copy /Users/runner/Library/Developer/Xcode/DerivedData/SplatNative-dwmjesbccinwnzhdvkeajvbyatnj/Build/Intermediates.noindex/GeneratedModuleMaps-iphoneos/Supabase.modulemap /Users/runner/Library/Developer/Xcode/DerivedData/SplatNative-dwmjesbccinwnzhdvkeajvbyatnj/Build/Intermediates.noindex/Supabase.build/Release-iphoneos/Supabase.build/Supabase.modulemap (in target 'Supabase' from project 'Supabase')
    cd /Users/runner/Library/Developer/Xcode/DerivedData/SplatNative-dwmjesbccinwnzhdvkeajvbyatnj/SourcePackages/checkouts/supabase-swift
    builtin-copy -exclude .DS_Store -exclude CVS -exclude .svn -exclude .git -exclude .hg -strip-unsigned-binaries -strip-deterministic -strip-tool /Applications/Xcode_16.4.app/Contents/Developer/Toolchains/XcodeDefault.xctoolchain/usr/bin/strip -resolve-src-symlinks /Users/runner/Library/Developer/Xcode/DerivedData/SplatNative-dwmjesbccinwnzhdvkeajvbyatnj/Build/Intermediates.noindex/Supabase.build/Release-iphoneos/Supabase.build/Supabase.modulemap /Users/runner/Library/Developer/Xcode/DerivedData/SplatNative-dwmjesbccinwnzhdvkeajvbyatnj/Build/Intermediates.noindex/GeneratedModuleMaps-iphoneos

WriteAuxiliaryFile /Users/runner/Library/Developer/Xcode/DerivedData/SplatNative-dwmjesbccinwnzhdvkeajvbyatnj/Build/Intermediates.noindex/Supabase.build/Release-iphoneos/Storage.build/Storage.modulemap (in target 'Storage' from project 'Supabase')
    cd /Users/runner/Library/Developer/Xcode/DerivedData/SplatNative-dwmjesbccinwnzhdvkeajvbyatnj/SourcePackages/checkouts/supabase-swift
    write-file /Users/runner/Library/Developer/Xcode/DerivedData/SplatNative-dwmjesbccinwnzhdvkeajvbyatnj/Build/Intermediates.noindex/Supabase.build/Release-iphoneos/Storage.build/Storage.modulemap

WriteAuxiliaryFile /Users/runner/Library/Developer/Xcode/DerivedData/SplatNative-dwmjesbccinwnzhdvkeajvbyatnj/Build/Intermediates.noindex/Supabase.build/Release-iphoneos/Storage.build/Storage.DependencyStaticMetadataFileList (in target 'Storage' from project 'Supabase')
    cd /Users/runner/Library/Developer/Xcode/DerivedData/SplatNative-dwmjesbccinwnzhdvkeajvbyatnj/SourcePackages/checkouts/supabase-swift
    write-file /Users/runner/Library/Developer/Xcode/DerivedData/SplatNative-dwmjesbccinwnzhdvkeajvbyatnj/Build/Intermediates.noindex/Supabase.build/Release-iphoneos/Storage.build/Storage.DependencyStaticMetadataFileList

WriteAuxiliaryFile /Users/runner/Library/Developer/Xcode/DerivedData/SplatNative-dwmjesbccinwnzhdvkeajvbyatnj/Build/Intermediates.noindex/Supabase.build/Release-iphoneos/Storage.build/Storage.DependencyMetadataFileList (in target 'Storage' from project 'Supabase')
    cd /Users/runner/Library/Developer/Xcode/DerivedData/SplatNative-dwmjesbccinwnzhdvkeajvbyatnj/SourcePackages/checkouts/supabase-swift
    write-file /Users/runner/Library/Developer/Xcode/DerivedData/SplatNative-dwmjesbccinwnzhdvkeajvbyatnj/Build/Intermediates.noindex/Supabase.build/Release-iphoneos/Storage.build/Storage.DependencyMetadataFileList

WriteAuxiliaryFile /Users/runner/Library/Developer/Xcode/DerivedData/SplatNative-dwmjesbccinwnzhdvkeajvbyatnj/Build/Intermediates.noindex/Supabase.build/Release-iphoneos/Storage.build/Objects-normal/arm64/Storage_const_extract_protocols.json (in target 'Storage' from project 'Supabase')
    cd /Users/runner/Library/Developer/Xcode/DerivedData/SplatNative-dwmjesbccinwnzhdvkeajvbyatnj/SourcePackages/checkouts/supabase-swift
    write-file /Users/runner/Library/Developer/Xcode/DerivedData/SplatNative-dwmjesbccinwnzhdvkeajvbyatnj/Build/Intermediates.noindex/Supabase.build/Release-iphoneos/Storage.build/Objects-normal/arm64/Storage_const_extract_protocols.json

WriteAuxiliaryFile /Users/runner/Library/Developer/Xcode/DerivedData/SplatNative-dwmjesbccinwnzhdvkeajvbyatnj/Build/Intermediates.noindex/Supabase.build/Release-iphoneos/Storage.build/Objects-normal/arm64/Storage.SwiftFileList (in target 'Storage' from project 'Supabase')
    cd /Users/runner/Library/Developer/Xcode/DerivedData/SplatNative-dwmjesbccinwnzhdvkeajvbyatnj/SourcePackages/checkouts/supabase-swift
    write-file /Users/runner/Library/Developer/Xcode/DerivedData/SplatNative-dwmjesbccinwnzhdvkeajvbyatnj/Build/Intermediates.noindex/Supabase.build/Release-iphoneos/Storage.build/Objects-normal/arm64/Storage.SwiftFileList

WriteAuxiliaryFile /Users/runner/Library/Developer/Xcode/DerivedData/SplatNative-dwmjesbccinwnzhdvkeajvbyatnj/Build/Intermediates.noindex/Supabase.build/Release-iphoneos/Storage.build/Objects-normal/arm64/Storage.SwiftConstValuesFileList (in target 'Storage' from project 'Supabase')
    cd /Users/runner/Library/Developer/Xcode/DerivedData/SplatNative-dwmjesbccinwnzhdvkeajvbyatnj/SourcePackages/checkouts/supabase-swift
    write-file /Users/runner/Library/Developer/Xcode/DerivedData/SplatNative-dwmjesbccinwnzhdvkeajvbyatnj/Build/Intermediates.noindex/Supabase.build/Release-iphoneos/Storage.build/Objects-normal/arm64/Storage.SwiftConstValuesFileList

WriteAuxiliaryFile /Users/runner/Library/Developer/Xcode/DerivedData/SplatNative-dwmjesbccinwnzhdvkeajvbyatnj/Build/Intermediates.noindex/Supabase.build/Release-iphoneos/Storage.build/Objects-normal/arm64/Storage.LinkFileList (in target 'Storage' from project 'Supabase')
    cd /Users/runner/Library/Developer/Xcode/DerivedData/SplatNative-dwmjesbccinwnzhdvkeajvbyatnj/SourcePackages/checkouts/supabase-swift
    write-file /Users/runner/Library/Developer/Xcode/DerivedData/SplatNative-dwmjesbccinwnzhdvkeajvbyatnj/Build/Intermediates.noindex/Supabase.build/Release-iphoneos/Storage.build/Objects-normal/arm64/Storage.LinkFileList

WriteAuxiliaryFile /Users/runner/Library/Developer/Xcode/DerivedData/SplatNative-dwmjesbccinwnzhdvkeajvbyatnj/Build/Intermediates.noindex/Supabase.build/Release-iphoneos/Storage.build/Objects-normal/arm64/Storage-OutputFileMap.json (in target 'Storage' from project 'Supabase')
    cd /Users/runner/Library/Developer/Xcode/DerivedData/SplatNative-dwmjesbccinwnzhdvkeajvbyatnj/SourcePackages/checkouts/supabase-swift
    write-file /Users/runner/Library/Developer/Xcode/DerivedData/SplatNative-dwmjesbccinwnzhdvkeajvbyatnj/Build/Intermediates.noindex/Supabase.build/Release-iphoneos/Storage.build/Objects-normal/arm64/Storage-OutputFileMap.json

Copy /Users/runner/Library/Developer/Xcode/DerivedData/SplatNative-dwmjesbccinwnzhdvkeajvbyatnj/Build/Intermediates.noindex/GeneratedModuleMaps-iphoneos/Storage.modulemap /Users/runner/Library/Developer/Xcode/DerivedData/SplatNative-dwmjesbccinwnzhdvkeajvbyatnj/Build/Intermediates.noindex/Supabase.build/Release-iphoneos/Storage.build/Storage.modulemap (in target 'Storage' from project 'Supabase')
    cd /Users/runner/Library/Developer/Xcode/DerivedData/SplatNative-dwmjesbccinwnzhdvkeajvbyatnj/SourcePackages/checkouts/supabase-swift
    builtin-copy -exclude .DS_Store -exclude CVS -exclude .svn -exclude .git -exclude .hg -strip-unsigned-binaries -strip-deterministic -strip-tool /Applications/Xcode_16.4.app/Contents/Developer/Toolchains/XcodeDefault.xctoolchain/usr/bin/strip -resolve-src-symlinks /Users/runner/Library/Developer/Xcode/DerivedData/SplatNative-dwmjesbccinwnzhdvkeajvbyatnj/Build/Intermediates.noindex/Supabase.build/Release-iphoneos/Storage.build/Storage.modulemap /Users/runner/Library/Developer/Xcode/DerivedData/SplatNative-dwmjesbccinwnzhdvkeajvbyatnj/Build/Intermediates.noindex/GeneratedModuleMaps-iphoneos

WriteAuxiliaryFile /Users/runner/Library/Developer/Xcode/DerivedData/SplatNative-dwmjesbccinwnzhdvkeajvbyatnj/Build/Intermediates.noindex/MetalSplatter.build/Release-iphoneos/SplatIO.build/SplatIO.modulemap (in target 'SplatIO' from project 'MetalSplatter')
    cd /Users/runner/Library/Developer/Xcode/DerivedData/SplatNative-dwmjesbccinwnzhdvkeajvbyatnj/SourcePackages/checkouts/MetalSplatter
    write-file /Users/runner/Library/Developer/Xcode/DerivedData/SplatNative-dwmjesbccinwnzhdvkeajvbyatnj/Build/Intermediates.noindex/MetalSplatter.build/Release-iphoneos/SplatIO.build/SplatIO.modulemap

WriteAuxiliaryFile /Users/runner/Library/Developer/Xcode/DerivedData/SplatNative-dwmjesbccinwnzhdvkeajvbyatnj/Build/Intermediates.noindex/MetalSplatter.build/Release-iphoneos/SplatIO.build/SplatIO.DependencyStaticMetadataFileList (in target 'SplatIO' from project 'MetalSplatter')
    cd /Users/runner/Library/Developer/Xcode/DerivedData/SplatNative-dwmjesbccinwnzhdvkeajvbyatnj/SourcePackages/checkouts/MetalSplatter
    write-file /Users/runner/Library/Developer/Xcode/DerivedData/SplatNative-dwmjesbccinwnzhdvkeajvbyatnj/Build/Intermediates.noindex/MetalSplatter.build/Release-iphoneos/SplatIO.build/SplatIO.DependencyStaticMetadataFileList

WriteAuxiliaryFile /Users/runner/Library/Developer/Xcode/DerivedData/SplatNative-dwmjesbccinwnzhdvkeajvbyatnj/Build/Intermediates.noindex/MetalSplatter.build/Release-iphoneos/SplatIO.build/SplatIO.DependencyMetadataFileList (in target 'SplatIO' from project 'MetalSplatter')
    cd /Users/runner/Library/Developer/Xcode/DerivedData/SplatNative-dwmjesbccinwnzhdvkeajvbyatnj/SourcePackages/checkouts/MetalSplatter
    write-file /Users/runner/Library/Developer/Xcode/DerivedData/SplatNative-dwmjesbccinwnzhdvkeajvbyatnj/Build/Intermediates.noindex/MetalSplatter.build/Release-iphoneos/SplatIO.build/SplatIO.DependencyMetadataFileList

WriteAuxiliaryFile /Users/runner/Library/Developer/Xcode/DerivedData/SplatNative-dwmjesbccinwnzhdvkeajvbyatnj/Build/Intermediates.noindex/MetalSplatter.build/Release-iphoneos/SplatIO.build/Objects-normal/arm64/SplatIO_const_extract_protocols.json (in target 'SplatIO' from project 'MetalSplatter')
    cd /Users/runner/Library/Developer/Xcode/DerivedData/SplatNative-dwmjesbccinwnzhdvkeajvbyatnj/SourcePackages/checkouts/MetalSplatter
    write-file /Users/runner/Library/Developer/Xcode/DerivedData/SplatNative-dwmjesbccinwnzhdvkeajvbyatnj/Build/Intermediates.noindex/MetalSplatter.build/Release-iphoneos/SplatIO.build/Objects-normal/arm64/SplatIO_const_extract_protocols.json

WriteAuxiliaryFile /Users/runner/Library/Developer/Xcode/DerivedData/SplatNative-dwmjesbccinwnzhdvkeajvbyatnj/Build/Intermediates.noindex/MetalSplatter.build/Release-iphoneos/SplatIO.build/Objects-normal/arm64/SplatIO.SwiftFileList (in target 'SplatIO' from project 'MetalSplatter')
    cd /Users/runner/Library/Developer/Xcode/DerivedData/SplatNative-dwmjesbccinwnzhdvkeajvbyatnj/SourcePackages/checkouts/MetalSplatter
    write-file /Users/runner/Library/Developer/Xcode/DerivedData/SplatNative-dwmjesbccinwnzhdvkeajvbyatnj/Build/Intermediates.noindex/MetalSplatter.build/Release-iphoneos/SplatIO.build/Objects-normal/arm64/SplatIO.SwiftFileList

WriteAuxiliaryFile /Users/runner/Library/Developer/Xcode/DerivedData/SplatNative-dwmjesbccinwnzhdvkeajvbyatnj/Build/Intermediates.noindex/MetalSplatter.build/Release-iphoneos/SplatIO.build/Objects-normal/arm64/SplatIO.SwiftConstValuesFileList (in target 'SplatIO' from project 'MetalSplatter')
    cd /Users/runner/Library/Developer/Xcode/DerivedData/SplatNative-dwmjesbccinwnzhdvkeajvbyatnj/SourcePackages/checkouts/MetalSplatter
    write-file /Users/runner/Library/Developer/Xcode/DerivedData/SplatNative-dwmjesbccinwnzhdvkeajvbyatnj/Build/Intermediates.noindex/MetalSplatter.build/Release-iphoneos/SplatIO.build/Objects-normal/arm64/SplatIO.SwiftConstValuesFileList

WriteAuxiliaryFile /Users/runner/Library/Developer/Xcode/DerivedData/SplatNative-dwmjesbccinwnzhdvkeajvbyatnj/Build/Intermediates.noindex/MetalSplatter.build/Release-iphoneos/SplatIO.build/Objects-normal/arm64/SplatIO.LinkFileList (in target 'SplatIO' from project 'MetalSplatter')
    cd /Users/runner/Library/Developer/Xcode/DerivedData/SplatNative-dwmjesbccinwnzhdvkeajvbyatnj/SourcePackages/checkouts/MetalSplatter
    write-file /Users/runner/Library/Developer/Xcode/DerivedData/SplatNative-dwmjesbccinwnzhdvkeajvbyatnj/Build/Intermediates.noindex/MetalSplatter.build/Release-iphoneos/SplatIO.build/Objects-normal/arm64/SplatIO.LinkFileList

WriteAuxiliaryFile /Users/runner/Library/Developer/Xcode/DerivedData/SplatNative-dwmjesbccinwnzhdvkeajvbyatnj/Build/Intermediates.noindex/MetalSplatter.build/Release-iphoneos/SplatIO.build/Objects-normal/arm64/SplatIO-OutputFileMap.json (in target 'SplatIO' from project 'MetalSplatter')
    cd /Users/runner/Library/Developer/Xcode/DerivedData/SplatNative-dwmjesbccinwnzhdvkeajvbyatnj/SourcePackages/checkouts/MetalSplatter
    write-file /Users/runner/Library/Developer/Xcode/DerivedData/SplatNative-dwmjesbccinwnzhdvkeajvbyatnj/Build/Intermediates.noindex/MetalSplatter.build/Release-iphoneos/SplatIO.build/Objects-normal/arm64/SplatIO-OutputFileMap.json

Copy /Users/runner/Library/Developer/Xcode/DerivedData/SplatNative-dwmjesbccinwnzhdvkeajvbyatnj/Build/Intermediates.noindex/GeneratedModuleMaps-iphoneos/SplatIO.modulemap /Users/runner/Library/Developer/Xcode/DerivedData/SplatNative-dwmjesbccinwnzhdvkeajvbyatnj/Build/Intermediates.noindex/MetalSplatter.build/Release-iphoneos/SplatIO.build/SplatIO.modulemap (in target 'SplatIO' from project 'MetalSplatter')
    cd /Users/runner/Library/Developer/Xcode/DerivedData/SplatNative-dwmjesbccinwnzhdvkeajvbyatnj/SourcePackages/checkouts/MetalSplatter
    builtin-copy -exclude .DS_Store -exclude CVS -exclude .svn -exclude .git -exclude .hg -strip-unsigned-binaries -strip-deterministic -strip-tool /Applications/Xcode_16.4.app/Contents/Developer/Toolchains/XcodeDefault.xctoolchain/usr/bin/strip -resolve-src-symlinks /Users/runner/Library/Developer/Xcode/DerivedData/SplatNative-dwmjesbccinwnzhdvkeajvbyatnj/Build/Intermediates.noindex/MetalSplatter.build/Release-iphoneos/SplatIO.build/SplatIO.modulemap /Users/runner/Library/Developer/Xcode/DerivedData/SplatNative-dwmjesbccinwnzhdvkeajvbyatnj/Build/Intermediates.noindex/GeneratedModuleMaps-iphoneos

WriteAuxiliaryFile /Users/runner/Library/Developer/Xcode/DerivedData/SplatNative-dwmjesbccinwnzhdvkeajvbyatnj/Build/Intermediates.noindex/Supabase.build/Release-iphoneos/RealtimeV2.build/RealtimeV2.modulemap (in target 'RealtimeV2' from project 'Supabase')
    cd /Users/runner/Library/Developer/Xcode/DerivedData/SplatNative-dwmjesbccinwnzhdvkeajvbyatnj/SourcePackages/checkouts/supabase-swift
    write-file /Users/runner/Library/Developer/Xcode/DerivedData/SplatNative-dwmjesbccinwnzhdvkeajvbyatnj/Build/Intermediates.noindex/Supabase.build/Release-iphoneos/RealtimeV2.build/RealtimeV2.modulemap

WriteAuxiliaryFile /Users/runner/Library/Developer/Xcode/DerivedData/SplatNative-dwmjesbccinwnzhdvkeajvbyatnj/Build/Intermediates.noindex/Supabase.build/Release-iphoneos/RealtimeV2.build/RealtimeV2.DependencyStaticMetadataFileList (in target 'RealtimeV2' from project 'Supabase')
    cd /Users/runner/Library/Developer/Xcode/DerivedData/SplatNative-dwmjesbccinwnzhdvkeajvbyatnj/SourcePackages/checkouts/supabase-swift
    write-file /Users/runner/Library/Developer/Xcode/DerivedData/SplatNative-dwmjesbccinwnzhdvkeajvbyatnj/Build/Intermediates.noindex/Supabase.build/Release-iphoneos/RealtimeV2.build/RealtimeV2.DependencyStaticMetadataFileList

WriteAuxiliaryFile /Users/runner/Library/Developer/Xcode/DerivedData/SplatNative-dwmjesbccinwnzhdvkeajvbyatnj/Build/Intermediates.noindex/Supabase.build/Release-iphoneos/RealtimeV2.build/RealtimeV2.DependencyMetadataFileList (in target 'RealtimeV2' from project 'Supabase')
    cd /Users/runner/Library/Developer/Xcode/DerivedData/SplatNative-dwmjesbccinwnzhdvkeajvbyatnj/SourcePackages/checkouts/supabase-swift
    write-file /Users/runner/Library/Developer/Xcode/DerivedData/SplatNative-dwmjesbccinwnzhdvkeajvbyatnj/Build/Intermediates.noindex/Supabase.build/Release-iphoneos/RealtimeV2.build/RealtimeV2.DependencyMetadataFileList

WriteAuxiliaryFile /Users/runner/Library/Developer/Xcode/DerivedData/SplatNative-dwmjesbccinwnzhdvkeajvbyatnj/Build/Intermediates.noindex/Supabase.build/Release-iphoneos/RealtimeV2.build/Objects-normal/arm64/RealtimeV2_const_extract_protocols.json (in target 'RealtimeV2' from project 'Supabase')
    cd /Users/runner/Library/Developer/Xcode/DerivedData/SplatNative-dwmjesbccinwnzhdvkeajvbyatnj/SourcePackages/checkouts/supabase-swift
    write-file /Users/runner/Library/Developer/Xcode/DerivedData/SplatNative-dwmjesbccinwnzhdvkeajvbyatnj/Build/Intermediates.noindex/Supabase.build/Release-iphoneos/RealtimeV2.build/Objects-normal/arm64/RealtimeV2_const_extract_protocols.json

WriteAuxiliaryFile /Users/runner/Library/Developer/Xcode/DerivedData/SplatNative-dwmjesbccinwnzhdvkeajvbyatnj/Build/Intermediates.noindex/Supabase.build/Release-iphoneos/RealtimeV2.build/Objects-normal/arm64/RealtimeV2.SwiftFileList (in target 'RealtimeV2' from project 'Supabase')
    cd /Users/runner/Library/Developer/Xcode/DerivedData/SplatNative-dwmjesbccinwnzhdvkeajvbyatnj/SourcePackages/checkouts/supabase-swift
    write-file /Users/runner/Library/Developer/Xcode/DerivedData/SplatNative-dwmjesbccinwnzhdvkeajvbyatnj/Build/Intermediates.noindex/Supabase.build/Release-iphoneos/RealtimeV2.build/Objects-normal/arm64/RealtimeV2.SwiftFileList

WriteAuxiliaryFile /Users/runner/Library/Developer/Xcode/DerivedData/SplatNative-dwmjesbccinwnzhdvkeajvbyatnj/Build/Intermediates.noindex/Supabase.build/Release-iphoneos/RealtimeV2.build/Objects-normal/arm64/RealtimeV2.SwiftConstValuesFileList (in target 'RealtimeV2' from project 'Supabase')
    cd /Users/runner/Library/Developer/Xcode/DerivedData/SplatNative-dwmjesbccinwnzhdvkeajvbyatnj/SourcePackages/checkouts/supabase-swift
    write-file /Users/runner/Library/Developer/Xcode/DerivedData/SplatNative-dwmjesbccinwnzhdvkeajvbyatnj/Build/Intermediates.noindex/Supabase.build/Release-iphoneos/RealtimeV2.build/Objects-normal/arm64/RealtimeV2.SwiftConstValuesFileList

WriteAuxiliaryFile /Users/runner/Library/Developer/Xcode/DerivedData/SplatNative-dwmjesbccinwnzhdvkeajvbyatnj/Build/Intermediates.noindex/Supabase.build/Release-iphoneos/RealtimeV2.build/Objects-normal/arm64/RealtimeV2.LinkFileList (in target 'RealtimeV2' from project 'Supabase')
    cd /Users/runner/Library/Developer/Xcode/DerivedData/SplatNative-dwmjesbccinwnzhdvkeajvbyatnj/SourcePackages/checkouts/supabase-swift
    write-file /Users/runner/Library/Developer/Xcode/DerivedData/SplatNative-dwmjesbccinwnzhdvkeajvbyatnj/Build/Intermediates.noindex/Supabase.build/Release-iphoneos/RealtimeV2.build/Objects-normal/arm64/RealtimeV2.LinkFileList

WriteAuxiliaryFile /Users/runner/Library/Developer/Xcode/DerivedData/SplatNative-dwmjesbccinwnzhdvkeajvbyatnj/Build/Intermediates.noindex/Supabase.build/Release-iphoneos/RealtimeV2.build/Objects-normal/arm64/RealtimeV2-OutputFileMap.json (in target 'RealtimeV2' from project 'Supabase')
    cd /Users/runner/Library/Developer/Xcode/DerivedData/SplatNative-dwmjesbccinwnzhdvkeajvbyatnj/SourcePackages/checkouts/supabase-swift
    write-file /Users/runner/Library/Developer/Xcode/DerivedData/SplatNative-dwmjesbccinwnzhdvkeajvbyatnj/Build/Intermediates.noindex/Supabase.build/Release-iphoneos/RealtimeV2.build/Objects-normal/arm64/RealtimeV2-OutputFileMap.json

Copy /Users/runner/Library/Developer/Xcode/DerivedData/SplatNative-dwmjesbccinwnzhdvkeajvbyatnj/Build/Intermediates.noindex/GeneratedModuleMaps-iphoneos/RealtimeV2.modulemap /Users/runner/Library/Developer/Xcode/DerivedData/SplatNative-dwmjesbccinwnzhdvkeajvbyatnj/Build/Intermediates.noindex/Supabase.build/Release-iphoneos/RealtimeV2.build/RealtimeV2.modulemap (in target 'RealtimeV2' from project 'Supabase')
    cd /Users/runner/Library/Developer/Xcode/DerivedData/SplatNative-dwmjesbccinwnzhdvkeajvbyatnj/SourcePackages/checkouts/supabase-swift
    builtin-copy -exclude .DS_Store -exclude CVS -exclude .svn -exclude .git -exclude .hg -strip-unsigned-binaries -strip-deterministic -strip-tool /Applications/Xcode_16.4.app/Contents/Developer/Toolchains/XcodeDefault.xctoolchain/usr/bin/strip -resolve-src-symlinks /Users/runner/Library/Developer/Xcode/DerivedData/SplatNative-dwmjesbccinwnzhdvkeajvbyatnj/Build/Intermediates.noindex/Supabase.build/Release-iphoneos/RealtimeV2.build/RealtimeV2.modulemap /Users/runner/Library/Developer/Xcode/DerivedData/SplatNative-dwmjesbccinwnzhdvkeajvbyatnj/Build/Intermediates.noindex/GeneratedModuleMaps-iphoneos

WriteAuxiliaryFile /Users/runner/Library/Developer/Xcode/DerivedData/SplatNative-dwmjesbccinwnzhdvkeajvbyatnj/Build/Intermediates.noindex/Supabase.build/Release-iphoneos/Realtime.build/Realtime.modulemap (in target 'Realtime' from project 'Supabase')
    cd /Users/runner/Library/Developer/Xcode/DerivedData/SplatNative-dwmjesbccinwnzhdvkeajvbyatnj/SourcePackages/checkouts/supabase-swift
    write-file /Users/runner/Library/Developer/Xcode/DerivedData/SplatNative-dwmjesbccinwnzhdvkeajvbyatnj/Build/Intermediates.noindex/Supabase.build/Release-iphoneos/Realtime.build/Realtime.modulemap

WriteAuxiliaryFile /Users/runner/Library/Developer/Xcode/DerivedData/SplatNative-dwmjesbccinwnzhdvkeajvbyatnj/Build/Intermediates.noindex/Supabase.build/Release-iphoneos/Realtime.build/Realtime.DependencyStaticMetadataFileList (in target 'Realtime' from project 'Supabase')
    cd /Users/runner/Library/Developer/Xcode/DerivedData/SplatNative-dwmjesbccinwnzhdvkeajvbyatnj/SourcePackages/checkouts/supabase-swift
    write-file /Users/runner/Library/Developer/Xcode/DerivedData/SplatNative-dwmjesbccinwnzhdvkeajvbyatnj/Build/Intermediates.noindex/Supabase.build/Release-iphoneos/Realtime.build/Realtime.DependencyStaticMetadataFileList

WriteAuxiliaryFile /Users/runner/Library/Developer/Xcode/DerivedData/SplatNative-dwmjesbccinwnzhdvkeajvbyatnj/Build/Intermediates.noindex/Supabase.build/Release-iphoneos/Realtime.build/Realtime.DependencyMetadataFileList (in target 'Realtime' from project 'Supabase')
    cd /Users/runner/Library/Developer/Xcode/DerivedData/SplatNative-dwmjesbccinwnzhdvkeajvbyatnj/SourcePackages/checkouts/supabase-swift
    write-file /Users/runner/Library/Developer/Xcode/DerivedData/SplatNative-dwmjesbccinwnzhdvkeajvbyatnj/Build/Intermediates.noindex/Supabase.build/Release-iphoneos/Realtime.build/Realtime.DependencyMetadataFileList

WriteAuxiliaryFile /Users/runner/Library/Developer/Xcode/DerivedData/SplatNative-dwmjesbccinwnzhdvkeajvbyatnj/Build/Intermediates.noindex/Supabase.build/Release-iphoneos/Realtime.build/Objects-normal/arm64/Realtime_const_extract_protocols.json (in target 'Realtime' from project 'Supabase')
    cd /Users/runner/Library/Developer/Xcode/DerivedData/SplatNative-dwmjesbccinwnzhdvkeajvbyatnj/SourcePackages/checkouts/supabase-swift
    write-file /Users/runner/Library/Developer/Xcode/DerivedData/SplatNative-dwmjesbccinwnzhdvkeajvbyatnj/Build/Intermediates.noindex/Supabase.build/Release-iphoneos/Realtime.build/Objects-normal/arm64/Realtime_const_extract_protocols.json

WriteAuxiliaryFile /Users/runner/Library/Developer/Xcode/DerivedData/SplatNative-dwmjesbccinwnzhdvkeajvbyatnj/Build/Intermediates.noindex/Supabase.build/Release-iphoneos/Realtime.build/Objects-normal/arm64/Realtime.SwiftFileList (in target 'Realtime' from project 'Supabase')
    cd /Users/runner/Library/Developer/Xcode/DerivedData/SplatNative-dwmjesbccinwnzhdvkeajvbyatnj/SourcePackages/checkouts/supabase-swift
    write-file /Users/runner/Library/Developer/Xcode/DerivedData/SplatNative-dwmjesbccinwnzhdvkeajvbyatnj/Build/Intermediates.noindex/Supabase.build/Release-iphoneos/Realtime.build/Objects-normal/arm64/Realtime.SwiftFileList

WriteAuxiliaryFile /Users/runner/Library/Developer/Xcode/DerivedData/SplatNative-dwmjesbccinwnzhdvkeajvbyatnj/Build/Intermediates.noindex/Supabase.build/Release-iphoneos/Realtime.build/Objects-normal/arm64/Realtime.SwiftConstValuesFileList (in target 'Realtime' from project 'Supabase')
    cd /Users/runner/Library/Developer/Xcode/DerivedData/SplatNative-dwmjesbccinwnzhdvkeajvbyatnj/SourcePackages/checkouts/supabase-swift
    write-file /Users/runner/Library/Developer/Xcode/DerivedData/SplatNative-dwmjesbccinwnzhdvkeajvbyatnj/Build/Intermediates.noindex/Supabase.build/Release-iphoneos/Realtime.build/Objects-normal/arm64/Realtime.SwiftConstValuesFileList

WriteAuxiliaryFile /Users/runner/Library/Developer/Xcode/DerivedData/SplatNative-dwmjesbccinwnzhdvkeajvbyatnj/Build/Intermediates.noindex/Supabase.build/Release-iphoneos/Realtime.build/Objects-normal/arm64/Realtime.LinkFileList (in target 'Realtime' from project 'Supabase')
    cd /Users/runner/Library/Developer/Xcode/DerivedData/SplatNative-dwmjesbccinwnzhdvkeajvbyatnj/SourcePackages/checkouts/supabase-swift
    write-file /Users/runner/Library/Developer/Xcode/DerivedData/SplatNative-dwmjesbccinwnzhdvkeajvbyatnj/Build/Intermediates.noindex/Supabase.build/Release-iphoneos/Realtime.build/Objects-normal/arm64/Realtime.LinkFileList

WriteAuxiliaryFile /Users/runner/Library/Developer/Xcode/DerivedData/SplatNative-dwmjesbccinwnzhdvkeajvbyatnj/Build/Intermediates.noindex/Supabase.build/Release-iphoneos/Realtime.build/Objects-normal/arm64/Realtime-OutputFileMap.json (in target 'Realtime' from project 'Supabase')
    cd /Users/runner/Library/Developer/Xcode/DerivedData/SplatNative-dwmjesbccinwnzhdvkeajvbyatnj/SourcePackages/checkouts/supabase-swift
    write-file /Users/runner/Library/Developer/Xcode/DerivedData/SplatNative-dwmjesbccinwnzhdvkeajvbyatnj/Build/Intermediates.noindex/Supabase.build/Release-iphoneos/Realtime.build/Objects-normal/arm64/Realtime-OutputFileMap.json

Copy /Users/runner/Library/Developer/Xcode/DerivedData/SplatNative-dwmjesbccinwnzhdvkeajvbyatnj/Build/Intermediates.noindex/GeneratedModuleMaps-iphoneos/Realtime.modulemap /Users/runner/Library/Developer/Xcode/DerivedData/SplatNative-dwmjesbccinwnzhdvkeajvbyatnj/Build/Intermediates.noindex/Supabase.build/Release-iphoneos/Realtime.build/Realtime.modulemap (in target 'Realtime' from project 'Supabase')
    cd /Users/runner/Library/Developer/Xcode/DerivedData/SplatNative-dwmjesbccinwnzhdvkeajvbyatnj/SourcePackages/checkouts/supabase-swift
    builtin-copy -exclude .DS_Store -exclude CVS -exclude .svn -exclude .git -exclude .hg -strip-unsigned-binaries -strip-deterministic -strip-tool /Applications/Xcode_16.4.app/Contents/Developer/Toolchains/XcodeDefault.xctoolchain/usr/bin/strip -resolve-src-symlinks /Users/runner/Library/Developer/Xcode/DerivedData/SplatNative-dwmjesbccinwnzhdvkeajvbyatnj/Build/Intermediates.noindex/Supabase.build/Release-iphoneos/Realtime.build/Realtime.modulemap /Users/runner/Library/Developer/Xcode/DerivedData/SplatNative-dwmjesbccinwnzhdvkeajvbyatnj/Build/Intermediates.noindex/GeneratedModuleMaps-iphoneos

WriteAuxiliaryFile /Users/runner/Library/Developer/Xcode/DerivedData/SplatNative-dwmjesbccinwnzhdvkeajvbyatnj/Build/Intermediates.noindex/Supabase.build/Release-iphoneos/PostgREST.build/PostgREST.modulemap (in target 'PostgREST' from project 'Supabase')
    cd /Users/runner/Library/Developer/Xcode/DerivedData/SplatNative-dwmjesbccinwnzhdvkeajvbyatnj/SourcePackages/checkouts/supabase-swift
    write-file /Users/runner/Library/Developer/Xcode/DerivedData/SplatNative-dwmjesbccinwnzhdvkeajvbyatnj/Build/Intermediates.noindex/Supabase.build/Release-iphoneos/PostgREST.build/PostgREST.modulemap

WriteAuxiliaryFile /Users/runner/Library/Developer/Xcode/DerivedData/SplatNative-dwmjesbccinwnzhdvkeajvbyatnj/Build/Intermediates.noindex/Supabase.build/Release-iphoneos/PostgREST.build/PostgREST.DependencyStaticMetadataFileList (in target 'PostgREST' from project 'Supabase')
    cd /Users/runner/Library/Developer/Xcode/DerivedData/SplatNative-dwmjesbccinwnzhdvkeajvbyatnj/SourcePackages/checkouts/supabase-swift
    write-file /Users/runner/Library/Developer/Xcode/DerivedData/SplatNative-dwmjesbccinwnzhdvkeajvbyatnj/Build/Intermediates.noindex/Supabase.build/Release-iphoneos/PostgREST.build/PostgREST.DependencyStaticMetadataFileList

WriteAuxiliaryFile /Users/runner/Library/Developer/Xcode/DerivedData/SplatNative-dwmjesbccinwnzhdvkeajvbyatnj/Build/Intermediates.noindex/Supabase.build/Release-iphoneos/PostgREST.build/PostgREST.DependencyMetadataFileList (in target 'PostgREST' from project 'Supabase')
    cd /Users/runner/Library/Developer/Xcode/DerivedData/SplatNative-dwmjesbccinwnzhdvkeajvbyatnj/SourcePackages/checkouts/supabase-swift
    write-file /Users/runner/Library/Developer/Xcode/DerivedData/SplatNative-dwmjesbccinwnzhdvkeajvbyatnj/Build/Intermediates.noindex/Supabase.build/Release-iphoneos/PostgREST.build/PostgREST.DependencyMetadataFileList

WriteAuxiliaryFile /Users/runner/Library/Developer/Xcode/DerivedData/SplatNative-dwmjesbccinwnzhdvkeajvbyatnj/Build/Intermediates.noindex/Supabase.build/Release-iphoneos/PostgREST.build/Objects-normal/arm64/PostgREST_const_extract_protocols.json (in target 'PostgREST' from project 'Supabase')
    cd /Users/runner/Library/Developer/Xcode/DerivedData/SplatNative-dwmjesbccinwnzhdvkeajvbyatnj/SourcePackages/checkouts/supabase-swift
    write-file /Users/runner/Library/Developer/Xcode/DerivedData/SplatNative-dwmjesbccinwnzhdvkeajvbyatnj/Build/Intermediates.noindex/Supabase.build/Release-iphoneos/PostgREST.build/Objects-normal/arm64/PostgREST_const_extract_protocols.json

WriteAuxiliaryFile /Users/runner/Library/Developer/Xcode/DerivedData/SplatNative-dwmjesbccinwnzhdvkeajvbyatnj/Build/Intermediates.noindex/Supabase.build/Release-iphoneos/PostgREST.build/Objects-normal/arm64/PostgREST.SwiftFileList (in target 'PostgREST' from project 'Supabase')
    cd /Users/runner/Library/Developer/Xcode/DerivedData/SplatNative-dwmjesbccinwnzhdvkeajvbyatnj/SourcePackages/checkouts/supabase-swift
    write-file /Users/runner/Library/Developer/Xcode/DerivedData/SplatNative-dwmjesbccinwnzhdvkeajvbyatnj/Build/Intermediates.noindex/Supabase.build/Release-iphoneos/PostgREST.build/Objects-normal/arm64/PostgREST.SwiftFileList

WriteAuxiliaryFile /Users/runner/Library/Developer/Xcode/DerivedData/SplatNative-dwmjesbccinwnzhdvkeajvbyatnj/Build/Intermediates.noindex/Supabase.build/Release-iphoneos/PostgREST.build/Objects-normal/arm64/PostgREST.SwiftConstValuesFileList (in target 'PostgREST' from project 'Supabase')
    cd /Users/runner/Library/Developer/Xcode/DerivedData/SplatNative-dwmjesbccinwnzhdvkeajvbyatnj/SourcePackages/checkouts/supabase-swift
    write-file /Users/runner/Library/Developer/Xcode/DerivedData/SplatNative-dwmjesbccinwnzhdvkeajvbyatnj/Build/Intermediates.noindex/Supabase.build/Release-iphoneos/PostgREST.build/Objects-normal/arm64/PostgREST.SwiftConstValuesFileList

WriteAuxiliaryFile /Users/runner/Library/Developer/Xcode/DerivedData/SplatNative-dwmjesbccinwnzhdvkeajvbyatnj/Build/Intermediates.noindex/Supabase.build/Release-iphoneos/PostgREST.build/Objects-normal/arm64/PostgREST.LinkFileList (in target 'PostgREST' from project 'Supabase')
    cd /Users/runner/Library/Developer/Xcode/DerivedData/SplatNative-dwmjesbccinwnzhdvkeajvbyatnj/SourcePackages/checkouts/supabase-swift
    write-file /Users/runner/Library/Developer/Xcode/DerivedData/SplatNative-dwmjesbccinwnzhdvkeajvbyatnj/Build/Intermediates.noindex/Supabase.build/Release-iphoneos/PostgREST.build/Objects-normal/arm64/PostgREST.LinkFileList

WriteAuxiliaryFile /Users/runner/Library/Developer/Xcode/DerivedData/SplatNative-dwmjesbccinwnzhdvkeajvbyatnj/Build/Intermediates.noindex/Supabase.build/Release-iphoneos/PostgREST.build/Objects-normal/arm64/PostgREST-OutputFileMap.json (in target 'PostgREST' from project 'Supabase')
    cd /Users/runner/Library/Developer/Xcode/DerivedData/SplatNative-dwmjesbccinwnzhdvkeajvbyatnj/SourcePackages/checkouts/supabase-swift
    write-file /Users/runner/Library/Developer/Xcode/DerivedData/SplatNative-dwmjesbccinwnzhdvkeajvbyatnj/Build/Intermediates.noindex/Supabase.build/Release-iphoneos/PostgREST.build/Objects-normal/arm64/PostgREST-OutputFileMap.json

Copy /Users/runner/Library/Developer/Xcode/DerivedData/SplatNative-dwmjesbccinwnzhdvkeajvbyatnj/Build/Intermediates.noindex/GeneratedModuleMaps-iphoneos/PostgREST.modulemap /Users/runner/Library/Developer/Xcode/DerivedData/SplatNative-dwmjesbccinwnzhdvkeajvbyatnj/Build/Intermediates.noindex/Supabase.build/Release-iphoneos/PostgREST.build/PostgREST.modulemap (in target 'PostgREST' from project 'Supabase')
    cd /Users/runner/Library/Developer/Xcode/DerivedData/SplatNative-dwmjesbccinwnzhdvkeajvbyatnj/SourcePackages/checkouts/supabase-swift
    builtin-copy -exclude .DS_Store -exclude CVS -exclude .svn -exclude .git -exclude .hg -strip-unsigned-binaries -strip-deterministic -strip-tool /Applications/Xcode_16.4.app/Contents/Developer/Toolchains/XcodeDefault.xctoolchain/usr/bin/strip -resolve-src-symlinks /Users/runner/Library/Developer/Xcode/DerivedData/SplatNative-dwmjesbccinwnzhdvkeajvbyatnj/Build/Intermediates.noindex/Supabase.build/Release-iphoneos/PostgREST.build/PostgREST.modulemap /Users/runner/Library/Developer/Xcode/DerivedData/SplatNative-dwmjesbccinwnzhdvkeajvbyatnj/Build/Intermediates.noindex/GeneratedModuleMaps-iphoneos

WriteAuxiliaryFile /Users/runner/Library/Developer/Xcode/DerivedData/SplatNative-dwmjesbccinwnzhdvkeajvbyatnj/Build/Intermediates.noindex/MetalSplatter.build/Release-iphoneos/PLYIO.build/PLYIO.modulemap (in target 'PLYIO' from project 'MetalSplatter')
    cd /Users/runner/Library/Developer/Xcode/DerivedData/SplatNative-dwmjesbccinwnzhdvkeajvbyatnj/SourcePackages/checkouts/MetalSplatter
    write-file /Users/runner/Library/Developer/Xcode/DerivedData/SplatNative-dwmjesbccinwnzhdvkeajvbyatnj/Build/Intermediates.noindex/MetalSplatter.build/Release-iphoneos/PLYIO.build/PLYIO.modulemap

WriteAuxiliaryFile /Users/runner/Library/Developer/Xcode/DerivedData/SplatNative-dwmjesbccinwnzhdvkeajvbyatnj/Build/Intermediates.noindex/MetalSplatter.build/Release-iphoneos/PLYIO.build/PLYIO.DependencyStaticMetadataFileList (in target 'PLYIO' from project 'MetalSplatter')
    cd /Users/runner/Library/Developer/Xcode/DerivedData/SplatNative-dwmjesbccinwnzhdvkeajvbyatnj/SourcePackages/checkouts/MetalSplatter
    write-file /Users/runner/Library/Developer/Xcode/DerivedData/SplatNative-dwmjesbccinwnzhdvkeajvbyatnj/Build/Intermediates.noindex/MetalSplatter.build/Release-iphoneos/PLYIO.build/PLYIO.DependencyStaticMetadataFileList

WriteAuxiliaryFile /Users/runner/Library/Developer/Xcode/DerivedData/SplatNative-dwmjesbccinwnzhdvkeajvbyatnj/Build/Intermediates.noindex/MetalSplatter.build/Release-iphoneos/PLYIO.build/PLYIO.DependencyMetadataFileList (in target 'PLYIO' from project 'MetalSplatter')
    cd /Users/runner/Library/Developer/Xcode/DerivedData/SplatNative-dwmjesbccinwnzhdvkeajvbyatnj/SourcePackages/checkouts/MetalSplatter
    write-file /Users/runner/Library/Developer/Xcode/DerivedData/SplatNative-dwmjesbccinwnzhdvkeajvbyatnj/Build/Intermediates.noindex/MetalSplatter.build/Release-iphoneos/PLYIO.build/PLYIO.DependencyMetadataFileList

WriteAuxiliaryFile /Users/runner/Library/Developer/Xcode/DerivedData/SplatNative-dwmjesbccinwnzhdvkeajvbyatnj/Build/Intermediates.noindex/MetalSplatter.build/Release-iphoneos/PLYIO.build/Objects-normal/arm64/PLYIO_const_extract_protocols.json (in target 'PLYIO' from project 'MetalSplatter')
    cd /Users/runner/Library/Developer/Xcode/DerivedData/SplatNative-dwmjesbccinwnzhdvkeajvbyatnj/SourcePackages/checkouts/MetalSplatter
    write-file /Users/runner/Library/Developer/Xcode/DerivedData/SplatNative-dwmjesbccinwnzhdvkeajvbyatnj/Build/Intermediates.noindex/MetalSplatter.build/Release-iphoneos/PLYIO.build/Objects-normal/arm64/PLYIO_const_extract_protocols.json

WriteAuxiliaryFile /Users/runner/Library/Developer/Xcode/DerivedData/SplatNative-dwmjesbccinwnzhdvkeajvbyatnj/Build/Intermediates.noindex/MetalSplatter.build/Release-iphoneos/PLYIO.build/Objects-normal/arm64/PLYIO.SwiftFileList (in target 'PLYIO' from project 'MetalSplatter')
    cd /Users/runner/Library/Developer/Xcode/DerivedData/SplatNative-dwmjesbccinwnzhdvkeajvbyatnj/SourcePackages/checkouts/MetalSplatter
    write-file /Users/runner/Library/Developer/Xcode/DerivedData/SplatNative-dwmjesbccinwnzhdvkeajvbyatnj/Build/Intermediates.noindex/MetalSplatter.build/Release-iphoneos/PLYIO.build/Objects-normal/arm64/PLYIO.SwiftFileList

WriteAuxiliaryFile /Users/runner/Library/Developer/Xcode/DerivedData/SplatNative-dwmjesbccinwnzhdvkeajvbyatnj/Build/Intermediates.noindex/MetalSplatter.build/Release-iphoneos/PLYIO.build/Objects-normal/arm64/PLYIO.SwiftConstValuesFileList (in target 'PLYIO' from project 'MetalSplatter')
    cd /Users/runner/Library/Developer/Xcode/DerivedData/SplatNative-dwmjesbccinwnzhdvkeajvbyatnj/SourcePackages/checkouts/MetalSplatter
    write-file /Users/runner/Library/Developer/Xcode/DerivedData/SplatNative-dwmjesbccinwnzhdvkeajvbyatnj/Build/Intermediates.noindex/MetalSplatter.build/Release-iphoneos/PLYIO.build/Objects-normal/arm64/PLYIO.SwiftConstValuesFileList

WriteAuxiliaryFile /Users/runner/Library/Developer/Xcode/DerivedData/SplatNative-dwmjesbccinwnzhdvkeajvbyatnj/Build/Intermediates.noindex/MetalSplatter.build/Release-iphoneos/PLYIO.build/Objects-normal/arm64/PLYIO.LinkFileList (in target 'PLYIO' from project 'MetalSplatter')
    cd /Users/runner/Library/Developer/Xcode/DerivedData/SplatNative-dwmjesbccinwnzhdvkeajvbyatnj/SourcePackages/checkouts/MetalSplatter
    write-file /Users/runner/Library/Developer/Xcode/DerivedData/SplatNative-dwmjesbccinwnzhdvkeajvbyatnj/Build/Intermediates.noindex/MetalSplatter.build/Release-iphoneos/PLYIO.build/Objects-normal/arm64/PLYIO.LinkFileList

WriteAuxiliaryFile /Users/runner/Library/Developer/Xcode/DerivedData/SplatNative-dwmjesbccinwnzhdvkeajvbyatnj/Build/Intermediates.noindex/MetalSplatter.build/Release-iphoneos/PLYIO.build/Objects-normal/arm64/PLYIO-OutputFileMap.json (in target 'PLYIO' from project 'MetalSplatter')
    cd /Users/runner/Library/Developer/Xcode/DerivedData/SplatNative-dwmjesbccinwnzhdvkeajvbyatnj/SourcePackages/checkouts/MetalSplatter
    write-file /Users/runner/Library/Developer/Xcode/DerivedData/SplatNative-dwmjesbccinwnzhdvkeajvbyatnj/Build/Intermediates.noindex/MetalSplatter.build/Release-iphoneos/PLYIO.build/Objects-normal/arm64/PLYIO-OutputFileMap.json

Copy /Users/runner/Library/Developer/Xcode/DerivedData/SplatNative-dwmjesbccinwnzhdvkeajvbyatnj/Build/Intermediates.noindex/GeneratedModuleMaps-iphoneos/PLYIO.modulemap /Users/runner/Library/Developer/Xcode/DerivedData/SplatNative-dwmjesbccinwnzhdvkeajvbyatnj/Build/Intermediates.noindex/MetalSplatter.build/Release-iphoneos/PLYIO.build/PLYIO.modulemap (in target 'PLYIO' from project 'MetalSplatter')
    cd /Users/runner/Library/Developer/Xcode/DerivedData/SplatNative-dwmjesbccinwnzhdvkeajvbyatnj/SourcePackages/checkouts/MetalSplatter
    builtin-copy -exclude .DS_Store -exclude CVS -exclude .svn -exclude .git -exclude .hg -strip-unsigned-binaries -strip-deterministic -strip-tool /Applications/Xcode_16.4.app/Contents/Developer/Toolchains/XcodeDefault.xctoolchain/usr/bin/strip -resolve-src-symlinks /Users/runner/Library/Developer/Xcode/DerivedData/SplatNative-dwmjesbccinwnzhdvkeajvbyatnj/Build/Intermediates.noindex/MetalSplatter.build/Release-iphoneos/PLYIO.build/PLYIO.modulemap /Users/runner/Library/Developer/Xcode/DerivedData/SplatNative-dwmjesbccinwnzhdvkeajvbyatnj/Build/Intermediates.noindex/GeneratedModuleMaps-iphoneos

WriteAuxiliaryFile /Users/runner/Library/Developer/Xcode/DerivedData/SplatNative-dwmjesbccinwnzhdvkeajvbyatnj/Build/Intermediates.noindex/Msplat.build/Release-iphoneos/Msplat_Msplat.build/empty-Msplat_Msplat.plist (in target 'Msplat_Msplat' from project 'Msplat')
    cd /Users/runner/work/ALLSUNDAY1122.github.io/ALLSUNDAY1122.github.io/splat-native-ios/Packages/MsplatMemory
    write-file /Users/runner/Library/Developer/Xcode/DerivedData/SplatNative-dwmjesbccinwnzhdvkeajvbyatnj/Build/Intermediates.noindex/Msplat.build/Release-iphoneos/Msplat_Msplat.build/empty-Msplat_Msplat.plist

WriteAuxiliaryFile /Users/runner/Library/Developer/Xcode/DerivedData/SplatNative-dwmjesbccinwnzhdvkeajvbyatnj/Build/Intermediates.noindex/Msplat.build/Release-iphoneos/Msplat_Msplat.build/Msplat_Msplat.DependencyStaticMetadataFileList (in target 'Msplat_Msplat' from project 'Msplat')
    cd /Users/runner/work/ALLSUNDAY1122.github.io/ALLSUNDAY1122.github.io/splat-native-ios/Packages/MsplatMemory
    write-file /Users/runner/Library/Developer/Xcode/DerivedData/SplatNative-dwmjesbccinwnzhdvkeajvbyatnj/Build/Intermediates.noindex/Msplat.build/Release-iphoneos/Msplat_Msplat.build/Msplat_Msplat.DependencyStaticMetadataFileList

WriteAuxiliaryFile /Users/runner/Library/Developer/Xcode/DerivedData/SplatNative-dwmjesbccinwnzhdvkeajvbyatnj/Build/Intermediates.noindex/Msplat.build/Release-iphoneos/Msplat_Msplat.build/Msplat_Msplat.DependencyMetadataFileList (in target 'Msplat_Msplat' from project 'Msplat')
    cd /Users/runner/work/ALLSUNDAY1122.github.io/ALLSUNDAY1122.github.io/splat-native-ios/Packages/MsplatMemory
    write-file /Users/runner/Library/Developer/Xcode/DerivedData/SplatNative-dwmjesbccinwnzhdvkeajvbyatnj/Build/Intermediates.noindex/Msplat.build/Release-iphoneos/Msplat_Msplat.build/Msplat_Msplat.DependencyMetadataFileList

WriteAuxiliaryFile /Users/runner/Library/Developer/Xcode/DerivedData/SplatNative-dwmjesbccinwnzhdvkeajvbyatnj/Build/Intermediates.noindex/Msplat.build/Release-iphoneos/MsplatCore.build/Objects-normal/arm64/af3fcb34312c57c0f52879cdce924b91-common-args.resp (in target 'MsplatCore' from project 'Msplat')
    cd /Users/runner/work/ALLSUNDAY1122.github.io/ALLSUNDAY1122.github.io/splat-native-ios/Packages/MsplatMemory
    write-file /Users/runner/Library/Developer/Xcode/DerivedData/SplatNative-dwmjesbccinwnzhdvkeajvbyatnj/Build/Intermediates.noindex/Msplat.build/Release-iphoneos/MsplatCore.build/Objects-normal/arm64/af3fcb34312c57c0f52879cdce924b91-common-args.resp
-target arm64-apple-ios18.0 '-std=c++17' -fobjc-arc -fmodules -fno-cxx-modules -gmodules '-fmodules-cache-path=/Users/runner/Library/Developer/Xcode/DerivedData/ModuleCache.noindex' '-fmodule-name=MsplatCore' -fpascal-strings -Os -DSWIFT_PACKAGE -DUSE_MPS '-DOBJC_OLD_DISPATCH_PROTOTYPES=1' -isysroot /Applications/Xcode_16.4.app/Contents/Developer/Platforms/iPhoneOS.platform/Developer/SDKs/iPhoneOS18.5.sdk -g -fvisibility-inlines-hidden -I/Users/runner/Library/Developer/Xcode/DerivedData/SplatNative-dwmjesbccinwnzhdvkeajvbyatnj/Build/Products/Release-iphoneos/include -I/Users/runner/work/ALLSUNDAY1122.github.io/ALLSUNDAY1122.github.io/splat-native-ios/Packages/MsplatMemory/Sources/MsplatCore/include -I/Users/runner/work/ALLSUNDAY1122.github.io/ALLSUNDAY1122.github.io/splat-native-ios/Packages/MsplatMemory/Sources/MsplatCore/internal/include -I/Users/runner/work/ALLSUNDAY1122.github.io/ALLSUNDAY1122.github.io/splat-native-ios/Packages/MsplatMemory/Sources/MsplatCore/metal -I/Users/runner/work/ALLSUNDAY1122.github.io/ALLSUNDAY1122.github.io/splat-native-ios/Packages/MsplatMemory/Sources/MsplatCore/vendor/nlohmann/single_include -I/Users/runner/work/ALLSUNDAY1122.github.io/ALLSUNDAY1122.github.io/splat-native-ios/Packages/MsplatMemory/Sources/MsplatCore/vendor/nanoflann/include -I/Users/runner/Library/Developer/Xcode/DerivedData/SplatNative-dwmjesbccinwnzhdvkeajvbyatnj/Build/Intermediates.noindex/Msplat.build/Release-iphoneos/MsplatCore.build/DerivedSources-normal/arm64 -I/Users/runner/Library/Developer/Xcode/DerivedData/SplatNative-dwmjesbccinwnzhdvkeajvbyatnj/Build/Intermediates.noindex/Msplat.build/Release-iphoneos/MsplatCore.build/DerivedSources/arm64 -I/Users/runner/Library/Developer/Xcode/DerivedData/SplatNative-dwmjesbccinwnzhdvkeajvbyatnj/Build/Intermediates.noindex/Msplat.build/Release-iphoneos/MsplatCore.build/DerivedSources -F/Users/runner/Library/Developer/Xcode/DerivedData/SplatNative-dwmjesbccinwnzhdvkeajvbyatnj/Build/Products/Release-iphoneos -iframework /Applications/Xcode_16.4.app/Contents/Developer/Platforms/iPhoneOS.platform/Developer/Library/Frameworks -iframework /Applications/Xcode_16.4.app/Contents/Developer/Platforms/iPhoneOS.platform/Developer/SDKs/iPhoneOS18.5.sdk/Developer/Library/Frameworks -DXcode -fno-objc-arc

WriteAuxiliaryFile /Users/runner/Library/Developer/Xcode/DerivedData/SplatNative-dwmjesbccinwnzhdvkeajvbyatnj/Build/Intermediates.noindex/Msplat.build/Release-iphoneos/MsplatCore.build/Objects-normal/arm64/MsplatCore.LinkFileList (in target 'MsplatCore' from project 'Msplat')
    cd /Users/runner/work/ALLSUNDAY1122.github.io/ALLSUNDAY1122.github.io/splat-native-ios/Packages/MsplatMemory
    write-file /Users/runner/Library/Developer/Xcode/DerivedData/SplatNative-dwmjesbccinwnzhdvkeajvbyatnj/Build/Intermediates.noindex/Msplat.build/Release-iphoneos/MsplatCore.build/Objects-normal/arm64/MsplatCore.LinkFileList

WriteAuxiliaryFile /Users/runner/Library/Developer/Xcode/DerivedData/SplatNative-dwmjesbccinwnzhdvkeajvbyatnj/Build/Intermediates.noindex/Msplat.build/Release-iphoneos/MsplatCore.build/Objects-normal/arm64/82b82416624d2658e5098eb0a28c15c5-common-args.resp (in target 'MsplatCore' from project 'Msplat')
    cd /Users/runner/work/ALLSUNDAY1122.github.io/ALLSUNDAY1122.github.io/splat-native-ios/Packages/MsplatMemory
    write-file /Users/runner/Library/Developer/Xcode/DerivedData/SplatNative-dwmjesbccinwnzhdvkeajvbyatnj/Build/Intermediates.noindex/Msplat.build/Release-iphoneos/MsplatCore.build/Objects-normal/arm64/82b82416624d2658e5098eb0a28c15c5-common-args.resp
-target arm64-apple-ios18.0 '-std=c++17' -fmodules -fno-cxx-modules -gmodules '-fmodules-cache-path=/Users/runner/Library/Developer/Xcode/DerivedData/ModuleCache.noindex' '-fmodule-name=MsplatCore' -fpascal-strings -Os -DSWIFT_PACKAGE -DUSE_MPS -isysroot /Applications/Xcode_16.4.app/Contents/Developer/Platforms/iPhoneOS.platform/Developer/SDKs/iPhoneOS18.5.sdk -g -fvisibility-inlines-hidden -I/Users/runner/Library/Developer/Xcode/DerivedData/SplatNative-dwmjesbccinwnzhdvkeajvbyatnj/Build/Products/Release-iphoneos/include -I/Users/runner/work/ALLSUNDAY1122.github.io/ALLSUNDAY1122.github.io/splat-native-ios/Packages/MsplatMemory/Sources/MsplatCore/include -I/Users/runner/work/ALLSUNDAY1122.github.io/ALLSUNDAY1122.github.io/splat-native-ios/Packages/MsplatMemory/Sources/MsplatCore/internal/include -I/Users/runner/work/ALLSUNDAY1122.github.io/ALLSUNDAY1122.github.io/splat-native-ios/Packages/MsplatMemory/Sources/MsplatCore/metal -I/Users/runner/work/ALLSUNDAY1122.github.io/ALLSUNDAY1122.github.io/splat-native-ios/Packages/MsplatMemory/Sources/MsplatCore/vendor/nlohmann/single_include -I/Users/runner/work/ALLSUNDAY1122.github.io/ALLSUNDAY1122.github.io/splat-native-ios/Packages/MsplatMemory/Sources/MsplatCore/vendor/nanoflann/include -I/Users/runner/Library/Developer/Xcode/DerivedData/SplatNative-dwmjesbccinwnzhdvkeajvbyatnj/Build/Intermediates.noindex/Msplat.build/Release-iphoneos/MsplatCore.build/DerivedSources-normal/arm64 -I/Users/runner/Library/Developer/Xcode/DerivedData/SplatNative-dwmjesbccinwnzhdvkeajvbyatnj/Build/Intermediates.noindex/Msplat.build/Release-iphoneos/MsplatCore.build/DerivedSources/arm64 -I/Users/runner/Library/Developer/Xcode/DerivedData/SplatNative-dwmjesbccinwnzhdvkeajvbyatnj/Build/Intermediates.noindex/Msplat.build/Release-iphoneos/MsplatCore.build/DerivedSources -F/Users/runner/Library/Developer/Xcode/DerivedData/SplatNative-dwmjesbccinwnzhdvkeajvbyatnj/Build/Products/Release-iphoneos -iframework /Applications/Xcode_16.4.app/Contents/Developer/Platforms/iPhoneOS.platform/Developer/Library/Frameworks -iframework /Applications/Xcode_16.4.app/Contents/Developer/Platforms/iPhoneOS.platform/Developer/SDKs/iPhoneOS18.5.sdk/Developer/Library/Frameworks -DXcode -fno-objc-arc

WriteAuxiliaryFile /Users/runner/Library/Developer/Xcode/DerivedData/SplatNative-dwmjesbccinwnzhdvkeajvbyatnj/Build/Intermediates.noindex/Msplat.build/Release-iphoneos/MsplatCore.build/MsplatCore.modulemap (in target 'MsplatCore' from project 'Msplat')
    cd /Users/runner/work/ALLSUNDAY1122.github.io/ALLSUNDAY1122.github.io/splat-native-ios/Packages/MsplatMemory
    write-file /Users/runner/Library/Developer/Xcode/DerivedData/SplatNative-dwmjesbccinwnzhdvkeajvbyatnj/Build/Intermediates.noindex/Msplat.build/Release-iphoneos/MsplatCore.build/MsplatCore.modulemap

WriteAuxiliaryFile /Users/runner/Library/Developer/Xcode/DerivedData/SplatNative-dwmjesbccinwnzhdvkeajvbyatnj/Build/Intermediates.noindex/Msplat.build/Release-iphoneos/MsplatCore.build/MsplatCore.DependencyStaticMetadataFileList (in target 'MsplatCore' from project 'Msplat')
    cd /Users/runner/work/ALLSUNDAY1122.github.io/ALLSUNDAY1122.github.io/splat-native-ios/Packages/MsplatMemory
    write-file /Users/runner/Library/Developer/Xcode/DerivedData/SplatNative-dwmjesbccinwnzhdvkeajvbyatnj/Build/Intermediates.noindex/Msplat.build/Release-iphoneos/MsplatCore.build/MsplatCore.DependencyStaticMetadataFileList

WriteAuxiliaryFile /Users/runner/Library/Developer/Xcode/DerivedData/SplatNative-dwmjesbccinwnzhdvkeajvbyatnj/Build/Intermediates.noindex/Msplat.build/Release-iphoneos/MsplatCore.build/MsplatCore.DependencyMetadataFileList (in target 'MsplatCore' from project 'Msplat')
    cd /Users/runner/work/ALLSUNDAY1122.github.io/ALLSUNDAY1122.github.io/splat-native-ios/Packages/MsplatMemory
    write-file /Users/runner/Library/Developer/Xcode/DerivedData/SplatNative-dwmjesbccinwnzhdvkeajvbyatnj/Build/Intermediates.noindex/Msplat.build/Release-iphoneos/MsplatCore.build/MsplatCore.DependencyMetadataFileList

Copy /Users/runner/Library/Developer/Xcode/DerivedData/SplatNative-dwmjesbccinwnzhdvkeajvbyatnj/Build/Intermediates.noindex/GeneratedModuleMaps-iphoneos/MsplatCore.modulemap /Users/runner/Library/Developer/Xcode/DerivedData/SplatNative-dwmjesbccinwnzhdvkeajvbyatnj/Build/Intermediates.noindex/Msplat.build/Release-iphoneos/MsplatCore.build/MsplatCore.modulemap (in target 'MsplatCore' from project 'Msplat')
    cd /Users/runner/work/ALLSUNDAY1122.github.io/ALLSUNDAY1122.github.io/splat-native-ios/Packages/MsplatMemory
    builtin-copy -exclude .DS_Store -exclude CVS -exclude .svn -exclude .git -exclude .hg -strip-unsigned-binaries -strip-deterministic -strip-tool /Applications/Xcode_16.4.app/Contents/Developer/Toolchains/XcodeDefault.xctoolchain/usr/bin/strip -resolve-src-symlinks /Users/runner/Library/Developer/Xcode/DerivedData/SplatNative-dwmjesbccinwnzhdvkeajvbyatnj/Build/Intermediates.noindex/Msplat.build/Release-iphoneos/MsplatCore.build/MsplatCore.modulemap /Users/runner/Library/Developer/Xcode/DerivedData/SplatNative-dwmjesbccinwnzhdvkeajvbyatnj/Build/Intermediates.noindex/GeneratedModuleMaps-iphoneos

WriteAuxiliaryFile /Users/runner/Library/Developer/Xcode/DerivedData/SplatNative-dwmjesbccinwnzhdvkeajvbyatnj/Build/Intermediates.noindex/Msplat.build/Release-iphoneos/Msplat.build/Objects-normal/arm64/Msplat_const_extract_protocols.json (in target 'Msplat' from project 'Msplat')
    cd /Users/runner/work/ALLSUNDAY1122.github.io/ALLSUNDAY1122.github.io/splat-native-ios/Packages/MsplatMemory
    write-file /Users/runner/Library/Developer/Xcode/DerivedData/SplatNative-dwmjesbccinwnzhdvkeajvbyatnj/Build/Intermediates.noindex/Msplat.build/Release-iphoneos/Msplat.build/Objects-normal/arm64/Msplat_const_extract_protocols.json

WriteAuxiliaryFile /Users/runner/Library/Developer/Xcode/DerivedData/SplatNative-dwmjesbccinwnzhdvkeajvbyatnj/Build/Intermediates.noindex/Msplat.build/Release-iphoneos/Msplat.build/Objects-normal/arm64/Msplat.SwiftFileList (in target 'Msplat' from project 'Msplat')
    cd /Users/runner/work/ALLSUNDAY1122.github.io/ALLSUNDAY1122.github.io/splat-native-ios/Packages/MsplatMemory
    write-file /Users/runner/Library/Developer/Xcode/DerivedData/SplatNative-dwmjesbccinwnzhdvkeajvbyatnj/Build/Intermediates.noindex/Msplat.build/Release-iphoneos/Msplat.build/Objects-normal/arm64/Msplat.SwiftFileList

WriteAuxiliaryFile /Users/runner/Library/Developer/Xcode/DerivedData/SplatNative-dwmjesbccinwnzhdvkeajvbyatnj/Build/Intermediates.noindex/Msplat.build/Release-iphoneos/Msplat.build/Objects-normal/arm64/Msplat.SwiftConstValuesFileList (in target 'Msplat' from project 'Msplat')
    cd /Users/runner/work/ALLSUNDAY1122.github.io/ALLSUNDAY1122.github.io/splat-native-ios/Packages/MsplatMemory
    write-file /Users/runner/Library/Developer/Xcode/DerivedData/SplatNative-dwmjesbccinwnzhdvkeajvbyatnj/Build/Intermediates.noindex/Msplat.build/Release-iphoneos/Msplat.build/Objects-normal/arm64/Msplat.SwiftConstValuesFileList

WriteAuxiliaryFile /Users/runner/Library/Developer/Xcode/DerivedData/SplatNative-dwmjesbccinwnzhdvkeajvbyatnj/Build/Intermediates.noindex/Msplat.build/Release-iphoneos/Msplat.build/Objects-normal/arm64/Msplat.LinkFileList (in target 'Msplat' from project 'Msplat')
    cd /Users/runner/work/ALLSUNDAY1122.github.io/ALLSUNDAY1122.github.io/splat-native-ios/Packages/MsplatMemory
    write-file /Users/runner/Library/Developer/Xcode/DerivedData/SplatNative-dwmjesbccinwnzhdvkeajvbyatnj/Build/Intermediates.noindex/Msplat.build/Release-iphoneos/Msplat.build/Objects-normal/arm64/Msplat.LinkFileList

WriteAuxiliaryFile /Users/runner/Library/Developer/Xcode/DerivedData/SplatNative-dwmjesbccinwnzhdvkeajvbyatnj/Build/Intermediates.noindex/Msplat.build/Release-iphoneos/Msplat.build/Objects-normal/arm64/Msplat-OutputFileMap.json (in target 'Msplat' from project 'Msplat')
    cd /Users/runner/work/ALLSUNDAY1122.github.io/ALLSUNDAY1122.github.io/splat-native-ios/Packages/MsplatMemory
    write-file /Users/runner/Library/Developer/Xcode/DerivedData/SplatNative-dwmjesbccinwnzhdvkeajvbyatnj/Build/Intermediates.noindex/Msplat.build/Release-iphoneos/Msplat.build/Objects-normal/arm64/Msplat-OutputFileMap.json

WriteAuxiliaryFile /Users/runner/Library/Developer/Xcode/DerivedData/SplatNative-dwmjesbccinwnzhdvkeajvbyatnj/Build/Intermediates.noindex/Msplat.build/Release-iphoneos/Msplat.build/Msplat.modulemap (in target 'Msplat' from project 'Msplat')
    cd /Users/runner/work/ALLSUNDAY1122.github.io/ALLSUNDAY1122.github.io/splat-native-ios/Packages/MsplatMemory
    write-file /Users/runner/Library/Developer/Xcode/DerivedData/SplatNative-dwmjesbccinwnzhdvkeajvbyatnj/Build/Intermediates.noindex/Msplat.build/Release-iphoneos/Msplat.build/Msplat.modulemap

WriteAuxiliaryFile /Users/runner/Library/Developer/Xcode/DerivedData/SplatNative-dwmjesbccinwnzhdvkeajvbyatnj/Build/Intermediates.noindex/Msplat.build/Release-iphoneos/Msplat.build/Msplat.DependencyStaticMetadataFileList (in target 'Msplat' from project 'Msplat')
    cd /Users/runner/work/ALLSUNDAY1122.github.io/ALLSUNDAY1122.github.io/splat-native-ios/Packages/MsplatMemory
    write-file /Users/runner/Library/Developer/Xcode/DerivedData/SplatNative-dwmjesbccinwnzhdvkeajvbyatnj/Build/Intermediates.noindex/Msplat.build/Release-iphoneos/Msplat.build/Msplat.DependencyStaticMetadataFileList

WriteAuxiliaryFile /Users/runner/Library/Developer/Xcode/DerivedData/SplatNative-dwmjesbccinwnzhdvkeajvbyatnj/Build/Intermediates.noindex/Msplat.build/Release-iphoneos/Msplat.build/Msplat.DependencyMetadataFileList (in target 'Msplat' from project 'Msplat')
    cd /Users/runner/work/ALLSUNDAY1122.github.io/ALLSUNDAY1122.github.io/splat-native-ios/Packages/MsplatMemory
    write-file /Users/runner/Library/Developer/Xcode/DerivedData/SplatNative-dwmjesbccinwnzhdvkeajvbyatnj/Build/Intermediates.noindex/Msplat.build/Release-iphoneos/Msplat.build/Msplat.DependencyMetadataFileList

WriteAuxiliaryFile /Users/runner/Library/Developer/Xcode/DerivedData/SplatNative-dwmjesbccinwnzhdvkeajvbyatnj/Build/Intermediates.noindex/Msplat.build/Release-iphoneos/Msplat.build/DerivedSources/resource_bundle_accessor.swift (in target 'Msplat' from project 'Msplat')
    cd /Users/runner/work/ALLSUNDAY1122.github.io/ALLSUNDAY1122.github.io/splat-native-ios/Packages/MsplatMemory
    write-file /Users/runner/Library/Developer/Xcode/DerivedData/SplatNative-dwmjesbccinwnzhdvkeajvbyatnj/Build/Intermediates.noindex/Msplat.build/Release-iphoneos/Msplat.build/DerivedSources/resource_bundle_accessor.swift

Copy /Users/runner/Library/Developer/Xcode/DerivedData/SplatNative-dwmjesbccinwnzhdvkeajvbyatnj/Build/Intermediates.noindex/GeneratedModuleMaps-iphoneos/Msplat.modulemap /Users/runner/Library/Developer/Xcode/DerivedData/SplatNative-dwmjesbccinwnzhdvkeajvbyatnj/Build/Intermediates.noindex/Msplat.build/Release-iphoneos/Msplat.build/Msplat.modulemap (in target 'Msplat' from project 'Msplat')
    cd /Users/runner/work/ALLSUNDAY1122.github.io/ALLSUNDAY1122.github.io/splat-native-ios/Packages/MsplatMemory
    builtin-copy -exclude .DS_Store -exclude CVS -exclude .svn -exclude .git -exclude .hg -strip-unsigned-binaries -strip-deterministic -strip-tool /Applications/Xcode_16.4.app/Contents/Developer/Toolchains/XcodeDefault.xctoolchain/usr/bin/strip -resolve-src-symlinks /Users/runner/Library/Developer/Xcode/DerivedData/SplatNative-dwmjesbccinwnzhdvkeajvbyatnj/Build/Intermediates.noindex/Msplat.build/Release-iphoneos/Msplat.build/Msplat.modulemap /Users/runner/Library/Developer/Xcode/DerivedData/SplatNative-dwmjesbccinwnzhdvkeajvbyatnj/Build/Intermediates.noindex/GeneratedModuleMaps-iphoneos

WriteAuxiliaryFile /Users/runner/Library/Developer/Xcode/DerivedData/SplatNative-dwmjesbccinwnzhdvkeajvbyatnj/Build/Intermediates.noindex/MetalSplatter.build/Release-iphoneos/MetalSplatter_MetalSplatter.build/empty-MetalSplatter_MetalSplatter.plist (in target 'MetalSplatter_MetalSplatter' from project 'MetalSplatter')
    cd /Users/runner/Library/Developer/Xcode/DerivedData/SplatNative-dwmjesbccinwnzhdvkeajvbyatnj/SourcePackages/checkouts/MetalSplatter
    write-file /Users/runner/Library/Developer/Xcode/DerivedData/SplatNative-dwmjesbccinwnzhdvkeajvbyatnj/Build/Intermediates.noindex/MetalSplatter.build/Release-iphoneos/MetalSplatter_MetalSplatter.build/empty-MetalSplatter_MetalSplatter.plist

WriteAuxiliaryFile /Users/runner/Library/Developer/Xcode/DerivedData/SplatNative-dwmjesbccinwnzhdvkeajvbyatnj/Build/Intermediates.noindex/MetalSplatter.build/Release-iphoneos/MetalSplatter_MetalSplatter.build/MetalSplatter_MetalSplatter.DependencyStaticMetadataFileList (in target 'MetalSplatter_MetalSplatter' from project 'MetalSplatter')
    cd /Users/runner/Library/Developer/Xcode/DerivedData/SplatNative-dwmjesbccinwnzhdvkeajvbyatnj/SourcePackages/checkouts/MetalSplatter
    write-file /Users/runner/Library/Developer/Xcode/DerivedData/SplatNative-dwmjesbccinwnzhdvkeajvbyatnj/Build/Intermediates.noindex/MetalSplatter.build/Release-iphoneos/MetalSplatter_MetalSplatter.build/MetalSplatter_MetalSplatter.DependencyStaticMetadataFileList

WriteAuxiliaryFile /Users/runner/Library/Developer/Xcode/DerivedData/SplatNative-dwmjesbccinwnzhdvkeajvbyatnj/Build/Intermediates.noindex/MetalSplatter.build/Release-iphoneos/MetalSplatter_MetalSplatter.build/MetalSplatter_MetalSplatter.DependencyMetadataFileList (in target 'MetalSplatter_MetalSplatter' from project 'MetalSplatter')
    cd /Users/runner/Library/Developer/Xcode/DerivedData/SplatNative-dwmjesbccinwnzhdvkeajvbyatnj/SourcePackages/checkouts/MetalSplatter
    write-file /Users/runner/Library/Developer/Xcode/DerivedData/SplatNative-dwmjesbccinwnzhdvkeajvbyatnj/Build/Intermediates.noindex/MetalSplatter.build/Release-iphoneos/MetalSplatter_MetalSplatter.build/MetalSplatter_MetalSplatter.DependencyMetadataFileList

WriteAuxiliaryFile /Users/runner/Library/Developer/Xcode/DerivedData/SplatNative-dwmjesbccinwnzhdvkeajvbyatnj/Build/Intermediates.noindex/MetalSplatter.build/Release-iphoneos/MetalSplatter.build/Objects-normal/arm64/MetalSplatter_const_extract_protocols.json (in target 'MetalSplatter' from project 'MetalSplatter')
    cd /Users/runner/Library/Developer/Xcode/DerivedData/SplatNative-dwmjesbccinwnzhdvkeajvbyatnj/SourcePackages/checkouts/MetalSplatter
    write-file /Users/runner/Library/Developer/Xcode/DerivedData/SplatNative-dwmjesbccinwnzhdvkeajvbyatnj/Build/Intermediates.noindex/MetalSplatter.build/Release-iphoneos/MetalSplatter.build/Objects-normal/arm64/MetalSplatter_const_extract_protocols.json

WriteAuxiliaryFile /Users/runner/Library/Developer/Xcode/DerivedData/SplatNative-dwmjesbccinwnzhdvkeajvbyatnj/Build/Intermediates.noindex/MetalSplatter.build/Release-iphoneos/MetalSplatter.build/Objects-normal/arm64/MetalSplatter.SwiftFileList (in target 'MetalSplatter' from project 'MetalSplatter')
    cd /Users/runner/Library/Developer/Xcode/DerivedData/SplatNative-dwmjesbccinwnzhdvkeajvbyatnj/SourcePackages/checkouts/MetalSplatter
    write-file /Users/runner/Library/Developer/Xcode/DerivedData/SplatNative-dwmjesbccinwnzhdvkeajvbyatnj/Build/Intermediates.noindex/MetalSplatter.build/Release-iphoneos/MetalSplatter.build/Objects-normal/arm64/MetalSplatter.SwiftFileList

WriteAuxiliaryFile /Users/runner/Library/Developer/Xcode/DerivedData/SplatNative-dwmjesbccinwnzhdvkeajvbyatnj/Build/Intermediates.noindex/MetalSplatter.build/Release-iphoneos/MetalSplatter.build/Objects-normal/arm64/MetalSplatter.SwiftConstValuesFileList (in target 'MetalSplatter' from project 'MetalSplatter')
    cd /Users/runner/Library/Developer/Xcode/DerivedData/SplatNative-dwmjesbccinwnzhdvkeajvbyatnj/SourcePackages/checkouts/MetalSplatter
    write-file /Users/runner/Library/Developer/Xcode/DerivedData/SplatNative-dwmjesbccinwnzhdvkeajvbyatnj/Build/Intermediates.noindex/MetalSplatter.build/Release-iphoneos/MetalSplatter.build/Objects-normal/arm64/MetalSplatter.SwiftConstValuesFileList

WriteAuxiliaryFile /Users/runner/Library/Developer/Xcode/DerivedData/SplatNative-dwmjesbccinwnzhdvkeajvbyatnj/Build/Intermediates.noindex/MetalSplatter.build/Release-iphoneos/MetalSplatter.build/Objects-normal/arm64/MetalSplatter.LinkFileList (in target 'MetalSplatter' from project 'MetalSplatter')
    cd /Users/runner/Library/Developer/Xcode/DerivedData/SplatNative-dwmjesbccinwnzhdvkeajvbyatnj/SourcePackages/checkouts/MetalSplatter
    write-file /Users/runner/Library/Developer/Xcode/DerivedData/SplatNative-dwmjesbccinwnzhdvkeajvbyatnj/Build/Intermediates.noindex/MetalSplatter.build/Release-iphoneos/MetalSplatter.build/Objects-normal/arm64/MetalSplatter.LinkFileList

WriteAuxiliaryFile /Users/runner/Library/Developer/Xcode/DerivedData/SplatNative-dwmjesbccinwnzhdvkeajvbyatnj/Build/Intermediates.noindex/MetalSplatter.build/Release-iphoneos/MetalSplatter.build/Objects-normal/arm64/MetalSplatter-OutputFileMap.json (in target 'MetalSplatter' from project 'MetalSplatter')
    cd /Users/runner/Library/Developer/Xcode/DerivedData/SplatNative-dwmjesbccinwnzhdvkeajvbyatnj/SourcePackages/checkouts/MetalSplatter
    write-file /Users/runner/Library/Developer/Xcode/DerivedData/SplatNative-dwmjesbccinwnzhdvkeajvbyatnj/Build/Intermediates.noindex/MetalSplatter.build/Release-iphoneos/MetalSplatter.build/Objects-normal/arm64/MetalSplatter-OutputFileMap.json

WriteAuxiliaryFile /Users/runner/Library/Developer/Xcode/DerivedData/SplatNative-dwmjesbccinwnzhdvkeajvbyatnj/Build/Intermediates.noindex/MetalSplatter.build/Release-iphoneos/MetalSplatter.build/MetalSplatter.modulemap (in target 'MetalSplatter' from project 'MetalSplatter')
    cd /Users/runner/Library/Developer/Xcode/DerivedData/SplatNative-dwmjesbccinwnzhdvkeajvbyatnj/SourcePackages/checkouts/MetalSplatter
    write-file /Users/runner/Library/Developer/Xcode/DerivedData/SplatNative-dwmjesbccinwnzhdvkeajvbyatnj/Build/Intermediates.noindex/MetalSplatter.build/Release-iphoneos/MetalSplatter.build/MetalSplatter.modulemap

WriteAuxiliaryFile /Users/runner/Library/Developer/Xcode/DerivedData/SplatNative-dwmjesbccinwnzhdvkeajvbyatnj/Build/Intermediates.noindex/MetalSplatter.build/Release-iphoneos/MetalSplatter.build/MetalSplatter.DependencyStaticMetadataFileList (in target 'MetalSplatter' from project 'MetalSplatter')
    cd /Users/runner/Library/Developer/Xcode/DerivedData/SplatNative-dwmjesbccinwnzhdvkeajvbyatnj/SourcePackages/checkouts/MetalSplatter
    write-file /Users/runner/Library/Developer/Xcode/DerivedData/SplatNative-dwmjesbccinwnzhdvkeajvbyatnj/Build/Intermediates.noindex/MetalSplatter.build/Release-iphoneos/MetalSplatter.build/MetalSplatter.DependencyStaticMetadataFileList

WriteAuxiliaryFile /Users/runner/Library/Developer/Xcode/DerivedData/SplatNative-dwmjesbccinwnzhdvkeajvbyatnj/Build/Intermediates.noindex/MetalSplatter.build/Release-iphoneos/MetalSplatter.build/MetalSplatter.DependencyMetadataFileList (in target 'MetalSplatter' from project 'MetalSplatter')
    cd /Users/runner/Library/Developer/Xcode/DerivedData/SplatNative-dwmjesbccinwnzhdvkeajvbyatnj/SourcePackages/checkouts/MetalSplatter
    write-file /Users/runner/Library/Developer/Xcode/DerivedData/SplatNative-dwmjesbccinwnzhdvkeajvbyatnj/Build/Intermediates.noindex/MetalSplatter.build/Release-iphoneos/MetalSplatter.build/MetalSplatter.DependencyMetadataFileList

WriteAuxiliaryFile /Users/runner/Library/Developer/Xcode/DerivedData/SplatNative-dwmjesbccinwnzhdvkeajvbyatnj/Build/Intermediates.noindex/MetalSplatter.build/Release-iphoneos/MetalSplatter.build/DerivedSources/resource_bundle_accessor.swift (in target 'MetalSplatter' from project 'MetalSplatter')
    cd /Users/runner/Library/Developer/Xcode/DerivedData/SplatNative-dwmjesbccinwnzhdvkeajvbyatnj/SourcePackages/checkouts/MetalSplatter
    write-file /Users/runner/Library/Developer/Xcode/DerivedData/SplatNative-dwmjesbccinwnzhdvkeajvbyatnj/Build/Intermediates.noindex/MetalSplatter.build/Release-iphoneos/MetalSplatter.build/DerivedSources/resource_bundle_accessor.swift

Copy /Users/runner/Library/Developer/Xcode/DerivedData/SplatNative-dwmjesbccinwnzhdvkeajvbyatnj/Build/Intermediates.noindex/GeneratedModuleMaps-iphoneos/MetalSplatter.modulemap /Users/runner/Library/Developer/Xcode/DerivedData/SplatNative-dwmjesbccinwnzhdvkeajvbyatnj/Build/Intermediates.noindex/MetalSplatter.build/Release-iphoneos/MetalSplatter.build/MetalSplatter.modulemap (in target 'MetalSplatter' from project 'MetalSplatter')
    cd /Users/runner/Library/Developer/Xcode/DerivedData/SplatNative-dwmjesbccinwnzhdvkeajvbyatnj/SourcePackages/checkouts/MetalSplatter
    builtin-copy -exclude .DS_Store -exclude CVS -exclude .svn -exclude .git -exclude .hg -strip-unsigned-binaries -strip-deterministic -strip-tool /Applications/Xcode_16.4.app/Contents/Developer/Toolchains/XcodeDefault.xctoolchain/usr/bin/strip -resolve-src-symlinks /Users/runner/Library/Developer/Xcode/DerivedData/SplatNative-dwmjesbccinwnzhdvkeajvbyatnj/Build/Intermediates.noindex/MetalSplatter.build/Release-iphoneos/MetalSplatter.build/MetalSplatter.modulemap /Users/runner/Library/Developer/Xcode/DerivedData/SplatNative-dwmjesbccinwnzhdvkeajvbyatnj/Build/Intermediates.noindex/GeneratedModuleMaps-iphoneos

WriteAuxiliaryFile /Users/runner/Library/Developer/Xcode/DerivedData/SplatNative-dwmjesbccinwnzhdvkeajvbyatnj/Build/Intermediates.noindex/xctest-dynamic-overlay.build/Release-iphoneos/IssueReporting.build/Objects-normal/arm64/IssueReporting_const_extract_protocols.json (in target 'IssueReporting' from project 'xctest-dynamic-overlay')
    cd /Users/runner/Library/Developer/Xcode/DerivedData/SplatNative-dwmjesbccinwnzhdvkeajvbyatnj/SourcePackages/checkouts/xctest-dynamic-overlay
    write-file /Users/runner/Library/Developer/Xcode/DerivedData/SplatNative-dwmjesbccinwnzhdvkeajvbyatnj/Build/Intermediates.noindex/xctest-dynamic-overlay.build/Release-iphoneos/IssueReporting.build/Objects-normal/arm64/IssueReporting_const_extract_protocols.json

WriteAuxiliaryFile /Users/runner/Library/Developer/Xcode/DerivedData/SplatNative-dwmjesbccinwnzhdvkeajvbyatnj/Build/Intermediates.noindex/xctest-dynamic-overlay.build/Release-iphoneos/IssueReporting.build/Objects-normal/arm64/IssueReporting.SwiftFileList (in target 'IssueReporting' from project 'xctest-dynamic-overlay')
    cd /Users/runner/Library/Developer/Xcode/DerivedData/SplatNative-dwmjesbccinwnzhdvkeajvbyatnj/SourcePackages/checkouts/xctest-dynamic-overlay
    write-file /Users/runner/Library/Developer/Xcode/DerivedData/SplatNative-dwmjesbccinwnzhdvkeajvbyatnj/Build/Intermediates.noindex/xctest-dynamic-overlay.build/Release-iphoneos/IssueReporting.build/Objects-normal/arm64/IssueReporting.SwiftFileList

WriteAuxiliaryFile /Users/runner/Library/Developer/Xcode/DerivedData/SplatNative-dwmjesbccinwnzhdvkeajvbyatnj/Build/Intermediates.noindex/xctest-dynamic-overlay.build/Release-iphoneos/IssueReporting.build/Objects-normal/arm64/IssueReporting.SwiftConstValuesFileList (in target 'IssueReporting' from project 'xctest-dynamic-overlay')
    cd /Users/runner/Library/Developer/Xcode/DerivedData/SplatNative-dwmjesbccinwnzhdvkeajvbyatnj/SourcePackages/checkouts/xctest-dynamic-overlay
    write-file /Users/runner/Library/Developer/Xcode/DerivedData/SplatNative-dwmjesbccinwnzhdvkeajvbyatnj/Build/Intermediates.noindex/xctest-dynamic-overlay.build/Release-iphoneos/IssueReporting.build/Objects-normal/arm64/IssueReporting.SwiftConstValuesFileList

WriteAuxiliaryFile /Users/runner/Library/Developer/Xcode/DerivedData/SplatNative-dwmjesbccinwnzhdvkeajvbyatnj/Build/Intermediates.noindex/xctest-dynamic-overlay.build/Release-iphoneos/IssueReporting.build/Objects-normal/arm64/IssueReporting.LinkFileList (in target 'IssueReporting' from project 'xctest-dynamic-overlay')
    cd /Users/runner/Library/Developer/Xcode/DerivedData/SplatNative-dwmjesbccinwnzhdvkeajvbyatnj/SourcePackages/checkouts/xctest-dynamic-overlay
    write-file /Users/runner/Library/Developer/Xcode/DerivedData/SplatNative-dwmjesbccinwnzhdvkeajvbyatnj/Build/Intermediates.noindex/xctest-dynamic-overlay.build/Release-iphoneos/IssueReporting.build/Objects-normal/arm64/IssueReporting.LinkFileList

WriteAuxiliaryFile /Users/runner/Library/Developer/Xcode/DerivedData/SplatNative-dwmjesbccinwnzhdvkeajvbyatnj/Build/Intermediates.noindex/xctest-dynamic-overlay.build/Release-iphoneos/IssueReporting.build/Objects-normal/arm64/IssueReporting-OutputFileMap.json (in target 'IssueReporting' from project 'xctest-dynamic-overlay')
    cd /Users/runner/Library/Developer/Xcode/DerivedData/SplatNative-dwmjesbccinwnzhdvkeajvbyatnj/SourcePackages/checkouts/xctest-dynamic-overlay
    write-file /Users/runner/Library/Developer/Xcode/DerivedData/SplatNative-dwmjesbccinwnzhdvkeajvbyatnj/Build/Intermediates.noindex/xctest-dynamic-overlay.build/Release-iphoneos/IssueReporting.build/Objects-normal/arm64/IssueReporting-OutputFileMap.json

WriteAuxiliaryFile /Users/runner/Library/Developer/Xcode/DerivedData/SplatNative-dwmjesbccinwnzhdvkeajvbyatnj/Build/Intermediates.noindex/xctest-dynamic-overlay.build/Release-iphoneos/IssueReporting.build/IssueReporting.modulemap (in target 'IssueReporting' from project 'xctest-dynamic-overlay')
    cd /Users/runner/Library/Developer/Xcode/DerivedData/SplatNative-dwmjesbccinwnzhdvkeajvbyatnj/SourcePackages/checkouts/xctest-dynamic-overlay
    write-file /Users/runner/Library/Developer/Xcode/DerivedData/SplatNative-dwmjesbccinwnzhdvkeajvbyatnj/Build/Intermediates.noindex/xctest-dynamic-overlay.build/Release-iphoneos/IssueReporting.build/IssueReporting.modulemap

WriteAuxiliaryFile /Users/runner/Library/Developer/Xcode/DerivedData/SplatNative-dwmjesbccinwnzhdvkeajvbyatnj/Build/Intermediates.noindex/xctest-dynamic-overlay.build/Release-iphoneos/IssueReporting.build/IssueReporting.DependencyStaticMetadataFileList (in target 'IssueReporting' from project 'xctest-dynamic-overlay')
    cd /Users/runner/Library/Developer/Xcode/DerivedData/SplatNative-dwmjesbccinwnzhdvkeajvbyatnj/SourcePackages/checkouts/xctest-dynamic-overlay
    write-file /Users/runner/Library/Developer/Xcode/DerivedData/SplatNative-dwmjesbccinwnzhdvkeajvbyatnj/Build/Intermediates.noindex/xctest-dynamic-overlay.build/Release-iphoneos/IssueReporting.build/IssueReporting.DependencyStaticMetadataFileList

WriteAuxiliaryFile /Users/runner/Library/Developer/Xcode/DerivedData/SplatNative-dwmjesbccinwnzhdvkeajvbyatnj/Build/Intermediates.noindex/xctest-dynamic-overlay.build/Release-iphoneos/IssueReporting.build/IssueReporting.DependencyMetadataFileList (in target 'IssueReporting' from project 'xctest-dynamic-overlay')
    cd /Users/runner/Library/Developer/Xcode/DerivedData/SplatNative-dwmjesbccinwnzhdvkeajvbyatnj/SourcePackages/checkouts/xctest-dynamic-overlay
    write-file /Users/runner/Library/Developer/Xcode/DerivedData/SplatNative-dwmjesbccinwnzhdvkeajvbyatnj/Build/Intermediates.noindex/xctest-dynamic-overlay.build/Release-iphoneos/IssueReporting.build/IssueReporting.DependencyMetadataFileList

Copy /Users/runner/Library/Developer/Xcode/DerivedData/SplatNative-dwmjesbccinwnzhdvkeajvbyatnj/Build/Intermediates.noindex/GeneratedModuleMaps-iphoneos/IssueReporting.modulemap /Users/runner/Library/Developer/Xcode/DerivedData/SplatNative-dwmjesbccinwnzhdvkeajvbyatnj/Build/Intermediates.noindex/xctest-dynamic-overlay.build/Release-iphoneos/IssueReporting.build/IssueReporting.modulemap (in target 'IssueReporting' from project 'xctest-dynamic-overlay')
    cd /Users/runner/Library/Developer/Xcode/DerivedData/SplatNative-dwmjesbccinwnzhdvkeajvbyatnj/SourcePackages/checkouts/xctest-dynamic-overlay
    builtin-copy -exclude .DS_Store -exclude CVS -exclude .svn -exclude .git -exclude .hg -strip-unsigned-binaries -strip-deterministic -strip-tool /Applications/Xcode_16.4.app/Contents/Developer/Toolchains/XcodeDefault.xctoolchain/usr/bin/strip -resolve-src-symlinks /Users/runner/Library/Developer/Xcode/DerivedData/SplatNative-dwmjesbccinwnzhdvkeajvbyatnj/Build/Intermediates.noindex/xctest-dynamic-overlay.build/Release-iphoneos/IssueReporting.build/IssueReporting.modulemap /Users/runner/Library/Developer/Xcode/DerivedData/SplatNative-dwmjesbccinwnzhdvkeajvbyatnj/Build/Intermediates.noindex/GeneratedModuleMaps-iphoneos

WriteAuxiliaryFile /Users/runner/Library/Developer/Xcode/DerivedData/SplatNative-dwmjesbccinwnzhdvkeajvbyatnj/Build/Intermediates.noindex/Supabase.build/Release-iphoneos/Helpers.build/Objects-normal/arm64/Helpers_const_extract_protocols.json (in target 'Helpers' from project 'Supabase')
    cd /Users/runner/Library/Developer/Xcode/DerivedData/SplatNative-dwmjesbccinwnzhdvkeajvbyatnj/SourcePackages/checkouts/supabase-swift
    write-file /Users/runner/Library/Developer/Xcode/DerivedData/SplatNative-dwmjesbccinwnzhdvkeajvbyatnj/Build/Intermediates.noindex/Supabase.build/Release-iphoneos/Helpers.build/Objects-normal/arm64/Helpers_const_extract_protocols.json

WriteAuxiliaryFile /Users/runner/Library/Developer/Xcode/DerivedData/SplatNative-dwmjesbccinwnzhdvkeajvbyatnj/Build/Intermediates.noindex/Supabase.build/Release-iphoneos/Helpers.build/Objects-normal/arm64/Helpers.SwiftFileList (in target 'Helpers' from project 'Supabase')
    cd /Users/runner/Library/Developer/Xcode/DerivedData/SplatNative-dwmjesbccinwnzhdvkeajvbyatnj/SourcePackages/checkouts/supabase-swift
    write-file /Users/runner/Library/Developer/Xcode/DerivedData/SplatNative-dwmjesbccinwnzhdvkeajvbyatnj/Build/Intermediates.noindex/Supabase.build/Release-iphoneos/Helpers.build/Objects-normal/arm64/Helpers.SwiftFileList

WriteAuxiliaryFile /Users/runner/Library/Developer/Xcode/DerivedData/SplatNative-dwmjesbccinwnzhdvkeajvbyatnj/Build/Intermediates.noindex/Supabase.build/Release-iphoneos/Helpers.build/Objects-normal/arm64/Helpers.SwiftConstValuesFileList (in target 'Helpers' from project 'Supabase')
    cd /Users/runner/Library/Developer/Xcode/DerivedData/SplatNative-dwmjesbccinwnzhdvkeajvbyatnj/SourcePackages/checkouts/supabase-swift
    write-file /Users/runner/Library/Developer/Xcode/DerivedData/SplatNative-dwmjesbccinwnzhdvkeajvbyatnj/Build/Intermediates.noindex/Supabase.build/Release-iphoneos/Helpers.build/Objects-normal/arm64/Helpers.SwiftConstValuesFileList

WriteAuxiliaryFile /Users/runner/Library/Developer/Xcode/DerivedData/SplatNative-dwmjesbccinwnzhdvkeajvbyatnj/Build/Intermediates.noindex/Supabase.build/Release-iphoneos/Helpers.build/Objects-normal/arm64/Helpers.LinkFileList (in target 'Helpers' from project 'Supabase')
    cd /Users/runner/Library/Developer/Xcode/DerivedData/SplatNative-dwmjesbccinwnzhdvkeajvbyatnj/SourcePackages/checkouts/supabase-swift
    write-file /Users/runner/Library/Developer/Xcode/DerivedData/SplatNative-dwmjesbccinwnzhdvkeajvbyatnj/Build/Intermediates.noindex/Supabase.build/Release-iphoneos/Helpers.build/Objects-normal/arm64/Helpers.LinkFileList

WriteAuxiliaryFile /Users/runner/Library/Developer/Xcode/DerivedData/SplatNative-dwmjesbccinwnzhdvkeajvbyatnj/Build/Intermediates.noindex/Supabase.build/Release-iphoneos/Helpers.build/Objects-normal/arm64/Helpers-OutputFileMap.json (in target 'Helpers' from project 'Supabase')
    cd /Users/runner/Library/Developer/Xcode/DerivedData/SplatNative-dwmjesbccinwnzhdvkeajvbyatnj/SourcePackages/checkouts/supabase-swift
    write-file /Users/runner/Library/Developer/Xcode/DerivedData/SplatNative-dwmjesbccinwnzhdvkeajvbyatnj/Build/Intermediates.noindex/Supabase.build/Release-iphoneos/Helpers.build/Objects-normal/arm64/Helpers-OutputFileMap.json

WriteAuxiliaryFile /Users/runner/Library/Developer/Xcode/DerivedData/SplatNative-dwmjesbccinwnzhdvkeajvbyatnj/Build/Intermediates.noindex/Supabase.build/Release-iphoneos/Helpers.build/Helpers.modulemap (in target 'Helpers' from project 'Supabase')
    cd /Users/runner/Library/Developer/Xcode/DerivedData/SplatNative-dwmjesbccinwnzhdvkeajvbyatnj/SourcePackages/checkouts/supabase-swift
    write-file /Users/runner/Library/Developer/Xcode/DerivedData/SplatNative-dwmjesbccinwnzhdvkeajvbyatnj/Build/Intermediates.noindex/Supabase.build/Release-iphoneos/Helpers.build/Helpers.modulemap

WriteAuxiliaryFile /Users/runner/Library/Developer/Xcode/DerivedData/SplatNative-dwmjesbccinwnzhdvkeajvbyatnj/Build/Intermediates.noindex/Supabase.build/Release-iphoneos/Helpers.build/Helpers.DependencyStaticMetadataFileList (in target 'Helpers' from project 'Supabase')
    cd /Users/runner/Library/Developer/Xcode/DerivedData/SplatNative-dwmjesbccinwnzhdvkeajvbyatnj/SourcePackages/checkouts/supabase-swift
    write-file /Users/runner/Library/Developer/Xcode/DerivedData/SplatNative-dwmjesbccinwnzhdvkeajvbyatnj/Build/Intermediates.noindex/Supabase.build/Release-iphoneos/Helpers.build/Helpers.DependencyStaticMetadataFileList

WriteAuxiliaryFile /Users/runner/Library/Developer/Xcode/DerivedData/SplatNative-dwmjesbccinwnzhdvkeajvbyatnj/Build/Intermediates.noindex/Supabase.build/Release-iphoneos/Helpers.build/Helpers.DependencyMetadataFileList (in target 'Helpers' from project 'Supabase')
    cd /Users/runner/Library/Developer/Xcode/DerivedData/SplatNative-dwmjesbccinwnzhdvkeajvbyatnj/SourcePackages/checkouts/supabase-swift
    write-file /Users/runner/Library/Developer/Xcode/DerivedData/SplatNative-dwmjesbccinwnzhdvkeajvbyatnj/Build/Intermediates.noindex/Supabase.build/Release-iphoneos/Helpers.build/Helpers.DependencyMetadataFileList

Copy /Users/runner/Library/Developer/Xcode/DerivedData/SplatNative-dwmjesbccinwnzhdvkeajvbyatnj/Build/Intermediates.noindex/GeneratedModuleMaps-iphoneos/Helpers.modulemap /Users/runner/Library/Developer/Xcode/DerivedData/SplatNative-dwmjesbccinwnzhdvkeajvbyatnj/Build/Intermediates.noindex/Supabase.build/Release-iphoneos/Helpers.build/Helpers.modulemap (in target 'Helpers' from project 'Supabase')
    cd /Users/runner/Library/Developer/Xcode/DerivedData/SplatNative-dwmjesbccinwnzhdvkeajvbyatnj/SourcePackages/checkouts/supabase-swift
    builtin-copy -exclude .DS_Store -exclude CVS -exclude .svn -exclude .git -exclude .hg -strip-unsigned-binaries -strip-deterministic -strip-tool /Applications/Xcode_16.4.app/Contents/Developer/Toolchains/XcodeDefault.xctoolchain/usr/bin/strip -resolve-src-symlinks /Users/runner/Library/Developer/Xcode/DerivedData/SplatNative-dwmjesbccinwnzhdvkeajvbyatnj/Build/Intermediates.noindex/Supabase.build/Release-iphoneos/Helpers.build/Helpers.modulemap /Users/runner/Library/Developer/Xcode/DerivedData/SplatNative-dwmjesbccinwnzhdvkeajvbyatnj/Build/Intermediates.noindex/GeneratedModuleMaps-iphoneos

WriteAuxiliaryFile /Users/runner/Library/Developer/Xcode/DerivedData/SplatNative-dwmjesbccinwnzhdvkeajvbyatnj/Build/Intermediates.noindex/swift-http-types.build/Release-iphoneos/HTTPTypes.build/Objects-normal/arm64/HTTPTypes_const_extract_protocols.json (in target 'HTTPTypes' from project 'swift-http-types')
    cd /Users/runner/Library/Developer/Xcode/DerivedData/SplatNative-dwmjesbccinwnzhdvkeajvbyatnj/SourcePackages/checkouts/swift-http-types
    write-file /Users/runner/Library/Developer/Xcode/DerivedData/SplatNative-dwmjesbccinwnzhdvkeajvbyatnj/Build/Intermediates.noindex/swift-http-types.build/Release-iphoneos/HTTPTypes.build/Objects-normal/arm64/HTTPTypes_const_extract_protocols.json

WriteAuxiliaryFile /Users/runner/Library/Developer/Xcode/DerivedData/SplatNative-dwmjesbccinwnzhdvkeajvbyatnj/Build/Intermediates.noindex/swift-http-types.build/Release-iphoneos/HTTPTypes.build/Objects-normal/arm64/HTTPTypes.SwiftFileList (in target 'HTTPTypes' from project 'swift-http-types')
    cd /Users/runner/Library/Developer/Xcode/DerivedData/SplatNative-dwmjesbccinwnzhdvkeajvbyatnj/SourcePackages/checkouts/swift-http-types
    write-file /Users/runner/Library/Developer/Xcode/DerivedData/SplatNative-dwmjesbccinwnzhdvkeajvbyatnj/Build/Intermediates.noindex/swift-http-types.build/Release-iphoneos/HTTPTypes.build/Objects-normal/arm64/HTTPTypes.SwiftFileList

WriteAuxiliaryFile /Users/runner/Library/Developer/Xcode/DerivedData/SplatNative-dwmjesbccinwnzhdvkeajvbyatnj/Build/Intermediates.noindex/swift-http-types.build/Release-iphoneos/HTTPTypes.build/Objects-normal/arm64/HTTPTypes.SwiftConstValuesFileList (in target 'HTTPTypes' from project 'swift-http-types')
    cd /Users/runner/Library/Developer/Xcode/DerivedData/SplatNative-dwmjesbccinwnzhdvkeajvbyatnj/SourcePackages/checkouts/swift-http-types
    write-file /Users/runner/Library/Developer/Xcode/DerivedData/SplatNative-dwmjesbccinwnzhdvkeajvbyatnj/Build/Intermediates.noindex/swift-http-types.build/Release-iphoneos/HTTPTypes.build/Objects-normal/arm64/HTTPTypes.SwiftConstValuesFileList

WriteAuxiliaryFile /Users/runner/Library/Developer/Xcode/DerivedData/SplatNative-dwmjesbccinwnzhdvkeajvbyatnj/Build/Intermediates.noindex/swift-http-types.build/Release-iphoneos/HTTPTypes.build/Objects-normal/arm64/HTTPTypes.LinkFileList (in target 'HTTPTypes' from project 'swift-http-types')
    cd /Users/runner/Library/Developer/Xcode/DerivedData/SplatNative-dwmjesbccinwnzhdvkeajvbyatnj/SourcePackages/checkouts/swift-http-types
    write-file /Users/runner/Library/Developer/Xcode/DerivedData/SplatNative-dwmjesbccinwnzhdvkeajvbyatnj/Build/Intermediates.noindex/swift-http-types.build/Release-iphoneos/HTTPTypes.build/Objects-normal/arm64/HTTPTypes.LinkFileList

WriteAuxiliaryFile /Users/runner/Library/Developer/Xcode/DerivedData/SplatNative-dwmjesbccinwnzhdvkeajvbyatnj/Build/Intermediates.noindex/swift-http-types.build/Release-iphoneos/HTTPTypes.build/Objects-normal/arm64/HTTPTypes-OutputFileMap.json (in target 'HTTPTypes' from project 'swift-http-types')
    cd /Users/runner/Library/Developer/Xcode/DerivedData/SplatNative-dwmjesbccinwnzhdvkeajvbyatnj/SourcePackages/checkouts/swift-http-types
    write-file /Users/runner/Library/Developer/Xcode/DerivedData/SplatNative-dwmjesbccinwnzhdvkeajvbyatnj/Build/Intermediates.noindex/swift-http-types.build/Release-iphoneos/HTTPTypes.build/Objects-normal/arm64/HTTPTypes-OutputFileMap.json

WriteAuxiliaryFile /Users/runner/Library/Developer/Xcode/DerivedData/SplatNative-dwmjesbccinwnzhdvkeajvbyatnj/Build/Intermediates.noindex/swift-http-types.build/Release-iphoneos/HTTPTypes.build/HTTPTypes.modulemap (in target 'HTTPTypes' from project 'swift-http-types')
    cd /Users/runner/Library/Developer/Xcode/DerivedData/SplatNative-dwmjesbccinwnzhdvkeajvbyatnj/SourcePackages/checkouts/swift-http-types
    write-file /Users/runner/Library/Developer/Xcode/DerivedData/SplatNative-dwmjesbccinwnzhdvkeajvbyatnj/Build/Intermediates.noindex/swift-http-types.build/Release-iphoneos/HTTPTypes.build/HTTPTypes.modulemap

WriteAuxiliaryFile /Users/runner/Library/Developer/Xcode/DerivedData/SplatNative-dwmjesbccinwnzhdvkeajvbyatnj/Build/Intermediates.noindex/swift-http-types.build/Release-iphoneos/HTTPTypes.build/HTTPTypes.DependencyStaticMetadataFileList (in target 'HTTPTypes' from project 'swift-http-types')
    cd /Users/runner/Library/Developer/Xcode/DerivedData/SplatNative-dwmjesbccinwnzhdvkeajvbyatnj/SourcePackages/checkouts/swift-http-types
    write-file /Users/runner/Library/Developer/Xcode/DerivedData/SplatNative-dwmjesbccinwnzhdvkeajvbyatnj/Build/Intermediates.noindex/swift-http-types.build/Release-iphoneos/HTTPTypes.build/HTTPTypes.DependencyStaticMetadataFileList

WriteAuxiliaryFile /Users/runner/Library/Developer/Xcode/DerivedData/SplatNative-dwmjesbccinwnzhdvkeajvbyatnj/Build/Intermediates.noindex/swift-http-types.build/Release-iphoneos/HTTPTypes.build/HTTPTypes.DependencyMetadataFileList (in target 'HTTPTypes' from project 'swift-http-types')
    cd /Users/runner/Library/Developer/Xcode/DerivedData/SplatNative-dwmjesbccinwnzhdvkeajvbyatnj/SourcePackages/checkouts/swift-http-types
    write-file /Users/runner/Library/Developer/Xcode/DerivedData/SplatNative-dwmjesbccinwnzhdvkeajvbyatnj/Build/Intermediates.noindex/swift-http-types.build/Release-iphoneos/HTTPTypes.build/HTTPTypes.DependencyMetadataFileList

Copy /Users/runner/Library/Developer/Xcode/DerivedData/SplatNative-dwmjesbccinwnzhdvkeajvbyatnj/Build/Intermediates.noindex/GeneratedModuleMaps-iphoneos/HTTPTypes.modulemap /Users/runner/Library/Developer/Xcode/DerivedData/SplatNative-dwmjesbccinwnzhdvkeajvbyatnj/Build/Intermediates.noindex/swift-http-types.build/Release-iphoneos/HTTPTypes.build/HTTPTypes.modulemap (in target 'HTTPTypes' from project 'swift-http-types')
    cd /Users/runner/Library/Developer/Xcode/DerivedData/SplatNative-dwmjesbccinwnzhdvkeajvbyatnj/SourcePackages/checkouts/swift-http-types
    builtin-copy -exclude .DS_Store -exclude CVS -exclude .svn -exclude .git -exclude .hg -strip-unsigned-binaries -strip-deterministic -strip-tool /Applications/Xcode_16.4.app/Contents/Developer/Toolchains/XcodeDefault.xctoolchain/usr/bin/strip -resolve-src-symlinks /Users/runner/Library/Developer/Xcode/DerivedData/SplatNative-dwmjesbccinwnzhdvkeajvbyatnj/Build/Intermediates.noindex/swift-http-types.build/Release-iphoneos/HTTPTypes.build/HTTPTypes.modulemap /Users/runner/Library/Developer/Xcode/DerivedData/SplatNative-dwmjesbccinwnzhdvkeajvbyatnj/Build/Intermediates.noindex/GeneratedModuleMaps-iphoneos

WriteAuxiliaryFile /Users/runner/Library/Developer/Xcode/DerivedData/SplatNative-dwmjesbccinwnzhdvkeajvbyatnj/Build/Intermediates.noindex/Supabase.build/Release-iphoneos/Functions.build/Objects-normal/arm64/Functions_const_extract_protocols.json (in target 'Functions' from project 'Supabase')
    cd /Users/runner/Library/Developer/Xcode/DerivedData/SplatNative-dwmjesbccinwnzhdvkeajvbyatnj/SourcePackages/checkouts/supabase-swift
    write-file /Users/runner/Library/Developer/Xcode/DerivedData/SplatNative-dwmjesbccinwnzhdvkeajvbyatnj/Build/Intermediates.noindex/Supabase.build/Release-iphoneos/Functions.build/Objects-normal/arm64/Functions_const_extract_protocols.json

WriteAuxiliaryFile /Users/runner/Library/Developer/Xcode/DerivedData/SplatNative-dwmjesbccinwnzhdvkeajvbyatnj/Build/Intermediates.noindex/Supabase.build/Release-iphoneos/Functions.build/Objects-normal/arm64/Functions.SwiftFileList (in target 'Functions' from project 'Supabase')
    cd /Users/runner/Library/Developer/Xcode/DerivedData/SplatNative-dwmjesbccinwnzhdvkeajvbyatnj/SourcePackages/checkouts/supabase-swift
    write-file /Users/runner/Library/Developer/Xcode/DerivedData/SplatNative-dwmjesbccinwnzhdvkeajvbyatnj/Build/Intermediates.noindex/Supabase.build/Release-iphoneos/Functions.build/Objects-normal/arm64/Functions.SwiftFileList

WriteAuxiliaryFile /Users/runner/Library/Developer/Xcode/DerivedData/SplatNative-dwmjesbccinwnzhdvkeajvbyatnj/Build/Intermediates.noindex/Supabase.build/Release-iphoneos/Functions.build/Objects-normal/arm64/Functions.SwiftConstValuesFileList (in target 'Functions' from project 'Supabase')
    cd /Users/runner/Library/Developer/Xcode/DerivedData/SplatNative-dwmjesbccinwnzhdvkeajvbyatnj/SourcePackages/checkouts/supabase-swift
    write-file /Users/runner/Library/Developer/Xcode/DerivedData/SplatNative-dwmjesbccinwnzhdvkeajvbyatnj/Build/Intermediates.noindex/Supabase.build/Release-iphoneos/Functions.build/Objects-normal/arm64/Functions.SwiftConstValuesFileList

WriteAuxiliaryFile /Users/runner/Library/Developer/Xcode/DerivedData/SplatNative-dwmjesbccinwnzhdvkeajvbyatnj/Build/Intermediates.noindex/Supabase.build/Release-iphoneos/Functions.build/Objects-normal/arm64/Functions.LinkFileList (in target 'Functions' from project 'Supabase')
    cd /Users/runner/Library/Developer/Xcode/DerivedData/SplatNative-dwmjesbccinwnzhdvkeajvbyatnj/SourcePackages/checkouts/supabase-swift
    write-file /Users/runner/Library/Developer/Xcode/DerivedData/SplatNative-dwmjesbccinwnzhdvkeajvbyatnj/Build/Intermediates.noindex/Supabase.build/Release-iphoneos/Functions.build/Objects-normal/arm64/Functions.LinkFileList

WriteAuxiliaryFile /Users/runner/Library/Developer/Xcode/DerivedData/SplatNative-dwmjesbccinwnzhdvkeajvbyatnj/Build/Intermediates.noindex/Supabase.build/Release-iphoneos/Functions.build/Objects-normal/arm64/Functions-OutputFileMap.json (in target 'Functions' from project 'Supabase')
    cd /Users/runner/Library/Developer/Xcode/DerivedData/SplatNative-dwmjesbccinwnzhdvkeajvbyatnj/SourcePackages/checkouts/supabase-swift
    write-file /Users/runner/Library/Developer/Xcode/DerivedData/SplatNative-dwmjesbccinwnzhdvkeajvbyatnj/Build/Intermediates.noindex/Supabase.build/Release-iphoneos/Functions.build/Objects-normal/arm64/Functions-OutputFileMap.json

WriteAuxiliaryFile /Users/runner/Library/Developer/Xcode/DerivedData/SplatNative-dwmjesbccinwnzhdvkeajvbyatnj/Build/Intermediates.noindex/Supabase.build/Release-iphoneos/Functions.build/Functions.modulemap (in target 'Functions' from project 'Supabase')
    cd /Users/runner/Library/Developer/Xcode/DerivedData/SplatNative-dwmjesbccinwnzhdvkeajvbyatnj/SourcePackages/checkouts/supabase-swift
    write-file /Users/runner/Library/Developer/Xcode/DerivedData/SplatNative-dwmjesbccinwnzhdvkeajvbyatnj/Build/Intermediates.noindex/Supabase.build/Release-iphoneos/Functions.build/Functions.modulemap

WriteAuxiliaryFile /Users/runner/Library/Developer/Xcode/DerivedData/SplatNative-dwmjesbccinwnzhdvkeajvbyatnj/Build/Intermediates.noindex/Supabase.build/Release-iphoneos/Functions.build/Functions.DependencyStaticMetadataFileList (in target 'Functions' from project 'Supabase')
    cd /Users/runner/Library/Developer/Xcode/DerivedData/SplatNative-dwmjesbccinwnzhdvkeajvbyatnj/SourcePackages/checkouts/supabase-swift
    write-file /Users/runner/Library/Developer/Xcode/DerivedData/SplatNative-dwmjesbccinwnzhdvkeajvbyatnj/Build/Intermediates.noindex/Supabase.build/Release-iphoneos/Functions.build/Functions.DependencyStaticMetadataFileList

WriteAuxiliaryFile /Users/runner/Library/Developer/Xcode/DerivedData/SplatNative-dwmjesbccinwnzhdvkeajvbyatnj/Build/Intermediates.noindex/Supabase.build/Release-iphoneos/Functions.build/Functions.DependencyMetadataFileList (in target 'Functions' from project 'Supabase')
    cd /Users/runner/Library/Developer/Xcode/DerivedData/SplatNative-dwmjesbccinwnzhdvkeajvbyatnj/SourcePackages/checkouts/supabase-swift
    write-file /Users/runner/Library/Developer/Xcode/DerivedData/SplatNative-dwmjesbccinwnzhdvkeajvbyatnj/Build/Intermediates.noindex/Supabase.build/Release-iphoneos/Functions.build/Functions.DependencyMetadataFileList

Copy /Users/runner/Library/Developer/Xcode/DerivedData/SplatNative-dwmjesbccinwnzhdvkeajvbyatnj/Build/Intermediates.noindex/GeneratedModuleMaps-iphoneos/Functions.modulemap /Users/runner/Library/Developer/Xcode/DerivedData/SplatNative-dwmjesbccinwnzhdvkeajvbyatnj/Build/Intermediates.noindex/Supabase.build/Release-iphoneos/Functions.build/Functions.modulemap (in target 'Functions' from project 'Supabase')
    cd /Users/runner/Library/Developer/Xcode/DerivedData/SplatNative-dwmjesbccinwnzhdvkeajvbyatnj/SourcePackages/checkouts/supabase-swift
    builtin-copy -exclude .DS_Store -exclude CVS -exclude .svn -exclude .git -exclude .hg -strip-unsigned-binaries -strip-deterministic -strip-tool /Applications/Xcode_16.4.app/Contents/Developer/Toolchains/XcodeDefault.xctoolchain/usr/bin/strip -resolve-src-symlinks /Users/runner/Library/Developer/Xcode/DerivedData/SplatNative-dwmjesbccinwnzhdvkeajvbyatnj/Build/Intermediates.noindex/Supabase.build/Release-iphoneos/Functions.build/Functions.modulemap /Users/runner/Library/Developer/Xcode/DerivedData/SplatNative-dwmjesbccinwnzhdvkeajvbyatnj/Build/Intermediates.noindex/GeneratedModuleMaps-iphoneos

WriteAuxiliaryFile /Users/runner/Library/Developer/Xcode/DerivedData/SplatNative-dwmjesbccinwnzhdvkeajvbyatnj/Build/Intermediates.noindex/swift-crypto.build/Release-iphoneos/Crypto.build/Objects-normal/arm64/Crypto_const_extract_protocols.json (in target 'Crypto' from project 'swift-crypto')
    cd /Users/runner/Library/Developer/Xcode/DerivedData/SplatNative-dwmjesbccinwnzhdvkeajvbyatnj/SourcePackages/checkouts/swift-crypto
    write-file /Users/runner/Library/Developer/Xcode/DerivedData/SplatNative-dwmjesbccinwnzhdvkeajvbyatnj/Build/Intermediates.noindex/swift-crypto.build/Release-iphoneos/Crypto.build/Objects-normal/arm64/Crypto_const_extract_protocols.json

WriteAuxiliaryFile /Users/runner/Library/Developer/Xcode/DerivedData/SplatNative-dwmjesbccinwnzhdvkeajvbyatnj/Build/Intermediates.noindex/swift-crypto.build/Release-iphoneos/Crypto.build/Objects-normal/arm64/Crypto.SwiftFileList (in target 'Crypto' from project 'swift-crypto')
    cd /Users/runner/Library/Developer/Xcode/DerivedData/SplatNative-dwmjesbccinwnzhdvkeajvbyatnj/SourcePackages/checkouts/swift-crypto
    write-file /Users/runner/Library/Developer/Xcode/DerivedData/SplatNative-dwmjesbccinwnzhdvkeajvbyatnj/Build/Intermediates.noindex/swift-crypto.build/Release-iphoneos/Crypto.build/Objects-normal/arm64/Crypto.SwiftFileList

WriteAuxiliaryFile /Users/runner/Library/Developer/Xcode/DerivedData/SplatNative-dwmjesbccinwnzhdvkeajvbyatnj/Build/Intermediates.noindex/swift-crypto.build/Release-iphoneos/Crypto.build/Objects-normal/arm64/Crypto.SwiftConstValuesFileList (in target 'Crypto' from project 'swift-crypto')
    cd /Users/runner/Library/Developer/Xcode/DerivedData/SplatNative-dwmjesbccinwnzhdvkeajvbyatnj/SourcePackages/checkouts/swift-crypto
    write-file /Users/runner/Library/Developer/Xcode/DerivedData/SplatNative-dwmjesbccinwnzhdvkeajvbyatnj/Build/Intermediates.noindex/swift-crypto.build/Release-iphoneos/Crypto.build/Objects-normal/arm64/Crypto.SwiftConstValuesFileList

WriteAuxiliaryFile /Users/runner/Library/Developer/Xcode/DerivedData/SplatNative-dwmjesbccinwnzhdvkeajvbyatnj/Build/Intermediates.noindex/swift-crypto.build/Release-iphoneos/Crypto.build/Objects-normal/arm64/Crypto.LinkFileList (in target 'Crypto' from project 'swift-crypto')
    cd /Users/runner/Library/Developer/Xcode/DerivedData/SplatNative-dwmjesbccinwnzhdvkeajvbyatnj/SourcePackages/checkouts/swift-crypto
    write-file /Users/runner/Library/Developer/Xcode/DerivedData/SplatNative-dwmjesbccinwnzhdvkeajvbyatnj/Build/Intermediates.noindex/swift-crypto.build/Release-iphoneos/Crypto.build/Objects-normal/arm64/Crypto.LinkFileList

WriteAuxiliaryFile /Users/runner/Library/Developer/Xcode/DerivedData/SplatNative-dwmjesbccinwnzhdvkeajvbyatnj/Build/Intermediates.noindex/swift-crypto.build/Release-iphoneos/Crypto.build/Objects-normal/arm64/Crypto-OutputFileMap.json (in target 'Crypto' from project 'swift-crypto')
    cd /Users/runner/Library/Developer/Xcode/DerivedData/SplatNative-dwmjesbccinwnzhdvkeajvbyatnj/SourcePackages/checkouts/swift-crypto
    write-file /Users/runner/Library/Developer/Xcode/DerivedData/SplatNative-dwmjesbccinwnzhdvkeajvbyatnj/Build/Intermediates.noindex/swift-crypto.build/Release-iphoneos/Crypto.build/Objects-normal/arm64/Crypto-OutputFileMap.json

WriteAuxiliaryFile /Users/runner/Library/Developer/Xcode/DerivedData/SplatNative-dwmjesbccinwnzhdvkeajvbyatnj/Build/Intermediates.noindex/swift-crypto.build/Release-iphoneos/Crypto.build/DerivedSources/resource_bundle_accessor.swift (in target 'Crypto' from project 'swift-crypto')
    cd /Users/runner/Library/Developer/Xcode/DerivedData/SplatNative-dwmjesbccinwnzhdvkeajvbyatnj/SourcePackages/checkouts/swift-crypto
    write-file /Users/runner/Library/Developer/Xcode/DerivedData/SplatNative-dwmjesbccinwnzhdvkeajvbyatnj/Build/Intermediates.noindex/swift-crypto.build/Release-iphoneos/Crypto.build/DerivedSources/resource_bundle_accessor.swift

WriteAuxiliaryFile /Users/runner/Library/Developer/Xcode/DerivedData/SplatNative-dwmjesbccinwnzhdvkeajvbyatnj/Build/Intermediates.noindex/swift-crypto.build/Release-iphoneos/Crypto.build/Crypto.modulemap (in target 'Crypto' from project 'swift-crypto')
    cd /Users/runner/Library/Developer/Xcode/DerivedData/SplatNative-dwmjesbccinwnzhdvkeajvbyatnj/SourcePackages/checkouts/swift-crypto
    write-file /Users/runner/Library/Developer/Xcode/DerivedData/SplatNative-dwmjesbccinwnzhdvkeajvbyatnj/Build/Intermediates.noindex/swift-crypto.build/Release-iphoneos/Crypto.build/Crypto.modulemap

WriteAuxiliaryFile /Users/runner/Library/Developer/Xcode/DerivedData/SplatNative-dwmjesbccinwnzhdvkeajvbyatnj/Build/Intermediates.noindex/swift-crypto.build/Release-iphoneos/Crypto.build/Crypto.DependencyStaticMetadataFileList (in target 'Crypto' from project 'swift-crypto')
    cd /Users/runner/Library/Developer/Xcode/DerivedData/SplatNative-dwmjesbccinwnzhdvkeajvbyatnj/SourcePackages/checkouts/swift-crypto
    write-file /Users/runner/Library/Developer/Xcode/DerivedData/SplatNative-dwmjesbccinwnzhdvkeajvbyatnj/Build/Intermediates.noindex/swift-crypto.build/Release-iphoneos/Crypto.build/Crypto.DependencyStaticMetadataFileList

WriteAuxiliaryFile /Users/runner/Library/Developer/Xcode/DerivedData/SplatNative-dwmjesbccinwnzhdvkeajvbyatnj/Build/Intermediates.noindex/swift-crypto.build/Release-iphoneos/Crypto.build/Crypto.DependencyMetadataFileList (in target 'Crypto' from project 'swift-crypto')
    cd /Users/runner/Library/Developer/Xcode/DerivedData/SplatNative-dwmjesbccinwnzhdvkeajvbyatnj/SourcePackages/checkouts/swift-crypto
    write-file /Users/runner/Library/Developer/Xcode/DerivedData/SplatNative-dwmjesbccinwnzhdvkeajvbyatnj/Build/Intermediates.noindex/swift-crypto.build/Release-iphoneos/Crypto.build/Crypto.DependencyMetadataFileList

Copy /Users/runner/Library/Developer/Xcode/DerivedData/SplatNative-dwmjesbccinwnzhdvkeajvbyatnj/Build/Intermediates.noindex/GeneratedModuleMaps-iphoneos/Crypto.modulemap /Users/runner/Library/Developer/Xcode/DerivedData/SplatNative-dwmjesbccinwnzhdvkeajvbyatnj/Build/Intermediates.noindex/swift-crypto.build/Release-iphoneos/Crypto.build/Crypto.modulemap (in target 'Crypto' from project 'swift-crypto')
    cd /Users/runner/Library/Developer/Xcode/DerivedData/SplatNative-dwmjesbccinwnzhdvkeajvbyatnj/SourcePackages/checkouts/swift-crypto
    builtin-copy -exclude .DS_Store -exclude CVS -exclude .svn -exclude .git -exclude .hg -strip-unsigned-binaries -strip-deterministic -strip-tool /Applications/Xcode_16.4.app/Contents/Developer/Toolchains/XcodeDefault.xctoolchain/usr/bin/strip -resolve-src-symlinks /Users/runner/Library/Developer/Xcode/DerivedData/SplatNative-dwmjesbccinwnzhdvkeajvbyatnj/Build/Intermediates.noindex/swift-crypto.build/Release-iphoneos/Crypto.build/Crypto.modulemap /Users/runner/Library/Developer/Xcode/DerivedData/SplatNative-dwmjesbccinwnzhdvkeajvbyatnj/Build/Intermediates.noindex/GeneratedModuleMaps-iphoneos

WriteAuxiliaryFile /Users/runner/Library/Developer/Xcode/DerivedData/SplatNative-dwmjesbccinwnzhdvkeajvbyatnj/Build/Intermediates.noindex/swift-concurrency-extras.build/Release-iphoneos/ConcurrencyExtras.build/Objects-normal/arm64/ConcurrencyExtras_const_extract_protocols.json (in target 'ConcurrencyExtras' from project 'swift-concurrency-extras')
    cd /Users/runner/Library/Developer/Xcode/DerivedData/SplatNative-dwmjesbccinwnzhdvkeajvbyatnj/SourcePackages/checkouts/swift-concurrency-extras
    write-file /Users/runner/Library/Developer/Xcode/DerivedData/SplatNative-dwmjesbccinwnzhdvkeajvbyatnj/Build/Intermediates.noindex/swift-concurrency-extras.build/Release-iphoneos/ConcurrencyExtras.build/Objects-normal/arm64/ConcurrencyExtras_const_extract_protocols.json

WriteAuxiliaryFile /Users/runner/Library/Developer/Xcode/DerivedData/SplatNative-dwmjesbccinwnzhdvkeajvbyatnj/Build/Intermediates.noindex/swift-concurrency-extras.build/Release-iphoneos/ConcurrencyExtras.build/Objects-normal/arm64/ConcurrencyExtras.SwiftFileList (in target 'ConcurrencyExtras' from project 'swift-concurrency-extras')
    cd /Users/runner/Library/Developer/Xcode/DerivedData/SplatNative-dwmjesbccinwnzhdvkeajvbyatnj/SourcePackages/checkouts/swift-concurrency-extras
    write-file /Users/runner/Library/Developer/Xcode/DerivedData/SplatNative-dwmjesbccinwnzhdvkeajvbyatnj/Build/Intermediates.noindex/swift-concurrency-extras.build/Release-iphoneos/ConcurrencyExtras.build/Objects-normal/arm64/ConcurrencyExtras.SwiftFileList

WriteAuxiliaryFile /Users/runner/Library/Developer/Xcode/DerivedData/SplatNative-dwmjesbccinwnzhdvkeajvbyatnj/Build/Intermediates.noindex/swift-concurrency-extras.build/Release-iphoneos/ConcurrencyExtras.build/Objects-normal/arm64/ConcurrencyExtras.SwiftConstValuesFileList (in target 'ConcurrencyExtras' from project 'swift-concurrency-extras')
    cd /Users/runner/Library/Developer/Xcode/DerivedData/SplatNative-dwmjesbccinwnzhdvkeajvbyatnj/SourcePackages/checkouts/swift-concurrency-extras
    write-file /Users/runner/Library/Developer/Xcode/DerivedData/SplatNative-dwmjesbccinwnzhdvkeajvbyatnj/Build/Intermediates.noindex/swift-concurrency-extras.build/Release-iphoneos/ConcurrencyExtras.build/Objects-normal/arm64/ConcurrencyExtras.SwiftConstValuesFileList

WriteAuxiliaryFile /Users/runner/Library/Developer/Xcode/DerivedData/SplatNative-dwmjesbccinwnzhdvkeajvbyatnj/Build/Intermediates.noindex/swift-concurrency-extras.build/Release-iphoneos/ConcurrencyExtras.build/Objects-normal/arm64/ConcurrencyExtras.LinkFileList (in target 'ConcurrencyExtras' from project 'swift-concurrency-extras')
    cd /Users/runner/Library/Developer/Xcode/DerivedData/SplatNative-dwmjesbccinwnzhdvkeajvbyatnj/SourcePackages/checkouts/swift-concurrency-extras
    write-file /Users/runner/Library/Developer/Xcode/DerivedData/SplatNative-dwmjesbccinwnzhdvkeajvbyatnj/Build/Intermediates.noindex/swift-concurrency-extras.build/Release-iphoneos/ConcurrencyExtras.build/Objects-normal/arm64/ConcurrencyExtras.LinkFileList

WriteAuxiliaryFile /Users/runner/Library/Developer/Xcode/DerivedData/SplatNative-dwmjesbccinwnzhdvkeajvbyatnj/Build/Intermediates.noindex/swift-concurrency-extras.build/Release-iphoneos/ConcurrencyExtras.build/Objects-normal/arm64/ConcurrencyExtras-OutputFileMap.json (in target 'ConcurrencyExtras' from project 'swift-concurrency-extras')
    cd /Users/runner/Library/Developer/Xcode/DerivedData/SplatNative-dwmjesbccinwnzhdvkeajvbyatnj/SourcePackages/checkouts/swift-concurrency-extras
    write-file /Users/runner/Library/Developer/Xcode/DerivedData/SplatNative-dwmjesbccinwnzhdvkeajvbyatnj/Build/Intermediates.noindex/swift-concurrency-extras.build/Release-iphoneos/ConcurrencyExtras.build/Objects-normal/arm64/ConcurrencyExtras-OutputFileMap.json

WriteAuxiliaryFile /Users/runner/Library/Developer/Xcode/DerivedData/SplatNative-dwmjesbccinwnzhdvkeajvbyatnj/Build/Intermediates.noindex/swift-concurrency-extras.build/Release-iphoneos/ConcurrencyExtras.build/ConcurrencyExtras.modulemap (in target 'ConcurrencyExtras' from project 'swift-concurrency-extras')
    cd /Users/runner/Library/Developer/Xcode/DerivedData/SplatNative-dwmjesbccinwnzhdvkeajvbyatnj/SourcePackages/checkouts/swift-concurrency-extras
    write-file /Users/runner/Library/Developer/Xcode/DerivedData/SplatNative-dwmjesbccinwnzhdvkeajvbyatnj/Build/Intermediates.noindex/swift-concurrency-extras.build/Release-iphoneos/ConcurrencyExtras.build/ConcurrencyExtras.modulemap

WriteAuxiliaryFile /Users/runner/Library/Developer/Xcode/DerivedData/SplatNative-dwmjesbccinwnzhdvkeajvbyatnj/Build/Intermediates.noindex/swift-concurrency-extras.build/Release-iphoneos/ConcurrencyExtras.build/ConcurrencyExtras.DependencyStaticMetadataFileList (in target 'ConcurrencyExtras' from project 'swift-concurrency-extras')
    cd /Users/runner/Library/Developer/Xcode/DerivedData/SplatNative-dwmjesbccinwnzhdvkeajvbyatnj/SourcePackages/checkouts/swift-concurrency-extras
    write-file /Users/runner/Library/Developer/Xcode/DerivedData/SplatNative-dwmjesbccinwnzhdvkeajvbyatnj/Build/Intermediates.noindex/swift-concurrency-extras.build/Release-iphoneos/ConcurrencyExtras.build/ConcurrencyExtras.DependencyStaticMetadataFileList

WriteAuxiliaryFile /Users/runner/Library/Developer/Xcode/DerivedData/SplatNative-dwmjesbccinwnzhdvkeajvbyatnj/Build/Intermediates.noindex/swift-concurrency-extras.build/Release-iphoneos/ConcurrencyExtras.build/ConcurrencyExtras.DependencyMetadataFileList (in target 'ConcurrencyExtras' from project 'swift-concurrency-extras')
    cd /Users/runner/Library/Developer/Xcode/DerivedData/SplatNative-dwmjesbccinwnzhdvkeajvbyatnj/SourcePackages/checkouts/swift-concurrency-extras
    write-file /Users/runner/Library/Developer/Xcode/DerivedData/SplatNative-dwmjesbccinwnzhdvkeajvbyatnj/Build/Intermediates.noindex/swift-concurrency-extras.build/Release-iphoneos/ConcurrencyExtras.build/ConcurrencyExtras.DependencyMetadataFileList

Copy /Users/runner/Library/Developer/Xcode/DerivedData/SplatNative-dwmjesbccinwnzhdvkeajvbyatnj/Build/Intermediates.noindex/GeneratedModuleMaps-iphoneos/ConcurrencyExtras.modulemap /Users/runner/Library/Developer/Xcode/DerivedData/SplatNative-dwmjesbccinwnzhdvkeajvbyatnj/Build/Intermediates.noindex/swift-concurrency-extras.build/Release-iphoneos/ConcurrencyExtras.build/ConcurrencyExtras.modulemap (in target 'ConcurrencyExtras' from project 'swift-concurrency-extras')
    cd /Users/runner/Library/Developer/Xcode/DerivedData/SplatNative-dwmjesbccinwnzhdvkeajvbyatnj/SourcePackages/checkouts/swift-concurrency-extras
    builtin-copy -exclude .DS_Store -exclude CVS -exclude .svn -exclude .git -exclude .hg -strip-unsigned-binaries -strip-deterministic -strip-tool /Applications/Xcode_16.4.app/Contents/Developer/Toolchains/XcodeDefault.xctoolchain/usr/bin/strip -resolve-src-symlinks /Users/runner/Library/Developer/Xcode/DerivedData/SplatNative-dwmjesbccinwnzhdvkeajvbyatnj/Build/Intermediates.noindex/swift-concurrency-extras.build/Release-iphoneos/ConcurrencyExtras.build/ConcurrencyExtras.modulemap /Users/runner/Library/Developer/Xcode/DerivedData/SplatNative-dwmjesbccinwnzhdvkeajvbyatnj/Build/Intermediates.noindex/GeneratedModuleMaps-iphoneos

WriteAuxiliaryFile /Users/runner/Library/Developer/Xcode/DerivedData/SplatNative-dwmjesbccinwnzhdvkeajvbyatnj/Build/Intermediates.noindex/swift-clocks.build/Release-iphoneos/Clocks.build/Objects-normal/arm64/Clocks_const_extract_protocols.json (in target 'Clocks' from project 'swift-clocks')
    cd /Users/runner/Library/Developer/Xcode/DerivedData/SplatNative-dwmjesbccinwnzhdvkeajvbyatnj/SourcePackages/checkouts/swift-clocks
    write-file /Users/runner/Library/Developer/Xcode/DerivedData/SplatNative-dwmjesbccinwnzhdvkeajvbyatnj/Build/Intermediates.noindex/swift-clocks.build/Release-iphoneos/Clocks.build/Objects-normal/arm64/Clocks_const_extract_protocols.json

WriteAuxiliaryFile /Users/runner/Library/Developer/Xcode/DerivedData/SplatNative-dwmjesbccinwnzhdvkeajvbyatnj/Build/Intermediates.noindex/swift-clocks.build/Release-iphoneos/Clocks.build/Objects-normal/arm64/Clocks.SwiftFileList (in target 'Clocks' from project 'swift-clocks')
    cd /Users/runner/Library/Developer/Xcode/DerivedData/SplatNative-dwmjesbccinwnzhdvkeajvbyatnj/SourcePackages/checkouts/swift-clocks
    write-file /Users/runner/Library/Developer/Xcode/DerivedData/SplatNative-dwmjesbccinwnzhdvkeajvbyatnj/Build/Intermediates.noindex/swift-clocks.build/Release-iphoneos/Clocks.build/Objects-normal/arm64/Clocks.SwiftFileList

WriteAuxiliaryFile /Users/runner/Library/Developer/Xcode/DerivedData/SplatNative-dwmjesbccinwnzhdvkeajvbyatnj/Build/Intermediates.noindex/swift-clocks.build/Release-iphoneos/Clocks.build/Objects-normal/arm64/Clocks.SwiftConstValuesFileList (in target 'Clocks' from project 'swift-clocks')
    cd /Users/runner/Library/Developer/Xcode/DerivedData/SplatNative-dwmjesbccinwnzhdvkeajvbyatnj/SourcePackages/checkouts/swift-clocks
    write-file /Users/runner/Library/Developer/Xcode/DerivedData/SplatNative-dwmjesbccinwnzhdvkeajvbyatnj/Build/Intermediates.noindex/swift-clocks.build/Release-iphoneos/Clocks.build/Objects-normal/arm64/Clocks.SwiftConstValuesFileList

WriteAuxiliaryFile /Users/runner/Library/Developer/Xcode/DerivedData/SplatNative-dwmjesbccinwnzhdvkeajvbyatnj/Build/Intermediates.noindex/swift-clocks.build/Release-iphoneos/Clocks.build/Objects-normal/arm64/Clocks.LinkFileList (in target 'Clocks' from project 'swift-clocks')
    cd /Users/runner/Library/Developer/Xcode/DerivedData/SplatNative-dwmjesbccinwnzhdvkeajvbyatnj/SourcePackages/checkouts/swift-clocks
    write-file /Users/runner/Library/Developer/Xcode/DerivedData/SplatNative-dwmjesbccinwnzhdvkeajvbyatnj/Build/Intermediates.noindex/swift-clocks.build/Release-iphoneos/Clocks.build/Objects-normal/arm64/Clocks.LinkFileList

WriteAuxiliaryFile /Users/runner/Library/Developer/Xcode/DerivedData/SplatNative-dwmjesbccinwnzhdvkeajvbyatnj/Build/Intermediates.noindex/swift-clocks.build/Release-iphoneos/Clocks.build/Objects-normal/arm64/Clocks-OutputFileMap.json (in target 'Clocks' from project 'swift-clocks')
    cd /Users/runner/Library/Developer/Xcode/DerivedData/SplatNative-dwmjesbccinwnzhdvkeajvbyatnj/SourcePackages/checkouts/swift-clocks
    write-file /Users/runner/Library/Developer/Xcode/DerivedData/SplatNative-dwmjesbccinwnzhdvkeajvbyatnj/Build/Intermediates.noindex/swift-clocks.build/Release-iphoneos/Clocks.build/Objects-normal/arm64/Clocks-OutputFileMap.json

WriteAuxiliaryFile /Users/runner/Library/Developer/Xcode/DerivedData/SplatNative-dwmjesbccinwnzhdvkeajvbyatnj/Build/Intermediates.noindex/swift-clocks.build/Release-iphoneos/Clocks.build/Clocks.modulemap (in target 'Clocks' from project 'swift-clocks')
    cd /Users/runner/Library/Developer/Xcode/DerivedData/SplatNative-dwmjesbccinwnzhdvkeajvbyatnj/SourcePackages/checkouts/swift-clocks
    write-file /Users/runner/Library/Developer/Xcode/DerivedData/SplatNative-dwmjesbccinwnzhdvkeajvbyatnj/Build/Intermediates.noindex/swift-clocks.build/Release-iphoneos/Clocks.build/Clocks.modulemap

WriteAuxiliaryFile /Users/runner/Library/Developer/Xcode/DerivedData/SplatNative-dwmjesbccinwnzhdvkeajvbyatnj/Build/Intermediates.noindex/swift-clocks.build/Release-iphoneos/Clocks.build/Clocks.DependencyStaticMetadataFileList (in target 'Clocks' from project 'swift-clocks')
    cd /Users/runner/Library/Developer/Xcode/DerivedData/SplatNative-dwmjesbccinwnzhdvkeajvbyatnj/SourcePackages/checkouts/swift-clocks
    write-file /Users/runner/Library/Developer/Xcode/DerivedData/SplatNative-dwmjesbccinwnzhdvkeajvbyatnj/Build/Intermediates.noindex/swift-clocks.build/Release-iphoneos/Clocks.build/Clocks.DependencyStaticMetadataFileList

WriteAuxiliaryFile /Users/runner/Library/Developer/Xcode/DerivedData/SplatNative-dwmjesbccinwnzhdvkeajvbyatnj/Build/Intermediates.noindex/swift-clocks.build/Release-iphoneos/Clocks.build/Clocks.DependencyMetadataFileList (in target 'Clocks' from project 'swift-clocks')
    cd /Users/runner/Library/Developer/Xcode/DerivedData/SplatNative-dwmjesbccinwnzhdvkeajvbyatnj/SourcePackages/checkouts/swift-clocks
    write-file /Users/runner/Library/Developer/Xcode/DerivedData/SplatNative-dwmjesbccinwnzhdvkeajvbyatnj/Build/Intermediates.noindex/swift-clocks.build/Release-iphoneos/Clocks.build/Clocks.DependencyMetadataFileList

Copy /Users/runner/Library/Developer/Xcode/DerivedData/SplatNative-dwmjesbccinwnzhdvkeajvbyatnj/Build/Intermediates.noindex/GeneratedModuleMaps-iphoneos/Clocks.modulemap /Users/runner/Library/Developer/Xcode/DerivedData/SplatNative-dwmjesbccinwnzhdvkeajvbyatnj/Build/Intermediates.noindex/swift-clocks.build/Release-iphoneos/Clocks.build/Clocks.modulemap (in target 'Clocks' from project 'swift-clocks')
    cd /Users/runner/Library/Developer/Xcode/DerivedData/SplatNative-dwmjesbccinwnzhdvkeajvbyatnj/SourcePackages/checkouts/swift-clocks
    builtin-copy -exclude .DS_Store -exclude CVS -exclude .svn -exclude .git -exclude .hg -strip-unsigned-binaries -strip-deterministic -strip-tool /Applications/Xcode_16.4.app/Contents/Developer/Toolchains/XcodeDefault.xctoolchain/usr/bin/strip -resolve-src-symlinks /Users/runner/Library/Developer/Xcode/DerivedData/SplatNative-dwmjesbccinwnzhdvkeajvbyatnj/Build/Intermediates.noindex/swift-clocks.build/Release-iphoneos/Clocks.build/Clocks.modulemap /Users/runner/Library/Developer/Xcode/DerivedData/SplatNative-dwmjesbccinwnzhdvkeajvbyatnj/Build/Intermediates.noindex/GeneratedModuleMaps-iphoneos

WriteAuxiliaryFile /Users/runner/Library/Developer/Xcode/DerivedData/SplatNative-dwmjesbccinwnzhdvkeajvbyatnj/Build/Intermediates.noindex/Supabase.build/Release-iphoneos/Auth.build/Objects-normal/arm64/Auth_const_extract_protocols.json (in target 'Auth' from project 'Supabase')
    cd /Users/runner/Library/Developer/Xcode/DerivedData/SplatNative-dwmjesbccinwnzhdvkeajvbyatnj/SourcePackages/checkouts/supabase-swift
    write-file /Users/runner/Library/Developer/Xcode/DerivedData/SplatNative-dwmjesbccinwnzhdvkeajvbyatnj/Build/Intermediates.noindex/Supabase.build/Release-iphoneos/Auth.build/Objects-normal/arm64/Auth_const_extract_protocols.json

WriteAuxiliaryFile /Users/runner/Library/Developer/Xcode/DerivedData/SplatNative-dwmjesbccinwnzhdvkeajvbyatnj/Build/Intermediates.noindex/Supabase.build/Release-iphoneos/Auth.build/Objects-normal/arm64/Auth.SwiftFileList (in target 'Auth' from project 'Supabase')
    cd /Users/runner/Library/Developer/Xcode/DerivedData/SplatNative-dwmjesbccinwnzhdvkeajvbyatnj/SourcePackages/checkouts/supabase-swift
    write-file /Users/runner/Library/Developer/Xcode/DerivedData/SplatNative-dwmjesbccinwnzhdvkeajvbyatnj/Build/Intermediates.noindex/Supabase.build/Release-iphoneos/Auth.build/Objects-normal/arm64/Auth.SwiftFileList

WriteAuxiliaryFile /Users/runner/Library/Developer/Xcode/DerivedData/SplatNative-dwmjesbccinwnzhdvkeajvbyatnj/Build/Intermediates.noindex/Supabase.build/Release-iphoneos/Auth.build/Objects-normal/arm64/Auth.SwiftConstValuesFileList (in target 'Auth' from project 'Supabase')
    cd /Users/runner/Library/Developer/Xcode/DerivedData/SplatNative-dwmjesbccinwnzhdvkeajvbyatnj/SourcePackages/checkouts/supabase-swift
    write-file /Users/runner/Library/Developer/Xcode/DerivedData/SplatNative-dwmjesbccinwnzhdvkeajvbyatnj/Build/Intermediates.noindex/Supabase.build/Release-iphoneos/Auth.build/Objects-normal/arm64/Auth.SwiftConstValuesFileList

WriteAuxiliaryFile /Users/runner/Library/Developer/Xcode/DerivedData/SplatNative-dwmjesbccinwnzhdvkeajvbyatnj/Build/Intermediates.noindex/Supabase.build/Release-iphoneos/Auth.build/Objects-normal/arm64/Auth.LinkFileList (in target 'Auth' from project 'Supabase')
    cd /Users/runner/Library/Developer/Xcode/DerivedData/SplatNative-dwmjesbccinwnzhdvkeajvbyatnj/SourcePackages/checkouts/supabase-swift
    write-file /Users/runner/Library/Developer/Xcode/DerivedData/SplatNative-dwmjesbccinwnzhdvkeajvbyatnj/Build/Intermediates.noindex/Supabase.build/Release-iphoneos/Auth.build/Objects-normal/arm64/Auth.LinkFileList

WriteAuxiliaryFile /Users/runner/Library/Developer/Xcode/DerivedData/SplatNative-dwmjesbccinwnzhdvkeajvbyatnj/Build/Intermediates.noindex/Supabase.build/Release-iphoneos/Auth.build/Objects-normal/arm64/Auth-OutputFileMap.json (in target 'Auth' from project 'Supabase')
    cd /Users/runner/Library/Developer/Xcode/DerivedData/SplatNative-dwmjesbccinwnzhdvkeajvbyatnj/SourcePackages/checkouts/supabase-swift
    write-file /Users/runner/Library/Developer/Xcode/DerivedData/SplatNative-dwmjesbccinwnzhdvkeajvbyatnj/Build/Intermediates.noindex/Supabase.build/Release-iphoneos/Auth.build/Objects-normal/arm64/Auth-OutputFileMap.json

WriteAuxiliaryFile /Users/runner/Library/Developer/Xcode/DerivedData/SplatNative-dwmjesbccinwnzhdvkeajvbyatnj/Build/Intermediates.noindex/Supabase.build/Release-iphoneos/Auth.build/Auth.modulemap (in target 'Auth' from project 'Supabase')
    cd /Users/runner/Library/Developer/Xcode/DerivedData/SplatNative-dwmjesbccinwnzhdvkeajvbyatnj/SourcePackages/checkouts/supabase-swift
    write-file /Users/runner/Library/Developer/Xcode/DerivedData/SplatNative-dwmjesbccinwnzhdvkeajvbyatnj/Build/Intermediates.noindex/Supabase.build/Release-iphoneos/Auth.build/Auth.modulemap

WriteAuxiliaryFile /Users/runner/Library/Developer/Xcode/DerivedData/SplatNative-dwmjesbccinwnzhdvkeajvbyatnj/Build/Intermediates.noindex/Supabase.build/Release-iphoneos/Auth.build/Auth.DependencyStaticMetadataFileList (in target 'Auth' from project 'Supabase')
    cd /Users/runner/Library/Developer/Xcode/DerivedData/SplatNative-dwmjesbccinwnzhdvkeajvbyatnj/SourcePackages/checkouts/supabase-swift
    write-file /Users/runner/Library/Developer/Xcode/DerivedData/SplatNative-dwmjesbccinwnzhdvkeajvbyatnj/Build/Intermediates.noindex/Supabase.build/Release-iphoneos/Auth.build/Auth.DependencyStaticMetadataFileList

WriteAuxiliaryFile /Users/runner/Library/Developer/Xcode/DerivedData/SplatNative-dwmjesbccinwnzhdvkeajvbyatnj/Build/Intermediates.noindex/Supabase.build/Release-iphoneos/Auth.build/Auth.DependencyMetadataFileList (in target 'Auth' from project 'Supabase')
    cd /Users/runner/Library/Developer/Xcode/DerivedData/SplatNative-dwmjesbccinwnzhdvkeajvbyatnj/SourcePackages/checkouts/supabase-swift
    write-file /Users/runner/Library/Developer/Xcode/DerivedData/SplatNative-dwmjesbccinwnzhdvkeajvbyatnj/Build/Intermediates.noindex/Supabase.build/Release-iphoneos/Auth.build/Auth.DependencyMetadataFileList

Copy /Users/runner/Library/Developer/Xcode/DerivedData/SplatNative-dwmjesbccinwnzhdvkeajvbyatnj/Build/Intermediates.noindex/GeneratedModuleMaps-iphoneos/Auth.modulemap /Users/runner/Library/Developer/Xcode/DerivedData/SplatNative-dwmjesbccinwnzhdvkeajvbyatnj/Build/Intermediates.noindex/Supabase.build/Release-iphoneos/Auth.build/Auth.modulemap (in target 'Auth' from project 'Supabase')
    cd /Users/runner/Library/Developer/Xcode/DerivedData/SplatNative-dwmjesbccinwnzhdvkeajvbyatnj/SourcePackages/checkouts/supabase-swift
    builtin-copy -exclude .DS_Store -exclude CVS -exclude .svn -exclude .git -exclude .hg -strip-unsigned-binaries -strip-deterministic -strip-tool /Applications/Xcode_16.4.app/Contents/Developer/Toolchains/XcodeDefault.xctoolchain/usr/bin/strip -resolve-src-symlinks /Users/runner/Library/Developer/Xcode/DerivedData/SplatNative-dwmjesbccinwnzhdvkeajvbyatnj/Build/Intermediates.noindex/Supabase.build/Release-iphoneos/Auth.build/Auth.modulemap /Users/runner/Library/Developer/Xcode/DerivedData/SplatNative-dwmjesbccinwnzhdvkeajvbyatnj/Build/Intermediates.noindex/GeneratedModuleMaps-iphoneos

MkDir /Users/runner/Library/Developer/Xcode/DerivedData/SplatNative-dwmjesbccinwnzhdvkeajvbyatnj/Build/Products/Release-iphoneos/swift-crypto_Crypto.bundle (in target 'swift-crypto_Crypto' from project 'swift-crypto')
    cd /Users/runner/Library/Developer/Xcode/DerivedData/SplatNative-dwmjesbccinwnzhdvkeajvbyatnj/SourcePackages/checkouts/swift-crypto
    /bin/mkdir -p /Users/runner/Library/Developer/Xcode/DerivedData/SplatNative-dwmjesbccinwnzhdvkeajvbyatnj/Build/Products/Release-iphoneos/swift-crypto_Crypto.bundle

MkDir /Users/runner/Library/Developer/Xcode/DerivedData/SplatNative-dwmjesbccinwnzhdvkeajvbyatnj/Build/Products/Release-iphoneos/Msplat_Msplat.bundle (in target 'Msplat_Msplat' from project 'Msplat')
    cd /Users/runner/work/ALLSUNDAY1122.github.io/ALLSUNDAY1122.github.io/splat-native-ios/Packages/MsplatMemory
    /bin/mkdir -p /Users/runner/Library/Developer/Xcode/DerivedData/SplatNative-dwmjesbccinwnzhdvkeajvbyatnj/Build/Products/Release-iphoneos/Msplat_Msplat.bundle

MkDir /Users/runner/Library/Developer/Xcode/DerivedData/SplatNative-dwmjesbccinwnzhdvkeajvbyatnj/Build/Products/Release-iphoneos/MetalSplatter_MetalSplatter.bundle (in target 'MetalSplatter_MetalSplatter' from project 'MetalSplatter')
    cd /Users/runner/Library/Developer/Xcode/DerivedData/SplatNative-dwmjesbccinwnzhdvkeajvbyatnj/SourcePackages/checkouts/MetalSplatter
    /bin/mkdir -p /Users/runner/Library/Developer/Xcode/DerivedData/SplatNative-dwmjesbccinwnzhdvkeajvbyatnj/Build/Products/Release-iphoneos/MetalSplatter_MetalSplatter.bundle

WriteAuxiliaryFile /Users/runner/Library/Developer/Xcode/DerivedData/SplatNative-dwmjesbccinwnzhdvkeajvbyatnj/Build/Intermediates.noindex/SplatNative.build/Release-iphoneos/SplatNative.build/empty-Splat\ Lab\ Native.plist (in target 'SplatNative' from project 'SplatNative')
    cd /Users/runner/work/ALLSUNDAY1122.github.io/ALLSUNDAY1122.github.io/splat-native-ios
    write-file /Users/runner/Library/Developer/Xcode/DerivedData/SplatNative-dwmjesbccinwnzhdvkeajvbyatnj/Build/Intermediates.noindex/SplatNative.build/Release-iphoneos/SplatNative.build/empty-Splat\ Lab\ Native.plist

WriteAuxiliaryFile /Users/runner/Library/Developer/Xcode/DerivedData/SplatNative-dwmjesbccinwnzhdvkeajvbyatnj/Build/Intermediates.noindex/SplatNative.build/Release-iphoneos/SplatNative.build/Splat\ Lab\ Native.hmap (in target 'SplatNative' from project 'SplatNative')
    cd /Users/runner/work/ALLSUNDAY1122.github.io/ALLSUNDAY1122.github.io/splat-native-ios
    write-file /Users/runner/Library/Developer/Xcode/DerivedData/SplatNative-dwmjesbccinwnzhdvkeajvbyatnj/Build/Intermediates.noindex/SplatNative.build/Release-iphoneos/SplatNative.build/Splat\ Lab\ Native.hmap

WriteAuxiliaryFile /Users/runner/Library/Developer/Xcode/DerivedData/SplatNative-dwmjesbccinwnzhdvkeajvbyatnj/Build/Intermediates.noindex/SplatNative.build/Release-iphoneos/SplatNative.build/Splat\ Lab\ Native.DependencyStaticMetadataFileList (in target 'SplatNative' from project 'SplatNative')
    cd /Users/runner/work/ALLSUNDAY1122.github.io/ALLSUNDAY1122.github.io/splat-native-ios
    write-file /Users/runner/Library/Developer/Xcode/DerivedData/SplatNative-dwmjesbccinwnzhdvkeajvbyatnj/Build/Intermediates.noindex/SplatNative.build/Release-iphoneos/SplatNative.build/Splat\ Lab\ Native.DependencyStaticMetadataFileList

WriteAuxiliaryFile /Users/runner/Library/Developer/Xcode/DerivedData/SplatNative-dwmjesbccinwnzhdvkeajvbyatnj/Build/Intermediates.noindex/SplatNative.build/Release-iphoneos/SplatNative.build/Splat\ Lab\ Native.DependencyMetadataFileList (in target 'SplatNative' from project 'SplatNative')
    cd /Users/runner/work/ALLSUNDAY1122.github.io/ALLSUNDAY1122.github.io/splat-native-ios
    write-file /Users/runner/Library/Developer/Xcode/DerivedData/SplatNative-dwmjesbccinwnzhdvkeajvbyatnj/Build/Intermediates.noindex/SplatNative.build/Release-iphoneos/SplatNative.build/Splat\ Lab\ Native.DependencyMetadataFileList

WriteAuxiliaryFile /Users/runner/Library/Developer/Xcode/DerivedData/SplatNative-dwmjesbccinwnzhdvkeajvbyatnj/Build/Intermediates.noindex/SplatNative.build/Release-iphoneos/SplatNative.build/Splat\ Lab\ Native-project-headers.hmap (in target 'SplatNative' from project 'SplatNative')
    cd /Users/runner/work/ALLSUNDAY1122.github.io/ALLSUNDAY1122.github.io/splat-native-ios
    write-file /Users/runner/Library/Developer/Xcode/DerivedData/SplatNative-dwmjesbccinwnzhdvkeajvbyatnj/Build/Intermediates.noindex/SplatNative.build/Release-iphoneos/SplatNative.build/Splat\ Lab\ Native-project-headers.hmap

WriteAuxiliaryFile /Users/runner/Library/Developer/Xcode/DerivedData/SplatNative-dwmjesbccinwnzhdvkeajvbyatnj/Build/Intermediates.noindex/SplatNative.build/Release-iphoneos/SplatNative.build/Splat\ Lab\ Native-own-target-headers.hmap (in target 'SplatNative' from project 'SplatNative')
    cd /Users/runner/work/ALLSUNDAY1122.github.io/ALLSUNDAY1122.github.io/splat-native-ios
    write-file /Users/runner/Library/Developer/Xcode/DerivedData/SplatNative-dwmjesbccinwnzhdvkeajvbyatnj/Build/Intermediates.noindex/SplatNative.build/Release-iphoneos/SplatNative.build/Splat\ Lab\ Native-own-target-headers.hmap

WriteAuxiliaryFile /Users/runner/Library/Developer/Xcode/DerivedData/SplatNative-dwmjesbccinwnzhdvkeajvbyatnj/Build/Intermediates.noindex/SplatNative.build/Release-iphoneos/SplatNative.build/Splat\ Lab\ Native-generated-files.hmap (in target 'SplatNative' from project 'SplatNative')
    cd /Users/runner/work/ALLSUNDAY1122.github.io/ALLSUNDAY1122.github.io/splat-native-ios
    write-file /Users/runner/Library/Developer/Xcode/DerivedData/SplatNative-dwmjesbccinwnzhdvkeajvbyatnj/Build/Intermediates.noindex/SplatNative.build/Release-iphoneos/SplatNative.build/Splat\ Lab\ Native-generated-files.hmap

WriteAuxiliaryFile /Users/runner/Library/Developer/Xcode/DerivedData/SplatNative-dwmjesbccinwnzhdvkeajvbyatnj/Build/Intermediates.noindex/SplatNative.build/Release-iphoneos/SplatNative.build/Splat\ Lab\ Native-all-target-headers.hmap (in target 'SplatNative' from project 'SplatNative')
    cd /Users/runner/work/ALLSUNDAY1122.github.io/ALLSUNDAY1122.github.io/splat-native-ios
    write-file /Users/runner/Library/Developer/Xcode/DerivedData/SplatNative-dwmjesbccinwnzhdvkeajvbyatnj/Build/Intermediates.noindex/SplatNative.build/Release-iphoneos/SplatNative.build/Splat\ Lab\ Native-all-target-headers.hmap

WriteAuxiliaryFile /Users/runner/Library/Developer/Xcode/DerivedData/SplatNative-dwmjesbccinwnzhdvkeajvbyatnj/Build/Intermediates.noindex/SplatNative.build/Release-iphoneos/SplatNative.build/Splat\ Lab\ Native-all-non-framework-target-headers.hmap (in target 'SplatNative' from project 'SplatNative')
    cd /Users/runner/work/ALLSUNDAY1122.github.io/ALLSUNDAY1122.github.io/splat-native-ios
    write-file /Users/runner/Library/Developer/Xcode/DerivedData/SplatNative-dwmjesbccinwnzhdvkeajvbyatnj/Build/Intermediates.noindex/SplatNative.build/Release-iphoneos/SplatNative.build/Splat\ Lab\ Native-all-non-framework-target-headers.hmap

WriteAuxiliaryFile /Users/runner/Library/Developer/Xcode/DerivedData/SplatNative-dwmjesbccinwnzhdvkeajvbyatnj/Build/Intermediates.noindex/SplatNative.build/Release-iphoneos/SplatNative.build/Objects-normal/arm64/SplatNative_const_extract_protocols.json (in target 'SplatNative' from project 'SplatNative')
    cd /Users/runner/work/ALLSUNDAY1122.github.io/ALLSUNDAY1122.github.io/splat-native-ios
    write-file /Users/runner/Library/Developer/Xcode/DerivedData/SplatNative-dwmjesbccinwnzhdvkeajvbyatnj/Build/Intermediates.noindex/SplatNative.build/Release-iphoneos/SplatNative.build/Objects-normal/arm64/SplatNative_const_extract_protocols.json

WriteAuxiliaryFile /Users/runner/Library/Developer/Xcode/DerivedData/SplatNative-dwmjesbccinwnzhdvkeajvbyatnj/Build/Intermediates.noindex/SplatNative.build/Release-iphoneos/SplatNative.build/Objects-normal/arm64/SplatNative-OutputFileMap.json (in target 'SplatNative' from project 'SplatNative')
    cd /Users/runner/work/ALLSUNDAY1122.github.io/ALLSUNDAY1122.github.io/splat-native-ios
    write-file /Users/runner/Library/Developer/Xcode/DerivedData/SplatNative-dwmjesbccinwnzhdvkeajvbyatnj/Build/Intermediates.noindex/SplatNative.build/Release-iphoneos/SplatNative.build/Objects-normal/arm64/SplatNative-OutputFileMap.json

WriteAuxiliaryFile /Users/runner/Library/Developer/Xcode/DerivedData/SplatNative-dwmjesbccinwnzhdvkeajvbyatnj/Build/Intermediates.noindex/SplatNative.build/Release-iphoneos/SplatNative.build/Objects-normal/arm64/Splat\ Lab\ Native.SwiftFileList (in target 'SplatNative' from project 'SplatNative')
    cd /Users/runner/work/ALLSUNDAY1122.github.io/ALLSUNDAY1122.github.io/splat-native-ios
    write-file /Users/runner/Library/Developer/Xcode/DerivedData/SplatNative-dwmjesbccinwnzhdvkeajvbyatnj/Build/Intermediates.noindex/SplatNative.build/Release-iphoneos/SplatNative.build/Objects-normal/arm64/Splat\ Lab\ Native.SwiftFileList

WriteAuxiliaryFile /Users/runner/Library/Developer/Xcode/DerivedData/SplatNative-dwmjesbccinwnzhdvkeajvbyatnj/Build/Intermediates.noindex/SplatNative.build/Release-iphoneos/SplatNative.build/Objects-normal/arm64/Splat\ Lab\ Native.SwiftConstValuesFileList (in target 'SplatNative' from project 'SplatNative')
    cd /Users/runner/work/ALLSUNDAY1122.github.io/ALLSUNDAY1122.github.io/splat-native-ios
    write-file /Users/runner/Library/Developer/Xcode/DerivedData/SplatNative-dwmjesbccinwnzhdvkeajvbyatnj/Build/Intermediates.noindex/SplatNative.build/Release-iphoneos/SplatNative.build/Objects-normal/arm64/Splat\ Lab\ Native.SwiftConstValuesFileList

WriteAuxiliaryFile /Users/runner/Library/Developer/Xcode/DerivedData/SplatNative-dwmjesbccinwnzhdvkeajvbyatnj/Build/Intermediates.noindex/SplatNative.build/Release-iphoneos/SplatNative.build/Objects-normal/arm64/Splat\ Lab\ Native.LinkFileList (in target 'SplatNative' from project 'SplatNative')
    cd /Users/runner/work/ALLSUNDAY1122.github.io/ALLSUNDAY1122.github.io/splat-native-ios
    write-file /Users/runner/Library/Developer/Xcode/DerivedData/SplatNative-dwmjesbccinwnzhdvkeajvbyatnj/Build/Intermediates.noindex/SplatNative.build/Release-iphoneos/SplatNative.build/Objects-normal/arm64/Splat\ Lab\ Native.LinkFileList

MkDir /Users/runner/Library/Developer/Xcode/DerivedData/SplatNative-dwmjesbccinwnzhdvkeajvbyatnj/Build/Products/Release-iphoneos/Splat\ Lab\ Native.app (in target 'SplatNative' from project 'SplatNative')
    cd /Users/runner/work/ALLSUNDAY1122.github.io/ALLSUNDAY1122.github.io/splat-native-ios
    /bin/mkdir -p /Users/runner/Library/Developer/Xcode/DerivedData/SplatNative-dwmjesbccinwnzhdvkeajvbyatnj/Build/Products/Release-iphoneos/Splat\ Lab\ Native.app

CpResource /Users/runner/Library/Developer/Xcode/DerivedData/SplatNative-dwmjesbccinwnzhdvkeajvbyatnj/Build/Products/Release-iphoneos/swift-crypto_Crypto.bundle/PrivacyInfo.xcprivacy /Users/runner/Library/Developer/Xcode/DerivedData/SplatNative-dwmjesbccinwnzhdvkeajvbyatnj/SourcePackages/checkouts/swift-crypto/Sources/Crypto/PrivacyInfo.xcprivacy (in target 'swift-crypto_Crypto' from project 'swift-crypto')
    cd /Users/runner/Library/Developer/Xcode/DerivedData/SplatNative-dwmjesbccinwnzhdvkeajvbyatnj/SourcePackages/checkouts/swift-crypto
    builtin-copy -exclude .DS_Store -exclude CVS -exclude .svn -exclude .git -exclude .hg -strip-unsigned-binaries -strip-deterministic -strip-tool /Applications/Xcode_16.4.app/Contents/Developer/Toolchains/XcodeDefault.xctoolchain/usr/bin/strip -resolve-src-symlinks /Users/runner/Library/Developer/Xcode/DerivedData/SplatNative-dwmjesbccinwnzhdvkeajvbyatnj/SourcePackages/checkouts/swift-crypto/Sources/Crypto/PrivacyInfo.xcprivacy /Users/runner/Library/Developer/Xcode/DerivedData/SplatNative-dwmjesbccinwnzhdvkeajvbyatnj/Build/Products/Release-iphoneos/swift-crypto_Crypto.bundle

ProcessInfoPlistFile /Users/runner/Library/Developer/Xcode/DerivedData/SplatNative-dwmjesbccinwnzhdvkeajvbyatnj/Build/Products/Release-iphoneos/swift-crypto_Crypto.bundle/Info.plist /Users/runner/Library/Developer/Xcode/DerivedData/SplatNative-dwmjesbccinwnzhdvkeajvbyatnj/Build/Intermediates.noindex/swift-crypto.build/Release-iphoneos/swift-crypto_Crypto.build/empty-swift-crypto_Crypto.plist (in target 'swift-crypto_Crypto' from project 'swift-crypto')
    cd /Users/runner/Library/Developer/Xcode/DerivedData/SplatNative-dwmjesbccinwnzhdvkeajvbyatnj/SourcePackages/checkouts/swift-crypto
    builtin-infoPlistUtility /Users/runner/Library/Developer/Xcode/DerivedData/SplatNative-dwmjesbccinwnzhdvkeajvbyatnj/Build/Intermediates.noindex/swift-crypto.build/Release-iphoneos/swift-crypto_Crypto.build/empty-swift-crypto_Crypto.plist -producttype com.apple.product-type.bundle -expandbuildsettings -format binary -platform iphoneos -requiredArchitecture arm64 -o /Users/runner/Library/Developer/Xcode/DerivedData/SplatNative-dwmjesbccinwnzhdvkeajvbyatnj/Build/Products/Release-iphoneos/swift-crypto_Crypto.bundle/Info.plist

ProcessInfoPlistFile /Users/runner/Library/Developer/Xcode/DerivedData/SplatNative-dwmjesbccinwnzhdvkeajvbyatnj/Build/Products/Release-iphoneos/Msplat_Msplat.bundle/Info.plist /Users/runner/Library/Developer/Xcode/DerivedData/SplatNative-dwmjesbccinwnzhdvkeajvbyatnj/Build/Intermediates.noindex/Msplat.build/Release-iphoneos/Msplat_Msplat.build/empty-Msplat_Msplat.plist (in target 'Msplat_Msplat' from project 'Msplat')
    cd /Users/runner/work/ALLSUNDAY1122.github.io/ALLSUNDAY1122.github.io/splat-native-ios/Packages/MsplatMemory
    builtin-infoPlistUtility /Users/runner/Library/Developer/Xcode/DerivedData/SplatNative-dwmjesbccinwnzhdvkeajvbyatnj/Build/Intermediates.noindex/Msplat.build/Release-iphoneos/Msplat_Msplat.build/empty-Msplat_Msplat.plist -producttype com.apple.product-type.bundle -expandbuildsettings -format binary -platform iphoneos -requiredArchitecture arm64 -o /Users/runner/Library/Developer/Xcode/DerivedData/SplatNative-dwmjesbccinwnzhdvkeajvbyatnj/Build/Products/Release-iphoneos/Msplat_Msplat.bundle/Info.plist

CompileMetalFile /Users/runner/work/ALLSUNDAY1122.github.io/ALLSUNDAY1122.github.io/splat-native-ios/Packages/MsplatMemory/Sources/Msplat/Resources/msplat_metal.metal (in target 'Msplat_Msplat' from project 'Msplat')
    cd /Users/runner/work/ALLSUNDAY1122.github.io/ALLSUNDAY1122.github.io/splat-native-ios/Packages/MsplatMemory
    /Applications/Xcode_16.4.app/Contents/Developer/Toolchains/XcodeDefault.xctoolchain/usr/bin/metal -c -target air64-apple-ios18.0 -I/Users/runner/Library/Developer/Xcode/DerivedData/SplatNative-dwmjesbccinwnzhdvkeajvbyatnj/Build/Products/Release-iphoneos/include -F/Users/runner/Library/Developer/Xcode/DerivedData/SplatNative-dwmjesbccinwnzhdvkeajvbyatnj/Build/Products/Release-iphoneos -isysroot /Applications/Xcode_16.4.app/Contents/Developer/Platforms/iPhoneOS.platform/Developer/SDKs/iPhoneOS18.5.sdk -fmetal-math-mode\=fast -fmetal-math-fp32-functions\=fast -serialize-diagnostics /Users/runner/Library/Developer/Xcode/DerivedData/SplatNative-dwmjesbccinwnzhdvkeajvbyatnj/Build/Intermediates.noindex/Msplat.build/Release-iphoneos/Msplat_Msplat.build/Metal/msplat_metal.dia -o /Users/runner/Library/Developer/Xcode/DerivedData/SplatNative-dwmjesbccinwnzhdvkeajvbyatnj/Build/Intermediates.noindex/Msplat.build/Release-iphoneos/Msplat_Msplat.build/Metal/msplat_metal.air -MMD -MT dependencies -MF /Users/runner/Library/Developer/Xcode/DerivedData/SplatNative-dwmjesbccinwnzhdvkeajvbyatnj/Build/Intermediates.noindex/Msplat.build/Release-iphoneos/Msplat_Msplat.build/Metal/msplat_metal.dat /Users/runner/work/ALLSUNDAY1122.github.io/ALLSUNDAY1122.github.io/splat-native-ios/Packages/MsplatMemory/Sources/Msplat/Resources/msplat_metal.metal
/Users/runner/work/ALLSUNDAY1122.github.io/ALLSUNDAY1122.github.io/splat-native-ios/Packages/MsplatMemory/Sources/Msplat/Resources/msplat_metal.metal:414:13: warning: comparison of integers of different signs: 'uint' (aka 'unsigned int') and 'const constant int' [-Wsign-compare]
    if (idx >= num_points) {
        ~~~ ^  ~~~~~~~~~~
/Users/runner/work/ALLSUNDAY1122.github.io/ALLSUNDAY1122.github.io/splat-native-ios/Packages/MsplatMemory/Sources/Msplat/Resources/msplat_metal.metal:813:13: warning: comparison of integers of different signs: 'uint' (aka 'unsigned int') and 'const constant int' [-Wsign-compare]
    if (idx >= num_points)
        ~~~ ^  ~~~~~~~~~~
/Users/runner/work/ALLSUNDAY1122.github.io/ALLSUNDAY1122.github.io/splat-native-ios/Packages/MsplatMemory/Sources/Msplat/Resources/msplat_metal.metal:828:32: warning: comparison of integers of different signs: 'int' and 'unsigned int' [-Wsign-compare]
    for (int i = tile_min.y; i < tile_max.y; ++i) {
                             ~ ^ ~~~~~~~~~~
/Users/runner/work/ALLSUNDAY1122.github.io/ALLSUNDAY1122.github.io/splat-native-ios/Packages/MsplatMemory/Sources/Msplat/Resources/msplat_metal.metal:829:36: warning: comparison of integers of different signs: 'int' and 'unsigned int' [-Wsign-compare]
        for (int j = tile_min.x; j < tile_max.x; ++j) {
                                 ~ ^ ~~~~~~~~~~
/Users/runner/work/ALLSUNDAY1122.github.io/ALLSUNDAY1122.github.io/splat-native-ios/Packages/MsplatMemory/Sources/Msplat/Resources/msplat_metal.metal:1004:17: warning: variable 'b_conic' is used uninitialized whenever 'if' condition is false [-Wsometimes-uninitialized]
            if (wr == 0) {
                ^~~~~~~
/Users/runner/work/ALLSUNDAY1122.github.io/ALLSUNDAY1122.github.io/splat-native-ios/Packages/MsplatMemory/Sources/Msplat/Resources/msplat_metal.metal:1010:38: note: uninitialized use occurs here
            b_conic = simd_broadcast(b_conic, 0);
                                     ^~~~~~~
/Users/runner/work/ALLSUNDAY1122.github.io/ALLSUNDAY1122.github.io/splat-native-ios/Packages/MsplatMemory/Sources/Msplat/Resources/msplat_metal.metal:1004:13: note: remove the 'if' if its condition is always true
            if (wr == 0) {
            ^~~~~~~~~~~~~
/Users/runner/work/ALLSUNDAY1122.github.io/ALLSUNDAY1122.github.io/splat-native-ios/Packages/MsplatMemory/Sources/Msplat/Resources/msplat_metal.metal:1002:13: note: variable 'b_conic' is declared here
            float3 b_conic, b_xy_opac, b_rgb;
            ^
/Users/runner/work/ALLSUNDAY1122.github.io/ALLSUNDAY1122.github.io/splat-native-ios/Packages/MsplatMemory/Sources/Msplat/Resources/msplat_metal.metal:1004:17: warning: variable 'b_xy_opac' is used uninitialized whenever 'if' condition is false [-Wsometimes-uninitialized]
            if (wr == 0) {
                ^~~~~~~
/Users/runner/work/ALLSUNDAY1122.github.io/ALLSUNDAY1122.github.io/splat-native-ios/Packages/MsplatMemory/Sources/Msplat/Resources/msplat_metal.metal:1011:40: note: uninitialized use occurs here
            b_xy_opac = simd_broadcast(b_xy_opac, 0);
                                       ^~~~~~~~~
/Users/runner/work/ALLSUNDAY1122.github.io/ALLSUNDAY1122.github.io/splat-native-ios/Packages/MsplatMemory/Sources/Msplat/Resources/msplat_metal.metal:1004:13: note: remove the 'if' if its condition is always true
            if (wr == 0) {
            ^~~~~~~~~~~~~
/Users/runner/work/ALLSUNDAY1122.github.io/ALLSUNDAY1122.github.io/splat-native-ios/Packages/MsplatMemory/Sources/Msplat/Resources/msplat_metal.metal:1002:13: note: variable 'b_xy_opac' is declared here
            float3 b_conic, b_xy_opac, b_rgb;
            ^
/Users/runner/work/ALLSUNDAY1122.github.io/ALLSUNDAY1122.github.io/splat-native-ios/Packages/MsplatMemory/Sources/Msplat/Resources/msplat_metal.metal:1004:17: warning: variable 'b_rgb' is used uninitialized whenever 'if' condition is false [-Wsometimes-uninitialized]
            if (wr == 0) {
                ^~~~~~~
/Users/runner/work/ALLSUNDAY1122.github.io/ALLSUNDAY1122.github.io/splat-native-ios/Packages/MsplatMemory/Sources/Msplat/Resources/msplat_metal.metal:1012:36: note: uninitialized use occurs here
            b_rgb = simd_broadcast(b_rgb, 0);
                                   ^~~~~
/Users/runner/work/ALLSUNDAY1122.github.io/ALLSUNDAY1122.github.io/splat-native-ios/Packages/MsplatMemory/Sources/Msplat/Resources/msplat_metal.metal:1004:13: note: remove the 'if' if its condition is always true
            if (wr == 0) {
            ^~~~~~~~~~~~~
/Users/runner/work/ALLSUNDAY1122.github.io/ALLSUNDAY1122.github.io/splat-native-ios/Packages/MsplatMemory/Sources/Msplat/Resources/msplat_metal.metal:1002:13: note: variable 'b_rgb' is declared here
            float3 b_conic, b_xy_opac, b_rgb;
            ^
/Users/runner/work/ALLSUNDAY1122.github.io/ALLSUNDAY1122.github.io/splat-native-ios/Packages/MsplatMemory/Sources/Msplat/Resources/msplat_metal.metal:1004:17: warning: variable 'b_id' is used uninitialized whenever 'if' condition is false [-Wsometimes-uninitialized]
            if (wr == 0) {
                ^~~~~~~
/Users/runner/work/ALLSUNDAY1122.github.io/ALLSUNDAY1122.github.io/splat-native-ios/Packages/MsplatMemory/Sources/Msplat/Resources/msplat_metal.metal:1013:35: note: uninitialized use occurs here
            b_id = simd_broadcast(b_id, 0);
                                  ^~~~
/Users/runner/work/ALLSUNDAY1122.github.io/ALLSUNDAY1122.github.io/splat-native-ios/Packages/MsplatMemory/Sources/Msplat/Resources/msplat_metal.metal:1004:13: note: remove the 'if' if its condition is always true
            if (wr == 0) {
            ^~~~~~~~~~~~~
/Users/runner/work/ALLSUNDAY1122.github.io/ALLSUNDAY1122.github.io/splat-native-ios/Packages/MsplatMemory/Sources/Msplat/Resources/msplat_metal.metal:1003:25: note: initialize the variable 'b_id' to silence this warning
            int32_t b_id;
                        ^
                         = 0
/Users/runner/work/ALLSUNDAY1122.github.io/ALLSUNDAY1122.github.io/splat-native-ios/Packages/MsplatMemory/Sources/Msplat/Resources/msplat_metal.metal:1185:27: warning: comparison of integers of different signs: 'int' and 'const constant uint' (aka 'const constant unsigned int') [-Wsign-compare]
        for (int c = 0; c < channels; ++c) {
                        ~ ^ ~~~~~~~~
/Users/runner/work/ALLSUNDAY1122.github.io/ALLSUNDAY1122.github.io/splat-native-ios/Packages/MsplatMemory/Sources/Msplat/Resources/msplat_metal.metal:1556:13: warning: comparison of integers of different signs: 'uint' (aka 'unsigned int') and 'const constant int' [-Wsign-compare]
    if (idx >= num_points || radii[idx] <= 0) {
        ~~~ ^  ~~~~~~~~~~
/Users/runner/work/ALLSUNDAY1122.github.io/ALLSUNDAY1122.github.io/splat-native-ios/Packages/MsplatMemory/Sources/Msplat/Resources/msplat_metal.metal:2972:17: warning: variable 'b_conic' is used uninitialized whenever 'if' condition is false [-Wsometimes-uninitialized]
            if (wr == 0) {
                ^~~~~~~
/Users/runner/work/ALLSUNDAY1122.github.io/ALLSUNDAY1122.github.io/splat-native-ios/Packages/MsplatMemory/Sources/Msplat/Resources/msplat_metal.metal:2978:38: note: uninitialized use occurs here
            b_conic = simd_broadcast(b_conic, 0);
                                     ^~~~~~~
/Users/runner/work/ALLSUNDAY1122.github.io/ALLSUNDAY1122.github.io/splat-native-ios/Packages/MsplatMemory/Sources/Msplat/Resources/msplat_metal.metal:2972:13: note: remove the 'if' if its condition is always true
            if (wr == 0) {
            ^~~~~~~~~~~~~
/Users/runner/work/ALLSUNDAY1122.github.io/ALLSUNDAY1122.github.io/splat-native-ios/Packages/MsplatMemory/Sources/Msplat/Resources/msplat_metal.metal:2970:13: note: variable 'b_conic' is declared here
            float3 b_conic, b_xy_opac, b_rgb;
            ^
/Users/runner/work/ALLSUNDAY1122.github.io/ALLSUNDAY1122.github.io/splat-native-ios/Packages/MsplatMemory/Sources/Msplat/Resources/msplat_metal.metal:2972:17: warning: variable 'b_xy_opac' is used uninitialized whenever 'if' condition is false [-Wsometimes-uninitialized]
            if (wr == 0) {
                ^~~~~~~
/Users/runner/work/ALLSUNDAY1122.github.io/ALLSUNDAY1122.github.io/splat-native-ios/Packages/MsplatMemory/Sources/Msplat/Resources/msplat_metal.metal:2979:40: note: uninitialized use occurs here
            b_xy_opac = simd_broadcast(b_xy_opac, 0);
                                       ^~~~~~~~~
/Users/runner/work/ALLSUNDAY1122.github.io/ALLSUNDAY1122.github.io/splat-native-ios/Packages/MsplatMemory/Sources/Msplat/Resources/msplat_metal.metal:2972:13: note: remove the 'if' if its condition is always true
            if (wr == 0) {
            ^~~~~~~~~~~~~
/Users/runner/work/ALLSUNDAY1122.github.io/ALLSUNDAY1122.github.io/splat-native-ios/Packages/MsplatMemory/Sources/Msplat/Resources/msplat_metal.metal:2970:13: note: variable 'b_xy_opac' is declared here
            float3 b_conic, b_xy_opac, b_rgb;
            ^
/Users/runner/work/ALLSUNDAY1122.github.io/ALLSUNDAY1122.github.io/splat-native-ios/Packages/MsplatMemory/Sources/Msplat/Resources/msplat_metal.metal:2972:17: warning: variable 'b_rgb' is used uninitialized whenever 'if' condition is false [-Wsometimes-uninitialized]
            if (wr == 0) {
                ^~~~~~~
/Users/runner/work/ALLSUNDAY1122.github.io/ALLSUNDAY1122.github.io/splat-native-ios/Packages/MsplatMemory/Sources/Msplat/Resources/msplat_metal.metal:2980:36: note: uninitialized use occurs here
            b_rgb = simd_broadcast(b_rgb, 0);
                                   ^~~~~
/Users/runner/work/ALLSUNDAY1122.github.io/ALLSUNDAY1122.github.io/splat-native-ios/Packages/MsplatMemory/Sources/Msplat/Resources/msplat_metal.metal:2972:13: note: remove the 'if' if its condition is always true
            if (wr == 0) {
            ^~~~~~~~~~~~~
/Users/runner/work/ALLSUNDAY1122.github.io/ALLSUNDAY1122.github.io/splat-native-ios/Packages/MsplatMemory/Sources/Msplat/Resources/msplat_metal.metal:2970:13: note: variable 'b_rgb' is declared here
            float3 b_conic, b_xy_opac, b_rgb;
            ^
/Users/runner/work/ALLSUNDAY1122.github.io/ALLSUNDAY1122.github.io/splat-native-ios/Packages/MsplatMemory/Sources/Msplat/Resources/msplat_metal.metal:2972:17: warning: variable 'b_id' is used uninitialized whenever 'if' condition is false [-Wsometimes-uninitialized]
            if (wr == 0) {
                ^~~~~~~
/Users/runner/work/ALLSUNDAY1122.github.io/ALLSUNDAY1122.github.io/splat-native-ios/Packages/MsplatMemory/Sources/Msplat/Resources/msplat_metal.metal:2981:35: note: uninitialized use occurs here
            b_id = simd_broadcast(b_id, 0);
                                  ^~~~
/Users/runner/work/ALLSUNDAY1122.github.io/ALLSUNDAY1122.github.io/splat-native-ios/Packages/MsplatMemory/Sources/Msplat/Resources/msplat_metal.metal:2972:13: note: remove the 'if' if its condition is always true
            if (wr == 0) {
            ^~~~~~~~~~~~~
/Users/runner/work/ALLSUNDAY1122.github.io/ALLSUNDAY1122.github.io/splat-native-ios/Packages/MsplatMemory/Sources/Msplat/Resources/msplat_metal.metal:2971:25: note: initialize the variable 'b_id' to silence this warning
            int32_t b_id;
                        ^
                         = 0
14 warnings generated.

ProcessInfoPlistFile /Users/runner/Library/Developer/Xcode/DerivedData/SplatNative-dwmjesbccinwnzhdvkeajvbyatnj/Build/Products/Release-iphoneos/MetalSplatter_MetalSplatter.bundle/Info.plist /Users/runner/Library/Developer/Xcode/DerivedData/SplatNative-dwmjesbccinwnzhdvkeajvbyatnj/Build/Intermediates.noindex/MetalSplatter.build/Release-iphoneos/MetalSplatter_MetalSplatter.build/empty-MetalSplatter_MetalSplatter.plist (in target 'MetalSplatter_MetalSplatter' from project 'MetalSplatter')
    cd /Users/runner/Library/Developer/Xcode/DerivedData/SplatNative-dwmjesbccinwnzhdvkeajvbyatnj/SourcePackages/checkouts/MetalSplatter
    builtin-infoPlistUtility /Users/runner/Library/Developer/Xcode/DerivedData/SplatNative-dwmjesbccinwnzhdvkeajvbyatnj/Build/Intermediates.noindex/MetalSplatter.build/Release-iphoneos/MetalSplatter_MetalSplatter.build/empty-MetalSplatter_MetalSplatter.plist -producttype com.apple.product-type.bundle -expandbuildsettings -format binary -platform iphoneos -requiredArchitecture arm64 -o /Users/runner/Library/Developer/Xcode/DerivedData/SplatNative-dwmjesbccinwnzhdvkeajvbyatnj/Build/Products/Release-iphoneos/MetalSplatter_MetalSplatter.bundle/Info.plist

CpResource /Users/runner/Library/Developer/Xcode/DerivedData/SplatNative-dwmjesbccinwnzhdvkeajvbyatnj/Build/Products/Release-iphoneos/MetalSplatter_MetalSplatter.bundle/SplatProcessing.h /Users/runner/Library/Developer/Xcode/DerivedData/SplatNative-dwmjesbccinwnzhdvkeajvbyatnj/SourcePackages/checkouts/MetalSplatter/MetalSplatter/Resources/SplatProcessing.h (in target 'MetalSplatter_MetalSplatter' from project 'MetalSplatter')
    cd /Users/runner/Library/Developer/Xcode/DerivedData/SplatNative-dwmjesbccinwnzhdvkeajvbyatnj/SourcePackages/checkouts/MetalSplatter
    builtin-copy -exclude .DS_Store -exclude CVS -exclude .svn -exclude .git -exclude .hg -strip-unsigned-binaries -strip-deterministic -strip-tool /Applications/Xcode_16.4.app/Contents/Developer/Toolchains/XcodeDefault.xctoolchain/usr/bin/strip -resolve-src-symlinks /Users/runner/Library/Developer/Xcode/DerivedData/SplatNative-dwmjesbccinwnzhdvkeajvbyatnj/SourcePackages/checkouts/MetalSplatter/MetalSplatter/Resources/SplatProcessing.h /Users/runner/Library/Developer/Xcode/DerivedData/SplatNative-dwmjesbccinwnzhdvkeajvbyatnj/Build/Products/Release-iphoneos/MetalSplatter_MetalSplatter.bundle

CpResource /Users/runner/Library/Developer/Xcode/DerivedData/SplatNative-dwmjesbccinwnzhdvkeajvbyatnj/Build/Products/Release-iphoneos/MetalSplatter_MetalSplatter.bundle/ShaderCommon.h /Users/runner/Library/Developer/Xcode/DerivedData/SplatNative-dwmjesbccinwnzhdvkeajvbyatnj/SourcePackages/checkouts/MetalSplatter/MetalSplatter/Resources/ShaderCommon.h (in target 'MetalSplatter_MetalSplatter' from project 'MetalSplatter')
    cd /Users/runner/Library/Developer/Xcode/DerivedData/SplatNative-dwmjesbccinwnzhdvkeajvbyatnj/SourcePackages/checkouts/MetalSplatter
    builtin-copy -exclude .DS_Store -exclude CVS -exclude .svn -exclude .git -exclude .hg -strip-unsigned-binaries -strip-deterministic -strip-tool /Applications/Xcode_16.4.app/Contents/Developer/Toolchains/XcodeDefault.xctoolchain/usr/bin/strip -resolve-src-symlinks /Users/runner/Library/Developer/Xcode/DerivedData/SplatNative-dwmjesbccinwnzhdvkeajvbyatnj/SourcePackages/checkouts/MetalSplatter/MetalSplatter/Resources/ShaderCommon.h /Users/runner/Library/Developer/Xcode/DerivedData/SplatNative-dwmjesbccinwnzhdvkeajvbyatnj/Build/Products/Release-iphoneos/MetalSplatter_MetalSplatter.bundle

CompileMetalFile /Users/runner/Library/Developer/Xcode/DerivedData/SplatNative-dwmjesbccinwnzhdvkeajvbyatnj/SourcePackages/checkouts/MetalSplatter/MetalSplatter/Resources/SplatProcessing.metal (in target 'MetalSplatter_MetalSplatter' from project 'MetalSplatter')
    cd /Users/runner/Library/Developer/Xcode/DerivedData/SplatNative-dwmjesbccinwnzhdvkeajvbyatnj/SourcePackages/checkouts/MetalSplatter
    /Applications/Xcode_16.4.app/Contents/Developer/Toolchains/XcodeDefault.xctoolchain/usr/bin/metal -c -target air64-apple-ios18.0 -I/Users/runner/Library/Developer/Xcode/DerivedData/SplatNative-dwmjesbccinwnzhdvkeajvbyatnj/Build/Products/Release-iphoneos/include -F/Users/runner/Library/Developer/Xcode/DerivedData/SplatNative-dwmjesbccinwnzhdvkeajvbyatnj/Build/Products/Release-iphoneos -isysroot /Applications/Xcode_16.4.app/Contents/Developer/Platforms/iPhoneOS.platform/Developer/SDKs/iPhoneOS18.5.sdk -fmetal-math-mode\=fast -fmetal-math-fp32-functions\=fast -serialize-diagnostics /Users/runner/Library/Developer/Xcode/DerivedData/SplatNative-dwmjesbccinwnzhdvkeajvbyatnj/Build/Intermediates.noindex/MetalSplatter.build/Release-iphoneos/MetalSplatter_MetalSplatter.build/Metal/SplatProcessing.dia -o /Users/runner/Library/Developer/Xcode/DerivedData/SplatNative-dwmjesbccinwnzhdvkeajvbyatnj/Build/Intermediates.noindex/MetalSplatter.build/Release-iphoneos/MetalSplatter_MetalSplatter.build/Metal/SplatProcessing.air -MMD -MT dependencies -MF /Users/runner/Library/Developer/Xcode/DerivedData/SplatNative-dwmjesbccinwnzhdvkeajvbyatnj/Build/Intermediates.noindex/MetalSplatter.build/Release-iphoneos/MetalSplatter_MetalSplatter.build/Metal/SplatProcessing.dat /Users/runner/Library/Developer/Xcode/DerivedData/SplatNative-dwmjesbccinwnzhdvkeajvbyatnj/SourcePackages/checkouts/MetalSplatter/MetalSplatter/Resources/SplatProcessing.metal

CompileMetalFile /Users/runner/Library/Developer/Xcode/DerivedData/SplatNative-dwmjesbccinwnzhdvkeajvbyatnj/SourcePackages/checkouts/MetalSplatter/MetalSplatter/Resources/SingleStageRenderPath.metal (in target 'MetalSplatter_MetalSplatter' from project 'MetalSplatter')
    cd /Users/runner/Library/Developer/Xcode/DerivedData/SplatNative-dwmjesbccinwnzhdvkeajvbyatnj/SourcePackages/checkouts/MetalSplatter
    /Applications/Xcode_16.4.app/Contents/Developer/Toolchains/XcodeDefault.xctoolchain/usr/bin/metal -c -target air64-apple-ios18.0 -I/Users/runner/Library/Developer/Xcode/DerivedData/SplatNative-dwmjesbccinwnzhdvkeajvbyatnj/Build/Products/Release-iphoneos/include -F/Users/runner/Library/Developer/Xcode/DerivedData/SplatNative-dwmjesbccinwnzhdvkeajvbyatnj/Build/Products/Release-iphoneos -isysroot /Applications/Xcode_16.4.app/Contents/Developer/Platforms/iPhoneOS.platform/Developer/SDKs/iPhoneOS18.5.sdk -fmetal-math-mode\=fast -fmetal-math-fp32-functions\=fast -serialize-diagnostics /Users/runner/Library/Developer/Xcode/DerivedData/SplatNative-dwmjesbccinwnzhdvkeajvbyatnj/Build/Intermediates.noindex/MetalSplatter.build/Release-iphoneos/MetalSplatter_MetalSplatter.build/Metal/SingleStageRenderPath.dia -o /Users/runner/Library/Developer/Xcode/DerivedData/SplatNative-dwmjesbccinwnzhdvkeajvbyatnj/Build/Intermediates.noindex/MetalSplatter.build/Release-iphoneos/MetalSplatter_MetalSplatter.build/Metal/SingleStageRenderPath.air -MMD -MT dependencies -MF /Users/runner/Library/Developer/Xcode/DerivedData/SplatNative-dwmjesbccinwnzhdvkeajvbyatnj/Build/Intermediates.noindex/MetalSplatter.build/Release-iphoneos/MetalSplatter_MetalSplatter.build/Metal/SingleStageRenderPath.dat /Users/runner/Library/Developer/Xcode/DerivedData/SplatNative-dwmjesbccinwnzhdvkeajvbyatnj/SourcePackages/checkouts/MetalSplatter/MetalSplatter/Resources/SingleStageRenderPath.metal

CompileMetalFile /Users/runner/Library/Developer/Xcode/DerivedData/SplatNative-dwmjesbccinwnzhdvkeajvbyatnj/SourcePackages/checkouts/MetalSplatter/MetalSplatter/Resources/MultiStageRenderPath.metal (in target 'MetalSplatter_MetalSplatter' from project 'MetalSplatter')
    cd /Users/runner/Library/Developer/Xcode/DerivedData/SplatNative-dwmjesbccinwnzhdvkeajvbyatnj/SourcePackages/checkouts/MetalSplatter
    /Applications/Xcode_16.4.app/Contents/Developer/Toolchains/XcodeDefault.xctoolchain/usr/bin/metal -c -target air64-apple-ios18.0 -I/Users/runner/Library/Developer/Xcode/DerivedData/SplatNative-dwmjesbccinwnzhdvkeajvbyatnj/Build/Products/Release-iphoneos/include -F/Users/runner/Library/Developer/Xcode/DerivedData/SplatNative-dwmjesbccinwnzhdvkeajvbyatnj/Build/Products/Release-iphoneos -isysroot /Applications/Xcode_16.4.app/Contents/Developer/Platforms/iPhoneOS.platform/Developer/SDKs/iPhoneOS18.5.sdk -fmetal-math-mode\=fast -fmetal-math-fp32-functions\=fast -serialize-diagnostics /Users/runner/Library/Developer/Xcode/DerivedData/SplatNative-dwmjesbccinwnzhdvkeajvbyatnj/Build/Intermediates.noindex/MetalSplatter.build/Release-iphoneos/MetalSplatter_MetalSplatter.build/Metal/MultiStageRenderPath.dia -o /Users/runner/Library/Developer/Xcode/DerivedData/SplatNative-dwmjesbccinwnzhdvkeajvbyatnj/Build/Intermediates.noindex/MetalSplatter.build/Release-iphoneos/MetalSplatter_MetalSplatter.build/Metal/MultiStageRenderPath.air -MMD -MT dependencies -MF /Users/runner/Library/Developer/Xcode/DerivedData/SplatNative-dwmjesbccinwnzhdvkeajvbyatnj/Build/Intermediates.noindex/MetalSplatter.build/Release-iphoneos/MetalSplatter_MetalSplatter.build/Metal/MultiStageRenderPath.dat /Users/runner/Library/Developer/Xcode/DerivedData/SplatNative-dwmjesbccinwnzhdvkeajvbyatnj/SourcePackages/checkouts/MetalSplatter/MetalSplatter/Resources/MultiStageRenderPath.metal

MetalLink /Users/runner/Library/Developer/Xcode/DerivedData/SplatNative-dwmjesbccinwnzhdvkeajvbyatnj/Build/Products/Release-iphoneos/MetalSplatter_MetalSplatter.bundle/default.metallib (in target 'MetalSplatter_MetalSplatter' from project 'MetalSplatter')
    cd /Users/runner/Library/Developer/Xcode/DerivedData/SplatNative-dwmjesbccinwnzhdvkeajvbyatnj/SourcePackages/checkouts/MetalSplatter
    /Applications/Xcode_16.4.app/Contents/Developer/Toolchains/XcodeDefault.xctoolchain/usr/bin/metal -target air64-apple-ios18.0 -o /Users/runner/Library/Developer/Xcode/DerivedData/SplatNative-dwmjesbccinwnzhdvkeajvbyatnj/Build/Products/Release-iphoneos/MetalSplatter_MetalSplatter.bundle/default.metallib /Users/runner/Library/Developer/Xcode/DerivedData/SplatNative-dwmjesbccinwnzhdvkeajvbyatnj/Build/Intermediates.noindex/MetalSplatter.build/Release-iphoneos/MetalSplatter_MetalSplatter.build/Metal/MultiStageRenderPath.air /Users/runner/Library/Developer/Xcode/DerivedData/SplatNative-dwmjesbccinwnzhdvkeajvbyatnj/Build/Intermediates.noindex/MetalSplatter.build/Release-iphoneos/MetalSplatter_MetalSplatter.build/Metal/SingleStageRenderPath.air /Users/runner/Library/Developer/Xcode/DerivedData/SplatNative-dwmjesbccinwnzhdvkeajvbyatnj/Build/Intermediates.noindex/MetalSplatter.build/Release-iphoneos/MetalSplatter_MetalSplatter.build/Metal/SplatProcessing.air

RegisterExecutionPolicyException /Users/runner/Library/Developer/Xcode/DerivedData/SplatNative-dwmjesbccinwnzhdvkeajvbyatnj/Build/Products/Release-iphoneos/swift-crypto_Crypto.bundle (in target 'swift-crypto_Crypto' from project 'swift-crypto')
    cd /Users/runner/Library/Developer/Xcode/DerivedData/SplatNative-dwmjesbccinwnzhdvkeajvbyatnj/SourcePackages/checkouts/swift-crypto
    builtin-RegisterExecutionPolicyException /Users/runner/Library/Developer/Xcode/DerivedData/SplatNative-dwmjesbccinwnzhdvkeajvbyatnj/Build/Products/Release-iphoneos/swift-crypto_Crypto.bundle

Touch /Users/runner/Library/Developer/Xcode/DerivedData/SplatNative-dwmjesbccinwnzhdvkeajvbyatnj/Build/Products/Release-iphoneos/swift-crypto_Crypto.bundle (in target 'swift-crypto_Crypto' from project 'swift-crypto')
    cd /Users/runner/Library/Developer/Xcode/DerivedData/SplatNative-dwmjesbccinwnzhdvkeajvbyatnj/SourcePackages/checkouts/swift-crypto
    /usr/bin/touch -c /Users/runner/Library/Developer/Xcode/DerivedData/SplatNative-dwmjesbccinwnzhdvkeajvbyatnj/Build/Products/Release-iphoneos/swift-crypto_Crypto.bundle

RegisterExecutionPolicyException /Users/runner/Library/Developer/Xcode/DerivedData/SplatNative-dwmjesbccinwnzhdvkeajvbyatnj/Build/Products/Release-iphoneos/MetalSplatter_MetalSplatter.bundle (in target 'MetalSplatter_MetalSplatter' from project 'MetalSplatter')
    cd /Users/runner/Library/Developer/Xcode/DerivedData/SplatNative-dwmjesbccinwnzhdvkeajvbyatnj/SourcePackages/checkouts/MetalSplatter
    builtin-RegisterExecutionPolicyException /Users/runner/Library/Developer/Xcode/DerivedData/SplatNative-dwmjesbccinwnzhdvkeajvbyatnj/Build/Products/Release-iphoneos/MetalSplatter_MetalSplatter.bundle

Touch /Users/runner/Library/Developer/Xcode/DerivedData/SplatNative-dwmjesbccinwnzhdvkeajvbyatnj/Build/Products/Release-iphoneos/MetalSplatter_MetalSplatter.bundle (in target 'MetalSplatter_MetalSplatter' from project 'MetalSplatter')
    cd /Users/runner/Library/Developer/Xcode/DerivedData/SplatNative-dwmjesbccinwnzhdvkeajvbyatnj/SourcePackages/checkouts/MetalSplatter
    /usr/bin/touch -c /Users/runner/Library/Developer/Xcode/DerivedData/SplatNative-dwmjesbccinwnzhdvkeajvbyatnj/Build/Products/Release-iphoneos/MetalSplatter_MetalSplatter.bundle

SwiftDriver spz normal arm64 com.apple.xcode.tools.swift.compiler (in target 'spz' from project 'spz-swift')
    cd /Users/runner/work/ALLSUNDAY1122.github.io/ALLSUNDAY1122.github.io/splat-native-ios/SplatNative.xcodeproj
    builtin-SwiftDriver -- /Applications/Xcode_16.4.app/Contents/Developer/Toolchains/XcodeDefault.xctoolchain/usr/bin/swiftc -module-name spz -O -whole-module-optimization -enforce-exclusivity\=checked @/Users/runner/Library/Developer/Xcode/DerivedData/SplatNative-dwmjesbccinwnzhdvkeajvbyatnj/Build/Intermediates.noindex/spz-swift.build/Release-iphoneos/spz.build/Objects-normal/arm64/spz.SwiftFileList -DSWIFT_PACKAGE -DXcode -plugin-path /Applications/Xcode_16.4.app/Contents/Developer/Toolchains/XcodeDefault.xctoolchain/usr/lib/swift/host/plugins/testing -enable-experimental-feature DebugDescriptionMacro -sdk /Applications/Xcode_16.4.app/Contents/Developer/Platforms/iPhoneOS.platform/Developer/SDKs/iPhoneOS18.5.sdk -target arm64-apple-ios17.0 -g -module-cache-path /Users/runner/Library/Developer/Xcode/DerivedData/ModuleCache.noindex -Xfrontend -serialize-debugging-options -suppress-warnings -swift-version 5 -I /Users/runner/Library/Developer/Xcode/DerivedData/SplatNative-dwmjesbccinwnzhdvkeajvbyatnj/Build/Products/Release-iphoneos -I /Applications/Xcode_16.4.app/Contents/Developer/Platforms/iPhoneOS.platform/Developer/usr/lib -F /Users/runner/Library/Developer/Xcode/DerivedData/SplatNative-dwmjesbccinwnzhdvkeajvbyatnj/Build/Products/Release-iphoneos -F /Applications/Xcode_16.4.app/Contents/Developer/Platforms/iPhoneOS.platform/Developer/Library/Frameworks -F /Applications/Xcode_16.4.app/Contents/Developer/Platforms/iPhoneOS.platform/Developer/SDKs/iPhoneOS18.5.sdk/Developer/Library/Frameworks -c -num-threads 3 -Xcc -ivfsstatcache -Xcc /Users/runner/Library/Developer/Xcode/DerivedData/SDKStatCaches.noindex/iphoneos18.5-22F76-a529daf784b3616c7c04a36aeb7f5c05.sdkstatcache -output-file-map /Users/runner/Library/Developer/Xcode/DerivedData/SplatNative-dwmjesbccinwnzhdvkeajvbyatnj/Build/Intermediates.noindex/spz-swift.build/Release-iphoneos/spz.build/Objects-normal/arm64/spz-OutputFileMap.json -use-frontend-parseable-output -save-temps -no-color-diagnostics -serialize-diagnostics -emit-dependencies -emit-module -emit-module-path /Users/runner/Library/Developer/Xcode/DerivedData/SplatNative-dwmjesbccinwnzhdvkeajvbyatnj/Build/Intermediates.noindex/spz-swift.build/Release-iphoneos/spz.build/Objects-normal/arm64/spz.swiftmodule -validate-clang-modules-once -clang-build-session-file /Users/runner/Library/Developer/Xcode/DerivedData/ModuleCache.noindex/Session.modulevalidation -package-name spz_swift -Xcc -I/Users/runner/Library/Developer/Xcode/DerivedData/SplatNative-dwmjesbccinwnzhdvkeajvbyatnj/Build/Intermediates.noindex/spz-swift.build/Release-iphoneos/spz.build/swift-overrides.hmap -emit-const-values -Xfrontend -const-gather-protocols-file -Xfrontend /Users/runner/Library/Developer/Xcode/DerivedData/SplatNative-dwmjesbccinwnzhdvkeajvbyatnj/Build/Intermediates.noindex/spz-swift.build/Release-iphoneos/spz.build/Objects-normal/arm64/spz_const_extract_protocols.json -Xcc -I/Users/runner/Library/Developer/Xcode/DerivedData/SplatNative-dwmjesbccinwnzhdvkeajvbyatnj/Build/Products/Release-iphoneos/include -Xcc -I/Users/runner/Library/Developer/Xcode/DerivedData/SplatNative-dwmjesbccinwnzhdvkeajvbyatnj/Build/Intermediates.noindex/spz-swift.build/Release-iphoneos/spz.build/DerivedSources-normal/arm64 -Xcc -I/Users/runner/Library/Developer/Xcode/DerivedData/SplatNative-dwmjesbccinwnzhdvkeajvbyatnj/Build/Intermediates.noindex/spz-swift.build/Release-iphoneos/spz.build/DerivedSources/arm64 -Xcc -I/Users/runner/Library/Developer/Xcode/DerivedData/SplatNative-dwmjesbccinwnzhdvkeajvbyatnj/Build/Intermediates.noindex/spz-swift.build/Release-iphoneos/spz.build/DerivedSources -Xcc -DSWIFT_PACKAGE -emit-objc-header -emit-objc-header-path /Users/runner/Library/Developer/Xcode/DerivedData/SplatNative-dwmjesbccinwnzhdvkeajvbyatnj/Build/Intermediates.noindex/spz-swift.build/Release-iphoneos/spz.build/Objects-normal/arm64/spz-Swift.h -working-directory /Users/runner/work/ALLSUNDAY1122.github.io/ALLSUNDAY1122.github.io/splat-native-ios/SplatNative.xcodeproj -no-emit-module-separately-wmo

SwiftDriver PLYIO normal arm64 com.apple.xcode.tools.swift.compiler (in target 'PLYIO' from project 'MetalSplatter')
    cd /Users/runner/work/ALLSUNDAY1122.github.io/ALLSUNDAY1122.github.io/splat-native-ios/SplatNative.xcodeproj
    builtin-SwiftDriver -- /Applications/Xcode_16.4.app/Contents/Developer/Toolchains/XcodeDefault.xctoolchain/usr/bin/swiftc -module-name PLYIO -O -whole-module-optimization -enforce-exclusivity\=checked @/Users/runner/Library/Developer/Xcode/DerivedData/SplatNative-dwmjesbccinwnzhdvkeajvbyatnj/Build/Intermediates.noindex/MetalSplatter.build/Release-iphoneos/PLYIO.build/Objects-normal/arm64/PLYIO.SwiftFileList -DSWIFT_PACKAGE -DXcode -plugin-path /Applications/Xcode_16.4.app/Contents/Developer/Toolchains/XcodeDefault.xctoolchain/usr/lib/swift/host/plugins/testing -enable-experimental-feature DebugDescriptionMacro -sdk /Applications/Xcode_16.4.app/Contents/Developer/Platforms/iPhoneOS.platform/Developer/SDKs/iPhoneOS18.5.sdk -target arm64-apple-ios18.0 -g -module-cache-path /Users/runner/Library/Developer/Xcode/DerivedData/ModuleCache.noindex -Xfrontend -serialize-debugging-options -suppress-warnings -swift-version 6 -I /Users/runner/Library/Developer/Xcode/DerivedData/SplatNative-dwmjesbccinwnzhdvkeajvbyatnj/Build/Products/Release-iphoneos -I /Applications/Xcode_16.4.app/Contents/Developer/Platforms/iPhoneOS.platform/Developer/usr/lib -F /Users/runner/Library/Developer/Xcode/DerivedData/SplatNative-dwmjesbccinwnzhdvkeajvbyatnj/Build/Products/Release-iphoneos -F /Applications/Xcode_16.4.app/Contents/Developer/Platforms/iPhoneOS.platform/Developer/Library/Frameworks -F /Applications/Xcode_16.4.app/Contents/Developer/Platforms/iPhoneOS.platform/Developer/SDKs/iPhoneOS18.5.sdk/Developer/Library/Frameworks -c -num-threads 3 -Xcc -ivfsstatcache -Xcc /Users/runner/Library/Developer/Xcode/DerivedData/SDKStatCaches.noindex/iphoneos18.5-22F76-a529daf784b3616c7c04a36aeb7f5c05.sdkstatcache -output-file-map /Users/runner/Library/Developer/Xcode/DerivedData/SplatNative-dwmjesbccinwnzhdvkeajvbyatnj/Build/Intermediates.noindex/MetalSplatter.build/Release-iphoneos/PLYIO.build/Objects-normal/arm64/PLYIO-OutputFileMap.json -use-frontend-parseable-output -save-temps -no-color-diagnostics -serialize-diagnostics -emit-dependencies -emit-module -emit-module-path /Users/runner/Library/Developer/Xcode/DerivedData/SplatNative-dwmjesbccinwnzhdvkeajvbyatnj/Build/Intermediates.noindex/MetalSplatter.build/Release-iphoneos/PLYIO.build/Objects-normal/arm64/PLYIO.swiftmodule -validate-clang-modules-once -clang-build-session-file /Users/runner/Library/Developer/Xcode/DerivedData/ModuleCache.noindex/Session.modulevalidation -package-name metalsplatter -Xcc -I/Users/runner/Library/Developer/Xcode/DerivedData/SplatNative-dwmjesbccinwnzhdvkeajvbyatnj/Build/Intermediates.noindex/MetalSplatter.build/Release-iphoneos/PLYIO.build/swift-overrides.hmap -emit-const-values -Xfrontend -const-gather-protocols-file -Xfrontend /Users/runner/Library/Developer/Xcode/DerivedData/SplatNative-dwmjesbccinwnzhdvkeajvbyatnj/Build/Intermediates.noindex/MetalSplatter.build/Release-iphoneos/PLYIO.build/Objects-normal/arm64/PLYIO_const_extract_protocols.json -Xcc -I/Users/runner/Library/Developer/Xcode/DerivedData/SplatNative-dwmjesbccinwnzhdvkeajvbyatnj/Build/Products/Release-iphoneos/include -Xcc -I/Users/runner/Library/Developer/Xcode/DerivedData/SplatNative-dwmjesbccinwnzhdvkeajvbyatnj/Build/Intermediates.noindex/MetalSplatter.build/Release-iphoneos/PLYIO.build/DerivedSources-normal/arm64 -Xcc -I/Users/runner/Library/Developer/Xcode/DerivedData/SplatNative-dwmjesbccinwnzhdvkeajvbyatnj/Build/Intermediates.noindex/MetalSplatter.build/Release-iphoneos/PLYIO.build/DerivedSources/arm64 -Xcc -I/Users/runner/Library/Developer/Xcode/DerivedData/SplatNative-dwmjesbccinwnzhdvkeajvbyatnj/Build/Intermediates.noindex/MetalSplatter.build/Release-iphoneos/PLYIO.build/DerivedSources -Xcc -DSWIFT_PACKAGE -emit-objc-header -emit-objc-header-path /Users/runner/Library/Developer/Xcode/DerivedData/SplatNative-dwmjesbccinwnzhdvkeajvbyatnj/Build/Intermediates.noindex/MetalSplatter.build/Release-iphoneos/PLYIO.build/Objects-normal/arm64/PLYIO-Swift.h -working-directory /Users/runner/work/ALLSUNDAY1122.github.io/ALLSUNDAY1122.github.io/splat-native-ios/SplatNative.xcodeproj -no-emit-module-separately-wmo

SwiftDriver Msplat normal arm64 com.apple.xcode.tools.swift.compiler (in target 'Msplat' from project 'Msplat')
    cd /Users/runner/work/ALLSUNDAY1122.github.io/ALLSUNDAY1122.github.io/splat-native-ios/SplatNative.xcodeproj
    builtin-SwiftDriver -- /Applications/Xcode_16.4.app/Contents/Developer/Toolchains/XcodeDefault.xctoolchain/usr/bin/swiftc -module-name Msplat -O -whole-module-optimization -enforce-exclusivity\=checked @/Users/runner/Library/Developer/Xcode/DerivedData/SplatNative-dwmjesbccinwnzhdvkeajvbyatnj/Build/Intermediates.noindex/Msplat.build/Release-iphoneos/Msplat.build/Objects-normal/arm64/Msplat.SwiftFileList -DSWIFT_PACKAGE -Xcc -fmodule-map-file\=/Users/runner/Library/Developer/Xcode/DerivedData/SplatNative-dwmjesbccinwnzhdvkeajvbyatnj/Build/Intermediates.noindex/GeneratedModuleMaps-iphoneos/MsplatCore.modulemap -DXcode -plugin-path /Applications/Xcode_16.4.app/Contents/Developer/Toolchains/XcodeDefault.xctoolchain/usr/lib/swift/host/plugins/testing -enable-experimental-feature DebugDescriptionMacro -sdk /Applications/Xcode_16.4.app/Contents/Developer/Platforms/iPhoneOS.platform/Developer/SDKs/iPhoneOS18.5.sdk -target arm64-apple-ios18.0 -g -module-cache-path /Users/runner/Library/Developer/Xcode/DerivedData/ModuleCache.noindex -Xfrontend -serialize-debugging-options -swift-version 6 -I /Users/runner/Library/Developer/Xcode/DerivedData/SplatNative-dwmjesbccinwnzhdvkeajvbyatnj/Build/Products/Release-iphoneos -I /Applications/Xcode_16.4.app/Contents/Developer/Platforms/iPhoneOS.platform/Developer/usr/lib -F /Users/runner/Library/Developer/Xcode/DerivedData/SplatNative-dwmjesbccinwnzhdvkeajvbyatnj/Build/Products/Release-iphoneos/PackageFrameworks -F /Users/runner/Library/Developer/Xcode/DerivedData/SplatNative-dwmjesbccinwnzhdvkeajvbyatnj/Build/Products/Release-iphoneos -F /Applications/Xcode_16.4.app/Contents/Developer/Platforms/iPhoneOS.platform/Developer/Library/Frameworks -F /Applications/Xcode_16.4.app/Contents/Developer/Platforms/iPhoneOS.platform/Developer/SDKs/iPhoneOS18.5.sdk/Developer/Library/Frameworks -c -num-threads 3 -Xcc -ivfsstatcache -Xcc /Users/runner/Library/Developer/Xcode/DerivedData/SDKStatCaches.noindex/iphoneos18.5-22F76-a529daf784b3616c7c04a36aeb7f5c05.sdkstatcache -output-file-map /Users/runner/Library/Developer/Xcode/DerivedData/SplatNative-dwmjesbccinwnzhdvkeajvbyatnj/Build/Intermediates.noindex/Msplat.build/Release-iphoneos/Msplat.build/Objects-normal/arm64/Msplat-OutputFileMap.json -use-frontend-parseable-output -save-temps -no-color-diagnostics -serialize-diagnostics -emit-dependencies -emit-module -emit-module-path /Users/runner/Library/Developer/Xcode/DerivedData/SplatNative-dwmjesbccinwnzhdvkeajvbyatnj/Build/Intermediates.noindex/Msplat.build/Release-iphoneos/Msplat.build/Objects-normal/arm64/Msplat.swiftmodule -validate-clang-modules-once -clang-build-session-file /Users/runner/Library/Developer/Xcode/DerivedData/ModuleCache.noindex/Session.modulevalidation -package-name msplatmemory -Xcc -I/Users/runner/Library/Developer/Xcode/DerivedData/SplatNative-dwmjesbccinwnzhdvkeajvbyatnj/Build/Intermediates.noindex/Msplat.build/Release-iphoneos/Msplat.build/swift-overrides.hmap -emit-const-values -Xfrontend -const-gather-protocols-file -Xfrontend /Users/runner/Library/Developer/Xcode/DerivedData/SplatNative-dwmjesbccinwnzhdvkeajvbyatnj/Build/Intermediates.noindex/Msplat.build/Release-iphoneos/Msplat.build/Objects-normal/arm64/Msplat_const_extract_protocols.json -Xcc -I/Users/runner/work/ALLSUNDAY1122.github.io/ALLSUNDAY1122.github.io/splat-native-ios/Packages/MsplatMemory/Sources/MsplatCore/include -Xcc -I/Users/runner/Library/Developer/Xcode/DerivedData/SplatNative-dwmjesbccinwnzhdvkeajvbyatnj/Build/Products/Release-iphoneos/include -Xcc -I/Users/runner/Library/Developer/Xcode/DerivedData/SplatNative-dwmjesbccinwnzhdvkeajvbyatnj/Build/Intermediates.noindex/Msplat.build/Release-iphoneos/Msplat.build/DerivedSources-normal/arm64 -Xcc -I/Users/runner/Library/Developer/Xcode/DerivedData/SplatNative-dwmjesbccinwnzhdvkeajvbyatnj/Build/Intermediates.noindex/Msplat.build/Release-iphoneos/Msplat.build/DerivedSources/arm64 -Xcc -I/Users/runner/Library/Developer/Xcode/DerivedData/SplatNative-dwmjesbccinwnzhdvkeajvbyatnj/Build/Intermediates.noindex/Msplat.build/Release-iphoneos/Msplat.build/DerivedSources -Xcc -DSWIFT_PACKAGE -emit-objc-header -emit-objc-header-path /Users/runner/Library/Developer/Xcode/DerivedData/SplatNative-dwmjesbccinwnzhdvkeajvbyatnj/Build/Intermediates.noindex/Msplat.build/Release-iphoneos/Msplat.build/Objects-normal/arm64/Msplat-Swift.h -working-directory /Users/runner/work/ALLSUNDAY1122.github.io/ALLSUNDAY1122.github.io/splat-native-ios/SplatNative.xcodeproj -no-emit-module-separately-wmo

SwiftDriver IssueReporting normal arm64 com.apple.xcode.tools.swift.compiler (in target 'IssueReporting' from project 'xctest-dynamic-overlay')
    cd /Users/runner/work/ALLSUNDAY1122.github.io/ALLSUNDAY1122.github.io/splat-native-ios/SplatNative.xcodeproj
    builtin-SwiftDriver -- /Applications/Xcode_16.4.app/Contents/Developer/Toolchains/XcodeDefault.xctoolchain/usr/bin/swiftc -module-name IssueReporting -O -whole-module-optimization -enforce-exclusivity\=checked @/Users/runner/Library/Developer/Xcode/DerivedData/SplatNative-dwmjesbccinwnzhdvkeajvbyatnj/Build/Intermediates.noindex/xctest-dynamic-overlay.build/Release-iphoneos/IssueReporting.build/Objects-normal/arm64/IssueReporting.SwiftFileList -DSWIFT_PACKAGE -DXcode -enable-upcoming-feature ExistentialAny -enable-upcoming-feature ImmutableWeakCaptures -enable-upcoming-feature InferIsolatedConformances -enable-upcoming-feature InternalImportsByDefault -enable-upcoming-feature MemberImportVisibility -enable-upcoming-feature NonisolatedNonsendingByDefault -plugin-path /Applications/Xcode_16.4.app/Contents/Developer/Toolchains/XcodeDefault.xctoolchain/usr/lib/swift/host/plugins/testing -enable-experimental-feature DebugDescriptionMacro -sdk /Applications/Xcode_16.4.app/Contents/Developer/Platforms/iPhoneOS.platform/Developer/SDKs/iPhoneOS18.5.sdk -target arm64-apple-ios13.0 -g -module-cache-path /Users/runner/Library/Developer/Xcode/DerivedData/ModuleCache.noindex -Xfrontend -serialize-debugging-options -suppress-warnings -swift-version 6 -I /Users/runner/Library/Developer/Xcode/DerivedData/SplatNative-dwmjesbccinwnzhdvkeajvbyatnj/Build/Products/Release-iphoneos -I /Applications/Xcode_16.4.app/Contents/Developer/Platforms/iPhoneOS.platform/Developer/usr/lib -F /Users/runner/Library/Developer/Xcode/DerivedData/SplatNative-dwmjesbccinwnzhdvkeajvbyatnj/Build/Products/Release-iphoneos -F /Applications/Xcode_16.4.app/Contents/Developer/Platforms/iPhoneOS.platform/Developer/Library/Frameworks -F /Applications/Xcode_16.4.app/Contents/Developer/Platforms/iPhoneOS.platform/Developer/SDKs/iPhoneOS18.5.sdk/Developer/Library/Frameworks -c -num-threads 3 -Xcc -ivfsstatcache -Xcc /Users/runner/Library/Developer/Xcode/DerivedData/SDKStatCaches.noindex/iphoneos18.5-22F76-a529daf784b3616c7c04a36aeb7f5c05.sdkstatcache -output-file-map /Users/runner/Library/Developer/Xcode/DerivedData/SplatNative-dwmjesbccinwnzhdvkeajvbyatnj/Build/Intermediates.noindex/xctest-dynamic-overlay.build/Release-iphoneos/IssueReporting.build/Objects-normal/arm64/IssueReporting-OutputFileMap.json -use-frontend-parseable-output -save-temps -no-color-diagnostics -serialize-diagnostics -emit-dependencies -emit-module -emit-module-path /Users/runner/Library/Developer/Xcode/DerivedData/SplatNative-dwmjesbccinwnzhdvkeajvbyatnj/Build/Intermediates.noindex/xctest-dynamic-overlay.build/Release-iphoneos/IssueReporting.build/Objects-normal/arm64/IssueReporting.swiftmodule -user-module-version 1.13.1 -validate-clang-modules-once -clang-build-session-file /Users/runner/Library/Developer/Xcode/DerivedData/ModuleCache.noindex/Session.modulevalidation -package-name xctest_dynamic_overlay -Xcc -I/Users/runner/Library/Developer/Xcode/DerivedData/SplatNative-dwmjesbccinwnzhdvkeajvbyatnj/Build/Intermediates.noindex/xctest-dynamic-overlay.build/Release-iphoneos/IssueReporting.build/swift-overrides.hmap -emit-const-values -Xfrontend -const-gather-protocols-file -Xfrontend /Users/runner/Library/Developer/Xcode/DerivedData/SplatNative-dwmjesbccinwnzhdvkeajvbyatnj/Build/Intermediates.noindex/xctest-dynamic-overlay.build/Release-iphoneos/IssueReporting.build/Objects-normal/arm64/IssueReporting_const_extract_protocols.json -Xcc -I/Users/runner/Library/Developer/Xcode/DerivedData/SplatNative-dwmjesbccinwnzhdvkeajvbyatnj/Build/Products/Release-iphoneos/include -Xcc -I/Users/runner/Library/Developer/Xcode/DerivedData/SplatNative-dwmjesbccinwnzhdvkeajvbyatnj/Build/Intermediates.noindex/xctest-dynamic-overlay.build/Release-iphoneos/IssueReporting.build/DerivedSources-normal/arm64 -Xcc -I/Users/runner/Library/Developer/Xcode/DerivedData/SplatNative-dwmjesbccinwnzhdvkeajvbyatnj/Build/Intermediates.noindex/xctest-dynamic-overlay.build/Release-iphoneos/IssueReporting.build/DerivedSources/arm64 -Xcc -I/Users/runner/Library/Developer/Xcode/DerivedData/SplatNative-dwmjesbccinwnzhdvkeajvbyatnj/Build/Intermediates.noindex/xctest-dynamic-overlay.build/Release-iphoneos/IssueReporting.build/DerivedSources -Xcc -DSWIFT_PACKAGE -emit-objc-header -emit-objc-header-path /Users/runner/Library/Developer/Xcode/DerivedData/SplatNative-dwmjesbccinwnzhdvkeajvbyatnj/Build/Intermediates.noindex/xctest-dynamic-overlay.build/Release-iphoneos/IssueReporting.build/Objects-normal/arm64/IssueReporting-Swift.h -working-directory /Users/runner/work/ALLSUNDAY1122.github.io/ALLSUNDAY1122.github.io/splat-native-ios/SplatNative.xcodeproj -no-emit-module-separately-wmo

SwiftDriver HTTPTypes normal arm64 com.apple.xcode.tools.swift.compiler (in target 'HTTPTypes' from project 'swift-http-types')
    cd /Users/runner/work/ALLSUNDAY1122.github.io/ALLSUNDAY1122.github.io/splat-native-ios/SplatNative.xcodeproj
    builtin-SwiftDriver -- /Applications/Xcode_16.4.app/Contents/Developer/Toolchains/XcodeDefault.xctoolchain/usr/bin/swiftc -module-name HTTPTypes -O -whole-module-optimization -enforce-exclusivity\=checked @/Users/runner/Library/Developer/Xcode/DerivedData/SplatNative-dwmjesbccinwnzhdvkeajvbyatnj/Build/Intermediates.noindex/swift-http-types.build/Release-iphoneos/HTTPTypes.build/Objects-normal/arm64/HTTPTypes.SwiftFileList -DSWIFT_PACKAGE -DFoundationURL -DXcode -enable-upcoming-feature InternalImportsByDefault -enable-experimental-feature AvailabilityMacro\=HTTPTypes\ 1.0:\ macOS\ 10.0 -enable-experimental-feature AvailabilityMacro\=HTTPTypes\ 1.1:\ macOS\ 10.0 -enable-experimental-feature AvailabilityMacro\=HTTPTypes\ 1.2:\ macOS\ 10.0 -enable-experimental-feature AvailabilityMacro\=HTTPTypes\ 1.3:\ macOS\ 10.0 -enable-experimental-feature AvailabilityMacro\=HTTPTypes\ 1.6:\ macOS\ 10.0 -enable-experimental-feature AvailabilityMacro\=HTTPTypes\ 1.7:\ macOS\ 10.0 -enable-upcoming-feature MemberImportVisibility -plugin-path /Applications/Xcode_16.4.app/Contents/Developer/Toolchains/XcodeDefault.xctoolchain/usr/lib/swift/host/plugins/testing -enable-experimental-feature DebugDescriptionMacro -sdk /Applications/Xcode_16.4.app/Contents/Developer/Platforms/iPhoneOS.platform/Developer/SDKs/iPhoneOS18.5.sdk -target arm64-apple-ios12.0 -g -module-cache-path /Users/runner/Library/Developer/Xcode/DerivedData/ModuleCache.noindex -Xfrontend -serialize-debugging-options -suppress-warnings -swift-version 6 -I /Users/runner/Library/Developer/Xcode/DerivedData/SplatNative-dwmjesbccinwnzhdvkeajvbyatnj/Build/Products/Release-iphoneos -I /Applications/Xcode_16.4.app/Contents/Developer/Platforms/iPhoneOS.platform/Developer/usr/lib -F /Users/runner/Library/Developer/Xcode/DerivedData/SplatNative-dwmjesbccinwnzhdvkeajvbyatnj/Build/Products/Release-iphoneos -F /Applications/Xcode_16.4.app/Contents/Developer/Platforms/iPhoneOS.platform/Developer/Library/Frameworks -F /Applications/Xcode_16.4.app/Contents/Developer/Platforms/iPhoneOS.platform/Developer/SDKs/iPhoneOS18.5.sdk/Developer/Library/Frameworks -c -num-threads 3 -Xcc -ivfsstatcache -Xcc /Users/runner/Library/Developer/Xcode/DerivedData/SDKStatCaches.noindex/iphoneos18.5-22F76-a529daf784b3616c7c04a36aeb7f5c05.sdkstatcache -output-file-map /Users/runner/Library/Developer/Xcode/DerivedData/SplatNative-dwmjesbccinwnzhdvkeajvbyatnj/Build/Intermediates.noindex/swift-http-types.build/Release-iphoneos/HTTPTypes.build/Objects-normal/arm64/HTTPTypes-OutputFileMap.json -use-frontend-parseable-output -save-temps -no-color-diagnostics -serialize-diagnostics -emit-dependencies -emit-module -emit-module-path /Users/runner/Library/Developer/Xcode/DerivedData/SplatNative-dwmjesbccinwnzhdvkeajvbyatnj/Build/Intermediates.noindex/swift-http-types.build/Release-iphoneos/HTTPTypes.build/Objects-normal/arm64/HTTPTypes.swiftmodule -user-module-version 1.8.0 -validate-clang-modules-once -clang-build-session-file /Users/runner/Library/Developer/Xcode/DerivedData/ModuleCache.noindex/Session.modulevalidation -package-name swift_http_types -Xcc -I/Users/runner/Library/Developer/Xcode/DerivedData/SplatNative-dwmjesbccinwnzhdvkeajvbyatnj/Build/Intermediates.noindex/swift-http-types.build/Release-iphoneos/HTTPTypes.build/swift-overrides.hmap -emit-const-values -Xfrontend -const-gather-protocols-file -Xfrontend /Users/runner/Library/Developer/Xcode/DerivedData/SplatNative-dwmjesbccinwnzhdvkeajvbyatnj/Build/Intermediates.noindex/swift-http-types.build/Release-iphoneos/HTTPTypes.build/Objects-normal/arm64/HTTPTypes_const_extract_protocols.json -Xcc -I/Users/runner/Library/Developer/Xcode/DerivedData/SplatNative-dwmjesbccinwnzhdvkeajvbyatnj/Build/Products/Release-iphoneos/include -Xcc -I/Users/runner/Library/Developer/Xcode/DerivedData/SplatNative-dwmjesbccinwnzhdvkeajvbyatnj/Build/Intermediates.noindex/swift-http-types.build/Release-iphoneos/HTTPTypes.build/DerivedSources-normal/arm64 -Xcc -I/Users/runner/Library/Developer/Xcode/DerivedData/SplatNative-dwmjesbccinwnzhdvkeajvbyatnj/Build/Intermediates.noindex/swift-http-types.build/Release-iphoneos/HTTPTypes.build/DerivedSources/arm64 -Xcc -I/Users/runner/Library/Developer/Xcode/DerivedData/SplatNative-dwmjesbccinwnzhdvkeajvbyatnj/Build/Intermediates.noindex/swift-http-types.build/Release-iphoneos/HTTPTypes.build/DerivedSources -Xcc -DSWIFT_PACKAGE -emit-objc-header -emit-objc-header-path /Users/runner/Library/Developer/Xcode/DerivedData/SplatNative-dwmjesbccinwnzhdvkeajvbyatnj/Build/Intermediates.noindex/swift-http-types.build/Release-iphoneos/HTTPTypes.build/Objects-normal/arm64/HTTPTypes-Swift.h -working-directory /Users/runner/work/ALLSUNDAY1122.github.io/ALLSUNDAY1122.github.io/splat-native-ios/SplatNative.xcodeproj -no-emit-module-separately-wmo

SwiftDriver Crypto normal arm64 com.apple.xcode.tools.swift.compiler (in target 'Crypto' from project 'swift-crypto')
    cd /Users/runner/work/ALLSUNDAY1122.github.io/ALLSUNDAY1122.github.io/splat-native-ios/SplatNative.xcodeproj
    builtin-SwiftDriver -- /Applications/Xcode_16.4.app/Contents/Developer/Toolchains/XcodeDefault.xctoolchain/usr/bin/swiftc -module-name Crypto -O -whole-module-optimization -enforce-exclusivity\=checked @/Users/runner/Library/Developer/Xcode/DerivedData/SplatNative-dwmjesbccinwnzhdvkeajvbyatnj/Build/Intermediates.noindex/swift-crypto.build/Release-iphoneos/Crypto.build/Objects-normal/arm64/Crypto.SwiftFileList -DSWIFT_PACKAGE -DCRYPTO_IN_SWIFTPM -DXcode -enable-upcoming-feature MemberImportVisibility -plugin-path /Applications/Xcode_16.4.app/Contents/Developer/Toolchains/XcodeDefault.xctoolchain/usr/lib/swift/host/plugins/testing -enable-experimental-feature DebugDescriptionMacro -sdk /Applications/Xcode_16.4.app/Contents/Developer/Platforms/iPhoneOS.platform/Developer/SDKs/iPhoneOS18.5.sdk -target arm64-apple-ios12.0 -g -module-cache-path /Users/runner/Library/Developer/Xcode/DerivedData/ModuleCache.noindex -Xfrontend -serialize-debugging-options -suppress-warnings -swift-version 6 -I /Users/runner/Library/Developer/Xcode/DerivedData/SplatNative-dwmjesbccinwnzhdvkeajvbyatnj/Build/Products/Release-iphoneos -I /Applications/Xcode_16.4.app/Contents/Developer/Platforms/iPhoneOS.platform/Developer/usr/lib -F /Users/runner/Library/Developer/Xcode/DerivedData/SplatNative-dwmjesbccinwnzhdvkeajvbyatnj/Build/Products/Release-iphoneos -F /Applications/Xcode_16.4.app/Contents/Developer/Platforms/iPhoneOS.platform/Developer/Library/Frameworks -F /Applications/Xcode_16.4.app/Contents/Developer/Platforms/iPhoneOS.platform/Developer/SDKs/iPhoneOS18.5.sdk/Developer/Library/Frameworks -c -num-threads 3 -Xcc -ivfsstatcache -Xcc /Users/runner/Library/Developer/Xcode/DerivedData/SDKStatCaches.noindex/iphoneos18.5-22F76-a529daf784b3616c7c04a36aeb7f5c05.sdkstatcache -output-file-map /Users/runner/Library/Developer/Xcode/DerivedData/SplatNative-dwmjesbccinwnzhdvkeajvbyatnj/Build/Intermediates.noindex/swift-crypto.build/Release-iphoneos/Crypto.build/Objects-normal/arm64/Crypto-OutputFileMap.json -use-frontend-parseable-output -save-temps -no-color-diagnostics -serialize-diagnostics -emit-dependencies -emit-module -emit-module-path /Users/runner/Library/Developer/Xcode/DerivedData/SplatNative-dwmjesbccinwnzhdvkeajvbyatnj/Build/Intermediates.noindex/swift-crypto.build/Release-iphoneos/Crypto.build/Objects-normal/arm64/Crypto.swiftmodule -user-module-version 4.5.2 -validate-clang-modules-once -clang-build-session-file /Users/runner/Library/Developer/Xcode/DerivedData/ModuleCache.noindex/Session.modulevalidation -package-name swift_crypto -Xcc -I/Users/runner/Library/Developer/Xcode/DerivedData/SplatNative-dwmjesbccinwnzhdvkeajvbyatnj/Build/Intermediates.noindex/swift-crypto.build/Release-iphoneos/Crypto.build/swift-overrides.hmap -emit-const-values -Xfrontend -const-gather-protocols-file -Xfrontend /Users/runner/Library/Developer/Xcode/DerivedData/SplatNative-dwmjesbccinwnzhdvkeajvbyatnj/Build/Intermediates.noindex/swift-crypto.build/Release-iphoneos/Crypto.build/Objects-normal/arm64/Crypto_const_extract_protocols.json -Xcc -I/Users/runner/Library/Developer/Xcode/DerivedData/SplatNative-dwmjesbccinwnzhdvkeajvbyatnj/Build/Products/Release-iphoneos/include -Xcc -I/Users/runner/Library/Developer/Xcode/DerivedData/SplatNative-dwmjesbccinwnzhdvkeajvbyatnj/Build/Intermediates.noindex/swift-crypto.build/Release-iphoneos/Crypto.build/DerivedSources-normal/arm64 -Xcc -I/Users/runner/Library/Developer/Xcode/DerivedData/SplatNative-dwmjesbccinwnzhdvkeajvbyatnj/Build/Intermediates.noindex/swift-crypto.build/Release-iphoneos/Crypto.build/DerivedSources/arm64 -Xcc -I/Users/runner/Library/Developer/Xcode/DerivedData/SplatNative-dwmjesbccinwnzhdvkeajvbyatnj/Build/Intermediates.noindex/swift-crypto.build/Release-iphoneos/Crypto.build/DerivedSources -Xcc -DSWIFT_PACKAGE -emit-objc-header -emit-objc-header-path /Users/runner/Library/Developer/Xcode/DerivedData/SplatNative-dwmjesbccinwnzhdvkeajvbyatnj/Build/Intermediates.noindex/swift-crypto.build/Release-iphoneos/Crypto.build/Objects-normal/arm64/Crypto-Swift.h -working-directory /Users/runner/work/ALLSUNDAY1122.github.io/ALLSUNDAY1122.github.io/splat-native-ios/SplatNative.xcodeproj -no-emit-module-separately-wmo

SwiftCompile normal arm64 Compiling\ CoordinateSystem.swift,\ GaussianCloud.swift,\ GzipCompression.swift,\ MathHelpers.swift,\ PackedGaussians.swift,\ SPZLoader.swift,\ SPZSaver.swift /Users/runner/Library/Developer/Xcode/DerivedData/SplatNative-dwmjesbccinwnzhdvkeajvbyatnj/SourcePackages/checkouts/spz-swift/Sources/spz/CoordinateSystem.swift /Users/runner/Library/Developer/Xcode/DerivedData/SplatNative-dwmjesbccinwnzhdvkeajvbyatnj/SourcePackages/checkouts/spz-swift/Sources/spz/GaussianCloud.swift /Users/runner/Library/Developer/Xcode/DerivedData/SplatNative-dwmjesbccinwnzhdvkeajvbyatnj/SourcePackages/checkouts/spz-swift/Sources/spz/GzipCompression.swift /Users/runner/Library/Developer/Xcode/DerivedData/SplatNative-dwmjesbccinwnzhdvkeajvbyatnj/SourcePackages/checkouts/spz-swift/Sources/spz/MathHelpers.swift /Users/runner/Library/Developer/Xcode/DerivedData/SplatNative-dwmjesbccinwnzhdvkeajvbyatnj/SourcePackages/checkouts/spz-swift/Sources/spz/PackedGaussians.swift /Users/runner/Library/Developer/Xcode/DerivedData/SplatNative-dwmjesbccinwnzhdvkeajvbyatnj/SourcePackages/checkouts/spz-swift/Sources/spz/SPZLoader.swift /Users/runner/Library/Developer/Xcode/DerivedData/SplatNative-dwmjesbccinwnzhdvkeajvbyatnj/SourcePackages/checkouts/spz-swift/Sources/spz/SPZSaver.swift (in target 'spz' from project 'spz-swift')

CompileSwift normal arm64 (in target 'spz' from project 'spz-swift')
    cd /Users/runner/work/ALLSUNDAY1122.github.io/ALLSUNDAY1122.github.io/splat-native-ios/SplatNative.xcodeproj
    

SwiftCompile normal arm64 Compiling\ AsyncBufferingInputStream.swift,\ AsyncBufferingOutputStream.swift,\ BitPatternConvertible.swift,\ ByteWidthProviding.swift,\ DataConvertible.swift,\ PLYElement+ascii.swift,\ PLYElement+binary.swift,\ PLYElement.swift,\ PLYHeader+ascii.swift,\ PLYHeader.swift,\ PLYReader.swift,\ PLYWriter.swift,\ ReaderSource.swift,\ UnsafeRawPointerConvertible.swift,\ WriterDestination.swift /Users/runner/Library/Developer/Xcode/DerivedData/SplatNative-dwmjesbccinwnzhdvkeajvbyatnj/SourcePackages/checkouts/MetalSplatter/PLYIO/Sources/AsyncBufferingInputStream.swift /Users/runner/Library/Developer/Xcode/DerivedData/SplatNative-dwmjesbccinwnzhdvkeajvbyatnj/SourcePackages/checkouts/MetalSplatter/PLYIO/Sources/AsyncBufferingOutputStream.swift /Users/runner/Library/Developer/Xcode/DerivedData/SplatNative-dwmjesbccinwnzhdvkeajvbyatnj/SourcePackages/checkouts/MetalSplatter/PLYIO/Sources/BitPatternConvertible.swift /Users/runner/Library/Developer/Xcode/DerivedData/SplatNative-dwmjesbccinwnzhdvkeajvbyatnj/SourcePackages/checkouts/MetalSplatter/PLYIO/Sources/ByteWidthProviding.swift /Users/runner/Library/Developer/Xcode/DerivedData/SplatNative-dwmjesbccinwnzhdvkeajvbyatnj/SourcePackages/checkouts/MetalSplatter/PLYIO/Sources/DataConvertible.swift /Users/runner/Library/Developer/Xcode/DerivedData/SplatNative-dwmjesbccinwnzhdvkeajvbyatnj/SourcePackages/checkouts/MetalSplatter/PLYIO/Sources/PLYElement+ascii.swift /Users/runner/Library/Developer/Xcode/DerivedData/SplatNative-dwmjesbccinwnzhdvkeajvbyatnj/SourcePackages/checkouts/MetalSplatter/PLYIO/Sources/PLYElement+binary.swift /Users/runner/Library/Developer/Xcode/DerivedData/SplatNative-dwmjesbccinwnzhdvkeajvbyatnj/SourcePackages/checkouts/MetalSplatter/PLYIO/Sources/PLYElement.swift /Users/runner/Library/Developer/Xcode/DerivedData/SplatNative-dwmjesbccinwnzhdvkeajvbyatnj/SourcePackages/checkouts/MetalSplatter/PLYIO/Sources/PLYHeader+ascii.swift /Users/runner/Library/Developer/Xcode/DerivedData/SplatNative-dwmjesbccinwnzhdvkeajvbyatnj/SourcePackages/checkouts/MetalSplatter/PLYIO/Sources/PLYHeader.swift /Users/runner/Library/Developer/Xcode/DerivedData/SplatNative-dwmjesbccinwnzhdvkeajvbyatnj/SourcePackages/checkouts/MetalSplatter/PLYIO/Sources/PLYReader.swift /Users/runner/Library/Developer/Xcode/DerivedData/SplatNative-dwmjesbccinwnzhdvkeajvbyatnj/SourcePackages/checkouts/MetalSplatter/PLYIO/Sources/PLYWriter.swift /Users/runner/Library/Developer/Xcode/DerivedData/SplatNative-dwmjesbccinwnzhdvkeajvbyatnj/SourcePackages/checkouts/MetalSplatter/PLYIO/Sources/ReaderSource.swift /Users/runner/Library/Developer/Xcode/DerivedData/SplatNative-dwmjesbccinwnzhdvkeajvbyatnj/SourcePackages/checkouts/MetalSplatter/PLYIO/Sources/UnsafeRawPointerConvertible.swift /Users/runner/Library/Developer/Xcode/DerivedData/SplatNative-dwmjesbccinwnzhdvkeajvbyatnj/SourcePackages/checkouts/MetalSplatter/PLYIO/Sources/WriterDestination.swift (in target 'PLYIO' from project 'MetalSplatter')
CompileSwift normal arm64 (in target 'PLYIO' from project 'MetalSplatter')
    cd /Users/runner/work/ALLSUNDAY1122.github.io/ALLSUNDAY1122.github.io/splat-native-ios/SplatNative.xcodeproj
    

SwiftCompile normal arm64 Compiling\ resource_bundle_accessor.swift,\ GaussianDataset.swift,\ GaussianTrainer.swift,\ TrainingConfig.swift,\ TrainingStats.swift /Users/runner/Library/Developer/Xcode/DerivedData/SplatNative-dwmjesbccinwnzhdvkeajvbyatnj/Build/Intermediates.noindex/Msplat.build/Release-iphoneos/Msplat.build/DerivedSources/resource_bundle_accessor.swift /Users/runner/work/ALLSUNDAY1122.github.io/ALLSUNDAY1122.github.io/splat-native-ios/Packages/MsplatMemory/Sources/Msplat/GaussianDataset.swift /Users/runner/work/ALLSUNDAY1122.github.io/ALLSUNDAY1122.github.io/splat-native-ios/Packages/MsplatMemory/Sources/Msplat/GaussianTrainer.swift /Users/runner/work/ALLSUNDAY1122.github.io/ALLSUNDAY1122.github.io/splat-native-ios/Packages/MsplatMemory/Sources/Msplat/TrainingConfig.swift /Users/runner/work/ALLSUNDAY1122.github.io/ALLSUNDAY1122.github.io/splat-native-ios/Packages/MsplatMemory/Sources/Msplat/TrainingStats.swift (in target 'Msplat' from project 'Msplat')

CompileSwift normal arm64 (in target 'Msplat' from project 'Msplat')
    cd /Users/runner/work/ALLSUNDAY1122.github.io/ALLSUNDAY1122.github.io/splat-native-ios/SplatNative.xcodeproj
    

SwiftCompile normal arm64 Compiling\ ErrorReporting.swift,\ AppHostWarning.swift,\ Deprecations.swift,\ FailureObserver.swift,\ LockIsolated.swift,\ Rethrows.swift,\ SwiftTesting.swift,\ UncheckedSendable.swift,\ Warn.swift,\ XCTest.swift,\ IsTesting.swift,\ IssueReporter.swift,\ BreakpointReporter.swift,\ DefaultReporter.swift,\ FatalErrorReporter.swift,\ IssueSeverity.swift,\ ReportIssue.swift,\ _Test.swift,\ TestContext.swift,\ Unimplemented.swift,\ WithExpectedIssue.swift,\ WithIssueContext.swift /Users/runner/Library/Developer/Xcode/DerivedData/SplatNative-dwmjesbccinwnzhdvkeajvbyatnj/SourcePackages/checkouts/xctest-dynamic-overlay/Sources/IssueReporting/ErrorReporting.swift /Users/runner/Library/Developer/Xcode/DerivedData/SplatNative-dwmjesbccinwnzhdvkeajvbyatnj/SourcePackages/checkouts/xctest-dynamic-overlay/Sources/IssueReporting/Internal/AppHostWarning.swift /Users/runner/Library/Developer/Xcode/DerivedData/SplatNative-dwmjesbccinwnzhdvkeajvbyatnj/SourcePackages/checkouts/xctest-dynamic-overlay/Sources/IssueReporting/Internal/Deprecations.swift /Users/runner/Library/Developer/Xcode/DerivedData/SplatNative-dwmjesbccinwnzhdvkeajvbyatnj/SourcePackages/checkouts/xctest-dynamic-overlay/Sources/IssueReporting/Internal/FailureObserver.swift /Users/runner/Library/Developer/Xcode/DerivedData/SplatNative-dwmjesbccinwnzhdvkeajvbyatnj/SourcePackages/checkouts/xctest-dynamic-overlay/Sources/IssueReporting/Internal/LockIsolated.swift /Users/runner/Library/Developer/Xcode/DerivedData/SplatNative-dwmjesbccinwnzhdvkeajvbyatnj/SourcePackages/checkouts/xctest-dynamic-overlay/Sources/IssueReporting/Internal/Rethrows.swift /Users/runner/Library/Developer/Xcode/DerivedData/SplatNative-dwmjesbccinwnzhdvkeajvbyatnj/SourcePackages/checkouts/xctest-dynamic-overlay/Sources/IssueReporting/Internal/SwiftTesting.swift /Users/runner/Library/Developer/Xcode/DerivedData/SplatNative-dwmjesbccinwnzhdvkeajvbyatnj/SourcePackages/checkouts/xctest-dynamic-overlay/Sources/IssueReporting/Internal/UncheckedSendable.swift /Users/runner/Library/Developer/Xcode/DerivedData/SplatNative-dwmjesbccinwnzhdvkeajvbyatnj/SourcePackages/checkouts/xctest-dynamic-overlay/Sources/IssueReporting/Internal/Warn.swift /Users/runner/Library/Developer/Xcode/DerivedData/SplatNative-dwmjesbccinwnzhdvkeajvbyatnj/SourcePackages/checkouts/xctest-dynamic-overlay/Sources/IssueReporting/Internal/XCTest.swift /Users/runner/Library/Developer/Xcode/DerivedData/SplatNative-dwmjesbccinwnzhdvkeajvbyatnj/SourcePackages/checkouts/xctest-dynamic-overlay/Sources/IssueReporting/IsTesting.swift /Users/runner/Library/Developer/Xcode/DerivedData/SplatNative-dwmjesbccinwnzhdvkeajvbyatnj/SourcePackages/checkouts/xctest-dynamic-overlay/Sources/IssueReporting/IssueReporter.swift /Users/runner/Library/Developer/Xcode/DerivedData/SplatNative-dwmjesbccinwnzhdvkeajvbyatnj/SourcePackages/checkouts/xctest-dynamic-overlay/Sources/IssueReporting/IssueReporters/BreakpointReporter.swift /Users/runner/Library/Developer/Xcode/DerivedData/SplatNative-dwmjesbccinwnzhdvkeajvbyatnj/SourcePackages/checkouts/xctest-dynamic-overlay/Sources/IssueReporting/IssueReporters/DefaultReporter.swift /Users/runner/Library/Developer/Xcode/DerivedData/SplatNative-dwmjesbccinwnzhdvkeajvbyatnj/SourcePackages/checkouts/xctest-dynamic-overlay/Sources/IssueReporting/IssueReporters/FatalErrorReporter.swift /Users/runner/Library/Developer/Xcode/DerivedData/SplatNative-dwmjesbccinwnzhdvkeajvbyatnj/SourcePackages/checkouts/xctest-dynamic-overlay/Sources/IssueReporting/IssueSeverity.swift /Users/runner/Library/Developer/Xcode/DerivedData/SplatNative-dwmjesbccinwnzhdvkeajvbyatnj/SourcePackages/checkouts/xctest-dynamic-overlay/Sources/IssueReporting/ReportIssue.swift /Users/runner/Library/Developer/Xcode/DerivedData/SplatNative-dwmjesbccinwnzhdvkeajvbyatnj/SourcePackages/checkouts/xctest-dynamic-overlay/Sources/IssueReporting/Symbolic\ Links/IssueReportingPackageSupport/_Test.swift /Users/runner/Library/Developer/Xcode/DerivedData/SplatNative-dwmjesbccinwnzhdvkeajvbyatnj/SourcePackages/checkouts/xctest-dynamic-overlay/Sources/IssueReporting/TestContext.swift /Users/runner/Library/Developer/Xcode/DerivedData/SplatNative-dwmjesbccinwnzhdvkeajvbyatnj/SourcePackages/checkouts/xctest-dynamic-overlay/Sources/IssueReporting/Unimplemented.swift /Users/runner/Library/Developer/Xcode/DerivedData/SplatNative-dwmjesbccinwnzhdvkeajvbyatnj/SourcePackages/checkouts/xctest-dynamic-overlay/Sources/IssueReporting/WithExpectedIssue.swift /Users/runner/Library/Developer/Xcode/DerivedData/SplatNative-dwmjesbccinwnzhdvkeajvbyatnj/SourcePackages/checkouts/xctest-dynamic-overlay/Sources/IssueReporting/WithIssueContext.swift (in target 'IssueReporting' from project 'xctest-dynamic-overlay')

CompileSwift normal arm64 (in target 'IssueReporting' from project 'xctest-dynamic-overlay')
    cd /Users/runner/work/ALLSUNDAY1122.github.io/ALLSUNDAY1122.github.io/splat-native-ios/SplatNative.xcodeproj
    

SwiftDriverJobDiscovery normal arm64 Compiling resource_bundle_accessor.swift, GaussianDataset.swift, GaussianTrainer.swift, TrainingConfig.swift, TrainingStats.swift (in target 'Msplat' from project 'Msplat')

SwiftDriver\ Compilation\ Requirements Msplat normal arm64 com.apple.xcode.tools.swift.compiler (in target 'Msplat' from project 'Msplat')
    cd /Users/runner/work/ALLSUNDAY1122.github.io/ALLSUNDAY1122.github.io/splat-native-ios/SplatNative.xcodeproj
    builtin-Swift-Compilation-Requirements -- /Applications/Xcode_16.4.app/Contents/Developer/Toolchains/XcodeDefault.xctoolchain/usr/bin/swiftc -module-name Msplat -O -whole-module-optimization -enforce-exclusivity\=checked @/Users/runner/Library/Developer/Xcode/DerivedData/SplatNative-dwmjesbccinwnzhdvkeajvbyatnj/Build/Intermediates.noindex/Msplat.build/Release-iphoneos/Msplat.build/Objects-normal/arm64/Msplat.SwiftFileList -DSWIFT_PACKAGE -Xcc -fmodule-map-file\=/Users/runner/Library/Developer/Xcode/DerivedData/SplatNative-dwmjesbccinwnzhdvkeajvbyatnj/Build/Intermediates.noindex/GeneratedModuleMaps-iphoneos/MsplatCore.modulemap -DXcode -plugin-path /Applications/Xcode_16.4.app/Contents/Developer/Toolchains/XcodeDefault.xctoolchain/usr/lib/swift/host/plugins/testing -enable-experimental-feature DebugDescriptionMacro -sdk /Applications/Xcode_16.4.app/Contents/Developer/Platforms/iPhoneOS.platform/Developer/SDKs/iPhoneOS18.5.sdk -target arm64-apple-ios18.0 -g -module-cache-path /Users/runner/Library/Developer/Xcode/DerivedData/ModuleCache.noindex -Xfrontend -serialize-debugging-options -swift-version 6 -I /Users/runner/Library/Developer/Xcode/DerivedData/SplatNative-dwmjesbccinwnzhdvkeajvbyatnj/Build/Products/Release-iphoneos -I /Applications/Xcode_16.4.app/Contents/Developer/Platforms/iPhoneOS.platform/Developer/usr/lib -F /Users/runner/Library/Developer/Xcode/DerivedData/SplatNative-dwmjesbccinwnzhdvkeajvbyatnj/Build/Products/Release-iphoneos/PackageFrameworks -F /Users/runner/Library/Developer/Xcode/DerivedData/SplatNative-dwmjesbccinwnzhdvkeajvbyatnj/Build/Products/Release-iphoneos -F /Applications/Xcode_16.4.app/Contents/Developer/Platforms/iPhoneOS.platform/Developer/Library/Frameworks -F /Applications/Xcode_16.4.app/Contents/Developer/Platforms/iPhoneOS.platform/Developer/SDKs/iPhoneOS18.5.sdk/Developer/Library/Frameworks -c -num-threads 3 -Xcc -ivfsstatcache -Xcc /Users/runner/Library/Developer/Xcode/DerivedData/SDKStatCaches.noindex/iphoneos18.5-22F76-a529daf784b3616c7c04a36aeb7f5c05.sdkstatcache -output-file-map /Users/runner/Library/Developer/Xcode/DerivedData/SplatNative-dwmjesbccinwnzhdvkeajvbyatnj/Build/Intermediates.noindex/Msplat.build/Release-iphoneos/Msplat.build/Objects-normal/arm64/Msplat-OutputFileMap.json -use-frontend-parseable-output -save-temps -no-color-diagnostics -serialize-diagnostics -emit-dependencies -emit-module -emit-module-path /Users/runner/Library/Developer/Xcode/DerivedData/SplatNative-dwmjesbccinwnzhdvkeajvbyatnj/Build/Intermediates.noindex/Msplat.build/Release-iphoneos/Msplat.build/Objects-normal/arm64/Msplat.swiftmodule -validate-clang-modules-once -clang-build-session-file /Users/runner/Library/Developer/Xcode/DerivedData/ModuleCache.noindex/Session.modulevalidation -package-name msplatmemory -Xcc -I/Users/runner/Library/Developer/Xcode/DerivedData/SplatNative-dwmjesbccinwnzhdvkeajvbyatnj/Build/Intermediates.noindex/Msplat.build/Release-iphoneos/Msplat.build/swift-overrides.hmap -emit-const-values -Xfrontend -const-gather-protocols-file -Xfrontend /Users/runner/Library/Developer/Xcode/DerivedData/SplatNative-dwmjesbccinwnzhdvkeajvbyatnj/Build/Intermediates.noindex/Msplat.build/Release-iphoneos/Msplat.build/Objects-normal/arm64/Msplat_const_extract_protocols.json -Xcc -I/Users/runner/work/ALLSUNDAY1122.github.io/ALLSUNDAY1122.github.io/splat-native-ios/Packages/MsplatMemory/Sources/MsplatCore/include -Xcc -I/Users/runner/Library/Developer/Xcode/DerivedData/SplatNative-dwmjesbccinwnzhdvkeajvbyatnj/Build/Products/Release-iphoneos/include -Xcc -I/Users/runner/Library/Developer/Xcode/DerivedData/SplatNative-dwmjesbccinwnzhdvkeajvbyatnj/Build/Intermediates.noindex/Msplat.build/Release-iphoneos/Msplat.build/DerivedSources-normal/arm64 -Xcc -I/Users/runner/Library/Developer/Xcode/DerivedData/SplatNative-dwmjesbccinwnzhdvkeajvbyatnj/Build/Intermediates.noindex/Msplat.build/Release-iphoneos/Msplat.build/DerivedSources/arm64 -Xcc -I/Users/runner/Library/Developer/Xcode/DerivedData/SplatNative-dwmjesbccinwnzhdvkeajvbyatnj/Build/Intermediates.noindex/Msplat.build/Release-iphoneos/Msplat.build/DerivedSources -Xcc -DSWIFT_PACKAGE -emit-objc-header -emit-objc-header-path /Users/runner/Library/Developer/Xcode/DerivedData/SplatNative-dwmjesbccinwnzhdvkeajvbyatnj/Build/Intermediates.noindex/Msplat.build/Release-iphoneos/Msplat.build/Objects-normal/arm64/Msplat-Swift.h -working-directory /Users/runner/work/ALLSUNDAY1122.github.io/ALLSUNDAY1122.github.io/splat-native-ios/SplatNative.xcodeproj -no-emit-module-separately-wmo

SwiftDriverJobDiscovery normal arm64 Compiling CoordinateSystem.swift, GaussianCloud.swift, GzipCompression.swift, MathHelpers.swift, PackedGaussians.swift, SPZLoader.swift, SPZSaver.swift (in target 'spz' from project 'spz-swift')

SwiftCompile normal arm64 Compiling\ HTTP2ErrorCode.swift,\ HTTP3ErrorCode.swift,\ HTTPField.swift,\ HTTPFieldName.swift,\ HTTPFieldValue.swift,\ HTTPFields.swift,\ HTTPParsedFields.swift,\ HTTPRequest+URL.swift,\ HTTPRequest.swift,\ HTTPResponse.swift /Users/runner/Library/Developer/Xcode/DerivedData/SplatNative-dwmjesbccinwnzhdvkeajvbyatnj/SourcePackages/checkouts/swift-http-types/Sources/HTTPTypes/HTTP2ErrorCode.swift /Users/runner/Library/Developer/Xcode/DerivedData/SplatNative-dwmjesbccinwnzhdvkeajvbyatnj/SourcePackages/checkouts/swift-http-types/Sources/HTTPTypes/HTTP3ErrorCode.swift /Users/runner/Library/Developer/Xcode/DerivedData/SplatNative-dwmjesbccinwnzhdvkeajvbyatnj/SourcePackages/checkouts/swift-http-types/Sources/HTTPTypes/HTTPField.swift /Users/runner/Library/Developer/Xcode/DerivedData/SplatNative-dwmjesbccinwnzhdvkeajvbyatnj/SourcePackages/checkouts/swift-http-types/Sources/HTTPTypes/HTTPFieldName.swift /Users/runner/Library/Developer/Xcode/DerivedData/SplatNative-dwmjesbccinwnzhdvkeajvbyatnj/SourcePackages/checkouts/swift-http-types/Sources/HTTPTypes/HTTPFieldValue.swift /Users/runner/Library/Developer/Xcode/DerivedData/SplatNative-dwmjesbccinwnzhdvkeajvbyatnj/SourcePackages/checkouts/swift-http-types/Sources/HTTPTypes/HTTPFields.swift /Users/runner/Library/Developer/Xcode/DerivedData/SplatNative-dwmjesbccinwnzhdvkeajvbyatnj/SourcePackages/checkouts/swift-http-types/Sources/HTTPTypes/HTTPParsedFields.swift /Users/runner/Library/Developer/Xcode/DerivedData/SplatNative-dwmjesbccinwnzhdvkeajvbyatnj/SourcePackages/checkouts/swift-http-types/Sources/HTTPTypes/HTTPRequest+URL.swift /Users/runner/Library/Developer/Xcode/DerivedData/SplatNative-dwmjesbccinwnzhdvkeajvbyatnj/SourcePackages/checkouts/swift-http-types/Sources/HTTPTypes/HTTPRequest.swift /Users/runner/Library/Developer/Xcode/DerivedData/SplatNative-dwmjesbccinwnzhdvkeajvbyatnj/SourcePackages/checkouts/swift-http-types/Sources/HTTPTypes/HTTPResponse.swift (in target 'HTTPTypes' from project 'swift-http-types')
CompileSwift normal arm64 (in target 'HTTPTypes' from project 'swift-http-types')
    cd /Users/runner/work/ALLSUNDAY1122.github.io/ALLSUNDAY1122.github.io/splat-native-ios/SplatNative.xcodeproj
    

SwiftDriver\ Compilation\ Requirements spz normal arm64 com.apple.xcode.tools.swift.compiler (in target 'spz' from project 'spz-swift')
    cd /Users/runner/work/ALLSUNDAY1122.github.io/ALLSUNDAY1122.github.io/splat-native-ios/SplatNative.xcodeproj
    builtin-Swift-Compilation-Requirements -- /Applications/Xcode_16.4.app/Contents/Developer/Toolchains/XcodeDefault.xctoolchain/usr/bin/swiftc -module-name spz -O -whole-module-optimization -enforce-exclusivity\=checked @/Users/runner/Library/Developer/Xcode/DerivedData/SplatNative-dwmjesbccinwnzhdvkeajvbyatnj/Build/Intermediates.noindex/spz-swift.build/Release-iphoneos/spz.build/Objects-normal/arm64/spz.SwiftFileList -DSWIFT_PACKAGE -DXcode -plugin-path /Applications/Xcode_16.4.app/Contents/Developer/Toolchains/XcodeDefault.xctoolchain/usr/lib/swift/host/plugins/testing -enable-experimental-feature DebugDescriptionMacro -sdk /Applications/Xcode_16.4.app/Contents/Developer/Platforms/iPhoneOS.platform/Developer/SDKs/iPhoneOS18.5.sdk -target arm64-apple-ios17.0 -g -module-cache-path /Users/runner/Library/Developer/Xcode/DerivedData/ModuleCache.noindex -Xfrontend -serialize-debugging-options -suppress-warnings -swift-version 5 -I /Users/runner/Library/Developer/Xcode/DerivedData/SplatNative-dwmjesbccinwnzhdvkeajvbyatnj/Build/Products/Release-iphoneos -I /Applications/Xcode_16.4.app/Contents/Developer/Platforms/iPhoneOS.platform/Developer/usr/lib -F /Users/runner/Library/Developer/Xcode/DerivedData/SplatNative-dwmjesbccinwnzhdvkeajvbyatnj/Build/Products/Release-iphoneos -F /Applications/Xcode_16.4.app/Contents/Developer/Platforms/iPhoneOS.platform/Developer/Library/Frameworks -F /Applications/Xcode_16.4.app/Contents/Developer/Platforms/iPhoneOS.platform/Developer/SDKs/iPhoneOS18.5.sdk/Developer/Library/Frameworks -c -num-threads 3 -Xcc -ivfsstatcache -Xcc /Users/runner/Library/Developer/Xcode/DerivedData/SDKStatCaches.noindex/iphoneos18.5-22F76-a529daf784b3616c7c04a36aeb7f5c05.sdkstatcache -output-file-map /Users/runner/Library/Developer/Xcode/DerivedData/SplatNative-dwmjesbccinwnzhdvkeajvbyatnj/Build/Intermediates.noindex/spz-swift.build/Release-iphoneos/spz.build/Objects-normal/arm64/spz-OutputFileMap.json -use-frontend-parseable-output -save-temps -no-color-diagnostics -serialize-diagnostics -emit-dependencies -emit-module -emit-module-path /Users/runner/Library/Developer/Xcode/DerivedData/SplatNative-dwmjesbccinwnzhdvkeajvbyatnj/Build/Intermediates.noindex/spz-swift.build/Release-iphoneos/spz.build/Objects-normal/arm64/spz.swiftmodule -validate-clang-modules-once -clang-build-session-file /Users/runner/Library/Developer/Xcode/DerivedData/ModuleCache.noindex/Session.modulevalidation -package-name spz_swift -Xcc -I/Users/runner/Library/Developer/Xcode/DerivedData/SplatNative-dwmjesbccinwnzhdvkeajvbyatnj/Build/Intermediates.noindex/spz-swift.build/Release-iphoneos/spz.build/swift-overrides.hmap -emit-const-values -Xfrontend -const-gather-protocols-file -Xfrontend /Users/runner/Library/Developer/Xcode/DerivedData/SplatNative-dwmjesbccinwnzhdvkeajvbyatnj/Build/Intermediates.noindex/spz-swift.build/Release-iphoneos/spz.build/Objects-normal/arm64/spz_const_extract_protocols.json -Xcc -I/Users/runner/Library/Developer/Xcode/DerivedData/SplatNative-dwmjesbccinwnzhdvkeajvbyatnj/Build/Products/Release-iphoneos/include -Xcc -I/Users/runner/Library/Developer/Xcode/DerivedData/SplatNative-dwmjesbccinwnzhdvkeajvbyatnj/Build/Intermediates.noindex/spz-swift.build/Release-iphoneos/spz.build/DerivedSources-normal/arm64 -Xcc -I/Users/runner/Library/Developer/Xcode/DerivedData/SplatNative-dwmjesbccinwnzhdvkeajvbyatnj/Build/Intermediates.noindex/spz-swift.build/Release-iphoneos/spz.build/DerivedSources/arm64 -Xcc -I/Users/runner/Library/Developer/Xcode/DerivedData/SplatNative-dwmjesbccinwnzhdvkeajvbyatnj/Build/Intermediates.noindex/spz-swift.build/Release-iphoneos/spz.build/DerivedSources -Xcc -DSWIFT_PACKAGE -emit-objc-header -emit-objc-header-path /Users/runner/Library/Developer/Xcode/DerivedData/SplatNative-dwmjesbccinwnzhdvkeajvbyatnj/Build/Intermediates.noindex/spz-swift.build/Release-iphoneos/spz.build/Objects-normal/arm64/spz-Swift.h -working-directory /Users/runner/work/ALLSUNDAY1122.github.io/ALLSUNDAY1122.github.io/splat-native-ios/SplatNative.xcodeproj -no-emit-module-separately-wmo

SwiftDriverJobDiscovery normal arm64 Compiling ErrorReporting.swift, AppHostWarning.swift, Deprecations.swift, FailureObserver.swift, LockIsolated.swift, Rethrows.swift, SwiftTesting.swift, UncheckedSendable.swift, Warn.swift, XCTest.swift, IsTesting.swift, IssueReporter.swift, BreakpointReporter.swift, DefaultReporter.swift, FatalErrorReporter.swift, IssueSeverity.swift, ReportIssue.swift, _Test.swift, TestContext.swift, Unimplemented.swift, WithExpectedIssue.swift, WithIssueContext.swift (in target 'IssueReporting' from project 'xctest-dynamic-overlay')

SwiftMergeGeneratedHeaders /Users/runner/Library/Developer/Xcode/DerivedData/SplatNative-dwmjesbccinwnzhdvkeajvbyatnj/Build/Intermediates.noindex/GeneratedModuleMaps-iphoneos/Msplat-Swift.h /Users/runner/Library/Developer/Xcode/DerivedData/SplatNative-dwmjesbccinwnzhdvkeajvbyatnj/Build/Intermediates.noindex/Msplat.build/Release-iphoneos/Msplat.build/Objects-normal/arm64/Msplat-Swift.h (in target 'Msplat' from project 'Msplat')
    cd /Users/runner/work/ALLSUNDAY1122.github.io/ALLSUNDAY1122.github.io/splat-native-ios/Packages/MsplatMemory
    builtin-swiftHeaderTool -arch arm64 /Users/runner/Library/Developer/Xcode/DerivedData/SplatNative-dwmjesbccinwnzhdvkeajvbyatnj/Build/Intermediates.noindex/Msplat.build/Release-iphoneos/Msplat.build/Objects-normal/arm64/Msplat-Swift.h -o /Users/runner/Library/Developer/Xcode/DerivedData/SplatNative-dwmjesbccinwnzhdvkeajvbyatnj/Build/Intermediates.noindex/GeneratedModuleMaps-iphoneos/Msplat-Swift.h

SwiftMergeGeneratedHeaders /Users/runner/Library/Developer/Xcode/DerivedData/SplatNative-dwmjesbccinwnzhdvkeajvbyatnj/Build/Intermediates.noindex/GeneratedModuleMaps-iphoneos/spz-Swift.h /Users/runner/Library/Developer/Xcode/DerivedData/SplatNative-dwmjesbccinwnzhdvkeajvbyatnj/Build/Intermediates.noindex/spz-swift.build/Release-iphoneos/spz.build/Objects-normal/arm64/spz-Swift.h (in target 'spz' from project 'spz-swift')
    cd /Users/runner/Library/Developer/Xcode/DerivedData/SplatNative-dwmjesbccinwnzhdvkeajvbyatnj/SourcePackages/checkouts/spz-swift
    builtin-swiftHeaderTool -arch arm64 /Users/runner/Library/Developer/Xcode/DerivedData/SplatNative-dwmjesbccinwnzhdvkeajvbyatnj/Build/Intermediates.noindex/spz-swift.build/Release-iphoneos/spz.build/Objects-normal/arm64/spz-Swift.h -o /Users/runner/Library/Developer/Xcode/DerivedData/SplatNative-dwmjesbccinwnzhdvkeajvbyatnj/Build/Intermediates.noindex/GeneratedModuleMaps-iphoneos/spz-Swift.h

Copy /Users/runner/Library/Developer/Xcode/DerivedData/SplatNative-dwmjesbccinwnzhdvkeajvbyatnj/Build/Products/Release-iphoneos/spz.swiftmodule/arm64-apple-ios.swiftmodule /Users/runner/Library/Developer/Xcode/DerivedData/SplatNative-dwmjesbccinwnzhdvkeajvbyatnj/Build/Intermediates.noindex/spz-swift.build/Release-iphoneos/spz.build/Objects-normal/arm64/spz.swiftmodule (in target 'spz' from project 'spz-swift')
    cd /Users/runner/Library/Developer/Xcode/DerivedData/SplatNative-dwmjesbccinwnzhdvkeajvbyatnj/SourcePackages/checkouts/spz-swift
    builtin-copy -exclude .DS_Store -exclude CVS -exclude .svn -exclude .git -exclude .hg -strip-unsigned-binaries -strip-deterministic -strip-tool /Applications/Xcode_16.4.app/Contents/Developer/Toolchains/XcodeDefault.xctoolchain/usr/bin/strip -resolve-src-symlinks -rename /Users/runner/Library/Developer/Xcode/DerivedData/SplatNative-dwmjesbccinwnzhdvkeajvbyatnj/Build/Intermediates.noindex/spz-swift.build/Release-iphoneos/spz.build/Objects-normal/arm64/spz.swiftmodule /Users/runner/Library/Developer/Xcode/DerivedData/SplatNative-dwmjesbccinwnzhdvkeajvbyatnj/Build/Products/Release-iphoneos/spz.swiftmodule/arm64-apple-ios.swiftmodule

Copy /Users/runner/Library/Developer/Xcode/DerivedData/SplatNative-dwmjesbccinwnzhdvkeajvbyatnj/Build/Products/Release-iphoneos/spz.swiftmodule/arm64-apple-ios.swiftdoc /Users/runner/Library/Developer/Xcode/DerivedData/SplatNative-dwmjesbccinwnzhdvkeajvbyatnj/Build/Intermediates.noindex/spz-swift.build/Release-iphoneos/spz.build/Objects-normal/arm64/spz.swiftdoc (in target 'spz' from project 'spz-swift')
    cd /Users/runner/Library/Developer/Xcode/DerivedData/SplatNative-dwmjesbccinwnzhdvkeajvbyatnj/SourcePackages/checkouts/spz-swift
    builtin-copy -exclude .DS_Store -exclude CVS -exclude .svn -exclude .git -exclude .hg -strip-unsigned-binaries -strip-deterministic -strip-tool /Applications/Xcode_16.4.app/Contents/Developer/Toolchains/XcodeDefault.xctoolchain/usr/bin/strip -resolve-src-symlinks -rename /Users/runner/Library/Developer/Xcode/DerivedData/SplatNative-dwmjesbccinwnzhdvkeajvbyatnj/Build/Intermediates.noindex/spz-swift.build/Release-iphoneos/spz.build/Objects-normal/arm64/spz.swiftdoc /Users/runner/Library/Developer/Xcode/DerivedData/SplatNative-dwmjesbccinwnzhdvkeajvbyatnj/Build/Products/Release-iphoneos/spz.swiftmodule/arm64-apple-ios.swiftdoc

Copy /Users/runner/Library/Developer/Xcode/DerivedData/SplatNative-dwmjesbccinwnzhdvkeajvbyatnj/Build/Products/Release-iphoneos/spz.swiftmodule/arm64-apple-ios.abi.json /Users/runner/Library/Developer/Xcode/DerivedData/SplatNative-dwmjesbccinwnzhdvkeajvbyatnj/Build/Intermediates.noindex/spz-swift.build/Release-iphoneos/spz.build/Objects-normal/arm64/spz.abi.json (in target 'spz' from project 'spz-swift')
    cd /Users/runner/Library/Developer/Xcode/DerivedData/SplatNative-dwmjesbccinwnzhdvkeajvbyatnj/SourcePackages/checkouts/spz-swift
    builtin-copy -exclude .DS_Store -exclude CVS -exclude .svn -exclude .git -exclude .hg -strip-unsigned-binaries -strip-deterministic -strip-tool /Applications/Xcode_16.4.app/Contents/Developer/Toolchains/XcodeDefault.xctoolchain/usr/bin/strip -resolve-src-symlinks -rename /Users/runner/Library/Developer/Xcode/DerivedData/SplatNative-dwmjesbccinwnzhdvkeajvbyatnj/Build/Intermediates.noindex/spz-swift.build/Release-iphoneos/spz.build/Objects-normal/arm64/spz.abi.json /Users/runner/Library/Developer/Xcode/DerivedData/SplatNative-dwmjesbccinwnzhdvkeajvbyatnj/Build/Products/Release-iphoneos/spz.swiftmodule/arm64-apple-ios.abi.json

Copy /Users/runner/Library/Developer/Xcode/DerivedData/SplatNative-dwmjesbccinwnzhdvkeajvbyatnj/Build/Products/Release-iphoneos/spz.swiftmodule/Project/arm64-apple-ios.swiftsourceinfo /Users/runner/Library/Developer/Xcode/DerivedData/SplatNative-dwmjesbccinwnzhdvkeajvbyatnj/Build/Intermediates.noindex/spz-swift.build/Release-iphoneos/spz.build/Objects-normal/arm64/spz.swiftsourceinfo (in target 'spz' from project 'spz-swift')
    cd /Users/runner/Library/Developer/Xcode/DerivedData/SplatNative-dwmjesbccinwnzhdvkeajvbyatnj/SourcePackages/checkouts/spz-swift
    builtin-copy -exclude .DS_Store -exclude CVS -exclude .svn -exclude .git -exclude .hg -strip-unsigned-binaries -strip-deterministic -strip-tool /Applications/Xcode_16.4.app/Contents/Developer/Toolchains/XcodeDefault.xctoolchain/usr/bin/strip -resolve-src-symlinks -rename /Users/runner/Library/Developer/Xcode/DerivedData/SplatNative-dwmjesbccinwnzhdvkeajvbyatnj/Build/Intermediates.noindex/spz-swift.build/Release-iphoneos/spz.build/Objects-normal/arm64/spz.swiftsourceinfo /Users/runner/Library/Developer/Xcode/DerivedData/SplatNative-dwmjesbccinwnzhdvkeajvbyatnj/Build/Products/Release-iphoneos/spz.swiftmodule/Project/arm64-apple-ios.swiftsourceinfo

Copy /Users/runner/Library/Developer/Xcode/DerivedData/SplatNative-dwmjesbccinwnzhdvkeajvbyatnj/Build/Products/Release-iphoneos/Msplat.swiftmodule/arm64-apple-ios.swiftmodule /Users/runner/Library/Developer/Xcode/DerivedData/SplatNative-dwmjesbccinwnzhdvkeajvbyatnj/Build/Intermediates.noindex/Msplat.build/Release-iphoneos/Msplat.build/Objects-normal/arm64/Msplat.swiftmodule (in target 'Msplat' from project 'Msplat')
    cd /Users/runner/work/ALLSUNDAY1122.github.io/ALLSUNDAY1122.github.io/splat-native-ios/Packages/MsplatMemory
    builtin-copy -exclude .DS_Store -exclude CVS -exclude .svn -exclude .git -exclude .hg -strip-unsigned-binaries -strip-deterministic -strip-tool /Applications/Xcode_16.4.app/Contents/Developer/Toolchains/XcodeDefault.xctoolchain/usr/bin/strip -resolve-src-symlinks -rename /Users/runner/Library/Developer/Xcode/DerivedData/SplatNative-dwmjesbccinwnzhdvkeajvbyatnj/Build/Intermediates.noindex/Msplat.build/Release-iphoneos/Msplat.build/Objects-normal/arm64/Msplat.swiftmodule /Users/runner/Library/Developer/Xcode/DerivedData/SplatNative-dwmjesbccinwnzhdvkeajvbyatnj/Build/Products/Release-iphoneos/Msplat.swiftmodule/arm64-apple-ios.swiftmodule

Copy /Users/runner/Library/Developer/Xcode/DerivedData/SplatNative-dwmjesbccinwnzhdvkeajvbyatnj/Build/Products/Release-iphoneos/Msplat.swiftmodule/arm64-apple-ios.swiftdoc /Users/runner/Library/Developer/Xcode/DerivedData/SplatNative-dwmjesbccinwnzhdvkeajvbyatnj/Build/Intermediates.noindex/Msplat.build/Release-iphoneos/Msplat.build/Objects-normal/arm64/Msplat.swiftdoc (in target 'Msplat' from project 'Msplat')
    cd /Users/runner/work/ALLSUNDAY1122.github.io/ALLSUNDAY1122.github.io/splat-native-ios/Packages/MsplatMemory
    builtin-copy -exclude .DS_Store -exclude CVS -exclude .svn -exclude .git -exclude .hg -strip-unsigned-binaries -strip-deterministic -strip-tool /Applications/Xcode_16.4.app/Contents/Developer/Toolchains/XcodeDefault.xctoolchain/usr/bin/strip -resolve-src-symlinks -rename /Users/runner/Library/Developer/Xcode/DerivedData/SplatNative-dwmjesbccinwnzhdvkeajvbyatnj/Build/Intermediates.noindex/Msplat.build/Release-iphoneos/Msplat.build/Objects-normal/arm64/Msplat.swiftdoc /Users/runner/Library/Developer/Xcode/DerivedData/SplatNative-dwmjesbccinwnzhdvkeajvbyatnj/Build/Products/Release-iphoneos/Msplat.swiftmodule/arm64-apple-ios.swiftdoc

Copy /Users/runner/Library/Developer/Xcode/DerivedData/SplatNative-dwmjesbccinwnzhdvkeajvbyatnj/Build/Products/Release-iphoneos/Msplat.swiftmodule/arm64-apple-ios.abi.json /Users/runner/Library/Developer/Xcode/DerivedData/SplatNative-dwmjesbccinwnzhdvkeajvbyatnj/Build/Intermediates.noindex/Msplat.build/Release-iphoneos/Msplat.build/Objects-normal/arm64/Msplat.abi.json (in target 'Msplat' from project 'Msplat')
    cd /Users/runner/work/ALLSUNDAY1122.github.io/ALLSUNDAY1122.github.io/splat-native-ios/Packages/MsplatMemory
    builtin-copy -exclude .DS_Store -exclude CVS -exclude .svn -exclude .git -exclude .hg -strip-unsigned-binaries -strip-deterministic -strip-tool /Applications/Xcode_16.4.app/Contents/Developer/Toolchains/XcodeDefault.xctoolchain/usr/bin/strip -resolve-src-symlinks -rename /Users/runner/Library/Developer/Xcode/DerivedData/SplatNative-dwmjesbccinwnzhdvkeajvbyatnj/Build/Intermediates.noindex/Msplat.build/Release-iphoneos/Msplat.build/Objects-normal/arm64/Msplat.abi.json /Users/runner/Library/Developer/Xcode/DerivedData/SplatNative-dwmjesbccinwnzhdvkeajvbyatnj/Build/Products/Release-iphoneos/Msplat.swiftmodule/arm64-apple-ios.abi.json

Copy /Users/runner/Library/Developer/Xcode/DerivedData/SplatNative-dwmjesbccinwnzhdvkeajvbyatnj/Build/Products/Release-iphoneos/Msplat.swiftmodule/Project/arm64-apple-ios.swiftsourceinfo /Users/runner/Library/Developer/Xcode/DerivedData/SplatNative-dwmjesbccinwnzhdvkeajvbyatnj/Build/Intermediates.noindex/Msplat.build/Release-iphoneos/Msplat.build/Objects-normal/arm64/Msplat.swiftsourceinfo (in target 'Msplat' from project 'Msplat')
    cd /Users/runner/work/ALLSUNDAY1122.github.io/ALLSUNDAY1122.github.io/splat-native-ios/Packages/MsplatMemory
    builtin-copy -exclude .DS_Store -exclude CVS -exclude .svn -exclude .git -exclude .hg -strip-unsigned-binaries -strip-deterministic -strip-tool /Applications/Xcode_16.4.app/Contents/Developer/Toolchains/XcodeDefault.xctoolchain/usr/bin/strip -resolve-src-symlinks -rename /Users/runner/Library/Developer/Xcode/DerivedData/SplatNative-dwmjesbccinwnzhdvkeajvbyatnj/Build/Intermediates.noindex/Msplat.build/Release-iphoneos/Msplat.build/Objects-normal/arm64/Msplat.swiftsourceinfo /Users/runner/Library/Developer/Xcode/DerivedData/SplatNative-dwmjesbccinwnzhdvkeajvbyatnj/Build/Products/Release-iphoneos/Msplat.swiftmodule/Project/arm64-apple-ios.swiftsourceinfo

SwiftDriver\ Compilation\ Requirements IssueReporting normal arm64 com.apple.xcode.tools.swift.compiler (in target 'IssueReporting' from project 'xctest-dynamic-overlay')
    cd /Users/runner/work/ALLSUNDAY1122.github.io/ALLSUNDAY1122.github.io/splat-native-ios/SplatNative.xcodeproj
    builtin-Swift-Compilation-Requirements -- /Applications/Xcode_16.4.app/Contents/Developer/Toolchains/XcodeDefault.xctoolchain/usr/bin/swiftc -module-name IssueReporting -O -whole-module-optimization -enforce-exclusivity\=checked @/Users/runner/Library/Developer/Xcode/DerivedData/SplatNative-dwmjesbccinwnzhdvkeajvbyatnj/Build/Intermediates.noindex/xctest-dynamic-overlay.build/Release-iphoneos/IssueReporting.build/Objects-normal/arm64/IssueReporting.SwiftFileList -DSWIFT_PACKAGE -DXcode -enable-upcoming-feature ExistentialAny -enable-upcoming-feature ImmutableWeakCaptures -enable-upcoming-feature InferIsolatedConformances -enable-upcoming-feature InternalImportsByDefault -enable-upcoming-feature MemberImportVisibility -enable-upcoming-feature NonisolatedNonsendingByDefault -plugin-path /Applications/Xcode_16.4.app/Contents/Developer/Toolchains/XcodeDefault.xctoolchain/usr/lib/swift/host/plugins/testing -enable-experimental-feature DebugDescriptionMacro -sdk /Applications/Xcode_16.4.app/Contents/Developer/Platforms/iPhoneOS.platform/Developer/SDKs/iPhoneOS18.5.sdk -target arm64-apple-ios13.0 -g -module-cache-path /Users/runner/Library/Developer/Xcode/DerivedData/ModuleCache.noindex -Xfrontend -serialize-debugging-options -suppress-warnings -swift-version 6 -I /Users/runner/Library/Developer/Xcode/DerivedData/SplatNative-dwmjesbccinwnzhdvkeajvbyatnj/Build/Products/Release-iphoneos -I /Applications/Xcode_16.4.app/Contents/Developer/Platforms/iPhoneOS.platform/Developer/usr/lib -F /Users/runner/Library/Developer/Xcode/DerivedData/SplatNative-dwmjesbccinwnzhdvkeajvbyatnj/Build/Products/Release-iphoneos -F /Applications/Xcode_16.4.app/Contents/Developer/Platforms/iPhoneOS.platform/Developer/Library/Frameworks -F /Applications/Xcode_16.4.app/Contents/Developer/Platforms/iPhoneOS.platform/Developer/SDKs/iPhoneOS18.5.sdk/Developer/Library/Frameworks -c -num-threads 3 -Xcc -ivfsstatcache -Xcc /Users/runner/Library/Developer/Xcode/DerivedData/SDKStatCaches.noindex/iphoneos18.5-22F76-a529daf784b3616c7c04a36aeb7f5c05.sdkstatcache -output-file-map /Users/runner/Library/Developer/Xcode/DerivedData/SplatNative-dwmjesbccinwnzhdvkeajvbyatnj/Build/Intermediates.noindex/xctest-dynamic-overlay.build/Release-iphoneos/IssueReporting.build/Objects-normal/arm64/IssueReporting-OutputFileMap.json -use-frontend-parseable-output -save-temps -no-color-diagnostics -serialize-diagnostics -emit-dependencies -emit-module -emit-module-path /Users/runner/Library/Developer/Xcode/DerivedData/SplatNative-dwmjesbccinwnzhdvkeajvbyatnj/Build/Intermediates.noindex/xctest-dynamic-overlay.build/Release-iphoneos/IssueReporting.build/Objects-normal/arm64/IssueReporting.swiftmodule -user-module-version 1.13.1 -validate-clang-modules-once -clang-build-session-file /Users/runner/Library/Developer/Xcode/DerivedData/ModuleCache.noindex/Session.modulevalidation -package-name xctest_dynamic_overlay -Xcc -I/Users/runner/Library/Developer/Xcode/DerivedData/SplatNative-dwmjesbccinwnzhdvkeajvbyatnj/Build/Intermediates.noindex/xctest-dynamic-overlay.build/Release-iphoneos/IssueReporting.build/swift-overrides.hmap -emit-const-values -Xfrontend -const-gather-protocols-file -Xfrontend /Users/runner/Library/Developer/Xcode/DerivedData/SplatNative-dwmjesbccinwnzhdvkeajvbyatnj/Build/Intermediates.noindex/xctest-dynamic-overlay.build/Release-iphoneos/IssueReporting.build/Objects-normal/arm64/IssueReporting_const_extract_protocols.json -Xcc -I/Users/runner/Library/Developer/Xcode/DerivedData/SplatNative-dwmjesbccinwnzhdvkeajvbyatnj/Build/Products/Release-iphoneos/include -Xcc -I/Users/runner/Library/Developer/Xcode/DerivedData/SplatNative-dwmjesbccinwnzhdvkeajvbyatnj/Build/Intermediates.noindex/xctest-dynamic-overlay.build/Release-iphoneos/IssueReporting.build/DerivedSources-normal/arm64 -Xcc -I/Users/runner/Library/Developer/Xcode/DerivedData/SplatNative-dwmjesbccinwnzhdvkeajvbyatnj/Build/Intermediates.noindex/xctest-dynamic-overlay.build/Release-iphoneos/IssueReporting.build/DerivedSources/arm64 -Xcc -I/Users/runner/Library/Developer/Xcode/DerivedData/SplatNative-dwmjesbccinwnzhdvkeajvbyatnj/Build/Intermediates.noindex/xctest-dynamic-overlay.build/Release-iphoneos/IssueReporting.build/DerivedSources -Xcc -DSWIFT_PACKAGE -emit-objc-header -emit-objc-header-path /Users/runner/Library/Developer/Xcode/DerivedData/SplatNative-dwmjesbccinwnzhdvkeajvbyatnj/Build/Intermediates.noindex/xctest-dynamic-overlay.build/Release-iphoneos/IssueReporting.build/Objects-normal/arm64/IssueReporting-Swift.h -working-directory /Users/runner/work/ALLSUNDAY1122.github.io/ALLSUNDAY1122.github.io/splat-native-ios/SplatNative.xcodeproj -no-emit-module-separately-wmo

SwiftCompile normal arm64 Compiling\ resource_bundle_accessor.swift,\ AES-GCM.swift,\ AES-GCM_boring.swift,\ ChaChaPoly_boring.swift,\ ChaChaPoly.swift,\ Cipher.swift,\ Nonces.swift,\ ASN1.swift,\ ASN1Any.swift,\ ASN1BitString.swift,\ ASN1Boolean.swift,\ ASN1Identifier.swift,\ ASN1Integer.swift,\ ASN1Null.swift,\ ASN1OctetString.swift,\ ASN1Strings.swift,\ ArraySliceBigint.swift,\ GeneralizedTime.swift,\ ObjectIdentifier.swift,\ ECDSASignature.swift,\ PEMDocument.swift,\ PKCS8PrivateKey.swift,\ SEC1PrivateKey.swift,\ SubjectPublicKeyInfo.swift,\ CryptoError_boring.swift,\ CryptoKitErrors.swift,\ Digest_boring.swift,\ Digest.swift,\ Digests.swift,\ HashFunctions.swift,\ HashFunctions_SHA2.swift,\ HashFunctions_SHA3.swift,\ Digest_xkcp.swift,\ HPKE-AEAD.swift,\ HPKE-Ciphersuite.swift,\ HPKE-KDF.swift,\ HPKE-KexKeyDerivation.swift,\ HPKE-LabeledExtract.swift,\ HPKE-Utils.swift,\ DHKEM.swift,\ HPKE-KEM-Curve25519.swift,\ HPKE-NIST-EC-KEMs.swift,\ HPKE-KEM.swift,\ HPKE-Errors.swift,\ HPKE.swift,\ HPKE-Context.swift,\ HPKE-KeySchedule.swift,\ HPKE-Modes.swift,\ Insecure.swift,\ Insecure_HashFunctions.swift,\ MLKEM_boring.swift,\ MLKEM_wrapper.swift,\ XWing_boring.swift,\ KEM-Errors.swift,\ KEM.swift,\ MLKEM.swift,\ XWing.swift,\ ECDH_boring.swift,\ DH.swift,\ ECDH.swift,\ ANSIx963.swift,\ HKDF.swift,\ AESWrap.swift,\ AESWrap_boring.swift,\ Ed25519_boring.swift,\ NISTCurvesKeys_boring.swift,\ X25519Keys_boring.swift,\ Curve25519.swift,\ Ed25519Keys.swift,\ NISTCurvesKeys.swift,\ X25519Keys.swift,\ SymmetricKeys.swift,\ HMAC.swift,\ MACFunctions.swift,\ MessageAuthenticationCode.swift,\ AES.swift,\ ECDSASignature_boring.swift,\ ECDSA_boring.swift,\ EdDSA_boring.swift,\ MLDSA_boring.swift,\ MLDSA_wrapper.swift,\ ECDSA.swift,\ Ed25519.swift,\ MLDSA.swift,\ Signature.swift,\ CryptoKitErrors_boring.swift,\ Optional+withUnsafeBytes_boring.swift,\ RNG_boring.swift,\ SafeCompare_boring.swift,\ Zeroization_boring.swift,\ _CryptoModuleAnchor.swift,\ PrettyBytes.swift,\ SafeCompare.swift,\ SecureBytes.swift,\ Zeroization.swift /Users/runner/Library/Developer/Xcode/DerivedData/SplatNative-dwmjesbccinwnzhdvkeajvbyatnj/Build/Intermediates.noindex/swift-crypto.build/Release-iphoneos/Crypto.build/DerivedSources/resource_bundle_accessor.swift /Users/runner/Library/Developer/Xcode/DerivedData/SplatNative-dwmjesbccinwnzhdvkeajvbyatnj/SourcePackages/checkouts/swift-crypto/Sources/Crypto/AEADs/AES/GCM/AES-GCM.swift /Users/runner/Library/Developer/Xcode/DerivedData/SplatNative-dwmjesbccinwnzhdvkeajvbyatnj/SourcePackages/checkouts/swift-crypto/Sources/Crypto/AEADs/AES/GCM/BoringSSL/AES-GCM_boring.swift /Users/runner/Library/Developer/Xcode/DerivedData/SplatNative-dwmjesbccinwnzhdvkeajvbyatnj/SourcePackages/checkouts/swift-crypto/Sources/Crypto/AEADs/ChachaPoly/BoringSSL/ChaChaPoly_boring.swift /Users/runner/Library/Developer/Xcode/DerivedData/SplatNative-dwmjesbccinwnzhdvkeajvbyatnj/SourcePackages/checkouts/swift-crypto/Sources/Crypto/AEADs/ChachaPoly/ChaChaPoly.swift /Users/runner/Library/Developer/Xcode/DerivedData/SplatNative-dwmjesbccinwnzhdvkeajvbyatnj/SourcePackages/checkouts/swift-crypto/Sources/Crypto/AEADs/Cipher.swift /Users/runner/Library/Developer/Xcode/DerivedData/SplatNative-dwmjesbccinwnzhdvkeajvbyatnj/SourcePackages/checkouts/swift-crypto/Sources/Crypto/AEADs/Nonces.swift /Users/runner/Library/Developer/Xcode/DerivedData/SplatNative-dwmjesbccinwnzhdvkeajvbyatnj/SourcePackages/checkouts/swift-crypto/Sources/Crypto/ASN1/ASN1.swift /Users/runner/Library/Developer/Xcode/DerivedData/SplatNative-dwmjesbccinwnzhdvkeajvbyatnj/SourcePackages/checkouts/swift-crypto/Sources/Crypto/ASN1/Basic\ ASN1\ Types/ASN1Any.swift /Users/runner/Library/Developer/Xcode/DerivedData/SplatNative-dwmjesbccinwnzhdvkeajvbyatnj/SourcePackages/checkouts/swift-crypto/Sources/Crypto/ASN1/Basic\ ASN1\ Types/ASN1BitString.swift /Users/runner/Library/Developer/Xcode/DerivedData/SplatNative-dwmjesbccinwnzhdvkeajvbyatnj/SourcePackages/checkouts/swift-crypto/Sources/Crypto/ASN1/Basic\ ASN1\ Types/ASN1Boolean.swift /Users/runner/Library/Developer/Xcode/DerivedData/SplatNative-dwmjesbccinwnzhdvkeajvbyatnj/SourcePackages/checkouts/swift-crypto/Sources/Crypto/ASN1/Basic\ ASN1\ Types/ASN1Identifier.swift /Users/runner/Library/Developer/Xcode/DerivedData/SplatNative-dwmjesbccinwnzhdvkeajvbyatnj/SourcePackages/checkouts/swift-crypto/Sources/Crypto/ASN1/Basic\ ASN1\ Types/ASN1Integer.swift /Users/runner/Library/Developer/Xcode/DerivedData/SplatNative-dwmjesbccinwnzhdvkeajvbyatnj/SourcePackages/checkouts/swift-crypto/Sources/Crypto/ASN1/Basic\ ASN1\ Types/ASN1Null.swift /Users/runner/Library/Developer/Xcode/DerivedData/SplatNative-dwmjesbccinwnzhdvkeajvbyatnj/SourcePackages/checkouts/swift-crypto/Sources/Crypto/ASN1/Basic\ ASN1\ Types/ASN1OctetString.swift /Users/runner/Library/Developer/Xcode/DerivedData/SplatNative-dwmjesbccinwnzhdvkeajvbyatnj/SourcePackages/checkouts/swift-crypto/Sources/Crypto/ASN1/Basic\ ASN1\ Types/ASN1Strings.swift /Users/runner/Library/Developer/Xcode/DerivedData/SplatNative-dwmjesbccinwnzhdvkeajvbyatnj/SourcePackages/checkouts/swift-crypto/Sources/Crypto/ASN1/Basic\ ASN1\ Types/ArraySliceBigint.swift /Users/runner/Library/Developer/Xcode/DerivedData/SplatNative-dwmjesbccinwnzhdvkeajvbyatnj/SourcePackages/checkouts/swift-crypto/Sources/Crypto/ASN1/Basic\ ASN1\ Types/GeneralizedTime.swift /Users/runner/Library/Developer/Xcode/DerivedData/SplatNative-dwmjesbccinwnzhdvkeajvbyatnj/SourcePackages/checkouts/swift-crypto/Sources/Crypto/ASN1/Basic\ ASN1\ Types/ObjectIdentifier.swift /Users/runner/Library/Developer/Xcode/DerivedData/SplatNative-dwmjesbccinwnzhdvkeajvbyatnj/SourcePackages/checkouts/swift-crypto/Sources/Crypto/ASN1/ECDSASignature.swift /Users/runner/Library/Developer/Xcode/DerivedData/SplatNative-dwmjesbccinwnzhdvkeajvbyatnj/SourcePackages/checkouts/swift-crypto/Sources/Crypto/ASN1/PEMDocument.swift /Users/runner/Library/Developer/Xcode/DerivedData/SplatNative-dwmjesbccinwnzhdvkeajvbyatnj/SourcePackages/checkouts/swift-crypto/Sources/Crypto/ASN1/PKCS8PrivateKey.swift /Users/runner/Library/Developer/Xcode/DerivedData/SplatNative-dwmjesbccinwnzhdvkeajvbyatnj/SourcePackages/checkouts/swift-crypto/Sources/Crypto/ASN1/SEC1PrivateKey.swift /Users/runner/Library/Developer/Xcode/DerivedData/SplatNative-dwmjesbccinwnzhdvkeajvbyatnj/SourcePackages/checkouts/swift-crypto/Sources/Crypto/ASN1/SubjectPublicKeyInfo.swift /Users/runner/Library/Developer/Xcode/DerivedData/SplatNative-dwmjesbccinwnzhdvkeajvbyatnj/SourcePackages/checkouts/swift-crypto/Sources/Crypto/CryptoError_boring.swift /Users/runner/Library/Developer/Xcode/DerivedData/SplatNative-dwmjesbccinwnzhdvkeajvbyatnj/SourcePackages/checkouts/swift-crypto/Sources/Crypto/CryptoKitErrors.swift /Users/runner/Library/Developer/Xcode/DerivedData/SplatNative-dwmjesbccinwnzhdvkeajvbyatnj/SourcePackages/checkouts/swift-crypto/Sources/Crypto/Digests/BoringSSL/Digest_boring.swift /Users/runner/Library/Developer/Xcode/DerivedData/SplatNative-dwmjesbccinwnzhdvkeajvbyatnj/SourcePackages/checkouts/swift-crypto/Sources/Crypto/Digests/Digest.swift /Users/runner/Library/Developer/Xcode/DerivedData/SplatNative-dwmjesbccinwnzhdvkeajvbyatnj/SourcePackages/checkouts/swift-crypto/Sources/Crypto/Digests/Digests.swift /Users/runner/Library/Developer/Xcode/DerivedData/SplatNative-dwmjesbccinwnzhdvkeajvbyatnj/SourcePackages/checkouts/swift-crypto/Sources/Crypto/Digests/HashFunctions.swift /Users/runner/Library/Developer/Xcode/DerivedData/SplatNative-dwmjesbccinwnzhdvkeajvbyatnj/SourcePackages/checkouts/swift-crypto/Sources/Crypto/Digests/HashFunctions_SHA2.swift /Users/runner/Library/Developer/Xcode/DerivedData/SplatNative-dwmjesbccinwnzhdvkeajvbyatnj/SourcePackages/checkouts/swift-crypto/Sources/Crypto/Digests/HashFunctions_SHA3.swift /Users/runner/Library/Developer/Xcode/DerivedData/SplatNative-dwmjesbccinwnzhdvkeajvbyatnj/SourcePackages/checkouts/swift-crypto/Sources/Crypto/Digests/XKCP/Digest_xkcp.swift /Users/runner/Library/Developer/Xcode/DerivedData/SplatNative-dwmjesbccinwnzhdvkeajvbyatnj/SourcePackages/checkouts/swift-crypto/Sources/Crypto/HPKE/Ciphersuite/HPKE-AEAD.swift /Users/runner/Library/Developer/Xcode/DerivedData/SplatNative-dwmjesbccinwnzhdvkeajvbyatnj/SourcePackages/checkouts/swift-crypto/Sources/Crypto/HPKE/Ciphersuite/HPKE-Ciphersuite.swift /Users/runner/Library/Developer/Xcode/DerivedData/SplatNative-dwmjesbccinwnzhdvkeajvbyatnj/SourcePackages/checkouts/swift-crypto/Sources/Crypto/HPKE/Ciphersuite/HPKE-KDF.swift /Users/runner/Library/Developer/Xcode/DerivedData/SplatNative-dwmjesbccinwnzhdvkeajvbyatnj/SourcePackages/checkouts/swift-crypto/Sources/Crypto/HPKE/Ciphersuite/HPKE-KexKeyDerivation.swift /Users/runner/Library/Developer/Xcode/DerivedData/SplatNative-dwmjesbccinwnzhdvkeajvbyatnj/SourcePackages/checkouts/swift-crypto/Sources/Crypto/HPKE/Ciphersuite/HPKE-LabeledExtract.swift /Users/runner/Library/Developer/Xcode/DerivedData/SplatNative-dwmjesbccinwnzhdvkeajvbyatnj/SourcePackages/checkouts/swift-crypto/Sources/Crypto/HPKE/Ciphersuite/HPKE-Utils.swift /Users/runner/Library/Developer/Xcode/DerivedData/SplatNative-dwmjesbccinwnzhdvkeajvbyatnj/SourcePackages/checkouts/swift-crypto/Sources/Crypto/HPKE/Ciphersuite/KEM/Conformances/DHKEM.swift /Users/runner/Library/Developer/Xcode/DerivedData/SplatNative-dwmjesbccinwnzhdvkeajvbyatnj/SourcePackages/checkouts/swift-crypto/Sources/Crypto/HPKE/Ciphersuite/KEM/Conformances/HPKE-KEM-Curve25519.swift /Users/runner/Library/Developer/Xcode/DerivedData/SplatNative-dwmjesbccinwnzhdvkeajvbyatnj/SourcePackages/checkouts/swift-crypto/Sources/Crypto/HPKE/Ciphersuite/KEM/Conformances/HPKE-NIST-EC-KEMs.swift /Users/runner/Library/Developer/Xcode/DerivedData/SplatNative-dwmjesbccinwnzhdvkeajvbyatnj/SourcePackages/checkouts/swift-crypto/Sources/Crypto/HPKE/Ciphersuite/KEM/HPKE-KEM.swift /Users/runner/Library/Developer/Xcode/DerivedData/SplatNative-dwmjesbccinwnzhdvkeajvbyatnj/SourcePackages/checkouts/swift-crypto/Sources/Crypto/HPKE/HPKE-Errors.swift /Users/runner/Library/Developer/Xcode/DerivedData/SplatNative-dwmjesbccinwnzhdvkeajvbyatnj/SourcePackages/checkouts/swift-crypto/Sources/Crypto/HPKE/HPKE.swift /Users/runner/Library/Developer/Xcode/DerivedData/SplatNative-dwmjesbccinwnzhdvkeajvbyatnj/SourcePackages/checkouts/swift-crypto/Sources/Crypto/HPKE/Key\ Schedule/HPKE-Context.swift /Users/runner/Library/Developer/Xcode/DerivedData/SplatNative-dwmjesbccinwnzhdvkeajvbyatnj/SourcePackages/checkouts/swift-crypto/Sources/Crypto/HPKE/Key\ Schedule/HPKE-KeySchedule.swift /Users/runner/Library/Developer/Xcode/DerivedData/SplatNative-dwmjesbccinwnzhdvkeajvbyatnj/SourcePackages/checkouts/swift-crypto/Sources/Crypto/HPKE/Modes/HPKE-Modes.swift /Users/runner/Library/Developer/Xcode/DerivedData/SplatNative-dwmjesbccinwnzhdvkeajvbyatnj/SourcePackages/checkouts/swift-crypto/Sources/Crypto/Insecure/Insecure.swift /Users/runner/Library/Developer/Xcode/DerivedData/SplatNative-dwmjesbccinwnzhdvkeajvbyatnj/SourcePackages/checkouts/swift-crypto/Sources/Crypto/Insecure/Insecure_HashFunctions.swift /Users/runner/Library/Developer/Xcode/DerivedData/SplatNative-dwmjesbccinwnzhdvkeajvbyatnj/SourcePackages/checkouts/swift-crypto/Sources/Crypto/KEM/BoringSSL/MLKEM_boring.swift /Users/runner/Library/Developer/Xcode/DerivedData/SplatNative-dwmjesbccinwnzhdvkeajvbyatnj/SourcePackages/checkouts/swift-crypto/Sources/Crypto/KEM/BoringSSL/MLKEM_wrapper.swift /Users/runner/Library/Developer/Xcode/DerivedData/SplatNative-dwmjesbccinwnzhdvkeajvbyatnj/SourcePackages/checkouts/swift-crypto/Sources/Crypto/KEM/BoringSSL/XWing_boring.swift /Users/runner/Library/Developer/Xcode/DerivedData/SplatNative-dwmjesbccinwnzhdvkeajvbyatnj/SourcePackages/checkouts/swift-crypto/Sources/Crypto/KEM/KEM-Errors.swift /Users/runner/Library/Developer/Xcode/DerivedData/SplatNative-dwmjesbccinwnzhdvkeajvbyatnj/SourcePackages/checkouts/swift-crypto/Sources/Crypto/KEM/KEM.swift /Users/runner/Library/Developer/Xcode/DerivedData/SplatNative-dwmjesbccinwnzhdvkeajvbyatnj/SourcePackages/checkouts/swift-crypto/Sources/Crypto/KEM/MLKEM.swift /Users/runner/Library/Developer/Xcode/DerivedData/SplatNative-dwmjesbccinwnzhdvkeajvbyatnj/SourcePackages/checkouts/swift-crypto/Sources/Crypto/KEM/XWing.swift /Users/runner/Library/Developer/Xcode/DerivedData/SplatNative-dwmjesbccinwnzhdvkeajvbyatnj/SourcePackages/checkouts/swift-crypto/Sources/Crypto/Key\ Agreement/BoringSSL/ECDH_boring.swift /Users/runner/Library/Developer/Xcode/DerivedData/SplatNative-dwmjesbccinwnzhdvkeajvbyatnj/SourcePackages/checkouts/swift-crypto/Sources/Crypto/Key\ Agreement/DH.swift /Users/runner/Library/Developer/Xcode/DerivedData/SplatNative-dwmjesbccinwnzhdvkeajvbyatnj/SourcePackages/checkouts/swift-crypto/Sources/Crypto/Key\ Agreement/ECDH.swift /Users/runner/Library/Developer/Xcode/DerivedData/SplatNative-dwmjesbccinwnzhdvkeajvbyatnj/SourcePackages/checkouts/swift-crypto/Sources/Crypto/Key\ Derivation/ANSIx963.swift /Users/runner/Library/Developer/Xcode/DerivedData/SplatNative-dwmjesbccinwnzhdvkeajvbyatnj/SourcePackages/checkouts/swift-crypto/Sources/Crypto/Key\ Derivation/HKDF.swift /Users/runner/Library/Developer/Xcode/DerivedData/SplatNative-dwmjesbccinwnzhdvkeajvbyatnj/SourcePackages/checkouts/swift-crypto/Sources/Crypto/Key\ Wrapping/AESWrap.swift /Users/runner/Library/Developer/Xcode/DerivedData/SplatNative-dwmjesbccinwnzhdvkeajvbyatnj/SourcePackages/checkouts/swift-crypto/Sources/Crypto/Key\ Wrapping/BoringSSL/AESWrap_boring.swift /Users/runner/Library/Developer/Xcode/DerivedData/SplatNative-dwmjesbccinwnzhdvkeajvbyatnj/SourcePackages/checkouts/swift-crypto/Sources/Crypto/Keys/EC/BoringSSL/Ed25519_boring.swift /Users/runner/Library/Developer/Xcode/DerivedData/SplatNative-dwmjesbccinwnzhdvkeajvbyatnj/SourcePackages/checkouts/swift-crypto/Sources/Crypto/Keys/EC/BoringSSL/NISTCurvesKeys_boring.swift /Users/runner/Library/Developer/Xcode/DerivedData/SplatNative-dwmjesbccinwnzhdvkeajvbyatnj/SourcePackages/checkouts/swift-crypto/Sources/Crypto/Keys/EC/BoringSSL/X25519Keys_boring.swift /Users/runner/Library/Developer/Xcode/DerivedData/SplatNative-dwmjesbccinwnzhdvkeajvbyatnj/SourcePackages/checkouts/swift-crypto/Sources/Crypto/Keys/EC/Curve25519.swift /Users/runner/Library/Developer/Xcode/DerivedData/SplatNative-dwmjesbccinwnzhdvkeajvbyatnj/SourcePackages/checkouts/swift-crypto/Sources/Crypto/Keys/EC/Ed25519Keys.swift /Users/runner/Library/Developer/Xcode/DerivedData/SplatNative-dwmjesbccinwnzhdvkeajvbyatnj/SourcePackages/checkouts/swift-crypto/Sources/Crypto/Keys/EC/NISTCurvesKeys.swift /Users/runner/Library/Developer/Xcode/DerivedData/SplatNative-dwmjesbccinwnzhdvkeajvbyatnj/SourcePackages/checkouts/swift-crypto/Sources/Crypto/Keys/EC/X25519Keys.swift /Users/runner/Library/Developer/Xcode/DerivedData/SplatNative-dwmjesbccinwnzhdvkeajvbyatnj/SourcePackages/checkouts/swift-crypto/Sources/Crypto/Keys/Symmetric/SymmetricKeys.swift /Users/runner/Library/Developer/Xcode/DerivedData/SplatNative-dwmjesbccinwnzhdvkeajvbyatnj/SourcePackages/checkouts/swift-crypto/Sources/Crypto/Message\ Authentication\ Codes/HMAC/HMAC.swift /Users/runner/Library/Developer/Xcode/DerivedData/SplatNative-dwmjesbccinwnzhdvkeajvbyatnj/SourcePackages/checkouts/swift-crypto/Sources/Crypto/Message\ Authentication\ Codes/MACFunctions.swift /Users/runner/Library/Developer/Xcode/DerivedData/SplatNative-dwmjesbccinwnzhdvkeajvbyatnj/SourcePackages/checkouts/swift-crypto/Sources/Crypto/Message\ Authentication\ Codes/MessageAuthenticationCode.swift /Users/runner/Library/Developer/Xcode/DerivedData/SplatNative-dwmjesbccinwnzhdvkeajvbyatnj/SourcePackages/checkouts/swift-crypto/Sources/Crypto/PRF/AES.swift /Users/runner/Library/Developer/Xcode/DerivedData/SplatNative-dwmjesbccinwnzhdvkeajvbyatnj/SourcePackages/checkouts/swift-crypto/Sources/Crypto/Signatures/BoringSSL/ECDSASignature_boring.swift /Users/runner/Library/Developer/Xcode/DerivedData/SplatNative-dwmjesbccinwnzhdvkeajvbyatnj/SourcePackages/checkouts/swift-crypto/Sources/Crypto/Signatures/BoringSSL/ECDSA_boring.swift /Users/runner/Library/Developer/Xcode/DerivedData/SplatNative-dwmjesbccinwnzhdvkeajvbyatnj/SourcePackages/checkouts/swift-crypto/Sources/Crypto/Signatures/BoringSSL/EdDSA_boring.swift /Users/runner/Library/Developer/Xcode/DerivedData/SplatNative-dwmjesbccinwnzhdvkeajvbyatnj/SourcePackages/checkouts/swift-crypto/Sources/Crypto/Signatures/BoringSSL/MLDSA_boring.swift /Users/runner/Library/Developer/Xcode/DerivedData/SplatNative-dwmjesbccinwnzhdvkeajvbyatnj/SourcePackages/checkouts/swift-crypto/Sources/Crypto/Signatures/BoringSSL/MLDSA_wrapper.swift /Users/runner/Library/Developer/Xcode/DerivedData/SplatNative-dwmjesbccinwnzhdvkeajvbyatnj/SourcePackages/checkouts/swift-crypto/Sources/Crypto/Signatures/ECDSA.swift /Users/runner/Library/Developer/Xcode/DerivedData/SplatNative-dwmjesbccinwnzhdvkeajvbyatnj/SourcePackages/checkouts/swift-crypto/Sources/Crypto/Signatures/Ed25519.swift /Users/runner/Library/Developer/Xcode/DerivedData/SplatNative-dwmjesbccinwnzhdvkeajvbyatnj/SourcePackages/checkouts/swift-crypto/Sources/Crypto/Signatures/MLDSA.swift /Users/runner/Library/Developer/Xcode/DerivedData/SplatNative-dwmjesbccinwnzhdvkeajvbyatnj/SourcePackages/checkouts/swift-crypto/Sources/Crypto/Signatures/Signature.swift /Users/runner/Library/Developer/Xcode/DerivedData/SplatNative-dwmjesbccinwnzhdvkeajvbyatnj/SourcePackages/checkouts/swift-crypto/Sources/Crypto/Util/BoringSSL/CryptoKitErrors_boring.swift /Users/runner/Library/Developer/Xcode/DerivedData/SplatNative-dwmjesbccinwnzhdvkeajvbyatnj/SourcePackages/checkouts/swift-crypto/Sources/Crypto/Util/BoringSSL/Optional+withUnsafeBytes_boring.swift /Users/runner/Library/Developer/Xcode/DerivedData/SplatNative-dwmjesbccinwnzhdvkeajvbyatnj/SourcePackages/checkouts/swift-crypto/Sources/Crypto/Util/BoringSSL/RNG_boring.swift /Users/runner/Library/Developer/Xcode/DerivedData/SplatNative-dwmjesbccinwnzhdvkeajvbyatnj/SourcePackages/checkouts/swift-crypto/Sources/Crypto/Util/BoringSSL/SafeCompare_boring.swift /Users/runner/Library/Developer/Xcode/DerivedData/SplatNative-dwmjesbccinwnzhdvkeajvbyatnj/SourcePackages/checkouts/swift-crypto/Sources/Crypto/Util/BoringSSL/Zeroization_boring.swift /Users/runner/Library/Developer/Xcode/DerivedData/SplatNative-dwmjesbccinwnzhdvkeajvbyatnj/SourcePackages/checkouts/swift-crypto/Sources/Crypto/Util/BoringSSL/_CryptoModuleAnchor.swift /Users/runner/Library/Developer/Xcode/DerivedData/SplatNative-dwmjesbccinwnzhdvkeajvbyatnj/SourcePackages/checkouts/swift-crypto/Sources/Crypto/Util/PrettyBytes.swift /Users/runner/Library/Developer/Xcode/DerivedData/SplatNative-dwmjesbccinwnzhdvkeajvbyatnj/SourcePackages/checkouts/swift-crypto/Sources/Crypto/Util/SafeCompare.swift /Users/runner/Library/Developer/Xcode/DerivedData/SplatNative-dwmjesbccinwnzhdvkeajvbyatnj/SourcePackages/checkouts/swift-crypto/Sources/Crypto/Util/SecureBytes.swift /Users/runner/Library/Developer/Xcode/DerivedData/SplatNative-dwmjesbccinwnzhdvkeajvbyatnj/SourcePackages/checkouts/swift-crypto/Sources/Crypto/Util/Zeroization.swift (in target 'Crypto' from project 'swift-crypto')

CompileSwift normal arm64 (in target 'Crypto' from project 'swift-crypto')
    cd /Users/runner/work/ALLSUNDAY1122.github.io/ALLSUNDAY1122.github.io/splat-native-ios/SplatNative.xcodeproj
    

SwiftMergeGeneratedHeaders /Users/runner/Library/Developer/Xcode/DerivedData/SplatNative-dwmjesbccinwnzhdvkeajvbyatnj/Build/Intermediates.noindex/GeneratedModuleMaps-iphoneos/IssueReporting-Swift.h /Users/runner/Library/Developer/Xcode/DerivedData/SplatNative-dwmjesbccinwnzhdvkeajvbyatnj/Build/Intermediates.noindex/xctest-dynamic-overlay.build/Release-iphoneos/IssueReporting.build/Objects-normal/arm64/IssueReporting-Swift.h (in target 'IssueReporting' from project 'xctest-dynamic-overlay')
    cd /Users/runner/Library/Developer/Xcode/DerivedData/SplatNative-dwmjesbccinwnzhdvkeajvbyatnj/SourcePackages/checkouts/xctest-dynamic-overlay
    builtin-swiftHeaderTool -arch arm64 /Users/runner/Library/Developer/Xcode/DerivedData/SplatNative-dwmjesbccinwnzhdvkeajvbyatnj/Build/Intermediates.noindex/xctest-dynamic-overlay.build/Release-iphoneos/IssueReporting.build/Objects-normal/arm64/IssueReporting-Swift.h -o /Users/runner/Library/Developer/Xcode/DerivedData/SplatNative-dwmjesbccinwnzhdvkeajvbyatnj/Build/Intermediates.noindex/GeneratedModuleMaps-iphoneos/IssueReporting-Swift.h

SwiftDriverJobDiscovery normal arm64 Compiling AsyncBufferingInputStream.swift, AsyncBufferingOutputStream.swift, BitPatternConvertible.swift, ByteWidthProviding.swift, DataConvertible.swift, PLYElement+ascii.swift, PLYElement+binary.swift, PLYElement.swift, PLYHeader+ascii.swift, PLYHeader.swift, PLYReader.swift, PLYWriter.swift, ReaderSource.swift, UnsafeRawPointerConvertible.swift, WriterDestination.swift (in target 'PLYIO' from project 'MetalSplatter')

Copy /Users/runner/Library/Developer/Xcode/DerivedData/SplatNative-dwmjesbccinwnzhdvkeajvbyatnj/Build/Products/Release-iphoneos/IssueReporting.swiftmodule/arm64-apple-ios.swiftmodule /Users/runner/Library/Developer/Xcode/DerivedData/SplatNative-dwmjesbccinwnzhdvkeajvbyatnj/Build/Intermediates.noindex/xctest-dynamic-overlay.build/Release-iphoneos/IssueReporting.build/Objects-normal/arm64/IssueReporting.swiftmodule (in target 'IssueReporting' from project 'xctest-dynamic-overlay')
    cd /Users/runner/Library/Developer/Xcode/DerivedData/SplatNative-dwmjesbccinwnzhdvkeajvbyatnj/SourcePackages/checkouts/xctest-dynamic-overlay
    builtin-copy -exclude .DS_Store -exclude CVS -exclude .svn -exclude .git -exclude .hg -strip-unsigned-binaries -strip-deterministic -strip-tool /Applications/Xcode_16.4.app/Contents/Developer/Toolchains/XcodeDefault.xctoolchain/usr/bin/strip -resolve-src-symlinks -rename /Users/runner/Library/Developer/Xcode/DerivedData/SplatNative-dwmjesbccinwnzhdvkeajvbyatnj/Build/Intermediates.noindex/xctest-dynamic-overlay.build/Release-iphoneos/IssueReporting.build/Objects-normal/arm64/IssueReporting.swiftmodule /Users/runner/Library/Developer/Xcode/DerivedData/SplatNative-dwmjesbccinwnzhdvkeajvbyatnj/Build/Products/Release-iphoneos/IssueReporting.swiftmodule/arm64-apple-ios.swiftmodule

SwiftDriver\ Compilation\ Requirements PLYIO normal arm64 com.apple.xcode.tools.swift.compiler (in target 'PLYIO' from project 'MetalSplatter')
    cd /Users/runner/work/ALLSUNDAY1122.github.io/ALLSUNDAY1122.github.io/splat-native-ios/SplatNative.xcodeproj
    builtin-Swift-Compilation-Requirements -- /Applications/Xcode_16.4.app/Contents/Developer/Toolchains/XcodeDefault.xctoolchain/usr/bin/swiftc -module-name PLYIO -O -whole-module-optimization -enforce-exclusivity\=checked @/Users/runner/Library/Developer/Xcode/DerivedData/SplatNative-dwmjesbccinwnzhdvkeajvbyatnj/Build/Intermediates.noindex/MetalSplatter.build/Release-iphoneos/PLYIO.build/Objects-normal/arm64/PLYIO.SwiftFileList -DSWIFT_PACKAGE -DXcode -plugin-path /Applications/Xcode_16.4.app/Contents/Developer/Toolchains/XcodeDefault.xctoolchain/usr/lib/swift/host/plugins/testing -enable-experimental-feature DebugDescriptionMacro -sdk /Applications/Xcode_16.4.app/Contents/Developer/Platforms/iPhoneOS.platform/Developer/SDKs/iPhoneOS18.5.sdk -target arm64-apple-ios18.0 -g -module-cache-path /Users/runner/Library/Developer/Xcode/DerivedData/ModuleCache.noindex -Xfrontend -serialize-debugging-options -suppress-warnings -swift-version 6 -I /Users/runner/Library/Developer/Xcode/DerivedData/SplatNative-dwmjesbccinwnzhdvkeajvbyatnj/Build/Products/Release-iphoneos -I /Applications/Xcode_16.4.app/Contents/Developer/Platforms/iPhoneOS.platform/Developer/usr/lib -F /Users/runner/Library/Developer/Xcode/DerivedData/SplatNative-dwmjesbccinwnzhdvkeajvbyatnj/Build/Products/Release-iphoneos -F /Applications/Xcode_16.4.app/Contents/Developer/Platforms/iPhoneOS.platform/Developer/Library/Frameworks -F /Applications/Xcode_16.4.app/Contents/Developer/Platforms/iPhoneOS.platform/Developer/SDKs/iPhoneOS18.5.sdk/Developer/Library/Frameworks -c -num-threads 3 -Xcc -ivfsstatcache -Xcc /Users/runner/Library/Developer/Xcode/DerivedData/SDKStatCaches.noindex/iphoneos18.5-22F76-a529daf784b3616c7c04a36aeb7f5c05.sdkstatcache -output-file-map /Users/runner/Library/Developer/Xcode/DerivedData/SplatNative-dwmjesbccinwnzhdvkeajvbyatnj/Build/Intermediates.noindex/MetalSplatter.build/Release-iphoneos/PLYIO.build/Objects-normal/arm64/PLYIO-OutputFileMap.json -use-frontend-parseable-output -save-temps -no-color-diagnostics -serialize-diagnostics -emit-dependencies -emit-module -emit-module-path /Users/runner/Library/Developer/Xcode/DerivedData/SplatNative-dwmjesbccinwnzhdvkeajvbyatnj/Build/Intermediates.noindex/MetalSplatter.build/Release-iphoneos/PLYIO.build/Objects-normal/arm64/PLYIO.swiftmodule -validate-clang-modules-once -clang-build-session-file /Users/runner/Library/Developer/Xcode/DerivedData/ModuleCache.noindex/Session.modulevalidation -package-name metalsplatter -Xcc -I/Users/runner/Library/Developer/Xcode/DerivedData/SplatNative-dwmjesbccinwnzhdvkeajvbyatnj/Build/Intermediates.noindex/MetalSplatter.build/Release-iphoneos/PLYIO.build/swift-overrides.hmap -emit-const-values -Xfrontend -const-gather-protocols-file -Xfrontend /Users/runner/Library/Developer/Xcode/DerivedData/SplatNative-dwmjesbccinwnzhdvkeajvbyatnj/Build/Intermediates.noindex/MetalSplatter.build/Release-iphoneos/PLYIO.build/Objects-normal/arm64/PLYIO_const_extract_protocols.json -Xcc -I/Users/runner/Library/Developer/Xcode/DerivedData/SplatNative-dwmjesbccinwnzhdvkeajvbyatnj/Build/Products/Release-iphoneos/include -Xcc -I/Users/runner/Library/Developer/Xcode/DerivedData/SplatNative-dwmjesbccinwnzhdvkeajvbyatnj/Build/Intermediates.noindex/MetalSplatter.build/Release-iphoneos/PLYIO.build/DerivedSources-normal/arm64 -Xcc -I/Users/runner/Library/Developer/Xcode/DerivedData/SplatNative-dwmjesbccinwnzhdvkeajvbyatnj/Build/Intermediates.noindex/MetalSplatter.build/Release-iphoneos/PLYIO.build/DerivedSources/arm64 -Xcc -I/Users/runner/Library/Developer/Xcode/DerivedData/SplatNative-dwmjesbccinwnzhdvkeajvbyatnj/Build/Intermediates.noindex/MetalSplatter.build/Release-iphoneos/PLYIO.build/DerivedSources -Xcc -DSWIFT_PACKAGE -emit-objc-header -emit-objc-header-path /Users/runner/Library/Developer/Xcode/DerivedData/SplatNative-dwmjesbccinwnzhdvkeajvbyatnj/Build/Intermediates.noindex/MetalSplatter.build/Release-iphoneos/PLYIO.build/Objects-normal/arm64/PLYIO-Swift.h -working-directory /Users/runner/work/ALLSUNDAY1122.github.io/ALLSUNDAY1122.github.io/splat-native-ios/SplatNative.xcodeproj -no-emit-module-separately-wmo

Copy /Users/runner/Library/Developer/Xcode/DerivedData/SplatNative-dwmjesbccinwnzhdvkeajvbyatnj/Build/Products/Release-iphoneos/IssueReporting.swiftmodule/arm64-apple-ios.swiftdoc /Users/runner/Library/Developer/Xcode/DerivedData/SplatNative-dwmjesbccinwnzhdvkeajvbyatnj/Build/Intermediates.noindex/xctest-dynamic-overlay.build/Release-iphoneos/IssueReporting.build/Objects-normal/arm64/IssueReporting.swiftdoc (in target 'IssueReporting' from project 'xctest-dynamic-overlay')
    cd /Users/runner/Library/Developer/Xcode/DerivedData/SplatNative-dwmjesbccinwnzhdvkeajvbyatnj/SourcePackages/checkouts/xctest-dynamic-overlay
    builtin-copy -exclude .DS_Store -exclude CVS -exclude .svn -exclude .git -exclude .hg -strip-unsigned-binaries -strip-deterministic -strip-tool /Applications/Xcode_16.4.app/Contents/Developer/Toolchains/XcodeDefault.xctoolchain/usr/bin/strip -resolve-src-symlinks -rename /Users/runner/Library/Developer/Xcode/DerivedData/SplatNative-dwmjesbccinwnzhdvkeajvbyatnj/Build/Intermediates.noindex/xctest-dynamic-overlay.build/Release-iphoneos/IssueReporting.build/Objects-normal/arm64/IssueReporting.swiftdoc /Users/runner/Library/Developer/Xcode/DerivedData/SplatNative-dwmjesbccinwnzhdvkeajvbyatnj/Build/Products/Release-iphoneos/IssueReporting.swiftmodule/arm64-apple-ios.swiftdoc

SwiftMergeGeneratedHeaders /Users/runner/Library/Developer/Xcode/DerivedData/SplatNative-dwmjesbccinwnzhdvkeajvbyatnj/Build/Intermediates.noindex/GeneratedModuleMaps-iphoneos/PLYIO-Swift.h /Users/runner/Library/Developer/Xcode/DerivedData/SplatNative-dwmjesbccinwnzhdvkeajvbyatnj/Build/Intermediates.noindex/MetalSplatter.build/Release-iphoneos/PLYIO.build/Objects-normal/arm64/PLYIO-Swift.h (in target 'PLYIO' from project 'MetalSplatter')
    cd /Users/runner/Library/Developer/Xcode/DerivedData/SplatNative-dwmjesbccinwnzhdvkeajvbyatnj/SourcePackages/checkouts/MetalSplatter
    builtin-swiftHeaderTool -arch arm64 /Users/runner/Library/Developer/Xcode/DerivedData/SplatNative-dwmjesbccinwnzhdvkeajvbyatnj/Build/Intermediates.noindex/MetalSplatter.build/Release-iphoneos/PLYIO.build/Objects-normal/arm64/PLYIO-Swift.h -o /Users/runner/Library/Developer/Xcode/DerivedData/SplatNative-dwmjesbccinwnzhdvkeajvbyatnj/Build/Intermediates.noindex/GeneratedModuleMaps-iphoneos/PLYIO-Swift.h

Copy /Users/runner/Library/Developer/Xcode/DerivedData/SplatNative-dwmjesbccinwnzhdvkeajvbyatnj/Build/Products/Release-iphoneos/PLYIO.swiftmodule/arm64-apple-ios.swiftmodule /Users/runner/Library/Developer/Xcode/DerivedData/SplatNative-dwmjesbccinwnzhdvkeajvbyatnj/Build/Intermediates.noindex/MetalSplatter.build/Release-iphoneos/PLYIO.build/Objects-normal/arm64/PLYIO.swiftmodule (in target 'PLYIO' from project 'MetalSplatter')
    cd /Users/runner/Library/Developer/Xcode/DerivedData/SplatNative-dwmjesbccinwnzhdvkeajvbyatnj/SourcePackages/checkouts/MetalSplatter
    builtin-copy -exclude .DS_Store -exclude CVS -exclude .svn -exclude .git -exclude .hg -strip-unsigned-binaries -strip-deterministic -strip-tool /Applications/Xcode_16.4.app/Contents/Developer/Toolchains/XcodeDefault.xctoolchain/usr/bin/strip -resolve-src-symlinks -rename /Users/runner/Library/Developer/Xcode/DerivedData/SplatNative-dwmjesbccinwnzhdvkeajvbyatnj/Build/Intermediates.noindex/MetalSplatter.build/Release-iphoneos/PLYIO.build/Objects-normal/arm64/PLYIO.swiftmodule /Users/runner/Library/Developer/Xcode/DerivedData/SplatNative-dwmjesbccinwnzhdvkeajvbyatnj/Build/Products/Release-iphoneos/PLYIO.swiftmodule/arm64-apple-ios.swiftmodule

Copy /Users/runner/Library/Developer/Xcode/DerivedData/SplatNative-dwmjesbccinwnzhdvkeajvbyatnj/Build/Products/Release-iphoneos/PLYIO.swiftmodule/arm64-apple-ios.swiftdoc /Users/runner/Library/Developer/Xcode/DerivedData/SplatNative-dwmjesbccinwnzhdvkeajvbyatnj/Build/Intermediates.noindex/MetalSplatter.build/Release-iphoneos/PLYIO.build/Objects-normal/arm64/PLYIO.swiftdoc (in target 'PLYIO' from project 'MetalSplatter')
    cd /Users/runner/Library/Developer/Xcode/DerivedData/SplatNative-dwmjesbccinwnzhdvkeajvbyatnj/SourcePackages/checkouts/MetalSplatter
    builtin-copy -exclude .DS_Store -exclude CVS -exclude .svn -exclude .git -exclude .hg -strip-unsigned-binaries -strip-deterministic -strip-tool /Applications/Xcode_16.4.app/Contents/Developer/Toolchains/XcodeDefault.xctoolchain/usr/bin/strip -resolve-src-symlinks -rename /Users/runner/Library/Developer/Xcode/DerivedData/SplatNative-dwmjesbccinwnzhdvkeajvbyatnj/Build/Intermediates.noindex/MetalSplatter.build/Release-iphoneos/PLYIO.build/Objects-normal/arm64/PLYIO.swiftdoc /Users/runner/Library/Developer/Xcode/DerivedData/SplatNative-dwmjesbccinwnzhdvkeajvbyatnj/Build/Products/Release-iphoneos/PLYIO.swiftmodule/arm64-apple-ios.swiftdoc

Copy /Users/runner/Library/Developer/Xcode/DerivedData/SplatNative-dwmjesbccinwnzhdvkeajvbyatnj/Build/Products/Release-iphoneos/PLYIO.swiftmodule/arm64-apple-ios.abi.json /Users/runner/Library/Developer/Xcode/DerivedData/SplatNative-dwmjesbccinwnzhdvkeajvbyatnj/Build/Intermediates.noindex/MetalSplatter.build/Release-iphoneos/PLYIO.build/Objects-normal/arm64/PLYIO.abi.json (in target 'PLYIO' from project 'MetalSplatter')
    cd /Users/runner/Library/Developer/Xcode/DerivedData/SplatNative-dwmjesbccinwnzhdvkeajvbyatnj/SourcePackages/checkouts/MetalSplatter
    builtin-copy -exclude .DS_Store -exclude CVS -exclude .svn -exclude .git -exclude .hg -strip-unsigned-binaries -strip-deterministic -strip-tool /Applications/Xcode_16.4.app/Contents/Developer/Toolchains/XcodeDefault.xctoolchain/usr/bin/strip -resolve-src-symlinks -rename /Users/runner/Library/Developer/Xcode/DerivedData/SplatNative-dwmjesbccinwnzhdvkeajvbyatnj/Build/Intermediates.noindex/MetalSplatter.build/Release-iphoneos/PLYIO.build/Objects-normal/arm64/PLYIO.abi.json /Users/runner/Library/Developer/Xcode/DerivedData/SplatNative-dwmjesbccinwnzhdvkeajvbyatnj/Build/Products/Release-iphoneos/PLYIO.swiftmodule/arm64-apple-ios.abi.json

Copy /Users/runner/Library/Developer/Xcode/DerivedData/SplatNative-dwmjesbccinwnzhdvkeajvbyatnj/Build/Products/Release-iphoneos/PLYIO.swiftmodule/Project/arm64-apple-ios.swiftsourceinfo /Users/runner/Library/Developer/Xcode/DerivedData/SplatNative-dwmjesbccinwnzhdvkeajvbyatnj/Build/Intermediates.noindex/MetalSplatter.build/Release-iphoneos/PLYIO.build/Objects-normal/arm64/PLYIO.swiftsourceinfo (in target 'PLYIO' from project 'MetalSplatter')
    cd /Users/runner/Library/Developer/Xcode/DerivedData/SplatNative-dwmjesbccinwnzhdvkeajvbyatnj/SourcePackages/checkouts/MetalSplatter
    builtin-copy -exclude .DS_Store -exclude CVS -exclude .svn -exclude .git -exclude .hg -strip-unsigned-binaries -strip-deterministic -strip-tool /Applications/Xcode_16.4.app/Contents/Developer/Toolchains/XcodeDefault.xctoolchain/usr/bin/strip -resolve-src-symlinks -rename /Users/runner/Library/Developer/Xcode/DerivedData/SplatNative-dwmjesbccinwnzhdvkeajvbyatnj/Build/Intermediates.noindex/MetalSplatter.build/Release-iphoneos/PLYIO.build/Objects-normal/arm64/PLYIO.swiftsourceinfo /Users/runner/Library/Developer/Xcode/DerivedData/SplatNative-dwmjesbccinwnzhdvkeajvbyatnj/Build/Products/Release-iphoneos/PLYIO.swiftmodule/Project/arm64-apple-ios.swiftsourceinfo

Copy /Users/runner/Library/Developer/Xcode/DerivedData/SplatNative-dwmjesbccinwnzhdvkeajvbyatnj/Build/Products/Release-iphoneos/IssueReporting.swiftmodule/arm64-apple-ios.abi.json /Users/runner/Library/Developer/Xcode/DerivedData/SplatNative-dwmjesbccinwnzhdvkeajvbyatnj/Build/Intermediates.noindex/xctest-dynamic-overlay.build/Release-iphoneos/IssueReporting.build/Objects-normal/arm64/IssueReporting.abi.json (in target 'IssueReporting' from project 'xctest-dynamic-overlay')
    cd /Users/runner/Library/Developer/Xcode/DerivedData/SplatNative-dwmjesbccinwnzhdvkeajvbyatnj/SourcePackages/checkouts/xctest-dynamic-overlay
    builtin-copy -exclude .DS_Store -exclude CVS -exclude .svn -exclude .git -exclude .hg -strip-unsigned-binaries -strip-deterministic -strip-tool /Applications/Xcode_16.4.app/Contents/Developer/Toolchains/XcodeDefault.xctoolchain/usr/bin/strip -resolve-src-symlinks -rename /Users/runner/Library/Developer/Xcode/DerivedData/SplatNative-dwmjesbccinwnzhdvkeajvbyatnj/Build/Intermediates.noindex/xctest-dynamic-overlay.build/Release-iphoneos/IssueReporting.build/Objects-normal/arm64/IssueReporting.abi.json /Users/runner/Library/Developer/Xcode/DerivedData/SplatNative-dwmjesbccinwnzhdvkeajvbyatnj/Build/Products/Release-iphoneos/IssueReporting.swiftmodule/arm64-apple-ios.abi.json

Copy /Users/runner/Library/Developer/Xcode/DerivedData/SplatNative-dwmjesbccinwnzhdvkeajvbyatnj/Build/Products/Release-iphoneos/IssueReporting.swiftmodule/Project/arm64-apple-ios.swiftsourceinfo /Users/runner/Library/Developer/Xcode/DerivedData/SplatNative-dwmjesbccinwnzhdvkeajvbyatnj/Build/Intermediates.noindex/xctest-dynamic-overlay.build/Release-iphoneos/IssueReporting.build/Objects-normal/arm64/IssueReporting.swiftsourceinfo (in target 'IssueReporting' from project 'xctest-dynamic-overlay')
    cd /Users/runner/Library/Developer/Xcode/DerivedData/SplatNative-dwmjesbccinwnzhdvkeajvbyatnj/SourcePackages/checkouts/xctest-dynamic-overlay
    builtin-copy -exclude .DS_Store -exclude CVS -exclude .svn -exclude .git -exclude .hg -strip-unsigned-binaries -strip-deterministic -strip-tool /Applications/Xcode_16.4.app/Contents/Developer/Toolchains/XcodeDefault.xctoolchain/usr/bin/strip -resolve-src-symlinks -rename /Users/runner/Library/Developer/Xcode/DerivedData/SplatNative-dwmjesbccinwnzhdvkeajvbyatnj/Build/Intermediates.noindex/xctest-dynamic-overlay.build/Release-iphoneos/IssueReporting.build/Objects-normal/arm64/IssueReporting.swiftsourceinfo /Users/runner/Library/Developer/Xcode/DerivedData/SplatNative-dwmjesbccinwnzhdvkeajvbyatnj/Build/Products/Release-iphoneos/IssueReporting.swiftmodule/Project/arm64-apple-ios.swiftsourceinfo

SwiftDriver ConcurrencyExtras normal arm64 com.apple.xcode.tools.swift.compiler (in target 'ConcurrencyExtras' from project 'swift-concurrency-extras')
    cd /Users/runner/work/ALLSUNDAY1122.github.io/ALLSUNDAY1122.github.io/splat-native-ios/SplatNative.xcodeproj
    builtin-SwiftDriver -- /Applications/Xcode_16.4.app/Contents/Developer/Toolchains/XcodeDefault.xctoolchain/usr/bin/swiftc -module-name ConcurrencyExtras -O -whole-module-optimization -enforce-exclusivity\=checked @/Users/runner/Library/Developer/Xcode/DerivedData/SplatNative-dwmjesbccinwnzhdvkeajvbyatnj/Build/Intermediates.noindex/swift-concurrency-extras.build/Release-iphoneos/ConcurrencyExtras.build/Objects-normal/arm64/ConcurrencyExtras.SwiftFileList -DSWIFT_PACKAGE -DXcode -enable-upcoming-feature ExistentialAny -enable-upcoming-feature ImmutableWeakCaptures -enable-upcoming-feature InferIsolatedConformances -enable-upcoming-feature InternalImportsByDefault -enable-upcoming-feature MemberImportVisibility -enable-upcoming-feature NonisolatedNonsendingByDefault -plugin-path /Applications/Xcode_16.4.app/Contents/Developer/Toolchains/XcodeDefault.xctoolchain/usr/lib/swift/host/plugins/testing -enable-experimental-feature DebugDescriptionMacro -sdk /Applications/Xcode_16.4.app/Contents/Developer/Platforms/iPhoneOS.platform/Developer/SDKs/iPhoneOS18.5.sdk -target arm64-apple-ios13.0 -g -module-cache-path /Users/runner/Library/Developer/Xcode/DerivedData/ModuleCache.noindex -Xfrontend -serialize-debugging-options -suppress-warnings -swift-version 6 -I /Users/runner/Library/Developer/Xcode/DerivedData/SplatNative-dwmjesbccinwnzhdvkeajvbyatnj/Build/Products/Release-iphoneos -I /Applications/Xcode_16.4.app/Contents/Developer/Platforms/iPhoneOS.platform/Developer/usr/lib -F /Users/runner/Library/Developer/Xcode/DerivedData/SplatNative-dwmjesbccinwnzhdvkeajvbyatnj/Build/Products/Release-iphoneos -F /Applications/Xcode_16.4.app/Contents/Developer/Platforms/iPhoneOS.platform/Developer/Library/Frameworks -F /Applications/Xcode_16.4.app/Contents/Developer/Platforms/iPhoneOS.platform/Developer/SDKs/iPhoneOS18.5.sdk/Developer/Library/Frameworks -c -num-threads 3 -Xcc -ivfsstatcache -Xcc /Users/runner/Library/Developer/Xcode/DerivedData/SDKStatCaches.noindex/iphoneos18.5-22F76-a529daf784b3616c7c04a36aeb7f5c05.sdkstatcache -output-file-map /Users/runner/Library/Developer/Xcode/DerivedData/SplatNative-dwmjesbccinwnzhdvkeajvbyatnj/Build/Intermediates.noindex/swift-concurrency-extras.build/Release-iphoneos/ConcurrencyExtras.build/Objects-normal/arm64/ConcurrencyExtras-OutputFileMap.json -use-frontend-parseable-output -save-temps -no-color-diagnostics -serialize-diagnostics -emit-dependencies -emit-module -emit-module-path /Users/runner/Library/Developer/Xcode/DerivedData/SplatNative-dwmjesbccinwnzhdvkeajvbyatnj/Build/Intermediates.noindex/swift-concurrency-extras.build/Release-iphoneos/ConcurrencyExtras.build/Objects-normal/arm64/ConcurrencyExtras.swiftmodule -user-module-version 1.4.1 -validate-clang-modules-once -clang-build-session-file /Users/runner/Library/Developer/Xcode/DerivedData/ModuleCache.noindex/Session.modulevalidation -package-name swift_concurrency_extras -Xcc -I/Users/runner/Library/Developer/Xcode/DerivedData/SplatNative-dwmjesbccinwnzhdvkeajvbyatnj/Build/Intermediates.noindex/swift-concurrency-extras.build/Release-iphoneos/ConcurrencyExtras.build/swift-overrides.hmap -emit-const-values -Xfrontend -const-gather-protocols-file -Xfrontend /Users/runner/Library/Developer/Xcode/DerivedData/SplatNative-dwmjesbccinwnzhdvkeajvbyatnj/Build/Intermediates.noindex/swift-concurrency-extras.build/Release-iphoneos/ConcurrencyExtras.build/Objects-normal/arm64/ConcurrencyExtras_const_extract_protocols.json -Xcc -I/Users/runner/Library/Developer/Xcode/DerivedData/SplatNative-dwmjesbccinwnzhdvkeajvbyatnj/Build/Products/Release-iphoneos/include -Xcc -I/Users/runner/Library/Developer/Xcode/DerivedData/SplatNative-dwmjesbccinwnzhdvkeajvbyatnj/Build/Intermediates.noindex/swift-concurrency-extras.build/Release-iphoneos/ConcurrencyExtras.build/DerivedSources-normal/arm64 -Xcc -I/Users/runner/Library/Developer/Xcode/DerivedData/SplatNative-dwmjesbccinwnzhdvkeajvbyatnj/Build/Intermediates.noindex/swift-concurrency-extras.build/Release-iphoneos/ConcurrencyExtras.build/DerivedSources/arm64 -Xcc -I/Users/runner/Library/Developer/Xcode/DerivedData/SplatNative-dwmjesbccinwnzhdvkeajvbyatnj/Build/Intermediates.noindex/swift-concurrency-extras.build/Release-iphoneos/ConcurrencyExtras.build/DerivedSources -Xcc -DSWIFT_PACKAGE -emit-objc-header -emit-objc-header-path /Users/runner/Library/Developer/Xcode/DerivedData/SplatNative-dwmjesbccinwnzhdvkeajvbyatnj/Build/Intermediates.noindex/swift-concurrency-extras.build/Release-iphoneos/ConcurrencyExtras.build/Objects-normal/arm64/ConcurrencyExtras-Swift.h -working-directory /Users/runner/work/ALLSUNDAY1122.github.io/ALLSUNDAY1122.github.io/splat-native-ios/SplatNative.xcodeproj -no-emit-module-separately-wmo

CompileC /Users/runner/Library/Developer/Xcode/DerivedData/SplatNative-dwmjesbccinwnzhdvkeajvbyatnj/Build/Intermediates.noindex/Msplat.build/Release-iphoneos/MsplatCore.build/Objects-normal/arm64/ssim.o /Users/runner/work/ALLSUNDAY1122.github.io/ALLSUNDAY1122.github.io/splat-native-ios/Packages/MsplatMemory/Sources/MsplatCore/src/ssim.cpp normal arm64 c++ com.apple.compilers.llvm.clang.1_0.compiler (in target 'MsplatCore' from project 'Msplat')
    cd /Users/runner/work/ALLSUNDAY1122.github.io/ALLSUNDAY1122.github.io/splat-native-ios/SplatNative.xcodeproj
    
    Using response file: /Users/runner/Library/Developer/Xcode/DerivedData/SplatNative-dwmjesbccinwnzhdvkeajvbyatnj/Build/Intermediates.noindex/Msplat.build/Release-iphoneos/MsplatCore.build/Objects-normal/arm64/82b82416624d2658e5098eb0a28c15c5-common-args.resp
    
    /Applications/Xcode_16.4.app/Contents/Developer/Toolchains/XcodeDefault.xctoolchain/usr/bin/clang -x c++ -ivfsstatcache /Users/runner/Library/Developer/Xcode/DerivedData/SDKStatCaches.noindex/iphoneos18.5-22F76-a529daf784b3616c7c04a36aeb7f5c05.sdkstatcache -fmessage-length\=0 -fdiagnostics-show-note-include-stack -fmacro-backtrace-limit\=0 -fno-color-diagnostics -fmodules-prune-interval\=86400 -fmodules-prune-after\=345600 -fbuild-session-file\=/Users/runner/Library/Developer/Xcode/DerivedData/ModuleCache.noindex/Session.modulevalidation -fmodules-validate-once-per-build-session -Wnon-modular-include-in-framework-module -Werror\=non-modular-include-in-framework-module -Wno-trigraphs -Wno-missing-field-initializers -Wno-missing-prototypes -Wno-return-type -Wno-non-virtual-dtor -Wno-overloaded-virtual -Wno-exit-time-destructors -Wno-missing-braces -Wparentheses -Wswitch -Wno-unused-function -Wno-unused-label -Wno-unused-parameter -Wno-unused-variable -Wunused-value -Wno-empty-body -Wno-uninitialized -Wno-unknown-pragmas -Wno-shadow -Wno-four-char-constants -Wno-conversion -Wno-constant-conversion -Wno-int-conversion -Wno-bool-conversion -Wno-enum-conversion -Wno-float-conversion -Wno-non-literal-null-conversion -Wno-objc-literal-conversion -Wshorten-64-to-32 -Wno-newline-eof -Wno-c++11-extensions -Wno-implicit-fallthrough -fstrict-aliasing -Wdeprecated-declarations -Winvalid-offsetof -Wno-sign-conversion -Wno-infinite-recursion -Wno-move -Wno-comma -Wno-block-capture-autoreleasing -Wno-strict-prototypes -Wno-range-loop-analysis -Wno-semicolon-before-method-body @/Users/runner/Library/Developer/Xcode/DerivedData/SplatNative-dwmjesbccinwnzhdvkeajvbyatnj/Build/Intermediates.noindex/Msplat.build/Release-iphoneos/MsplatCore.build/Objects-normal/arm64/82b82416624d2658e5098eb0a28c15c5-common-args.resp -MMD -MT dependencies -MF /Users/runner/Library/Developer/Xcode/DerivedData/SplatNative-dwmjesbccinwnzhdvkeajvbyatnj/Build/Intermediates.noindex/Msplat.build/Release-iphoneos/MsplatCore.build/Objects-normal/arm64/ssim.d --serialize-diagnostics /Users/runner/Library/Developer/Xcode/DerivedData/SplatNative-dwmjesbccinwnzhdvkeajvbyatnj/Build/Intermediates.noindex/Msplat.build/Release-iphoneos/MsplatCore.build/Objects-normal/arm64/ssim.dia -c /Users/runner/work/ALLSUNDAY1122.github.io/ALLSUNDAY1122.github.io/splat-native-ios/Packages/MsplatMemory/Sources/MsplatCore/src/ssim.cpp -o /Users/runner/Library/Developer/Xcode/DerivedData/SplatNative-dwmjesbccinwnzhdvkeajvbyatnj/Build/Intermediates.noindex/Msplat.build/Release-iphoneos/MsplatCore.build/Objects-normal/arm64/ssim.o
/Users/runner/work/ALLSUNDAY1122.github.io/ALLSUNDAY1122.github.io/splat-native-ios/Packages/MsplatMemory/Sources/MsplatCore/src/ssim.cpp:63:22: warning: implicit conversion loses integer precision: 'int64_t' (aka 'long long') to 'int' [-Wshorten-64-to-32]
   63 |     int H = rendered.size(0);
      |         ~   ~~~~~~~~~^~~~~~~
/Users/runner/work/ALLSUNDAY1122.github.io/ALLSUNDAY1122.github.io/splat-native-ios/Packages/MsplatMemory/Sources/MsplatCore/src/ssim.cpp:64:22: warning: implicit conversion loses integer precision: 'int64_t' (aka 'long long') to 'int' [-Wshorten-64-to-32]
   64 |     int W = rendered.size(1);
      |         ~   ~~~~~~~~~^~~~~~~
/Users/runner/work/ALLSUNDAY1122.github.io/ALLSUNDAY1122.github.io/splat-native-ios/Packages/MsplatMemory/Sources/MsplatCore/src/ssim.cpp:65:22: warning: implicit conversion loses integer precision: 'int64_t' (aka 'long long') to 'int' [-Wshorten-64-to-32]
   65 |     int C = rendered.size(2);
      |         ~   ~~~~~~~~~^~~~~~~
3 warnings generated.

SwiftCompile normal arm64 Compiling\ ActorIsolated.swift,\ AnyHashableSendable.swift,\ AsyncStream.swift,\ AsyncThrowingStream.swift,\ Locking.swift,\ UncheckedBox.swift,\ LockIsolated.swift,\ MainSerialExecutor.swift,\ Result.swift,\ Task.swift,\ UncheckedSendable.swift /Users/runner/Library/Developer/Xcode/DerivedData/SplatNative-dwmjesbccinwnzhdvkeajvbyatnj/SourcePackages/checkouts/swift-concurrency-extras/Sources/ConcurrencyExtras/ActorIsolated.swift /Users/runner/Library/Developer/Xcode/DerivedData/SplatNative-dwmjesbccinwnzhdvkeajvbyatnj/SourcePackages/checkouts/swift-concurrency-extras/Sources/ConcurrencyExtras/AnyHashableSendable.swift /Users/runner/Library/Developer/Xcode/DerivedData/SplatNative-dwmjesbccinwnzhdvkeajvbyatnj/SourcePackages/checkouts/swift-concurrency-extras/Sources/ConcurrencyExtras/AsyncStream.swift /Users/runner/Library/Developer/Xcode/DerivedData/SplatNative-dwmjesbccinwnzhdvkeajvbyatnj/SourcePackages/checkouts/swift-concurrency-extras/Sources/ConcurrencyExtras/AsyncThrowingStream.swift /Users/runner/Library/Developer/Xcode/DerivedData/SplatNative-dwmjesbccinwnzhdvkeajvbyatnj/SourcePackages/checkouts/swift-concurrency-extras/Sources/ConcurrencyExtras/Internal/Locking.swift /Users/runner/Library/Developer/Xcode/DerivedData/SplatNative-dwmjesbccinwnzhdvkeajvbyatnj/SourcePackages/checkouts/swift-concurrency-extras/Sources/ConcurrencyExtras/Internal/UncheckedBox.swift /Users/runner/Library/Developer/Xcode/DerivedData/SplatNative-dwmjesbccinwnzhdvkeajvbyatnj/SourcePackages/checkouts/swift-concurrency-extras/Sources/ConcurrencyExtras/LockIsolated.swift /Users/runner/Library/Developer/Xcode/DerivedData/SplatNative-dwmjesbccinwnzhdvkeajvbyatnj/SourcePackages/checkouts/swift-concurrency-extras/Sources/ConcurrencyExtras/MainSerialExecutor.swift /Users/runner/Library/Developer/Xcode/DerivedData/SplatNative-dwmjesbccinwnzhdvkeajvbyatnj/SourcePackages/checkouts/swift-concurrency-extras/Sources/ConcurrencyExtras/Result.swift /Users/runner/Library/Developer/Xcode/DerivedData/SplatNative-dwmjesbccinwnzhdvkeajvbyatnj/SourcePackages/checkouts/swift-concurrency-extras/Sources/ConcurrencyExtras/Task.swift /Users/runner/Library/Developer/Xcode/DerivedData/SplatNative-dwmjesbccinwnzhdvkeajvbyatnj/SourcePackages/checkouts/swift-concurrency-extras/Sources/ConcurrencyExtras/UncheckedSendable.swift (in target 'ConcurrencyExtras' from project 'swift-concurrency-extras')

CompileSwift normal arm64 (in target 'ConcurrencyExtras' from project 'swift-concurrency-extras')
    cd /Users/runner/work/ALLSUNDAY1122.github.io/ALLSUNDAY1122.github.io/splat-native-ios/SplatNative.xcodeproj
    

SwiftDriverJobDiscovery normal arm64 Compiling resource_bundle_accessor.swift, AES-GCM.swift, AES-GCM_boring.swift, ChaChaPoly_boring.swift, ChaChaPoly.swift, Cipher.swift, Nonces.swift, ASN1.swift, ASN1Any.swift, ASN1BitString.swift, ASN1Boolean.swift, ASN1Identifier.swift, ASN1Integer.swift, ASN1Null.swift, ASN1OctetString.swift, ASN1Strings.swift, ArraySliceBigint.swift, GeneralizedTime.swift, ObjectIdentifier.swift, ECDSASignature.swift, PEMDocument.swift, PKCS8PrivateKey.swift, SEC1PrivateKey.swift, SubjectPublicKeyInfo.swift, CryptoError_boring.swift, CryptoKitErrors.swift, Digest_boring.swift, Digest.swift, Digests.swift, HashFunctions.swift, HashFunctions_SHA2.swift, HashFunctions_SHA3.swift, Digest_xkcp.swift, HPKE-AEAD.swift, HPKE-Ciphersuite.swift, HPKE-KDF.swift, HPKE-KexKeyDerivation.swift, HPKE-LabeledExtract.swift, HPKE-Utils.swift, DHKEM.swift, HPKE-KEM-Curve25519.swift, HPKE-NIST-EC-KEMs.swift, HPKE-KEM.swift, HPKE-Errors.swift, HPKE.swift, HPKE-Context.swift, HPKE-KeySchedule.swift, HPKE-Modes.swift, Insecure.swift, Insecure_HashFunctions.swift, MLKEM_boring.swift, MLKEM_wrapper.swift, XWing_boring.swift, KEM-Errors.swift, KEM.swift, MLKEM.swift, XWing.swift, ECDH_boring.swift, DH.swift, ECDH.swift, ANSIx963.swift, HKDF.swift, AESWrap.swift, AESWrap_boring.swift, Ed25519_boring.swift, NISTCurvesKeys_boring.swift, X25519Keys_boring.swift, Curve25519.swift, Ed25519Keys.swift, NISTCurvesKeys.swift, X25519Keys.swift, SymmetricKeys.swift, HMAC.swift, MACFunctions.swift, MessageAuthenticationCode.swift, AES.swift, ECDSASignature_boring.swift, ECDSA_boring.swift, EdDSA_boring.swift, MLDSA_boring.swift, MLDSA_wrapper.swift, ECDSA.swift, Ed25519.swift, MLDSA.swift, Signature.swift, CryptoKitErrors_boring.swift, Optional+withUnsafeBytes_boring.swift, RNG_boring.swift, SafeCompare_boring.swift, Zeroization_boring.swift, _CryptoModuleAnchor.swift, PrettyBytes.swift, SafeCompare.swift, SecureBytes.swift, Zeroization.swift (in target 'Crypto' from project 'swift-crypto')

SwiftDriver\ Compilation\ Requirements Crypto normal arm64 com.apple.xcode.tools.swift.compiler (in target 'Crypto' from project 'swift-crypto')
    cd /Users/runner/work/ALLSUNDAY1122.github.io/ALLSUNDAY1122.github.io/splat-native-ios/SplatNative.xcodeproj
    builtin-Swift-Compilation-Requirements -- /Applications/Xcode_16.4.app/Contents/Developer/Toolchains/XcodeDefault.xctoolchain/usr/bin/swiftc -module-name Crypto -O -whole-module-optimization -enforce-exclusivity\=checked @/Users/runner/Library/Developer/Xcode/DerivedData/SplatNative-dwmjesbccinwnzhdvkeajvbyatnj/Build/Intermediates.noindex/swift-crypto.build/Release-iphoneos/Crypto.build/Objects-normal/arm64/Crypto.SwiftFileList -DSWIFT_PACKAGE -DCRYPTO_IN_SWIFTPM -DXcode -enable-upcoming-feature MemberImportVisibility -plugin-path /Applications/Xcode_16.4.app/Contents/Developer/Toolchains/XcodeDefault.xctoolchain/usr/lib/swift/host/plugins/testing -enable-experimental-feature DebugDescriptionMacro -sdk /Applications/Xcode_16.4.app/Contents/Developer/Platforms/iPhoneOS.platform/Developer/SDKs/iPhoneOS18.5.sdk -target arm64-apple-ios12.0 -g -module-cache-path /Users/runner/Library/Developer/Xcode/DerivedData/ModuleCache.noindex -Xfrontend -serialize-debugging-options -suppress-warnings -swift-version 6 -I /Users/runner/Library/Developer/Xcode/DerivedData/SplatNative-dwmjesbccinwnzhdvkeajvbyatnj/Build/Products/Release-iphoneos -I /Applications/Xcode_16.4.app/Contents/Developer/Platforms/iPhoneOS.platform/Developer/usr/lib -F /Users/runner/Library/Developer/Xcode/DerivedData/SplatNative-dwmjesbccinwnzhdvkeajvbyatnj/Build/Products/Release-iphoneos -F /Applications/Xcode_16.4.app/Contents/Developer/Platforms/iPhoneOS.platform/Developer/Library/Frameworks -F /Applications/Xcode_16.4.app/Contents/Developer/Platforms/iPhoneOS.platform/Developer/SDKs/iPhoneOS18.5.sdk/Developer/Library/Frameworks -c -num-threads 3 -Xcc -ivfsstatcache -Xcc /Users/runner/Library/Developer/Xcode/DerivedData/SDKStatCaches.noindex/iphoneos18.5-22F76-a529daf784b3616c7c04a36aeb7f5c05.sdkstatcache -output-file-map /Users/runner/Library/Developer/Xcode/DerivedData/SplatNative-dwmjesbccinwnzhdvkeajvbyatnj/Build/Intermediates.noindex/swift-crypto.build/Release-iphoneos/Crypto.build/Objects-normal/arm64/Crypto-OutputFileMap.json -use-frontend-parseable-output -save-temps -no-color-diagnostics -serialize-diagnostics -emit-dependencies -emit-module -emit-module-path /Users/runner/Library/Developer/Xcode/DerivedData/SplatNative-dwmjesbccinwnzhdvkeajvbyatnj/Build/Intermediates.noindex/swift-crypto.build/Release-iphoneos/Crypto.build/Objects-normal/arm64/Crypto.swiftmodule -user-module-version 4.5.2 -validate-clang-modules-once -clang-build-session-file /Users/runner/Library/Developer/Xcode/DerivedData/ModuleCache.noindex/Session.modulevalidation -package-name swift_crypto -Xcc -I/Users/runner/Library/Developer/Xcode/DerivedData/SplatNative-dwmjesbccinwnzhdvkeajvbyatnj/Build/Intermediates.noindex/swift-crypto.build/Release-iphoneos/Crypto.build/swift-overrides.hmap -emit-const-values -Xfrontend -const-gather-protocols-file -Xfrontend /Users/runner/Library/Developer/Xcode/DerivedData/SplatNative-dwmjesbccinwnzhdvkeajvbyatnj/Build/Intermediates.noindex/swift-crypto.build/Release-iphoneos/Crypto.build/Objects-normal/arm64/Crypto_const_extract_protocols.json -Xcc -I/Users/runner/Library/Developer/Xcode/DerivedData/SplatNative-dwmjesbccinwnzhdvkeajvbyatnj/Build/Products/Release-iphoneos/include -Xcc -I/Users/runner/Library/Developer/Xcode/DerivedData/SplatNative-dwmjesbccinwnzhdvkeajvbyatnj/Build/Intermediates.noindex/swift-crypto.build/Release-iphoneos/Crypto.build/DerivedSources-normal/arm64 -Xcc -I/Users/runner/Library/Developer/Xcode/DerivedData/SplatNative-dwmjesbccinwnzhdvkeajvbyatnj/Build/Intermediates.noindex/swift-crypto.build/Release-iphoneos/Crypto.build/DerivedSources/arm64 -Xcc -I/Users/runner/Library/Developer/Xcode/DerivedData/SplatNative-dwmjesbccinwnzhdvkeajvbyatnj/Build/Intermediates.noindex/swift-crypto.build/Release-iphoneos/Crypto.build/DerivedSources -Xcc -DSWIFT_PACKAGE -emit-objc-header -emit-objc-header-path /Users/runner/Library/Developer/Xcode/DerivedData/SplatNative-dwmjesbccinwnzhdvkeajvbyatnj/Build/Intermediates.noindex/swift-crypto.build/Release-iphoneos/Crypto.build/Objects-normal/arm64/Crypto-Swift.h -working-directory /Users/runner/work/ALLSUNDAY1122.github.io/ALLSUNDAY1122.github.io/splat-native-ios/SplatNative.xcodeproj -no-emit-module-separately-wmo

CompileC /Users/runner/Library/Developer/Xcode/DerivedData/SplatNative-dwmjesbccinwnzhdvkeajvbyatnj/Build/Intermediates.noindex/Msplat.build/Release-iphoneos/MsplatCore.build/Objects-normal/arm64/save_gaussians.o /Users/runner/work/ALLSUNDAY1122.github.io/ALLSUNDAY1122.github.io/splat-native-ios/Packages/MsplatMemory/Sources/MsplatCore/src/loaders/save_gaussians.cpp normal arm64 c++ com.apple.compilers.llvm.clang.1_0.compiler (in target 'MsplatCore' from project 'Msplat')
    cd /Users/runner/work/ALLSUNDAY1122.github.io/ALLSUNDAY1122.github.io/splat-native-ios/SplatNative.xcodeproj
    
    Using response file: /Users/runner/Library/Developer/Xcode/DerivedData/SplatNative-dwmjesbccinwnzhdvkeajvbyatnj/Build/Intermediates.noindex/Msplat.build/Release-iphoneos/MsplatCore.build/Objects-normal/arm64/82b82416624d2658e5098eb0a28c15c5-common-args.resp
    
    /Applications/Xcode_16.4.app/Contents/Developer/Toolchains/XcodeDefault.xctoolchain/usr/bin/clang -x c++ -ivfsstatcache /Users/runner/Library/Developer/Xcode/DerivedData/SDKStatCaches.noindex/iphoneos18.5-22F76-a529daf784b3616c7c04a36aeb7f5c05.sdkstatcache -fmessage-length\=0 -fdiagnostics-show-note-include-stack -fmacro-backtrace-limit\=0 -fno-color-diagnostics -fmodules-prune-interval\=86400 -fmodules-prune-after\=345600 -fbuild-session-file\=/Users/runner/Library/Developer/Xcode/DerivedData/ModuleCache.noindex/Session.modulevalidation -fmodules-validate-once-per-build-session -Wnon-modular-include-in-framework-module -Werror\=non-modular-include-in-framework-module -Wno-trigraphs -Wno-missing-field-initializers -Wno-missing-prototypes -Wno-return-type -Wno-non-virtual-dtor -Wno-overloaded-virtual -Wno-exit-time-destructors -Wno-missing-braces -Wparentheses -Wswitch -Wno-unused-function -Wno-unused-label -Wno-unused-parameter -Wno-unused-variable -Wunused-value -Wno-empty-body -Wno-uninitialized -Wno-unknown-pragmas -Wno-shadow -Wno-four-char-constants -Wno-conversion -Wno-constant-conversion -Wno-int-conversion -Wno-bool-conversion -Wno-enum-conversion -Wno-float-conversion -Wno-non-literal-null-conversion -Wno-objc-literal-conversion -Wshorten-64-to-32 -Wno-newline-eof -Wno-c++11-extensions -Wno-implicit-fallthrough -fstrict-aliasing -Wdeprecated-declarations -Winvalid-offsetof -Wno-sign-conversion -Wno-infinite-recursion -Wno-move -Wno-comma -Wno-block-capture-autoreleasing -Wno-strict-prototypes -Wno-range-loop-analysis -Wno-semicolon-before-method-body @/Users/runner/Library/Developer/Xcode/DerivedData/SplatNative-dwmjesbccinwnzhdvkeajvbyatnj/Build/Intermediates.noindex/Msplat.build/Release-iphoneos/MsplatCore.build/Objects-normal/arm64/82b82416624d2658e5098eb0a28c15c5-common-args.resp -MMD -MT dependencies -MF /Users/runner/Library/Developer/Xcode/DerivedData/SplatNative-dwmjesbccinwnzhdvkeajvbyatnj/Build/Intermediates.noindex/Msplat.build/Release-iphoneos/MsplatCore.build/Objects-normal/arm64/save_gaussians.d --serialize-diagnostics /Users/runner/Library/Developer/Xcode/DerivedData/SplatNative-dwmjesbccinwnzhdvkeajvbyatnj/Build/Intermediates.noindex/Msplat.build/Release-iphoneos/MsplatCore.build/Objects-normal/arm64/save_gaussians.dia -c /Users/runner/work/ALLSUNDAY1122.github.io/ALLSUNDAY1122.github.io/splat-native-ios/Packages/MsplatMemory/Sources/MsplatCore/src/loaders/save_gaussians.cpp -o /Users/runner/Library/Developer/Xcode/DerivedData/SplatNative-dwmjesbccinwnzhdvkeajvbyatnj/Build/Intermediates.noindex/Msplat.build/Release-iphoneos/MsplatCore.build/Objects-normal/arm64/save_gaussians.o

SwiftMergeGeneratedHeaders /Users/runner/Library/Developer/Xcode/DerivedData/SplatNative-dwmjesbccinwnzhdvkeajvbyatnj/Build/Intermediates.noindex/GeneratedModuleMaps-iphoneos/Crypto-Swift.h /Users/runner/Library/Developer/Xcode/DerivedData/SplatNative-dwmjesbccinwnzhdvkeajvbyatnj/Build/Intermediates.noindex/swift-crypto.build/Release-iphoneos/Crypto.build/Objects-normal/arm64/Crypto-Swift.h (in target 'Crypto' from project 'swift-crypto')
    cd /Users/runner/Library/Developer/Xcode/DerivedData/SplatNative-dwmjesbccinwnzhdvkeajvbyatnj/SourcePackages/checkouts/swift-crypto
    builtin-swiftHeaderTool -arch arm64 /Users/runner/Library/Developer/Xcode/DerivedData/SplatNative-dwmjesbccinwnzhdvkeajvbyatnj/Build/Intermediates.noindex/swift-crypto.build/Release-iphoneos/Crypto.build/Objects-normal/arm64/Crypto-Swift.h -o /Users/runner/Library/Developer/Xcode/DerivedData/SplatNative-dwmjesbccinwnzhdvkeajvbyatnj/Build/Intermediates.noindex/GeneratedModuleMaps-iphoneos/Crypto-Swift.h

SwiftDriverJobDiscovery normal arm64 Compiling ActorIsolated.swift, AnyHashableSendable.swift, AsyncStream.swift, AsyncThrowingStream.swift, Locking.swift, UncheckedBox.swift, LockIsolated.swift, MainSerialExecutor.swift, Result.swift, Task.swift, UncheckedSendable.swift (in target 'ConcurrencyExtras' from project 'swift-concurrency-extras')

Copy /Users/runner/Library/Developer/Xcode/DerivedData/SplatNative-dwmjesbccinwnzhdvkeajvbyatnj/Build/Products/Release-iphoneos/Crypto.swiftmodule/arm64-apple-ios.swiftmodule /Users/runner/Library/Developer/Xcode/DerivedData/SplatNative-dwmjesbccinwnzhdvkeajvbyatnj/Build/Intermediates.noindex/swift-crypto.build/Release-iphoneos/Crypto.build/Objects-normal/arm64/Crypto.swiftmodule (in target 'Crypto' from project 'swift-crypto')
    cd /Users/runner/Library/Developer/Xcode/DerivedData/SplatNative-dwmjesbccinwnzhdvkeajvbyatnj/SourcePackages/checkouts/swift-crypto
    builtin-copy -exclude .DS_Store -exclude CVS -exclude .svn -exclude .git -exclude .hg -strip-unsigned-binaries -strip-deterministic -strip-tool /Applications/Xcode_16.4.app/Contents/Developer/Toolchains/XcodeDefault.xctoolchain/usr/bin/strip -resolve-src-symlinks -rename /Users/runner/Library/Developer/Xcode/DerivedData/SplatNative-dwmjesbccinwnzhdvkeajvbyatnj/Build/Intermediates.noindex/swift-crypto.build/Release-iphoneos/Crypto.build/Objects-normal/arm64/Crypto.swiftmodule /Users/runner/Library/Developer/Xcode/DerivedData/SplatNative-dwmjesbccinwnzhdvkeajvbyatnj/Build/Products/Release-iphoneos/Crypto.swiftmodule/arm64-apple-ios.swiftmodule

Copy /Users/runner/Library/Developer/Xcode/DerivedData/SplatNative-dwmjesbccinwnzhdvkeajvbyatnj/Build/Products/Release-iphoneos/Crypto.swiftmodule/arm64-apple-ios.swiftdoc /Users/runner/Library/Developer/Xcode/DerivedData/SplatNative-dwmjesbccinwnzhdvkeajvbyatnj/Build/Intermediates.noindex/swift-crypto.build/Release-iphoneos/Crypto.build/Objects-normal/arm64/Crypto.swiftdoc (in target 'Crypto' from project 'swift-crypto')
    cd /Users/runner/Library/Developer/Xcode/DerivedData/SplatNative-dwmjesbccinwnzhdvkeajvbyatnj/SourcePackages/checkouts/swift-crypto
    builtin-copy -exclude .DS_Store -exclude CVS -exclude .svn -exclude .git -exclude .hg -strip-unsigned-binaries -strip-deterministic -strip-tool /Applications/Xcode_16.4.app/Contents/Developer/Toolchains/XcodeDefault.xctoolchain/usr/bin/strip -resolve-src-symlinks -rename /Users/runner/Library/Developer/Xcode/DerivedData/SplatNative-dwmjesbccinwnzhdvkeajvbyatnj/Build/Intermediates.noindex/swift-crypto.build/Release-iphoneos/Crypto.build/Objects-normal/arm64/Crypto.swiftdoc /Users/runner/Library/Developer/Xcode/DerivedData/SplatNative-dwmjesbccinwnzhdvkeajvbyatnj/Build/Products/Release-iphoneos/Crypto.swiftmodule/arm64-apple-ios.swiftdoc

Copy /Users/runner/Library/Developer/Xcode/DerivedData/SplatNative-dwmjesbccinwnzhdvkeajvbyatnj/Build/Products/Release-iphoneos/Crypto.swiftmodule/arm64-apple-ios.abi.json /Users/runner/Library/Developer/Xcode/DerivedData/SplatNative-dwmjesbccinwnzhdvkeajvbyatnj/Build/Intermediates.noindex/swift-crypto.build/Release-iphoneos/Crypto.build/Objects-normal/arm64/Crypto.abi.json (in target 'Crypto' from project 'swift-crypto')
    cd /Users/runner/Library/Developer/Xcode/DerivedData/SplatNative-dwmjesbccinwnzhdvkeajvbyatnj/SourcePackages/checkouts/swift-crypto
    builtin-copy -exclude .DS_Store -exclude CVS -exclude .svn -exclude .git -exclude .hg -strip-unsigned-binaries -strip-deterministic -strip-tool /Applications/Xcode_16.4.app/Contents/Developer/Toolchains/XcodeDefault.xctoolchain/usr/bin/strip -resolve-src-symlinks -rename /Users/runner/Library/Developer/Xcode/DerivedData/SplatNative-dwmjesbccinwnzhdvkeajvbyatnj/Build/Intermediates.noindex/swift-crypto.build/Release-iphoneos/Crypto.build/Objects-normal/arm64/Crypto.abi.json /Users/runner/Library/Developer/Xcode/DerivedData/SplatNative-dwmjesbccinwnzhdvkeajvbyatnj/Build/Products/Release-iphoneos/Crypto.swiftmodule/arm64-apple-ios.abi.json

Copy /Users/runner/Library/Developer/Xcode/DerivedData/SplatNative-dwmjesbccinwnzhdvkeajvbyatnj/Build/Products/Release-iphoneos/Crypto.swiftmodule/Project/arm64-apple-ios.swiftsourceinfo /Users/runner/Library/Developer/Xcode/DerivedData/SplatNative-dwmjesbccinwnzhdvkeajvbyatnj/Build/Intermediates.noindex/swift-crypto.build/Release-iphoneos/Crypto.build/Objects-normal/arm64/Crypto.swiftsourceinfo (in target 'Crypto' from project 'swift-crypto')
    cd /Users/runner/Library/Developer/Xcode/DerivedData/SplatNative-dwmjesbccinwnzhdvkeajvbyatnj/SourcePackages/checkouts/swift-crypto
    builtin-copy -exclude .DS_Store -exclude CVS -exclude .svn -exclude .git -exclude .hg -strip-unsigned-binaries -strip-deterministic -strip-tool /Applications/Xcode_16.4.app/Contents/Developer/Toolchains/XcodeDefault.xctoolchain/usr/bin/strip -resolve-src-symlinks -rename /Users/runner/Library/Developer/Xcode/DerivedData/SplatNative-dwmjesbccinwnzhdvkeajvbyatnj/Build/Intermediates.noindex/swift-crypto.build/Release-iphoneos/Crypto.build/Objects-normal/arm64/Crypto.swiftsourceinfo /Users/runner/Library/Developer/Xcode/DerivedData/SplatNative-dwmjesbccinwnzhdvkeajvbyatnj/Build/Products/Release-iphoneos/Crypto.swiftmodule/Project/arm64-apple-ios.swiftsourceinfo

SwiftDriver\ Compilation\ Requirements ConcurrencyExtras normal arm64 com.apple.xcode.tools.swift.compiler (in target 'ConcurrencyExtras' from project 'swift-concurrency-extras')
    cd /Users/runner/work/ALLSUNDAY1122.github.io/ALLSUNDAY1122.github.io/splat-native-ios/SplatNative.xcodeproj
    builtin-Swift-Compilation-Requirements -- /Applications/Xcode_16.4.app/Contents/Developer/Toolchains/XcodeDefault.xctoolchain/usr/bin/swiftc -module-name ConcurrencyExtras -O -whole-module-optimization -enforce-exclusivity\=checked @/Users/runner/Library/Developer/Xcode/DerivedData/SplatNative-dwmjesbccinwnzhdvkeajvbyatnj/Build/Intermediates.noindex/swift-concurrency-extras.build/Release-iphoneos/ConcurrencyExtras.build/Objects-normal/arm64/ConcurrencyExtras.SwiftFileList -DSWIFT_PACKAGE -DXcode -enable-upcoming-feature ExistentialAny -enable-upcoming-feature ImmutableWeakCaptures -enable-upcoming-feature InferIsolatedConformances -enable-upcoming-feature InternalImportsByDefault -enable-upcoming-feature MemberImportVisibility -enable-upcoming-feature NonisolatedNonsendingByDefault -plugin-path /Applications/Xcode_16.4.app/Contents/Developer/Toolchains/XcodeDefault.xctoolchain/usr/lib/swift/host/plugins/testing -enable-experimental-feature DebugDescriptionMacro -sdk /Applications/Xcode_16.4.app/Contents/Developer/Platforms/iPhoneOS.platform/Developer/SDKs/iPhoneOS18.5.sdk -target arm64-apple-ios13.0 -g -module-cache-path /Users/runner/Library/Developer/Xcode/DerivedData/ModuleCache.noindex -Xfrontend -serialize-debugging-options -suppress-warnings -swift-version 6 -I /Users/runner/Library/Developer/Xcode/DerivedData/SplatNative-dwmjesbccinwnzhdvkeajvbyatnj/Build/Products/Release-iphoneos -I /Applications/Xcode_16.4.app/Contents/Developer/Platforms/iPhoneOS.platform/Developer/usr/lib -F /Users/runner/Library/Developer/Xcode/DerivedData/SplatNative-dwmjesbccinwnzhdvkeajvbyatnj/Build/Products/Release-iphoneos -F /Applications/Xcode_16.4.app/Contents/Developer/Platforms/iPhoneOS.platform/Developer/Library/Frameworks -F /Applications/Xcode_16.4.app/Contents/Developer/Platforms/iPhoneOS.platform/Developer/SDKs/iPhoneOS18.5.sdk/Developer/Library/Frameworks -c -num-threads 3 -Xcc -ivfsstatcache -Xcc /Users/runner/Library/Developer/Xcode/DerivedData/SDKStatCaches.noindex/iphoneos18.5-22F76-a529daf784b3616c7c04a36aeb7f5c05.sdkstatcache -output-file-map /Users/runner/Library/Developer/Xcode/DerivedData/SplatNative-dwmjesbccinwnzhdvkeajvbyatnj/Build/Intermediates.noindex/swift-concurrency-extras.build/Release-iphoneos/ConcurrencyExtras.build/Objects-normal/arm64/ConcurrencyExtras-OutputFileMap.json -use-frontend-parseable-output -save-temps -no-color-diagnostics -serialize-diagnostics -emit-dependencies -emit-module -emit-module-path /Users/runner/Library/Developer/Xcode/DerivedData/SplatNative-dwmjesbccinwnzhdvkeajvbyatnj/Build/Intermediates.noindex/swift-concurrency-extras.build/Release-iphoneos/ConcurrencyExtras.build/Objects-normal/arm64/ConcurrencyExtras.swiftmodule -user-module-version 1.4.1 -validate-clang-modules-once -clang-build-session-file /Users/runner/Library/Developer/Xcode/DerivedData/ModuleCache.noindex/Session.modulevalidation -package-name swift_concurrency_extras -Xcc -I/Users/runner/Library/Developer/Xcode/DerivedData/SplatNative-dwmjesbccinwnzhdvkeajvbyatnj/Build/Intermediates.noindex/swift-concurrency-extras.build/Release-iphoneos/ConcurrencyExtras.build/swift-overrides.hmap -emit-const-values -Xfrontend -const-gather-protocols-file -Xfrontend /Users/runner/Library/Developer/Xcode/DerivedData/SplatNative-dwmjesbccinwnzhdvkeajvbyatnj/Build/Intermediates.noindex/swift-concurrency-extras.build/Release-iphoneos/ConcurrencyExtras.build/Objects-normal/arm64/ConcurrencyExtras_const_extract_protocols.json -Xcc -I/Users/runner/Library/Developer/Xcode/DerivedData/SplatNative-dwmjesbccinwnzhdvkeajvbyatnj/Build/Products/Release-iphoneos/include -Xcc -I/Users/runner/Library/Developer/Xcode/DerivedData/SplatNative-dwmjesbccinwnzhdvkeajvbyatnj/Build/Intermediates.noindex/swift-concurrency-extras.build/Release-iphoneos/ConcurrencyExtras.build/DerivedSources-normal/arm64 -Xcc -I/Users/runner/Library/Developer/Xcode/DerivedData/SplatNative-dwmjesbccinwnzhdvkeajvbyatnj/Build/Intermediates.noindex/swift-concurrency-extras.build/Release-iphoneos/ConcurrencyExtras.build/DerivedSources/arm64 -Xcc -I/Users/runner/Library/Developer/Xcode/DerivedData/SplatNative-dwmjesbccinwnzhdvkeajvbyatnj/Build/Intermediates.noindex/swift-concurrency-extras.build/Release-iphoneos/ConcurrencyExtras.build/DerivedSources -Xcc -DSWIFT_PACKAGE -emit-objc-header -emit-objc-header-path /Users/runner/Library/Developer/Xcode/DerivedData/SplatNative-dwmjesbccinwnzhdvkeajvbyatnj/Build/Intermediates.noindex/swift-concurrency-extras.build/Release-iphoneos/ConcurrencyExtras.build/Objects-normal/arm64/ConcurrencyExtras-Swift.h -working-directory /Users/runner/work/ALLSUNDAY1122.github.io/ALLSUNDAY1122.github.io/splat-native-ios/SplatNative.xcodeproj -no-emit-module-separately-wmo

CompileC /Users/runner/Library/Developer/Xcode/DerivedData/SplatNative-dwmjesbccinwnzhdvkeajvbyatnj/Build/Intermediates.noindex/Msplat.build/Release-iphoneos/MsplatCore.build/Objects-normal/arm64/msplat_metal.o /Users/runner/work/ALLSUNDAY1122.github.io/ALLSUNDAY1122.github.io/splat-native-ios/Packages/MsplatMemory/Sources/MsplatCore/metal/msplat_metal.mm normal arm64 objective-c++ com.apple.compilers.llvm.clang.1_0.compiler (in target 'MsplatCore' from project 'Msplat')
    cd /Users/runner/work/ALLSUNDAY1122.github.io/ALLSUNDAY1122.github.io/splat-native-ios/SplatNative.xcodeproj
    
    Using response file: /Users/runner/Library/Developer/Xcode/DerivedData/SplatNative-dwmjesbccinwnzhdvkeajvbyatnj/Build/Intermediates.noindex/Msplat.build/Release-iphoneos/MsplatCore.build/Objects-normal/arm64/af3fcb34312c57c0f52879cdce924b91-common-args.resp
    
    /Applications/Xcode_16.4.app/Contents/Developer/Toolchains/XcodeDefault.xctoolchain/usr/bin/clang -x objective-c++ -ivfsstatcache /Users/runner/Library/Developer/Xcode/DerivedData/SDKStatCaches.noindex/iphoneos18.5-22F76-a529daf784b3616c7c04a36aeb7f5c05.sdkstatcache -fmessage-length\=0 -fdiagnostics-show-note-include-stack -fmacro-backtrace-limit\=0 -fno-color-diagnostics -fmodules-prune-interval\=86400 -fmodules-prune-after\=345600 -fbuild-session-file\=/Users/runner/Library/Developer/Xcode/DerivedData/ModuleCache.noindex/Session.modulevalidation -fmodules-validate-once-per-build-session -Wnon-modular-include-in-framework-module -Werror\=non-modular-include-in-framework-module -Wno-trigraphs -Wno-missing-field-initializers -Wno-missing-prototypes -Wno-return-type -Wno-implicit-atomic-properties -Wno-objc-interface-ivars -Wno-arc-repeated-use-of-weak -Wno-non-virtual-dtor -Wno-overloaded-virtual -Wno-exit-time-destructors -Wno-missing-braces -Wparentheses -Wswitch -Wno-unused-function -Wno-unused-label -Wno-unused-parameter -Wno-unused-variable -Wunused-value -Wno-empty-body -Wno-uninitialized -Wno-unknown-pragmas -Wno-shadow -Wno-four-char-constants -Wno-conversion -Wno-constant-conversion -Wno-int-conversion -Wno-bool-conversion -Wno-enum-conversion -Wno-float-conversion -Wno-non-literal-null-conversion -Wno-objc-literal-conversion -Wshorten-64-to-32 -Wno-newline-eof -Wno-selector -Wno-strict-selector-match -Wno-undeclared-selector -Wno-deprecated-implementations -Wno-c++11-extensions -Wno-implicit-fallthrough -fstrict-aliasing -Wprotocol -Wdeprecated-declarations -Winvalid-offsetof -Wno-sign-conversion -Wno-infinite-recursion -Wno-move -Wno-comma -Wno-block-capture-autoreleasing -Wno-strict-prototypes -Wno-range-loop-analysis -Wno-semicolon-before-method-body @/Users/runner/Library/Developer/Xcode/DerivedData/SplatNative-dwmjesbccinwnzhdvkeajvbyatnj/Build/Intermediates.noindex/Msplat.build/Release-iphoneos/MsplatCore.build/Objects-normal/arm64/af3fcb34312c57c0f52879cdce924b91-common-args.resp -MMD -MT dependencies -MF /Users/runner/Library/Developer/Xcode/DerivedData/SplatNative-dwmjesbccinwnzhdvkeajvbyatnj/Build/Intermediates.noindex/Msplat.build/Release-iphoneos/MsplatCore.build/Objects-normal/arm64/msplat_metal.d --serialize-diagnostics /Users/runner/Library/Developer/Xcode/DerivedData/SplatNative-dwmjesbccinwnzhdvkeajvbyatnj/Build/Intermediates.noindex/Msplat.build/Release-iphoneos/MsplatCore.build/Objects-normal/arm64/msplat_metal.dia -c /Users/runner/work/ALLSUNDAY1122.github.io/ALLSUNDAY1122.github.io/splat-native-ios/Packages/MsplatMemory/Sources/MsplatCore/metal/msplat_metal.mm -o /Users/runner/Library/Developer/Xcode/DerivedData/SplatNative-dwmjesbccinwnzhdvkeajvbyatnj/Build/Intermediates.noindex/Msplat.build/Release-iphoneos/MsplatCore.build/Objects-normal/arm64/msplat_metal.o
In file included from /Users/runner/work/ALLSUNDAY1122.github.io/ALLSUNDAY1122.github.io/splat-native-ios/Packages/MsplatMemory/Sources/MsplatCore/metal/msplat_metal.mm:1:
In file included from /Users/runner/work/ALLSUNDAY1122.github.io/ALLSUNDAY1122.github.io/splat-native-ios/Packages/MsplatMemory/Sources/MsplatCore/metal/bindings.h:5:
/Users/runner/work/ALLSUNDAY1122.github.io/ALLSUNDAY1122.github.io/splat-native-ios/Packages/MsplatMemory/Sources/MsplatCore/internal/include/metal_tensor.hpp:50:27: warning: '__bridge_retained' casts have no effect when not using ARC [-Warc-bridge-casts-disallowed-in-nonarc]
   50 |         void* retained = (__bridge_retained void*)buf;
      |                           ^~~~~~~~~~~~~~~~~
/Users/runner/work/ALLSUNDAY1122.github.io/ALLSUNDAY1122.github.io/splat-native-ios/Packages/MsplatMemory/Sources/MsplatCore/metal/msplat_metal.mm:1151:45: warning: implicit conversion loses integer precision: 'int64_t' (aka 'long long') to 'uint32_t' (aka 'unsigned int') [-Wshorten-64-to-32]
 1151 |                 uint32_t n = adam_params[g].numel();
      |                          ~   ~~~~~~~~~~~~~~~^~~~~~~
2 warnings generated.

SwiftMergeGeneratedHeaders /Users/runner/Library/Developer/Xcode/DerivedData/SplatNative-dwmjesbccinwnzhdvkeajvbyatnj/Build/Intermediates.noindex/GeneratedModuleMaps-iphoneos/ConcurrencyExtras-Swift.h /Users/runner/Library/Developer/Xcode/DerivedData/SplatNative-dwmjesbccinwnzhdvkeajvbyatnj/Build/Intermediates.noindex/swift-concurrency-extras.build/Release-iphoneos/ConcurrencyExtras.build/Objects-normal/arm64/ConcurrencyExtras-Swift.h (in target 'ConcurrencyExtras' from project 'swift-concurrency-extras')
    cd /Users/runner/Library/Developer/Xcode/DerivedData/SplatNative-dwmjesbccinwnzhdvkeajvbyatnj/SourcePackages/checkouts/swift-concurrency-extras
    builtin-swiftHeaderTool -arch arm64 /Users/runner/Library/Developer/Xcode/DerivedData/SplatNative-dwmjesbccinwnzhdvkeajvbyatnj/Build/Intermediates.noindex/swift-concurrency-extras.build/Release-iphoneos/ConcurrencyExtras.build/Objects-normal/arm64/ConcurrencyExtras-Swift.h -o /Users/runner/Library/Developer/Xcode/DerivedData/SplatNative-dwmjesbccinwnzhdvkeajvbyatnj/Build/Intermediates.noindex/GeneratedModuleMaps-iphoneos/ConcurrencyExtras-Swift.h

Copy /Users/runner/Library/Developer/Xcode/DerivedData/SplatNative-dwmjesbccinwnzhdvkeajvbyatnj/Build/Products/Release-iphoneos/ConcurrencyExtras.swiftmodule/arm64-apple-ios.swiftmodule /Users/runner/Library/Developer/Xcode/DerivedData/SplatNative-dwmjesbccinwnzhdvkeajvbyatnj/Build/Intermediates.noindex/swift-concurrency-extras.build/Release-iphoneos/ConcurrencyExtras.build/Objects-normal/arm64/ConcurrencyExtras.swiftmodule (in target 'ConcurrencyExtras' from project 'swift-concurrency-extras')
    cd /Users/runner/Library/Developer/Xcode/DerivedData/SplatNative-dwmjesbccinwnzhdvkeajvbyatnj/SourcePackages/checkouts/swift-concurrency-extras
    builtin-copy -exclude .DS_Store -exclude CVS -exclude .svn -exclude .git -exclude .hg -strip-unsigned-binaries -strip-deterministic -strip-tool /Applications/Xcode_16.4.app/Contents/Developer/Toolchains/XcodeDefault.xctoolchain/usr/bin/strip -resolve-src-symlinks -rename /Users/runner/Library/Developer/Xcode/DerivedData/SplatNative-dwmjesbccinwnzhdvkeajvbyatnj/Build/Intermediates.noindex/swift-concurrency-extras.build/Release-iphoneos/ConcurrencyExtras.build/Objects-normal/arm64/ConcurrencyExtras.swiftmodule /Users/runner/Library/Developer/Xcode/DerivedData/SplatNative-dwmjesbccinwnzhdvkeajvbyatnj/Build/Products/Release-iphoneos/ConcurrencyExtras.swiftmodule/arm64-apple-ios.swiftmodule

Copy /Users/runner/Library/Developer/Xcode/DerivedData/SplatNative-dwmjesbccinwnzhdvkeajvbyatnj/Build/Products/Release-iphoneos/ConcurrencyExtras.swiftmodule/arm64-apple-ios.swiftdoc /Users/runner/Library/Developer/Xcode/DerivedData/SplatNative-dwmjesbccinwnzhdvkeajvbyatnj/Build/Intermediates.noindex/swift-concurrency-extras.build/Release-iphoneos/ConcurrencyExtras.build/Objects-normal/arm64/ConcurrencyExtras.swiftdoc (in target 'ConcurrencyExtras' from project 'swift-concurrency-extras')
    cd /Users/runner/Library/Developer/Xcode/DerivedData/SplatNative-dwmjesbccinwnzhdvkeajvbyatnj/SourcePackages/checkouts/swift-concurrency-extras
    builtin-copy -exclude .DS_Store -exclude CVS -exclude .svn -exclude .git -exclude .hg -strip-unsigned-binaries -strip-deterministic -strip-tool /Applications/Xcode_16.4.app/Contents/Developer/Toolchains/XcodeDefault.xctoolchain/usr/bin/strip -resolve-src-symlinks -rename /Users/runner/Library/Developer/Xcode/DerivedData/SplatNative-dwmjesbccinwnzhdvkeajvbyatnj/Build/Intermediates.noindex/swift-concurrency-extras.build/Release-iphoneos/ConcurrencyExtras.build/Objects-normal/arm64/ConcurrencyExtras.swiftdoc /Users/runner/Library/Developer/Xcode/DerivedData/SplatNative-dwmjesbccinwnzhdvkeajvbyatnj/Build/Products/Release-iphoneos/ConcurrencyExtras.swiftmodule/arm64-apple-ios.swiftdoc

Copy /Users/runner/Library/Developer/Xcode/DerivedData/SplatNative-dwmjesbccinwnzhdvkeajvbyatnj/Build/Products/Release-iphoneos/ConcurrencyExtras.swiftmodule/arm64-apple-ios.abi.json /Users/runner/Library/Developer/Xcode/DerivedData/SplatNative-dwmjesbccinwnzhdvkeajvbyatnj/Build/Intermediates.noindex/swift-concurrency-extras.build/Release-iphoneos/ConcurrencyExtras.build/Objects-normal/arm64/ConcurrencyExtras.abi.json (in target 'ConcurrencyExtras' from project 'swift-concurrency-extras')
    cd /Users/runner/Library/Developer/Xcode/DerivedData/SplatNative-dwmjesbccinwnzhdvkeajvbyatnj/SourcePackages/checkouts/swift-concurrency-extras
    builtin-copy -exclude .DS_Store -exclude CVS -exclude .svn -exclude .git -exclude .hg -strip-unsigned-binaries -strip-deterministic -strip-tool /Applications/Xcode_16.4.app/Contents/Developer/Toolchains/XcodeDefault.xctoolchain/usr/bin/strip -resolve-src-symlinks -rename /Users/runner/Library/Developer/Xcode/DerivedData/SplatNative-dwmjesbccinwnzhdvkeajvbyatnj/Build/Intermediates.noindex/swift-concurrency-extras.build/Release-iphoneos/ConcurrencyExtras.build/Objects-normal/arm64/ConcurrencyExtras.abi.json /Users/runner/Library/Developer/Xcode/DerivedData/SplatNative-dwmjesbccinwnzhdvkeajvbyatnj/Build/Products/Release-iphoneos/ConcurrencyExtras.swiftmodule/arm64-apple-ios.abi.json

Copy /Users/runner/Library/Developer/Xcode/DerivedData/SplatNative-dwmjesbccinwnzhdvkeajvbyatnj/Build/Products/Release-iphoneos/ConcurrencyExtras.swiftmodule/Project/arm64-apple-ios.swiftsourceinfo /Users/runner/Library/Developer/Xcode/DerivedData/SplatNative-dwmjesbccinwnzhdvkeajvbyatnj/Build/Intermediates.noindex/swift-concurrency-extras.build/Release-iphoneos/ConcurrencyExtras.build/Objects-normal/arm64/ConcurrencyExtras.swiftsourceinfo (in target 'ConcurrencyExtras' from project 'swift-concurrency-extras')
    cd /Users/runner/Library/Developer/Xcode/DerivedData/SplatNative-dwmjesbccinwnzhdvkeajvbyatnj/SourcePackages/checkouts/swift-concurrency-extras
    builtin-copy -exclude .DS_Store -exclude CVS -exclude .svn -exclude .git -exclude .hg -strip-unsigned-binaries -strip-deterministic -strip-tool /Applications/Xcode_16.4.app/Contents/Developer/Toolchains/XcodeDefault.xctoolchain/usr/bin/strip -resolve-src-symlinks -rename /Users/runner/Library/Developer/Xcode/DerivedData/SplatNative-dwmjesbccinwnzhdvkeajvbyatnj/Build/Intermediates.noindex/swift-concurrency-extras.build/Release-iphoneos/ConcurrencyExtras.build/Objects-normal/arm64/ConcurrencyExtras.swiftsourceinfo /Users/runner/Library/Developer/Xcode/DerivedData/SplatNative-dwmjesbccinwnzhdvkeajvbyatnj/Build/Products/Release-iphoneos/ConcurrencyExtras.swiftmodule/Project/arm64-apple-ios.swiftsourceinfo

CompileC /Users/runner/Library/Developer/Xcode/DerivedData/SplatNative-dwmjesbccinwnzhdvkeajvbyatnj/Build/Intermediates.noindex/Msplat.build/Release-iphoneos/MsplatCore.build/Objects-normal/arm64/msplat_api.o /Users/runner/work/ALLSUNDAY1122.github.io/ALLSUNDAY1122.github.io/splat-native-ios/Packages/MsplatMemory/Sources/MsplatCore/src/msplat_api.mm normal arm64 objective-c++ com.apple.compilers.llvm.clang.1_0.compiler (in target 'MsplatCore' from project 'Msplat')
    cd /Users/runner/work/ALLSUNDAY1122.github.io/ALLSUNDAY1122.github.io/splat-native-ios/SplatNative.xcodeproj
    
    Using response file: /Users/runner/Library/Developer/Xcode/DerivedData/SplatNative-dwmjesbccinwnzhdvkeajvbyatnj/Build/Intermediates.noindex/Msplat.build/Release-iphoneos/MsplatCore.build/Objects-normal/arm64/af3fcb34312c57c0f52879cdce924b91-common-args.resp
    
    /Applications/Xcode_16.4.app/Contents/Developer/Toolchains/XcodeDefault.xctoolchain/usr/bin/clang -x objective-c++ -ivfsstatcache /Users/runner/Library/Developer/Xcode/DerivedData/SDKStatCaches.noindex/iphoneos18.5-22F76-a529daf784b3616c7c04a36aeb7f5c05.sdkstatcache -fmessage-length\=0 -fdiagnostics-show-note-include-stack -fmacro-backtrace-limit\=0 -fno-color-diagnostics -fmodules-prune-interval\=86400 -fmodules-prune-after\=345600 -fbuild-session-file\=/Users/runner/Library/Developer/Xcode/DerivedData/ModuleCache.noindex/Session.modulevalidation -fmodules-validate-once-per-build-session -Wnon-modular-include-in-framework-module -Werror\=non-modular-include-in-framework-module -Wno-trigraphs -Wno-missing-field-initializers -Wno-missing-prototypes -Wno-return-type -Wno-implicit-atomic-properties -Wno-objc-interface-ivars -Wno-arc-repeated-use-of-weak -Wno-non-virtual-dtor -Wno-overloaded-virtual -Wno-exit-time-destructors -Wno-missing-braces -Wparentheses -Wswitch -Wno-unused-function -Wno-unused-label -Wno-unused-parameter -Wno-unused-variable -Wunused-value -Wno-empty-body -Wno-uninitialized -Wno-unknown-pragmas -Wno-shadow -Wno-four-char-constants -Wno-conversion -Wno-constant-conversion -Wno-int-conversion -Wno-bool-conversion -Wno-enum-conversion -Wno-float-conversion -Wno-non-literal-null-conversion -Wno-objc-literal-conversion -Wshorten-64-to-32 -Wno-newline-eof -Wno-selector -Wno-strict-selector-match -Wno-undeclared-selector -Wno-deprecated-implementations -Wno-c++11-extensions -Wno-implicit-fallthrough -fstrict-aliasing -Wprotocol -Wdeprecated-declarations -Winvalid-offsetof -Wno-sign-conversion -Wno-infinite-recursion -Wno-move -Wno-comma -Wno-block-capture-autoreleasing -Wno-strict-prototypes -Wno-range-loop-analysis -Wno-semicolon-before-method-body @/Users/runner/Library/Developer/Xcode/DerivedData/SplatNative-dwmjesbccinwnzhdvkeajvbyatnj/Build/Intermediates.noindex/Msplat.build/Release-iphoneos/MsplatCore.build/Objects-normal/arm64/af3fcb34312c57c0f52879cdce924b91-common-args.resp -MMD -MT dependencies -MF /Users/runner/Library/Developer/Xcode/DerivedData/SplatNative-dwmjesbccinwnzhdvkeajvbyatnj/Build/Intermediates.noindex/Msplat.build/Release-iphoneos/MsplatCore.build/Objects-normal/arm64/msplat_api.d --serialize-diagnostics /Users/runner/Library/Developer/Xcode/DerivedData/SplatNative-dwmjesbccinwnzhdvkeajvbyatnj/Build/Intermediates.noindex/Msplat.build/Release-iphoneos/MsplatCore.build/Objects-normal/arm64/msplat_api.dia -c /Users/runner/work/ALLSUNDAY1122.github.io/ALLSUNDAY1122.github.io/splat-native-ios/Packages/MsplatMemory/Sources/MsplatCore/src/msplat_api.mm -o /Users/runner/Library/Developer/Xcode/DerivedData/SplatNative-dwmjesbccinwnzhdvkeajvbyatnj/Build/Intermediates.noindex/Msplat.build/Release-iphoneos/MsplatCore.build/Objects-normal/arm64/msplat_api.o
In file included from /Users/runner/work/ALLSUNDAY1122.github.io/ALLSUNDAY1122.github.io/splat-native-ios/Packages/MsplatMemory/Sources/MsplatCore/src/msplat_api.mm:6:
In file included from /Users/runner/work/ALLSUNDAY1122.github.io/ALLSUNDAY1122.github.io/splat-native-ios/Packages/MsplatMemory/Sources/MsplatCore/internal/include/model.hpp:4:
/Users/runner/work/ALLSUNDAY1122.github.io/ALLSUNDAY1122.github.io/splat-native-ios/Packages/MsplatMemory/Sources/MsplatCore/internal/include/metal_tensor.hpp:50:27: warning: '__bridge_retained' casts have no effect when not using ARC [-Warc-bridge-casts-disallowed-in-nonarc]
   50 |         void* retained = (__bridge_retained void*)buf;
      |                           ^~~~~~~~~~~~~~~~~
1 warning generated.

CompileC /Users/runner/Library/Developer/Xcode/DerivedData/SplatNative-dwmjesbccinwnzhdvkeajvbyatnj/Build/Intermediates.noindex/Msplat.build/Release-iphoneos/MsplatCore.build/Objects-normal/arm64/model.o /Users/runner/work/ALLSUNDAY1122.github.io/ALLSUNDAY1122.github.io/splat-native-ios/Packages/MsplatMemory/Sources/MsplatCore/src/model.cpp normal arm64 c++ com.apple.compilers.llvm.clang.1_0.compiler (in target 'MsplatCore' from project 'Msplat')
    cd /Users/runner/work/ALLSUNDAY1122.github.io/ALLSUNDAY1122.github.io/splat-native-ios/SplatNative.xcodeproj
    
    Using response file: /Users/runner/Library/Developer/Xcode/DerivedData/SplatNative-dwmjesbccinwnzhdvkeajvbyatnj/Build/Intermediates.noindex/Msplat.build/Release-iphoneos/MsplatCore.build/Objects-normal/arm64/82b82416624d2658e5098eb0a28c15c5-common-args.resp
    
    /Applications/Xcode_16.4.app/Contents/Developer/Toolchains/XcodeDefault.xctoolchain/usr/bin/clang -x c++ -ivfsstatcache /Users/runner/Library/Developer/Xcode/DerivedData/SDKStatCaches.noindex/iphoneos18.5-22F76-a529daf784b3616c7c04a36aeb7f5c05.sdkstatcache -fmessage-length\=0 -fdiagnostics-show-note-include-stack -fmacro-backtrace-limit\=0 -fno-color-diagnostics -fmodules-prune-interval\=86400 -fmodules-prune-after\=345600 -fbuild-session-file\=/Users/runner/Library/Developer/Xcode/DerivedData/ModuleCache.noindex/Session.modulevalidation -fmodules-validate-once-per-build-session -Wnon-modular-include-in-framework-module -Werror\=non-modular-include-in-framework-module -Wno-trigraphs -Wno-missing-field-initializers -Wno-missing-prototypes -Wno-return-type -Wno-non-virtual-dtor -Wno-overloaded-virtual -Wno-exit-time-destructors -Wno-missing-braces -Wparentheses -Wswitch -Wno-unused-function -Wno-unused-label -Wno-unused-parameter -Wno-unused-variable -Wunused-value -Wno-empty-body -Wno-uninitialized -Wno-unknown-pragmas -Wno-shadow -Wno-four-char-constants -Wno-conversion -Wno-constant-conversion -Wno-int-conversion -Wno-bool-conversion -Wno-enum-conversion -Wno-float-conversion -Wno-non-literal-null-conversion -Wno-objc-literal-conversion -Wshorten-64-to-32 -Wno-newline-eof -Wno-c++11-extensions -Wno-implicit-fallthrough -fstrict-aliasing -Wdeprecated-declarations -Winvalid-offsetof -Wno-sign-conversion -Wno-infinite-recursion -Wno-move -Wno-comma -Wno-block-capture-autoreleasing -Wno-strict-prototypes -Wno-range-loop-analysis -Wno-semicolon-before-method-body @/Users/runner/Library/Developer/Xcode/DerivedData/SplatNative-dwmjesbccinwnzhdvkeajvbyatnj/Build/Intermediates.noindex/Msplat.build/Release-iphoneos/MsplatCore.build/Objects-normal/arm64/82b82416624d2658e5098eb0a28c15c5-common-args.resp -MMD -MT dependencies -MF /Users/runner/Library/Developer/Xcode/DerivedData/SplatNative-dwmjesbccinwnzhdvkeajvbyatnj/Build/Intermediates.noindex/Msplat.build/Release-iphoneos/MsplatCore.build/Objects-normal/arm64/model.d --serialize-diagnostics /Users/runner/Library/Developer/Xcode/DerivedData/SplatNative-dwmjesbccinwnzhdvkeajvbyatnj/Build/Intermediates.noindex/Msplat.build/Release-iphoneos/MsplatCore.build/Objects-normal/arm64/model.dia -c /Users/runner/work/ALLSUNDAY1122.github.io/ALLSUNDAY1122.github.io/splat-native-ios/Packages/MsplatMemory/Sources/MsplatCore/src/model.cpp -o /Users/runner/Library/Developer/Xcode/DerivedData/SplatNative-dwmjesbccinwnzhdvkeajvbyatnj/Build/Intermediates.noindex/Msplat.build/Release-iphoneos/MsplatCore.build/Objects-normal/arm64/model.o
/Users/runner/work/ALLSUNDAY1122.github.io/ALLSUNDAY1122.github.io/splat-native-ios/Packages/MsplatMemory/Sources/MsplatCore/src/model.cpp:142:24: warning: implicit conversion loses integer precision: 'int64_t' (aka 'long long') to 'int' [-Wshorten-64-to-32]
  142 |     num_active = means.size(0);
      |                ~ ~~~~~~^~~~~~~
/Users/runner/work/ALLSUNDAY1122.github.io/ALLSUNDAY1122.github.io/splat-native-ios/Packages/MsplatMemory/Sources/MsplatCore/src/model.cpp:694:35: warning: implicit conversion loses integer precision: 'int64_t' (aka 'long long') to 'int' [-Wshorten-64-to-32]
  694 |     int b = featuresRest.size(-2) + 1;
      |         ~   ~~~~~~~~~~~~~~~~~~~~~~^~~
/Users/runner/work/ALLSUNDAY1122.github.io/ALLSUNDAY1122.github.io/splat-native-ios/Packages/MsplatMemory/Sources/MsplatCore/src/model.cpp:709:15: warning: implicit conversion loses integer precision: 'int64_t' (aka 'long long') to 'int' [-Wshorten-64-to-32]
  708 |     return msplat_render(
      |            ~~~~~~~~~~~~~
  709 |         means.size(0), means, scales, 1.0f,
      |         ~~~~~~^~~~~~~
/Users/runner/work/ALLSUNDAY1122.github.io/ALLSUNDAY1122.github.io/splat-native-ios/Packages/MsplatMemory/Sources/MsplatCore/src/model.cpp:719:27: warning: implicit conversion loses integer precision: 'int64_t' (aka 'long long') to 'int' [-Wshorten-64-to-32]
  719 |     int numPoints = means.size(0);
      |         ~~~~~~~~~   ~~~~~~^~~~~~~
In file included from /Users/runner/work/ALLSUNDAY1122.github.io/ALLSUNDAY1122.github.io/splat-native-ios/Packages/MsplatMemory/Sources/MsplatCore/src/model.cpp:10:
In file included from /Users/runner/work/ALLSUNDAY1122.github.io/ALLSUNDAY1122.github.io/splat-native-ios/Packages/MsplatMemory/Sources/MsplatCore/internal/include/kdtree_tensor.hpp:4:
/Users/runner/work/ALLSUNDAY1122.github.io/ALLSUNDAY1122.github.io/splat-native-ios/Packages/MsplatMemory/Sources/MsplatCore/vendor/nanoflann/include/nanoflann.hpp:1847:26: warning: implicit conversion loses integer precision: 'const unsigned long' to 'unsigned int' [-Wshorten-64-to-32]
 1846 |                 DistanceType    dist     = distance_.evalMetric(
      |                                                      ~~~~~~~~~~
 1847 |                     vec, accessor, (DIM > 0 ? DIM : Base::dim_));
      |                          ^~~~~~~~
/Users/runner/work/ALLSUNDAY1122.github.io/ALLSUNDAY1122.github.io/splat-native-ios/Packages/MsplatMemory/Sources/MsplatCore/vendor/nanoflann/include/nanoflann.hpp:1675:9: note: in instantiation of function template specialization 'nanoflann::KDTreeSingleIndexAdaptor<nanoflann::L2_Simple_Adaptor<float, PointsTensor>, PointsTensor, 3, unsigned long>::searchLevel<nanoflann::KNNResultSet<float>>' requested here
 1675 |         searchLevel(result, vec, Base::root_node_, dist, dists, epsError);
      |         ^
/Users/runner/work/ALLSUNDAY1122.github.io/ALLSUNDAY1122.github.io/splat-native-ios/Packages/MsplatMemory/Sources/MsplatCore/vendor/nanoflann/include/nanoflann.hpp:1700:9: note: in instantiation of function template specialization 'nanoflann::KDTreeSingleIndexAdaptor<nanoflann::L2_Simple_Adaptor<float, PointsTensor>, PointsTensor, 3, unsigned long>::findNeighbors<nanoflann::KNNResultSet<float>>' requested here
 1700 |         findNeighbors(resultSet, query_point);
      |         ^
In file included from /Users/runner/work/ALLSUNDAY1122.github.io/ALLSUNDAY1122.github.io/splat-native-ios/Packages/MsplatMemory/Sources/MsplatCore/src/model.cpp:10:
/Users/runner/work/ALLSUNDAY1122.github.io/ALLSUNDAY1122.github.io/splat-native-ios/Packages/MsplatMemory/Sources/MsplatCore/internal/include/kdtree_tensor.hpp:34:19: note: in instantiation of member function 'nanoflann::KDTreeSingleIndexAdaptor<nanoflann::L2_Simple_Adaptor<float, PointsTensor>, PointsTensor, 3, unsigned long>::knnSearch' requested here
   34 |             index.knnSearch(&data[i * 3], k, indices.data(), dists.data());
      |                   ^
5 warnings generated.

CompileC /Users/runner/Library/Developer/Xcode/DerivedData/SplatNative-dwmjesbccinwnzhdvkeajvbyatnj/Build/Intermediates.noindex/Msplat.build/Release-iphoneos/MsplatCore.build/Objects-normal/arm64/load_polycam.o /Users/runner/work/ALLSUNDAY1122.github.io/ALLSUNDAY1122.github.io/splat-native-ios/Packages/MsplatMemory/Sources/MsplatCore/src/loaders/load_polycam.cpp normal arm64 c++ com.apple.compilers.llvm.clang.1_0.compiler (in target 'MsplatCore' from project 'Msplat')
    cd /Users/runner/work/ALLSUNDAY1122.github.io/ALLSUNDAY1122.github.io/splat-native-ios/SplatNative.xcodeproj
    
    Using response file: /Users/runner/Library/Developer/Xcode/DerivedData/SplatNative-dwmjesbccinwnzhdvkeajvbyatnj/Build/Intermediates.noindex/Msplat.build/Release-iphoneos/MsplatCore.build/Objects-normal/arm64/82b82416624d2658e5098eb0a28c15c5-common-args.resp
    
    /Applications/Xcode_16.4.app/Contents/Developer/Toolchains/XcodeDefault.xctoolchain/usr/bin/clang -x c++ -ivfsstatcache /Users/runner/Library/Developer/Xcode/DerivedData/SDKStatCaches.noindex/iphoneos18.5-22F76-a529daf784b3616c7c04a36aeb7f5c05.sdkstatcache -fmessage-length\=0 -fdiagnostics-show-note-include-stack -fmacro-backtrace-limit\=0 -fno-color-diagnostics -fmodules-prune-interval\=86400 -fmodules-prune-after\=345600 -fbuild-session-file\=/Users/runner/Library/Developer/Xcode/DerivedData/ModuleCache.noindex/Session.modulevalidation -fmodules-validate-once-per-build-session -Wnon-modular-include-in-framework-module -Werror\=non-modular-include-in-framework-module -Wno-trigraphs -Wno-missing-field-initializers -Wno-missing-prototypes -Wno-return-type -Wno-non-virtual-dtor -Wno-overloaded-virtual -Wno-exit-time-destructors -Wno-missing-braces -Wparentheses -Wswitch -Wno-unused-function -Wno-unused-label -Wno-unused-parameter -Wno-unused-variable -Wunused-value -Wno-empty-body -Wno-uninitialized -Wno-unknown-pragmas -Wno-shadow -Wno-four-char-constants -Wno-conversion -Wno-constant-conversion -Wno-int-conversion -Wno-bool-conversion -Wno-enum-conversion -Wno-float-conversion -Wno-non-literal-null-conversion -Wno-objc-literal-conversion -Wshorten-64-to-32 -Wno-newline-eof -Wno-c++11-extensions -Wno-implicit-fallthrough -fstrict-aliasing -Wdeprecated-declarations -Winvalid-offsetof -Wno-sign-conversion -Wno-infinite-recursion -Wno-move -Wno-comma -Wno-block-capture-autoreleasing -Wno-strict-prototypes -Wno-range-loop-analysis -Wno-semicolon-before-method-body @/Users/runner/Library/Developer/Xcode/DerivedData/SplatNative-dwmjesbccinwnzhdvkeajvbyatnj/Build/Intermediates.noindex/Msplat.build/Release-iphoneos/MsplatCore.build/Objects-normal/arm64/82b82416624d2658e5098eb0a28c15c5-common-args.resp -MMD -MT dependencies -MF /Users/runner/Library/Developer/Xcode/DerivedData/SplatNative-dwmjesbccinwnzhdvkeajvbyatnj/Build/Intermediates.noindex/Msplat.build/Release-iphoneos/MsplatCore.build/Objects-normal/arm64/load_polycam.d --serialize-diagnostics /Users/runner/Library/Developer/Xcode/DerivedData/SplatNative-dwmjesbccinwnzhdvkeajvbyatnj/Build/Intermediates.noindex/Msplat.build/Release-iphoneos/MsplatCore.build/Objects-normal/arm64/load_polycam.dia -c /Users/runner/work/ALLSUNDAY1122.github.io/ALLSUNDAY1122.github.io/splat-native-ios/Packages/MsplatMemory/Sources/MsplatCore/src/loaders/load_polycam.cpp -o /Users/runner/Library/Developer/Xcode/DerivedData/SplatNative-dwmjesbccinwnzhdvkeajvbyatnj/Build/Intermediates.noindex/Msplat.build/Release-iphoneos/MsplatCore.build/Objects-normal/arm64/load_polycam.o

CompileC /Users/runner/Library/Developer/Xcode/DerivedData/SplatNative-dwmjesbccinwnzhdvkeajvbyatnj/Build/Intermediates.noindex/Msplat.build/Release-iphoneos/MsplatCore.build/Objects-normal/arm64/load_ply.o /Users/runner/work/ALLSUNDAY1122.github.io/ALLSUNDAY1122.github.io/splat-native-ios/Packages/MsplatMemory/Sources/MsplatCore/src/loaders/load_ply.cpp normal arm64 c++ com.apple.compilers.llvm.clang.1_0.compiler (in target 'MsplatCore' from project 'Msplat')
    cd /Users/runner/work/ALLSUNDAY1122.github.io/ALLSUNDAY1122.github.io/splat-native-ios/SplatNative.xcodeproj
    
    Using response file: /Users/runner/Library/Developer/Xcode/DerivedData/SplatNative-dwmjesbccinwnzhdvkeajvbyatnj/Build/Intermediates.noindex/Msplat.build/Release-iphoneos/MsplatCore.build/Objects-normal/arm64/82b82416624d2658e5098eb0a28c15c5-common-args.resp
    
    /Applications/Xcode_16.4.app/Contents/Developer/Toolchains/XcodeDefault.xctoolchain/usr/bin/clang -x c++ -ivfsstatcache /Users/runner/Library/Developer/Xcode/DerivedData/SDKStatCaches.noindex/iphoneos18.5-22F76-a529daf784b3616c7c04a36aeb7f5c05.sdkstatcache -fmessage-length\=0 -fdiagnostics-show-note-include-stack -fmacro-backtrace-limit\=0 -fno-color-diagnostics -fmodules-prune-interval\=86400 -fmodules-prune-after\=345600 -fbuild-session-file\=/Users/runner/Library/Developer/Xcode/DerivedData/ModuleCache.noindex/Session.modulevalidation -fmodules-validate-once-per-build-session -Wnon-modular-include-in-framework-module -Werror\=non-modular-include-in-framework-module -Wno-trigraphs -Wno-missing-field-initializers -Wno-missing-prototypes -Wno-return-type -Wno-non-virtual-dtor -Wno-overloaded-virtual -Wno-exit-time-destructors -Wno-missing-braces -Wparentheses -Wswitch -Wno-unused-function -Wno-unused-label -Wno-unused-parameter -Wno-unused-variable -Wunused-value -Wno-empty-body -Wno-uninitialized -Wno-unknown-pragmas -Wno-shadow -Wno-four-char-constants -Wno-conversion -Wno-constant-conversion -Wno-int-conversion -Wno-bool-conversion -Wno-enum-conversion -Wno-float-conversion -Wno-non-literal-null-conversion -Wno-objc-literal-conversion -Wshorten-64-to-32 -Wno-newline-eof -Wno-c++11-extensions -Wno-implicit-fallthrough -fstrict-aliasing -Wdeprecated-declarations -Winvalid-offsetof -Wno-sign-conversion -Wno-infinite-recursion -Wno-move -Wno-comma -Wno-block-capture-autoreleasing -Wno-strict-prototypes -Wno-range-loop-analysis -Wno-semicolon-before-method-body @/Users/runner/Library/Developer/Xcode/DerivedData/SplatNative-dwmjesbccinwnzhdvkeajvbyatnj/Build/Intermediates.noindex/Msplat.build/Release-iphoneos/MsplatCore.build/Objects-normal/arm64/82b82416624d2658e5098eb0a28c15c5-common-args.resp -MMD -MT dependencies -MF /Users/runner/Library/Developer/Xcode/DerivedData/SplatNative-dwmjesbccinwnzhdvkeajvbyatnj/Build/Intermediates.noindex/Msplat.build/Release-iphoneos/MsplatCore.build/Objects-normal/arm64/load_ply.d --serialize-diagnostics /Users/runner/Library/Developer/Xcode/DerivedData/SplatNative-dwmjesbccinwnzhdvkeajvbyatnj/Build/Intermediates.noindex/Msplat.build/Release-iphoneos/MsplatCore.build/Objects-normal/arm64/load_ply.dia -c /Users/runner/work/ALLSUNDAY1122.github.io/ALLSUNDAY1122.github.io/splat-native-ios/Packages/MsplatMemory/Sources/MsplatCore/src/loaders/load_ply.cpp -o /Users/runner/Library/Developer/Xcode/DerivedData/SplatNative-dwmjesbccinwnzhdvkeajvbyatnj/Build/Intermediates.noindex/Msplat.build/Release-iphoneos/MsplatCore.build/Objects-normal/arm64/load_ply.o

SwiftDriverJobDiscovery normal arm64 Compiling HTTP2ErrorCode.swift, HTTP3ErrorCode.swift, HTTPField.swift, HTTPFieldName.swift, HTTPFieldValue.swift, HTTPFields.swift, HTTPParsedFields.swift, HTTPRequest+URL.swift, HTTPRequest.swift, HTTPResponse.swift (in target 'HTTPTypes' from project 'swift-http-types')

SwiftDriver\ Compilation\ Requirements HTTPTypes normal arm64 com.apple.xcode.tools.swift.compiler (in target 'HTTPTypes' from project 'swift-http-types')
    cd /Users/runner/work/ALLSUNDAY1122.github.io/ALLSUNDAY1122.github.io/splat-native-ios/SplatNative.xcodeproj
    builtin-Swift-Compilation-Requirements -- /Applications/Xcode_16.4.app/Contents/Developer/Toolchains/XcodeDefault.xctoolchain/usr/bin/swiftc -module-name HTTPTypes -O -whole-module-optimization -enforce-exclusivity\=checked @/Users/runner/Library/Developer/Xcode/DerivedData/SplatNative-dwmjesbccinwnzhdvkeajvbyatnj/Build/Intermediates.noindex/swift-http-types.build/Release-iphoneos/HTTPTypes.build/Objects-normal/arm64/HTTPTypes.SwiftFileList -DSWIFT_PACKAGE -DFoundationURL -DXcode -enable-upcoming-feature InternalImportsByDefault -enable-experimental-feature AvailabilityMacro\=HTTPTypes\ 1.0:\ macOS\ 10.0 -enable-experimental-feature AvailabilityMacro\=HTTPTypes\ 1.1:\ macOS\ 10.0 -enable-experimental-feature AvailabilityMacro\=HTTPTypes\ 1.2:\ macOS\ 10.0 -enable-experimental-feature AvailabilityMacro\=HTTPTypes\ 1.3:\ macOS\ 10.0 -enable-experimental-feature AvailabilityMacro\=HTTPTypes\ 1.6:\ macOS\ 10.0 -enable-experimental-feature AvailabilityMacro\=HTTPTypes\ 1.7:\ macOS\ 10.0 -enable-upcoming-feature MemberImportVisibility -plugin-path /Applications/Xcode_16.4.app/Contents/Developer/Toolchains/XcodeDefault.xctoolchain/usr/lib/swift/host/plugins/testing -enable-experimental-feature DebugDescriptionMacro -sdk /Applications/Xcode_16.4.app/Contents/Developer/Platforms/iPhoneOS.platform/Developer/SDKs/iPhoneOS18.5.sdk -target arm64-apple-ios12.0 -g -module-cache-path /Users/runner/Library/Developer/Xcode/DerivedData/ModuleCache.noindex -Xfrontend -serialize-debugging-options -suppress-warnings -swift-version 6 -I /Users/runner/Library/Developer/Xcode/DerivedData/SplatNative-dwmjesbccinwnzhdvkeajvbyatnj/Build/Products/Release-iphoneos -I /Applications/Xcode_16.4.app/Contents/Developer/Platforms/iPhoneOS.platform/Developer/usr/lib -F /Users/runner/Library/Developer/Xcode/DerivedData/SplatNative-dwmjesbccinwnzhdvkeajvbyatnj/Build/Products/Release-iphoneos -F /Applications/Xcode_16.4.app/Contents/Developer/Platforms/iPhoneOS.platform/Developer/Library/Frameworks -F /Applications/Xcode_16.4.app/Contents/Developer/Platforms/iPhoneOS.platform/Developer/SDKs/iPhoneOS18.5.sdk/Developer/Library/Frameworks -c -num-threads 3 -Xcc -ivfsstatcache -Xcc /Users/runner/Library/Developer/Xcode/DerivedData/SDKStatCaches.noindex/iphoneos18.5-22F76-a529daf784b3616c7c04a36aeb7f5c05.sdkstatcache -output-file-map /Users/runner/Library/Developer/Xcode/DerivedData/SplatNative-dwmjesbccinwnzhdvkeajvbyatnj/Build/Intermediates.noindex/swift-http-types.build/Release-iphoneos/HTTPTypes.build/Objects-normal/arm64/HTTPTypes-OutputFileMap.json -use-frontend-parseable-output -save-temps -no-color-diagnostics -serialize-diagnostics -emit-dependencies -emit-module -emit-module-path /Users/runner/Library/Developer/Xcode/DerivedData/SplatNative-dwmjesbccinwnzhdvkeajvbyatnj/Build/Intermediates.noindex/swift-http-types.build/Release-iphoneos/HTTPTypes.build/Objects-normal/arm64/HTTPTypes.swiftmodule -user-module-version 1.8.0 -validate-clang-modules-once -clang-build-session-file /Users/runner/Library/Developer/Xcode/DerivedData/ModuleCache.noindex/Session.modulevalidation -package-name swift_http_types -Xcc -I/Users/runner/Library/Developer/Xcode/DerivedData/SplatNative-dwmjesbccinwnzhdvkeajvbyatnj/Build/Intermediates.noindex/swift-http-types.build/Release-iphoneos/HTTPTypes.build/swift-overrides.hmap -emit-const-values -Xfrontend -const-gather-protocols-file -Xfrontend /Users/runner/Library/Developer/Xcode/DerivedData/SplatNative-dwmjesbccinwnzhdvkeajvbyatnj/Build/Intermediates.noindex/swift-http-types.build/Release-iphoneos/HTTPTypes.build/Objects-normal/arm64/HTTPTypes_const_extract_protocols.json -Xcc -I/Users/runner/Library/Developer/Xcode/DerivedData/SplatNative-dwmjesbccinwnzhdvkeajvbyatnj/Build/Products/Release-iphoneos/include -Xcc -I/Users/runner/Library/Developer/Xcode/DerivedData/SplatNative-dwmjesbccinwnzhdvkeajvbyatnj/Build/Intermediates.noindex/swift-http-types.build/Release-iphoneos/HTTPTypes.build/DerivedSources-normal/arm64 -Xcc -I/Users/runner/Library/Developer/Xcode/DerivedData/SplatNative-dwmjesbccinwnzhdvkeajvbyatnj/Build/Intermediates.noindex/swift-http-types.build/Release-iphoneos/HTTPTypes.build/DerivedSources/arm64 -Xcc -I/Users/runner/Library/Developer/Xcode/DerivedData/SplatNative-dwmjesbccinwnzhdvkeajvbyatnj/Build/Intermediates.noindex/swift-http-types.build/Release-iphoneos/HTTPTypes.build/DerivedSources -Xcc -DSWIFT_PACKAGE -emit-objc-header -emit-objc-header-path /Users/runner/Library/Developer/Xcode/DerivedData/SplatNative-dwmjesbccinwnzhdvkeajvbyatnj/Build/Intermediates.noindex/swift-http-types.build/Release-iphoneos/HTTPTypes.build/Objects-normal/arm64/HTTPTypes-Swift.h -working-directory /Users/runner/work/ALLSUNDAY1122.github.io/ALLSUNDAY1122.github.io/splat-native-ios/SplatNative.xcodeproj -no-emit-module-separately-wmo

CompileC /Users/runner/Library/Developer/Xcode/DerivedData/SplatNative-dwmjesbccinwnzhdvkeajvbyatnj/Build/Intermediates.noindex/Msplat.build/Release-iphoneos/MsplatCore.build/Objects-normal/arm64/load_nerfstudio.o /Users/runner/work/ALLSUNDAY1122.github.io/ALLSUNDAY1122.github.io/splat-native-ios/Packages/MsplatMemory/Sources/MsplatCore/src/loaders/load_nerfstudio.cpp normal arm64 c++ com.apple.compilers.llvm.clang.1_0.compiler (in target 'MsplatCore' from project 'Msplat')
    cd /Users/runner/work/ALLSUNDAY1122.github.io/ALLSUNDAY1122.github.io/splat-native-ios/SplatNative.xcodeproj
    
    Using response file: /Users/runner/Library/Developer/Xcode/DerivedData/SplatNative-dwmjesbccinwnzhdvkeajvbyatnj/Build/Intermediates.noindex/Msplat.build/Release-iphoneos/MsplatCore.build/Objects-normal/arm64/82b82416624d2658e5098eb0a28c15c5-common-args.resp
    
    /Applications/Xcode_16.4.app/Contents/Developer/Toolchains/XcodeDefault.xctoolchain/usr/bin/clang -x c++ -ivfsstatcache /Users/runner/Library/Developer/Xcode/DerivedData/SDKStatCaches.noindex/iphoneos18.5-22F76-a529daf784b3616c7c04a36aeb7f5c05.sdkstatcache -fmessage-length\=0 -fdiagnostics-show-note-include-stack -fmacro-backtrace-limit\=0 -fno-color-diagnostics -fmodules-prune-interval\=86400 -fmodules-prune-after\=345600 -fbuild-session-file\=/Users/runner/Library/Developer/Xcode/DerivedData/ModuleCache.noindex/Session.modulevalidation -fmodules-validate-once-per-build-session -Wnon-modular-include-in-framework-module -Werror\=non-modular-include-in-framework-module -Wno-trigraphs -Wno-missing-field-initializers -Wno-missing-prototypes -Wno-return-type -Wno-non-virtual-dtor -Wno-overloaded-virtual -Wno-exit-time-destructors -Wno-missing-braces -Wparentheses -Wswitch -Wno-unused-function -Wno-unused-label -Wno-unused-parameter -Wno-unused-variable -Wunused-value -Wno-empty-body -Wno-uninitialized -Wno-unknown-pragmas -Wno-shadow -Wno-four-char-constants -Wno-conversion -Wno-constant-conversion -Wno-int-conversion -Wno-bool-conversion -Wno-enum-conversion -Wno-float-conversion -Wno-non-literal-null-conversion -Wno-objc-literal-conversion -Wshorten-64-to-32 -Wno-newline-eof -Wno-c++11-extensions -Wno-implicit-fallthrough -fstrict-aliasing -Wdeprecated-declarations -Winvalid-offsetof -Wno-sign-conversion -Wno-infinite-recursion -Wno-move -Wno-comma -Wno-block-capture-autoreleasing -Wno-strict-prototypes -Wno-range-loop-analysis -Wno-semicolon-before-method-body @/Users/runner/Library/Developer/Xcode/DerivedData/SplatNative-dwmjesbccinwnzhdvkeajvbyatnj/Build/Intermediates.noindex/Msplat.build/Release-iphoneos/MsplatCore.build/Objects-normal/arm64/82b82416624d2658e5098eb0a28c15c5-common-args.resp -MMD -MT dependencies -MF /Users/runner/Library/Developer/Xcode/DerivedData/SplatNative-dwmjesbccinwnzhdvkeajvbyatnj/Build/Intermediates.noindex/Msplat.build/Release-iphoneos/MsplatCore.build/Objects-normal/arm64/load_nerfstudio.d --serialize-diagnostics /Users/runner/Library/Developer/Xcode/DerivedData/SplatNative-dwmjesbccinwnzhdvkeajvbyatnj/Build/Intermediates.noindex/Msplat.build/Release-iphoneos/MsplatCore.build/Objects-normal/arm64/load_nerfstudio.dia -c /Users/runner/work/ALLSUNDAY1122.github.io/ALLSUNDAY1122.github.io/splat-native-ios/Packages/MsplatMemory/Sources/MsplatCore/src/loaders/load_nerfstudio.cpp -o /Users/runner/Library/Developer/Xcode/DerivedData/SplatNative-dwmjesbccinwnzhdvkeajvbyatnj/Build/Intermediates.noindex/Msplat.build/Release-iphoneos/MsplatCore.build/Objects-normal/arm64/load_nerfstudio.o

SwiftMergeGeneratedHeaders /Users/runner/Library/Developer/Xcode/DerivedData/SplatNative-dwmjesbccinwnzhdvkeajvbyatnj/Build/Intermediates.noindex/GeneratedModuleMaps-iphoneos/HTTPTypes-Swift.h /Users/runner/Library/Developer/Xcode/DerivedData/SplatNative-dwmjesbccinwnzhdvkeajvbyatnj/Build/Intermediates.noindex/swift-http-types.build/Release-iphoneos/HTTPTypes.build/Objects-normal/arm64/HTTPTypes-Swift.h (in target 'HTTPTypes' from project 'swift-http-types')
    cd /Users/runner/Library/Developer/Xcode/DerivedData/SplatNative-dwmjesbccinwnzhdvkeajvbyatnj/SourcePackages/checkouts/swift-http-types
    builtin-swiftHeaderTool -arch arm64 /Users/runner/Library/Developer/Xcode/DerivedData/SplatNative-dwmjesbccinwnzhdvkeajvbyatnj/Build/Intermediates.noindex/swift-http-types.build/Release-iphoneos/HTTPTypes.build/Objects-normal/arm64/HTTPTypes-Swift.h -o /Users/runner/Library/Developer/Xcode/DerivedData/SplatNative-dwmjesbccinwnzhdvkeajvbyatnj/Build/Intermediates.noindex/GeneratedModuleMaps-iphoneos/HTTPTypes-Swift.h

Copy /Users/runner/Library/Developer/Xcode/DerivedData/SplatNative-dwmjesbccinwnzhdvkeajvbyatnj/Build/Products/Release-iphoneos/HTTPTypes.swiftmodule/arm64-apple-ios.swiftmodule /Users/runner/Library/Developer/Xcode/DerivedData/SplatNative-dwmjesbccinwnzhdvkeajvbyatnj/Build/Intermediates.noindex/swift-http-types.build/Release-iphoneos/HTTPTypes.build/Objects-normal/arm64/HTTPTypes.swiftmodule (in target 'HTTPTypes' from project 'swift-http-types')
    cd /Users/runner/Library/Developer/Xcode/DerivedData/SplatNative-dwmjesbccinwnzhdvkeajvbyatnj/SourcePackages/checkouts/swift-http-types
    builtin-copy -exclude .DS_Store -exclude CVS -exclude .svn -exclude .git -exclude .hg -strip-unsigned-binaries -strip-deterministic -strip-tool /Applications/Xcode_16.4.app/Contents/Developer/Toolchains/XcodeDefault.xctoolchain/usr/bin/strip -resolve-src-symlinks -rename /Users/runner/Library/Developer/Xcode/DerivedData/SplatNative-dwmjesbccinwnzhdvkeajvbyatnj/Build/Intermediates.noindex/swift-http-types.build/Release-iphoneos/HTTPTypes.build/Objects-normal/arm64/HTTPTypes.swiftmodule /Users/runner/Library/Developer/Xcode/DerivedData/SplatNative-dwmjesbccinwnzhdvkeajvbyatnj/Build/Products/Release-iphoneos/HTTPTypes.swiftmodule/arm64-apple-ios.swiftmodule

Copy /Users/runner/Library/Developer/Xcode/DerivedData/SplatNative-dwmjesbccinwnzhdvkeajvbyatnj/Build/Products/Release-iphoneos/HTTPTypes.swiftmodule/arm64-apple-ios.swiftdoc /Users/runner/Library/Developer/Xcode/DerivedData/SplatNative-dwmjesbccinwnzhdvkeajvbyatnj/Build/Intermediates.noindex/swift-http-types.build/Release-iphoneos/HTTPTypes.build/Objects-normal/arm64/HTTPTypes.swiftdoc (in target 'HTTPTypes' from project 'swift-http-types')
    cd /Users/runner/Library/Developer/Xcode/DerivedData/SplatNative-dwmjesbccinwnzhdvkeajvbyatnj/SourcePackages/checkouts/swift-http-types
    builtin-copy -exclude .DS_Store -exclude CVS -exclude .svn -exclude .git -exclude .hg -strip-unsigned-binaries -strip-deterministic -strip-tool /Applications/Xcode_16.4.app/Contents/Developer/Toolchains/XcodeDefault.xctoolchain/usr/bin/strip -resolve-src-symlinks -rename /Users/runner/Library/Developer/Xcode/DerivedData/SplatNative-dwmjesbccinwnzhdvkeajvbyatnj/Build/Intermediates.noindex/swift-http-types.build/Release-iphoneos/HTTPTypes.build/Objects-normal/arm64/HTTPTypes.swiftdoc /Users/runner/Library/Developer/Xcode/DerivedData/SplatNative-dwmjesbccinwnzhdvkeajvbyatnj/Build/Products/Release-iphoneos/HTTPTypes.swiftmodule/arm64-apple-ios.swiftdoc

Copy /Users/runner/Library/Developer/Xcode/DerivedData/SplatNative-dwmjesbccinwnzhdvkeajvbyatnj/Build/Products/Release-iphoneos/HTTPTypes.swiftmodule/arm64-apple-ios.abi.json /Users/runner/Library/Developer/Xcode/DerivedData/SplatNative-dwmjesbccinwnzhdvkeajvbyatnj/Build/Intermediates.noindex/swift-http-types.build/Release-iphoneos/HTTPTypes.build/Objects-normal/arm64/HTTPTypes.abi.json (in target 'HTTPTypes' from project 'swift-http-types')
    cd /Users/runner/Library/Developer/Xcode/DerivedData/SplatNative-dwmjesbccinwnzhdvkeajvbyatnj/SourcePackages/checkouts/swift-http-types
    builtin-copy -exclude .DS_Store -exclude CVS -exclude .svn -exclude .git -exclude .hg -strip-unsigned-binaries -strip-deterministic -strip-tool /Applications/Xcode_16.4.app/Contents/Developer/Toolchains/XcodeDefault.xctoolchain/usr/bin/strip -resolve-src-symlinks -rename /Users/runner/Library/Developer/Xcode/DerivedData/SplatNative-dwmjesbccinwnzhdvkeajvbyatnj/Build/Intermediates.noindex/swift-http-types.build/Release-iphoneos/HTTPTypes.build/Objects-normal/arm64/HTTPTypes.abi.json /Users/runner/Library/Developer/Xcode/DerivedData/SplatNative-dwmjesbccinwnzhdvkeajvbyatnj/Build/Products/Release-iphoneos/HTTPTypes.swiftmodule/arm64-apple-ios.abi.json

Copy /Users/runner/Library/Developer/Xcode/DerivedData/SplatNative-dwmjesbccinwnzhdvkeajvbyatnj/Build/Products/Release-iphoneos/HTTPTypes.swiftmodule/Project/arm64-apple-ios.swiftsourceinfo /Users/runner/Library/Developer/Xcode/DerivedData/SplatNative-dwmjesbccinwnzhdvkeajvbyatnj/Build/Intermediates.noindex/swift-http-types.build/Release-iphoneos/HTTPTypes.build/Objects-normal/arm64/HTTPTypes.swiftsourceinfo (in target 'HTTPTypes' from project 'swift-http-types')
    cd /Users/runner/Library/Developer/Xcode/DerivedData/SplatNative-dwmjesbccinwnzhdvkeajvbyatnj/SourcePackages/checkouts/swift-http-types
    builtin-copy -exclude .DS_Store -exclude CVS -exclude .svn -exclude .git -exclude .hg -strip-unsigned-binaries -strip-deterministic -strip-tool /Applications/Xcode_16.4.app/Contents/Developer/Toolchains/XcodeDefault.xctoolchain/usr/bin/strip -resolve-src-symlinks -rename /Users/runner/Library/Developer/Xcode/DerivedData/SplatNative-dwmjesbccinwnzhdvkeajvbyatnj/Build/Intermediates.noindex/swift-http-types.build/Release-iphoneos/HTTPTypes.build/Objects-normal/arm64/HTTPTypes.swiftsourceinfo /Users/runner/Library/Developer/Xcode/DerivedData/SplatNative-dwmjesbccinwnzhdvkeajvbyatnj/Build/Products/Release-iphoneos/HTTPTypes.swiftmodule/Project/arm64-apple-ios.swiftsourceinfo

CompileC /Users/runner/Library/Developer/Xcode/DerivedData/SplatNative-dwmjesbccinwnzhdvkeajvbyatnj/Build/Intermediates.noindex/Msplat.build/Release-iphoneos/MsplatCore.build/Objects-normal/arm64/load_colmap.o /Users/runner/work/ALLSUNDAY1122.github.io/ALLSUNDAY1122.github.io/splat-native-ios/Packages/MsplatMemory/Sources/MsplatCore/src/loaders/load_colmap.cpp normal arm64 c++ com.apple.compilers.llvm.clang.1_0.compiler (in target 'MsplatCore' from project 'Msplat')
    cd /Users/runner/work/ALLSUNDAY1122.github.io/ALLSUNDAY1122.github.io/splat-native-ios/SplatNative.xcodeproj
    
    Using response file: /Users/runner/Library/Developer/Xcode/DerivedData/SplatNative-dwmjesbccinwnzhdvkeajvbyatnj/Build/Intermediates.noindex/Msplat.build/Release-iphoneos/MsplatCore.build/Objects-normal/arm64/82b82416624d2658e5098eb0a28c15c5-common-args.resp
    
    /Applications/Xcode_16.4.app/Contents/Developer/Toolchains/XcodeDefault.xctoolchain/usr/bin/clang -x c++ -ivfsstatcache /Users/runner/Library/Developer/Xcode/DerivedData/SDKStatCaches.noindex/iphoneos18.5-22F76-a529daf784b3616c7c04a36aeb7f5c05.sdkstatcache -fmessage-length\=0 -fdiagnostics-show-note-include-stack -fmacro-backtrace-limit\=0 -fno-color-diagnostics -fmodules-prune-interval\=86400 -fmodules-prune-after\=345600 -fbuild-session-file\=/Users/runner/Library/Developer/Xcode/DerivedData/ModuleCache.noindex/Session.modulevalidation -fmodules-validate-once-per-build-session -Wnon-modular-include-in-framework-module -Werror\=non-modular-include-in-framework-module -Wno-trigraphs -Wno-missing-field-initializers -Wno-missing-prototypes -Wno-return-type -Wno-non-virtual-dtor -Wno-overloaded-virtual -Wno-exit-time-destructors -Wno-missing-braces -Wparentheses -Wswitch -Wno-unused-function -Wno-unused-label -Wno-unused-parameter -Wno-unused-variable -Wunused-value -Wno-empty-body -Wno-uninitialized -Wno-unknown-pragmas -Wno-shadow -Wno-four-char-constants -Wno-conversion -Wno-constant-conversion -Wno-int-conversion -Wno-bool-conversion -Wno-enum-conversion -Wno-float-conversion -Wno-non-literal-null-conversion -Wno-objc-literal-conversion -Wshorten-64-to-32 -Wno-newline-eof -Wno-c++11-extensions -Wno-implicit-fallthrough -fstrict-aliasing -Wdeprecated-declarations -Winvalid-offsetof -Wno-sign-conversion -Wno-infinite-recursion -Wno-move -Wno-comma -Wno-block-capture-autoreleasing -Wno-strict-prototypes -Wno-range-loop-analysis -Wno-semicolon-before-method-body @/Users/runner/Library/Developer/Xcode/DerivedData/SplatNative-dwmjesbccinwnzhdvkeajvbyatnj/Build/Intermediates.noindex/Msplat.build/Release-iphoneos/MsplatCore.build/Objects-normal/arm64/82b82416624d2658e5098eb0a28c15c5-common-args.resp -MMD -MT dependencies -MF /Users/runner/Library/Developer/Xcode/DerivedData/SplatNative-dwmjesbccinwnzhdvkeajvbyatnj/Build/Intermediates.noindex/Msplat.build/Release-iphoneos/MsplatCore.build/Objects-normal/arm64/load_colmap.d --serialize-diagnostics /Users/runner/Library/Developer/Xcode/DerivedData/SplatNative-dwmjesbccinwnzhdvkeajvbyatnj/Build/Intermediates.noindex/Msplat.build/Release-iphoneos/MsplatCore.build/Objects-normal/arm64/load_colmap.dia -c /Users/runner/work/ALLSUNDAY1122.github.io/ALLSUNDAY1122.github.io/splat-native-ios/Packages/MsplatMemory/Sources/MsplatCore/src/loaders/load_colmap.cpp -o /Users/runner/Library/Developer/Xcode/DerivedData/SplatNative-dwmjesbccinwnzhdvkeajvbyatnj/Build/Intermediates.noindex/Msplat.build/Release-iphoneos/MsplatCore.build/Objects-normal/arm64/load_colmap.o

CompileC /Users/runner/Library/Developer/Xcode/DerivedData/SplatNative-dwmjesbccinwnzhdvkeajvbyatnj/Build/Intermediates.noindex/Msplat.build/Release-iphoneos/MsplatCore.build/Objects-normal/arm64/input_data.o /Users/runner/work/ALLSUNDAY1122.github.io/ALLSUNDAY1122.github.io/splat-native-ios/Packages/MsplatMemory/Sources/MsplatCore/src/input_data.cpp normal arm64 c++ com.apple.compilers.llvm.clang.1_0.compiler (in target 'MsplatCore' from project 'Msplat')
    cd /Users/runner/work/ALLSUNDAY1122.github.io/ALLSUNDAY1122.github.io/splat-native-ios/SplatNative.xcodeproj
    
    Using response file: /Users/runner/Library/Developer/Xcode/DerivedData/SplatNative-dwmjesbccinwnzhdvkeajvbyatnj/Build/Intermediates.noindex/Msplat.build/Release-iphoneos/MsplatCore.build/Objects-normal/arm64/82b82416624d2658e5098eb0a28c15c5-common-args.resp
    
    /Applications/Xcode_16.4.app/Contents/Developer/Toolchains/XcodeDefault.xctoolchain/usr/bin/clang -x c++ -ivfsstatcache /Users/runner/Library/Developer/Xcode/DerivedData/SDKStatCaches.noindex/iphoneos18.5-22F76-a529daf784b3616c7c04a36aeb7f5c05.sdkstatcache -fmessage-length\=0 -fdiagnostics-show-note-include-stack -fmacro-backtrace-limit\=0 -fno-color-diagnostics -fmodules-prune-interval\=86400 -fmodules-prune-after\=345600 -fbuild-session-file\=/Users/runner/Library/Developer/Xcode/DerivedData/ModuleCache.noindex/Session.modulevalidation -fmodules-validate-once-per-build-session -Wnon-modular-include-in-framework-module -Werror\=non-modular-include-in-framework-module -Wno-trigraphs -Wno-missing-field-initializers -Wno-missing-prototypes -Wno-return-type -Wno-non-virtual-dtor -Wno-overloaded-virtual -Wno-exit-time-destructors -Wno-missing-braces -Wparentheses -Wswitch -Wno-unused-function -Wno-unused-label -Wno-unused-parameter -Wno-unused-variable -Wunused-value -Wno-empty-body -Wno-uninitialized -Wno-unknown-pragmas -Wno-shadow -Wno-four-char-constants -Wno-conversion -Wno-constant-conversion -Wno-int-conversion -Wno-bool-conversion -Wno-enum-conversion -Wno-float-conversion -Wno-non-literal-null-conversion -Wno-objc-literal-conversion -Wshorten-64-to-32 -Wno-newline-eof -Wno-c++11-extensions -Wno-implicit-fallthrough -fstrict-aliasing -Wdeprecated-declarations -Winvalid-offsetof -Wno-sign-conversion -Wno-infinite-recursion -Wno-move -Wno-comma -Wno-block-capture-autoreleasing -Wno-strict-prototypes -Wno-range-loop-analysis -Wno-semicolon-before-method-body @/Users/runner/Library/Developer/Xcode/DerivedData/SplatNative-dwmjesbccinwnzhdvkeajvbyatnj/Build/Intermediates.noindex/Msplat.build/Release-iphoneos/MsplatCore.build/Objects-normal/arm64/82b82416624d2658e5098eb0a28c15c5-common-args.resp -MMD -MT dependencies -MF /Users/runner/Library/Developer/Xcode/DerivedData/SplatNative-dwmjesbccinwnzhdvkeajvbyatnj/Build/Intermediates.noindex/Msplat.build/Release-iphoneos/MsplatCore.build/Objects-normal/arm64/input_data.d --serialize-diagnostics /Users/runner/Library/Developer/Xcode/DerivedData/SplatNative-dwmjesbccinwnzhdvkeajvbyatnj/Build/Intermediates.noindex/Msplat.build/Release-iphoneos/MsplatCore.build/Objects-normal/arm64/input_data.dia -c /Users/runner/work/ALLSUNDAY1122.github.io/ALLSUNDAY1122.github.io/splat-native-ios/Packages/MsplatMemory/Sources/MsplatCore/src/input_data.cpp -o /Users/runner/Library/Developer/Xcode/DerivedData/SplatNative-dwmjesbccinwnzhdvkeajvbyatnj/Build/Intermediates.noindex/Msplat.build/Release-iphoneos/MsplatCore.build/Objects-normal/arm64/input_data.o

CompileC /Users/runner/Library/Developer/Xcode/DerivedData/SplatNative-dwmjesbccinwnzhdvkeajvbyatnj/Build/Intermediates.noindex/Msplat.build/Release-iphoneos/MsplatCore.build/Objects-normal/arm64/image_io.o /Users/runner/work/ALLSUNDAY1122.github.io/ALLSUNDAY1122.github.io/splat-native-ios/Packages/MsplatMemory/Sources/MsplatCore/src/loaders/image_io.cpp normal arm64 c++ com.apple.compilers.llvm.clang.1_0.compiler (in target 'MsplatCore' from project 'Msplat')
    cd /Users/runner/work/ALLSUNDAY1122.github.io/ALLSUNDAY1122.github.io/splat-native-ios/SplatNative.xcodeproj
    
    Using response file: /Users/runner/Library/Developer/Xcode/DerivedData/SplatNative-dwmjesbccinwnzhdvkeajvbyatnj/Build/Intermediates.noindex/Msplat.build/Release-iphoneos/MsplatCore.build/Objects-normal/arm64/82b82416624d2658e5098eb0a28c15c5-common-args.resp
    
    /Applications/Xcode_16.4.app/Contents/Developer/Toolchains/XcodeDefault.xctoolchain/usr/bin/clang -x c++ -ivfsstatcache /Users/runner/Library/Developer/Xcode/DerivedData/SDKStatCaches.noindex/iphoneos18.5-22F76-a529daf784b3616c7c04a36aeb7f5c05.sdkstatcache -fmessage-length\=0 -fdiagnostics-show-note-include-stack -fmacro-backtrace-limit\=0 -fno-color-diagnostics -fmodules-prune-interval\=86400 -fmodules-prune-after\=345600 -fbuild-session-file\=/Users/runner/Library/Developer/Xcode/DerivedData/ModuleCache.noindex/Session.modulevalidation -fmodules-validate-once-per-build-session -Wnon-modular-include-in-framework-module -Werror\=non-modular-include-in-framework-module -Wno-trigraphs -Wno-missing-field-initializers -Wno-missing-prototypes -Wno-return-type -Wno-non-virtual-dtor -Wno-overloaded-virtual -Wno-exit-time-destructors -Wno-missing-braces -Wparentheses -Wswitch -Wno-unused-function -Wno-unused-label -Wno-unused-parameter -Wno-unused-variable -Wunused-value -Wno-empty-body -Wno-uninitialized -Wno-unknown-pragmas -Wno-shadow -Wno-four-char-constants -Wno-conversion -Wno-constant-conversion -Wno-int-conversion -Wno-bool-conversion -Wno-enum-conversion -Wno-float-conversion -Wno-non-literal-null-conversion -Wno-objc-literal-conversion -Wshorten-64-to-32 -Wno-newline-eof -Wno-c++11-extensions -Wno-implicit-fallthrough -fstrict-aliasing -Wdeprecated-declarations -Winvalid-offsetof -Wno-sign-conversion -Wno-infinite-recursion -Wno-move -Wno-comma -Wno-block-capture-autoreleasing -Wno-strict-prototypes -Wno-range-loop-analysis -Wno-semicolon-before-method-body @/Users/runner/Library/Developer/Xcode/DerivedData/SplatNative-dwmjesbccinwnzhdvkeajvbyatnj/Build/Intermediates.noindex/Msplat.build/Release-iphoneos/MsplatCore.build/Objects-normal/arm64/82b82416624d2658e5098eb0a28c15c5-common-args.resp -MMD -MT dependencies -MF /Users/runner/Library/Developer/Xcode/DerivedData/SplatNative-dwmjesbccinwnzhdvkeajvbyatnj/Build/Intermediates.noindex/Msplat.build/Release-iphoneos/MsplatCore.build/Objects-normal/arm64/image_io.d --serialize-diagnostics /Users/runner/Library/Developer/Xcode/DerivedData/SplatNative-dwmjesbccinwnzhdvkeajvbyatnj/Build/Intermediates.noindex/Msplat.build/Release-iphoneos/MsplatCore.build/Objects-normal/arm64/image_io.dia -c /Users/runner/work/ALLSUNDAY1122.github.io/ALLSUNDAY1122.github.io/splat-native-ios/Packages/MsplatMemory/Sources/MsplatCore/src/loaders/image_io.cpp -o /Users/runner/Library/Developer/Xcode/DerivedData/SplatNative-dwmjesbccinwnzhdvkeajvbyatnj/Build/Intermediates.noindex/Msplat.build/Release-iphoneos/MsplatCore.build/Objects-normal/arm64/image_io.o

SwiftDriver\ Compilation spz normal arm64 com.apple.xcode.tools.swift.compiler (in target 'spz' from project 'spz-swift')
    cd /Users/runner/work/ALLSUNDAY1122.github.io/ALLSUNDAY1122.github.io/splat-native-ios/SplatNative.xcodeproj
    builtin-Swift-Compilation -- /Applications/Xcode_16.4.app/Contents/Developer/Toolchains/XcodeDefault.xctoolchain/usr/bin/swiftc -module-name spz -O -whole-module-optimization -enforce-exclusivity\=checked @/Users/runner/Library/Developer/Xcode/DerivedData/SplatNative-dwmjesbccinwnzhdvkeajvbyatnj/Build/Intermediates.noindex/spz-swift.build/Release-iphoneos/spz.build/Objects-normal/arm64/spz.SwiftFileList -DSWIFT_PACKAGE -DXcode -plugin-path /Applications/Xcode_16.4.app/Contents/Developer/Toolchains/XcodeDefault.xctoolchain/usr/lib/swift/host/plugins/testing -enable-experimental-feature DebugDescriptionMacro -sdk /Applications/Xcode_16.4.app/Contents/Developer/Platforms/iPhoneOS.platform/Developer/SDKs/iPhoneOS18.5.sdk -target arm64-apple-ios17.0 -g -module-cache-path /Users/runner/Library/Developer/Xcode/DerivedData/ModuleCache.noindex -Xfrontend -serialize-debugging-options -suppress-warnings -swift-version 5 -I /Users/runner/Library/Developer/Xcode/DerivedData/SplatNative-dwmjesbccinwnzhdvkeajvbyatnj/Build/Products/Release-iphoneos -I /Applications/Xcode_16.4.app/Contents/Developer/Platforms/iPhoneOS.platform/Developer/usr/lib -F /Users/runner/Library/Developer/Xcode/DerivedData/SplatNative-dwmjesbccinwnzhdvkeajvbyatnj/Build/Products/Release-iphoneos -F /Applications/Xcode_16.4.app/Contents/Developer/Platforms/iPhoneOS.platform/Developer/Library/Frameworks -F /Applications/Xcode_16.4.app/Contents/Developer/Platforms/iPhoneOS.platform/Developer/SDKs/iPhoneOS18.5.sdk/Developer/Library/Frameworks -c -num-threads 3 -Xcc -ivfsstatcache -Xcc /Users/runner/Library/Developer/Xcode/DerivedData/SDKStatCaches.noindex/iphoneos18.5-22F76-a529daf784b3616c7c04a36aeb7f5c05.sdkstatcache -output-file-map /Users/runner/Library/Developer/Xcode/DerivedData/SplatNative-dwmjesbccinwnzhdvkeajvbyatnj/Build/Intermediates.noindex/spz-swift.build/Release-iphoneos/spz.build/Objects-normal/arm64/spz-OutputFileMap.json -use-frontend-parseable-output -save-temps -no-color-diagnostics -serialize-diagnostics -emit-dependencies -emit-module -emit-module-path /Users/runner/Library/Developer/Xcode/DerivedData/SplatNative-dwmjesbccinwnzhdvkeajvbyatnj/Build/Intermediates.noindex/spz-swift.build/Release-iphoneos/spz.build/Objects-normal/arm64/spz.swiftmodule -validate-clang-modules-once -clang-build-session-file /Users/runner/Library/Developer/Xcode/DerivedData/ModuleCache.noindex/Session.modulevalidation -package-name spz_swift -Xcc -I/Users/runner/Library/Developer/Xcode/DerivedData/SplatNative-dwmjesbccinwnzhdvkeajvbyatnj/Build/Intermediates.noindex/spz-swift.build/Release-iphoneos/spz.build/swift-overrides.hmap -emit-const-values -Xfrontend -const-gather-protocols-file -Xfrontend /Users/runner/Library/Developer/Xcode/DerivedData/SplatNative-dwmjesbccinwnzhdvkeajvbyatnj/Build/Intermediates.noindex/spz-swift.build/Release-iphoneos/spz.build/Objects-normal/arm64/spz_const_extract_protocols.json -Xcc -I/Users/runner/Library/Developer/Xcode/DerivedData/SplatNative-dwmjesbccinwnzhdvkeajvbyatnj/Build/Products/Release-iphoneos/include -Xcc -I/Users/runner/Library/Developer/Xcode/DerivedData/SplatNative-dwmjesbccinwnzhdvkeajvbyatnj/Build/Intermediates.noindex/spz-swift.build/Release-iphoneos/spz.build/DerivedSources-normal/arm64 -Xcc -I/Users/runner/Library/Developer/Xcode/DerivedData/SplatNative-dwmjesbccinwnzhdvkeajvbyatnj/Build/Intermediates.noindex/spz-swift.build/Release-iphoneos/spz.build/DerivedSources/arm64 -Xcc -I/Users/runner/Library/Developer/Xcode/DerivedData/SplatNative-dwmjesbccinwnzhdvkeajvbyatnj/Build/Intermediates.noindex/spz-swift.build/Release-iphoneos/spz.build/DerivedSources -Xcc -DSWIFT_PACKAGE -emit-objc-header -emit-objc-header-path /Users/runner/Library/Developer/Xcode/DerivedData/SplatNative-dwmjesbccinwnzhdvkeajvbyatnj/Build/Intermediates.noindex/spz-swift.build/Release-iphoneos/spz.build/Objects-normal/arm64/spz-Swift.h -working-directory /Users/runner/work/ALLSUNDAY1122.github.io/ALLSUNDAY1122.github.io/splat-native-ios/SplatNative.xcodeproj -no-emit-module-separately-wmo

SwiftDriver\ Compilation PLYIO normal arm64 com.apple.xcode.tools.swift.compiler (in target 'PLYIO' from project 'MetalSplatter')
    cd /Users/runner/work/ALLSUNDAY1122.github.io/ALLSUNDAY1122.github.io/splat-native-ios/SplatNative.xcodeproj
    builtin-Swift-Compilation -- /Applications/Xcode_16.4.app/Contents/Developer/Toolchains/XcodeDefault.xctoolchain/usr/bin/swiftc -module-name PLYIO -O -whole-module-optimization -enforce-exclusivity\=checked @/Users/runner/Library/Developer/Xcode/DerivedData/SplatNative-dwmjesbccinwnzhdvkeajvbyatnj/Build/Intermediates.noindex/MetalSplatter.build/Release-iphoneos/PLYIO.build/Objects-normal/arm64/PLYIO.SwiftFileList -DSWIFT_PACKAGE -DXcode -plugin-path /Applications/Xcode_16.4.app/Contents/Developer/Toolchains/XcodeDefault.xctoolchain/usr/lib/swift/host/plugins/testing -enable-experimental-feature DebugDescriptionMacro -sdk /Applications/Xcode_16.4.app/Contents/Developer/Platforms/iPhoneOS.platform/Developer/SDKs/iPhoneOS18.5.sdk -target arm64-apple-ios18.0 -g -module-cache-path /Users/runner/Library/Developer/Xcode/DerivedData/ModuleCache.noindex -Xfrontend -serialize-debugging-options -suppress-warnings -swift-version 6 -I /Users/runner/Library/Developer/Xcode/DerivedData/SplatNative-dwmjesbccinwnzhdvkeajvbyatnj/Build/Products/Release-iphoneos -I /Applications/Xcode_16.4.app/Contents/Developer/Platforms/iPhoneOS.platform/Developer/usr/lib -F /Users/runner/Library/Developer/Xcode/DerivedData/SplatNative-dwmjesbccinwnzhdvkeajvbyatnj/Build/Products/Release-iphoneos -F /Applications/Xcode_16.4.app/Contents/Developer/Platforms/iPhoneOS.platform/Developer/Library/Frameworks -F /Applications/Xcode_16.4.app/Contents/Developer/Platforms/iPhoneOS.platform/Developer/SDKs/iPhoneOS18.5.sdk/Developer/Library/Frameworks -c -num-threads 3 -Xcc -ivfsstatcache -Xcc /Users/runner/Library/Developer/Xcode/DerivedData/SDKStatCaches.noindex/iphoneos18.5-22F76-a529daf784b3616c7c04a36aeb7f5c05.sdkstatcache -output-file-map /Users/runner/Library/Developer/Xcode/DerivedData/SplatNative-dwmjesbccinwnzhdvkeajvbyatnj/Build/Intermediates.noindex/MetalSplatter.build/Release-iphoneos/PLYIO.build/Objects-normal/arm64/PLYIO-OutputFileMap.json -use-frontend-parseable-output -save-temps -no-color-diagnostics -serialize-diagnostics -emit-dependencies -emit-module -emit-module-path /Users/runner/Library/Developer/Xcode/DerivedData/SplatNative-dwmjesbccinwnzhdvkeajvbyatnj/Build/Intermediates.noindex/MetalSplatter.build/Release-iphoneos/PLYIO.build/Objects-normal/arm64/PLYIO.swiftmodule -validate-clang-modules-once -clang-build-session-file /Users/runner/Library/Developer/Xcode/DerivedData/ModuleCache.noindex/Session.modulevalidation -package-name metalsplatter -Xcc -I/Users/runner/Library/Developer/Xcode/DerivedData/SplatNative-dwmjesbccinwnzhdvkeajvbyatnj/Build/Intermediates.noindex/MetalSplatter.build/Release-iphoneos/PLYIO.build/swift-overrides.hmap -emit-const-values -Xfrontend -const-gather-protocols-file -Xfrontend /Users/runner/Library/Developer/Xcode/DerivedData/SplatNative-dwmjesbccinwnzhdvkeajvbyatnj/Build/Intermediates.noindex/MetalSplatter.build/Release-iphoneos/PLYIO.build/Objects-normal/arm64/PLYIO_const_extract_protocols.json -Xcc -I/Users/runner/Library/Developer/Xcode/DerivedData/SplatNative-dwmjesbccinwnzhdvkeajvbyatnj/Build/Products/Release-iphoneos/include -Xcc -I/Users/runner/Library/Developer/Xcode/DerivedData/SplatNative-dwmjesbccinwnzhdvkeajvbyatnj/Build/Intermediates.noindex/MetalSplatter.build/Release-iphoneos/PLYIO.build/DerivedSources-normal/arm64 -Xcc -I/Users/runner/Library/Developer/Xcode/DerivedData/SplatNative-dwmjesbccinwnzhdvkeajvbyatnj/Build/Intermediates.noindex/MetalSplatter.build/Release-iphoneos/PLYIO.build/DerivedSources/arm64 -Xcc -I/Users/runner/Library/Developer/Xcode/DerivedData/SplatNative-dwmjesbccinwnzhdvkeajvbyatnj/Build/Intermediates.noindex/MetalSplatter.build/Release-iphoneos/PLYIO.build/DerivedSources -Xcc -DSWIFT_PACKAGE -emit-objc-header -emit-objc-header-path /Users/runner/Library/Developer/Xcode/DerivedData/SplatNative-dwmjesbccinwnzhdvkeajvbyatnj/Build/Intermediates.noindex/MetalSplatter.build/Release-iphoneos/PLYIO.build/Objects-normal/arm64/PLYIO-Swift.h -working-directory /Users/runner/work/ALLSUNDAY1122.github.io/ALLSUNDAY1122.github.io/splat-native-ios/SplatNative.xcodeproj -no-emit-module-separately-wmo

MetalLink /Users/runner/Library/Developer/Xcode/DerivedData/SplatNative-dwmjesbccinwnzhdvkeajvbyatnj/Build/Products/Release-iphoneos/Msplat_Msplat.bundle/default.metallib (in target 'Msplat_Msplat' from project 'Msplat')
    cd /Users/runner/work/ALLSUNDAY1122.github.io/ALLSUNDAY1122.github.io/splat-native-ios/Packages/MsplatMemory
    /Applications/Xcode_16.4.app/Contents/Developer/Toolchains/XcodeDefault.xctoolchain/usr/bin/metal -target air64-apple-ios18.0 -o /Users/runner/Library/Developer/Xcode/DerivedData/SplatNative-dwmjesbccinwnzhdvkeajvbyatnj/Build/Products/Release-iphoneos/Msplat_Msplat.bundle/default.metallib /Users/runner/Library/Developer/Xcode/DerivedData/SplatNative-dwmjesbccinwnzhdvkeajvbyatnj/Build/Intermediates.noindex/Msplat.build/Release-iphoneos/Msplat_Msplat.build/Metal/msplat_metal.air

SwiftDriver\ Compilation Msplat normal arm64 com.apple.xcode.tools.swift.compiler (in target 'Msplat' from project 'Msplat')
    cd /Users/runner/work/ALLSUNDAY1122.github.io/ALLSUNDAY1122.github.io/splat-native-ios/SplatNative.xcodeproj
    builtin-Swift-Compilation -- /Applications/Xcode_16.4.app/Contents/Developer/Toolchains/XcodeDefault.xctoolchain/usr/bin/swiftc -module-name Msplat -O -whole-module-optimization -enforce-exclusivity\=checked @/Users/runner/Library/Developer/Xcode/DerivedData/SplatNative-dwmjesbccinwnzhdvkeajvbyatnj/Build/Intermediates.noindex/Msplat.build/Release-iphoneos/Msplat.build/Objects-normal/arm64/Msplat.SwiftFileList -DSWIFT_PACKAGE -Xcc -fmodule-map-file\=/Users/runner/Library/Developer/Xcode/DerivedData/SplatNative-dwmjesbccinwnzhdvkeajvbyatnj/Build/Intermediates.noindex/GeneratedModuleMaps-iphoneos/MsplatCore.modulemap -DXcode -plugin-path /Applications/Xcode_16.4.app/Contents/Developer/Toolchains/XcodeDefault.xctoolchain/usr/lib/swift/host/plugins/testing -enable-experimental-feature DebugDescriptionMacro -sdk /Applications/Xcode_16.4.app/Contents/Developer/Platforms/iPhoneOS.platform/Developer/SDKs/iPhoneOS18.5.sdk -target arm64-apple-ios18.0 -g -module-cache-path /Users/runner/Library/Developer/Xcode/DerivedData/ModuleCache.noindex -Xfrontend -serialize-debugging-options -swift-version 6 -I /Users/runner/Library/Developer/Xcode/DerivedData/SplatNative-dwmjesbccinwnzhdvkeajvbyatnj/Build/Products/Release-iphoneos -I /Applications/Xcode_16.4.app/Contents/Developer/Platforms/iPhoneOS.platform/Developer/usr/lib -F /Users/runner/Library/Developer/Xcode/DerivedData/SplatNative-dwmjesbccinwnzhdvkeajvbyatnj/Build/Products/Release-iphoneos/PackageFrameworks -F /Users/runner/Library/Developer/Xcode/DerivedData/SplatNative-dwmjesbccinwnzhdvkeajvbyatnj/Build/Products/Release-iphoneos -F /Applications/Xcode_16.4.app/Contents/Developer/Platforms/iPhoneOS.platform/Developer/Library/Frameworks -F /Applications/Xcode_16.4.app/Contents/Developer/Platforms/iPhoneOS.platform/Developer/SDKs/iPhoneOS18.5.sdk/Developer/Library/Frameworks -c -num-threads 3 -Xcc -ivfsstatcache -Xcc /Users/runner/Library/Developer/Xcode/DerivedData/SDKStatCaches.noindex/iphoneos18.5-22F76-a529daf784b3616c7c04a36aeb7f5c05.sdkstatcache -output-file-map /Users/runner/Library/Developer/Xcode/DerivedData/SplatNative-dwmjesbccinwnzhdvkeajvbyatnj/Build/Intermediates.noindex/Msplat.build/Release-iphoneos/Msplat.build/Objects-normal/arm64/Msplat-OutputFileMap.json -use-frontend-parseable-output -save-temps -no-color-diagnostics -serialize-diagnostics -emit-dependencies -emit-module -emit-module-path /Users/runner/Library/Developer/Xcode/DerivedData/SplatNative-dwmjesbccinwnzhdvkeajvbyatnj/Build/Intermediates.noindex/Msplat.build/Release-iphoneos/Msplat.build/Objects-normal/arm64/Msplat.swiftmodule -validate-clang-modules-once -clang-build-session-file /Users/runner/Library/Developer/Xcode/DerivedData/ModuleCache.noindex/Session.modulevalidation -package-name msplatmemory -Xcc -I/Users/runner/Library/Developer/Xcode/DerivedData/SplatNative-dwmjesbccinwnzhdvkeajvbyatnj/Build/Intermediates.noindex/Msplat.build/Release-iphoneos/Msplat.build/swift-overrides.hmap -emit-const-values -Xfrontend -const-gather-protocols-file -Xfrontend /Users/runner/Library/Developer/Xcode/DerivedData/SplatNative-dwmjesbccinwnzhdvkeajvbyatnj/Build/Intermediates.noindex/Msplat.build/Release-iphoneos/Msplat.build/Objects-normal/arm64/Msplat_const_extract_protocols.json -Xcc -I/Users/runner/work/ALLSUNDAY1122.github.io/ALLSUNDAY1122.github.io/splat-native-ios/Packages/MsplatMemory/Sources/MsplatCore/include -Xcc -I/Users/runner/Library/Developer/Xcode/DerivedData/SplatNative-dwmjesbccinwnzhdvkeajvbyatnj/Build/Products/Release-iphoneos/include -Xcc -I/Users/runner/Library/Developer/Xcode/DerivedData/SplatNative-dwmjesbccinwnzhdvkeajvbyatnj/Build/Intermediates.noindex/Msplat.build/Release-iphoneos/Msplat.build/DerivedSources-normal/arm64 -Xcc -I/Users/runner/Library/Developer/Xcode/DerivedData/SplatNative-dwmjesbccinwnzhdvkeajvbyatnj/Build/Intermediates.noindex/Msplat.build/Release-iphoneos/Msplat.build/DerivedSources/arm64 -Xcc -I/Users/runner/Library/Developer/Xcode/DerivedData/SplatNative-dwmjesbccinwnzhdvkeajvbyatnj/Build/Intermediates.noindex/Msplat.build/Release-iphoneos/Msplat.build/DerivedSources -Xcc -DSWIFT_PACKAGE -emit-objc-header -emit-objc-header-path /Users/runner/Library/Developer/Xcode/DerivedData/SplatNative-dwmjesbccinwnzhdvkeajvbyatnj/Build/Intermediates.noindex/Msplat.build/Release-iphoneos/Msplat.build/Objects-normal/arm64/Msplat-Swift.h -working-directory /Users/runner/work/ALLSUNDAY1122.github.io/ALLSUNDAY1122.github.io/splat-native-ios/SplatNative.xcodeproj -no-emit-module-separately-wmo

SwiftDriver\ Compilation IssueReporting normal arm64 com.apple.xcode.tools.swift.compiler (in target 'IssueReporting' from project 'xctest-dynamic-overlay')
    cd /Users/runner/work/ALLSUNDAY1122.github.io/ALLSUNDAY1122.github.io/splat-native-ios/SplatNative.xcodeproj
    builtin-Swift-Compilation -- /Applications/Xcode_16.4.app/Contents/Developer/Toolchains/XcodeDefault.xctoolchain/usr/bin/swiftc -module-name IssueReporting -O -whole-module-optimization -enforce-exclusivity\=checked @/Users/runner/Library/Developer/Xcode/DerivedData/SplatNative-dwmjesbccinwnzhdvkeajvbyatnj/Build/Intermediates.noindex/xctest-dynamic-overlay.build/Release-iphoneos/IssueReporting.build/Objects-normal/arm64/IssueReporting.SwiftFileList -DSWIFT_PACKAGE -DXcode -enable-upcoming-feature ExistentialAny -enable-upcoming-feature ImmutableWeakCaptures -enable-upcoming-feature InferIsolatedConformances -enable-upcoming-feature InternalImportsByDefault -enable-upcoming-feature MemberImportVisibility -enable-upcoming-feature NonisolatedNonsendingByDefault -plugin-path /Applications/Xcode_16.4.app/Contents/Developer/Toolchains/XcodeDefault.xctoolchain/usr/lib/swift/host/plugins/testing -enable-experimental-feature DebugDescriptionMacro -sdk /Applications/Xcode_16.4.app/Contents/Developer/Platforms/iPhoneOS.platform/Developer/SDKs/iPhoneOS18.5.sdk -target arm64-apple-ios13.0 -g -module-cache-path /Users/runner/Library/Developer/Xcode/DerivedData/ModuleCache.noindex -Xfrontend -serialize-debugging-options -suppress-warnings -swift-version 6 -I /Users/runner/Library/Developer/Xcode/DerivedData/SplatNative-dwmjesbccinwnzhdvkeajvbyatnj/Build/Products/Release-iphoneos -I /Applications/Xcode_16.4.app/Contents/Developer/Platforms/iPhoneOS.platform/Developer/usr/lib -F /Users/runner/Library/Developer/Xcode/DerivedData/SplatNative-dwmjesbccinwnzhdvkeajvbyatnj/Build/Products/Release-iphoneos -F /Applications/Xcode_16.4.app/Contents/Developer/Platforms/iPhoneOS.platform/Developer/Library/Frameworks -F /Applications/Xcode_16.4.app/Contents/Developer/Platforms/iPhoneOS.platform/Developer/SDKs/iPhoneOS18.5.sdk/Developer/Library/Frameworks -c -num-threads 3 -Xcc -ivfsstatcache -Xcc /Users/runner/Library/Developer/Xcode/DerivedData/SDKStatCaches.noindex/iphoneos18.5-22F76-a529daf784b3616c7c04a36aeb7f5c05.sdkstatcache -output-file-map /Users/runner/Library/Developer/Xcode/DerivedData/SplatNative-dwmjesbccinwnzhdvkeajvbyatnj/Build/Intermediates.noindex/xctest-dynamic-overlay.build/Release-iphoneos/IssueReporting.build/Objects-normal/arm64/IssueReporting-OutputFileMap.json -use-frontend-parseable-output -save-temps -no-color-diagnostics -serialize-diagnostics -emit-dependencies -emit-module -emit-module-path /Users/runner/Library/Developer/Xcode/DerivedData/SplatNative-dwmjesbccinwnzhdvkeajvbyatnj/Build/Intermediates.noindex/xctest-dynamic-overlay.build/Release-iphoneos/IssueReporting.build/Objects-normal/arm64/IssueReporting.swiftmodule -user-module-version 1.13.1 -validate-clang-modules-once -clang-build-session-file /Users/runner/Library/Developer/Xcode/DerivedData/ModuleCache.noindex/Session.modulevalidation -package-name xctest_dynamic_overlay -Xcc -I/Users/runner/Library/Developer/Xcode/DerivedData/SplatNative-dwmjesbccinwnzhdvkeajvbyatnj/Build/Intermediates.noindex/xctest-dynamic-overlay.build/Release-iphoneos/IssueReporting.build/swift-overrides.hmap -emit-const-values -Xfrontend -const-gather-protocols-file -Xfrontend /Users/runner/Library/Developer/Xcode/DerivedData/SplatNative-dwmjesbccinwnzhdvkeajvbyatnj/Build/Intermediates.noindex/xctest-dynamic-overlay.build/Release-iphoneos/IssueReporting.build/Objects-normal/arm64/IssueReporting_const_extract_protocols.json -Xcc -I/Users/runner/Library/Developer/Xcode/DerivedData/SplatNative-dwmjesbccinwnzhdvkeajvbyatnj/Build/Products/Release-iphoneos/include -Xcc -I/Users/runner/Library/Developer/Xcode/DerivedData/SplatNative-dwmjesbccinwnzhdvkeajvbyatnj/Build/Intermediates.noindex/xctest-dynamic-overlay.build/Release-iphoneos/IssueReporting.build/DerivedSources-normal/arm64 -Xcc -I/Users/runner/Library/Developer/Xcode/DerivedData/SplatNative-dwmjesbccinwnzhdvkeajvbyatnj/Build/Intermediates.noindex/xctest-dynamic-overlay.build/Release-iphoneos/IssueReporting.build/DerivedSources/arm64 -Xcc -I/Users/runner/Library/Developer/Xcode/DerivedData/SplatNative-dwmjesbccinwnzhdvkeajvbyatnj/Build/Intermediates.noindex/xctest-dynamic-overlay.build/Release-iphoneos/IssueReporting.build/DerivedSources -Xcc -DSWIFT_PACKAGE -emit-objc-header -emit-objc-header-path /Users/runner/Library/Developer/Xcode/DerivedData/SplatNative-dwmjesbccinwnzhdvkeajvbyatnj/Build/Intermediates.noindex/xctest-dynamic-overlay.build/Release-iphoneos/IssueReporting.build/Objects-normal/arm64/IssueReporting-Swift.h -working-directory /Users/runner/work/ALLSUNDAY1122.github.io/ALLSUNDAY1122.github.io/splat-native-ios/SplatNative.xcodeproj -no-emit-module-separately-wmo

SwiftDriver\ Compilation HTTPTypes normal arm64 com.apple.xcode.tools.swift.compiler (in target 'HTTPTypes' from project 'swift-http-types')
    cd /Users/runner/work/ALLSUNDAY1122.github.io/ALLSUNDAY1122.github.io/splat-native-ios/SplatNative.xcodeproj
    builtin-Swift-Compilation -- /Applications/Xcode_16.4.app/Contents/Developer/Toolchains/XcodeDefault.xctoolchain/usr/bin/swiftc -module-name HTTPTypes -O -whole-module-optimization -enforce-exclusivity\=checked @/Users/runner/Library/Developer/Xcode/DerivedData/SplatNative-dwmjesbccinwnzhdvkeajvbyatnj/Build/Intermediates.noindex/swift-http-types.build/Release-iphoneos/HTTPTypes.build/Objects-normal/arm64/HTTPTypes.SwiftFileList -DSWIFT_PACKAGE -DFoundationURL -DXcode -enable-upcoming-feature InternalImportsByDefault -enable-experimental-feature AvailabilityMacro\=HTTPTypes\ 1.0:\ macOS\ 10.0 -enable-experimental-feature AvailabilityMacro\=HTTPTypes\ 1.1:\ macOS\ 10.0 -enable-experimental-feature AvailabilityMacro\=HTTPTypes\ 1.2:\ macOS\ 10.0 -enable-experimental-feature AvailabilityMacro\=HTTPTypes\ 1.3:\ macOS\ 10.0 -enable-experimental-feature AvailabilityMacro\=HTTPTypes\ 1.6:\ macOS\ 10.0 -enable-experimental-feature AvailabilityMacro\=HTTPTypes\ 1.7:\ macOS\ 10.0 -enable-upcoming-feature MemberImportVisibility -plugin-path /Applications/Xcode_16.4.app/Contents/Developer/Toolchains/XcodeDefault.xctoolchain/usr/lib/swift/host/plugins/testing -enable-experimental-feature DebugDescriptionMacro -sdk /Applications/Xcode_16.4.app/Contents/Developer/Platforms/iPhoneOS.platform/Developer/SDKs/iPhoneOS18.5.sdk -target arm64-apple-ios12.0 -g -module-cache-path /Users/runner/Library/Developer/Xcode/DerivedData/ModuleCache.noindex -Xfrontend -serialize-debugging-options -suppress-warnings -swift-version 6 -I /Users/runner/Library/Developer/Xcode/DerivedData/SplatNative-dwmjesbccinwnzhdvkeajvbyatnj/Build/Products/Release-iphoneos -I /Applications/Xcode_16.4.app/Contents/Developer/Platforms/iPhoneOS.platform/Developer/usr/lib -F /Users/runner/Library/Developer/Xcode/DerivedData/SplatNative-dwmjesbccinwnzhdvkeajvbyatnj/Build/Products/Release-iphoneos -F /Applications/Xcode_16.4.app/Contents/Developer/Platforms/iPhoneOS.platform/Developer/Library/Frameworks -F /Applications/Xcode_16.4.app/Contents/Developer/Platforms/iPhoneOS.platform/Developer/SDKs/iPhoneOS18.5.sdk/Developer/Library/Frameworks -c -num-threads 3 -Xcc -ivfsstatcache -Xcc /Users/runner/Library/Developer/Xcode/DerivedData/SDKStatCaches.noindex/iphoneos18.5-22F76-a529daf784b3616c7c04a36aeb7f5c05.sdkstatcache -output-file-map /Users/runner/Library/Developer/Xcode/DerivedData/SplatNative-dwmjesbccinwnzhdvkeajvbyatnj/Build/Intermediates.noindex/swift-http-types.build/Release-iphoneos/HTTPTypes.build/Objects-normal/arm64/HTTPTypes-OutputFileMap.json -use-frontend-parseable-output -save-temps -no-color-diagnostics -serialize-diagnostics -emit-dependencies -emit-module -emit-module-path /Users/runner/Library/Developer/Xcode/DerivedData/SplatNative-dwmjesbccinwnzhdvkeajvbyatnj/Build/Intermediates.noindex/swift-http-types.build/Release-iphoneos/HTTPTypes.build/Objects-normal/arm64/HTTPTypes.swiftmodule -user-module-version 1.8.0 -validate-clang-modules-once -clang-build-session-file /Users/runner/Library/Developer/Xcode/DerivedData/ModuleCache.noindex/Session.modulevalidation -package-name swift_http_types -Xcc -I/Users/runner/Library/Developer/Xcode/DerivedData/SplatNative-dwmjesbccinwnzhdvkeajvbyatnj/Build/Intermediates.noindex/swift-http-types.build/Release-iphoneos/HTTPTypes.build/swift-overrides.hmap -emit-const-values -Xfrontend -const-gather-protocols-file -Xfrontend /Users/runner/Library/Developer/Xcode/DerivedData/SplatNative-dwmjesbccinwnzhdvkeajvbyatnj/Build/Intermediates.noindex/swift-http-types.build/Release-iphoneos/HTTPTypes.build/Objects-normal/arm64/HTTPTypes_const_extract_protocols.json -Xcc -I/Users/runner/Library/Developer/Xcode/DerivedData/SplatNative-dwmjesbccinwnzhdvkeajvbyatnj/Build/Products/Release-iphoneos/include -Xcc -I/Users/runner/Library/Developer/Xcode/DerivedData/SplatNative-dwmjesbccinwnzhdvkeajvbyatnj/Build/Intermediates.noindex/swift-http-types.build/Release-iphoneos/HTTPTypes.build/DerivedSources-normal/arm64 -Xcc -I/Users/runner/Library/Developer/Xcode/DerivedData/SplatNative-dwmjesbccinwnzhdvkeajvbyatnj/Build/Intermediates.noindex/swift-http-types.build/Release-iphoneos/HTTPTypes.build/DerivedSources/arm64 -Xcc -I/Users/runner/Library/Developer/Xcode/DerivedData/SplatNative-dwmjesbccinwnzhdvkeajvbyatnj/Build/Intermediates.noindex/swift-http-types.build/Release-iphoneos/HTTPTypes.build/DerivedSources -Xcc -DSWIFT_PACKAGE -emit-objc-header -emit-objc-header-path /Users/runner/Library/Developer/Xcode/DerivedData/SplatNative-dwmjesbccinwnzhdvkeajvbyatnj/Build/Intermediates.noindex/swift-http-types.build/Release-iphoneos/HTTPTypes.build/Objects-normal/arm64/HTTPTypes-Swift.h -working-directory /Users/runner/work/ALLSUNDAY1122.github.io/ALLSUNDAY1122.github.io/splat-native-ios/SplatNative.xcodeproj -no-emit-module-separately-wmo

SwiftDriver\ Compilation Crypto normal arm64 com.apple.xcode.tools.swift.compiler (in target 'Crypto' from project 'swift-crypto')
    cd /Users/runner/work/ALLSUNDAY1122.github.io/ALLSUNDAY1122.github.io/splat-native-ios/SplatNative.xcodeproj
    builtin-Swift-Compilation -- /Applications/Xcode_16.4.app/Contents/Developer/Toolchains/XcodeDefault.xctoolchain/usr/bin/swiftc -module-name Crypto -O -whole-module-optimization -enforce-exclusivity\=checked @/Users/runner/Library/Developer/Xcode/DerivedData/SplatNative-dwmjesbccinwnzhdvkeajvbyatnj/Build/Intermediates.noindex/swift-crypto.build/Release-iphoneos/Crypto.build/Objects-normal/arm64/Crypto.SwiftFileList -DSWIFT_PACKAGE -DCRYPTO_IN_SWIFTPM -DXcode -enable-upcoming-feature MemberImportVisibility -plugin-path /Applications/Xcode_16.4.app/Contents/Developer/Toolchains/XcodeDefault.xctoolchain/usr/lib/swift/host/plugins/testing -enable-experimental-feature DebugDescriptionMacro -sdk /Applications/Xcode_16.4.app/Contents/Developer/Platforms/iPhoneOS.platform/Developer/SDKs/iPhoneOS18.5.sdk -target arm64-apple-ios12.0 -g -module-cache-path /Users/runner/Library/Developer/Xcode/DerivedData/ModuleCache.noindex -Xfrontend -serialize-debugging-options -suppress-warnings -swift-version 6 -I /Users/runner/Library/Developer/Xcode/DerivedData/SplatNative-dwmjesbccinwnzhdvkeajvbyatnj/Build/Products/Release-iphoneos -I /Applications/Xcode_16.4.app/Contents/Developer/Platforms/iPhoneOS.platform/Developer/usr/lib -F /Users/runner/Library/Developer/Xcode/DerivedData/SplatNative-dwmjesbccinwnzhdvkeajvbyatnj/Build/Products/Release-iphoneos -F /Applications/Xcode_16.4.app/Contents/Developer/Platforms/iPhoneOS.platform/Developer/Library/Frameworks -F /Applications/Xcode_16.4.app/Contents/Developer/Platforms/iPhoneOS.platform/Developer/SDKs/iPhoneOS18.5.sdk/Developer/Library/Frameworks -c -num-threads 3 -Xcc -ivfsstatcache -Xcc /Users/runner/Library/Developer/Xcode/DerivedData/SDKStatCaches.noindex/iphoneos18.5-22F76-a529daf784b3616c7c04a36aeb7f5c05.sdkstatcache -output-file-map /Users/runner/Library/Developer/Xcode/DerivedData/SplatNative-dwmjesbccinwnzhdvkeajvbyatnj/Build/Intermediates.noindex/swift-crypto.build/Release-iphoneos/Crypto.build/Objects-normal/arm64/Crypto-OutputFileMap.json -use-frontend-parseable-output -save-temps -no-color-diagnostics -serialize-diagnostics -emit-dependencies -emit-module -emit-module-path /Users/runner/Library/Developer/Xcode/DerivedData/SplatNative-dwmjesbccinwnzhdvkeajvbyatnj/Build/Intermediates.noindex/swift-crypto.build/Release-iphoneos/Crypto.build/Objects-normal/arm64/Crypto.swiftmodule -user-module-version 4.5.2 -validate-clang-modules-once -clang-build-session-file /Users/runner/Library/Developer/Xcode/DerivedData/ModuleCache.noindex/Session.modulevalidation -package-name swift_crypto -Xcc -I/Users/runner/Library/Developer/Xcode/DerivedData/SplatNative-dwmjesbccinwnzhdvkeajvbyatnj/Build/Intermediates.noindex/swift-crypto.build/Release-iphoneos/Crypto.build/swift-overrides.hmap -emit-const-values -Xfrontend -const-gather-protocols-file -Xfrontend /Users/runner/Library/Developer/Xcode/DerivedData/SplatNative-dwmjesbccinwnzhdvkeajvbyatnj/Build/Intermediates.noindex/swift-crypto.build/Release-iphoneos/Crypto.build/Objects-normal/arm64/Crypto_const_extract_protocols.json -Xcc -I/Users/runner/Library/Developer/Xcode/DerivedData/SplatNative-dwmjesbccinwnzhdvkeajvbyatnj/Build/Products/Release-iphoneos/include -Xcc -I/Users/runner/Library/Developer/Xcode/DerivedData/SplatNative-dwmjesbccinwnzhdvkeajvbyatnj/Build/Intermediates.noindex/swift-crypto.build/Release-iphoneos/Crypto.build/DerivedSources-normal/arm64 -Xcc -I/Users/runner/Library/Developer/Xcode/DerivedData/SplatNative-dwmjesbccinwnzhdvkeajvbyatnj/Build/Intermediates.noindex/swift-crypto.build/Release-iphoneos/Crypto.build/DerivedSources/arm64 -Xcc -I/Users/runner/Library/Developer/Xcode/DerivedData/SplatNative-dwmjesbccinwnzhdvkeajvbyatnj/Build/Intermediates.noindex/swift-crypto.build/Release-iphoneos/Crypto.build/DerivedSources -Xcc -DSWIFT_PACKAGE -emit-objc-header -emit-objc-header-path /Users/runner/Library/Developer/Xcode/DerivedData/SplatNative-dwmjesbccinwnzhdvkeajvbyatnj/Build/Intermediates.noindex/swift-crypto.build/Release-iphoneos/Crypto.build/Objects-normal/arm64/Crypto-Swift.h -working-directory /Users/runner/work/ALLSUNDAY1122.github.io/ALLSUNDAY1122.github.io/splat-native-ios/SplatNative.xcodeproj -no-emit-module-separately-wmo

SwiftDriver\ Compilation ConcurrencyExtras normal arm64 com.apple.xcode.tools.swift.compiler (in target 'ConcurrencyExtras' from project 'swift-concurrency-extras')
    cd /Users/runner/work/ALLSUNDAY1122.github.io/ALLSUNDAY1122.github.io/splat-native-ios/SplatNative.xcodeproj
    builtin-Swift-Compilation -- /Applications/Xcode_16.4.app/Contents/Developer/Toolchains/XcodeDefault.xctoolchain/usr/bin/swiftc -module-name ConcurrencyExtras -O -whole-module-optimization -enforce-exclusivity\=checked @/Users/runner/Library/Developer/Xcode/DerivedData/SplatNative-dwmjesbccinwnzhdvkeajvbyatnj/Build/Intermediates.noindex/swift-concurrency-extras.build/Release-iphoneos/ConcurrencyExtras.build/Objects-normal/arm64/ConcurrencyExtras.SwiftFileList -DSWIFT_PACKAGE -DXcode -enable-upcoming-feature ExistentialAny -enable-upcoming-feature ImmutableWeakCaptures -enable-upcoming-feature InferIsolatedConformances -enable-upcoming-feature InternalImportsByDefault -enable-upcoming-feature MemberImportVisibility -enable-upcoming-feature NonisolatedNonsendingByDefault -plugin-path /Applications/Xcode_16.4.app/Contents/Developer/Toolchains/XcodeDefault.xctoolchain/usr/lib/swift/host/plugins/testing -enable-experimental-feature DebugDescriptionMacro -sdk /Applications/Xcode_16.4.app/Contents/Developer/Platforms/iPhoneOS.platform/Developer/SDKs/iPhoneOS18.5.sdk -target arm64-apple-ios13.0 -g -module-cache-path /Users/runner/Library/Developer/Xcode/DerivedData/ModuleCache.noindex -Xfrontend -serialize-debugging-options -suppress-warnings -swift-version 6 -I /Users/runner/Library/Developer/Xcode/DerivedData/SplatNative-dwmjesbccinwnzhdvkeajvbyatnj/Build/Products/Release-iphoneos -I /Applications/Xcode_16.4.app/Contents/Developer/Platforms/iPhoneOS.platform/Developer/usr/lib -F /Users/runner/Library/Developer/Xcode/DerivedData/SplatNative-dwmjesbccinwnzhdvkeajvbyatnj/Build/Products/Release-iphoneos -F /Applications/Xcode_16.4.app/Contents/Developer/Platforms/iPhoneOS.platform/Developer/Library/Frameworks -F /Applications/Xcode_16.4.app/Contents/Developer/Platforms/iPhoneOS.platform/Developer/SDKs/iPhoneOS18.5.sdk/Developer/Library/Frameworks -c -num-threads 3 -Xcc -ivfsstatcache -Xcc /Users/runner/Library/Developer/Xcode/DerivedData/SDKStatCaches.noindex/iphoneos18.5-22F76-a529daf784b3616c7c04a36aeb7f5c05.sdkstatcache -output-file-map /Users/runner/Library/Developer/Xcode/DerivedData/SplatNative-dwmjesbccinwnzhdvkeajvbyatnj/Build/Intermediates.noindex/swift-concurrency-extras.build/Release-iphoneos/ConcurrencyExtras.build/Objects-normal/arm64/ConcurrencyExtras-OutputFileMap.json -use-frontend-parseable-output -save-temps -no-color-diagnostics -serialize-diagnostics -emit-dependencies -emit-module -emit-module-path /Users/runner/Library/Developer/Xcode/DerivedData/SplatNative-dwmjesbccinwnzhdvkeajvbyatnj/Build/Intermediates.noindex/swift-concurrency-extras.build/Release-iphoneos/ConcurrencyExtras.build/Objects-normal/arm64/ConcurrencyExtras.swiftmodule -user-module-version 1.4.1 -validate-clang-modules-once -clang-build-session-file /Users/runner/Library/Developer/Xcode/DerivedData/ModuleCache.noindex/Session.modulevalidation -package-name swift_concurrency_extras -Xcc -I/Users/runner/Library/Developer/Xcode/DerivedData/SplatNative-dwmjesbccinwnzhdvkeajvbyatnj/Build/Intermediates.noindex/swift-concurrency-extras.build/Release-iphoneos/ConcurrencyExtras.build/swift-overrides.hmap -emit-const-values -Xfrontend -const-gather-protocols-file -Xfrontend /Users/runner/Library/Developer/Xcode/DerivedData/SplatNative-dwmjesbccinwnzhdvkeajvbyatnj/Build/Intermediates.noindex/swift-concurrency-extras.build/Release-iphoneos/ConcurrencyExtras.build/Objects-normal/arm64/ConcurrencyExtras_const_extract_protocols.json -Xcc -I/Users/runner/Library/Developer/Xcode/DerivedData/SplatNative-dwmjesbccinwnzhdvkeajvbyatnj/Build/Products/Release-iphoneos/include -Xcc -I/Users/runner/Library/Developer/Xcode/DerivedData/SplatNative-dwmjesbccinwnzhdvkeajvbyatnj/Build/Intermediates.noindex/swift-concurrency-extras.build/Release-iphoneos/ConcurrencyExtras.build/DerivedSources-normal/arm64 -Xcc -I/Users/runner/Library/Developer/Xcode/DerivedData/SplatNative-dwmjesbccinwnzhdvkeajvbyatnj/Build/Intermediates.noindex/swift-concurrency-extras.build/Release-iphoneos/ConcurrencyExtras.build/DerivedSources/arm64 -Xcc -I/Users/runner/Library/Developer/Xcode/DerivedData/SplatNative-dwmjesbccinwnzhdvkeajvbyatnj/Build/Intermediates.noindex/swift-concurrency-extras.build/Release-iphoneos/ConcurrencyExtras.build/DerivedSources -Xcc -DSWIFT_PACKAGE -emit-objc-header -emit-objc-header-path /Users/runner/Library/Developer/Xcode/DerivedData/SplatNative-dwmjesbccinwnzhdvkeajvbyatnj/Build/Intermediates.noindex/swift-concurrency-extras.build/Release-iphoneos/ConcurrencyExtras.build/Objects-normal/arm64/ConcurrencyExtras-Swift.h -working-directory /Users/runner/work/ALLSUNDAY1122.github.io/ALLSUNDAY1122.github.io/splat-native-ios/SplatNative.xcodeproj -no-emit-module-separately-wmo

Ld /Users/runner/Library/Developer/Xcode/DerivedData/SplatNative-dwmjesbccinwnzhdvkeajvbyatnj/Build/Products/Release-iphoneos/spz.o normal (in target 'spz' from project 'spz-swift')
    cd /Users/runner/Library/Developer/Xcode/DerivedData/SplatNative-dwmjesbccinwnzhdvkeajvbyatnj/SourcePackages/checkouts/spz-swift
    /Applications/Xcode_16.4.app/Contents/Developer/Toolchains/XcodeDefault.xctoolchain/usr/bin/clang -Xlinker -reproducible -target arm64-apple-ios17.0 -r -isysroot /Applications/Xcode_16.4.app/Contents/Developer/Platforms/iPhoneOS.platform/Developer/SDKs/iPhoneOS18.5.sdk -Os -w -L/Users/runner/Library/Developer/Xcode/DerivedData/SplatNative-dwmjesbccinwnzhdvkeajvbyatnj/Build/Intermediates.noindex/EagerLinkingTBDs/Release-iphoneos -L/Users/runner/Library/Developer/Xcode/DerivedData/SplatNative-dwmjesbccinwnzhdvkeajvbyatnj/Build/Products/Release-iphoneos -L/Applications/Xcode_16.4.app/Contents/Developer/Platforms/iPhoneOS.platform/Developer/usr/lib -F/Users/runner/Library/Developer/Xcode/DerivedData/SplatNative-dwmjesbccinwnzhdvkeajvbyatnj/Build/Intermediates.noindex/EagerLinkingTBDs/Release-iphoneos -F/Users/runner/Library/Developer/Xcode/DerivedData/SplatNative-dwmjesbccinwnzhdvkeajvbyatnj/Build/Products/Release-iphoneos -iframework /Applications/Xcode_16.4.app/Contents/Developer/Platforms/iPhoneOS.platform/Developer/Library/Frameworks -iframework /Applications/Xcode_16.4.app/Contents/Developer/Platforms/iPhoneOS.platform/Developer/SDKs/iPhoneOS18.5.sdk/Developer/Library/Frameworks -filelist /Users/runner/Library/Developer/Xcode/DerivedData/SplatNative-dwmjesbccinwnzhdvkeajvbyatnj/Build/Intermediates.noindex/spz-swift.build/Release-iphoneos/spz.build/Objects-normal/arm64/spz.LinkFileList -nostdlib -Xlinker -object_path_lto -Xlinker /Users/runner/Library/Developer/Xcode/DerivedData/SplatNative-dwmjesbccinwnzhdvkeajvbyatnj/Build/Intermediates.noindex/spz-swift.build/Release-iphoneos/spz.build/Objects-normal/arm64/spz_lto.o -Xlinker -dependency_info -Xlinker /Users/runner/Library/Developer/Xcode/DerivedData/SplatNative-dwmjesbccinwnzhdvkeajvbyatnj/Build/Intermediates.noindex/spz-swift.build/Release-iphoneos/spz.build/Objects-normal/arm64/spz_dependency_info.dat -fobjc-link-runtime -L/Applications/Xcode_16.4.app/Contents/Developer/Toolchains/XcodeDefault.xctoolchain/usr/lib/swift/iphoneos -L/usr/lib/swift -Xlinker -add_ast_path -Xlinker /Users/runner/Library/Developer/Xcode/DerivedData/SplatNative-dwmjesbccinwnzhdvkeajvbyatnj/Build/Intermediates.noindex/spz-swift.build/Release-iphoneos/spz.build/Objects-normal/arm64/spz.swiftmodule -o /Users/runner/Library/Developer/Xcode/DerivedData/SplatNative-dwmjesbccinwnzhdvkeajvbyatnj/Build/Products/Release-iphoneos/spz.o

Ld /Users/runner/Library/Developer/Xcode/DerivedData/SplatNative-dwmjesbccinwnzhdvkeajvbyatnj/Build/Products/Release-iphoneos/PLYIO.o normal (in target 'PLYIO' from project 'MetalSplatter')
    cd /Users/runner/Library/Developer/Xcode/DerivedData/SplatNative-dwmjesbccinwnzhdvkeajvbyatnj/SourcePackages/checkouts/MetalSplatter
    /Applications/Xcode_16.4.app/Contents/Developer/Toolchains/XcodeDefault.xctoolchain/usr/bin/clang -Xlinker -reproducible -target arm64-apple-ios18.0 -r -isysroot /Applications/Xcode_16.4.app/Contents/Developer/Platforms/iPhoneOS.platform/Developer/SDKs/iPhoneOS18.5.sdk -Os -w -L/Users/runner/Library/Developer/Xcode/DerivedData/SplatNative-dwmjesbccinwnzhdvkeajvbyatnj/Build/Intermediates.noindex/EagerLinkingTBDs/Release-iphoneos -L/Users/runner/Library/Developer/Xcode/DerivedData/SplatNative-dwmjesbccinwnzhdvkeajvbyatnj/Build/Products/Release-iphoneos -L/Applications/Xcode_16.4.app/Contents/Developer/Platforms/iPhoneOS.platform/Developer/usr/lib -F/Users/runner/Library/Developer/Xcode/DerivedData/SplatNative-dwmjesbccinwnzhdvkeajvbyatnj/Build/Intermediates.noindex/EagerLinkingTBDs/Release-iphoneos -F/Users/runner/Library/Developer/Xcode/DerivedData/SplatNative-dwmjesbccinwnzhdvkeajvbyatnj/Build/Products/Release-iphoneos -iframework /Applications/Xcode_16.4.app/Contents/Developer/Platforms/iPhoneOS.platform/Developer/Library/Frameworks -iframework /Applications/Xcode_16.4.app/Contents/Developer/Platforms/iPhoneOS.platform/Developer/SDKs/iPhoneOS18.5.sdk/Developer/Library/Frameworks -filelist /Users/runner/Library/Developer/Xcode/DerivedData/SplatNative-dwmjesbccinwnzhdvkeajvbyatnj/Build/Intermediates.noindex/MetalSplatter.build/Release-iphoneos/PLYIO.build/Objects-normal/arm64/PLYIO.LinkFileList -nostdlib -Xlinker -object_path_lto -Xlinker /Users/runner/Library/Developer/Xcode/DerivedData/SplatNative-dwmjesbccinwnzhdvkeajvbyatnj/Build/Intermediates.noindex/MetalSplatter.build/Release-iphoneos/PLYIO.build/Objects-normal/arm64/PLYIO_lto.o -Xlinker -dependency_info -Xlinker /Users/runner/Library/Developer/Xcode/DerivedData/SplatNative-dwmjesbccinwnzhdvkeajvbyatnj/Build/Intermediates.noindex/MetalSplatter.build/Release-iphoneos/PLYIO.build/Objects-normal/arm64/PLYIO_dependency_info.dat -fobjc-link-runtime -L/Applications/Xcode_16.4.app/Contents/Developer/Toolchains/XcodeDefault.xctoolchain/usr/lib/swift/iphoneos -L/usr/lib/swift -Xlinker -add_ast_path -Xlinker /Users/runner/Library/Developer/Xcode/DerivedData/SplatNative-dwmjesbccinwnzhdvkeajvbyatnj/Build/Intermediates.noindex/MetalSplatter.build/Release-iphoneos/PLYIO.build/Objects-normal/arm64/PLYIO.swiftmodule -o /Users/runner/Library/Developer/Xcode/DerivedData/SplatNative-dwmjesbccinwnzhdvkeajvbyatnj/Build/Products/Release-iphoneos/PLYIO.o

Ld /Users/runner/Library/Developer/Xcode/DerivedData/SplatNative-dwmjesbccinwnzhdvkeajvbyatnj/Build/Products/Release-iphoneos/IssueReporting.o normal (in target 'IssueReporting' from project 'xctest-dynamic-overlay')
    cd /Users/runner/Library/Developer/Xcode/DerivedData/SplatNative-dwmjesbccinwnzhdvkeajvbyatnj/SourcePackages/checkouts/xctest-dynamic-overlay
    /Applications/Xcode_16.4.app/Contents/Developer/Toolchains/XcodeDefault.xctoolchain/usr/bin/clang -Xlinker -reproducible -target arm64-apple-ios13.0 -r -isysroot /Applications/Xcode_16.4.app/Contents/Developer/Platforms/iPhoneOS.platform/Developer/SDKs/iPhoneOS18.5.sdk -Os -w -L/Users/runner/Library/Developer/Xcode/DerivedData/SplatNative-dwmjesbccinwnzhdvkeajvbyatnj/Build/Intermediates.noindex/EagerLinkingTBDs/Release-iphoneos -L/Users/runner/Library/Developer/Xcode/DerivedData/SplatNative-dwmjesbccinwnzhdvkeajvbyatnj/Build/Products/Release-iphoneos -L/Applications/Xcode_16.4.app/Contents/Developer/Platforms/iPhoneOS.platform/Developer/usr/lib -F/Users/runner/Library/Developer/Xcode/DerivedData/SplatNative-dwmjesbccinwnzhdvkeajvbyatnj/Build/Intermediates.noindex/EagerLinkingTBDs/Release-iphoneos -F/Users/runner/Library/Developer/Xcode/DerivedData/SplatNative-dwmjesbccinwnzhdvkeajvbyatnj/Build/Products/Release-iphoneos -iframework /Applications/Xcode_16.4.app/Contents/Developer/Platforms/iPhoneOS.platform/Developer/Library/Frameworks -iframework /Applications/Xcode_16.4.app/Contents/Developer/Platforms/iPhoneOS.platform/Developer/SDKs/iPhoneOS18.5.sdk/Developer/Library/Frameworks -filelist /Users/runner/Library/Developer/Xcode/DerivedData/SplatNative-dwmjesbccinwnzhdvkeajvbyatnj/Build/Intermediates.noindex/xctest-dynamic-overlay.build/Release-iphoneos/IssueReporting.build/Objects-normal/arm64/IssueReporting.LinkFileList -nostdlib -Xlinker -object_path_lto -Xlinker /Users/runner/Library/Developer/Xcode/DerivedData/SplatNative-dwmjesbccinwnzhdvkeajvbyatnj/Build/Intermediates.noindex/xctest-dynamic-overlay.build/Release-iphoneos/IssueReporting.build/Objects-normal/arm64/IssueReporting_lto.o -Xlinker -dependency_info -Xlinker /Users/runner/Library/Developer/Xcode/DerivedData/SplatNative-dwmjesbccinwnzhdvkeajvbyatnj/Build/Intermediates.noindex/xctest-dynamic-overlay.build/Release-iphoneos/IssueReporting.build/Objects-normal/arm64/IssueReporting_dependency_info.dat -fobjc-link-runtime -L/Applications/Xcode_16.4.app/Contents/Developer/Toolchains/XcodeDefault.xctoolchain/usr/lib/swift/iphoneos -L/usr/lib/swift -Xlinker -add_ast_path -Xlinker /Users/runner/Library/Developer/Xcode/DerivedData/SplatNative-dwmjesbccinwnzhdvkeajvbyatnj/Build/Intermediates.noindex/xctest-dynamic-overlay.build/Release-iphoneos/IssueReporting.build/Objects-normal/arm64/IssueReporting.swiftmodule -o /Users/runner/Library/Developer/Xcode/DerivedData/SplatNative-dwmjesbccinwnzhdvkeajvbyatnj/Build/Products/Release-iphoneos/IssueReporting.o

Ld /Users/runner/Library/Developer/Xcode/DerivedData/SplatNative-dwmjesbccinwnzhdvkeajvbyatnj/Build/Products/Release-iphoneos/HTTPTypes.o normal (in target 'HTTPTypes' from project 'swift-http-types')
    cd /Users/runner/Library/Developer/Xcode/DerivedData/SplatNative-dwmjesbccinwnzhdvkeajvbyatnj/SourcePackages/checkouts/swift-http-types
    /Applications/Xcode_16.4.app/Contents/Developer/Toolchains/XcodeDefault.xctoolchain/usr/bin/clang -Xlinker -reproducible -target arm64-apple-ios12.0 -r -isysroot /Applications/Xcode_16.4.app/Contents/Developer/Platforms/iPhoneOS.platform/Developer/SDKs/iPhoneOS18.5.sdk -Os -w -L/Users/runner/Library/Developer/Xcode/DerivedData/SplatNative-dwmjesbccinwnzhdvkeajvbyatnj/Build/Intermediates.noindex/EagerLinkingTBDs/Release-iphoneos -L/Users/runner/Library/Developer/Xcode/DerivedData/SplatNative-dwmjesbccinwnzhdvkeajvbyatnj/Build/Products/Release-iphoneos -L/Applications/Xcode_16.4.app/Contents/Developer/Platforms/iPhoneOS.platform/Developer/usr/lib -F/Users/runner/Library/Developer/Xcode/DerivedData/SplatNative-dwmjesbccinwnzhdvkeajvbyatnj/Build/Intermediates.noindex/EagerLinkingTBDs/Release-iphoneos -F/Users/runner/Library/Developer/Xcode/DerivedData/SplatNative-dwmjesbccinwnzhdvkeajvbyatnj/Build/Products/Release-iphoneos -iframework /Applications/Xcode_16.4.app/Contents/Developer/Platforms/iPhoneOS.platform/Developer/Library/Frameworks -iframework /Applications/Xcode_16.4.app/Contents/Developer/Platforms/iPhoneOS.platform/Developer/SDKs/iPhoneOS18.5.sdk/Developer/Library/Frameworks -filelist /Users/runner/Library/Developer/Xcode/DerivedData/SplatNative-dwmjesbccinwnzhdvkeajvbyatnj/Build/Intermediates.noindex/swift-http-types.build/Release-iphoneos/HTTPTypes.build/Objects-normal/arm64/HTTPTypes.LinkFileList -nostdlib -Xlinker -object_path_lto -Xlinker /Users/runner/Library/Developer/Xcode/DerivedData/SplatNative-dwmjesbccinwnzhdvkeajvbyatnj/Build/Intermediates.noindex/swift-http-types.build/Release-iphoneos/HTTPTypes.build/Objects-normal/arm64/HTTPTypes_lto.o -Xlinker -dependency_info -Xlinker /Users/runner/Library/Developer/Xcode/DerivedData/SplatNative-dwmjesbccinwnzhdvkeajvbyatnj/Build/Intermediates.noindex/swift-http-types.build/Release-iphoneos/HTTPTypes.build/Objects-normal/arm64/HTTPTypes_dependency_info.dat -fobjc-link-runtime -L/Applications/Xcode_16.4.app/Contents/Developer/Toolchains/XcodeDefault.xctoolchain/usr/lib/swift/iphoneos -L/usr/lib/swift -Xlinker -add_ast_path -Xlinker /Users/runner/Library/Developer/Xcode/DerivedData/SplatNative-dwmjesbccinwnzhdvkeajvbyatnj/Build/Intermediates.noindex/swift-http-types.build/Release-iphoneos/HTTPTypes.build/Objects-normal/arm64/HTTPTypes.swiftmodule -o /Users/runner/Library/Developer/Xcode/DerivedData/SplatNative-dwmjesbccinwnzhdvkeajvbyatnj/Build/Products/Release-iphoneos/HTTPTypes.o

Ld /Users/runner/Library/Developer/Xcode/DerivedData/SplatNative-dwmjesbccinwnzhdvkeajvbyatnj/Build/Products/Release-iphoneos/Crypto.o normal (in target 'Crypto' from project 'swift-crypto')
    cd /Users/runner/Library/Developer/Xcode/DerivedData/SplatNative-dwmjesbccinwnzhdvkeajvbyatnj/SourcePackages/checkouts/swift-crypto
    /Applications/Xcode_16.4.app/Contents/Developer/Toolchains/XcodeDefault.xctoolchain/usr/bin/clang -Xlinker -reproducible -target arm64-apple-ios12.0 -r -isysroot /Applications/Xcode_16.4.app/Contents/Developer/Platforms/iPhoneOS.platform/Developer/SDKs/iPhoneOS18.5.sdk -Os -w -L/Users/runner/Library/Developer/Xcode/DerivedData/SplatNative-dwmjesbccinwnzhdvkeajvbyatnj/Build/Intermediates.noindex/EagerLinkingTBDs/Release-iphoneos -L/Users/runner/Library/Developer/Xcode/DerivedData/SplatNative-dwmjesbccinwnzhdvkeajvbyatnj/Build/Products/Release-iphoneos -L/Applications/Xcode_16.4.app/Contents/Developer/Platforms/iPhoneOS.platform/Developer/usr/lib -F/Users/runner/Library/Developer/Xcode/DerivedData/SplatNative-dwmjesbccinwnzhdvkeajvbyatnj/Build/Intermediates.noindex/EagerLinkingTBDs/Release-iphoneos -F/Users/runner/Library/Developer/Xcode/DerivedData/SplatNative-dwmjesbccinwnzhdvkeajvbyatnj/Build/Products/Release-iphoneos -iframework /Applications/Xcode_16.4.app/Contents/Developer/Platforms/iPhoneOS.platform/Developer/Library/Frameworks -iframework /Applications/Xcode_16.4.app/Contents/Developer/Platforms/iPhoneOS.platform/Developer/SDKs/iPhoneOS18.5.sdk/Developer/Library/Frameworks -filelist /Users/runner/Library/Developer/Xcode/DerivedData/SplatNative-dwmjesbccinwnzhdvkeajvbyatnj/Build/Intermediates.noindex/swift-crypto.build/Release-iphoneos/Crypto.build/Objects-normal/arm64/Crypto.LinkFileList -nostdlib -Xlinker -object_path_lto -Xlinker /Users/runner/Library/Developer/Xcode/DerivedData/SplatNative-dwmjesbccinwnzhdvkeajvbyatnj/Build/Intermediates.noindex/swift-crypto.build/Release-iphoneos/Crypto.build/Objects-normal/arm64/Crypto_lto.o -Xlinker -dependency_info -Xlinker /Users/runner/Library/Developer/Xcode/DerivedData/SplatNative-dwmjesbccinwnzhdvkeajvbyatnj/Build/Intermediates.noindex/swift-crypto.build/Release-iphoneos/Crypto.build/Objects-normal/arm64/Crypto_dependency_info.dat -fobjc-link-runtime -L/Applications/Xcode_16.4.app/Contents/Developer/Toolchains/XcodeDefault.xctoolchain/usr/lib/swift/iphoneos -L/usr/lib/swift -Xlinker -add_ast_path -Xlinker /Users/runner/Library/Developer/Xcode/DerivedData/SplatNative-dwmjesbccinwnzhdvkeajvbyatnj/Build/Intermediates.noindex/swift-crypto.build/Release-iphoneos/Crypto.build/Objects-normal/arm64/Crypto.swiftmodule -o /Users/runner/Library/Developer/Xcode/DerivedData/SplatNative-dwmjesbccinwnzhdvkeajvbyatnj/Build/Products/Release-iphoneos/Crypto.o

Ld /Users/runner/Library/Developer/Xcode/DerivedData/SplatNative-dwmjesbccinwnzhdvkeajvbyatnj/Build/Products/Release-iphoneos/ConcurrencyExtras.o normal (in target 'ConcurrencyExtras' from project 'swift-concurrency-extras')
    cd /Users/runner/Library/Developer/Xcode/DerivedData/SplatNative-dwmjesbccinwnzhdvkeajvbyatnj/SourcePackages/checkouts/swift-concurrency-extras
    /Applications/Xcode_16.4.app/Contents/Developer/Toolchains/XcodeDefault.xctoolchain/usr/bin/clang -Xlinker -reproducible -target arm64-apple-ios13.0 -r -isysroot /Applications/Xcode_16.4.app/Contents/Developer/Platforms/iPhoneOS.platform/Developer/SDKs/iPhoneOS18.5.sdk -Os -w -L/Users/runner/Library/Developer/Xcode/DerivedData/SplatNative-dwmjesbccinwnzhdvkeajvbyatnj/Build/Intermediates.noindex/EagerLinkingTBDs/Release-iphoneos -L/Users/runner/Library/Developer/Xcode/DerivedData/SplatNative-dwmjesbccinwnzhdvkeajvbyatnj/Build/Products/Release-iphoneos -L/Applications/Xcode_16.4.app/Contents/Developer/Platforms/iPhoneOS.platform/Developer/usr/lib -F/Users/runner/Library/Developer/Xcode/DerivedData/SplatNative-dwmjesbccinwnzhdvkeajvbyatnj/Build/Intermediates.noindex/EagerLinkingTBDs/Release-iphoneos -F/Users/runner/Library/Developer/Xcode/DerivedData/SplatNative-dwmjesbccinwnzhdvkeajvbyatnj/Build/Products/Release-iphoneos -iframework /Applications/Xcode_16.4.app/Contents/Developer/Platforms/iPhoneOS.platform/Developer/Library/Frameworks -iframework /Applications/Xcode_16.4.app/Contents/Developer/Platforms/iPhoneOS.platform/Developer/SDKs/iPhoneOS18.5.sdk/Developer/Library/Frameworks -filelist /Users/runner/Library/Developer/Xcode/DerivedData/SplatNative-dwmjesbccinwnzhdvkeajvbyatnj/Build/Intermediates.noindex/swift-concurrency-extras.build/Release-iphoneos/ConcurrencyExtras.build/Objects-normal/arm64/ConcurrencyExtras.LinkFileList -nostdlib -Xlinker -object_path_lto -Xlinker /Users/runner/Library/Developer/Xcode/DerivedData/SplatNative-dwmjesbccinwnzhdvkeajvbyatnj/Build/Intermediates.noindex/swift-concurrency-extras.build/Release-iphoneos/ConcurrencyExtras.build/Objects-normal/arm64/ConcurrencyExtras_lto.o -Xlinker -dependency_info -Xlinker /Users/runner/Library/Developer/Xcode/DerivedData/SplatNative-dwmjesbccinwnzhdvkeajvbyatnj/Build/Intermediates.noindex/swift-concurrency-extras.build/Release-iphoneos/ConcurrencyExtras.build/Objects-normal/arm64/ConcurrencyExtras_dependency_info.dat -fobjc-link-runtime -L/Applications/Xcode_16.4.app/Contents/Developer/Toolchains/XcodeDefault.xctoolchain/usr/lib/swift/iphoneos -L/usr/lib/swift -Xlinker -add_ast_path -Xlinker /Users/runner/Library/Developer/Xcode/DerivedData/SplatNative-dwmjesbccinwnzhdvkeajvbyatnj/Build/Intermediates.noindex/swift-concurrency-extras.build/Release-iphoneos/ConcurrencyExtras.build/Objects-normal/arm64/ConcurrencyExtras.swiftmodule -o /Users/runner/Library/Developer/Xcode/DerivedData/SplatNative-dwmjesbccinwnzhdvkeajvbyatnj/Build/Products/Release-iphoneos/ConcurrencyExtras.o

ExtractAppIntentsMetadata (in target 'spz' from project 'spz-swift')
    cd /Users/runner/Library/Developer/Xcode/DerivedData/SplatNative-dwmjesbccinwnzhdvkeajvbyatnj/SourcePackages/checkouts/spz-swift
    /Applications/Xcode_16.4.app/Contents/Developer/Toolchains/XcodeDefault.xctoolchain/usr/bin/appintentsmetadataprocessor --toolchain-dir /Applications/Xcode_16.4.app/Contents/Developer/Toolchains/XcodeDefault.xctoolchain --module-name spz --sdk-root /Applications/Xcode_16.4.app/Contents/Developer/Platforms/iPhoneOS.platform/Developer/SDKs/iPhoneOS18.5.sdk --xcode-version 16F6 --platform-family iOS --deployment-target 17.0 --bundle-identifier spz-swift.spz --output /Users/runner/Library/Developer/Xcode/DerivedData/SplatNative-dwmjesbccinwnzhdvkeajvbyatnj/Build/Products/Release-iphoneos/spz.appintents --target-triple arm64-apple-ios17.0 --binary-file /Users/runner/Library/Developer/Xcode/DerivedData/SplatNative-dwmjesbccinwnzhdvkeajvbyatnj/Build/Products/Release-iphoneos/spz.o --dependency-file /Users/runner/Library/Developer/Xcode/DerivedData/SplatNative-dwmjesbccinwnzhdvkeajvbyatnj/Build/Intermediates.noindex/spz-swift.build/Release-iphoneos/spz.build/Objects-normal/arm64/spz_dependency_info.dat --stringsdata-file /Users/runner/Library/Developer/Xcode/DerivedData/SplatNative-dwmjesbccinwnzhdvkeajvbyatnj/Build/Intermediates.noindex/spz-swift.build/Release-iphoneos/spz.build/Objects-normal/arm64/ExtractedAppShortcutsMetadata.stringsdata --source-file-list /Users/runner/Library/Developer/Xcode/DerivedData/SplatNative-dwmjesbccinwnzhdvkeajvbyatnj/Build/Intermediates.noindex/spz-swift.build/Release-iphoneos/spz.build/Objects-normal/arm64/spz.SwiftFileList --metadata-file-list /Users/runner/Library/Developer/Xcode/DerivedData/SplatNative-dwmjesbccinwnzhdvkeajvbyatnj/Build/Intermediates.noindex/spz-swift.build/Release-iphoneos/spz.build/spz.DependencyMetadataFileList --static-metadata-file-list /Users/runner/Library/Developer/Xcode/DerivedData/SplatNative-dwmjesbccinwnzhdvkeajvbyatnj/Build/Intermediates.noindex/spz-swift.build/Release-iphoneos/spz.build/spz.DependencyStaticMetadataFileList --swift-const-vals-list /Users/runner/Library/Developer/Xcode/DerivedData/SplatNative-dwmjesbccinwnzhdvkeajvbyatnj/Build/Intermediates.noindex/spz-swift.build/Release-iphoneos/spz.build/Objects-normal/arm64/spz.SwiftConstValuesFileList --force --compile-time-extraction --deployment-aware-processing --validate-assistant-intents --no-app-shortcuts-localization
2026-09-16 08:12:29.098 appintentsmetadataprocessor[4032:14720] Starting appintentsmetadataprocessor export
2026-09-16 08:12:29.152 appintentsmetadataprocessor[4032:14720] Extracted no relevant App Intents symbols, skipping writing output

ExtractAppIntentsMetadata (in target 'PLYIO' from project 'MetalSplatter')
    cd /Users/runner/Library/Developer/Xcode/DerivedData/SplatNative-dwmjesbccinwnzhdvkeajvbyatnj/SourcePackages/checkouts/MetalSplatter
    /Applications/Xcode_16.4.app/Contents/Developer/Toolchains/XcodeDefault.xctoolchain/usr/bin/appintentsmetadataprocessor --toolchain-dir /Applications/Xcode_16.4.app/Contents/Developer/Toolchains/XcodeDefault.xctoolchain --module-name PLYIO --sdk-root /Applications/Xcode_16.4.app/Contents/Developer/Platforms/iPhoneOS.platform/Developer/SDKs/iPhoneOS18.5.sdk --xcode-version 16F6 --platform-family iOS --deployment-target 18.0 --bundle-identifier metalsplatter.PLYIO --output /Users/runner/Library/Developer/Xcode/DerivedData/SplatNative-dwmjesbccinwnzhdvkeajvbyatnj/Build/Products/Release-iphoneos/PLYIO.appintents --target-triple arm64-apple-ios18.0 --binary-file /Users/runner/Library/Developer/Xcode/DerivedData/SplatNative-dwmjesbccinwnzhdvkeajvbyatnj/Build/Products/Release-iphoneos/PLYIO.o --dependency-file /Users/runner/Library/Developer/Xcode/DerivedData/SplatNative-dwmjesbccinwnzhdvkeajvbyatnj/Build/Intermediates.noindex/MetalSplatter.build/Release-iphoneos/PLYIO.build/Objects-normal/arm64/PLYIO_dependency_info.dat --stringsdata-file /Users/runner/Library/Developer/Xcode/DerivedData/SplatNative-dwmjesbccinwnzhdvkeajvbyatnj/Build/Intermediates.noindex/MetalSplatter.build/Release-iphoneos/PLYIO.build/Objects-normal/arm64/ExtractedAppShortcutsMetadata.stringsdata --source-file-list /Users/runner/Library/Developer/Xcode/DerivedData/SplatNative-dwmjesbccinwnzhdvkeajvbyatnj/Build/Intermediates.noindex/MetalSplatter.build/Release-iphoneos/PLYIO.build/Objects-normal/arm64/PLYIO.SwiftFileList --metadata-file-list /Users/runner/Library/Developer/Xcode/DerivedData/SplatNative-dwmjesbccinwnzhdvkeajvbyatnj/Build/Intermediates.noindex/MetalSplatter.build/Release-iphoneos/PLYIO.build/PLYIO.DependencyMetadataFileList --static-metadata-file-list /Users/runner/Library/Developer/Xcode/DerivedData/SplatNative-dwmjesbccinwnzhdvkeajvbyatnj/Build/Intermediates.noindex/MetalSplatter.build/Release-iphoneos/PLYIO.build/PLYIO.DependencyStaticMetadataFileList --swift-const-vals-list /Users/runner/Library/Developer/Xcode/DerivedData/SplatNative-dwmjesbccinwnzhdvkeajvbyatnj/Build/Intermediates.noindex/MetalSplatter.build/Release-iphoneos/PLYIO.build/Objects-normal/arm64/PLYIO.SwiftConstValuesFileList --force --compile-time-extraction --deployment-aware-processing --validate-assistant-intents --no-app-shortcuts-localization
2026-09-16 08:12:29.099 appintentsmetadataprocessor[4033:14722] Starting appintentsmetadataprocessor export
2026-09-16 08:12:29.156 appintentsmetadataprocessor[4033:14722] Extracted no relevant App Intents symbols, skipping writing output

ExtractAppIntentsMetadata (in target 'IssueReporting' from project 'xctest-dynamic-overlay')
    cd /Users/runner/Library/Developer/Xcode/DerivedData/SplatNative-dwmjesbccinwnzhdvkeajvbyatnj/SourcePackages/checkouts/xctest-dynamic-overlay
    /Applications/Xcode_16.4.app/Contents/Developer/Toolchains/XcodeDefault.xctoolchain/usr/bin/appintentsmetadataprocessor --toolchain-dir /Applications/Xcode_16.4.app/Contents/Developer/Toolchains/XcodeDefault.xctoolchain --module-name IssueReporting --sdk-root /Applications/Xcode_16.4.app/Contents/Developer/Platforms/iPhoneOS.platform/Developer/SDKs/iPhoneOS18.5.sdk --xcode-version 16F6 --platform-family iOS --deployment-target 13.0 --bundle-identifier xctest-dynamic-overlay.IssueReporting --output /Users/runner/Library/Developer/Xcode/DerivedData/SplatNative-dwmjesbccinwnzhdvkeajvbyatnj/Build/Products/Release-iphoneos/IssueReporting.appintents --target-triple arm64-apple-ios13.0 --binary-file /Users/runner/Library/Developer/Xcode/DerivedData/SplatNative-dwmjesbccinwnzhdvkeajvbyatnj/Build/Products/Release-iphoneos/IssueReporting.o --dependency-file /Users/runner/Library/Developer/Xcode/DerivedData/SplatNative-dwmjesbccinwnzhdvkeajvbyatnj/Build/Intermediates.noindex/xctest-dynamic-overlay.build/Release-iphoneos/IssueReporting.build/Objects-normal/arm64/IssueReporting_dependency_info.dat --stringsdata-file /Users/runner/Library/Developer/Xcode/DerivedData/SplatNative-dwmjesbccinwnzhdvkeajvbyatnj/Build/Intermediates.noindex/xctest-dynamic-overlay.build/Release-iphoneos/IssueReporting.build/Objects-normal/arm64/ExtractedAppShortcutsMetadata.stringsdata --source-file-list /Users/runner/Library/Developer/Xcode/DerivedData/SplatNative-dwmjesbccinwnzhdvkeajvbyatnj/Build/Intermediates.noindex/xctest-dynamic-overlay.build/Release-iphoneos/IssueReporting.build/Objects-normal/arm64/IssueReporting.SwiftFileList --metadata-file-list /Users/runner/Library/Developer/Xcode/DerivedData/SplatNative-dwmjesbccinwnzhdvkeajvbyatnj/Build/Intermediates.noindex/xctest-dynamic-overlay.build/Release-iphoneos/IssueReporting.build/IssueReporting.DependencyMetadataFileList --static-metadata-file-list /Users/runner/Library/Developer/Xcode/DerivedData/SplatNative-dwmjesbccinwnzhdvkeajvbyatnj/Build/Intermediates.noindex/xctest-dynamic-overlay.build/Release-iphoneos/IssueReporting.build/IssueReporting.DependencyStaticMetadataFileList --swift-const-vals-list /Users/runner/Library/Developer/Xcode/DerivedData/SplatNative-dwmjesbccinwnzhdvkeajvbyatnj/Build/Intermediates.noindex/xctest-dynamic-overlay.build/Release-iphoneos/IssueReporting.build/Objects-normal/arm64/IssueReporting.SwiftConstValuesFileList --force --compile-time-extraction --deployment-aware-processing --validate-assistant-intents --no-app-shortcuts-localization
2026-09-16 08:12:29.168 appintentsmetadataprocessor[4038:14736] Starting appintentsmetadataprocessor export
2026-09-16 08:12:29.201 appintentsmetadataprocessor[4038:14736] Extracted no relevant App Intents symbols, skipping writing output

ExtractAppIntentsMetadata (in target 'HTTPTypes' from project 'swift-http-types')
    cd /Users/runner/Library/Developer/Xcode/DerivedData/SplatNative-dwmjesbccinwnzhdvkeajvbyatnj/SourcePackages/checkouts/swift-http-types
    /Applications/Xcode_16.4.app/Contents/Developer/Toolchains/XcodeDefault.xctoolchain/usr/bin/appintentsmetadataprocessor --toolchain-dir /Applications/Xcode_16.4.app/Contents/Developer/Toolchains/XcodeDefault.xctoolchain --module-name HTTPTypes --sdk-root /Applications/Xcode_16.4.app/Contents/Developer/Platforms/iPhoneOS.platform/Developer/SDKs/iPhoneOS18.5.sdk --xcode-version 16F6 --platform-family iOS --deployment-target 12.0 --bundle-identifier swift-http-types.HTTPTypes --output /Users/runner/Library/Developer/Xcode/DerivedData/SplatNative-dwmjesbccinwnzhdvkeajvbyatnj/Build/Products/Release-iphoneos/HTTPTypes.appintents --target-triple arm64-apple-ios12.0 --binary-file /Users/runner/Library/Developer/Xcode/DerivedData/SplatNative-dwmjesbccinwnzhdvkeajvbyatnj/Build/Products/Release-iphoneos/HTTPTypes.o --dependency-file /Users/runner/Library/Developer/Xcode/DerivedData/SplatNative-dwmjesbccinwnzhdvkeajvbyatnj/Build/Intermediates.noindex/swift-http-types.build/Release-iphoneos/HTTPTypes.build/Objects-normal/arm64/HTTPTypes_dependency_info.dat --stringsdata-file /Users/runner/Library/Developer/Xcode/DerivedData/SplatNative-dwmjesbccinwnzhdvkeajvbyatnj/Build/Intermediates.noindex/swift-http-types.build/Release-iphoneos/HTTPTypes.build/Objects-normal/arm64/ExtractedAppShortcutsMetadata.stringsdata --source-file-list /Users/runner/Library/Developer/Xcode/DerivedData/SplatNative-dwmjesbccinwnzhdvkeajvbyatnj/Build/Intermediates.noindex/swift-http-types.build/Release-iphoneos/HTTPTypes.build/Objects-normal/arm64/HTTPTypes.SwiftFileList --metadata-file-list /Users/runner/Library/Developer/Xcode/DerivedData/SplatNative-dwmjesbccinwnzhdvkeajvbyatnj/Build/Intermediates.noindex/swift-http-types.build/Release-iphoneos/HTTPTypes.build/HTTPTypes.DependencyMetadataFileList --static-metadata-file-list /Users/runner/Library/Developer/Xcode/DerivedData/SplatNative-dwmjesbccinwnzhdvkeajvbyatnj/Build/Intermediates.noindex/swift-http-types.build/Release-iphoneos/HTTPTypes.build/HTTPTypes.DependencyStaticMetadataFileList --swift-const-vals-list /Users/runner/Library/Developer/Xcode/DerivedData/SplatNative-dwmjesbccinwnzhdvkeajvbyatnj/Build/Intermediates.noindex/swift-http-types.build/Release-iphoneos/HTTPTypes.build/Objects-normal/arm64/HTTPTypes.SwiftConstValuesFileList --force --compile-time-extraction --deployment-aware-processing --validate-assistant-intents --no-app-shortcuts-localization
2026-09-16 08:12:29.171 appintentsmetadataprocessor[4039:14737] Starting appintentsmetadataprocessor export
2026-09-16 08:12:29.201 appintentsmetadataprocessor[4039:14737] Extracted no relevant App Intents symbols, skipping writing output

ExtractAppIntentsMetadata (in target 'Crypto' from project 'swift-crypto')
    cd /Users/runner/Library/Developer/Xcode/DerivedData/SplatNative-dwmjesbccinwnzhdvkeajvbyatnj/SourcePackages/checkouts/swift-crypto
    /Applications/Xcode_16.4.app/Contents/Developer/Toolchains/XcodeDefault.xctoolchain/usr/bin/appintentsmetadataprocessor --toolchain-dir /Applications/Xcode_16.4.app/Contents/Developer/Toolchains/XcodeDefault.xctoolchain --module-name Crypto --sdk-root /Applications/Xcode_16.4.app/Contents/Developer/Platforms/iPhoneOS.platform/Developer/SDKs/iPhoneOS18.5.sdk --xcode-version 16F6 --platform-family iOS --deployment-target 12.0 --bundle-identifier swift-crypto.Crypto --output /Users/runner/Library/Developer/Xcode/DerivedData/SplatNative-dwmjesbccinwnzhdvkeajvbyatnj/Build/Products/Release-iphoneos/Crypto.appintents --target-triple arm64-apple-ios12.0 --binary-file /Users/runner/Library/Developer/Xcode/DerivedData/SplatNative-dwmjesbccinwnzhdvkeajvbyatnj/Build/Products/Release-iphoneos/Crypto.o --dependency-file /Users/runner/Library/Developer/Xcode/DerivedData/SplatNative-dwmjesbccinwnzhdvkeajvbyatnj/Build/Intermediates.noindex/swift-crypto.build/Release-iphoneos/Crypto.build/Objects-normal/arm64/Crypto_dependency_info.dat --stringsdata-file /Users/runner/Library/Developer/Xcode/DerivedData/SplatNative-dwmjesbccinwnzhdvkeajvbyatnj/Build/Intermediates.noindex/swift-crypto.build/Release-iphoneos/Crypto.build/Objects-normal/arm64/ExtractedAppShortcutsMetadata.stringsdata --source-file-list /Users/runner/Library/Developer/Xcode/DerivedData/SplatNative-dwmjesbccinwnzhdvkeajvbyatnj/Build/Intermediates.noindex/swift-crypto.build/Release-iphoneos/Crypto.build/Objects-normal/arm64/Crypto.SwiftFileList --metadata-file-list /Users/runner/Library/Developer/Xcode/DerivedData/SplatNative-dwmjesbccinwnzhdvkeajvbyatnj/Build/Intermediates.noindex/swift-crypto.build/Release-iphoneos/Crypto.build/Crypto.DependencyMetadataFileList --static-metadata-file-list /Users/runner/Library/Developer/Xcode/DerivedData/SplatNative-dwmjesbccinwnzhdvkeajvbyatnj/Build/Intermediates.noindex/swift-crypto.build/Release-iphoneos/Crypto.build/Crypto.DependencyStaticMetadataFileList --swift-const-vals-list /Users/runner/Library/Developer/Xcode/DerivedData/SplatNative-dwmjesbccinwnzhdvkeajvbyatnj/Build/Intermediates.noindex/swift-crypto.build/Release-iphoneos/Crypto.build/Objects-normal/arm64/Crypto.SwiftConstValuesFileList --force --compile-time-extraction --deployment-aware-processing --validate-assistant-intents --no-app-shortcuts-localization
2026-09-16 08:12:29.218 appintentsmetadataprocessor[4040:14742] Starting appintentsmetadataprocessor export
2026-09-16 08:12:29.249 appintentsmetadataprocessor[4040:14742] Extracted no relevant App Intents symbols, skipping writing output

ExtractAppIntentsMetadata (in target 'ConcurrencyExtras' from project 'swift-concurrency-extras')
    cd /Users/runner/Library/Developer/Xcode/DerivedData/SplatNative-dwmjesbccinwnzhdvkeajvbyatnj/SourcePackages/checkouts/swift-concurrency-extras
    /Applications/Xcode_16.4.app/Contents/Developer/Toolchains/XcodeDefault.xctoolchain/usr/bin/appintentsmetadataprocessor --toolchain-dir /Applications/Xcode_16.4.app/Contents/Developer/Toolchains/XcodeDefault.xctoolchain --module-name ConcurrencyExtras --sdk-root /Applications/Xcode_16.4.app/Contents/Developer/Platforms/iPhoneOS.platform/Developer/SDKs/iPhoneOS18.5.sdk --xcode-version 16F6 --platform-family iOS --deployment-target 13.0 --bundle-identifier swift-concurrency-extras.ConcurrencyExtras --output /Users/runner/Library/Developer/Xcode/DerivedData/SplatNative-dwmjesbccinwnzhdvkeajvbyatnj/Build/Products/Release-iphoneos/ConcurrencyExtras.appintents --target-triple arm64-apple-ios13.0 --binary-file /Users/runner/Library/Developer/Xcode/DerivedData/SplatNative-dwmjesbccinwnzhdvkeajvbyatnj/Build/Products/Release-iphoneos/ConcurrencyExtras.o --dependency-file /Users/runner/Library/Developer/Xcode/DerivedData/SplatNative-dwmjesbccinwnzhdvkeajvbyatnj/Build/Intermediates.noindex/swift-concurrency-extras.build/Release-iphoneos/ConcurrencyExtras.build/Objects-normal/arm64/ConcurrencyExtras_dependency_info.dat --stringsdata-file /Users/runner/Library/Developer/Xcode/DerivedData/SplatNative-dwmjesbccinwnzhdvkeajvbyatnj/Build/Intermediates.noindex/swift-concurrency-extras.build/Release-iphoneos/ConcurrencyExtras.build/Objects-normal/arm64/ExtractedAppShortcutsMetadata.stringsdata --source-file-list /Users/runner/Library/Developer/Xcode/DerivedData/SplatNative-dwmjesbccinwnzhdvkeajvbyatnj/Build/Intermediates.noindex/swift-concurrency-extras.build/Release-iphoneos/ConcurrencyExtras.build/Objects-normal/arm64/ConcurrencyExtras.SwiftFileList --metadata-file-list /Users/runner/Library/Developer/Xcode/DerivedData/SplatNative-dwmjesbccinwnzhdvkeajvbyatnj/Build/Intermediates.noindex/swift-concurrency-extras.build/Release-iphoneos/ConcurrencyExtras.build/ConcurrencyExtras.DependencyMetadataFileList --static-metadata-file-list /Users/runner/Library/Developer/Xcode/DerivedData/SplatNative-dwmjesbccinwnzhdvkeajvbyatnj/Build/Intermediates.noindex/swift-concurrency-extras.build/Release-iphoneos/ConcurrencyExtras.build/ConcurrencyExtras.DependencyStaticMetadataFileList --swift-const-vals-list /Users/runner/Library/Developer/Xcode/DerivedData/SplatNative-dwmjesbccinwnzhdvkeajvbyatnj/Build/Intermediates.noindex/swift-concurrency-extras.build/Release-iphoneos/ConcurrencyExtras.build/Objects-normal/arm64/ConcurrencyExtras.SwiftConstValuesFileList --force --compile-time-extraction --deployment-aware-processing --validate-assistant-intents --no-app-shortcuts-localization
2026-09-16 08:12:29.216 appintentsmetadataprocessor[4041:14743] Starting appintentsmetadataprocessor export
2026-09-16 08:12:29.249 appintentsmetadataprocessor[4041:14743] Extracted no relevant App Intents symbols, skipping writing output

SwiftDriver XCTestDynamicOverlay normal arm64 com.apple.xcode.tools.swift.compiler (in target 'XCTestDynamicOverlay' from project 'xctest-dynamic-overlay')
    cd /Users/runner/work/ALLSUNDAY1122.github.io/ALLSUNDAY1122.github.io/splat-native-ios/SplatNative.xcodeproj
    builtin-SwiftDriver -- /Applications/Xcode_16.4.app/Contents/Developer/Toolchains/XcodeDefault.xctoolchain/usr/bin/swiftc -module-name XCTestDynamicOverlay -O -whole-module-optimization -enforce-exclusivity\=checked @/Users/runner/Library/Developer/Xcode/DerivedData/SplatNative-dwmjesbccinwnzhdvkeajvbyatnj/Build/Intermediates.noindex/xctest-dynamic-overlay.build/Release-iphoneos/XCTestDynamicOverlay.build/Objects-normal/arm64/XCTestDynamicOverlay.SwiftFileList -DSWIFT_PACKAGE -DXcode -enable-upcoming-feature ExistentialAny -enable-upcoming-feature ImmutableWeakCaptures -enable-upcoming-feature InferIsolatedConformances -enable-upcoming-feature InternalImportsByDefault -enable-upcoming-feature MemberImportVisibility -enable-upcoming-feature NonisolatedNonsendingByDefault -plugin-path /Applications/Xcode_16.4.app/Contents/Developer/Toolchains/XcodeDefault.xctoolchain/usr/lib/swift/host/plugins/testing -enable-experimental-feature DebugDescriptionMacro -sdk /Applications/Xcode_16.4.app/Contents/Developer/Platforms/iPhoneOS.platform/Developer/SDKs/iPhoneOS18.5.sdk -target arm64-apple-ios13.0 -g -module-cache-path /Users/runner/Library/Developer/Xcode/DerivedData/ModuleCache.noindex -Xfrontend -serialize-debugging-options -suppress-warnings -swift-version 6 -I /Users/runner/Library/Developer/Xcode/DerivedData/SplatNative-dwmjesbccinwnzhdvkeajvbyatnj/Build/Products/Release-iphoneos -I /Applications/Xcode_16.4.app/Contents/Developer/Platforms/iPhoneOS.platform/Developer/usr/lib -F /Users/runner/Library/Developer/Xcode/DerivedData/SplatNative-dwmjesbccinwnzhdvkeajvbyatnj/Build/Products/Release-iphoneos/PackageFrameworks -F /Users/runner/Library/Developer/Xcode/DerivedData/SplatNative-dwmjesbccinwnzhdvkeajvbyatnj/Build/Products/Release-iphoneos -F /Applications/Xcode_16.4.app/Contents/Developer/Platforms/iPhoneOS.platform/Developer/Library/Frameworks -F /Applications/Xcode_16.4.app/Contents/Developer/Platforms/iPhoneOS.platform/Developer/SDKs/iPhoneOS18.5.sdk/Developer/Library/Frameworks -c -num-threads 3 -Xcc -ivfsstatcache -Xcc /Users/runner/Library/Developer/Xcode/DerivedData/SDKStatCaches.noindex/iphoneos18.5-22F76-a529daf784b3616c7c04a36aeb7f5c05.sdkstatcache -output-file-map /Users/runner/Library/Developer/Xcode/DerivedData/SplatNative-dwmjesbccinwnzhdvkeajvbyatnj/Build/Intermediates.noindex/xctest-dynamic-overlay.build/Release-iphoneos/XCTestDynamicOverlay.build/Objects-normal/arm64/XCTestDynamicOverlay-OutputFileMap.json -use-frontend-parseable-output -save-temps -no-color-diagnostics -serialize-diagnostics -emit-dependencies -emit-module -emit-module-path /Users/runner/Library/Developer/Xcode/DerivedData/SplatNative-dwmjesbccinwnzhdvkeajvbyatnj/Build/Intermediates.noindex/xctest-dynamic-overlay.build/Release-iphoneos/XCTestDynamicOverlay.build/Objects-normal/arm64/XCTestDynamicOverlay.swiftmodule -user-module-version 1.13.1 -validate-clang-modules-once -clang-build-session-file /Users/runner/Library/Developer/Xcode/DerivedData/ModuleCache.noindex/Session.modulevalidation -package-name xctest_dynamic_overlay -Xcc -I/Users/runner/Library/Developer/Xcode/DerivedData/SplatNative-dwmjesbccinwnzhdvkeajvbyatnj/Build/Intermediates.noindex/xctest-dynamic-overlay.build/Release-iphoneos/XCTestDynamicOverlay.build/swift-overrides.hmap -emit-const-values -Xfrontend -const-gather-protocols-file -Xfrontend /Users/runner/Library/Developer/Xcode/DerivedData/SplatNative-dwmjesbccinwnzhdvkeajvbyatnj/Build/Intermediates.noindex/xctest-dynamic-overlay.build/Release-iphoneos/XCTestDynamicOverlay.build/Objects-normal/arm64/XCTestDynamicOverlay_const_extract_protocols.json -Xcc -I/Users/runner/Library/Developer/Xcode/DerivedData/SplatNative-dwmjesbccinwnzhdvkeajvbyatnj/Build/Products/Release-iphoneos/include -Xcc -I/Users/runner/Library/Developer/Xcode/DerivedData/SplatNative-dwmjesbccinwnzhdvkeajvbyatnj/Build/Intermediates.noindex/xctest-dynamic-overlay.build/Release-iphoneos/XCTestDynamicOverlay.build/DerivedSources-normal/arm64 -Xcc -I/Users/runner/Library/Developer/Xcode/DerivedData/SplatNative-dwmjesbccinwnzhdvkeajvbyatnj/Build/Intermediates.noindex/xctest-dynamic-overlay.build/Release-iphoneos/XCTestDynamicOverlay.build/DerivedSources/arm64 -Xcc -I/Users/runner/Library/Developer/Xcode/DerivedData/SplatNative-dwmjesbccinwnzhdvkeajvbyatnj/Build/Intermediates.noindex/xctest-dynamic-overlay.build/Release-iphoneos/XCTestDynamicOverlay.build/DerivedSources -Xcc -DSWIFT_PACKAGE -emit-objc-header -emit-objc-header-path /Users/runner/Library/Developer/Xcode/DerivedData/SplatNative-dwmjesbccinwnzhdvkeajvbyatnj/Build/Intermediates.noindex/xctest-dynamic-overlay.build/Release-iphoneos/XCTestDynamicOverlay.build/Objects-normal/arm64/XCTestDynamicOverlay-Swift.h -working-directory /Users/runner/work/ALLSUNDAY1122.github.io/ALLSUNDAY1122.github.io/splat-native-ios/SplatNative.xcodeproj -no-emit-module-separately-wmo

SwiftDriver SplatIO normal arm64 com.apple.xcode.tools.swift.compiler (in target 'SplatIO' from project 'MetalSplatter')
    cd /Users/runner/work/ALLSUNDAY1122.github.io/ALLSUNDAY1122.github.io/splat-native-ios/SplatNative.xcodeproj
    builtin-SwiftDriver -- /Applications/Xcode_16.4.app/Contents/Developer/Toolchains/XcodeDefault.xctoolchain/usr/bin/swiftc -module-name SplatIO -O -whole-module-optimization -enforce-exclusivity\=checked @/Users/runner/Library/Developer/Xcode/DerivedData/SplatNative-dwmjesbccinwnzhdvkeajvbyatnj/Build/Intermediates.noindex/MetalSplatter.build/Release-iphoneos/SplatIO.build/Objects-normal/arm64/SplatIO.SwiftFileList -DSWIFT_PACKAGE -DXcode -plugin-path /Applications/Xcode_16.4.app/Contents/Developer/Toolchains/XcodeDefault.xctoolchain/usr/lib/swift/host/plugins/testing -enable-experimental-feature DebugDescriptionMacro -sdk /Applications/Xcode_16.4.app/Contents/Developer/Platforms/iPhoneOS.platform/Developer/SDKs/iPhoneOS18.5.sdk -target arm64-apple-ios18.0 -g -module-cache-path /Users/runner/Library/Developer/Xcode/DerivedData/ModuleCache.noindex -Xfrontend -serialize-debugging-options -suppress-warnings -swift-version 6 -I /Users/runner/Library/Developer/Xcode/DerivedData/SplatNative-dwmjesbccinwnzhdvkeajvbyatnj/Build/Products/Release-iphoneos -I /Applications/Xcode_16.4.app/Contents/Developer/Platforms/iPhoneOS.platform/Developer/usr/lib -F /Users/runner/Library/Developer/Xcode/DerivedData/SplatNative-dwmjesbccinwnzhdvkeajvbyatnj/Build/Products/Release-iphoneos/PackageFrameworks -F /Users/runner/Library/Developer/Xcode/DerivedData/SplatNative-dwmjesbccinwnzhdvkeajvbyatnj/Build/Products/Release-iphoneos/PackageFrameworks -F /Users/runner/Library/Developer/Xcode/DerivedData/SplatNative-dwmjesbccinwnzhdvkeajvbyatnj/Build/Products/Release-iphoneos -F /Applications/Xcode_16.4.app/Contents/Developer/Platforms/iPhoneOS.platform/Developer/Library/Frameworks -F /Applications/Xcode_16.4.app/Contents/Developer/Platforms/iPhoneOS.platform/Developer/SDKs/iPhoneOS18.5.sdk/Developer/Library/Frameworks -c -num-threads 3 -Xcc -ivfsstatcache -Xcc /Users/runner/Library/Developer/Xcode/DerivedData/SDKStatCaches.noindex/iphoneos18.5-22F76-a529daf784b3616c7c04a36aeb7f5c05.sdkstatcache -output-file-map /Users/runner/Library/Developer/Xcode/DerivedData/SplatNative-dwmjesbccinwnzhdvkeajvbyatnj/Build/Intermediates.noindex/MetalSplatter.build/Release-iphoneos/SplatIO.build/Objects-normal/arm64/SplatIO-OutputFileMap.json -use-frontend-parseable-output -save-temps -no-color-diagnostics -serialize-diagnostics -emit-dependencies -emit-module -emit-module-path /Users/runner/Library/Developer/Xcode/DerivedData/SplatNative-dwmjesbccinwnzhdvkeajvbyatnj/Build/Intermediates.noindex/MetalSplatter.build/Release-iphoneos/SplatIO.build/Objects-normal/arm64/SplatIO.swiftmodule -validate-clang-modules-once -clang-build-session-file /Users/runner/Library/Developer/Xcode/DerivedData/ModuleCache.noindex/Session.modulevalidation -package-name metalsplatter -Xcc -I/Users/runner/Library/Developer/Xcode/DerivedData/SplatNative-dwmjesbccinwnzhdvkeajvbyatnj/Build/Intermediates.noindex/MetalSplatter.build/Release-iphoneos/SplatIO.build/swift-overrides.hmap -emit-const-values -Xfrontend -const-gather-protocols-file -Xfrontend /Users/runner/Library/Developer/Xcode/DerivedData/SplatNative-dwmjesbccinwnzhdvkeajvbyatnj/Build/Intermediates.noindex/MetalSplatter.build/Release-iphoneos/SplatIO.build/Objects-normal/arm64/SplatIO_const_extract_protocols.json -Xcc -I/Users/runner/Library/Developer/Xcode/DerivedData/SplatNative-dwmjesbccinwnzhdvkeajvbyatnj/Build/Products/Release-iphoneos/include -Xcc -I/Users/runner/Library/Developer/Xcode/DerivedData/SplatNative-dwmjesbccinwnzhdvkeajvbyatnj/Build/Intermediates.noindex/MetalSplatter.build/Release-iphoneos/SplatIO.build/DerivedSources-normal/arm64 -Xcc -I/Users/runner/Library/Developer/Xcode/DerivedData/SplatNative-dwmjesbccinwnzhdvkeajvbyatnj/Build/Intermediates.noindex/MetalSplatter.build/Release-iphoneos/SplatIO.build/DerivedSources/arm64 -Xcc -I/Users/runner/Library/Developer/Xcode/DerivedData/SplatNative-dwmjesbccinwnzhdvkeajvbyatnj/Build/Intermediates.noindex/MetalSplatter.build/Release-iphoneos/SplatIO.build/DerivedSources -Xcc -DSWIFT_PACKAGE -emit-objc-header -emit-objc-header-path /Users/runner/Library/Developer/Xcode/DerivedData/SplatNative-dwmjesbccinwnzhdvkeajvbyatnj/Build/Intermediates.noindex/MetalSplatter.build/Release-iphoneos/SplatIO.build/Objects-normal/arm64/SplatIO-Swift.h -working-directory /Users/runner/work/ALLSUNDAY1122.github.io/ALLSUNDAY1122.github.io/splat-native-ios/SplatNative.xcodeproj -no-emit-module-separately-wmo

SwiftCompile normal arm64 Compiling\ Deprecations.swift,\ Exports.swift,\ Fail.swift /Users/runner/Library/Developer/Xcode/DerivedData/SplatNative-dwmjesbccinwnzhdvkeajvbyatnj/SourcePackages/checkouts/xctest-dynamic-overlay/Sources/XCTestDynamicOverlay/Internal/Deprecations.swift /Users/runner/Library/Developer/Xcode/DerivedData/SplatNative-dwmjesbccinwnzhdvkeajvbyatnj/SourcePackages/checkouts/xctest-dynamic-overlay/Sources/XCTestDynamicOverlay/Internal/Exports.swift /Users/runner/Library/Developer/Xcode/DerivedData/SplatNative-dwmjesbccinwnzhdvkeajvbyatnj/SourcePackages/checkouts/xctest-dynamic-overlay/Sources/XCTestDynamicOverlay/Internal/Fail.swift (in target 'XCTestDynamicOverlay' from project 'xctest-dynamic-overlay')
CompileSwift normal arm64 (in target 'XCTestDynamicOverlay' from project 'xctest-dynamic-overlay')
    cd /Users/runner/work/ALLSUNDAY1122.github.io/ALLSUNDAY1122.github.io/splat-native-ios/SplatNative.xcodeproj
    

SwiftDriver\ Compilation XCTestDynamicOverlay normal arm64 com.apple.xcode.tools.swift.compiler (in target 'XCTestDynamicOverlay' from project 'xctest-dynamic-overlay')
    cd /Users/runner/work/ALLSUNDAY1122.github.io/ALLSUNDAY1122.github.io/splat-native-ios/SplatNative.xcodeproj
    builtin-Swift-Compilation -- /Applications/Xcode_16.4.app/Contents/Developer/Toolchains/XcodeDefault.xctoolchain/usr/bin/swiftc -module-name XCTestDynamicOverlay -O -whole-module-optimization -enforce-exclusivity\=checked @/Users/runner/Library/Developer/Xcode/DerivedData/SplatNative-dwmjesbccinwnzhdvkeajvbyatnj/Build/Intermediates.noindex/xctest-dynamic-overlay.build/Release-iphoneos/XCTestDynamicOverlay.build/Objects-normal/arm64/XCTestDynamicOverlay.SwiftFileList -DSWIFT_PACKAGE -DXcode -enable-upcoming-feature ExistentialAny -enable-upcoming-feature ImmutableWeakCaptures -enable-upcoming-feature InferIsolatedConformances -enable-upcoming-feature InternalImportsByDefault -enable-upcoming-feature MemberImportVisibility -enable-upcoming-feature NonisolatedNonsendingByDefault -plugin-path /Applications/Xcode_16.4.app/Contents/Developer/Toolchains/XcodeDefault.xctoolchain/usr/lib/swift/host/plugins/testing -enable-experimental-feature DebugDescriptionMacro -sdk /Applications/Xcode_16.4.app/Contents/Developer/Platforms/iPhoneOS.platform/Developer/SDKs/iPhoneOS18.5.sdk -target arm64-apple-ios13.0 -g -module-cache-path /Users/runner/Library/Developer/Xcode/DerivedData/ModuleCache.noindex -Xfrontend -serialize-debugging-options -suppress-warnings -swift-version 6 -I /Users/runner/Library/Developer/Xcode/DerivedData/SplatNative-dwmjesbccinwnzhdvkeajvbyatnj/Build/Products/Release-iphoneos -I /Applications/Xcode_16.4.app/Contents/Developer/Platforms/iPhoneOS.platform/Developer/usr/lib -F /Users/runner/Library/Developer/Xcode/DerivedData/SplatNative-dwmjesbccinwnzhdvkeajvbyatnj/Build/Products/Release-iphoneos/PackageFrameworks -F /Users/runner/Library/Developer/Xcode/DerivedData/SplatNative-dwmjesbccinwnzhdvkeajvbyatnj/Build/Products/Release-iphoneos -F /Applications/Xcode_16.4.app/Contents/Developer/Platforms/iPhoneOS.platform/Developer/Library/Frameworks -F /Applications/Xcode_16.4.app/Contents/Developer/Platforms/iPhoneOS.platform/Developer/SDKs/iPhoneOS18.5.sdk/Developer/Library/Frameworks -c -num-threads 3 -Xcc -ivfsstatcache -Xcc /Users/runner/Library/Developer/Xcode/DerivedData/SDKStatCaches.noindex/iphoneos18.5-22F76-a529daf784b3616c7c04a36aeb7f5c05.sdkstatcache -output-file-map /Users/runner/Library/Developer/Xcode/DerivedData/SplatNative-dwmjesbccinwnzhdvkeajvbyatnj/Build/Intermediates.noindex/xctest-dynamic-overlay.build/Release-iphoneos/XCTestDynamicOverlay.build/Objects-normal/arm64/XCTestDynamicOverlay-OutputFileMap.json -use-frontend-parseable-output -save-temps -no-color-diagnostics -serialize-diagnostics -emit-dependencies -emit-module -emit-module-path /Users/runner/Library/Developer/Xcode/DerivedData/SplatNative-dwmjesbccinwnzhdvkeajvbyatnj/Build/Intermediates.noindex/xctest-dynamic-overlay.build/Release-iphoneos/XCTestDynamicOverlay.build/Objects-normal/arm64/XCTestDynamicOverlay.swiftmodule -user-module-version 1.13.1 -validate-clang-modules-once -clang-build-session-file /Users/runner/Library/Developer/Xcode/DerivedData/ModuleCache.noindex/Session.modulevalidation -package-name xctest_dynamic_overlay -Xcc -I/Users/runner/Library/Developer/Xcode/DerivedData/SplatNative-dwmjesbccinwnzhdvkeajvbyatnj/Build/Intermediates.noindex/xctest-dynamic-overlay.build/Release-iphoneos/XCTestDynamicOverlay.build/swift-overrides.hmap -emit-const-values -Xfrontend -const-gather-protocols-file -Xfrontend /Users/runner/Library/Developer/Xcode/DerivedData/SplatNative-dwmjesbccinwnzhdvkeajvbyatnj/Build/Intermediates.noindex/xctest-dynamic-overlay.build/Release-iphoneos/XCTestDynamicOverlay.build/Objects-normal/arm64/XCTestDynamicOverlay_const_extract_protocols.json -Xcc -I/Users/runner/Library/Developer/Xcode/DerivedData/SplatNative-dwmjesbccinwnzhdvkeajvbyatnj/Build/Products/Release-iphoneos/include -Xcc -I/Users/runner/Library/Developer/Xcode/DerivedData/SplatNative-dwmjesbccinwnzhdvkeajvbyatnj/Build/Intermediates.noindex/xctest-dynamic-overlay.build/Release-iphoneos/XCTestDynamicOverlay.build/DerivedSources-normal/arm64 -Xcc -I/Users/runner/Library/Developer/Xcode/DerivedData/SplatNative-dwmjesbccinwnzhdvkeajvbyatnj/Build/Intermediates.noindex/xctest-dynamic-overlay.build/Release-iphoneos/XCTestDynamicOverlay.build/DerivedSources/arm64 -Xcc -I/Users/runner/Library/Developer/Xcode/DerivedData/SplatNative-dwmjesbccinwnzhdvkeajvbyatnj/Build/Intermediates.noindex/xctest-dynamic-overlay.build/Release-iphoneos/XCTestDynamicOverlay.build/DerivedSources -Xcc -DSWIFT_PACKAGE -emit-objc-header -emit-objc-header-path /Users/runner/Library/Developer/Xcode/DerivedData/SplatNative-dwmjesbccinwnzhdvkeajvbyatnj/Build/Intermediates.noindex/xctest-dynamic-overlay.build/Release-iphoneos/XCTestDynamicOverlay.build/Objects-normal/arm64/XCTestDynamicOverlay-Swift.h -working-directory /Users/runner/work/ALLSUNDAY1122.github.io/ALLSUNDAY1122.github.io/splat-native-ios/SplatNative.xcodeproj -no-emit-module-separately-wmo

SwiftCompile normal arm64 Compiling\ AutodetectSceneReader.swift,\ Comparable+clamped.swift,\ DotSplatEncodedPoint.swift,\ DotSplatSceneReader.swift,\ DotSplatSceneWriter.swift,\ SPZSceneReader.swift,\ SPZSceneWriter.swift,\ SplatFileFormat.swift,\ SplatMemoryBuffer.swift,\ SplatPLYConstants.swift,\ SplatPLYSceneReader.swift,\ SplatPLYSceneWriter.swift,\ SplatPoint+CustomStringConvertible.swift,\ SplatPoint.swift,\ SplatSceneReader.swift,\ SplatSceneWriter.swift /Users/runner/Library/Developer/Xcode/DerivedData/SplatNative-dwmjesbccinwnzhdvkeajvbyatnj/SourcePackages/checkouts/MetalSplatter/SplatIO/Sources/AutodetectSceneReader.swift /Users/runner/Library/Developer/Xcode/DerivedData/SplatNative-dwmjesbccinwnzhdvkeajvbyatnj/SourcePackages/checkouts/MetalSplatter/SplatIO/Sources/Comparable+clamped.swift /Users/runner/Library/Developer/Xcode/DerivedData/SplatNative-dwmjesbccinwnzhdvkeajvbyatnj/SourcePackages/checkouts/MetalSplatter/SplatIO/Sources/DotSplatEncodedPoint.swift /Users/runner/Library/Developer/Xcode/DerivedData/SplatNative-dwmjesbccinwnzhdvkeajvbyatnj/SourcePackages/checkouts/MetalSplatter/SplatIO/Sources/DotSplatSceneReader.swift /Users/runner/Library/Developer/Xcode/DerivedData/SplatNative-dwmjesbccinwnzhdvkeajvbyatnj/SourcePackages/checkouts/MetalSplatter/SplatIO/Sources/DotSplatSceneWriter.swift /Users/runner/Library/Developer/Xcode/DerivedData/SplatNative-dwmjesbccinwnzhdvkeajvbyatnj/SourcePackages/checkouts/MetalSplatter/SplatIO/Sources/SPZSceneReader.swift /Users/runner/Library/Developer/Xcode/DerivedData/SplatNative-dwmjesbccinwnzhdvkeajvbyatnj/SourcePackages/checkouts/MetalSplatter/SplatIO/Sources/SPZSceneWriter.swift /Users/runner/Library/Developer/Xcode/DerivedData/SplatNative-dwmjesbccinwnzhdvkeajvbyatnj/SourcePackages/checkouts/MetalSplatter/SplatIO/Sources/SplatFileFormat.swift /Users/runner/Library/Developer/Xcode/DerivedData/SplatNative-dwmjesbccinwnzhdvkeajvbyatnj/SourcePackages/checkouts/MetalSplatter/SplatIO/Sources/SplatMemoryBuffer.swift /Users/runner/Library/Developer/Xcode/DerivedData/SplatNative-dwmjesbccinwnzhdvkeajvbyatnj/SourcePackages/checkouts/MetalSplatter/SplatIO/Sources/SplatPLYConstants.swift /Users/runner/Library/Developer/Xcode/DerivedData/SplatNative-dwmjesbccinwnzhdvkeajvbyatnj/SourcePackages/checkouts/MetalSplatter/SplatIO/Sources/SplatPLYSceneReader.swift /Users/runner/Library/Developer/Xcode/DerivedData/SplatNative-dwmjesbccinwnzhdvkeajvbyatnj/SourcePackages/checkouts/MetalSplatter/SplatIO/Sources/SplatPLYSceneWriter.swift /Users/runner/Library/Developer/Xcode/DerivedData/SplatNative-dwmjesbccinwnzhdvkeajvbyatnj/SourcePackages/checkouts/MetalSplatter/SplatIO/Sources/SplatPoint+CustomStringConvertible.swift /Users/runner/Library/Developer/Xcode/DerivedData/SplatNative-dwmjesbccinwnzhdvkeajvbyatnj/SourcePackages/checkouts/MetalSplatter/SplatIO/Sources/SplatPoint.swift /Users/runner/Library/Developer/Xcode/DerivedData/SplatNative-dwmjesbccinwnzhdvkeajvbyatnj/SourcePackages/checkouts/MetalSplatter/SplatIO/Sources/SplatSceneReader.swift /Users/runner/Library/Developer/Xcode/DerivedData/SplatNative-dwmjesbccinwnzhdvkeajvbyatnj/SourcePackages/checkouts/MetalSplatter/SplatIO/Sources/SplatSceneWriter.swift (in target 'SplatIO' from project 'MetalSplatter')
CompileSwift normal arm64 (in target 'SplatIO' from project 'MetalSplatter')
    cd /Users/runner/work/ALLSUNDAY1122.github.io/ALLSUNDAY1122.github.io/splat-native-ios/SplatNative.xcodeproj
    

SwiftDriver\ Compilation SplatIO normal arm64 com.apple.xcode.tools.swift.compiler (in target 'SplatIO' from project 'MetalSplatter')
    cd /Users/runner/work/ALLSUNDAY1122.github.io/ALLSUNDAY1122.github.io/splat-native-ios/SplatNative.xcodeproj
    builtin-Swift-Compilation -- /Applications/Xcode_16.4.app/Contents/Developer/Toolchains/XcodeDefault.xctoolchain/usr/bin/swiftc -module-name SplatIO -O -whole-module-optimization -enforce-exclusivity\=checked @/Users/runner/Library/Developer/Xcode/DerivedData/SplatNative-dwmjesbccinwnzhdvkeajvbyatnj/Build/Intermediates.noindex/MetalSplatter.build/Release-iphoneos/SplatIO.build/Objects-normal/arm64/SplatIO.SwiftFileList -DSWIFT_PACKAGE -DXcode -plugin-path /Applications/Xcode_16.4.app/Contents/Developer/Toolchains/XcodeDefault.xctoolchain/usr/lib/swift/host/plugins/testing -enable-experimental-feature DebugDescriptionMacro -sdk /Applications/Xcode_16.4.app/Contents/Developer/Platforms/iPhoneOS.platform/Developer/SDKs/iPhoneOS18.5.sdk -target arm64-apple-ios18.0 -g -module-cache-path /Users/runner/Library/Developer/Xcode/DerivedData/ModuleCache.noindex -Xfrontend -serialize-debugging-options -suppress-warnings -swift-version 6 -I /Users/runner/Library/Developer/Xcode/DerivedData/SplatNative-dwmjesbccinwnzhdvkeajvbyatnj/Build/Products/Release-iphoneos -I /Applications/Xcode_16.4.app/Contents/Developer/Platforms/iPhoneOS.platform/Developer/usr/lib -F /Users/runner/Library/Developer/Xcode/DerivedData/SplatNative-dwmjesbccinwnzhdvkeajvbyatnj/Build/Products/Release-iphoneos/PackageFrameworks -F /Users/runner/Library/Developer/Xcode/DerivedData/SplatNative-dwmjesbccinwnzhdvkeajvbyatnj/Build/Products/Release-iphoneos/PackageFrameworks -F /Users/runner/Library/Developer/Xcode/DerivedData/SplatNative-dwmjesbccinwnzhdvkeajvbyatnj/Build/Products/Release-iphoneos -F /Applications/Xcode_16.4.app/Contents/Developer/Platforms/iPhoneOS.platform/Developer/Library/Frameworks -F /Applications/Xcode_16.4.app/Contents/Developer/Platforms/iPhoneOS.platform/Developer/SDKs/iPhoneOS18.5.sdk/Developer/Library/Frameworks -c -num-threads 3 -Xcc -ivfsstatcache -Xcc /Users/runner/Library/Developer/Xcode/DerivedData/SDKStatCaches.noindex/iphoneos18.5-22F76-a529daf784b3616c7c04a36aeb7f5c05.sdkstatcache -output-file-map /Users/runner/Library/Developer/Xcode/DerivedData/SplatNative-dwmjesbccinwnzhdvkeajvbyatnj/Build/Intermediates.noindex/MetalSplatter.build/Release-iphoneos/SplatIO.build/Objects-normal/arm64/SplatIO-OutputFileMap.json -use-frontend-parseable-output -save-temps -no-color-diagnostics -serialize-diagnostics -emit-dependencies -emit-module -emit-module-path /Users/runner/Library/Developer/Xcode/DerivedData/SplatNative-dwmjesbccinwnzhdvkeajvbyatnj/Build/Intermediates.noindex/MetalSplatter.build/Release-iphoneos/SplatIO.build/Objects-normal/arm64/SplatIO.swiftmodule -validate-clang-modules-once -clang-build-session-file /Users/runner/Library/Developer/Xcode/DerivedData/ModuleCache.noindex/Session.modulevalidation -package-name metalsplatter -Xcc -I/Users/runner/Library/Developer/Xcode/DerivedData/SplatNative-dwmjesbccinwnzhdvkeajvbyatnj/Build/Intermediates.noindex/MetalSplatter.build/Release-iphoneos/SplatIO.build/swift-overrides.hmap -emit-const-values -Xfrontend -const-gather-protocols-file -Xfrontend /Users/runner/Library/Developer/Xcode/DerivedData/SplatNative-dwmjesbccinwnzhdvkeajvbyatnj/Build/Intermediates.noindex/MetalSplatter.build/Release-iphoneos/SplatIO.build/Objects-normal/arm64/SplatIO_const_extract_protocols.json -Xcc -I/Users/runner/Library/Developer/Xcode/DerivedData/SplatNative-dwmjesbccinwnzhdvkeajvbyatnj/Build/Products/Release-iphoneos/include -Xcc -I/Users/runner/Library/Developer/Xcode/DerivedData/SplatNative-dwmjesbccinwnzhdvkeajvbyatnj/Build/Intermediates.noindex/MetalSplatter.build/Release-iphoneos/SplatIO.build/DerivedSources-normal/arm64 -Xcc -I/Users/runner/Library/Developer/Xcode/DerivedData/SplatNative-dwmjesbccinwnzhdvkeajvbyatnj/Build/Intermediates.noindex/MetalSplatter.build/Release-iphoneos/SplatIO.build/DerivedSources/arm64 -Xcc -I/Users/runner/Library/Developer/Xcode/DerivedData/SplatNative-dwmjesbccinwnzhdvkeajvbyatnj/Build/Intermediates.noindex/MetalSplatter.build/Release-iphoneos/SplatIO.build/DerivedSources -Xcc -DSWIFT_PACKAGE -emit-objc-header -emit-objc-header-path /Users/runner/Library/Developer/Xcode/DerivedData/SplatNative-dwmjesbccinwnzhdvkeajvbyatnj/Build/Intermediates.noindex/MetalSplatter.build/Release-iphoneos/SplatIO.build/Objects-normal/arm64/SplatIO-Swift.h -working-directory /Users/runner/work/ALLSUNDAY1122.github.io/ALLSUNDAY1122.github.io/splat-native-ios/SplatNative.xcodeproj -no-emit-module-separately-wmo

Ld /Users/runner/Library/Developer/Xcode/DerivedData/SplatNative-dwmjesbccinwnzhdvkeajvbyatnj/Build/Products/Release-iphoneos/MsplatCore.o normal (in target 'MsplatCore' from project 'Msplat')
    cd /Users/runner/work/ALLSUNDAY1122.github.io/ALLSUNDAY1122.github.io/splat-native-ios/Packages/MsplatMemory
    /Applications/Xcode_16.4.app/Contents/Developer/Toolchains/XcodeDefault.xctoolchain/usr/bin/clang++ -Xlinker -reproducible -target arm64-apple-ios18.0 -r -isysroot /Applications/Xcode_16.4.app/Contents/Developer/Platforms/iPhoneOS.platform/Developer/SDKs/iPhoneOS18.5.sdk -Os -L/Users/runner/Library/Developer/Xcode/DerivedData/SplatNative-dwmjesbccinwnzhdvkeajvbyatnj/Build/Intermediates.noindex/EagerLinkingTBDs/Release-iphoneos -L/Users/runner/Library/Developer/Xcode/DerivedData/SplatNative-dwmjesbccinwnzhdvkeajvbyatnj/Build/Products/Release-iphoneos -L/Applications/Xcode_16.4.app/Contents/Developer/Platforms/iPhoneOS.platform/Developer/usr/lib -F/Users/runner/Library/Developer/Xcode/DerivedData/SplatNative-dwmjesbccinwnzhdvkeajvbyatnj/Build/Intermediates.noindex/EagerLinkingTBDs/Release-iphoneos -F/Users/runner/Library/Developer/Xcode/DerivedData/SplatNative-dwmjesbccinwnzhdvkeajvbyatnj/Build/Products/Release-iphoneos -iframework /Applications/Xcode_16.4.app/Contents/Developer/Platforms/iPhoneOS.platform/Developer/Library/Frameworks -iframework /Applications/Xcode_16.4.app/Contents/Developer/Platforms/iPhoneOS.platform/Developer/SDKs/iPhoneOS18.5.sdk/Developer/Library/Frameworks -filelist /Users/runner/Library/Developer/Xcode/DerivedData/SplatNative-dwmjesbccinwnzhdvkeajvbyatnj/Build/Intermediates.noindex/Msplat.build/Release-iphoneos/MsplatCore.build/Objects-normal/arm64/MsplatCore.LinkFileList -nostdlib -Xlinker -object_path_lto -Xlinker /Users/runner/Library/Developer/Xcode/DerivedData/SplatNative-dwmjesbccinwnzhdvkeajvbyatnj/Build/Intermediates.noindex/Msplat.build/Release-iphoneos/MsplatCore.build/Objects-normal/arm64/MsplatCore_lto.o -Xlinker -dependency_info -Xlinker /Users/runner/Library/Developer/Xcode/DerivedData/SplatNative-dwmjesbccinwnzhdvkeajvbyatnj/Build/Intermediates.noindex/Msplat.build/Release-iphoneos/MsplatCore.build/Objects-normal/arm64/MsplatCore_dependency_info.dat -fobjc-arc -fobjc-link-runtime -o /Users/runner/Library/Developer/Xcode/DerivedData/SplatNative-dwmjesbccinwnzhdvkeajvbyatnj/Build/Products/Release-iphoneos/MsplatCore.o

SwiftDriver Clocks normal arm64 com.apple.xcode.tools.swift.compiler (in target 'Clocks' from project 'swift-clocks')
    cd /Users/runner/work/ALLSUNDAY1122.github.io/ALLSUNDAY1122.github.io/splat-native-ios/SplatNative.xcodeproj
    builtin-SwiftDriver -- /Applications/Xcode_16.4.app/Contents/Developer/Toolchains/XcodeDefault.xctoolchain/usr/bin/swiftc -module-name Clocks -O -whole-module-optimization -enforce-exclusivity\=checked @/Users/runner/Library/Developer/Xcode/DerivedData/SplatNative-dwmjesbccinwnzhdvkeajvbyatnj/Build/Intermediates.noindex/swift-clocks.build/Release-iphoneos/Clocks.build/Objects-normal/arm64/Clocks.SwiftFileList -DSWIFT_PACKAGE -DXcode -enable-upcoming-feature ExistentialAny -enable-upcoming-feature ImmutableWeakCaptures -enable-upcoming-feature InferIsolatedConformances -enable-upcoming-feature InternalImportsByDefault -enable-upcoming-feature MemberImportVisibility -enable-upcoming-feature NonisolatedNonsendingByDefault -plugin-path /Applications/Xcode_16.4.app/Contents/Developer/Toolchains/XcodeDefault.xctoolchain/usr/lib/swift/host/plugins/testing -enable-experimental-feature DebugDescriptionMacro -sdk /Applications/Xcode_16.4.app/Contents/Developer/Platforms/iPhoneOS.platform/Developer/SDKs/iPhoneOS18.5.sdk -target arm64-apple-ios13.0 -g -module-cache-path /Users/runner/Library/Developer/Xcode/DerivedData/ModuleCache.noindex -Xfrontend -serialize-debugging-options -suppress-warnings -swift-version 6 -I /Users/runner/Library/Developer/Xcode/DerivedData/SplatNative-dwmjesbccinwnzhdvkeajvbyatnj/Build/Products/Release-iphoneos -I /Applications/Xcode_16.4.app/Contents/Developer/Platforms/iPhoneOS.platform/Developer/usr/lib -F /Users/runner/Library/Developer/Xcode/DerivedData/SplatNative-dwmjesbccinwnzhdvkeajvbyatnj/Build/Products/Release-iphoneos/PackageFrameworks -F /Users/runner/Library/Developer/Xcode/DerivedData/SplatNative-dwmjesbccinwnzhdvkeajvbyatnj/Build/Products/Release-iphoneos/PackageFrameworks -F /Users/runner/Library/Developer/Xcode/DerivedData/SplatNative-dwmjesbccinwnzhdvkeajvbyatnj/Build/Products/Release-iphoneos -F /Applications/Xcode_16.4.app/Contents/Developer/Platforms/iPhoneOS.platform/Developer/Library/Frameworks -F /Applications/Xcode_16.4.app/Contents/Developer/Platforms/iPhoneOS.platform/Developer/SDKs/iPhoneOS18.5.sdk/Developer/Library/Frameworks -c -num-threads 3 -Xcc -ivfsstatcache -Xcc /Users/runner/Library/Developer/Xcode/DerivedData/SDKStatCaches.noindex/iphoneos18.5-22F76-a529daf784b3616c7c04a36aeb7f5c05.sdkstatcache -output-file-map /Users/runner/Library/Developer/Xcode/DerivedData/SplatNative-dwmjesbccinwnzhdvkeajvbyatnj/Build/Intermediates.noindex/swift-clocks.build/Release-iphoneos/Clocks.build/Objects-normal/arm64/Clocks-OutputFileMap.json -use-frontend-parseable-output -save-temps -no-color-diagnostics -serialize-diagnostics -emit-dependencies -emit-module -emit-module-path /Users/runner/Library/Developer/Xcode/DerivedData/SplatNative-dwmjesbccinwnzhdvkeajvbyatnj/Build/Intermediates.noindex/swift-clocks.build/Release-iphoneos/Clocks.build/Objects-normal/arm64/Clocks.swiftmodule -user-module-version 1.1.1 -validate-clang-modules-once -clang-build-session-file /Users/runner/Library/Developer/Xcode/DerivedData/ModuleCache.noindex/Session.modulevalidation -package-name swift_clocks -Xcc -I/Users/runner/Library/Developer/Xcode/DerivedData/SplatNative-dwmjesbccinwnzhdvkeajvbyatnj/Build/Intermediates.noindex/swift-clocks.build/Release-iphoneos/Clocks.build/swift-overrides.hmap -emit-const-values -Xfrontend -const-gather-protocols-file -Xfrontend /Users/runner/Library/Developer/Xcode/DerivedData/SplatNative-dwmjesbccinwnzhdvkeajvbyatnj/Build/Intermediates.noindex/swift-clocks.build/Release-iphoneos/Clocks.build/Objects-normal/arm64/Clocks_const_extract_protocols.json -Xcc -I/Users/runner/Library/Developer/Xcode/DerivedData/SplatNative-dwmjesbccinwnzhdvkeajvbyatnj/Build/Products/Release-iphoneos/include -Xcc -I/Users/runner/Library/Developer/Xcode/DerivedData/SplatNative-dwmjesbccinwnzhdvkeajvbyatnj/Build/Intermediates.noindex/swift-clocks.build/Release-iphoneos/Clocks.build/DerivedSources-normal/arm64 -Xcc -I/Users/runner/Library/Developer/Xcode/DerivedData/SplatNative-dwmjesbccinwnzhdvkeajvbyatnj/Build/Intermediates.noindex/swift-clocks.build/Release-iphoneos/Clocks.build/DerivedSources/arm64 -Xcc -I/Users/runner/Library/Developer/Xcode/DerivedData/SplatNative-dwmjesbccinwnzhdvkeajvbyatnj/Build/Intermediates.noindex/swift-clocks.build/Release-iphoneos/Clocks.build/DerivedSources -Xcc -DSWIFT_PACKAGE -emit-objc-header -emit-objc-header-path /Users/runner/Library/Developer/Xcode/DerivedData/SplatNative-dwmjesbccinwnzhdvkeajvbyatnj/Build/Intermediates.noindex/swift-clocks.build/Release-iphoneos/Clocks.build/Objects-normal/arm64/Clocks-Swift.h -working-directory /Users/runner/work/ALLSUNDAY1122.github.io/ALLSUNDAY1122.github.io/splat-native-ios/SplatNative.xcodeproj -no-emit-module-separately-wmo

RegisterExecutionPolicyException /Users/runner/Library/Developer/Xcode/DerivedData/SplatNative-dwmjesbccinwnzhdvkeajvbyatnj/Build/Products/Release-iphoneos/Msplat_Msplat.bundle (in target 'Msplat_Msplat' from project 'Msplat')
    cd /Users/runner/work/ALLSUNDAY1122.github.io/ALLSUNDAY1122.github.io/splat-native-ios/Packages/MsplatMemory
    builtin-RegisterExecutionPolicyException /Users/runner/Library/Developer/Xcode/DerivedData/SplatNative-dwmjesbccinwnzhdvkeajvbyatnj/Build/Products/Release-iphoneos/Msplat_Msplat.bundle

SwiftCompile normal arm64 Compiling\ AnyClock.swift,\ ImmediateClock.swift,\ Lock.swift,\ _AsyncTimerSequence.swift,\ SwiftUI.swift,\ TestClock.swift,\ Timer.swift,\ UnimplementedClock.swift /Users/runner/Library/Developer/Xcode/DerivedData/SplatNative-dwmjesbccinwnzhdvkeajvbyatnj/SourcePackages/checkouts/swift-clocks/Sources/Clocks/AnyClock.swift /Users/runner/Library/Developer/Xcode/DerivedData/SplatNative-dwmjesbccinwnzhdvkeajvbyatnj/SourcePackages/checkouts/swift-clocks/Sources/Clocks/ImmediateClock.swift /Users/runner/Library/Developer/Xcode/DerivedData/SplatNative-dwmjesbccinwnzhdvkeajvbyatnj/SourcePackages/checkouts/swift-clocks/Sources/Clocks/Internal/Lock.swift /Users/runner/Library/Developer/Xcode/DerivedData/SplatNative-dwmjesbccinwnzhdvkeajvbyatnj/SourcePackages/checkouts/swift-clocks/Sources/Clocks/Internal/_AsyncTimerSequence.swift /Users/runner/Library/Developer/Xcode/DerivedData/SplatNative-dwmjesbccinwnzhdvkeajvbyatnj/SourcePackages/checkouts/swift-clocks/Sources/Clocks/SwiftUI.swift /Users/runner/Library/Developer/Xcode/DerivedData/SplatNative-dwmjesbccinwnzhdvkeajvbyatnj/SourcePackages/checkouts/swift-clocks/Sources/Clocks/TestClock.swift /Users/runner/Library/Developer/Xcode/DerivedData/SplatNative-dwmjesbccinwnzhdvkeajvbyatnj/SourcePackages/checkouts/swift-clocks/Sources/Clocks/Timer.swift /Users/runner/Library/Developer/Xcode/DerivedData/SplatNative-dwmjesbccinwnzhdvkeajvbyatnj/SourcePackages/checkouts/swift-clocks/Sources/Clocks/UnimplementedClock.swift (in target 'Clocks' from project 'swift-clocks')
CompileSwift normal arm64 (in target 'Clocks' from project 'swift-clocks')
    cd /Users/runner/work/ALLSUNDAY1122.github.io/ALLSUNDAY1122.github.io/splat-native-ios/SplatNative.xcodeproj
    

SwiftDriver\ Compilation Clocks normal arm64 com.apple.xcode.tools.swift.compiler (in target 'Clocks' from project 'swift-clocks')
    cd /Users/runner/work/ALLSUNDAY1122.github.io/ALLSUNDAY1122.github.io/splat-native-ios/SplatNative.xcodeproj
    builtin-Swift-Compilation -- /Applications/Xcode_16.4.app/Contents/Developer/Toolchains/XcodeDefault.xctoolchain/usr/bin/swiftc -module-name Clocks -O -whole-module-optimization -enforce-exclusivity\=checked @/Users/runner/Library/Developer/Xcode/DerivedData/SplatNative-dwmjesbccinwnzhdvkeajvbyatnj/Build/Intermediates.noindex/swift-clocks.build/Release-iphoneos/Clocks.build/Objects-normal/arm64/Clocks.SwiftFileList -DSWIFT_PACKAGE -DXcode -enable-upcoming-feature ExistentialAny -enable-upcoming-feature ImmutableWeakCaptures -enable-upcoming-feature InferIsolatedConformances -enable-upcoming-feature InternalImportsByDefault -enable-upcoming-feature MemberImportVisibility -enable-upcoming-feature NonisolatedNonsendingByDefault -plugin-path /Applications/Xcode_16.4.app/Contents/Developer/Toolchains/XcodeDefault.xctoolchain/usr/lib/swift/host/plugins/testing -enable-experimental-feature DebugDescriptionMacro -sdk /Applications/Xcode_16.4.app/Contents/Developer/Platforms/iPhoneOS.platform/Developer/SDKs/iPhoneOS18.5.sdk -target arm64-apple-ios13.0 -g -module-cache-path /Users/runner/Library/Developer/Xcode/DerivedData/ModuleCache.noindex -Xfrontend -serialize-debugging-options -suppress-warnings -swift-version 6 -I /Users/runner/Library/Developer/Xcode/DerivedData/SplatNative-dwmjesbccinwnzhdvkeajvbyatnj/Build/Products/Release-iphoneos -I /Applications/Xcode_16.4.app/Contents/Developer/Platforms/iPhoneOS.platform/Developer/usr/lib -F /Users/runner/Library/Developer/Xcode/DerivedData/SplatNative-dwmjesbccinwnzhdvkeajvbyatnj/Build/Products/Release-iphoneos/PackageFrameworks -F /Users/runner/Library/Developer/Xcode/DerivedData/SplatNative-dwmjesbccinwnzhdvkeajvbyatnj/Build/Products/Release-iphoneos/PackageFrameworks -F /Users/runner/Library/Developer/Xcode/DerivedData/SplatNative-dwmjesbccinwnzhdvkeajvbyatnj/Build/Products/Release-iphoneos -F /Applications/Xcode_16.4.app/Contents/Developer/Platforms/iPhoneOS.platform/Developer/Library/Frameworks -F /Applications/Xcode_16.4.app/Contents/Developer/Platforms/iPhoneOS.platform/Developer/SDKs/iPhoneOS18.5.sdk/Developer/Library/Frameworks -c -num-threads 3 -Xcc -ivfsstatcache -Xcc /Users/runner/Library/Developer/Xcode/DerivedData/SDKStatCaches.noindex/iphoneos18.5-22F76-a529daf784b3616c7c04a36aeb7f5c05.sdkstatcache -output-file-map /Users/runner/Library/Developer/Xcode/DerivedData/SplatNative-dwmjesbccinwnzhdvkeajvbyatnj/Build/Intermediates.noindex/swift-clocks.build/Release-iphoneos/Clocks.build/Objects-normal/arm64/Clocks-OutputFileMap.json -use-frontend-parseable-output -save-temps -no-color-diagnostics -serialize-diagnostics -emit-dependencies -emit-module -emit-module-path /Users/runner/Library/Developer/Xcode/DerivedData/SplatNative-dwmjesbccinwnzhdvkeajvbyatnj/Build/Intermediates.noindex/swift-clocks.build/Release-iphoneos/Clocks.build/Objects-normal/arm64/Clocks.swiftmodule -user-module-version 1.1.1 -validate-clang-modules-once -clang-build-session-file /Users/runner/Library/Developer/Xcode/DerivedData/ModuleCache.noindex/Session.modulevalidation -package-name swift_clocks -Xcc -I/Users/runner/Library/Developer/Xcode/DerivedData/SplatNative-dwmjesbccinwnzhdvkeajvbyatnj/Build/Intermediates.noindex/swift-clocks.build/Release-iphoneos/Clocks.build/swift-overrides.hmap -emit-const-values -Xfrontend -const-gather-protocols-file -Xfrontend /Users/runner/Library/Developer/Xcode/DerivedData/SplatNative-dwmjesbccinwnzhdvkeajvbyatnj/Build/Intermediates.noindex/swift-clocks.build/Release-iphoneos/Clocks.build/Objects-normal/arm64/Clocks_const_extract_protocols.json -Xcc -I/Users/runner/Library/Developer/Xcode/DerivedData/SplatNative-dwmjesbccinwnzhdvkeajvbyatnj/Build/Products/Release-iphoneos/include -Xcc -I/Users/runner/Library/Developer/Xcode/DerivedData/SplatNative-dwmjesbccinwnzhdvkeajvbyatnj/Build/Intermediates.noindex/swift-clocks.build/Release-iphoneos/Clocks.build/DerivedSources-normal/arm64 -Xcc -I/Users/runner/Library/Developer/Xcode/DerivedData/SplatNative-dwmjesbccinwnzhdvkeajvbyatnj/Build/Intermediates.noindex/swift-clocks.build/Release-iphoneos/Clocks.build/DerivedSources/arm64 -Xcc -I/Users/runner/Library/Developer/Xcode/DerivedData/SplatNative-dwmjesbccinwnzhdvkeajvbyatnj/Build/Intermediates.noindex/swift-clocks.build/Release-iphoneos/Clocks.build/DerivedSources -Xcc -DSWIFT_PACKAGE -emit-objc-header -emit-objc-header-path /Users/runner/Library/Developer/Xcode/DerivedData/SplatNative-dwmjesbccinwnzhdvkeajvbyatnj/Build/Intermediates.noindex/swift-clocks.build/Release-iphoneos/Clocks.build/Objects-normal/arm64/Clocks-Swift.h -working-directory /Users/runner/work/ALLSUNDAY1122.github.io/ALLSUNDAY1122.github.io/splat-native-ios/SplatNative.xcodeproj -no-emit-module-separately-wmo

SwiftDriverJobDiscovery normal arm64 Compiling Deprecations.swift, Exports.swift, Fail.swift (in target 'XCTestDynamicOverlay' from project 'xctest-dynamic-overlay')

SwiftDriver\ Compilation\ Requirements XCTestDynamicOverlay normal arm64 com.apple.xcode.tools.swift.compiler (in target 'XCTestDynamicOverlay' from project 'xctest-dynamic-overlay')
    cd /Users/runner/work/ALLSUNDAY1122.github.io/ALLSUNDAY1122.github.io/splat-native-ios/SplatNative.xcodeproj
    builtin-Swift-Compilation-Requirements -- /Applications/Xcode_16.4.app/Contents/Developer/Toolchains/XcodeDefault.xctoolchain/usr/bin/swiftc -module-name XCTestDynamicOverlay -O -whole-module-optimization -enforce-exclusivity\=checked @/Users/runner/Library/Developer/Xcode/DerivedData/SplatNative-dwmjesbccinwnzhdvkeajvbyatnj/Build/Intermediates.noindex/xctest-dynamic-overlay.build/Release-iphoneos/XCTestDynamicOverlay.build/Objects-normal/arm64/XCTestDynamicOverlay.SwiftFileList -DSWIFT_PACKAGE -DXcode -enable-upcoming-feature ExistentialAny -enable-upcoming-feature ImmutableWeakCaptures -enable-upcoming-feature InferIsolatedConformances -enable-upcoming-feature InternalImportsByDefault -enable-upcoming-feature MemberImportVisibility -enable-upcoming-feature NonisolatedNonsendingByDefault -plugin-path /Applications/Xcode_16.4.app/Contents/Developer/Toolchains/XcodeDefault.xctoolchain/usr/lib/swift/host/plugins/testing -enable-experimental-feature DebugDescriptionMacro -sdk /Applications/Xcode_16.4.app/Contents/Developer/Platforms/iPhoneOS.platform/Developer/SDKs/iPhoneOS18.5.sdk -target arm64-apple-ios13.0 -g -module-cache-path /Users/runner/Library/Developer/Xcode/DerivedData/ModuleCache.noindex -Xfrontend -serialize-debugging-options -suppress-warnings -swift-version 6 -I /Users/runner/Library/Developer/Xcode/DerivedData/SplatNative-dwmjesbccinwnzhdvkeajvbyatnj/Build/Products/Release-iphoneos -I /Applications/Xcode_16.4.app/Contents/Developer/Platforms/iPhoneOS.platform/Developer/usr/lib -F /Users/runner/Library/Developer/Xcode/DerivedData/SplatNative-dwmjesbccinwnzhdvkeajvbyatnj/Build/Products/Release-iphoneos/PackageFrameworks -F /Users/runner/Library/Developer/Xcode/DerivedData/SplatNative-dwmjesbccinwnzhdvkeajvbyatnj/Build/Products/Release-iphoneos -F /Applications/Xcode_16.4.app/Contents/Developer/Platforms/iPhoneOS.platform/Developer/Library/Frameworks -F /Applications/Xcode_16.4.app/Contents/Developer/Platforms/iPhoneOS.platform/Developer/SDKs/iPhoneOS18.5.sdk/Developer/Library/Frameworks -c -num-threads 3 -Xcc -ivfsstatcache -Xcc /Users/runner/Library/Developer/Xcode/DerivedData/SDKStatCaches.noindex/iphoneos18.5-22F76-a529daf784b3616c7c04a36aeb7f5c05.sdkstatcache -output-file-map /Users/runner/Library/Developer/Xcode/DerivedData/SplatNative-dwmjesbccinwnzhdvkeajvbyatnj/Build/Intermediates.noindex/xctest-dynamic-overlay.build/Release-iphoneos/XCTestDynamicOverlay.build/Objects-normal/arm64/XCTestDynamicOverlay-OutputFileMap.json -use-frontend-parseable-output -save-temps -no-color-diagnostics -serialize-diagnostics -emit-dependencies -emit-module -emit-module-path /Users/runner/Library/Developer/Xcode/DerivedData/SplatNative-dwmjesbccinwnzhdvkeajvbyatnj/Build/Intermediates.noindex/xctest-dynamic-overlay.build/Release-iphoneos/XCTestDynamicOverlay.build/Objects-normal/arm64/XCTestDynamicOverlay.swiftmodule -user-module-version 1.13.1 -validate-clang-modules-once -clang-build-session-file /Users/runner/Library/Developer/Xcode/DerivedData/ModuleCache.noindex/Session.modulevalidation -package-name xctest_dynamic_overlay -Xcc -I/Users/runner/Library/Developer/Xcode/DerivedData/SplatNative-dwmjesbccinwnzhdvkeajvbyatnj/Build/Intermediates.noindex/xctest-dynamic-overlay.build/Release-iphoneos/XCTestDynamicOverlay.build/swift-overrides.hmap -emit-const-values -Xfrontend -const-gather-protocols-file -Xfrontend /Users/runner/Library/Developer/Xcode/DerivedData/SplatNative-dwmjesbccinwnzhdvkeajvbyatnj/Build/Intermediates.noindex/xctest-dynamic-overlay.build/Release-iphoneos/XCTestDynamicOverlay.build/Objects-normal/arm64/XCTestDynamicOverlay_const_extract_protocols.json -Xcc -I/Users/runner/Library/Developer/Xcode/DerivedData/SplatNative-dwmjesbccinwnzhdvkeajvbyatnj/Build/Products/Release-iphoneos/include -Xcc -I/Users/runner/Library/Developer/Xcode/DerivedData/SplatNative-dwmjesbccinwnzhdvkeajvbyatnj/Build/Intermediates.noindex/xctest-dynamic-overlay.build/Release-iphoneos/XCTestDynamicOverlay.build/DerivedSources-normal/arm64 -Xcc -I/Users/runner/Library/Developer/Xcode/DerivedData/SplatNative-dwmjesbccinwnzhdvkeajvbyatnj/Build/Intermediates.noindex/xctest-dynamic-overlay.build/Release-iphoneos/XCTestDynamicOverlay.build/DerivedSources/arm64 -Xcc -I/Users/runner/Library/Developer/Xcode/DerivedData/SplatNative-dwmjesbccinwnzhdvkeajvbyatnj/Build/Intermediates.noindex/xctest-dynamic-overlay.build/Release-iphoneos/XCTestDynamicOverlay.build/DerivedSources -Xcc -DSWIFT_PACKAGE -emit-objc-header -emit-objc-header-path /Users/runner/Library/Developer/Xcode/DerivedData/SplatNative-dwmjesbccinwnzhdvkeajvbyatnj/Build/Intermediates.noindex/xctest-dynamic-overlay.build/Release-iphoneos/XCTestDynamicOverlay.build/Objects-normal/arm64/XCTestDynamicOverlay-Swift.h -working-directory /Users/runner/work/ALLSUNDAY1122.github.io/ALLSUNDAY1122.github.io/splat-native-ios/SplatNative.xcodeproj -no-emit-module-separately-wmo

SwiftMergeGeneratedHeaders /Users/runner/Library/Developer/Xcode/DerivedData/SplatNative-dwmjesbccinwnzhdvkeajvbyatnj/Build/Intermediates.noindex/GeneratedModuleMaps-iphoneos/XCTestDynamicOverlay-Swift.h /Users/runner/Library/Developer/Xcode/DerivedData/SplatNative-dwmjesbccinwnzhdvkeajvbyatnj/Build/Intermediates.noindex/xctest-dynamic-overlay.build/Release-iphoneos/XCTestDynamicOverlay.build/Objects-normal/arm64/XCTestDynamicOverlay-Swift.h (in target 'XCTestDynamicOverlay' from project 'xctest-dynamic-overlay')
    cd /Users/runner/Library/Developer/Xcode/DerivedData/SplatNative-dwmjesbccinwnzhdvkeajvbyatnj/SourcePackages/checkouts/xctest-dynamic-overlay
    builtin-swiftHeaderTool -arch arm64 /Users/runner/Library/Developer/Xcode/DerivedData/SplatNative-dwmjesbccinwnzhdvkeajvbyatnj/Build/Intermediates.noindex/xctest-dynamic-overlay.build/Release-iphoneos/XCTestDynamicOverlay.build/Objects-normal/arm64/XCTestDynamicOverlay-Swift.h -o /Users/runner/Library/Developer/Xcode/DerivedData/SplatNative-dwmjesbccinwnzhdvkeajvbyatnj/Build/Intermediates.noindex/GeneratedModuleMaps-iphoneos/XCTestDynamicOverlay-Swift.h

Copy /Users/runner/Library/Developer/Xcode/DerivedData/SplatNative-dwmjesbccinwnzhdvkeajvbyatnj/Build/Products/Release-iphoneos/XCTestDynamicOverlay.swiftmodule/arm64-apple-ios.swiftmodule /Users/runner/Library/Developer/Xcode/DerivedData/SplatNative-dwmjesbccinwnzhdvkeajvbyatnj/Build/Intermediates.noindex/xctest-dynamic-overlay.build/Release-iphoneos/XCTestDynamicOverlay.build/Objects-normal/arm64/XCTestDynamicOverlay.swiftmodule (in target 'XCTestDynamicOverlay' from project 'xctest-dynamic-overlay')
    cd /Users/runner/Library/Developer/Xcode/DerivedData/SplatNative-dwmjesbccinwnzhdvkeajvbyatnj/SourcePackages/checkouts/xctest-dynamic-overlay
    builtin-copy -exclude .DS_Store -exclude CVS -exclude .svn -exclude .git -exclude .hg -strip-unsigned-binaries -strip-deterministic -strip-tool /Applications/Xcode_16.4.app/Contents/Developer/Toolchains/XcodeDefault.xctoolchain/usr/bin/strip -resolve-src-symlinks -rename /Users/runner/Library/Developer/Xcode/DerivedData/SplatNative-dwmjesbccinwnzhdvkeajvbyatnj/Build/Intermediates.noindex/xctest-dynamic-overlay.build/Release-iphoneos/XCTestDynamicOverlay.build/Objects-normal/arm64/XCTestDynamicOverlay.swiftmodule /Users/runner/Library/Developer/Xcode/DerivedData/SplatNative-dwmjesbccinwnzhdvkeajvbyatnj/Build/Products/Release-iphoneos/XCTestDynamicOverlay.swiftmodule/arm64-apple-ios.swiftmodule

Copy /Users/runner/Library/Developer/Xcode/DerivedData/SplatNative-dwmjesbccinwnzhdvkeajvbyatnj/Build/Products/Release-iphoneos/XCTestDynamicOverlay.swiftmodule/arm64-apple-ios.swiftdoc /Users/runner/Library/Developer/Xcode/DerivedData/SplatNative-dwmjesbccinwnzhdvkeajvbyatnj/Build/Intermediates.noindex/xctest-dynamic-overlay.build/Release-iphoneos/XCTestDynamicOverlay.build/Objects-normal/arm64/XCTestDynamicOverlay.swiftdoc (in target 'XCTestDynamicOverlay' from project 'xctest-dynamic-overlay')
    cd /Users/runner/Library/Developer/Xcode/DerivedData/SplatNative-dwmjesbccinwnzhdvkeajvbyatnj/SourcePackages/checkouts/xctest-dynamic-overlay
    builtin-copy -exclude .DS_Store -exclude CVS -exclude .svn -exclude .git -exclude .hg -strip-unsigned-binaries -strip-deterministic -strip-tool /Applications/Xcode_16.4.app/Contents/Developer/Toolchains/XcodeDefault.xctoolchain/usr/bin/strip -resolve-src-symlinks -rename /Users/runner/Library/Developer/Xcode/DerivedData/SplatNative-dwmjesbccinwnzhdvkeajvbyatnj/Build/Intermediates.noindex/xctest-dynamic-overlay.build/Release-iphoneos/XCTestDynamicOverlay.build/Objects-normal/arm64/XCTestDynamicOverlay.swiftdoc /Users/runner/Library/Developer/Xcode/DerivedData/SplatNative-dwmjesbccinwnzhdvkeajvbyatnj/Build/Products/Release-iphoneos/XCTestDynamicOverlay.swiftmodule/arm64-apple-ios.swiftdoc

Copy /Users/runner/Library/Developer/Xcode/DerivedData/SplatNative-dwmjesbccinwnzhdvkeajvbyatnj/Build/Products/Release-iphoneos/XCTestDynamicOverlay.swiftmodule/arm64-apple-ios.abi.json /Users/runner/Library/Developer/Xcode/DerivedData/SplatNative-dwmjesbccinwnzhdvkeajvbyatnj/Build/Intermediates.noindex/xctest-dynamic-overlay.build/Release-iphoneos/XCTestDynamicOverlay.build/Objects-normal/arm64/XCTestDynamicOverlay.abi.json (in target 'XCTestDynamicOverlay' from project 'xctest-dynamic-overlay')
    cd /Users/runner/Library/Developer/Xcode/DerivedData/SplatNative-dwmjesbccinwnzhdvkeajvbyatnj/SourcePackages/checkouts/xctest-dynamic-overlay
    builtin-copy -exclude .DS_Store -exclude CVS -exclude .svn -exclude .git -exclude .hg -strip-unsigned-binaries -strip-deterministic -strip-tool /Applications/Xcode_16.4.app/Contents/Developer/Toolchains/XcodeDefault.xctoolchain/usr/bin/strip -resolve-src-symlinks -rename /Users/runner/Library/Developer/Xcode/DerivedData/SplatNative-dwmjesbccinwnzhdvkeajvbyatnj/Build/Intermediates.noindex/xctest-dynamic-overlay.build/Release-iphoneos/XCTestDynamicOverlay.build/Objects-normal/arm64/XCTestDynamicOverlay.abi.json /Users/runner/Library/Developer/Xcode/DerivedData/SplatNative-dwmjesbccinwnzhdvkeajvbyatnj/Build/Products/Release-iphoneos/XCTestDynamicOverlay.swiftmodule/arm64-apple-ios.abi.json

Copy /Users/runner/Library/Developer/Xcode/DerivedData/SplatNative-dwmjesbccinwnzhdvkeajvbyatnj/Build/Products/Release-iphoneos/XCTestDynamicOverlay.swiftmodule/Project/arm64-apple-ios.swiftsourceinfo /Users/runner/Library/Developer/Xcode/DerivedData/SplatNative-dwmjesbccinwnzhdvkeajvbyatnj/Build/Intermediates.noindex/xctest-dynamic-overlay.build/Release-iphoneos/XCTestDynamicOverlay.build/Objects-normal/arm64/XCTestDynamicOverlay.swiftsourceinfo (in target 'XCTestDynamicOverlay' from project 'xctest-dynamic-overlay')
    cd /Users/runner/Library/Developer/Xcode/DerivedData/SplatNative-dwmjesbccinwnzhdvkeajvbyatnj/SourcePackages/checkouts/xctest-dynamic-overlay
    builtin-copy -exclude .DS_Store -exclude CVS -exclude .svn -exclude .git -exclude .hg -strip-unsigned-binaries -strip-deterministic -strip-tool /Applications/Xcode_16.4.app/Contents/Developer/Toolchains/XcodeDefault.xctoolchain/usr/bin/strip -resolve-src-symlinks -rename /Users/runner/Library/Developer/Xcode/DerivedData/SplatNative-dwmjesbccinwnzhdvkeajvbyatnj/Build/Intermediates.noindex/xctest-dynamic-overlay.build/Release-iphoneos/XCTestDynamicOverlay.build/Objects-normal/arm64/XCTestDynamicOverlay.swiftsourceinfo /Users/runner/Library/Developer/Xcode/DerivedData/SplatNative-dwmjesbccinwnzhdvkeajvbyatnj/Build/Products/Release-iphoneos/XCTestDynamicOverlay.swiftmodule/Project/arm64-apple-ios.swiftsourceinfo

Touch /Users/runner/Library/Developer/Xcode/DerivedData/SplatNative-dwmjesbccinwnzhdvkeajvbyatnj/Build/Products/Release-iphoneos/Msplat_Msplat.bundle (in target 'Msplat_Msplat' from project 'Msplat')
    cd /Users/runner/work/ALLSUNDAY1122.github.io/ALLSUNDAY1122.github.io/splat-native-ios/Packages/MsplatMemory
    /usr/bin/touch -c /Users/runner/Library/Developer/Xcode/DerivedData/SplatNative-dwmjesbccinwnzhdvkeajvbyatnj/Build/Products/Release-iphoneos/Msplat_Msplat.bundle

RegisterExecutionPolicyException /Users/runner/Library/Developer/Xcode/DerivedData/SplatNative-dwmjesbccinwnzhdvkeajvbyatnj/Build/Products/Release-iphoneos/spz.o (in target 'spz' from project 'spz-swift')
    cd /Users/runner/Library/Developer/Xcode/DerivedData/SplatNative-dwmjesbccinwnzhdvkeajvbyatnj/SourcePackages/checkouts/spz-swift
    builtin-RegisterExecutionPolicyException /Users/runner/Library/Developer/Xcode/DerivedData/SplatNative-dwmjesbccinwnzhdvkeajvbyatnj/Build/Products/Release-iphoneos/spz.o

RegisterExecutionPolicyException /Users/runner/Library/Developer/Xcode/DerivedData/SplatNative-dwmjesbccinwnzhdvkeajvbyatnj/Build/Products/Release-iphoneos/PLYIO.o (in target 'PLYIO' from project 'MetalSplatter')
    cd /Users/runner/Library/Developer/Xcode/DerivedData/SplatNative-dwmjesbccinwnzhdvkeajvbyatnj/SourcePackages/checkouts/MetalSplatter
    builtin-RegisterExecutionPolicyException /Users/runner/Library/Developer/Xcode/DerivedData/SplatNative-dwmjesbccinwnzhdvkeajvbyatnj/Build/Products/Release-iphoneos/PLYIO.o

RegisterExecutionPolicyException /Users/runner/Library/Developer/Xcode/DerivedData/SplatNative-dwmjesbccinwnzhdvkeajvbyatnj/Build/Products/Release-iphoneos/IssueReporting.o (in target 'IssueReporting' from project 'xctest-dynamic-overlay')
    cd /Users/runner/Library/Developer/Xcode/DerivedData/SplatNative-dwmjesbccinwnzhdvkeajvbyatnj/SourcePackages/checkouts/xctest-dynamic-overlay
    builtin-RegisterExecutionPolicyException /Users/runner/Library/Developer/Xcode/DerivedData/SplatNative-dwmjesbccinwnzhdvkeajvbyatnj/Build/Products/Release-iphoneos/IssueReporting.o

RegisterExecutionPolicyException /Users/runner/Library/Developer/Xcode/DerivedData/SplatNative-dwmjesbccinwnzhdvkeajvbyatnj/Build/Products/Release-iphoneos/HTTPTypes.o (in target 'HTTPTypes' from project 'swift-http-types')
    cd /Users/runner/Library/Developer/Xcode/DerivedData/SplatNative-dwmjesbccinwnzhdvkeajvbyatnj/SourcePackages/checkouts/swift-http-types
    builtin-RegisterExecutionPolicyException /Users/runner/Library/Developer/Xcode/DerivedData/SplatNative-dwmjesbccinwnzhdvkeajvbyatnj/Build/Products/Release-iphoneos/HTTPTypes.o

RegisterExecutionPolicyException /Users/runner/Library/Developer/Xcode/DerivedData/SplatNative-dwmjesbccinwnzhdvkeajvbyatnj/Build/Products/Release-iphoneos/Crypto.o (in target 'Crypto' from project 'swift-crypto')
    cd /Users/runner/Library/Developer/Xcode/DerivedData/SplatNative-dwmjesbccinwnzhdvkeajvbyatnj/SourcePackages/checkouts/swift-crypto
    builtin-RegisterExecutionPolicyException /Users/runner/Library/Developer/Xcode/DerivedData/SplatNative-dwmjesbccinwnzhdvkeajvbyatnj/Build/Products/Release-iphoneos/Crypto.o

RegisterExecutionPolicyException /Users/runner/Library/Developer/Xcode/DerivedData/SplatNative-dwmjesbccinwnzhdvkeajvbyatnj/Build/Products/Release-iphoneos/ConcurrencyExtras.o (in target 'ConcurrencyExtras' from project 'swift-concurrency-extras')
    cd /Users/runner/Library/Developer/Xcode/DerivedData/SplatNative-dwmjesbccinwnzhdvkeajvbyatnj/SourcePackages/checkouts/swift-concurrency-extras
    builtin-RegisterExecutionPolicyException /Users/runner/Library/Developer/Xcode/DerivedData/SplatNative-dwmjesbccinwnzhdvkeajvbyatnj/Build/Products/Release-iphoneos/ConcurrencyExtras.o

Ld /Users/runner/Library/Developer/Xcode/DerivedData/SplatNative-dwmjesbccinwnzhdvkeajvbyatnj/Build/Products/Release-iphoneos/XCTestDynamicOverlay.o normal (in target 'XCTestDynamicOverlay' from project 'xctest-dynamic-overlay')
    cd /Users/runner/Library/Developer/Xcode/DerivedData/SplatNative-dwmjesbccinwnzhdvkeajvbyatnj/SourcePackages/checkouts/xctest-dynamic-overlay
    /Applications/Xcode_16.4.app/Contents/Developer/Toolchains/XcodeDefault.xctoolchain/usr/bin/clang -Xlinker -reproducible -target arm64-apple-ios13.0 -r -isysroot /Applications/Xcode_16.4.app/Contents/Developer/Platforms/iPhoneOS.platform/Developer/SDKs/iPhoneOS18.5.sdk -Os -w -L/Users/runner/Library/Developer/Xcode/DerivedData/SplatNative-dwmjesbccinwnzhdvkeajvbyatnj/Build/Intermediates.noindex/EagerLinkingTBDs/Release-iphoneos -L/Users/runner/Library/Developer/Xcode/DerivedData/SplatNative-dwmjesbccinwnzhdvkeajvbyatnj/Build/Products/Release-iphoneos -L/Applications/Xcode_16.4.app/Contents/Developer/Platforms/iPhoneOS.platform/Developer/usr/lib -F/Users/runner/Library/Developer/Xcode/DerivedData/SplatNative-dwmjesbccinwnzhdvkeajvbyatnj/Build/Intermediates.noindex/EagerLinkingTBDs/Release-iphoneos -F/Users/runner/Library/Developer/Xcode/DerivedData/SplatNative-dwmjesbccinwnzhdvkeajvbyatnj/Build/Products/Release-iphoneos/PackageFrameworks -F/Users/runner/Library/Developer/Xcode/DerivedData/SplatNative-dwmjesbccinwnzhdvkeajvbyatnj/Build/Products/Release-iphoneos -iframework /Applications/Xcode_16.4.app/Contents/Developer/Platforms/iPhoneOS.platform/Developer/Library/Frameworks -iframework /Applications/Xcode_16.4.app/Contents/Developer/Platforms/iPhoneOS.platform/Developer/SDKs/iPhoneOS18.5.sdk/Developer/Library/Frameworks -filelist /Users/runner/Library/Developer/Xcode/DerivedData/SplatNative-dwmjesbccinwnzhdvkeajvbyatnj/Build/Intermediates.noindex/xctest-dynamic-overlay.build/Release-iphoneos/XCTestDynamicOverlay.build/Objects-normal/arm64/XCTestDynamicOverlay.LinkFileList -nostdlib -Xlinker -object_path_lto -Xlinker /Users/runner/Library/Developer/Xcode/DerivedData/SplatNative-dwmjesbccinwnzhdvkeajvbyatnj/Build/Intermediates.noindex/xctest-dynamic-overlay.build/Release-iphoneos/XCTestDynamicOverlay.build/Objects-normal/arm64/XCTestDynamicOverlay_lto.o -Xlinker -dependency_info -Xlinker /Users/runner/Library/Developer/Xcode/DerivedData/SplatNative-dwmjesbccinwnzhdvkeajvbyatnj/Build/Intermediates.noindex/xctest-dynamic-overlay.build/Release-iphoneos/XCTestDynamicOverlay.build/Objects-normal/arm64/XCTestDynamicOverlay_dependency_info.dat -fobjc-link-runtime -L/Applications/Xcode_16.4.app/Contents/Developer/Toolchains/XcodeDefault.xctoolchain/usr/lib/swift/iphoneos -L/usr/lib/swift -Xlinker -add_ast_path -Xlinker /Users/runner/Library/Developer/Xcode/DerivedData/SplatNative-dwmjesbccinwnzhdvkeajvbyatnj/Build/Intermediates.noindex/xctest-dynamic-overlay.build/Release-iphoneos/XCTestDynamicOverlay.build/Objects-normal/arm64/XCTestDynamicOverlay.swiftmodule -o /Users/runner/Library/Developer/Xcode/DerivedData/SplatNative-dwmjesbccinwnzhdvkeajvbyatnj/Build/Products/Release-iphoneos/XCTestDynamicOverlay.o

RegisterExecutionPolicyException /Users/runner/Library/Developer/Xcode/DerivedData/SplatNative-dwmjesbccinwnzhdvkeajvbyatnj/Build/Products/Release-iphoneos/MsplatCore.o (in target 'MsplatCore' from project 'Msplat')
    cd /Users/runner/work/ALLSUNDAY1122.github.io/ALLSUNDAY1122.github.io/splat-native-ios/Packages/MsplatMemory
    builtin-RegisterExecutionPolicyException /Users/runner/Library/Developer/Xcode/DerivedData/SplatNative-dwmjesbccinwnzhdvkeajvbyatnj/Build/Products/Release-iphoneos/MsplatCore.o

ExtractAppIntentsMetadata (in target 'XCTestDynamicOverlay' from project 'xctest-dynamic-overlay')
    cd /Users/runner/Library/Developer/Xcode/DerivedData/SplatNative-dwmjesbccinwnzhdvkeajvbyatnj/SourcePackages/checkouts/xctest-dynamic-overlay
    /Applications/Xcode_16.4.app/Contents/Developer/Toolchains/XcodeDefault.xctoolchain/usr/bin/appintentsmetadataprocessor --toolchain-dir /Applications/Xcode_16.4.app/Contents/Developer/Toolchains/XcodeDefault.xctoolchain --module-name XCTestDynamicOverlay --sdk-root /Applications/Xcode_16.4.app/Contents/Developer/Platforms/iPhoneOS.platform/Developer/SDKs/iPhoneOS18.5.sdk --xcode-version 16F6 --platform-family iOS --deployment-target 13.0 --bundle-identifier xctest-dynamic-overlay.XCTestDynamicOverlay --output /Users/runner/Library/Developer/Xcode/DerivedData/SplatNative-dwmjesbccinwnzhdvkeajvbyatnj/Build/Products/Release-iphoneos/XCTestDynamicOverlay.appintents --target-triple arm64-apple-ios13.0 --binary-file /Users/runner/Library/Developer/Xcode/DerivedData/SplatNative-dwmjesbccinwnzhdvkeajvbyatnj/Build/Products/Release-iphoneos/XCTestDynamicOverlay.o --dependency-file /Users/runner/Library/Developer/Xcode/DerivedData/SplatNative-dwmjesbccinwnzhdvkeajvbyatnj/Build/Intermediates.noindex/xctest-dynamic-overlay.build/Release-iphoneos/XCTestDynamicOverlay.build/Objects-normal/arm64/XCTestDynamicOverlay_dependency_info.dat --stringsdata-file /Users/runner/Library/Developer/Xcode/DerivedData/SplatNative-dwmjesbccinwnzhdvkeajvbyatnj/Build/Intermediates.noindex/xctest-dynamic-overlay.build/Release-iphoneos/XCTestDynamicOverlay.build/Objects-normal/arm64/ExtractedAppShortcutsMetadata.stringsdata --source-file-list /Users/runner/Library/Developer/Xcode/DerivedData/SplatNative-dwmjesbccinwnzhdvkeajvbyatnj/Build/Intermediates.noindex/xctest-dynamic-overlay.build/Release-iphoneos/XCTestDynamicOverlay.build/Objects-normal/arm64/XCTestDynamicOverlay.SwiftFileList --metadata-file-list /Users/runner/Library/Developer/Xcode/DerivedData/SplatNative-dwmjesbccinwnzhdvkeajvbyatnj/Build/Intermediates.noindex/xctest-dynamic-overlay.build/Release-iphoneos/XCTestDynamicOverlay.build/XCTestDynamicOverlay.DependencyMetadataFileList --static-metadata-file-list /Users/runner/Library/Developer/Xcode/DerivedData/SplatNative-dwmjesbccinwnzhdvkeajvbyatnj/Build/Intermediates.noindex/xctest-dynamic-overlay.build/Release-iphoneos/XCTestDynamicOverlay.build/XCTestDynamicOverlay.DependencyStaticMetadataFileList --swift-const-vals-list /Users/runner/Library/Developer/Xcode/DerivedData/SplatNative-dwmjesbccinwnzhdvkeajvbyatnj/Build/Intermediates.noindex/xctest-dynamic-overlay.build/Release-iphoneos/XCTestDynamicOverlay.build/Objects-normal/arm64/XCTestDynamicOverlay.SwiftConstValuesFileList --force --compile-time-extraction --deployment-aware-processing --validate-assistant-intents --no-app-shortcuts-localization
2026-09-16 08:12:30.639 appintentsmetadataprocessor[4105:14898] Starting appintentsmetadataprocessor export
2026-09-16 08:12:30.677 appintentsmetadataprocessor[4105:14898] Extracted no relevant App Intents symbols, skipping writing output

Ld /Users/runner/Library/Developer/Xcode/DerivedData/SplatNative-dwmjesbccinwnzhdvkeajvbyatnj/Build/Products/Release-iphoneos/Msplat.o normal (in target 'Msplat' from project 'Msplat')
    cd /Users/runner/work/ALLSUNDAY1122.github.io/ALLSUNDAY1122.github.io/splat-native-ios/Packages/MsplatMemory
    /Applications/Xcode_16.4.app/Contents/Developer/Toolchains/XcodeDefault.xctoolchain/usr/bin/clang -Xlinker -reproducible -target arm64-apple-ios18.0 -r -isysroot /Applications/Xcode_16.4.app/Contents/Developer/Platforms/iPhoneOS.platform/Developer/SDKs/iPhoneOS18.5.sdk -Os -L/Users/runner/Library/Developer/Xcode/DerivedData/SplatNative-dwmjesbccinwnzhdvkeajvbyatnj/Build/Intermediates.noindex/EagerLinkingTBDs/Release-iphoneos -L/Users/runner/Library/Developer/Xcode/DerivedData/SplatNative-dwmjesbccinwnzhdvkeajvbyatnj/Build/Products/Release-iphoneos -L/Applications/Xcode_16.4.app/Contents/Developer/Platforms/iPhoneOS.platform/Developer/usr/lib -F/Users/runner/Library/Developer/Xcode/DerivedData/SplatNative-dwmjesbccinwnzhdvkeajvbyatnj/Build/Intermediates.noindex/EagerLinkingTBDs/Release-iphoneos -F/Users/runner/Library/Developer/Xcode/DerivedData/SplatNative-dwmjesbccinwnzhdvkeajvbyatnj/Build/Products/Release-iphoneos/PackageFrameworks -F/Users/runner/Library/Developer/Xcode/DerivedData/SplatNative-dwmjesbccinwnzhdvkeajvbyatnj/Build/Products/Release-iphoneos -iframework /Applications/Xcode_16.4.app/Contents/Developer/Platforms/iPhoneOS.platform/Developer/Library/Frameworks -iframework /Applications/Xcode_16.4.app/Contents/Developer/Platforms/iPhoneOS.platform/Developer/SDKs/iPhoneOS18.5.sdk/Developer/Library/Frameworks -filelist /Users/runner/Library/Developer/Xcode/DerivedData/SplatNative-dwmjesbccinwnzhdvkeajvbyatnj/Build/Intermediates.noindex/Msplat.build/Release-iphoneos/Msplat.build/Objects-normal/arm64/Msplat.LinkFileList -nostdlib -Xlinker -object_path_lto -Xlinker /Users/runner/Library/Developer/Xcode/DerivedData/SplatNative-dwmjesbccinwnzhdvkeajvbyatnj/Build/Intermediates.noindex/Msplat.build/Release-iphoneos/Msplat.build/Objects-normal/arm64/Msplat_lto.o -Xlinker -dependency_info -Xlinker /Users/runner/Library/Developer/Xcode/DerivedData/SplatNative-dwmjesbccinwnzhdvkeajvbyatnj/Build/Intermediates.noindex/Msplat.build/Release-iphoneos/Msplat.build/Objects-normal/arm64/Msplat_dependency_info.dat -fobjc-link-runtime -L/Applications/Xcode_16.4.app/Contents/Developer/Toolchains/XcodeDefault.xctoolchain/usr/lib/swift/iphoneos -L/usr/lib/swift -Xlinker -add_ast_path -Xlinker /Users/runner/Library/Developer/Xcode/DerivedData/SplatNative-dwmjesbccinwnzhdvkeajvbyatnj/Build/Intermediates.noindex/Msplat.build/Release-iphoneos/Msplat.build/Objects-normal/arm64/Msplat.swiftmodule -o /Users/runner/Library/Developer/Xcode/DerivedData/SplatNative-dwmjesbccinwnzhdvkeajvbyatnj/Build/Products/Release-iphoneos/Msplat.o

ExtractAppIntentsMetadata (in target 'Msplat' from project 'Msplat')
    cd /Users/runner/work/ALLSUNDAY1122.github.io/ALLSUNDAY1122.github.io/splat-native-ios/Packages/MsplatMemory
    /Applications/Xcode_16.4.app/Contents/Developer/Toolchains/XcodeDefault.xctoolchain/usr/bin/appintentsmetadataprocessor --toolchain-dir /Applications/Xcode_16.4.app/Contents/Developer/Toolchains/XcodeDefault.xctoolchain --module-name Msplat --sdk-root /Applications/Xcode_16.4.app/Contents/Developer/Platforms/iPhoneOS.platform/Developer/SDKs/iPhoneOS18.5.sdk --xcode-version 16F6 --platform-family iOS --deployment-target 18.0 --bundle-identifier msplatmemory.Msplat --output /Users/runner/Library/Developer/Xcode/DerivedData/SplatNative-dwmjesbccinwnzhdvkeajvbyatnj/Build/Products/Release-iphoneos/Msplat.appintents --target-triple arm64-apple-ios18.0 --binary-file /Users/runner/Library/Developer/Xcode/DerivedData/SplatNative-dwmjesbccinwnzhdvkeajvbyatnj/Build/Products/Release-iphoneos/Msplat.o --dependency-file /Users/runner/Library/Developer/Xcode/DerivedData/SplatNative-dwmjesbccinwnzhdvkeajvbyatnj/Build/Intermediates.noindex/Msplat.build/Release-iphoneos/Msplat.build/Objects-normal/arm64/Msplat_dependency_info.dat --stringsdata-file /Users/runner/Library/Developer/Xcode/DerivedData/SplatNative-dwmjesbccinwnzhdvkeajvbyatnj/Build/Intermediates.noindex/Msplat.build/Release-iphoneos/Msplat.build/Objects-normal/arm64/ExtractedAppShortcutsMetadata.stringsdata --source-file-list /Users/runner/Library/Developer/Xcode/DerivedData/SplatNative-dwmjesbccinwnzhdvkeajvbyatnj/Build/Intermediates.noindex/Msplat.build/Release-iphoneos/Msplat.build/Objects-normal/arm64/Msplat.SwiftFileList --metadata-file-list /Users/runner/Library/Developer/Xcode/DerivedData/SplatNative-dwmjesbccinwnzhdvkeajvbyatnj/Build/Intermediates.noindex/Msplat.build/Release-iphoneos/Msplat.build/Msplat.DependencyMetadataFileList --static-metadata-file-list /Users/runner/Library/Developer/Xcode/DerivedData/SplatNative-dwmjesbccinwnzhdvkeajvbyatnj/Build/Intermediates.noindex/Msplat.build/Release-iphoneos/Msplat.build/Msplat.DependencyStaticMetadataFileList --swift-const-vals-list /Users/runner/Library/Developer/Xcode/DerivedData/SplatNative-dwmjesbccinwnzhdvkeajvbyatnj/Build/Intermediates.noindex/Msplat.build/Release-iphoneos/Msplat.build/Objects-normal/arm64/Msplat.SwiftConstValuesFileList --force --compile-time-extraction --deployment-aware-processing --validate-assistant-intents --no-app-shortcuts-localization
2026-09-16 08:12:30.717 appintentsmetadataprocessor[4123:14937] Starting appintentsmetadataprocessor export
2026-09-16 08:12:30.753 appintentsmetadataprocessor[4123:14937] Extracted no relevant App Intents symbols, skipping writing output

RegisterExecutionPolicyException /Users/runner/Library/Developer/Xcode/DerivedData/SplatNative-dwmjesbccinwnzhdvkeajvbyatnj/Build/Products/Release-iphoneos/XCTestDynamicOverlay.o (in target 'XCTestDynamicOverlay' from project 'xctest-dynamic-overlay')
    cd /Users/runner/Library/Developer/Xcode/DerivedData/SplatNative-dwmjesbccinwnzhdvkeajvbyatnj/SourcePackages/checkouts/xctest-dynamic-overlay
    builtin-RegisterExecutionPolicyException /Users/runner/Library/Developer/Xcode/DerivedData/SplatNative-dwmjesbccinwnzhdvkeajvbyatnj/Build/Products/Release-iphoneos/XCTestDynamicOverlay.o

RegisterExecutionPolicyException /Users/runner/Library/Developer/Xcode/DerivedData/SplatNative-dwmjesbccinwnzhdvkeajvbyatnj/Build/Products/Release-iphoneos/Msplat.o (in target 'Msplat' from project 'Msplat')
    cd /Users/runner/work/ALLSUNDAY1122.github.io/ALLSUNDAY1122.github.io/splat-native-ios/Packages/MsplatMemory
    builtin-RegisterExecutionPolicyException /Users/runner/Library/Developer/Xcode/DerivedData/SplatNative-dwmjesbccinwnzhdvkeajvbyatnj/Build/Products/Release-iphoneos/Msplat.o

SwiftDriverJobDiscovery normal arm64 Compiling AutodetectSceneReader.swift, Comparable+clamped.swift, DotSplatEncodedPoint.swift, DotSplatSceneReader.swift, DotSplatSceneWriter.swift, SPZSceneReader.swift, SPZSceneWriter.swift, SplatFileFormat.swift, SplatMemoryBuffer.swift, SplatPLYConstants.swift, SplatPLYSceneReader.swift, SplatPLYSceneWriter.swift, SplatPoint+CustomStringConvertible.swift, SplatPoint.swift, SplatSceneReader.swift, SplatSceneWriter.swift (in target 'SplatIO' from project 'MetalSplatter')

SwiftDriver\ Compilation\ Requirements SplatIO normal arm64 com.apple.xcode.tools.swift.compiler (in target 'SplatIO' from project 'MetalSplatter')
    cd /Users/runner/work/ALLSUNDAY1122.github.io/ALLSUNDAY1122.github.io/splat-native-ios/SplatNative.xcodeproj
    builtin-Swift-Compilation-Requirements -- /Applications/Xcode_16.4.app/Contents/Developer/Toolchains/XcodeDefault.xctoolchain/usr/bin/swiftc -module-name SplatIO -O -whole-module-optimization -enforce-exclusivity\=checked @/Users/runner/Library/Developer/Xcode/DerivedData/SplatNative-dwmjesbccinwnzhdvkeajvbyatnj/Build/Intermediates.noindex/MetalSplatter.build/Release-iphoneos/SplatIO.build/Objects-normal/arm64/SplatIO.SwiftFileList -DSWIFT_PACKAGE -DXcode -plugin-path /Applications/Xcode_16.4.app/Contents/Developer/Toolchains/XcodeDefault.xctoolchain/usr/lib/swift/host/plugins/testing -enable-experimental-feature DebugDescriptionMacro -sdk /Applications/Xcode_16.4.app/Contents/Developer/Platforms/iPhoneOS.platform/Developer/SDKs/iPhoneOS18.5.sdk -target arm64-apple-ios18.0 -g -module-cache-path /Users/runner/Library/Developer/Xcode/DerivedData/ModuleCache.noindex -Xfrontend -serialize-debugging-options -suppress-warnings -swift-version 6 -I /Users/runner/Library/Developer/Xcode/DerivedData/SplatNative-dwmjesbccinwnzhdvkeajvbyatnj/Build/Products/Release-iphoneos -I /Applications/Xcode_16.4.app/Contents/Developer/Platforms/iPhoneOS.platform/Developer/usr/lib -F /Users/runner/Library/Developer/Xcode/DerivedData/SplatNative-dwmjesbccinwnzhdvkeajvbyatnj/Build/Products/Release-iphoneos/PackageFrameworks -F /Users/runner/Library/Developer/Xcode/DerivedData/SplatNative-dwmjesbccinwnzhdvkeajvbyatnj/Build/Products/Release-iphoneos/PackageFrameworks -F /Users/runner/Library/Developer/Xcode/DerivedData/SplatNative-dwmjesbccinwnzhdvkeajvbyatnj/Build/Products/Release-iphoneos -F /Applications/Xcode_16.4.app/Contents/Developer/Platforms/iPhoneOS.platform/Developer/Library/Frameworks -F /Applications/Xcode_16.4.app/Contents/Developer/Platforms/iPhoneOS.platform/Developer/SDKs/iPhoneOS18.5.sdk/Developer/Library/Frameworks -c -num-threads 3 -Xcc -ivfsstatcache -Xcc /Users/runner/Library/Developer/Xcode/DerivedData/SDKStatCaches.noindex/iphoneos18.5-22F76-a529daf784b3616c7c04a36aeb7f5c05.sdkstatcache -output-file-map /Users/runner/Library/Developer/Xcode/DerivedData/SplatNative-dwmjesbccinwnzhdvkeajvbyatnj/Build/Intermediates.noindex/MetalSplatter.build/Release-iphoneos/SplatIO.build/Objects-normal/arm64/SplatIO-OutputFileMap.json -use-frontend-parseable-output -save-temps -no-color-diagnostics -serialize-diagnostics -emit-dependencies -emit-module -emit-module-path /Users/runner/Library/Developer/Xcode/DerivedData/SplatNative-dwmjesbccinwnzhdvkeajvbyatnj/Build/Intermediates.noindex/MetalSplatter.build/Release-iphoneos/SplatIO.build/Objects-normal/arm64/SplatIO.swiftmodule -validate-clang-modules-once -clang-build-session-file /Users/runner/Library/Developer/Xcode/DerivedData/ModuleCache.noindex/Session.modulevalidation -package-name metalsplatter -Xcc -I/Users/runner/Library/Developer/Xcode/DerivedData/SplatNative-dwmjesbccinwnzhdvkeajvbyatnj/Build/Intermediates.noindex/MetalSplatter.build/Release-iphoneos/SplatIO.build/swift-overrides.hmap -emit-const-values -Xfrontend -const-gather-protocols-file -Xfrontend /Users/runner/Library/Developer/Xcode/DerivedData/SplatNative-dwmjesbccinwnzhdvkeajvbyatnj/Build/Intermediates.noindex/MetalSplatter.build/Release-iphoneos/SplatIO.build/Objects-normal/arm64/SplatIO_const_extract_protocols.json -Xcc -I/Users/runner/Library/Developer/Xcode/DerivedData/SplatNative-dwmjesbccinwnzhdvkeajvbyatnj/Build/Products/Release-iphoneos/include -Xcc -I/Users/runner/Library/Developer/Xcode/DerivedData/SplatNative-dwmjesbccinwnzhdvkeajvbyatnj/Build/Intermediates.noindex/MetalSplatter.build/Release-iphoneos/SplatIO.build/DerivedSources-normal/arm64 -Xcc -I/Users/runner/Library/Developer/Xcode/DerivedData/SplatNative-dwmjesbccinwnzhdvkeajvbyatnj/Build/Intermediates.noindex/MetalSplatter.build/Release-iphoneos/SplatIO.build/DerivedSources/arm64 -Xcc -I/Users/runner/Library/Developer/Xcode/DerivedData/SplatNative-dwmjesbccinwnzhdvkeajvbyatnj/Build/Intermediates.noindex/MetalSplatter.build/Release-iphoneos/SplatIO.build/DerivedSources -Xcc -DSWIFT_PACKAGE -emit-objc-header -emit-objc-header-path /Users/runner/Library/Developer/Xcode/DerivedData/SplatNative-dwmjesbccinwnzhdvkeajvbyatnj/Build/Intermediates.noindex/MetalSplatter.build/Release-iphoneos/SplatIO.build/Objects-normal/arm64/SplatIO-Swift.h -working-directory /Users/runner/work/ALLSUNDAY1122.github.io/ALLSUNDAY1122.github.io/splat-native-ios/SplatNative.xcodeproj -no-emit-module-separately-wmo

SwiftMergeGeneratedHeaders /Users/runner/Library/Developer/Xcode/DerivedData/SplatNative-dwmjesbccinwnzhdvkeajvbyatnj/Build/Intermediates.noindex/GeneratedModuleMaps-iphoneos/SplatIO-Swift.h /Users/runner/Library/Developer/Xcode/DerivedData/SplatNative-dwmjesbccinwnzhdvkeajvbyatnj/Build/Intermediates.noindex/MetalSplatter.build/Release-iphoneos/SplatIO.build/Objects-normal/arm64/SplatIO-Swift.h (in target 'SplatIO' from project 'MetalSplatter')
    cd /Users/runner/Library/Developer/Xcode/DerivedData/SplatNative-dwmjesbccinwnzhdvkeajvbyatnj/SourcePackages/checkouts/MetalSplatter
    builtin-swiftHeaderTool -arch arm64 /Users/runner/Library/Developer/Xcode/DerivedData/SplatNative-dwmjesbccinwnzhdvkeajvbyatnj/Build/Intermediates.noindex/MetalSplatter.build/Release-iphoneos/SplatIO.build/Objects-normal/arm64/SplatIO-Swift.h -o /Users/runner/Library/Developer/Xcode/DerivedData/SplatNative-dwmjesbccinwnzhdvkeajvbyatnj/Build/Intermediates.noindex/GeneratedModuleMaps-iphoneos/SplatIO-Swift.h

Copy /Users/runner/Library/Developer/Xcode/DerivedData/SplatNative-dwmjesbccinwnzhdvkeajvbyatnj/Build/Products/Release-iphoneos/SplatIO.swiftmodule/arm64-apple-ios.swiftmodule /Users/runner/Library/Developer/Xcode/DerivedData/SplatNative-dwmjesbccinwnzhdvkeajvbyatnj/Build/Intermediates.noindex/MetalSplatter.build/Release-iphoneos/SplatIO.build/Objects-normal/arm64/SplatIO.swiftmodule (in target 'SplatIO' from project 'MetalSplatter')
    cd /Users/runner/Library/Developer/Xcode/DerivedData/SplatNative-dwmjesbccinwnzhdvkeajvbyatnj/SourcePackages/checkouts/MetalSplatter
    builtin-copy -exclude .DS_Store -exclude CVS -exclude .svn -exclude .git -exclude .hg -strip-unsigned-binaries -strip-deterministic -strip-tool /Applications/Xcode_16.4.app/Contents/Developer/Toolchains/XcodeDefault.xctoolchain/usr/bin/strip -resolve-src-symlinks -rename /Users/runner/Library/Developer/Xcode/DerivedData/SplatNative-dwmjesbccinwnzhdvkeajvbyatnj/Build/Intermediates.noindex/MetalSplatter.build/Release-iphoneos/SplatIO.build/Objects-normal/arm64/SplatIO.swiftmodule /Users/runner/Library/Developer/Xcode/DerivedData/SplatNative-dwmjesbccinwnzhdvkeajvbyatnj/Build/Products/Release-iphoneos/SplatIO.swiftmodule/arm64-apple-ios.swiftmodule

Copy /Users/runner/Library/Developer/Xcode/DerivedData/SplatNative-dwmjesbccinwnzhdvkeajvbyatnj/Build/Products/Release-iphoneos/SplatIO.swiftmodule/arm64-apple-ios.swiftdoc /Users/runner/Library/Developer/Xcode/DerivedData/SplatNative-dwmjesbccinwnzhdvkeajvbyatnj/Build/Intermediates.noindex/MetalSplatter.build/Release-iphoneos/SplatIO.build/Objects-normal/arm64/SplatIO.swiftdoc (in target 'SplatIO' from project 'MetalSplatter')
    cd /Users/runner/Library/Developer/Xcode/DerivedData/SplatNative-dwmjesbccinwnzhdvkeajvbyatnj/SourcePackages/checkouts/MetalSplatter
    builtin-copy -exclude .DS_Store -exclude CVS -exclude .svn -exclude .git -exclude .hg -strip-unsigned-binaries -strip-deterministic -strip-tool /Applications/Xcode_16.4.app/Contents/Developer/Toolchains/XcodeDefault.xctoolchain/usr/bin/strip -resolve-src-symlinks -rename /Users/runner/Library/Developer/Xcode/DerivedData/SplatNative-dwmjesbccinwnzhdvkeajvbyatnj/Build/Intermediates.noindex/MetalSplatter.build/Release-iphoneos/SplatIO.build/Objects-normal/arm64/SplatIO.swiftdoc /Users/runner/Library/Developer/Xcode/DerivedData/SplatNative-dwmjesbccinwnzhdvkeajvbyatnj/Build/Products/Release-iphoneos/SplatIO.swiftmodule/arm64-apple-ios.swiftdoc

Copy /Users/runner/Library/Developer/Xcode/DerivedData/SplatNative-dwmjesbccinwnzhdvkeajvbyatnj/Build/Products/Release-iphoneos/SplatIO.swiftmodule/arm64-apple-ios.abi.json /Users/runner/Library/Developer/Xcode/DerivedData/SplatNative-dwmjesbccinwnzhdvkeajvbyatnj/Build/Intermediates.noindex/MetalSplatter.build/Release-iphoneos/SplatIO.build/Objects-normal/arm64/SplatIO.abi.json (in target 'SplatIO' from project 'MetalSplatter')
    cd /Users/runner/Library/Developer/Xcode/DerivedData/SplatNative-dwmjesbccinwnzhdvkeajvbyatnj/SourcePackages/checkouts/MetalSplatter
    builtin-copy -exclude .DS_Store -exclude CVS -exclude .svn -exclude .git -exclude .hg -strip-unsigned-binaries -strip-deterministic -strip-tool /Applications/Xcode_16.4.app/Contents/Developer/Toolchains/XcodeDefault.xctoolchain/usr/bin/strip -resolve-src-symlinks -rename /Users/runner/Library/Developer/Xcode/DerivedData/SplatNative-dwmjesbccinwnzhdvkeajvbyatnj/Build/Intermediates.noindex/MetalSplatter.build/Release-iphoneos/SplatIO.build/Objects-normal/arm64/SplatIO.abi.json /Users/runner/Library/Developer/Xcode/DerivedData/SplatNative-dwmjesbccinwnzhdvkeajvbyatnj/Build/Products/Release-iphoneos/SplatIO.swiftmodule/arm64-apple-ios.abi.json

Copy /Users/runner/Library/Developer/Xcode/DerivedData/SplatNative-dwmjesbccinwnzhdvkeajvbyatnj/Build/Products/Release-iphoneos/SplatIO.swiftmodule/Project/arm64-apple-ios.swiftsourceinfo /Users/runner/Library/Developer/Xcode/DerivedData/SplatNative-dwmjesbccinwnzhdvkeajvbyatnj/Build/Intermediates.noindex/MetalSplatter.build/Release-iphoneos/SplatIO.build/Objects-normal/arm64/SplatIO.swiftsourceinfo (in target 'SplatIO' from project 'MetalSplatter')
    cd /Users/runner/Library/Developer/Xcode/DerivedData/SplatNative-dwmjesbccinwnzhdvkeajvbyatnj/SourcePackages/checkouts/MetalSplatter
    builtin-copy -exclude .DS_Store -exclude CVS -exclude .svn -exclude .git -exclude .hg -strip-unsigned-binaries -strip-deterministic -strip-tool /Applications/Xcode_16.4.app/Contents/Developer/Toolchains/XcodeDefault.xctoolchain/usr/bin/strip -resolve-src-symlinks -rename /Users/runner/Library/Developer/Xcode/DerivedData/SplatNative-dwmjesbccinwnzhdvkeajvbyatnj/Build/Intermediates.noindex/MetalSplatter.build/Release-iphoneos/SplatIO.build/Objects-normal/arm64/SplatIO.swiftsourceinfo /Users/runner/Library/Developer/Xcode/DerivedData/SplatNative-dwmjesbccinwnzhdvkeajvbyatnj/Build/Products/Release-iphoneos/SplatIO.swiftmodule/Project/arm64-apple-ios.swiftsourceinfo

Ld /Users/runner/Library/Developer/Xcode/DerivedData/SplatNative-dwmjesbccinwnzhdvkeajvbyatnj/Build/Products/Release-iphoneos/SplatIO.o normal (in target 'SplatIO' from project 'MetalSplatter')
    cd /Users/runner/Library/Developer/Xcode/DerivedData/SplatNative-dwmjesbccinwnzhdvkeajvbyatnj/SourcePackages/checkouts/MetalSplatter
    /Applications/Xcode_16.4.app/Contents/Developer/Toolchains/XcodeDefault.xctoolchain/usr/bin/clang -Xlinker -reproducible -target arm64-apple-ios18.0 -r -isysroot /Applications/Xcode_16.4.app/Contents/Developer/Platforms/iPhoneOS.platform/Developer/SDKs/iPhoneOS18.5.sdk -Os -w -L/Users/runner/Library/Developer/Xcode/DerivedData/SplatNative-dwmjesbccinwnzhdvkeajvbyatnj/Build/Intermediates.noindex/EagerLinkingTBDs/Release-iphoneos -L/Users/runner/Library/Developer/Xcode/DerivedData/SplatNative-dwmjesbccinwnzhdvkeajvbyatnj/Build/Products/Release-iphoneos -L/Applications/Xcode_16.4.app/Contents/Developer/Platforms/iPhoneOS.platform/Developer/usr/lib -F/Users/runner/Library/Developer/Xcode/DerivedData/SplatNative-dwmjesbccinwnzhdvkeajvbyatnj/Build/Intermediates.noindex/EagerLinkingTBDs/Release-iphoneos -F/Users/runner/Library/Developer/Xcode/DerivedData/SplatNative-dwmjesbccinwnzhdvkeajvbyatnj/Build/Products/Release-iphoneos/PackageFrameworks -F/Users/runner/Library/Developer/Xcode/DerivedData/SplatNative-dwmjesbccinwnzhdvkeajvbyatnj/Build/Products/Release-iphoneos/PackageFrameworks -F/Users/runner/Library/Developer/Xcode/DerivedData/SplatNative-dwmjesbccinwnzhdvkeajvbyatnj/Build/Products/Release-iphoneos -iframework /Applications/Xcode_16.4.app/Contents/Developer/Platforms/iPhoneOS.platform/Developer/Library/Frameworks -iframework /Applications/Xcode_16.4.app/Contents/Developer/Platforms/iPhoneOS.platform/Developer/SDKs/iPhoneOS18.5.sdk/Developer/Library/Frameworks -filelist /Users/runner/Library/Developer/Xcode/DerivedData/SplatNative-dwmjesbccinwnzhdvkeajvbyatnj/Build/Intermediates.noindex/MetalSplatter.build/Release-iphoneos/SplatIO.build/Objects-normal/arm64/SplatIO.LinkFileList -nostdlib -Xlinker -object_path_lto -Xlinker /Users/runner/Library/Developer/Xcode/DerivedData/SplatNative-dwmjesbccinwnzhdvkeajvbyatnj/Build/Intermediates.noindex/MetalSplatter.build/Release-iphoneos/SplatIO.build/Objects-normal/arm64/SplatIO_lto.o -Xlinker -dependency_info -Xlinker /Users/runner/Library/Developer/Xcode/DerivedData/SplatNative-dwmjesbccinwnzhdvkeajvbyatnj/Build/Intermediates.noindex/MetalSplatter.build/Release-iphoneos/SplatIO.build/Objects-normal/arm64/SplatIO_dependency_info.dat -fobjc-link-runtime -L/Applications/Xcode_16.4.app/Contents/Developer/Toolchains/XcodeDefault.xctoolchain/usr/lib/swift/iphoneos -L/usr/lib/swift -Xlinker -add_ast_path -Xlinker /Users/runner/Library/Developer/Xcode/DerivedData/SplatNative-dwmjesbccinwnzhdvkeajvbyatnj/Build/Intermediates.noindex/MetalSplatter.build/Release-iphoneos/SplatIO.build/Objects-normal/arm64/SplatIO.swiftmodule -o /Users/runner/Library/Developer/Xcode/DerivedData/SplatNative-dwmjesbccinwnzhdvkeajvbyatnj/Build/Products/Release-iphoneos/SplatIO.o

SwiftDriver MetalSplatter normal arm64 com.apple.xcode.tools.swift.compiler (in target 'MetalSplatter' from project 'MetalSplatter')
    cd /Users/runner/work/ALLSUNDAY1122.github.io/ALLSUNDAY1122.github.io/splat-native-ios/SplatNative.xcodeproj
    builtin-SwiftDriver -- /Applications/Xcode_16.4.app/Contents/Developer/Toolchains/XcodeDefault.xctoolchain/usr/bin/swiftc -module-name MetalSplatter -O -whole-module-optimization -enforce-exclusivity\=checked @/Users/runner/Library/Developer/Xcode/DerivedData/SplatNative-dwmjesbccinwnzhdvkeajvbyatnj/Build/Intermediates.noindex/MetalSplatter.build/Release-iphoneos/MetalSplatter.build/Objects-normal/arm64/MetalSplatter.SwiftFileList -DSWIFT_PACKAGE -DXcode -plugin-path /Applications/Xcode_16.4.app/Contents/Developer/Toolchains/XcodeDefault.xctoolchain/usr/lib/swift/host/plugins/testing -enable-experimental-feature DebugDescriptionMacro -sdk /Applications/Xcode_16.4.app/Contents/Developer/Platforms/iPhoneOS.platform/Developer/SDKs/iPhoneOS18.5.sdk -target arm64-apple-ios18.0 -g -module-cache-path /Users/runner/Library/Developer/Xcode/DerivedData/ModuleCache.noindex -Xfrontend -serialize-debugging-options -suppress-warnings -swift-version 6 -I /Users/runner/Library/Developer/Xcode/DerivedData/SplatNative-dwmjesbccinwnzhdvkeajvbyatnj/Build/Products/Release-iphoneos -I /Applications/Xcode_16.4.app/Contents/Developer/Platforms/iPhoneOS.platform/Developer/usr/lib -F /Users/runner/Library/Developer/Xcode/DerivedData/SplatNative-dwmjesbccinwnzhdvkeajvbyatnj/Build/Products/Release-iphoneos/PackageFrameworks -F /Users/runner/Library/Developer/Xcode/DerivedData/SplatNative-dwmjesbccinwnzhdvkeajvbyatnj/Build/Products/Release-iphoneos/PackageFrameworks -F /Users/runner/Library/Developer/Xcode/DerivedData/SplatNative-dwmjesbccinwnzhdvkeajvbyatnj/Build/Products/Release-iphoneos/PackageFrameworks -F /Users/runner/Library/Developer/Xcode/DerivedData/SplatNative-dwmjesbccinwnzhdvkeajvbyatnj/Build/Products/Release-iphoneos -F /Applications/Xcode_16.4.app/Contents/Developer/Platforms/iPhoneOS.platform/Developer/Library/Frameworks -F /Applications/Xcode_16.4.app/Contents/Developer/Platforms/iPhoneOS.platform/Developer/SDKs/iPhoneOS18.5.sdk/Developer/Library/Frameworks -c -num-threads 3 -Xcc -ivfsstatcache -Xcc /Users/runner/Library/Developer/Xcode/DerivedData/SDKStatCaches.noindex/iphoneos18.5-22F76-a529daf784b3616c7c04a36aeb7f5c05.sdkstatcache -output-file-map /Users/runner/Library/Developer/Xcode/DerivedData/SplatNative-dwmjesbccinwnzhdvkeajvbyatnj/Build/Intermediates.noindex/MetalSplatter.build/Release-iphoneos/MetalSplatter.build/Objects-normal/arm64/MetalSplatter-OutputFileMap.json -use-frontend-parseable-output -save-temps -no-color-diagnostics -serialize-diagnostics -emit-dependencies -emit-module -emit-module-path /Users/runner/Library/Developer/Xcode/DerivedData/SplatNative-dwmjesbccinwnzhdvkeajvbyatnj/Build/Intermediates.noindex/MetalSplatter.build/Release-iphoneos/MetalSplatter.build/Objects-normal/arm64/MetalSplatter.swiftmodule -validate-clang-modules-once -clang-build-session-file /Users/runner/Library/Developer/Xcode/DerivedData/ModuleCache.noindex/Session.modulevalidation -package-name metalsplatter -Xcc -I/Users/runner/Library/Developer/Xcode/DerivedData/SplatNative-dwmjesbccinwnzhdvkeajvbyatnj/Build/Intermediates.noindex/MetalSplatter.build/Release-iphoneos/MetalSplatter.build/swift-overrides.hmap -emit-const-values -Xfrontend -const-gather-protocols-file -Xfrontend /Users/runner/Library/Developer/Xcode/DerivedData/SplatNative-dwmjesbccinwnzhdvkeajvbyatnj/Build/Intermediates.noindex/MetalSplatter.build/Release-iphoneos/MetalSplatter.build/Objects-normal/arm64/MetalSplatter_const_extract_protocols.json -Xcc -I/Users/runner/Library/Developer/Xcode/DerivedData/SplatNative-dwmjesbccinwnzhdvkeajvbyatnj/Build/Products/Release-iphoneos/include -Xcc -I/Users/runner/Library/Developer/Xcode/DerivedData/SplatNative-dwmjesbccinwnzhdvkeajvbyatnj/Build/Intermediates.noindex/MetalSplatter.build/Release-iphoneos/MetalSplatter.build/DerivedSources-normal/arm64 -Xcc -I/Users/runner/Library/Developer/Xcode/DerivedData/SplatNative-dwmjesbccinwnzhdvkeajvbyatnj/Build/Intermediates.noindex/MetalSplatter.build/Release-iphoneos/MetalSplatter.build/DerivedSources/arm64 -Xcc -I/Users/runner/Library/Developer/Xcode/DerivedData/SplatNative-dwmjesbccinwnzhdvkeajvbyatnj/Build/Intermediates.noindex/MetalSplatter.build/Release-iphoneos/MetalSplatter.build/DerivedSources -Xcc -DSWIFT_PACKAGE -emit-objc-header -emit-objc-header-path /Users/runner/Library/Developer/Xcode/DerivedData/SplatNative-dwmjesbccinwnzhdvkeajvbyatnj/Build/Intermediates.noindex/MetalSplatter.build/Release-iphoneos/MetalSplatter.build/Objects-normal/arm64/MetalSplatter-Swift.h -working-directory /Users/runner/work/ALLSUNDAY1122.github.io/ALLSUNDAY1122.github.io/splat-native-ios/SplatNative.xcodeproj -no-emit-module-separately-wmo

SwiftCompile normal arm64 Compiling\ resource_bundle_accessor.swift,\ EncodedSplatPoint.swift,\ MTLBufferPool.swift,\ MetalBuffer.swift,\ SplatChunk+sortByLocality.swift,\ SplatChunk.swift,\ SplatRenderer+Deprecated.swift,\ SplatRenderer.swift,\ SplatSorter.swift /Users/runner/Library/Developer/Xcode/DerivedData/SplatNative-dwmjesbccinwnzhdvkeajvbyatnj/Build/Intermediates.noindex/MetalSplatter.build/Release-iphoneos/MetalSplatter.build/DerivedSources/resource_bundle_accessor.swift /Users/runner/Library/Developer/Xcode/DerivedData/SplatNative-dwmjesbccinwnzhdvkeajvbyatnj/SourcePackages/checkouts/MetalSplatter/MetalSplatter/Sources/EncodedSplatPoint.swift /Users/runner/Library/Developer/Xcode/DerivedData/SplatNative-dwmjesbccinwnzhdvkeajvbyatnj/SourcePackages/checkouts/MetalSplatter/MetalSplatter/Sources/MTLBufferPool.swift /Users/runner/Library/Developer/Xcode/DerivedData/SplatNative-dwmjesbccinwnzhdvkeajvbyatnj/SourcePackages/checkouts/MetalSplatter/MetalSplatter/Sources/MetalBuffer.swift /Users/runner/Library/Developer/Xcode/DerivedData/SplatNative-dwmjesbccinwnzhdvkeajvbyatnj/SourcePackages/checkouts/MetalSplatter/MetalSplatter/Sources/SplatChunk+sortByLocality.swift /Users/runner/Library/Developer/Xcode/DerivedData/SplatNative-dwmjesbccinwnzhdvkeajvbyatnj/SourcePackages/checkouts/MetalSplatter/MetalSplatter/Sources/SplatChunk.swift /Users/runner/Library/Developer/Xcode/DerivedData/SplatNative-dwmjesbccinwnzhdvkeajvbyatnj/SourcePackages/checkouts/MetalSplatter/MetalSplatter/Sources/SplatRenderer+Deprecated.swift /Users/runner/Library/Developer/Xcode/DerivedData/SplatNative-dwmjesbccinwnzhdvkeajvbyatnj/SourcePackages/checkouts/MetalSplatter/MetalSplatter/Sources/SplatRenderer.swift /Users/runner/Library/Developer/Xcode/DerivedData/SplatNative-dwmjesbccinwnzhdvkeajvbyatnj/SourcePackages/checkouts/MetalSplatter/MetalSplatter/Sources/SplatSorter.swift (in target 'MetalSplatter' from project 'MetalSplatter')
CompileSwift normal arm64 (in target 'MetalSplatter' from project 'MetalSplatter')
    cd /Users/runner/work/ALLSUNDAY1122.github.io/ALLSUNDAY1122.github.io/splat-native-ios/SplatNative.xcodeproj
    

SwiftDriver\ Compilation MetalSplatter normal arm64 com.apple.xcode.tools.swift.compiler (in target 'MetalSplatter' from project 'MetalSplatter')
    cd /Users/runner/work/ALLSUNDAY1122.github.io/ALLSUNDAY1122.github.io/splat-native-ios/SplatNative.xcodeproj
    builtin-Swift-Compilation -- /Applications/Xcode_16.4.app/Contents/Developer/Toolchains/XcodeDefault.xctoolchain/usr/bin/swiftc -module-name MetalSplatter -O -whole-module-optimization -enforce-exclusivity\=checked @/Users/runner/Library/Developer/Xcode/DerivedData/SplatNative-dwmjesbccinwnzhdvkeajvbyatnj/Build/Intermediates.noindex/MetalSplatter.build/Release-iphoneos/MetalSplatter.build/Objects-normal/arm64/MetalSplatter.SwiftFileList -DSWIFT_PACKAGE -DXcode -plugin-path /Applications/Xcode_16.4.app/Contents/Developer/Toolchains/XcodeDefault.xctoolchain/usr/lib/swift/host/plugins/testing -enable-experimental-feature DebugDescriptionMacro -sdk /Applications/Xcode_16.4.app/Contents/Developer/Platforms/iPhoneOS.platform/Developer/SDKs/iPhoneOS18.5.sdk -target arm64-apple-ios18.0 -g -module-cache-path /Users/runner/Library/Developer/Xcode/DerivedData/ModuleCache.noindex -Xfrontend -serialize-debugging-options -suppress-warnings -swift-version 6 -I /Users/runner/Library/Developer/Xcode/DerivedData/SplatNative-dwmjesbccinwnzhdvkeajvbyatnj/Build/Products/Release-iphoneos -I /Applications/Xcode_16.4.app/Contents/Developer/Platforms/iPhoneOS.platform/Developer/usr/lib -F /Users/runner/Library/Developer/Xcode/DerivedData/SplatNative-dwmjesbccinwnzhdvkeajvbyatnj/Build/Products/Release-iphoneos/PackageFrameworks -F /Users/runner/Library/Developer/Xcode/DerivedData/SplatNative-dwmjesbccinwnzhdvkeajvbyatnj/Build/Products/Release-iphoneos/PackageFrameworks -F /Users/runner/Library/Developer/Xcode/DerivedData/SplatNative-dwmjesbccinwnzhdvkeajvbyatnj/Build/Products/Release-iphoneos/PackageFrameworks -F /Users/runner/Library/Developer/Xcode/DerivedData/SplatNative-dwmjesbccinwnzhdvkeajvbyatnj/Build/Products/Release-iphoneos -F /Applications/Xcode_16.4.app/Contents/Developer/Platforms/iPhoneOS.platform/Developer/Library/Frameworks -F /Applications/Xcode_16.4.app/Contents/Developer/Platforms/iPhoneOS.platform/Developer/SDKs/iPhoneOS18.5.sdk/Developer/Library/Frameworks -c -num-threads 3 -Xcc -ivfsstatcache -Xcc /Users/runner/Library/Developer/Xcode/DerivedData/SDKStatCaches.noindex/iphoneos18.5-22F76-a529daf784b3616c7c04a36aeb7f5c05.sdkstatcache -output-file-map /Users/runner/Library/Developer/Xcode/DerivedData/SplatNative-dwmjesbccinwnzhdvkeajvbyatnj/Build/Intermediates.noindex/MetalSplatter.build/Release-iphoneos/MetalSplatter.build/Objects-normal/arm64/MetalSplatter-OutputFileMap.json -use-frontend-parseable-output -save-temps -no-color-diagnostics -serialize-diagnostics -emit-dependencies -emit-module -emit-module-path /Users/runner/Library/Developer/Xcode/DerivedData/SplatNative-dwmjesbccinwnzhdvkeajvbyatnj/Build/Intermediates.noindex/MetalSplatter.build/Release-iphoneos/MetalSplatter.build/Objects-normal/arm64/MetalSplatter.swiftmodule -validate-clang-modules-once -clang-build-session-file /Users/runner/Library/Developer/Xcode/DerivedData/ModuleCache.noindex/Session.modulevalidation -package-name metalsplatter -Xcc -I/Users/runner/Library/Developer/Xcode/DerivedData/SplatNative-dwmjesbccinwnzhdvkeajvbyatnj/Build/Intermediates.noindex/MetalSplatter.build/Release-iphoneos/MetalSplatter.build/swift-overrides.hmap -emit-const-values -Xfrontend -const-gather-protocols-file -Xfrontend /Users/runner/Library/Developer/Xcode/DerivedData/SplatNative-dwmjesbccinwnzhdvkeajvbyatnj/Build/Intermediates.noindex/MetalSplatter.build/Release-iphoneos/MetalSplatter.build/Objects-normal/arm64/MetalSplatter_const_extract_protocols.json -Xcc -I/Users/runner/Library/Developer/Xcode/DerivedData/SplatNative-dwmjesbccinwnzhdvkeajvbyatnj/Build/Products/Release-iphoneos/include -Xcc -I/Users/runner/Library/Developer/Xcode/DerivedData/SplatNative-dwmjesbccinwnzhdvkeajvbyatnj/Build/Intermediates.noindex/MetalSplatter.build/Release-iphoneos/MetalSplatter.build/DerivedSources-normal/arm64 -Xcc -I/Users/runner/Library/Developer/Xcode/DerivedData/SplatNative-dwmjesbccinwnzhdvkeajvbyatnj/Build/Intermediates.noindex/MetalSplatter.build/Release-iphoneos/MetalSplatter.build/DerivedSources/arm64 -Xcc -I/Users/runner/Library/Developer/Xcode/DerivedData/SplatNative-dwmjesbccinwnzhdvkeajvbyatnj/Build/Intermediates.noindex/MetalSplatter.build/Release-iphoneos/MetalSplatter.build/DerivedSources -Xcc -DSWIFT_PACKAGE -emit-objc-header -emit-objc-header-path /Users/runner/Library/Developer/Xcode/DerivedData/SplatNative-dwmjesbccinwnzhdvkeajvbyatnj/Build/Intermediates.noindex/MetalSplatter.build/Release-iphoneos/MetalSplatter.build/Objects-normal/arm64/MetalSplatter-Swift.h -working-directory /Users/runner/work/ALLSUNDAY1122.github.io/ALLSUNDAY1122.github.io/splat-native-ios/SplatNative.xcodeproj -no-emit-module-separately-wmo

ExtractAppIntentsMetadata (in target 'SplatIO' from project 'MetalSplatter')
    cd /Users/runner/Library/Developer/Xcode/DerivedData/SplatNative-dwmjesbccinwnzhdvkeajvbyatnj/SourcePackages/checkouts/MetalSplatter
    /Applications/Xcode_16.4.app/Contents/Developer/Toolchains/XcodeDefault.xctoolchain/usr/bin/appintentsmetadataprocessor --toolchain-dir /Applications/Xcode_16.4.app/Contents/Developer/Toolchains/XcodeDefault.xctoolchain --module-name SplatIO --sdk-root /Applications/Xcode_16.4.app/Contents/Developer/Platforms/iPhoneOS.platform/Developer/SDKs/iPhoneOS18.5.sdk --xcode-version 16F6 --platform-family iOS --deployment-target 18.0 --bundle-identifier metalsplatter.SplatIO --output /Users/runner/Library/Developer/Xcode/DerivedData/SplatNative-dwmjesbccinwnzhdvkeajvbyatnj/Build/Products/Release-iphoneos/SplatIO.appintents --target-triple arm64-apple-ios18.0 --binary-file /Users/runner/Library/Developer/Xcode/DerivedData/SplatNative-dwmjesbccinwnzhdvkeajvbyatnj/Build/Products/Release-iphoneos/SplatIO.o --dependency-file /Users/runner/Library/Developer/Xcode/DerivedData/SplatNative-dwmjesbccinwnzhdvkeajvbyatnj/Build/Intermediates.noindex/MetalSplatter.build/Release-iphoneos/SplatIO.build/Objects-normal/arm64/SplatIO_dependency_info.dat --stringsdata-file /Users/runner/Library/Developer/Xcode/DerivedData/SplatNative-dwmjesbccinwnzhdvkeajvbyatnj/Build/Intermediates.noindex/MetalSplatter.build/Release-iphoneos/SplatIO.build/Objects-normal/arm64/ExtractedAppShortcutsMetadata.stringsdata --source-file-list /Users/runner/Library/Developer/Xcode/DerivedData/SplatNative-dwmjesbccinwnzhdvkeajvbyatnj/Build/Intermediates.noindex/MetalSplatter.build/Release-iphoneos/SplatIO.build/Objects-normal/arm64/SplatIO.SwiftFileList --metadata-file-list /Users/runner/Library/Developer/Xcode/DerivedData/SplatNative-dwmjesbccinwnzhdvkeajvbyatnj/Build/Intermediates.noindex/MetalSplatter.build/Release-iphoneos/SplatIO.build/SplatIO.DependencyMetadataFileList --static-metadata-file-list /Users/runner/Library/Developer/Xcode/DerivedData/SplatNative-dwmjesbccinwnzhdvkeajvbyatnj/Build/Intermediates.noindex/MetalSplatter.build/Release-iphoneos/SplatIO.build/SplatIO.DependencyStaticMetadataFileList --swift-const-vals-list /Users/runner/Library/Developer/Xcode/DerivedData/SplatNative-dwmjesbccinwnzhdvkeajvbyatnj/Build/Intermediates.noindex/MetalSplatter.build/Release-iphoneos/SplatIO.build/Objects-normal/arm64/SplatIO.SwiftConstValuesFileList --force --compile-time-extraction --deployment-aware-processing --validate-assistant-intents --no-app-shortcuts-localization
2026-09-16 08:12:32.896 appintentsmetadataprocessor[4205:15135] Starting appintentsmetadataprocessor export
2026-09-16 08:12:32.948 appintentsmetadataprocessor[4205:15135] Extracted no relevant App Intents symbols, skipping writing output

RegisterExecutionPolicyException /Users/runner/Library/Developer/Xcode/DerivedData/SplatNative-dwmjesbccinwnzhdvkeajvbyatnj/Build/Products/Release-iphoneos/SplatIO.o (in target 'SplatIO' from project 'MetalSplatter')
    cd /Users/runner/Library/Developer/Xcode/DerivedData/SplatNative-dwmjesbccinwnzhdvkeajvbyatnj/SourcePackages/checkouts/MetalSplatter
    builtin-RegisterExecutionPolicyException /Users/runner/Library/Developer/Xcode/DerivedData/SplatNative-dwmjesbccinwnzhdvkeajvbyatnj/Build/Products/Release-iphoneos/SplatIO.o

SwiftDriverJobDiscovery normal arm64 Compiling AnyClock.swift, ImmediateClock.swift, Lock.swift, _AsyncTimerSequence.swift, SwiftUI.swift, TestClock.swift, Timer.swift, UnimplementedClock.swift (in target 'Clocks' from project 'swift-clocks')

SwiftDriver\ Compilation\ Requirements Clocks normal arm64 com.apple.xcode.tools.swift.compiler (in target 'Clocks' from project 'swift-clocks')
    cd /Users/runner/work/ALLSUNDAY1122.github.io/ALLSUNDAY1122.github.io/splat-native-ios/SplatNative.xcodeproj
    builtin-Swift-Compilation-Requirements -- /Applications/Xcode_16.4.app/Contents/Developer/Toolchains/XcodeDefault.xctoolchain/usr/bin/swiftc -module-name Clocks -O -whole-module-optimization -enforce-exclusivity\=checked @/Users/runner/Library/Developer/Xcode/DerivedData/SplatNative-dwmjesbccinwnzhdvkeajvbyatnj/Build/Intermediates.noindex/swift-clocks.build/Release-iphoneos/Clocks.build/Objects-normal/arm64/Clocks.SwiftFileList -DSWIFT_PACKAGE -DXcode -enable-upcoming-feature ExistentialAny -enable-upcoming-feature ImmutableWeakCaptures -enable-upcoming-feature InferIsolatedConformances -enable-upcoming-feature InternalImportsByDefault -enable-upcoming-feature MemberImportVisibility -enable-upcoming-feature NonisolatedNonsendingByDefault -plugin-path /Applications/Xcode_16.4.app/Contents/Developer/Toolchains/XcodeDefault.xctoolchain/usr/lib/swift/host/plugins/testing -enable-experimental-feature DebugDescriptionMacro -sdk /Applications/Xcode_16.4.app/Contents/Developer/Platforms/iPhoneOS.platform/Developer/SDKs/iPhoneOS18.5.sdk -target arm64-apple-ios13.0 -g -module-cache-path /Users/runner/Library/Developer/Xcode/DerivedData/ModuleCache.noindex -Xfrontend -serialize-debugging-options -suppress-warnings -swift-version 6 -I /Users/runner/Library/Developer/Xcode/DerivedData/SplatNative-dwmjesbccinwnzhdvkeajvbyatnj/Build/Products/Release-iphoneos -I /Applications/Xcode_16.4.app/Contents/Developer/Platforms/iPhoneOS.platform/Developer/usr/lib -F /Users/runner/Library/Developer/Xcode/DerivedData/SplatNative-dwmjesbccinwnzhdvkeajvbyatnj/Build/Products/Release-iphoneos/PackageFrameworks -F /Users/runner/Library/Developer/Xcode/DerivedData/SplatNative-dwmjesbccinwnzhdvkeajvbyatnj/Build/Products/Release-iphoneos/PackageFrameworks -F /Users/runner/Library/Developer/Xcode/DerivedData/SplatNative-dwmjesbccinwnzhdvkeajvbyatnj/Build/Products/Release-iphoneos -F /Applications/Xcode_16.4.app/Contents/Developer/Platforms/iPhoneOS.platform/Developer/Library/Frameworks -F /Applications/Xcode_16.4.app/Contents/Developer/Platforms/iPhoneOS.platform/Developer/SDKs/iPhoneOS18.5.sdk/Developer/Library/Frameworks -c -num-threads 3 -Xcc -ivfsstatcache -Xcc /Users/runner/Library/Developer/Xcode/DerivedData/SDKStatCaches.noindex/iphoneos18.5-22F76-a529daf784b3616c7c04a36aeb7f5c05.sdkstatcache -output-file-map /Users/runner/Library/Developer/Xcode/DerivedData/SplatNative-dwmjesbccinwnzhdvkeajvbyatnj/Build/Intermediates.noindex/swift-clocks.build/Release-iphoneos/Clocks.build/Objects-normal/arm64/Clocks-OutputFileMap.json -use-frontend-parseable-output -save-temps -no-color-diagnostics -serialize-diagnostics -emit-dependencies -emit-module -emit-module-path /Users/runner/Library/Developer/Xcode/DerivedData/SplatNative-dwmjesbccinwnzhdvkeajvbyatnj/Build/Intermediates.noindex/swift-clocks.build/Release-iphoneos/Clocks.build/Objects-normal/arm64/Clocks.swiftmodule -user-module-version 1.1.1 -validate-clang-modules-once -clang-build-session-file /Users/runner/Library/Developer/Xcode/DerivedData/ModuleCache.noindex/Session.modulevalidation -package-name swift_clocks -Xcc -I/Users/runner/Library/Developer/Xcode/DerivedData/SplatNative-dwmjesbccinwnzhdvkeajvbyatnj/Build/Intermediates.noindex/swift-clocks.build/Release-iphoneos/Clocks.build/swift-overrides.hmap -emit-const-values -Xfrontend -const-gather-protocols-file -Xfrontend /Users/runner/Library/Developer/Xcode/DerivedData/SplatNative-dwmjesbccinwnzhdvkeajvbyatnj/Build/Intermediates.noindex/swift-clocks.build/Release-iphoneos/Clocks.build/Objects-normal/arm64/Clocks_const_extract_protocols.json -Xcc -I/Users/runner/Library/Developer/Xcode/DerivedData/SplatNative-dwmjesbccinwnzhdvkeajvbyatnj/Build/Products/Release-iphoneos/include -Xcc -I/Users/runner/Library/Developer/Xcode/DerivedData/SplatNative-dwmjesbccinwnzhdvkeajvbyatnj/Build/Intermediates.noindex/swift-clocks.build/Release-iphoneos/Clocks.build/DerivedSources-normal/arm64 -Xcc -I/Users/runner/Library/Developer/Xcode/DerivedData/SplatNative-dwmjesbccinwnzhdvkeajvbyatnj/Build/Intermediates.noindex/swift-clocks.build/Release-iphoneos/Clocks.build/DerivedSources/arm64 -Xcc -I/Users/runner/Library/Developer/Xcode/DerivedData/SplatNative-dwmjesbccinwnzhdvkeajvbyatnj/Build/Intermediates.noindex/swift-clocks.build/Release-iphoneos/Clocks.build/DerivedSources -Xcc -DSWIFT_PACKAGE -emit-objc-header -emit-objc-header-path /Users/runner/Library/Developer/Xcode/DerivedData/SplatNative-dwmjesbccinwnzhdvkeajvbyatnj/Build/Intermediates.noindex/swift-clocks.build/Release-iphoneos/Clocks.build/Objects-normal/arm64/Clocks-Swift.h -working-directory /Users/runner/work/ALLSUNDAY1122.github.io/ALLSUNDAY1122.github.io/splat-native-ios/SplatNative.xcodeproj -no-emit-module-separately-wmo

SwiftMergeGeneratedHeaders /Users/runner/Library/Developer/Xcode/DerivedData/SplatNative-dwmjesbccinwnzhdvkeajvbyatnj/Build/Intermediates.noindex/GeneratedModuleMaps-iphoneos/Clocks-Swift.h /Users/runner/Library/Developer/Xcode/DerivedData/SplatNative-dwmjesbccinwnzhdvkeajvbyatnj/Build/Intermediates.noindex/swift-clocks.build/Release-iphoneos/Clocks.build/Objects-normal/arm64/Clocks-Swift.h (in target 'Clocks' from project 'swift-clocks')
    cd /Users/runner/Library/Developer/Xcode/DerivedData/SplatNative-dwmjesbccinwnzhdvkeajvbyatnj/SourcePackages/checkouts/swift-clocks
    builtin-swiftHeaderTool -arch arm64 /Users/runner/Library/Developer/Xcode/DerivedData/SplatNative-dwmjesbccinwnzhdvkeajvbyatnj/Build/Intermediates.noindex/swift-clocks.build/Release-iphoneos/Clocks.build/Objects-normal/arm64/Clocks-Swift.h -o /Users/runner/Library/Developer/Xcode/DerivedData/SplatNative-dwmjesbccinwnzhdvkeajvbyatnj/Build/Intermediates.noindex/GeneratedModuleMaps-iphoneos/Clocks-Swift.h

Copy /Users/runner/Library/Developer/Xcode/DerivedData/SplatNative-dwmjesbccinwnzhdvkeajvbyatnj/Build/Products/Release-iphoneos/Clocks.swiftmodule/arm64-apple-ios.swiftmodule /Users/runner/Library/Developer/Xcode/DerivedData/SplatNative-dwmjesbccinwnzhdvkeajvbyatnj/Build/Intermediates.noindex/swift-clocks.build/Release-iphoneos/Clocks.build/Objects-normal/arm64/Clocks.swiftmodule (in target 'Clocks' from project 'swift-clocks')
    cd /Users/runner/Library/Developer/Xcode/DerivedData/SplatNative-dwmjesbccinwnzhdvkeajvbyatnj/SourcePackages/checkouts/swift-clocks
    builtin-copy -exclude .DS_Store -exclude CVS -exclude .svn -exclude .git -exclude .hg -strip-unsigned-binaries -strip-deterministic -strip-tool /Applications/Xcode_16.4.app/Contents/Developer/Toolchains/XcodeDefault.xctoolchain/usr/bin/strip -resolve-src-symlinks -rename /Users/runner/Library/Developer/Xcode/DerivedData/SplatNative-dwmjesbccinwnzhdvkeajvbyatnj/Build/Intermediates.noindex/swift-clocks.build/Release-iphoneos/Clocks.build/Objects-normal/arm64/Clocks.swiftmodule /Users/runner/Library/Developer/Xcode/DerivedData/SplatNative-dwmjesbccinwnzhdvkeajvbyatnj/Build/Products/Release-iphoneos/Clocks.swiftmodule/arm64-apple-ios.swiftmodule

Copy /Users/runner/Library/Developer/Xcode/DerivedData/SplatNative-dwmjesbccinwnzhdvkeajvbyatnj/Build/Products/Release-iphoneos/Clocks.swiftmodule/arm64-apple-ios.swiftdoc /Users/runner/Library/Developer/Xcode/DerivedData/SplatNative-dwmjesbccinwnzhdvkeajvbyatnj/Build/Intermediates.noindex/swift-clocks.build/Release-iphoneos/Clocks.build/Objects-normal/arm64/Clocks.swiftdoc (in target 'Clocks' from project 'swift-clocks')
    cd /Users/runner/Library/Developer/Xcode/DerivedData/SplatNative-dwmjesbccinwnzhdvkeajvbyatnj/SourcePackages/checkouts/swift-clocks
    builtin-copy -exclude .DS_Store -exclude CVS -exclude .svn -exclude .git -exclude .hg -strip-unsigned-binaries -strip-deterministic -strip-tool /Applications/Xcode_16.4.app/Contents/Developer/Toolchains/XcodeDefault.xctoolchain/usr/bin/strip -resolve-src-symlinks -rename /Users/runner/Library/Developer/Xcode/DerivedData/SplatNative-dwmjesbccinwnzhdvkeajvbyatnj/Build/Intermediates.noindex/swift-clocks.build/Release-iphoneos/Clocks.build/Objects-normal/arm64/Clocks.swiftdoc /Users/runner/Library/Developer/Xcode/DerivedData/SplatNative-dwmjesbccinwnzhdvkeajvbyatnj/Build/Products/Release-iphoneos/Clocks.swiftmodule/arm64-apple-ios.swiftdoc

Copy /Users/runner/Library/Developer/Xcode/DerivedData/SplatNative-dwmjesbccinwnzhdvkeajvbyatnj/Build/Products/Release-iphoneos/Clocks.swiftmodule/arm64-apple-ios.abi.json /Users/runner/Library/Developer/Xcode/DerivedData/SplatNative-dwmjesbccinwnzhdvkeajvbyatnj/Build/Intermediates.noindex/swift-clocks.build/Release-iphoneos/Clocks.build/Objects-normal/arm64/Clocks.abi.json (in target 'Clocks' from project 'swift-clocks')
    cd /Users/runner/Library/Developer/Xcode/DerivedData/SplatNative-dwmjesbccinwnzhdvkeajvbyatnj/SourcePackages/checkouts/swift-clocks
    builtin-copy -exclude .DS_Store -exclude CVS -exclude .svn -exclude .git -exclude .hg -strip-unsigned-binaries -strip-deterministic -strip-tool /Applications/Xcode_16.4.app/Contents/Developer/Toolchains/XcodeDefault.xctoolchain/usr/bin/strip -resolve-src-symlinks -rename /Users/runner/Library/Developer/Xcode/DerivedData/SplatNative-dwmjesbccinwnzhdvkeajvbyatnj/Build/Intermediates.noindex/swift-clocks.build/Release-iphoneos/Clocks.build/Objects-normal/arm64/Clocks.abi.json /Users/runner/Library/Developer/Xcode/DerivedData/SplatNative-dwmjesbccinwnzhdvkeajvbyatnj/Build/Products/Release-iphoneos/Clocks.swiftmodule/arm64-apple-ios.abi.json

Copy /Users/runner/Library/Developer/Xcode/DerivedData/SplatNative-dwmjesbccinwnzhdvkeajvbyatnj/Build/Products/Release-iphoneos/Clocks.swiftmodule/Project/arm64-apple-ios.swiftsourceinfo /Users/runner/Library/Developer/Xcode/DerivedData/SplatNative-dwmjesbccinwnzhdvkeajvbyatnj/Build/Intermediates.noindex/swift-clocks.build/Release-iphoneos/Clocks.build/Objects-normal/arm64/Clocks.swiftsourceinfo (in target 'Clocks' from project 'swift-clocks')
    cd /Users/runner/Library/Developer/Xcode/DerivedData/SplatNative-dwmjesbccinwnzhdvkeajvbyatnj/SourcePackages/checkouts/swift-clocks
    builtin-copy -exclude .DS_Store -exclude CVS -exclude .svn -exclude .git -exclude .hg -strip-unsigned-binaries -strip-deterministic -strip-tool /Applications/Xcode_16.4.app/Contents/Developer/Toolchains/XcodeDefault.xctoolchain/usr/bin/strip -resolve-src-symlinks -rename /Users/runner/Library/Developer/Xcode/DerivedData/SplatNative-dwmjesbccinwnzhdvkeajvbyatnj/Build/Intermediates.noindex/swift-clocks.build/Release-iphoneos/Clocks.build/Objects-normal/arm64/Clocks.swiftsourceinfo /Users/runner/Library/Developer/Xcode/DerivedData/SplatNative-dwmjesbccinwnzhdvkeajvbyatnj/Build/Products/Release-iphoneos/Clocks.swiftmodule/Project/arm64-apple-ios.swiftsourceinfo

Ld /Users/runner/Library/Developer/Xcode/DerivedData/SplatNative-dwmjesbccinwnzhdvkeajvbyatnj/Build/Products/Release-iphoneos/Clocks.o normal (in target 'Clocks' from project 'swift-clocks')
    cd /Users/runner/Library/Developer/Xcode/DerivedData/SplatNative-dwmjesbccinwnzhdvkeajvbyatnj/SourcePackages/checkouts/swift-clocks
    /Applications/Xcode_16.4.app/Contents/Developer/Toolchains/XcodeDefault.xctoolchain/usr/bin/clang -Xlinker -reproducible -target arm64-apple-ios13.0 -r -isysroot /Applications/Xcode_16.4.app/Contents/Developer/Platforms/iPhoneOS.platform/Developer/SDKs/iPhoneOS18.5.sdk -Os -w -L/Users/runner/Library/Developer/Xcode/DerivedData/SplatNative-dwmjesbccinwnzhdvkeajvbyatnj/Build/Intermediates.noindex/EagerLinkingTBDs/Release-iphoneos -L/Users/runner/Library/Developer/Xcode/DerivedData/SplatNative-dwmjesbccinwnzhdvkeajvbyatnj/Build/Products/Release-iphoneos -L/Applications/Xcode_16.4.app/Contents/Developer/Platforms/iPhoneOS.platform/Developer/usr/lib -F/Users/runner/Library/Developer/Xcode/DerivedData/SplatNative-dwmjesbccinwnzhdvkeajvbyatnj/Build/Intermediates.noindex/EagerLinkingTBDs/Release-iphoneos -F/Users/runner/Library/Developer/Xcode/DerivedData/SplatNative-dwmjesbccinwnzhdvkeajvbyatnj/Build/Products/Release-iphoneos/PackageFrameworks -F/Users/runner/Library/Developer/Xcode/DerivedData/SplatNative-dwmjesbccinwnzhdvkeajvbyatnj/Build/Products/Release-iphoneos/PackageFrameworks -F/Users/runner/Library/Developer/Xcode/DerivedData/SplatNative-dwmjesbccinwnzhdvkeajvbyatnj/Build/Products/Release-iphoneos -iframework /Applications/Xcode_16.4.app/Contents/Developer/Platforms/iPhoneOS.platform/Developer/Library/Frameworks -iframework /Applications/Xcode_16.4.app/Contents/Developer/Platforms/iPhoneOS.platform/Developer/SDKs/iPhoneOS18.5.sdk/Developer/Library/Frameworks -filelist /Users/runner/Library/Developer/Xcode/DerivedData/SplatNative-dwmjesbccinwnzhdvkeajvbyatnj/Build/Intermediates.noindex/swift-clocks.build/Release-iphoneos/Clocks.build/Objects-normal/arm64/Clocks.LinkFileList -nostdlib -Xlinker -object_path_lto -Xlinker /Users/runner/Library/Developer/Xcode/DerivedData/SplatNative-dwmjesbccinwnzhdvkeajvbyatnj/Build/Intermediates.noindex/swift-clocks.build/Release-iphoneos/Clocks.build/Objects-normal/arm64/Clocks_lto.o -Xlinker -dependency_info -Xlinker /Users/runner/Library/Developer/Xcode/DerivedData/SplatNative-dwmjesbccinwnzhdvkeajvbyatnj/Build/Intermediates.noindex/swift-clocks.build/Release-iphoneos/Clocks.build/Objects-normal/arm64/Clocks_dependency_info.dat -fobjc-link-runtime -L/Applications/Xcode_16.4.app/Contents/Developer/Toolchains/XcodeDefault.xctoolchain/usr/lib/swift/iphoneos -L/usr/lib/swift -Xlinker -add_ast_path -Xlinker /Users/runner/Library/Developer/Xcode/DerivedData/SplatNative-dwmjesbccinwnzhdvkeajvbyatnj/Build/Intermediates.noindex/swift-clocks.build/Release-iphoneos/Clocks.build/Objects-normal/arm64/Clocks.swiftmodule -o /Users/runner/Library/Developer/Xcode/DerivedData/SplatNative-dwmjesbccinwnzhdvkeajvbyatnj/Build/Products/Release-iphoneos/Clocks.o

SwiftDriver Helpers normal arm64 com.apple.xcode.tools.swift.compiler (in target 'Helpers' from project 'Supabase')
    cd /Users/runner/work/ALLSUNDAY1122.github.io/ALLSUNDAY1122.github.io/splat-native-ios/SplatNative.xcodeproj
    builtin-SwiftDriver -- /Applications/Xcode_16.4.app/Contents/Developer/Toolchains/XcodeDefault.xctoolchain/usr/bin/swiftc -module-name Helpers -O -whole-module-optimization -enforce-exclusivity\=checked @/Users/runner/Library/Developer/Xcode/DerivedData/SplatNative-dwmjesbccinwnzhdvkeajvbyatnj/Build/Intermediates.noindex/Supabase.build/Release-iphoneos/Helpers.build/Objects-normal/arm64/Helpers.SwiftFileList -DSWIFT_PACKAGE -DXcode -enable-upcoming-feature ExistentialAny -enable-upcoming-feature ImmutableWeakCaptures -enable-upcoming-feature InferIsolatedConformances -enable-upcoming-feature InternalImportsByDefault -enable-upcoming-feature MemberImportVisibility -plugin-path /Applications/Xcode_16.4.app/Contents/Developer/Toolchains/XcodeDefault.xctoolchain/usr/lib/swift/host/plugins/testing -enable-experimental-feature DebugDescriptionMacro -sdk /Applications/Xcode_16.4.app/Contents/Developer/Platforms/iPhoneOS.platform/Developer/SDKs/iPhoneOS18.5.sdk -target arm64-apple-ios16.0 -g -module-cache-path /Users/runner/Library/Developer/Xcode/DerivedData/ModuleCache.noindex -Xfrontend -serialize-debugging-options -suppress-warnings -swift-version 6 -I /Users/runner/Library/Developer/Xcode/DerivedData/SplatNative-dwmjesbccinwnzhdvkeajvbyatnj/Build/Products/Release-iphoneos -I /Applications/Xcode_16.4.app/Contents/Developer/Platforms/iPhoneOS.platform/Developer/usr/lib -F /Users/runner/Library/Developer/Xcode/DerivedData/SplatNative-dwmjesbccinwnzhdvkeajvbyatnj/Build/Products/Release-iphoneos/PackageFrameworks -F /Users/runner/Library/Developer/Xcode/DerivedData/SplatNative-dwmjesbccinwnzhdvkeajvbyatnj/Build/Products/Release-iphoneos/PackageFrameworks -F /Users/runner/Library/Developer/Xcode/DerivedData/SplatNative-dwmjesbccinwnzhdvkeajvbyatnj/Build/Products/Release-iphoneos/PackageFrameworks -F /Users/runner/Library/Developer/Xcode/DerivedData/SplatNative-dwmjesbccinwnzhdvkeajvbyatnj/Build/Products/Release-iphoneos/PackageFrameworks -F /Users/runner/Library/Developer/Xcode/DerivedData/SplatNative-dwmjesbccinwnzhdvkeajvbyatnj/Build/Products/Release-iphoneos/PackageFrameworks -F /Users/runner/Library/Developer/Xcode/DerivedData/SplatNative-dwmjesbccinwnzhdvkeajvbyatnj/Build/Products/Release-iphoneos -F /Applications/Xcode_16.4.app/Contents/Developer/Platforms/iPhoneOS.platform/Developer/Library/Frameworks -F /Applications/Xcode_16.4.app/Contents/Developer/Platforms/iPhoneOS.platform/Developer/SDKs/iPhoneOS18.5.sdk/Developer/Library/Frameworks -c -num-threads 3 -Xcc -ivfsstatcache -Xcc /Users/runner/Library/Developer/Xcode/DerivedData/SDKStatCaches.noindex/iphoneos18.5-22F76-a529daf784b3616c7c04a36aeb7f5c05.sdkstatcache -output-file-map /Users/runner/Library/Developer/Xcode/DerivedData/SplatNative-dwmjesbccinwnzhdvkeajvbyatnj/Build/Intermediates.noindex/Supabase.build/Release-iphoneos/Helpers.build/Objects-normal/arm64/Helpers-OutputFileMap.json -use-frontend-parseable-output -save-temps -no-color-diagnostics -serialize-diagnostics -emit-dependencies -emit-module -emit-module-path /Users/runner/Library/Developer/Xcode/DerivedData/SplatNative-dwmjesbccinwnzhdvkeajvbyatnj/Build/Intermediates.noindex/Supabase.build/Release-iphoneos/Helpers.build/Objects-normal/arm64/Helpers.swiftmodule -validate-clang-modules-once -clang-build-session-file /Users/runner/Library/Developer/Xcode/DerivedData/ModuleCache.noindex/Session.modulevalidation -package-name supabase_swift -Xcc -I/Users/runner/Library/Developer/Xcode/DerivedData/SplatNative-dwmjesbccinwnzhdvkeajvbyatnj/Build/Intermediates.noindex/Supabase.build/Release-iphoneos/Helpers.build/swift-overrides.hmap -emit-const-values -Xfrontend -const-gather-protocols-file -Xfrontend /Users/runner/Library/Developer/Xcode/DerivedData/SplatNative-dwmjesbccinwnzhdvkeajvbyatnj/Build/Intermediates.noindex/Supabase.build/Release-iphoneos/Helpers.build/Objects-normal/arm64/Helpers_const_extract_protocols.json -Xcc -I/Users/runner/Library/Developer/Xcode/DerivedData/SplatNative-dwmjesbccinwnzhdvkeajvbyatnj/Build/Products/Release-iphoneos/include -Xcc -I/Users/runner/Library/Developer/Xcode/DerivedData/SplatNative-dwmjesbccinwnzhdvkeajvbyatnj/Build/Intermediates.noindex/Supabase.build/Release-iphoneos/Helpers.build/DerivedSources-normal/arm64 -Xcc -I/Users/runner/Library/Developer/Xcode/DerivedData/SplatNative-dwmjesbccinwnzhdvkeajvbyatnj/Build/Intermediates.noindex/Supabase.build/Release-iphoneos/Helpers.build/DerivedSources/arm64 -Xcc -I/Users/runner/Library/Developer/Xcode/DerivedData/SplatNative-dwmjesbccinwnzhdvkeajvbyatnj/Build/Intermediates.noindex/Supabase.build/Release-iphoneos/Helpers.build/DerivedSources -Xcc -DSWIFT_PACKAGE -emit-objc-header -emit-objc-header-path /Users/runner/Library/Developer/Xcode/DerivedData/SplatNative-dwmjesbccinwnzhdvkeajvbyatnj/Build/Intermediates.noindex/Supabase.build/Release-iphoneos/Helpers.build/Objects-normal/arm64/Helpers-Swift.h -working-directory /Users/runner/work/ALLSUNDAY1122.github.io/ALLSUNDAY1122.github.io/splat-native-ios/SplatNative.xcodeproj -no-emit-module-separately-wmo

SwiftCompile normal arm64 Compiling\ APIKeyFormat.swift,\ AnyJSON+Codable.swift,\ AnyJSON.swift,\ Base64URL.swift,\ Codable.swift,\ DateFormatter.swift,\ EventEmitter.swift,\ FoundationExtensions.swift,\ HTTPClient.swift,\ HTTPFields.swift,\ HTTPRequest.swift,\ HTTPResponse.swift,\ LoggerInterceptor.swift,\ RetryRequestInterceptor.swift,\ JWT.swift,\ OSLogSupabaseLogger.swift,\ SupabaseLogger.swift,\ PostgRESTFilterValue.swift,\ HTTPError.swift,\ PostgrestError.swift,\ Task+withTimeout.swift,\ TaskLocalHelpers.swift,\ Version.swift /Users/runner/Library/Developer/Xcode/DerivedData/SplatNative-dwmjesbccinwnzhdvkeajvbyatnj/SourcePackages/checkouts/supabase-swift/Sources/Helpers/APIKeyFormat.swift /Users/runner/Library/Developer/Xcode/DerivedData/SplatNative-dwmjesbccinwnzhdvkeajvbyatnj/SourcePackages/checkouts/supabase-swift/Sources/Helpers/AnyJSON/AnyJSON+Codable.swift /Users/runner/Library/Developer/Xcode/DerivedData/SplatNative-dwmjesbccinwnzhdvkeajvbyatnj/SourcePackages/checkouts/supabase-swift/Sources/Helpers/AnyJSON/AnyJSON.swift /Users/runner/Library/Developer/Xcode/DerivedData/SplatNative-dwmjesbccinwnzhdvkeajvbyatnj/SourcePackages/checkouts/supabase-swift/Sources/Helpers/Base64URL.swift /Users/runner/Library/Developer/Xcode/DerivedData/SplatNative-dwmjesbccinwnzhdvkeajvbyatnj/SourcePackages/checkouts/supabase-swift/Sources/Helpers/Codable.swift /Users/runner/Library/Developer/Xcode/DerivedData/SplatNative-dwmjesbccinwnzhdvkeajvbyatnj/SourcePackages/checkouts/supabase-swift/Sources/Helpers/DateFormatter.swift /Users/runner/Library/Developer/Xcode/DerivedData/SplatNative-dwmjesbccinwnzhdvkeajvbyatnj/SourcePackages/checkouts/supabase-swift/Sources/Helpers/EventEmitter.swift /Users/runner/Library/Developer/Xcode/DerivedData/SplatNative-dwmjesbccinwnzhdvkeajvbyatnj/SourcePackages/checkouts/supabase-swift/Sources/Helpers/FoundationExtensions.swift /Users/runner/Library/Developer/Xcode/DerivedData/SplatNative-dwmjesbccinwnzhdvkeajvbyatnj/SourcePackages/checkouts/supabase-swift/Sources/Helpers/HTTP/HTTPClient.swift /Users/runner/Library/Developer/Xcode/DerivedData/SplatNative-dwmjesbccinwnzhdvkeajvbyatnj/SourcePackages/checkouts/supabase-swift/Sources/Helpers/HTTP/HTTPFields.swift /Users/runner/Library/Developer/Xcode/DerivedData/SplatNative-dwmjesbccinwnzhdvkeajvbyatnj/SourcePackages/checkouts/supabase-swift/Sources/Helpers/HTTP/HTTPRequest.swift /Users/runner/Library/Developer/Xcode/DerivedData/SplatNative-dwmjesbccinwnzhdvkeajvbyatnj/SourcePackages/checkouts/supabase-swift/Sources/Helpers/HTTP/HTTPResponse.swift /Users/runner/Library/Developer/Xcode/DerivedData/SplatNative-dwmjesbccinwnzhdvkeajvbyatnj/SourcePackages/checkouts/supabase-swift/Sources/Helpers/HTTP/LoggerInterceptor.swift /Users/runner/Library/Developer/Xcode/DerivedData/SplatNative-dwmjesbccinwnzhdvkeajvbyatnj/SourcePackages/checkouts/supabase-swift/Sources/Helpers/HTTP/RetryRequestInterceptor.swift /Users/runner/Library/Developer/Xcode/DerivedData/SplatNative-dwmjesbccinwnzhdvkeajvbyatnj/SourcePackages/checkouts/supabase-swift/Sources/Helpers/JWT.swift /Users/runner/Library/Developer/Xcode/DerivedData/SplatNative-dwmjesbccinwnzhdvkeajvbyatnj/SourcePackages/checkouts/supabase-swift/Sources/Helpers/Logger/OSLogSupabaseLogger.swift /Users/runner/Library/Developer/Xcode/DerivedData/SplatNative-dwmjesbccinwnzhdvkeajvbyatnj/SourcePackages/checkouts/supabase-swift/Sources/Helpers/Logger/SupabaseLogger.swift /Users/runner/Library/Developer/Xcode/DerivedData/SplatNative-dwmjesbccinwnzhdvkeajvbyatnj/SourcePackages/checkouts/supabase-swift/Sources/Helpers/PostgRESTFilterValue.swift /Users/runner/Library/Developer/Xcode/DerivedData/SplatNative-dwmjesbccinwnzhdvkeajvbyatnj/SourcePackages/checkouts/supabase-swift/Sources/Helpers/SharedModels/HTTPError.swift /Users/runner/Library/Developer/Xcode/DerivedData/SplatNative-dwmjesbccinwnzhdvkeajvbyatnj/SourcePackages/checkouts/supabase-swift/Sources/Helpers/SharedModels/PostgrestError.swift /Users/runner/Library/Developer/Xcode/DerivedData/SplatNative-dwmjesbccinwnzhdvkeajvbyatnj/SourcePackages/checkouts/supabase-swift/Sources/Helpers/Task+withTimeout.swift /Users/runner/Library/Developer/Xcode/DerivedData/SplatNative-dwmjesbccinwnzhdvkeajvbyatnj/SourcePackages/checkouts/supabase-swift/Sources/Helpers/TaskLocalHelpers.swift /Users/runner/Library/Developer/Xcode/DerivedData/SplatNative-dwmjesbccinwnzhdvkeajvbyatnj/SourcePackages/checkouts/supabase-swift/Sources/Helpers/Version.swift (in target 'Helpers' from project 'Supabase')
CompileSwift normal arm64 (in target 'Helpers' from project 'Supabase')
    cd /Users/runner/work/ALLSUNDAY1122.github.io/ALLSUNDAY1122.github.io/splat-native-ios/SplatNative.xcodeproj
    

SwiftDriver\ Compilation Helpers normal arm64 com.apple.xcode.tools.swift.compiler (in target 'Helpers' from project 'Supabase')
    cd /Users/runner/work/ALLSUNDAY1122.github.io/ALLSUNDAY1122.github.io/splat-native-ios/SplatNative.xcodeproj
    builtin-Swift-Compilation -- /Applications/Xcode_16.4.app/Contents/Developer/Toolchains/XcodeDefault.xctoolchain/usr/bin/swiftc -module-name Helpers -O -whole-module-optimization -enforce-exclusivity\=checked @/Users/runner/Library/Developer/Xcode/DerivedData/SplatNative-dwmjesbccinwnzhdvkeajvbyatnj/Build/Intermediates.noindex/Supabase.build/Release-iphoneos/Helpers.build/Objects-normal/arm64/Helpers.SwiftFileList -DSWIFT_PACKAGE -DXcode -enable-upcoming-feature ExistentialAny -enable-upcoming-feature ImmutableWeakCaptures -enable-upcoming-feature InferIsolatedConformances -enable-upcoming-feature InternalImportsByDefault -enable-upcoming-feature MemberImportVisibility -plugin-path /Applications/Xcode_16.4.app/Contents/Developer/Toolchains/XcodeDefault.xctoolchain/usr/lib/swift/host/plugins/testing -enable-experimental-feature DebugDescriptionMacro -sdk /Applications/Xcode_16.4.app/Contents/Developer/Platforms/iPhoneOS.platform/Developer/SDKs/iPhoneOS18.5.sdk -target arm64-apple-ios16.0 -g -module-cache-path /Users/runner/Library/Developer/Xcode/DerivedData/ModuleCache.noindex -Xfrontend -serialize-debugging-options -suppress-warnings -swift-version 6 -I /Users/runner/Library/Developer/Xcode/DerivedData/SplatNative-dwmjesbccinwnzhdvkeajvbyatnj/Build/Products/Release-iphoneos -I /Applications/Xcode_16.4.app/Contents/Developer/Platforms/iPhoneOS.platform/Developer/usr/lib -F /Users/runner/Library/Developer/Xcode/DerivedData/SplatNative-dwmjesbccinwnzhdvkeajvbyatnj/Build/Products/Release-iphoneos/PackageFrameworks -F /Users/runner/Library/Developer/Xcode/DerivedData/SplatNative-dwmjesbccinwnzhdvkeajvbyatnj/Build/Products/Release-iphoneos/PackageFrameworks -F /Users/runner/Library/Developer/Xcode/DerivedData/SplatNative-dwmjesbccinwnzhdvkeajvbyatnj/Build/Products/Release-iphoneos/PackageFrameworks -F /Users/runner/Library/Developer/Xcode/DerivedData/SplatNative-dwmjesbccinwnzhdvkeajvbyatnj/Build/Products/Release-iphoneos/PackageFrameworks -F /Users/runner/Library/Developer/Xcode/DerivedData/SplatNative-dwmjesbccinwnzhdvkeajvbyatnj/Build/Products/Release-iphoneos/PackageFrameworks -F /Users/runner/Library/Developer/Xcode/DerivedData/SplatNative-dwmjesbccinwnzhdvkeajvbyatnj/Build/Products/Release-iphoneos -F /Applications/Xcode_16.4.app/Contents/Developer/Platforms/iPhoneOS.platform/Developer/Library/Frameworks -F /Applications/Xcode_16.4.app/Contents/Developer/Platforms/iPhoneOS.platform/Developer/SDKs/iPhoneOS18.5.sdk/Developer/Library/Frameworks -c -num-threads 3 -Xcc -ivfsstatcache -Xcc /Users/runner/Library/Developer/Xcode/DerivedData/SDKStatCaches.noindex/iphoneos18.5-22F76-a529daf784b3616c7c04a36aeb7f5c05.sdkstatcache -output-file-map /Users/runner/Library/Developer/Xcode/DerivedData/SplatNative-dwmjesbccinwnzhdvkeajvbyatnj/Build/Intermediates.noindex/Supabase.build/Release-iphoneos/Helpers.build/Objects-normal/arm64/Helpers-OutputFileMap.json -use-frontend-parseable-output -save-temps -no-color-diagnostics -serialize-diagnostics -emit-dependencies -emit-module -emit-module-path /Users/runner/Library/Developer/Xcode/DerivedData/SplatNative-dwmjesbccinwnzhdvkeajvbyatnj/Build/Intermediates.noindex/Supabase.build/Release-iphoneos/Helpers.build/Objects-normal/arm64/Helpers.swiftmodule -validate-clang-modules-once -clang-build-session-file /Users/runner/Library/Developer/Xcode/DerivedData/ModuleCache.noindex/Session.modulevalidation -package-name supabase_swift -Xcc -I/Users/runner/Library/Developer/Xcode/DerivedData/SplatNative-dwmjesbccinwnzhdvkeajvbyatnj/Build/Intermediates.noindex/Supabase.build/Release-iphoneos/Helpers.build/swift-overrides.hmap -emit-const-values -Xfrontend -const-gather-protocols-file -Xfrontend /Users/runner/Library/Developer/Xcode/DerivedData/SplatNative-dwmjesbccinwnzhdvkeajvbyatnj/Build/Intermediates.noindex/Supabase.build/Release-iphoneos/Helpers.build/Objects-normal/arm64/Helpers_const_extract_protocols.json -Xcc -I/Users/runner/Library/Developer/Xcode/DerivedData/SplatNative-dwmjesbccinwnzhdvkeajvbyatnj/Build/Products/Release-iphoneos/include -Xcc -I/Users/runner/Library/Developer/Xcode/DerivedData/SplatNative-dwmjesbccinwnzhdvkeajvbyatnj/Build/Intermediates.noindex/Supabase.build/Release-iphoneos/Helpers.build/DerivedSources-normal/arm64 -Xcc -I/Users/runner/Library/Developer/Xcode/DerivedData/SplatNative-dwmjesbccinwnzhdvkeajvbyatnj/Build/Intermediates.noindex/Supabase.build/Release-iphoneos/Helpers.build/DerivedSources/arm64 -Xcc -I/Users/runner/Library/Developer/Xcode/DerivedData/SplatNative-dwmjesbccinwnzhdvkeajvbyatnj/Build/Intermediates.noindex/Supabase.build/Release-iphoneos/Helpers.build/DerivedSources -Xcc -DSWIFT_PACKAGE -emit-objc-header -emit-objc-header-path /Users/runner/Library/Developer/Xcode/DerivedData/SplatNative-dwmjesbccinwnzhdvkeajvbyatnj/Build/Intermediates.noindex/Supabase.build/Release-iphoneos/Helpers.build/Objects-normal/arm64/Helpers-Swift.h -working-directory /Users/runner/work/ALLSUNDAY1122.github.io/ALLSUNDAY1122.github.io/splat-native-ios/SplatNative.xcodeproj -no-emit-module-separately-wmo

ExtractAppIntentsMetadata (in target 'Clocks' from project 'swift-clocks')
    cd /Users/runner/Library/Developer/Xcode/DerivedData/SplatNative-dwmjesbccinwnzhdvkeajvbyatnj/SourcePackages/checkouts/swift-clocks
    /Applications/Xcode_16.4.app/Contents/Developer/Toolchains/XcodeDefault.xctoolchain/usr/bin/appintentsmetadataprocessor --toolchain-dir /Applications/Xcode_16.4.app/Contents/Developer/Toolchains/XcodeDefault.xctoolchain --module-name Clocks --sdk-root /Applications/Xcode_16.4.app/Contents/Developer/Platforms/iPhoneOS.platform/Developer/SDKs/iPhoneOS18.5.sdk --xcode-version 16F6 --platform-family iOS --deployment-target 13.0 --bundle-identifier swift-clocks.Clocks --output /Users/runner/Library/Developer/Xcode/DerivedData/SplatNative-dwmjesbccinwnzhdvkeajvbyatnj/Build/Products/Release-iphoneos/Clocks.appintents --target-triple arm64-apple-ios13.0 --binary-file /Users/runner/Library/Developer/Xcode/DerivedData/SplatNative-dwmjesbccinwnzhdvkeajvbyatnj/Build/Products/Release-iphoneos/Clocks.o --dependency-file /Users/runner/Library/Developer/Xcode/DerivedData/SplatNative-dwmjesbccinwnzhdvkeajvbyatnj/Build/Intermediates.noindex/swift-clocks.build/Release-iphoneos/Clocks.build/Objects-normal/arm64/Clocks_dependency_info.dat --stringsdata-file /Users/runner/Library/Developer/Xcode/DerivedData/SplatNative-dwmjesbccinwnzhdvkeajvbyatnj/Build/Intermediates.noindex/swift-clocks.build/Release-iphoneos/Clocks.build/Objects-normal/arm64/ExtractedAppShortcutsMetadata.stringsdata --source-file-list /Users/runner/Library/Developer/Xcode/DerivedData/SplatNative-dwmjesbccinwnzhdvkeajvbyatnj/Build/Intermediates.noindex/swift-clocks.build/Release-iphoneos/Clocks.build/Objects-normal/arm64/Clocks.SwiftFileList --metadata-file-list /Users/runner/Library/Developer/Xcode/DerivedData/SplatNative-dwmjesbccinwnzhdvkeajvbyatnj/Build/Intermediates.noindex/swift-clocks.build/Release-iphoneos/Clocks.build/Clocks.DependencyMetadataFileList --static-metadata-file-list /Users/runner/Library/Developer/Xcode/DerivedData/SplatNative-dwmjesbccinwnzhdvkeajvbyatnj/Build/Intermediates.noindex/swift-clocks.build/Release-iphoneos/Clocks.build/Clocks.DependencyStaticMetadataFileList --swift-const-vals-list /Users/runner/Library/Developer/Xcode/DerivedData/SplatNative-dwmjesbccinwnzhdvkeajvbyatnj/Build/Intermediates.noindex/swift-clocks.build/Release-iphoneos/Clocks.build/Objects-normal/arm64/Clocks.SwiftConstValuesFileList --force --compile-time-extraction --deployment-aware-processing --validate-assistant-intents --no-app-shortcuts-localization
2026-09-16 08:12:33.683 appintentsmetadataprocessor[4213:15169] Starting appintentsmetadataprocessor export
2026-09-16 08:12:33.754 appintentsmetadataprocessor[4213:15169] Extracted no relevant App Intents symbols, skipping writing output

RegisterExecutionPolicyException /Users/runner/Library/Developer/Xcode/DerivedData/SplatNative-dwmjesbccinwnzhdvkeajvbyatnj/Build/Products/Release-iphoneos/Clocks.o (in target 'Clocks' from project 'swift-clocks')
    cd /Users/runner/Library/Developer/Xcode/DerivedData/SplatNative-dwmjesbccinwnzhdvkeajvbyatnj/SourcePackages/checkouts/swift-clocks
    builtin-RegisterExecutionPolicyException /Users/runner/Library/Developer/Xcode/DerivedData/SplatNative-dwmjesbccinwnzhdvkeajvbyatnj/Build/Products/Release-iphoneos/Clocks.o

SwiftDriverJobDiscovery normal arm64 Compiling resource_bundle_accessor.swift, EncodedSplatPoint.swift, MTLBufferPool.swift, MetalBuffer.swift, SplatChunk+sortByLocality.swift, SplatChunk.swift, SplatRenderer+Deprecated.swift, SplatRenderer.swift, SplatSorter.swift (in target 'MetalSplatter' from project 'MetalSplatter')

SwiftDriver\ Compilation\ Requirements MetalSplatter normal arm64 com.apple.xcode.tools.swift.compiler (in target 'MetalSplatter' from project 'MetalSplatter')
    cd /Users/runner/work/ALLSUNDAY1122.github.io/ALLSUNDAY1122.github.io/splat-native-ios/SplatNative.xcodeproj
    builtin-Swift-Compilation-Requirements -- /Applications/Xcode_16.4.app/Contents/Developer/Toolchains/XcodeDefault.xctoolchain/usr/bin/swiftc -module-name MetalSplatter -O -whole-module-optimization -enforce-exclusivity\=checked @/Users/runner/Library/Developer/Xcode/DerivedData/SplatNative-dwmjesbccinwnzhdvkeajvbyatnj/Build/Intermediates.noindex/MetalSplatter.build/Release-iphoneos/MetalSplatter.build/Objects-normal/arm64/MetalSplatter.SwiftFileList -DSWIFT_PACKAGE -DXcode -plugin-path /Applications/Xcode_16.4.app/Contents/Developer/Toolchains/XcodeDefault.xctoolchain/usr/lib/swift/host/plugins/testing -enable-experimental-feature DebugDescriptionMacro -sdk /Applications/Xcode_16.4.app/Contents/Developer/Platforms/iPhoneOS.platform/Developer/SDKs/iPhoneOS18.5.sdk -target arm64-apple-ios18.0 -g -module-cache-path /Users/runner/Library/Developer/Xcode/DerivedData/ModuleCache.noindex -Xfrontend -serialize-debugging-options -suppress-warnings -swift-version 6 -I /Users/runner/Library/Developer/Xcode/DerivedData/SplatNative-dwmjesbccinwnzhdvkeajvbyatnj/Build/Products/Release-iphoneos -I /Applications/Xcode_16.4.app/Contents/Developer/Platforms/iPhoneOS.platform/Developer/usr/lib -F /Users/runner/Library/Developer/Xcode/DerivedData/SplatNative-dwmjesbccinwnzhdvkeajvbyatnj/Build/Products/Release-iphoneos/PackageFrameworks -F /Users/runner/Library/Developer/Xcode/DerivedData/SplatNative-dwmjesbccinwnzhdvkeajvbyatnj/Build/Products/Release-iphoneos/PackageFrameworks -F /Users/runner/Library/Developer/Xcode/DerivedData/SplatNative-dwmjesbccinwnzhdvkeajvbyatnj/Build/Products/Release-iphoneos/PackageFrameworks -F /Users/runner/Library/Developer/Xcode/DerivedData/SplatNative-dwmjesbccinwnzhdvkeajvbyatnj/Build/Products/Release-iphoneos -F /Applications/Xcode_16.4.app/Contents/Developer/Platforms/iPhoneOS.platform/Developer/Library/Frameworks -F /Applications/Xcode_16.4.app/Contents/Developer/Platforms/iPhoneOS.platform/Developer/SDKs/iPhoneOS18.5.sdk/Developer/Library/Frameworks -c -num-threads 3 -Xcc -ivfsstatcache -Xcc /Users/runner/Library/Developer/Xcode/DerivedData/SDKStatCaches.noindex/iphoneos18.5-22F76-a529daf784b3616c7c04a36aeb7f5c05.sdkstatcache -output-file-map /Users/runner/Library/Developer/Xcode/DerivedData/SplatNative-dwmjesbccinwnzhdvkeajvbyatnj/Build/Intermediates.noindex/MetalSplatter.build/Release-iphoneos/MetalSplatter.build/Objects-normal/arm64/MetalSplatter-OutputFileMap.json -use-frontend-parseable-output -save-temps -no-color-diagnostics -serialize-diagnostics -emit-dependencies -emit-module -emit-module-path /Users/runner/Library/Developer/Xcode/DerivedData/SplatNative-dwmjesbccinwnzhdvkeajvbyatnj/Build/Intermediates.noindex/MetalSplatter.build/Release-iphoneos/MetalSplatter.build/Objects-normal/arm64/MetalSplatter.swiftmodule -validate-clang-modules-once -clang-build-session-file /Users/runner/Library/Developer/Xcode/DerivedData/ModuleCache.noindex/Session.modulevalidation -package-name metalsplatter -Xcc -I/Users/runner/Library/Developer/Xcode/DerivedData/SplatNative-dwmjesbccinwnzhdvkeajvbyatnj/Build/Intermediates.noindex/MetalSplatter.build/Release-iphoneos/MetalSplatter.build/swift-overrides.hmap -emit-const-values -Xfrontend -const-gather-protocols-file -Xfrontend /Users/runner/Library/Developer/Xcode/DerivedData/SplatNative-dwmjesbccinwnzhdvkeajvbyatnj/Build/Intermediates.noindex/MetalSplatter.build/Release-iphoneos/MetalSplatter.build/Objects-normal/arm64/MetalSplatter_const_extract_protocols.json -Xcc -I/Users/runner/Library/Developer/Xcode/DerivedData/SplatNative-dwmjesbccinwnzhdvkeajvbyatnj/Build/Products/Release-iphoneos/include -Xcc -I/Users/runner/Library/Developer/Xcode/DerivedData/SplatNative-dwmjesbccinwnzhdvkeajvbyatnj/Build/Intermediates.noindex/MetalSplatter.build/Release-iphoneos/MetalSplatter.build/DerivedSources-normal/arm64 -Xcc -I/Users/runner/Library/Developer/Xcode/DerivedData/SplatNative-dwmjesbccinwnzhdvkeajvbyatnj/Build/Intermediates.noindex/MetalSplatter.build/Release-iphoneos/MetalSplatter.build/DerivedSources/arm64 -Xcc -I/Users/runner/Library/Developer/Xcode/DerivedData/SplatNative-dwmjesbccinwnzhdvkeajvbyatnj/Build/Intermediates.noindex/MetalSplatter.build/Release-iphoneos/MetalSplatter.build/DerivedSources -Xcc -DSWIFT_PACKAGE -emit-objc-header -emit-objc-header-path /Users/runner/Library/Developer/Xcode/DerivedData/SplatNative-dwmjesbccinwnzhdvkeajvbyatnj/Build/Intermediates.noindex/MetalSplatter.build/Release-iphoneos/MetalSplatter.build/Objects-normal/arm64/MetalSplatter-Swift.h -working-directory /Users/runner/work/ALLSUNDAY1122.github.io/ALLSUNDAY1122.github.io/splat-native-ios/SplatNative.xcodeproj -no-emit-module-separately-wmo

SwiftMergeGeneratedHeaders /Users/runner/Library/Developer/Xcode/DerivedData/SplatNative-dwmjesbccinwnzhdvkeajvbyatnj/Build/Intermediates.noindex/GeneratedModuleMaps-iphoneos/MetalSplatter-Swift.h /Users/runner/Library/Developer/Xcode/DerivedData/SplatNative-dwmjesbccinwnzhdvkeajvbyatnj/Build/Intermediates.noindex/MetalSplatter.build/Release-iphoneos/MetalSplatter.build/Objects-normal/arm64/MetalSplatter-Swift.h (in target 'MetalSplatter' from project 'MetalSplatter')
    cd /Users/runner/Library/Developer/Xcode/DerivedData/SplatNative-dwmjesbccinwnzhdvkeajvbyatnj/SourcePackages/checkouts/MetalSplatter
    builtin-swiftHeaderTool -arch arm64 /Users/runner/Library/Developer/Xcode/DerivedData/SplatNative-dwmjesbccinwnzhdvkeajvbyatnj/Build/Intermediates.noindex/MetalSplatter.build/Release-iphoneos/MetalSplatter.build/Objects-normal/arm64/MetalSplatter-Swift.h -o /Users/runner/Library/Developer/Xcode/DerivedData/SplatNative-dwmjesbccinwnzhdvkeajvbyatnj/Build/Intermediates.noindex/GeneratedModuleMaps-iphoneos/MetalSplatter-Swift.h

Copy /Users/runner/Library/Developer/Xcode/DerivedData/SplatNative-dwmjesbccinwnzhdvkeajvbyatnj/Build/Products/Release-iphoneos/MetalSplatter.swiftmodule/arm64-apple-ios.swiftmodule /Users/runner/Library/Developer/Xcode/DerivedData/SplatNative-dwmjesbccinwnzhdvkeajvbyatnj/Build/Intermediates.noindex/MetalSplatter.build/Release-iphoneos/MetalSplatter.build/Objects-normal/arm64/MetalSplatter.swiftmodule (in target 'MetalSplatter' from project 'MetalSplatter')
    cd /Users/runner/Library/Developer/Xcode/DerivedData/SplatNative-dwmjesbccinwnzhdvkeajvbyatnj/SourcePackages/checkouts/MetalSplatter
    builtin-copy -exclude .DS_Store -exclude CVS -exclude .svn -exclude .git -exclude .hg -strip-unsigned-binaries -strip-deterministic -strip-tool /Applications/Xcode_16.4.app/Contents/Developer/Toolchains/XcodeDefault.xctoolchain/usr/bin/strip -resolve-src-symlinks -rename /Users/runner/Library/Developer/Xcode/DerivedData/SplatNative-dwmjesbccinwnzhdvkeajvbyatnj/Build/Intermediates.noindex/MetalSplatter.build/Release-iphoneos/MetalSplatter.build/Objects-normal/arm64/MetalSplatter.swiftmodule /Users/runner/Library/Developer/Xcode/DerivedData/SplatNative-dwmjesbccinwnzhdvkeajvbyatnj/Build/Products/Release-iphoneos/MetalSplatter.swiftmodule/arm64-apple-ios.swiftmodule

Copy /Users/runner/Library/Developer/Xcode/DerivedData/SplatNative-dwmjesbccinwnzhdvkeajvbyatnj/Build/Products/Release-iphoneos/MetalSplatter.swiftmodule/arm64-apple-ios.swiftdoc /Users/runner/Library/Developer/Xcode/DerivedData/SplatNative-dwmjesbccinwnzhdvkeajvbyatnj/Build/Intermediates.noindex/MetalSplatter.build/Release-iphoneos/MetalSplatter.build/Objects-normal/arm64/MetalSplatter.swiftdoc (in target 'MetalSplatter' from project 'MetalSplatter')
    cd /Users/runner/Library/Developer/Xcode/DerivedData/SplatNative-dwmjesbccinwnzhdvkeajvbyatnj/SourcePackages/checkouts/MetalSplatter
    builtin-copy -exclude .DS_Store -exclude CVS -exclude .svn -exclude .git -exclude .hg -strip-unsigned-binaries -strip-deterministic -strip-tool /Applications/Xcode_16.4.app/Contents/Developer/Toolchains/XcodeDefault.xctoolchain/usr/bin/strip -resolve-src-symlinks -rename /Users/runner/Library/Developer/Xcode/DerivedData/SplatNative-dwmjesbccinwnzhdvkeajvbyatnj/Build/Intermediates.noindex/MetalSplatter.build/Release-iphoneos/MetalSplatter.build/Objects-normal/arm64/MetalSplatter.swiftdoc /Users/runner/Library/Developer/Xcode/DerivedData/SplatNative-dwmjesbccinwnzhdvkeajvbyatnj/Build/Products/Release-iphoneos/MetalSplatter.swiftmodule/arm64-apple-ios.swiftdoc

Copy /Users/runner/Library/Developer/Xcode/DerivedData/SplatNative-dwmjesbccinwnzhdvkeajvbyatnj/Build/Products/Release-iphoneos/MetalSplatter.swiftmodule/arm64-apple-ios.abi.json /Users/runner/Library/Developer/Xcode/DerivedData/SplatNative-dwmjesbccinwnzhdvkeajvbyatnj/Build/Intermediates.noindex/MetalSplatter.build/Release-iphoneos/MetalSplatter.build/Objects-normal/arm64/MetalSplatter.abi.json (in target 'MetalSplatter' from project 'MetalSplatter')
    cd /Users/runner/Library/Developer/Xcode/DerivedData/SplatNative-dwmjesbccinwnzhdvkeajvbyatnj/SourcePackages/checkouts/MetalSplatter
    builtin-copy -exclude .DS_Store -exclude CVS -exclude .svn -exclude .git -exclude .hg -strip-unsigned-binaries -strip-deterministic -strip-tool /Applications/Xcode_16.4.app/Contents/Developer/Toolchains/XcodeDefault.xctoolchain/usr/bin/strip -resolve-src-symlinks -rename /Users/runner/Library/Developer/Xcode/DerivedData/SplatNative-dwmjesbccinwnzhdvkeajvbyatnj/Build/Intermediates.noindex/MetalSplatter.build/Release-iphoneos/MetalSplatter.build/Objects-normal/arm64/MetalSplatter.abi.json /Users/runner/Library/Developer/Xcode/DerivedData/SplatNative-dwmjesbccinwnzhdvkeajvbyatnj/Build/Products/Release-iphoneos/MetalSplatter.swiftmodule/arm64-apple-ios.abi.json

Copy /Users/runner/Library/Developer/Xcode/DerivedData/SplatNative-dwmjesbccinwnzhdvkeajvbyatnj/Build/Products/Release-iphoneos/MetalSplatter.swiftmodule/Project/arm64-apple-ios.swiftsourceinfo /Users/runner/Library/Developer/Xcode/DerivedData/SplatNative-dwmjesbccinwnzhdvkeajvbyatnj/Build/Intermediates.noindex/MetalSplatter.build/Release-iphoneos/MetalSplatter.build/Objects-normal/arm64/MetalSplatter.swiftsourceinfo (in target 'MetalSplatter' from project 'MetalSplatter')
    cd /Users/runner/Library/Developer/Xcode/DerivedData/SplatNative-dwmjesbccinwnzhdvkeajvbyatnj/SourcePackages/checkouts/MetalSplatter
    builtin-copy -exclude .DS_Store -exclude CVS -exclude .svn -exclude .git -exclude .hg -strip-unsigned-binaries -strip-deterministic -strip-tool /Applications/Xcode_16.4.app/Contents/Developer/Toolchains/XcodeDefault.xctoolchain/usr/bin/strip -resolve-src-symlinks -rename /Users/runner/Library/Developer/Xcode/DerivedData/SplatNative-dwmjesbccinwnzhdvkeajvbyatnj/Build/Intermediates.noindex/MetalSplatter.build/Release-iphoneos/MetalSplatter.build/Objects-normal/arm64/MetalSplatter.swiftsourceinfo /Users/runner/Library/Developer/Xcode/DerivedData/SplatNative-dwmjesbccinwnzhdvkeajvbyatnj/Build/Products/Release-iphoneos/MetalSplatter.swiftmodule/Project/arm64-apple-ios.swiftsourceinfo

Ld /Users/runner/Library/Developer/Xcode/DerivedData/SplatNative-dwmjesbccinwnzhdvkeajvbyatnj/Build/Products/Release-iphoneos/MetalSplatter.o normal (in target 'MetalSplatter' from project 'MetalSplatter')
    cd /Users/runner/Library/Developer/Xcode/DerivedData/SplatNative-dwmjesbccinwnzhdvkeajvbyatnj/SourcePackages/checkouts/MetalSplatter
    /Applications/Xcode_16.4.app/Contents/Developer/Toolchains/XcodeDefault.xctoolchain/usr/bin/clang -Xlinker -reproducible -target arm64-apple-ios18.0 -r -isysroot /Applications/Xcode_16.4.app/Contents/Developer/Platforms/iPhoneOS.platform/Developer/SDKs/iPhoneOS18.5.sdk -Os -w -L/Users/runner/Library/Developer/Xcode/DerivedData/SplatNative-dwmjesbccinwnzhdvkeajvbyatnj/Build/Intermediates.noindex/EagerLinkingTBDs/Release-iphoneos -L/Users/runner/Library/Developer/Xcode/DerivedData/SplatNative-dwmjesbccinwnzhdvkeajvbyatnj/Build/Products/Release-iphoneos -L/Applications/Xcode_16.4.app/Contents/Developer/Platforms/iPhoneOS.platform/Developer/usr/lib -F/Users/runner/Library/Developer/Xcode/DerivedData/SplatNative-dwmjesbccinwnzhdvkeajvbyatnj/Build/Intermediates.noindex/EagerLinkingTBDs/Release-iphoneos -F/Users/runner/Library/Developer/Xcode/DerivedData/SplatNative-dwmjesbccinwnzhdvkeajvbyatnj/Build/Products/Release-iphoneos/PackageFrameworks -F/Users/runner/Library/Developer/Xcode/DerivedData/SplatNative-dwmjesbccinwnzhdvkeajvbyatnj/Build/Products/Release-iphoneos/PackageFrameworks -F/Users/runner/Library/Developer/Xcode/DerivedData/SplatNative-dwmjesbccinwnzhdvkeajvbyatnj/Build/Products/Release-iphoneos/PackageFrameworks -F/Users/runner/Library/Developer/Xcode/DerivedData/SplatNative-dwmjesbccinwnzhdvkeajvbyatnj/Build/Products/Release-iphoneos -iframework /Applications/Xcode_16.4.app/Contents/Developer/Platforms/iPhoneOS.platform/Developer/Library/Frameworks -iframework /Applications/Xcode_16.4.app/Contents/Developer/Platforms/iPhoneOS.platform/Developer/SDKs/iPhoneOS18.5.sdk/Developer/Library/Frameworks -filelist /Users/runner/Library/Developer/Xcode/DerivedData/SplatNative-dwmjesbccinwnzhdvkeajvbyatnj/Build/Intermediates.noindex/MetalSplatter.build/Release-iphoneos/MetalSplatter.build/Objects-normal/arm64/MetalSplatter.LinkFileList -nostdlib -Xlinker -object_path_lto -Xlinker /Users/runner/Library/Developer/Xcode/DerivedData/SplatNative-dwmjesbccinwnzhdvkeajvbyatnj/Build/Intermediates.noindex/MetalSplatter.build/Release-iphoneos/MetalSplatter.build/Objects-normal/arm64/MetalSplatter_lto.o -Xlinker -dependency_info -Xlinker /Users/runner/Library/Developer/Xcode/DerivedData/SplatNative-dwmjesbccinwnzhdvkeajvbyatnj/Build/Intermediates.noindex/MetalSplatter.build/Release-iphoneos/MetalSplatter.build/Objects-normal/arm64/MetalSplatter_dependency_info.dat -fobjc-link-runtime -L/Applications/Xcode_16.4.app/Contents/Developer/Toolchains/XcodeDefault.xctoolchain/usr/lib/swift/iphoneos -L/usr/lib/swift -Xlinker -add_ast_path -Xlinker /Users/runner/Library/Developer/Xcode/DerivedData/SplatNative-dwmjesbccinwnzhdvkeajvbyatnj/Build/Intermediates.noindex/MetalSplatter.build/Release-iphoneos/MetalSplatter.build/Objects-normal/arm64/MetalSplatter.swiftmodule -o /Users/runner/Library/Developer/Xcode/DerivedData/SplatNative-dwmjesbccinwnzhdvkeajvbyatnj/Build/Products/Release-iphoneos/MetalSplatter.o

ExtractAppIntentsMetadata (in target 'MetalSplatter' from project 'MetalSplatter')
    cd /Users/runner/Library/Developer/Xcode/DerivedData/SplatNative-dwmjesbccinwnzhdvkeajvbyatnj/SourcePackages/checkouts/MetalSplatter
    /Applications/Xcode_16.4.app/Contents/Developer/Toolchains/XcodeDefault.xctoolchain/usr/bin/appintentsmetadataprocessor --toolchain-dir /Applications/Xcode_16.4.app/Contents/Developer/Toolchains/XcodeDefault.xctoolchain --module-name MetalSplatter --sdk-root /Applications/Xcode_16.4.app/Contents/Developer/Platforms/iPhoneOS.platform/Developer/SDKs/iPhoneOS18.5.sdk --xcode-version 16F6 --platform-family iOS --deployment-target 18.0 --bundle-identifier metalsplatter.MetalSplatter --output /Users/runner/Library/Developer/Xcode/DerivedData/SplatNative-dwmjesbccinwnzhdvkeajvbyatnj/Build/Products/Release-iphoneos/MetalSplatter.appintents --target-triple arm64-apple-ios18.0 --binary-file /Users/runner/Library/Developer/Xcode/DerivedData/SplatNative-dwmjesbccinwnzhdvkeajvbyatnj/Build/Products/Release-iphoneos/MetalSplatter.o --dependency-file /Users/runner/Library/Developer/Xcode/DerivedData/SplatNative-dwmjesbccinwnzhdvkeajvbyatnj/Build/Intermediates.noindex/MetalSplatter.build/Release-iphoneos/MetalSplatter.build/Objects-normal/arm64/MetalSplatter_dependency_info.dat --stringsdata-file /Users/runner/Library/Developer/Xcode/DerivedData/SplatNative-dwmjesbccinwnzhdvkeajvbyatnj/Build/Intermediates.noindex/MetalSplatter.build/Release-iphoneos/MetalSplatter.build/Objects-normal/arm64/ExtractedAppShortcutsMetadata.stringsdata --source-file-list /Users/runner/Library/Developer/Xcode/DerivedData/SplatNative-dwmjesbccinwnzhdvkeajvbyatnj/Build/Intermediates.noindex/MetalSplatter.build/Release-iphoneos/MetalSplatter.build/Objects-normal/arm64/MetalSplatter.SwiftFileList --metadata-file-list /Users/runner/Library/Developer/Xcode/DerivedData/SplatNative-dwmjesbccinwnzhdvkeajvbyatnj/Build/Intermediates.noindex/MetalSplatter.build/Release-iphoneos/MetalSplatter.build/MetalSplatter.DependencyMetadataFileList --static-metadata-file-list /Users/runner/Library/Developer/Xcode/DerivedData/SplatNative-dwmjesbccinwnzhdvkeajvbyatnj/Build/Intermediates.noindex/MetalSplatter.build/Release-iphoneos/MetalSplatter.build/MetalSplatter.DependencyStaticMetadataFileList --swift-const-vals-list /Users/runner/Library/Developer/Xcode/DerivedData/SplatNative-dwmjesbccinwnzhdvkeajvbyatnj/Build/Intermediates.noindex/MetalSplatter.build/Release-iphoneos/MetalSplatter.build/Objects-normal/arm64/MetalSplatter.SwiftConstValuesFileList --force --compile-time-extraction --deployment-aware-processing --validate-assistant-intents --no-app-shortcuts-localization
2026-09-16 08:12:39.653 appintentsmetadataprocessor[4280:15710] Starting appintentsmetadataprocessor export
2026-09-16 08:12:39.689 appintentsmetadataprocessor[4280:15710] Extracted no relevant App Intents symbols, skipping writing output

RegisterExecutionPolicyException /Users/runner/Library/Developer/Xcode/DerivedData/SplatNative-dwmjesbccinwnzhdvkeajvbyatnj/Build/Products/Release-iphoneos/MetalSplatter.o (in target 'MetalSplatter' from project 'MetalSplatter')
    cd /Users/runner/Library/Developer/Xcode/DerivedData/SplatNative-dwmjesbccinwnzhdvkeajvbyatnj/SourcePackages/checkouts/MetalSplatter
    builtin-RegisterExecutionPolicyException /Users/runner/Library/Developer/Xcode/DerivedData/SplatNative-dwmjesbccinwnzhdvkeajvbyatnj/Build/Products/Release-iphoneos/MetalSplatter.o

SwiftDriverJobDiscovery normal arm64 Compiling APIKeyFormat.swift, AnyJSON+Codable.swift, AnyJSON.swift, Base64URL.swift, Codable.swift, DateFormatter.swift, EventEmitter.swift, FoundationExtensions.swift, HTTPClient.swift, HTTPFields.swift, HTTPRequest.swift, HTTPResponse.swift, LoggerInterceptor.swift, RetryRequestInterceptor.swift, JWT.swift, OSLogSupabaseLogger.swift, SupabaseLogger.swift, PostgRESTFilterValue.swift, HTTPError.swift, PostgrestError.swift, Task+withTimeout.swift, TaskLocalHelpers.swift, Version.swift (in target 'Helpers' from project 'Supabase')

SwiftDriver\ Compilation\ Requirements Helpers normal arm64 com.apple.xcode.tools.swift.compiler (in target 'Helpers' from project 'Supabase')
    cd /Users/runner/work/ALLSUNDAY1122.github.io/ALLSUNDAY1122.github.io/splat-native-ios/SplatNative.xcodeproj
    builtin-Swift-Compilation-Requirements -- /Applications/Xcode_16.4.app/Contents/Developer/Toolchains/XcodeDefault.xctoolchain/usr/bin/swiftc -module-name Helpers -O -whole-module-optimization -enforce-exclusivity\=checked @/Users/runner/Library/Developer/Xcode/DerivedData/SplatNative-dwmjesbccinwnzhdvkeajvbyatnj/Build/Intermediates.noindex/Supabase.build/Release-iphoneos/Helpers.build/Objects-normal/arm64/Helpers.SwiftFileList -DSWIFT_PACKAGE -DXcode -enable-upcoming-feature ExistentialAny -enable-upcoming-feature ImmutableWeakCaptures -enable-upcoming-feature InferIsolatedConformances -enable-upcoming-feature InternalImportsByDefault -enable-upcoming-feature MemberImportVisibility -plugin-path /Applications/Xcode_16.4.app/Contents/Developer/Toolchains/XcodeDefault.xctoolchain/usr/lib/swift/host/plugins/testing -enable-experimental-feature DebugDescriptionMacro -sdk /Applications/Xcode_16.4.app/Contents/Developer/Platforms/iPhoneOS.platform/Developer/SDKs/iPhoneOS18.5.sdk -target arm64-apple-ios16.0 -g -module-cache-path /Users/runner/Library/Developer/Xcode/DerivedData/ModuleCache.noindex -Xfrontend -serialize-debugging-options -suppress-warnings -swift-version 6 -I /Users/runner/Library/Developer/Xcode/DerivedData/SplatNative-dwmjesbccinwnzhdvkeajvbyatnj/Build/Products/Release-iphoneos -I /Applications/Xcode_16.4.app/Contents/Developer/Platforms/iPhoneOS.platform/Developer/usr/lib -F /Users/runner/Library/Developer/Xcode/DerivedData/SplatNative-dwmjesbccinwnzhdvkeajvbyatnj/Build/Products/Release-iphoneos/PackageFrameworks -F /Users/runner/Library/Developer/Xcode/DerivedData/SplatNative-dwmjesbccinwnzhdvkeajvbyatnj/Build/Products/Release-iphoneos/PackageFrameworks -F /Users/runner/Library/Developer/Xcode/DerivedData/SplatNative-dwmjesbccinwnzhdvkeajvbyatnj/Build/Products/Release-iphoneos/PackageFrameworks -F /Users/runner/Library/Developer/Xcode/DerivedData/SplatNative-dwmjesbccinwnzhdvkeajvbyatnj/Build/Products/Release-iphoneos/PackageFrameworks -F /Users/runner/Library/Developer/Xcode/DerivedData/SplatNative-dwmjesbccinwnzhdvkeajvbyatnj/Build/Products/Release-iphoneos/PackageFrameworks -F /Users/runner/Library/Developer/Xcode/DerivedData/SplatNative-dwmjesbccinwnzhdvkeajvbyatnj/Build/Products/Release-iphoneos -F /Applications/Xcode_16.4.app/Contents/Developer/Platforms/iPhoneOS.platform/Developer/Library/Frameworks -F /Applications/Xcode_16.4.app/Contents/Developer/Platforms/iPhoneOS.platform/Developer/SDKs/iPhoneOS18.5.sdk/Developer/Library/Frameworks -c -num-threads 3 -Xcc -ivfsstatcache -Xcc /Users/runner/Library/Developer/Xcode/DerivedData/SDKStatCaches.noindex/iphoneos18.5-22F76-a529daf784b3616c7c04a36aeb7f5c05.sdkstatcache -output-file-map /Users/runner/Library/Developer/Xcode/DerivedData/SplatNative-dwmjesbccinwnzhdvkeajvbyatnj/Build/Intermediates.noindex/Supabase.build/Release-iphoneos/Helpers.build/Objects-normal/arm64/Helpers-OutputFileMap.json -use-frontend-parseable-output -save-temps -no-color-diagnostics -serialize-diagnostics -emit-dependencies -emit-module -emit-module-path /Users/runner/Library/Developer/Xcode/DerivedData/SplatNative-dwmjesbccinwnzhdvkeajvbyatnj/Build/Intermediates.noindex/Supabase.build/Release-iphoneos/Helpers.build/Objects-normal/arm64/Helpers.swiftmodule -validate-clang-modules-once -clang-build-session-file /Users/runner/Library/Developer/Xcode/DerivedData/ModuleCache.noindex/Session.modulevalidation -package-name supabase_swift -Xcc -I/Users/runner/Library/Developer/Xcode/DerivedData/SplatNative-dwmjesbccinwnzhdvkeajvbyatnj/Build/Intermediates.noindex/Supabase.build/Release-iphoneos/Helpers.build/swift-overrides.hmap -emit-const-values -Xfrontend -const-gather-protocols-file -Xfrontend /Users/runner/Library/Developer/Xcode/DerivedData/SplatNative-dwmjesbccinwnzhdvkeajvbyatnj/Build/Intermediates.noindex/Supabase.build/Release-iphoneos/Helpers.build/Objects-normal/arm64/Helpers_const_extract_protocols.json -Xcc -I/Users/runner/Library/Developer/Xcode/DerivedData/SplatNative-dwmjesbccinwnzhdvkeajvbyatnj/Build/Products/Release-iphoneos/include -Xcc -I/Users/runner/Library/Developer/Xcode/DerivedData/SplatNative-dwmjesbccinwnzhdvkeajvbyatnj/Build/Intermediates.noindex/Supabase.build/Release-iphoneos/Helpers.build/DerivedSources-normal/arm64 -Xcc -I/Users/runner/Library/Developer/Xcode/DerivedData/SplatNative-dwmjesbccinwnzhdvkeajvbyatnj/Build/Intermediates.noindex/Supabase.build/Release-iphoneos/Helpers.build/DerivedSources/arm64 -Xcc -I/Users/runner/Library/Developer/Xcode/DerivedData/SplatNative-dwmjesbccinwnzhdvkeajvbyatnj/Build/Intermediates.noindex/Supabase.build/Release-iphoneos/Helpers.build/DerivedSources -Xcc -DSWIFT_PACKAGE -emit-objc-header -emit-objc-header-path /Users/runner/Library/Developer/Xcode/DerivedData/SplatNative-dwmjesbccinwnzhdvkeajvbyatnj/Build/Intermediates.noindex/Supabase.build/Release-iphoneos/Helpers.build/Objects-normal/arm64/Helpers-Swift.h -working-directory /Users/runner/work/ALLSUNDAY1122.github.io/ALLSUNDAY1122.github.io/splat-native-ios/SplatNative.xcodeproj -no-emit-module-separately-wmo

SwiftMergeGeneratedHeaders /Users/runner/Library/Developer/Xcode/DerivedData/SplatNative-dwmjesbccinwnzhdvkeajvbyatnj/Build/Intermediates.noindex/GeneratedModuleMaps-iphoneos/Helpers-Swift.h /Users/runner/Library/Developer/Xcode/DerivedData/SplatNative-dwmjesbccinwnzhdvkeajvbyatnj/Build/Intermediates.noindex/Supabase.build/Release-iphoneos/Helpers.build/Objects-normal/arm64/Helpers-Swift.h (in target 'Helpers' from project 'Supabase')
    cd /Users/runner/Library/Developer/Xcode/DerivedData/SplatNative-dwmjesbccinwnzhdvkeajvbyatnj/SourcePackages/checkouts/supabase-swift
    builtin-swiftHeaderTool -arch arm64 /Users/runner/Library/Developer/Xcode/DerivedData/SplatNative-dwmjesbccinwnzhdvkeajvbyatnj/Build/Intermediates.noindex/Supabase.build/Release-iphoneos/Helpers.build/Objects-normal/arm64/Helpers-Swift.h -o /Users/runner/Library/Developer/Xcode/DerivedData/SplatNative-dwmjesbccinwnzhdvkeajvbyatnj/Build/Intermediates.noindex/GeneratedModuleMaps-iphoneos/Helpers-Swift.h

Copy /Users/runner/Library/Developer/Xcode/DerivedData/SplatNative-dwmjesbccinwnzhdvkeajvbyatnj/Build/Products/Release-iphoneos/Helpers.swiftmodule/arm64-apple-ios.swiftdoc /Users/runner/Library/Developer/Xcode/DerivedData/SplatNative-dwmjesbccinwnzhdvkeajvbyatnj/Build/Intermediates.noindex/Supabase.build/Release-iphoneos/Helpers.build/Objects-normal/arm64/Helpers.swiftdoc (in target 'Helpers' from project 'Supabase')
    cd /Users/runner/Library/Developer/Xcode/DerivedData/SplatNative-dwmjesbccinwnzhdvkeajvbyatnj/SourcePackages/checkouts/supabase-swift
    builtin-copy -exclude .DS_Store -exclude CVS -exclude .svn -exclude .git -exclude .hg -strip-unsigned-binaries -strip-deterministic -strip-tool /Applications/Xcode_16.4.app/Contents/Developer/Toolchains/XcodeDefault.xctoolchain/usr/bin/strip -resolve-src-symlinks -rename /Users/runner/Library/Developer/Xcode/DerivedData/SplatNative-dwmjesbccinwnzhdvkeajvbyatnj/Build/Intermediates.noindex/Supabase.build/Release-iphoneos/Helpers.build/Objects-normal/arm64/Helpers.swiftdoc /Users/runner/Library/Developer/Xcode/DerivedData/SplatNative-dwmjesbccinwnzhdvkeajvbyatnj/Build/Products/Release-iphoneos/Helpers.swiftmodule/arm64-apple-ios.swiftdoc

Copy /Users/runner/Library/Developer/Xcode/DerivedData/SplatNative-dwmjesbccinwnzhdvkeajvbyatnj/Build/Products/Release-iphoneos/Helpers.swiftmodule/arm64-apple-ios.swiftmodule /Users/runner/Library/Developer/Xcode/DerivedData/SplatNative-dwmjesbccinwnzhdvkeajvbyatnj/Build/Intermediates.noindex/Supabase.build/Release-iphoneos/Helpers.build/Objects-normal/arm64/Helpers.swiftmodule (in target 'Helpers' from project 'Supabase')
    cd /Users/runner/Library/Developer/Xcode/DerivedData/SplatNative-dwmjesbccinwnzhdvkeajvbyatnj/SourcePackages/checkouts/supabase-swift
    builtin-copy -exclude .DS_Store -exclude CVS -exclude .svn -exclude .git -exclude .hg -strip-unsigned-binaries -strip-deterministic -strip-tool /Applications/Xcode_16.4.app/Contents/Developer/Toolchains/XcodeDefault.xctoolchain/usr/bin/strip -resolve-src-symlinks -rename /Users/runner/Library/Developer/Xcode/DerivedData/SplatNative-dwmjesbccinwnzhdvkeajvbyatnj/Build/Intermediates.noindex/Supabase.build/Release-iphoneos/Helpers.build/Objects-normal/arm64/Helpers.swiftmodule /Users/runner/Library/Developer/Xcode/DerivedData/SplatNative-dwmjesbccinwnzhdvkeajvbyatnj/Build/Products/Release-iphoneos/Helpers.swiftmodule/arm64-apple-ios.swiftmodule

Copy /Users/runner/Library/Developer/Xcode/DerivedData/SplatNative-dwmjesbccinwnzhdvkeajvbyatnj/Build/Products/Release-iphoneos/Helpers.swiftmodule/arm64-apple-ios.abi.json /Users/runner/Library/Developer/Xcode/DerivedData/SplatNative-dwmjesbccinwnzhdvkeajvbyatnj/Build/Intermediates.noindex/Supabase.build/Release-iphoneos/Helpers.build/Objects-normal/arm64/Helpers.abi.json (in target 'Helpers' from project 'Supabase')
    cd /Users/runner/Library/Developer/Xcode/DerivedData/SplatNative-dwmjesbccinwnzhdvkeajvbyatnj/SourcePackages/checkouts/supabase-swift
    builtin-copy -exclude .DS_Store -exclude CVS -exclude .svn -exclude .git -exclude .hg -strip-unsigned-binaries -strip-deterministic -strip-tool /Applications/Xcode_16.4.app/Contents/Developer/Toolchains/XcodeDefault.xctoolchain/usr/bin/strip -resolve-src-symlinks -rename /Users/runner/Library/Developer/Xcode/DerivedData/SplatNative-dwmjesbccinwnzhdvkeajvbyatnj/Build/Intermediates.noindex/Supabase.build/Release-iphoneos/Helpers.build/Objects-normal/arm64/Helpers.abi.json /Users/runner/Library/Developer/Xcode/DerivedData/SplatNative-dwmjesbccinwnzhdvkeajvbyatnj/Build/Products/Release-iphoneos/Helpers.swiftmodule/arm64-apple-ios.abi.json

Copy /Users/runner/Library/Developer/Xcode/DerivedData/SplatNative-dwmjesbccinwnzhdvkeajvbyatnj/Build/Products/Release-iphoneos/Helpers.swiftmodule/Project/arm64-apple-ios.swiftsourceinfo /Users/runner/Library/Developer/Xcode/DerivedData/SplatNative-dwmjesbccinwnzhdvkeajvbyatnj/Build/Intermediates.noindex/Supabase.build/Release-iphoneos/Helpers.build/Objects-normal/arm64/Helpers.swiftsourceinfo (in target 'Helpers' from project 'Supabase')
    cd /Users/runner/Library/Developer/Xcode/DerivedData/SplatNative-dwmjesbccinwnzhdvkeajvbyatnj/SourcePackages/checkouts/supabase-swift
    builtin-copy -exclude .DS_Store -exclude CVS -exclude .svn -exclude .git -exclude .hg -strip-unsigned-binaries -strip-deterministic -strip-tool /Applications/Xcode_16.4.app/Contents/Developer/Toolchains/XcodeDefault.xctoolchain/usr/bin/strip -resolve-src-symlinks -rename /Users/runner/Library/Developer/Xcode/DerivedData/SplatNative-dwmjesbccinwnzhdvkeajvbyatnj/Build/Intermediates.noindex/Supabase.build/Release-iphoneos/Helpers.build/Objects-normal/arm64/Helpers.swiftsourceinfo /Users/runner/Library/Developer/Xcode/DerivedData/SplatNative-dwmjesbccinwnzhdvkeajvbyatnj/Build/Products/Release-iphoneos/Helpers.swiftmodule/Project/arm64-apple-ios.swiftsourceinfo

Ld /Users/runner/Library/Developer/Xcode/DerivedData/SplatNative-dwmjesbccinwnzhdvkeajvbyatnj/Build/Products/Release-iphoneos/Helpers.o normal (in target 'Helpers' from project 'Supabase')
    cd /Users/runner/Library/Developer/Xcode/DerivedData/SplatNative-dwmjesbccinwnzhdvkeajvbyatnj/SourcePackages/checkouts/supabase-swift
    /Applications/Xcode_16.4.app/Contents/Developer/Toolchains/XcodeDefault.xctoolchain/usr/bin/clang -Xlinker -reproducible -target arm64-apple-ios16.0 -r -isysroot /Applications/Xcode_16.4.app/Contents/Developer/Platforms/iPhoneOS.platform/Developer/SDKs/iPhoneOS18.5.sdk -Os -w -L/Users/runner/Library/Developer/Xcode/DerivedData/SplatNative-dwmjesbccinwnzhdvkeajvbyatnj/Build/Intermediates.noindex/EagerLinkingTBDs/Release-iphoneos -L/Users/runner/Library/Developer/Xcode/DerivedData/SplatNative-dwmjesbccinwnzhdvkeajvbyatnj/Build/Products/Release-iphoneos -L/Applications/Xcode_16.4.app/Contents/Developer/Platforms/iPhoneOS.platform/Developer/usr/lib -F/Users/runner/Library/Developer/Xcode/DerivedData/SplatNative-dwmjesbccinwnzhdvkeajvbyatnj/Build/Intermediates.noindex/EagerLinkingTBDs/Release-iphoneos -F/Users/runner/Library/Developer/Xcode/DerivedData/SplatNative-dwmjesbccinwnzhdvkeajvbyatnj/Build/Products/Release-iphoneos/PackageFrameworks -F/Users/runner/Library/Developer/Xcode/DerivedData/SplatNative-dwmjesbccinwnzhdvkeajvbyatnj/Build/Products/Release-iphoneos/PackageFrameworks -F/Users/runner/Library/Developer/Xcode/DerivedData/SplatNative-dwmjesbccinwnzhdvkeajvbyatnj/Build/Products/Release-iphoneos/PackageFrameworks -F/Users/runner/Library/Developer/Xcode/DerivedData/SplatNative-dwmjesbccinwnzhdvkeajvbyatnj/Build/Products/Release-iphoneos/PackageFrameworks -F/Users/runner/Library/Developer/Xcode/DerivedData/SplatNative-dwmjesbccinwnzhdvkeajvbyatnj/Build/Products/Release-iphoneos/PackageFrameworks -F/Users/runner/Library/Developer/Xcode/DerivedData/SplatNative-dwmjesbccinwnzhdvkeajvbyatnj/Build/Products/Release-iphoneos -iframework /Applications/Xcode_16.4.app/Contents/Developer/Platforms/iPhoneOS.platform/Developer/Library/Frameworks -iframework /Applications/Xcode_16.4.app/Contents/Developer/Platforms/iPhoneOS.platform/Developer/SDKs/iPhoneOS18.5.sdk/Developer/Library/Frameworks -filelist /Users/runner/Library/Developer/Xcode/DerivedData/SplatNative-dwmjesbccinwnzhdvkeajvbyatnj/Build/Intermediates.noindex/Supabase.build/Release-iphoneos/Helpers.build/Objects-normal/arm64/Helpers.LinkFileList -nostdlib -Xlinker -object_path_lto -Xlinker /Users/runner/Library/Developer/Xcode/DerivedData/SplatNative-dwmjesbccinwnzhdvkeajvbyatnj/Build/Intermediates.noindex/Supabase.build/Release-iphoneos/Helpers.build/Objects-normal/arm64/Helpers_lto.o -Xlinker -dependency_info -Xlinker /Users/runner/Library/Developer/Xcode/DerivedData/SplatNative-dwmjesbccinwnzhdvkeajvbyatnj/Build/Intermediates.noindex/Supabase.build/Release-iphoneos/Helpers.build/Objects-normal/arm64/Helpers_dependency_info.dat -fobjc-link-runtime -L/Applications/Xcode_16.4.app/Contents/Developer/Toolchains/XcodeDefault.xctoolchain/usr/lib/swift/iphoneos -L/usr/lib/swift -Xlinker -add_ast_path -Xlinker /Users/runner/Library/Developer/Xcode/DerivedData/SplatNative-dwmjesbccinwnzhdvkeajvbyatnj/Build/Intermediates.noindex/Supabase.build/Release-iphoneos/Helpers.build/Objects-normal/arm64/Helpers.swiftmodule -o /Users/runner/Library/Developer/Xcode/DerivedData/SplatNative-dwmjesbccinwnzhdvkeajvbyatnj/Build/Products/Release-iphoneos/Helpers.o

SwiftDriver Storage normal arm64 com.apple.xcode.tools.swift.compiler (in target 'Storage' from project 'Supabase')
    cd /Users/runner/work/ALLSUNDAY1122.github.io/ALLSUNDAY1122.github.io/splat-native-ios/SplatNative.xcodeproj
    builtin-SwiftDriver -- /Applications/Xcode_16.4.app/Contents/Developer/Toolchains/XcodeDefault.xctoolchain/usr/bin/swiftc -module-name Storage -O -whole-module-optimization -enforce-exclusivity\=checked @/Users/runner/Library/Developer/Xcode/DerivedData/SplatNative-dwmjesbccinwnzhdvkeajvbyatnj/Build/Intermediates.noindex/Supabase.build/Release-iphoneos/Storage.build/Objects-normal/arm64/Storage.SwiftFileList -DSWIFT_PACKAGE -DXcode -enable-upcoming-feature ExistentialAny -enable-upcoming-feature ImmutableWeakCaptures -enable-upcoming-feature InferIsolatedConformances -enable-upcoming-feature InternalImportsByDefault -enable-upcoming-feature MemberImportVisibility -plugin-path /Applications/Xcode_16.4.app/Contents/Developer/Toolchains/XcodeDefault.xctoolchain/usr/lib/swift/host/plugins/testing -enable-experimental-feature DebugDescriptionMacro -sdk /Applications/Xcode_16.4.app/Contents/Developer/Platforms/iPhoneOS.platform/Developer/SDKs/iPhoneOS18.5.sdk -target arm64-apple-ios16.0 -g -module-cache-path /Users/runner/Library/Developer/Xcode/DerivedData/ModuleCache.noindex -Xfrontend -serialize-debugging-options -suppress-warnings -swift-version 6 -I /Users/runner/Library/Developer/Xcode/DerivedData/SplatNative-dwmjesbccinwnzhdvkeajvbyatnj/Build/Products/Release-iphoneos -I /Applications/Xcode_16.4.app/Contents/Developer/Platforms/iPhoneOS.platform/Developer/usr/lib -F /Users/runner/Library/Developer/Xcode/DerivedData/SplatNative-dwmjesbccinwnzhdvkeajvbyatnj/Build/Products/Release-iphoneos/PackageFrameworks -F /Users/runner/Library/Developer/Xcode/DerivedData/SplatNative-dwmjesbccinwnzhdvkeajvbyatnj/Build/Products/Release-iphoneos/PackageFrameworks -F /Users/runner/Library/Developer/Xcode/DerivedData/SplatNative-dwmjesbccinwnzhdvkeajvbyatnj/Build/Products/Release-iphoneos/PackageFrameworks -F /Users/runner/Library/Developer/Xcode/DerivedData/SplatNative-dwmjesbccinwnzhdvkeajvbyatnj/Build/Products/Release-iphoneos/PackageFrameworks -F /Users/runner/Library/Developer/Xcode/DerivedData/SplatNative-dwmjesbccinwnzhdvkeajvbyatnj/Build/Products/Release-iphoneos/PackageFrameworks -F /Users/runner/Library/Developer/Xcode/DerivedData/SplatNative-dwmjesbccinwnzhdvkeajvbyatnj/Build/Products/Release-iphoneos/PackageFrameworks -F /Users/runner/Library/Developer/Xcode/DerivedData/SplatNative-dwmjesbccinwnzhdvkeajvbyatnj/Build/Products/Release-iphoneos -F /Applications/Xcode_16.4.app/Contents/Developer/Platforms/iPhoneOS.platform/Developer/Library/Frameworks -F /Applications/Xcode_16.4.app/Contents/Developer/Platforms/iPhoneOS.platform/Developer/SDKs/iPhoneOS18.5.sdk/Developer/Library/Frameworks -c -num-threads 3 -Xcc -ivfsstatcache -Xcc /Users/runner/Library/Developer/Xcode/DerivedData/SDKStatCaches.noindex/iphoneos18.5-22F76-a529daf784b3616c7c04a36aeb7f5c05.sdkstatcache -output-file-map /Users/runner/Library/Developer/Xcode/DerivedData/SplatNative-dwmjesbccinwnzhdvkeajvbyatnj/Build/Intermediates.noindex/Supabase.build/Release-iphoneos/Storage.build/Objects-normal/arm64/Storage-OutputFileMap.json -use-frontend-parseable-output -save-temps -no-color-diagnostics -serialize-diagnostics -emit-dependencies -emit-module -emit-module-path /Users/runner/Library/Developer/Xcode/DerivedData/SplatNative-dwmjesbccinwnzhdvkeajvbyatnj/Build/Intermediates.noindex/Supabase.build/Release-iphoneos/Storage.build/Objects-normal/arm64/Storage.swiftmodule -validate-clang-modules-once -clang-build-session-file /Users/runner/Library/Developer/Xcode/DerivedData/ModuleCache.noindex/Session.modulevalidation -package-name supabase_swift -Xcc -I/Users/runner/Library/Developer/Xcode/DerivedData/SplatNative-dwmjesbccinwnzhdvkeajvbyatnj/Build/Intermediates.noindex/Supabase.build/Release-iphoneos/Storage.build/swift-overrides.hmap -emit-const-values -Xfrontend -const-gather-protocols-file -Xfrontend /Users/runner/Library/Developer/Xcode/DerivedData/SplatNative-dwmjesbccinwnzhdvkeajvbyatnj/Build/Intermediates.noindex/Supabase.build/Release-iphoneos/Storage.build/Objects-normal/arm64/Storage_const_extract_protocols.json -Xcc -I/Users/runner/Library/Developer/Xcode/DerivedData/SplatNative-dwmjesbccinwnzhdvkeajvbyatnj/Build/Products/Release-iphoneos/include -Xcc -I/Users/runner/Library/Developer/Xcode/DerivedData/SplatNative-dwmjesbccinwnzhdvkeajvbyatnj/Build/Intermediates.noindex/Supabase.build/Release-iphoneos/Storage.build/DerivedSources-normal/arm64 -Xcc -I/Users/runner/Library/Developer/Xcode/DerivedData/SplatNative-dwmjesbccinwnzhdvkeajvbyatnj/Build/Intermediates.noindex/Supabase.build/Release-iphoneos/Storage.build/DerivedSources/arm64 -Xcc -I/Users/runner/Library/Developer/Xcode/DerivedData/SplatNative-dwmjesbccinwnzhdvkeajvbyatnj/Build/Intermediates.noindex/Supabase.build/Release-iphoneos/Storage.build/DerivedSources -Xcc -DSWIFT_PACKAGE -emit-objc-header -emit-objc-header-path /Users/runner/Library/Developer/Xcode/DerivedData/SplatNative-dwmjesbccinwnzhdvkeajvbyatnj/Build/Intermediates.noindex/Supabase.build/Release-iphoneos/Storage.build/Objects-normal/arm64/Storage-Swift.h -working-directory /Users/runner/work/ALLSUNDAY1122.github.io/ALLSUNDAY1122.github.io/splat-native-ios/SplatNative.xcodeproj -no-emit-module-separately-wmo

SwiftDriver RealtimeV2 normal arm64 com.apple.xcode.tools.swift.compiler (in target 'RealtimeV2' from project 'Supabase')
    cd /Users/runner/work/ALLSUNDAY1122.github.io/ALLSUNDAY1122.github.io/splat-native-ios/SplatNative.xcodeproj
    builtin-SwiftDriver -- /Applications/Xcode_16.4.app/Contents/Developer/Toolchains/XcodeDefault.xctoolchain/usr/bin/swiftc -module-name RealtimeV2 -O -whole-module-optimization -enforce-exclusivity\=checked @/Users/runner/Library/Developer/Xcode/DerivedData/SplatNative-dwmjesbccinwnzhdvkeajvbyatnj/Build/Intermediates.noindex/Supabase.build/Release-iphoneos/RealtimeV2.build/Objects-normal/arm64/RealtimeV2.SwiftFileList -DSWIFT_PACKAGE -DXcode -enable-upcoming-feature ExistentialAny -enable-upcoming-feature ImmutableWeakCaptures -enable-upcoming-feature InferIsolatedConformances -enable-upcoming-feature InternalImportsByDefault -enable-upcoming-feature MemberImportVisibility -plugin-path /Applications/Xcode_16.4.app/Contents/Developer/Toolchains/XcodeDefault.xctoolchain/usr/lib/swift/host/plugins/testing -enable-experimental-feature DebugDescriptionMacro -sdk /Applications/Xcode_16.4.app/Contents/Developer/Platforms/iPhoneOS.platform/Developer/SDKs/iPhoneOS18.5.sdk -target arm64-apple-ios16.0 -g -module-cache-path /Users/runner/Library/Developer/Xcode/DerivedData/ModuleCache.noindex -Xfrontend -serialize-debugging-options -suppress-warnings -swift-version 6 -I /Users/runner/Library/Developer/Xcode/DerivedData/SplatNative-dwmjesbccinwnzhdvkeajvbyatnj/Build/Products/Release-iphoneos -I /Applications/Xcode_16.4.app/Contents/Developer/Platforms/iPhoneOS.platform/Developer/usr/lib -F /Users/runner/Library/Developer/Xcode/DerivedData/SplatNative-dwmjesbccinwnzhdvkeajvbyatnj/Build/Products/Release-iphoneos/PackageFrameworks -F /Users/runner/Library/Developer/Xcode/DerivedData/SplatNative-dwmjesbccinwnzhdvkeajvbyatnj/Build/Products/Release-iphoneos/PackageFrameworks -F /Users/runner/Library/Developer/Xcode/DerivedData/SplatNative-dwmjesbccinwnzhdvkeajvbyatnj/Build/Products/Release-iphoneos/PackageFrameworks -F /Users/runner/Library/Developer/Xcode/DerivedData/SplatNative-dwmjesbccinwnzhdvkeajvbyatnj/Build/Products/Release-iphoneos/PackageFrameworks -F /Users/runner/Library/Developer/Xcode/DerivedData/SplatNative-dwmjesbccinwnzhdvkeajvbyatnj/Build/Products/Release-iphoneos/PackageFrameworks -F /Users/runner/Library/Developer/Xcode/DerivedData/SplatNative-dwmjesbccinwnzhdvkeajvbyatnj/Build/Products/Release-iphoneos/PackageFrameworks -F /Users/runner/Library/Developer/Xcode/DerivedData/SplatNative-dwmjesbccinwnzhdvkeajvbyatnj/Build/Products/Release-iphoneos -F /Applications/Xcode_16.4.app/Contents/Developer/Platforms/iPhoneOS.platform/Developer/Library/Frameworks -F /Applications/Xcode_16.4.app/Contents/Developer/Platforms/iPhoneOS.platform/Developer/SDKs/iPhoneOS18.5.sdk/Developer/Library/Frameworks -c -num-threads 3 -Xcc -ivfsstatcache -Xcc /Users/runner/Library/Developer/Xcode/DerivedData/SDKStatCaches.noindex/iphoneos18.5-22F76-a529daf784b3616c7c04a36aeb7f5c05.sdkstatcache -output-file-map /Users/runner/Library/Developer/Xcode/DerivedData/SplatNative-dwmjesbccinwnzhdvkeajvbyatnj/Build/Intermediates.noindex/Supabase.build/Release-iphoneos/RealtimeV2.build/Objects-normal/arm64/RealtimeV2-OutputFileMap.json -use-frontend-parseable-output -save-temps -no-color-diagnostics -serialize-diagnostics -emit-dependencies -emit-module -emit-module-path /Users/runner/Library/Developer/Xcode/DerivedData/SplatNative-dwmjesbccinwnzhdvkeajvbyatnj/Build/Intermediates.noindex/Supabase.build/Release-iphoneos/RealtimeV2.build/Objects-normal/arm64/RealtimeV2.swiftmodule -validate-clang-modules-once -clang-build-session-file /Users/runner/Library/Developer/Xcode/DerivedData/ModuleCache.noindex/Session.modulevalidation -package-name supabase_swift -Xcc -I/Users/runner/Library/Developer/Xcode/DerivedData/SplatNative-dwmjesbccinwnzhdvkeajvbyatnj/Build/Intermediates.noindex/Supabase.build/Release-iphoneos/RealtimeV2.build/swift-overrides.hmap -emit-const-values -Xfrontend -const-gather-protocols-file -Xfrontend /Users/runner/Library/Developer/Xcode/DerivedData/SplatNative-dwmjesbccinwnzhdvkeajvbyatnj/Build/Intermediates.noindex/Supabase.build/Release-iphoneos/RealtimeV2.build/Objects-normal/arm64/RealtimeV2_const_extract_protocols.json -Xcc -I/Users/runner/Library/Developer/Xcode/DerivedData/SplatNative-dwmjesbccinwnzhdvkeajvbyatnj/Build/Products/Release-iphoneos/include -Xcc -I/Users/runner/Library/Developer/Xcode/DerivedData/SplatNative-dwmjesbccinwnzhdvkeajvbyatnj/Build/Intermediates.noindex/Supabase.build/Release-iphoneos/RealtimeV2.build/DerivedSources-normal/arm64 -Xcc -I/Users/runner/Library/Developer/Xcode/DerivedData/SplatNative-dwmjesbccinwnzhdvkeajvbyatnj/Build/Intermediates.noindex/Supabase.build/Release-iphoneos/RealtimeV2.build/DerivedSources/arm64 -Xcc -I/Users/runner/Library/Developer/Xcode/DerivedData/SplatNative-dwmjesbccinwnzhdvkeajvbyatnj/Build/Intermediates.noindex/Supabase.build/Release-iphoneos/RealtimeV2.build/DerivedSources -Xcc -DSWIFT_PACKAGE -emit-objc-header -emit-objc-header-path /Users/runner/Library/Developer/Xcode/DerivedData/SplatNative-dwmjesbccinwnzhdvkeajvbyatnj/Build/Intermediates.noindex/Supabase.build/Release-iphoneos/RealtimeV2.build/Objects-normal/arm64/RealtimeV2-Swift.h -working-directory /Users/runner/work/ALLSUNDAY1122.github.io/ALLSUNDAY1122.github.io/splat-native-ios/SplatNative.xcodeproj -no-emit-module-separately-wmo

SwiftDriver PostgREST normal arm64 com.apple.xcode.tools.swift.compiler (in target 'PostgREST' from project 'Supabase')
    cd /Users/runner/work/ALLSUNDAY1122.github.io/ALLSUNDAY1122.github.io/splat-native-ios/SplatNative.xcodeproj
    builtin-SwiftDriver -- /Applications/Xcode_16.4.app/Contents/Developer/Toolchains/XcodeDefault.xctoolchain/usr/bin/swiftc -module-name PostgREST -O -whole-module-optimization -enforce-exclusivity\=checked @/Users/runner/Library/Developer/Xcode/DerivedData/SplatNative-dwmjesbccinwnzhdvkeajvbyatnj/Build/Intermediates.noindex/Supabase.build/Release-iphoneos/PostgREST.build/Objects-normal/arm64/PostgREST.SwiftFileList -DSWIFT_PACKAGE -DXcode -enable-upcoming-feature ExistentialAny -enable-upcoming-feature ImmutableWeakCaptures -enable-upcoming-feature InferIsolatedConformances -enable-upcoming-feature InternalImportsByDefault -enable-upcoming-feature MemberImportVisibility -plugin-path /Applications/Xcode_16.4.app/Contents/Developer/Toolchains/XcodeDefault.xctoolchain/usr/lib/swift/host/plugins/testing -enable-experimental-feature DebugDescriptionMacro -sdk /Applications/Xcode_16.4.app/Contents/Developer/Platforms/iPhoneOS.platform/Developer/SDKs/iPhoneOS18.5.sdk -target arm64-apple-ios16.0 -g -module-cache-path /Users/runner/Library/Developer/Xcode/DerivedData/ModuleCache.noindex -Xfrontend -serialize-debugging-options -suppress-warnings -swift-version 6 -I /Users/runner/Library/Developer/Xcode/DerivedData/SplatNative-dwmjesbccinwnzhdvkeajvbyatnj/Build/Products/Release-iphoneos -I /Applications/Xcode_16.4.app/Contents/Developer/Platforms/iPhoneOS.platform/Developer/usr/lib -F /Users/runner/Library/Developer/Xcode/DerivedData/SplatNative-dwmjesbccinwnzhdvkeajvbyatnj/Build/Products/Release-iphoneos/PackageFrameworks -F /Users/runner/Library/Developer/Xcode/DerivedData/SplatNative-dwmjesbccinwnzhdvkeajvbyatnj/Build/Products/Release-iphoneos/PackageFrameworks -F /Users/runner/Library/Developer/Xcode/DerivedData/SplatNative-dwmjesbccinwnzhdvkeajvbyatnj/Build/Products/Release-iphoneos/PackageFrameworks -F /Users/runner/Library/Developer/Xcode/DerivedData/SplatNative-dwmjesbccinwnzhdvkeajvbyatnj/Build/Products/Release-iphoneos/PackageFrameworks -F /Users/runner/Library/Developer/Xcode/DerivedData/SplatNative-dwmjesbccinwnzhdvkeajvbyatnj/Build/Products/Release-iphoneos/PackageFrameworks -F /Users/runner/Library/Developer/Xcode/DerivedData/SplatNative-dwmjesbccinwnzhdvkeajvbyatnj/Build/Products/Release-iphoneos/PackageFrameworks -F /Users/runner/Library/Developer/Xcode/DerivedData/SplatNative-dwmjesbccinwnzhdvkeajvbyatnj/Build/Products/Release-iphoneos -F /Applications/Xcode_16.4.app/Contents/Developer/Platforms/iPhoneOS.platform/Developer/Library/Frameworks -F /Applications/Xcode_16.4.app/Contents/Developer/Platforms/iPhoneOS.platform/Developer/SDKs/iPhoneOS18.5.sdk/Developer/Library/Frameworks -c -num-threads 3 -Xcc -ivfsstatcache -Xcc /Users/runner/Library/Developer/Xcode/DerivedData/SDKStatCaches.noindex/iphoneos18.5-22F76-a529daf784b3616c7c04a36aeb7f5c05.sdkstatcache -output-file-map /Users/runner/Library/Developer/Xcode/DerivedData/SplatNative-dwmjesbccinwnzhdvkeajvbyatnj/Build/Intermediates.noindex/Supabase.build/Release-iphoneos/PostgREST.build/Objects-normal/arm64/PostgREST-OutputFileMap.json -use-frontend-parseable-output -save-temps -no-color-diagnostics -serialize-diagnostics -emit-dependencies -emit-module -emit-module-path /Users/runner/Library/Developer/Xcode/DerivedData/SplatNative-dwmjesbccinwnzhdvkeajvbyatnj/Build/Intermediates.noindex/Supabase.build/Release-iphoneos/PostgREST.build/Objects-normal/arm64/PostgREST.swiftmodule -validate-clang-modules-once -clang-build-session-file /Users/runner/Library/Developer/Xcode/DerivedData/ModuleCache.noindex/Session.modulevalidation -package-name supabase_swift -Xcc -I/Users/runner/Library/Developer/Xcode/DerivedData/SplatNative-dwmjesbccinwnzhdvkeajvbyatnj/Build/Intermediates.noindex/Supabase.build/Release-iphoneos/PostgREST.build/swift-overrides.hmap -emit-const-values -Xfrontend -const-gather-protocols-file -Xfrontend /Users/runner/Library/Developer/Xcode/DerivedData/SplatNative-dwmjesbccinwnzhdvkeajvbyatnj/Build/Intermediates.noindex/Supabase.build/Release-iphoneos/PostgREST.build/Objects-normal/arm64/PostgREST_const_extract_protocols.json -Xcc -I/Users/runner/Library/Developer/Xcode/DerivedData/SplatNative-dwmjesbccinwnzhdvkeajvbyatnj/Build/Products/Release-iphoneos/include -Xcc -I/Users/runner/Library/Developer/Xcode/DerivedData/SplatNative-dwmjesbccinwnzhdvkeajvbyatnj/Build/Intermediates.noindex/Supabase.build/Release-iphoneos/PostgREST.build/DerivedSources-normal/arm64 -Xcc -I/Users/runner/Library/Developer/Xcode/DerivedData/SplatNative-dwmjesbccinwnzhdvkeajvbyatnj/Build/Intermediates.noindex/Supabase.build/Release-iphoneos/PostgREST.build/DerivedSources/arm64 -Xcc -I/Users/runner/Library/Developer/Xcode/DerivedData/SplatNative-dwmjesbccinwnzhdvkeajvbyatnj/Build/Intermediates.noindex/Supabase.build/Release-iphoneos/PostgREST.build/DerivedSources -Xcc -DSWIFT_PACKAGE -emit-objc-header -emit-objc-header-path /Users/runner/Library/Developer/Xcode/DerivedData/SplatNative-dwmjesbccinwnzhdvkeajvbyatnj/Build/Intermediates.noindex/Supabase.build/Release-iphoneos/PostgREST.build/Objects-normal/arm64/PostgREST-Swift.h -working-directory /Users/runner/work/ALLSUNDAY1122.github.io/ALLSUNDAY1122.github.io/splat-native-ios/SplatNative.xcodeproj -no-emit-module-separately-wmo

SwiftDriver Functions normal arm64 com.apple.xcode.tools.swift.compiler (in target 'Functions' from project 'Supabase')
    cd /Users/runner/work/ALLSUNDAY1122.github.io/ALLSUNDAY1122.github.io/splat-native-ios/SplatNative.xcodeproj
    builtin-SwiftDriver -- /Applications/Xcode_16.4.app/Contents/Developer/Toolchains/XcodeDefault.xctoolchain/usr/bin/swiftc -module-name Functions -O -whole-module-optimization -enforce-exclusivity\=checked @/Users/runner/Library/Developer/Xcode/DerivedData/SplatNative-dwmjesbccinwnzhdvkeajvbyatnj/Build/Intermediates.noindex/Supabase.build/Release-iphoneos/Functions.build/Objects-normal/arm64/Functions.SwiftFileList -DSWIFT_PACKAGE -DXcode -enable-upcoming-feature ExistentialAny -enable-upcoming-feature ImmutableWeakCaptures -enable-upcoming-feature InferIsolatedConformances -enable-upcoming-feature InternalImportsByDefault -enable-upcoming-feature MemberImportVisibility -plugin-path /Applications/Xcode_16.4.app/Contents/Developer/Toolchains/XcodeDefault.xctoolchain/usr/lib/swift/host/plugins/testing -enable-experimental-feature DebugDescriptionMacro -sdk /Applications/Xcode_16.4.app/Contents/Developer/Platforms/iPhoneOS.platform/Developer/SDKs/iPhoneOS18.5.sdk -target arm64-apple-ios16.0 -g -module-cache-path /Users/runner/Library/Developer/Xcode/DerivedData/ModuleCache.noindex -Xfrontend -serialize-debugging-options -suppress-warnings -swift-version 6 -I /Users/runner/Library/Developer/Xcode/DerivedData/SplatNative-dwmjesbccinwnzhdvkeajvbyatnj/Build/Products/Release-iphoneos -I /Applications/Xcode_16.4.app/Contents/Developer/Platforms/iPhoneOS.platform/Developer/usr/lib -F /Users/runner/Library/Developer/Xcode/DerivedData/SplatNative-dwmjesbccinwnzhdvkeajvbyatnj/Build/Products/Release-iphoneos/PackageFrameworks -F /Users/runner/Library/Developer/Xcode/DerivedData/SplatNative-dwmjesbccinwnzhdvkeajvbyatnj/Build/Products/Release-iphoneos/PackageFrameworks -F /Users/runner/Library/Developer/Xcode/DerivedData/SplatNative-dwmjesbccinwnzhdvkeajvbyatnj/Build/Products/Release-iphoneos/PackageFrameworks -F /Users/runner/Library/Developer/Xcode/DerivedData/SplatNative-dwmjesbccinwnzhdvkeajvbyatnj/Build/Products/Release-iphoneos/PackageFrameworks -F /Users/runner/Library/Developer/Xcode/DerivedData/SplatNative-dwmjesbccinwnzhdvkeajvbyatnj/Build/Products/Release-iphoneos/PackageFrameworks -F /Users/runner/Library/Developer/Xcode/DerivedData/SplatNative-dwmjesbccinwnzhdvkeajvbyatnj/Build/Products/Release-iphoneos/PackageFrameworks -F /Users/runner/Library/Developer/Xcode/DerivedData/SplatNative-dwmjesbccinwnzhdvkeajvbyatnj/Build/Products/Release-iphoneos -F /Applications/Xcode_16.4.app/Contents/Developer/Platforms/iPhoneOS.platform/Developer/Library/Frameworks -F /Applications/Xcode_16.4.app/Contents/Developer/Platforms/iPhoneOS.platform/Developer/SDKs/iPhoneOS18.5.sdk/Developer/Library/Frameworks -c -num-threads 3 -Xcc -ivfsstatcache -Xcc /Users/runner/Library/Developer/Xcode/DerivedData/SDKStatCaches.noindex/iphoneos18.5-22F76-a529daf784b3616c7c04a36aeb7f5c05.sdkstatcache -output-file-map /Users/runner/Library/Developer/Xcode/DerivedData/SplatNative-dwmjesbccinwnzhdvkeajvbyatnj/Build/Intermediates.noindex/Supabase.build/Release-iphoneos/Functions.build/Objects-normal/arm64/Functions-OutputFileMap.json -use-frontend-parseable-output -save-temps -no-color-diagnostics -serialize-diagnostics -emit-dependencies -emit-module -emit-module-path /Users/runner/Library/Developer/Xcode/DerivedData/SplatNative-dwmjesbccinwnzhdvkeajvbyatnj/Build/Intermediates.noindex/Supabase.build/Release-iphoneos/Functions.build/Objects-normal/arm64/Functions.swiftmodule -validate-clang-modules-once -clang-build-session-file /Users/runner/Library/Developer/Xcode/DerivedData/ModuleCache.noindex/Session.modulevalidation -package-name supabase_swift -Xcc -I/Users/runner/Library/Developer/Xcode/DerivedData/SplatNative-dwmjesbccinwnzhdvkeajvbyatnj/Build/Intermediates.noindex/Supabase.build/Release-iphoneos/Functions.build/swift-overrides.hmap -emit-const-values -Xfrontend -const-gather-protocols-file -Xfrontend /Users/runner/Library/Developer/Xcode/DerivedData/SplatNative-dwmjesbccinwnzhdvkeajvbyatnj/Build/Intermediates.noindex/Supabase.build/Release-iphoneos/Functions.build/Objects-normal/arm64/Functions_const_extract_protocols.json -Xcc -I/Users/runner/Library/Developer/Xcode/DerivedData/SplatNative-dwmjesbccinwnzhdvkeajvbyatnj/Build/Products/Release-iphoneos/include -Xcc -I/Users/runner/Library/Developer/Xcode/DerivedData/SplatNative-dwmjesbccinwnzhdvkeajvbyatnj/Build/Intermediates.noindex/Supabase.build/Release-iphoneos/Functions.build/DerivedSources-normal/arm64 -Xcc -I/Users/runner/Library/Developer/Xcode/DerivedData/SplatNative-dwmjesbccinwnzhdvkeajvbyatnj/Build/Intermediates.noindex/Supabase.build/Release-iphoneos/Functions.build/DerivedSources/arm64 -Xcc -I/Users/runner/Library/Developer/Xcode/DerivedData/SplatNative-dwmjesbccinwnzhdvkeajvbyatnj/Build/Intermediates.noindex/Supabase.build/Release-iphoneos/Functions.build/DerivedSources -Xcc -DSWIFT_PACKAGE -emit-objc-header -emit-objc-header-path /Users/runner/Library/Developer/Xcode/DerivedData/SplatNative-dwmjesbccinwnzhdvkeajvbyatnj/Build/Intermediates.noindex/Supabase.build/Release-iphoneos/Functions.build/Objects-normal/arm64/Functions-Swift.h -working-directory /Users/runner/work/ALLSUNDAY1122.github.io/ALLSUNDAY1122.github.io/splat-native-ios/SplatNative.xcodeproj -no-emit-module-separately-wmo

SwiftCompile normal arm64 Compiling\ Codable.swift,\ Deprecated.swift,\ Exports.swift,\ Helpers.swift,\ MultipartFormData.swift,\ StorageApi.swift,\ StorageBucketApi.swift,\ StorageError.swift,\ StorageFileApi.swift,\ StorageHTTPClient.swift,\ StorageVectorsClient.swift,\ SupabaseStorage.swift,\ Types.swift,\ VectorBucketClient.swift,\ VectorIndexClient.swift /Users/runner/Library/Developer/Xcode/DerivedData/SplatNative-dwmjesbccinwnzhdvkeajvbyatnj/SourcePackages/checkouts/supabase-swift/Sources/Storage/Codable.swift /Users/runner/Library/Developer/Xcode/DerivedData/SplatNative-dwmjesbccinwnzhdvkeajvbyatnj/SourcePackages/checkouts/supabase-swift/Sources/Storage/Deprecated.swift /Users/runner/Library/Developer/Xcode/DerivedData/SplatNative-dwmjesbccinwnzhdvkeajvbyatnj/SourcePackages/checkouts/supabase-swift/Sources/Storage/Exports.swift /Users/runner/Library/Developer/Xcode/DerivedData/SplatNative-dwmjesbccinwnzhdvkeajvbyatnj/SourcePackages/checkouts/supabase-swift/Sources/Storage/Helpers.swift /Users/runner/Library/Developer/Xcode/DerivedData/SplatNative-dwmjesbccinwnzhdvkeajvbyatnj/SourcePackages/checkouts/supabase-swift/Sources/Storage/MultipartFormData.swift /Users/runner/Library/Developer/Xcode/DerivedData/SplatNative-dwmjesbccinwnzhdvkeajvbyatnj/SourcePackages/checkouts/supabase-swift/Sources/Storage/StorageApi.swift /Users/runner/Library/Developer/Xcode/DerivedData/SplatNative-dwmjesbccinwnzhdvkeajvbyatnj/SourcePackages/checkouts/supabase-swift/Sources/Storage/StorageBucketApi.swift /Users/runner/Library/Developer/Xcode/DerivedData/SplatNative-dwmjesbccinwnzhdvkeajvbyatnj/SourcePackages/checkouts/supabase-swift/Sources/Storage/StorageError.swift /Users/runner/Library/Developer/Xcode/DerivedData/SplatNative-dwmjesbccinwnzhdvkeajvbyatnj/SourcePackages/checkouts/supabase-swift/Sources/Storage/StorageFileApi.swift /Users/runner/Library/Developer/Xcode/DerivedData/SplatNative-dwmjesbccinwnzhdvkeajvbyatnj/SourcePackages/checkouts/supabase-swift/Sources/Storage/StorageHTTPClient.swift /Users/runner/Library/Developer/Xcode/DerivedData/SplatNative-dwmjesbccinwnzhdvkeajvbyatnj/SourcePackages/checkouts/supabase-swift/Sources/Storage/StorageVectorsClient.swift /Users/runner/Library/Developer/Xcode/DerivedData/SplatNative-dwmjesbccinwnzhdvkeajvbyatnj/SourcePackages/checkouts/supabase-swift/Sources/Storage/SupabaseStorage.swift /Users/runner/Library/Developer/Xcode/DerivedData/SplatNative-dwmjesbccinwnzhdvkeajvbyatnj/SourcePackages/checkouts/supabase-swift/Sources/Storage/Types.swift /Users/runner/Library/Developer/Xcode/DerivedData/SplatNative-dwmjesbccinwnzhdvkeajvbyatnj/SourcePackages/checkouts/supabase-swift/Sources/Storage/VectorBucketClient.swift /Users/runner/Library/Developer/Xcode/DerivedData/SplatNative-dwmjesbccinwnzhdvkeajvbyatnj/SourcePackages/checkouts/supabase-swift/Sources/Storage/VectorIndexClient.swift (in target 'Storage' from project 'Supabase')

CompileSwift normal arm64 (in target 'Storage' from project 'Supabase')
    cd /Users/runner/work/ALLSUNDAY1122.github.io/ALLSUNDAY1122.github.io/splat-native-ios/SplatNative.xcodeproj
    

SwiftCompile normal arm64 Compiling\ CallbackManager.swift,\ ChannelEvent.swift,\ ChannelStateManager.swift,\ ConnectionManager.swift,\ Exports.swift,\ PostgresAction.swift,\ PostgresActionData.swift,\ PresenceAction.swift,\ PushV2.swift,\ RealtimeChannel+AsyncAwait.swift,\ RealtimeChannel+Status.swift,\ RealtimeChannelV2.swift,\ RealtimeClient+HeartbeatStatus.swift,\ RealtimeClient+Status.swift,\ RealtimeClientV2.swift,\ RealtimeError.swift,\ RealtimeJoinConfig.swift,\ RealtimeLifecycleManager.swift,\ RealtimeMessageV2.swift,\ RealtimePostgresFilter.swift,\ RealtimePostgresFilterValue.swift,\ RealtimeSerializer.swift,\ Types.swift,\ URLSessionWebSocket.swift,\ WebSocket.swift /Users/runner/Library/Developer/Xcode/DerivedData/SplatNative-dwmjesbccinwnzhdvkeajvbyatnj/SourcePackages/checkouts/supabase-swift/Sources/RealtimeV2/CallbackManager.swift /Users/runner/Library/Developer/Xcode/DerivedData/SplatNative-dwmjesbccinwnzhdvkeajvbyatnj/SourcePackages/checkouts/supabase-swift/Sources/RealtimeV2/ChannelEvent.swift /Users/runner/Library/Developer/Xcode/DerivedData/SplatNative-dwmjesbccinwnzhdvkeajvbyatnj/SourcePackages/checkouts/supabase-swift/Sources/RealtimeV2/ChannelStateManager.swift /Users/runner/Library/Developer/Xcode/DerivedData/SplatNative-dwmjesbccinwnzhdvkeajvbyatnj/SourcePackages/checkouts/supabase-swift/Sources/RealtimeV2/ConnectionManager.swift /Users/runner/Library/Developer/Xcode/DerivedData/SplatNative-dwmjesbccinwnzhdvkeajvbyatnj/SourcePackages/checkouts/supabase-swift/Sources/RealtimeV2/Exports.swift /Users/runner/Library/Developer/Xcode/DerivedData/SplatNative-dwmjesbccinwnzhdvkeajvbyatnj/SourcePackages/checkouts/supabase-swift/Sources/RealtimeV2/PostgresAction.swift /Users/runner/Library/Developer/Xcode/DerivedData/SplatNative-dwmjesbccinwnzhdvkeajvbyatnj/SourcePackages/checkouts/supabase-swift/Sources/RealtimeV2/PostgresActionData.swift /Users/runner/Library/Developer/Xcode/DerivedData/SplatNative-dwmjesbccinwnzhdvkeajvbyatnj/SourcePackages/checkouts/supabase-swift/Sources/RealtimeV2/PresenceAction.swift /Users/runner/Library/Developer/Xcode/DerivedData/SplatNative-dwmjesbccinwnzhdvkeajvbyatnj/SourcePackages/checkouts/supabase-swift/Sources/RealtimeV2/PushV2.swift /Users/runner/Library/Developer/Xcode/DerivedData/SplatNative-dwmjesbccinwnzhdvkeajvbyatnj/SourcePackages/checkouts/supabase-swift/Sources/RealtimeV2/RealtimeChannel+AsyncAwait.swift /Users/runner/Library/Developer/Xcode/DerivedData/SplatNative-dwmjesbccinwnzhdvkeajvbyatnj/SourcePackages/checkouts/supabase-swift/Sources/RealtimeV2/RealtimeChannel+Status.swift /Users/runner/Library/Developer/Xcode/DerivedData/SplatNative-dwmjesbccinwnzhdvkeajvbyatnj/SourcePackages/checkouts/supabase-swift/Sources/RealtimeV2/RealtimeChannelV2.swift /Users/runner/Library/Developer/Xcode/DerivedData/SplatNative-dwmjesbccinwnzhdvkeajvbyatnj/SourcePackages/checkouts/supabase-swift/Sources/RealtimeV2/RealtimeClient+HeartbeatStatus.swift /Users/runner/Library/Developer/Xcode/DerivedData/SplatNative-dwmjesbccinwnzhdvkeajvbyatnj/SourcePackages/checkouts/supabase-swift/Sources/RealtimeV2/RealtimeClient+Status.swift /Users/runner/Library/Developer/Xcode/DerivedData/SplatNative-dwmjesbccinwnzhdvkeajvbyatnj/SourcePackages/checkouts/supabase-swift/Sources/RealtimeV2/RealtimeClientV2.swift /Users/runner/Library/Developer/Xcode/DerivedData/SplatNative-dwmjesbccinwnzhdvkeajvbyatnj/SourcePackages/checkouts/supabase-swift/Sources/RealtimeV2/RealtimeError.swift /Users/runner/Library/Developer/Xcode/DerivedData/SplatNative-dwmjesbccinwnzhdvkeajvbyatnj/SourcePackages/checkouts/supabase-swift/Sources/RealtimeV2/RealtimeJoinConfig.swift /Users/runner/Library/Developer/Xcode/DerivedData/SplatNative-dwmjesbccinwnzhdvkeajvbyatnj/SourcePackages/checkouts/supabase-swift/Sources/RealtimeV2/RealtimeLifecycleManager.swift /Users/runner/Library/Developer/Xcode/DerivedData/SplatNative-dwmjesbccinwnzhdvkeajvbyatnj/SourcePackages/checkouts/supabase-swift/Sources/RealtimeV2/RealtimeMessageV2.swift /Users/runner/Library/Developer/Xcode/DerivedData/SplatNative-dwmjesbccinwnzhdvkeajvbyatnj/SourcePackages/checkouts/supabase-swift/Sources/RealtimeV2/RealtimePostgresFilter.swift /Users/runner/Library/Developer/Xcode/DerivedData/SplatNative-dwmjesbccinwnzhdvkeajvbyatnj/SourcePackages/checkouts/supabase-swift/Sources/RealtimeV2/RealtimePostgresFilterValue.swift /Users/runner/Library/Developer/Xcode/DerivedData/SplatNative-dwmjesbccinwnzhdvkeajvbyatnj/SourcePackages/checkouts/supabase-swift/Sources/RealtimeV2/RealtimeSerializer.swift /Users/runner/Library/Developer/Xcode/DerivedData/SplatNative-dwmjesbccinwnzhdvkeajvbyatnj/SourcePackages/checkouts/supabase-swift/Sources/RealtimeV2/Types.swift /Users/runner/Library/Developer/Xcode/DerivedData/SplatNative-dwmjesbccinwnzhdvkeajvbyatnj/SourcePackages/checkouts/supabase-swift/Sources/RealtimeV2/WebSocket/URLSessionWebSocket.swift /Users/runner/Library/Developer/Xcode/DerivedData/SplatNative-dwmjesbccinwnzhdvkeajvbyatnj/SourcePackages/checkouts/supabase-swift/Sources/RealtimeV2/WebSocket/WebSocket.swift (in target 'RealtimeV2' from project 'Supabase')
CompileSwift normal arm64 (in target 'RealtimeV2' from project 'Supabase')
    cd /Users/runner/work/ALLSUNDAY1122.github.io/ALLSUNDAY1122.github.io/splat-native-ios/SplatNative.xcodeproj
    

SwiftDriver Auth normal arm64 com.apple.xcode.tools.swift.compiler (in target 'Auth' from project 'Supabase')
    cd /Users/runner/work/ALLSUNDAY1122.github.io/ALLSUNDAY1122.github.io/splat-native-ios/SplatNative.xcodeproj
    builtin-SwiftDriver -- /Applications/Xcode_16.4.app/Contents/Developer/Toolchains/XcodeDefault.xctoolchain/usr/bin/swiftc -module-name Auth -O -whole-module-optimization -enforce-exclusivity\=checked @/Users/runner/Library/Developer/Xcode/DerivedData/SplatNative-dwmjesbccinwnzhdvkeajvbyatnj/Build/Intermediates.noindex/Supabase.build/Release-iphoneos/Auth.build/Objects-normal/arm64/Auth.SwiftFileList -DSWIFT_PACKAGE -DXcode -enable-upcoming-feature ExistentialAny -enable-upcoming-feature ImmutableWeakCaptures -enable-upcoming-feature InferIsolatedConformances -enable-upcoming-feature InternalImportsByDefault -enable-upcoming-feature MemberImportVisibility -plugin-path /Applications/Xcode_16.4.app/Contents/Developer/Toolchains/XcodeDefault.xctoolchain/usr/lib/swift/host/plugins/testing -enable-experimental-feature DebugDescriptionMacro -sdk /Applications/Xcode_16.4.app/Contents/Developer/Platforms/iPhoneOS.platform/Developer/SDKs/iPhoneOS18.5.sdk -target arm64-apple-ios16.0 -g -module-cache-path /Users/runner/Library/Developer/Xcode/DerivedData/ModuleCache.noindex -Xfrontend -serialize-debugging-options -suppress-warnings -swift-version 6 -I /Users/runner/Library/Developer/Xcode/DerivedData/SplatNative-dwmjesbccinwnzhdvkeajvbyatnj/Build/Products/Release-iphoneos -I /Applications/Xcode_16.4.app/Contents/Developer/Platforms/iPhoneOS.platform/Developer/usr/lib -F /Users/runner/Library/Developer/Xcode/DerivedData/SplatNative-dwmjesbccinwnzhdvkeajvbyatnj/Build/Products/Release-iphoneos/PackageFrameworks -F /Users/runner/Library/Developer/Xcode/DerivedData/SplatNative-dwmjesbccinwnzhdvkeajvbyatnj/Build/Products/Release-iphoneos/PackageFrameworks -F /Users/runner/Library/Developer/Xcode/DerivedData/SplatNative-dwmjesbccinwnzhdvkeajvbyatnj/Build/Products/Release-iphoneos/PackageFrameworks -F /Users/runner/Library/Developer/Xcode/DerivedData/SplatNative-dwmjesbccinwnzhdvkeajvbyatnj/Build/Products/Release-iphoneos/PackageFrameworks -F /Users/runner/Library/Developer/Xcode/DerivedData/SplatNative-dwmjesbccinwnzhdvkeajvbyatnj/Build/Products/Release-iphoneos/PackageFrameworks -F /Users/runner/Library/Developer/Xcode/DerivedData/SplatNative-dwmjesbccinwnzhdvkeajvbyatnj/Build/Products/Release-iphoneos/PackageFrameworks -F /Users/runner/Library/Developer/Xcode/DerivedData/SplatNative-dwmjesbccinwnzhdvkeajvbyatnj/Build/Products/Release-iphoneos/PackageFrameworks -F /Users/runner/Library/Developer/Xcode/DerivedData/SplatNative-dwmjesbccinwnzhdvkeajvbyatnj/Build/Products/Release-iphoneos -F /Applications/Xcode_16.4.app/Contents/Developer/Platforms/iPhoneOS.platform/Developer/Library/Frameworks -F /Applications/Xcode_16.4.app/Contents/Developer/Platforms/iPhoneOS.platform/Developer/SDKs/iPhoneOS18.5.sdk/Developer/Library/Frameworks -c -num-threads 3 -Xcc -ivfsstatcache -Xcc /Users/runner/Library/Developer/Xcode/DerivedData/SDKStatCaches.noindex/iphoneos18.5-22F76-a529daf784b3616c7c04a36aeb7f5c05.sdkstatcache -output-file-map /Users/runner/Library/Developer/Xcode/DerivedData/SplatNative-dwmjesbccinwnzhdvkeajvbyatnj/Build/Intermediates.noindex/Supabase.build/Release-iphoneos/Auth.build/Objects-normal/arm64/Auth-OutputFileMap.json -use-frontend-parseable-output -save-temps -no-color-diagnostics -serialize-diagnostics -emit-dependencies -emit-module -emit-module-path /Users/runner/Library/Developer/Xcode/DerivedData/SplatNative-dwmjesbccinwnzhdvkeajvbyatnj/Build/Intermediates.noindex/Supabase.build/Release-iphoneos/Auth.build/Objects-normal/arm64/Auth.swiftmodule -validate-clang-modules-once -clang-build-session-file /Users/runner/Library/Developer/Xcode/DerivedData/ModuleCache.noindex/Session.modulevalidation -package-name supabase_swift -Xcc -I/Users/runner/Library/Developer/Xcode/DerivedData/SplatNative-dwmjesbccinwnzhdvkeajvbyatnj/Build/Intermediates.noindex/Supabase.build/Release-iphoneos/Auth.build/swift-overrides.hmap -emit-const-values -Xfrontend -const-gather-protocols-file -Xfrontend /Users/runner/Library/Developer/Xcode/DerivedData/SplatNative-dwmjesbccinwnzhdvkeajvbyatnj/Build/Intermediates.noindex/Supabase.build/Release-iphoneos/Auth.build/Objects-normal/arm64/Auth_const_extract_protocols.json -Xcc -I/Users/runner/Library/Developer/Xcode/DerivedData/SplatNative-dwmjesbccinwnzhdvkeajvbyatnj/Build/Products/Release-iphoneos/include -Xcc -I/Users/runner/Library/Developer/Xcode/DerivedData/SplatNative-dwmjesbccinwnzhdvkeajvbyatnj/Build/Intermediates.noindex/Supabase.build/Release-iphoneos/Auth.build/DerivedSources-normal/arm64 -Xcc -I/Users/runner/Library/Developer/Xcode/DerivedData/SplatNative-dwmjesbccinwnzhdvkeajvbyatnj/Build/Intermediates.noindex/Supabase.build/Release-iphoneos/Auth.build/DerivedSources/arm64 -Xcc -I/Users/runner/Library/Developer/Xcode/DerivedData/SplatNative-dwmjesbccinwnzhdvkeajvbyatnj/Build/Intermediates.noindex/Supabase.build/Release-iphoneos/Auth.build/DerivedSources -Xcc -DSWIFT_PACKAGE -emit-objc-header -emit-objc-header-path /Users/runner/Library/Developer/Xcode/DerivedData/SplatNative-dwmjesbccinwnzhdvkeajvbyatnj/Build/Intermediates.noindex/Supabase.build/Release-iphoneos/Auth.build/Objects-normal/arm64/Auth-Swift.h -working-directory /Users/runner/work/ALLSUNDAY1122.github.io/ALLSUNDAY1122.github.io/splat-native-ios/SplatNative.xcodeproj -no-emit-module-separately-wmo

SwiftCompile normal arm64 Compiling\ Defaults.swift,\ Deprecated.swift,\ Exports.swift,\ PostgrestBuilder.swift,\ PostgrestClient.swift,\ PostgrestFilterBuilder.swift,\ PostgrestFilterValue.swift,\ PostgrestQueryBuilder.swift,\ PostgrestTransformBuilder.swift,\ Types.swift /Users/runner/Library/Developer/Xcode/DerivedData/SplatNative-dwmjesbccinwnzhdvkeajvbyatnj/SourcePackages/checkouts/supabase-swift/Sources/PostgREST/Defaults.swift /Users/runner/Library/Developer/Xcode/DerivedData/SplatNative-dwmjesbccinwnzhdvkeajvbyatnj/SourcePackages/checkouts/supabase-swift/Sources/PostgREST/Deprecated.swift /Users/runner/Library/Developer/Xcode/DerivedData/SplatNative-dwmjesbccinwnzhdvkeajvbyatnj/SourcePackages/checkouts/supabase-swift/Sources/PostgREST/Exports.swift /Users/runner/Library/Developer/Xcode/DerivedData/SplatNative-dwmjesbccinwnzhdvkeajvbyatnj/SourcePackages/checkouts/supabase-swift/Sources/PostgREST/PostgrestBuilder.swift /Users/runner/Library/Developer/Xcode/DerivedData/SplatNative-dwmjesbccinwnzhdvkeajvbyatnj/SourcePackages/checkouts/supabase-swift/Sources/PostgREST/PostgrestClient.swift /Users/runner/Library/Developer/Xcode/DerivedData/SplatNative-dwmjesbccinwnzhdvkeajvbyatnj/SourcePackages/checkouts/supabase-swift/Sources/PostgREST/PostgrestFilterBuilder.swift /Users/runner/Library/Developer/Xcode/DerivedData/SplatNative-dwmjesbccinwnzhdvkeajvbyatnj/SourcePackages/checkouts/supabase-swift/Sources/PostgREST/PostgrestFilterValue.swift /Users/runner/Library/Developer/Xcode/DerivedData/SplatNative-dwmjesbccinwnzhdvkeajvbyatnj/SourcePackages/checkouts/supabase-swift/Sources/PostgREST/PostgrestQueryBuilder.swift /Users/runner/Library/Developer/Xcode/DerivedData/SplatNative-dwmjesbccinwnzhdvkeajvbyatnj/SourcePackages/checkouts/supabase-swift/Sources/PostgREST/PostgrestTransformBuilder.swift /Users/runner/Library/Developer/Xcode/DerivedData/SplatNative-dwmjesbccinwnzhdvkeajvbyatnj/SourcePackages/checkouts/supabase-swift/Sources/PostgREST/Types.swift (in target 'PostgREST' from project 'Supabase')

CompileSwift normal arm64 (in target 'PostgREST' from project 'Supabase')
    cd /Users/runner/work/ALLSUNDAY1122.github.io/ALLSUNDAY1122.github.io/splat-native-ios/SplatNative.xcodeproj
    

SwiftCompile normal arm64 Compiling\ Exports.swift,\ FunctionsClient.swift,\ Types.swift /Users/runner/Library/Developer/Xcode/DerivedData/SplatNative-dwmjesbccinwnzhdvkeajvbyatnj/SourcePackages/checkouts/supabase-swift/Sources/Functions/Exports.swift /Users/runner/Library/Developer/Xcode/DerivedData/SplatNative-dwmjesbccinwnzhdvkeajvbyatnj/SourcePackages/checkouts/supabase-swift/Sources/Functions/FunctionsClient.swift /Users/runner/Library/Developer/Xcode/DerivedData/SplatNative-dwmjesbccinwnzhdvkeajvbyatnj/SourcePackages/checkouts/supabase-swift/Sources/Functions/Types.swift (in target 'Functions' from project 'Supabase')

CompileSwift normal arm64 (in target 'Functions' from project 'Supabase')
    cd /Users/runner/work/ALLSUNDAY1122.github.io/ALLSUNDAY1122.github.io/splat-native-ios/SplatNative.xcodeproj
    

SwiftDriverJobDiscovery normal arm64 Compiling Defaults.swift, Deprecated.swift, Exports.swift, PostgrestBuilder.swift, PostgrestClient.swift, PostgrestFilterBuilder.swift, PostgrestFilterValue.swift, PostgrestQueryBuilder.swift, PostgrestTransformBuilder.swift, Types.swift (in target 'PostgREST' from project 'Supabase')

SwiftDriver\ Compilation\ Requirements PostgREST normal arm64 com.apple.xcode.tools.swift.compiler (in target 'PostgREST' from project 'Supabase')
    cd /Users/runner/work/ALLSUNDAY1122.github.io/ALLSUNDAY1122.github.io/splat-native-ios/SplatNative.xcodeproj
    builtin-Swift-Compilation-Requirements -- /Applications/Xcode_16.4.app/Contents/Developer/Toolchains/XcodeDefault.xctoolchain/usr/bin/swiftc -module-name PostgREST -O -whole-module-optimization -enforce-exclusivity\=checked @/Users/runner/Library/Developer/Xcode/DerivedData/SplatNative-dwmjesbccinwnzhdvkeajvbyatnj/Build/Intermediates.noindex/Supabase.build/Release-iphoneos/PostgREST.build/Objects-normal/arm64/PostgREST.SwiftFileList -DSWIFT_PACKAGE -DXcode -enable-upcoming-feature ExistentialAny -enable-upcoming-feature ImmutableWeakCaptures -enable-upcoming-feature InferIsolatedConformances -enable-upcoming-feature InternalImportsByDefault -enable-upcoming-feature MemberImportVisibility -plugin-path /Applications/Xcode_16.4.app/Contents/Developer/Toolchains/XcodeDefault.xctoolchain/usr/lib/swift/host/plugins/testing -enable-experimental-feature DebugDescriptionMacro -sdk /Applications/Xcode_16.4.app/Contents/Developer/Platforms/iPhoneOS.platform/Developer/SDKs/iPhoneOS18.5.sdk -target arm64-apple-ios16.0 -g -module-cache-path /Users/runner/Library/Developer/Xcode/DerivedData/ModuleCache.noindex -Xfrontend -serialize-debugging-options -suppress-warnings -swift-version 6 -I /Users/runner/Library/Developer/Xcode/DerivedData/SplatNative-dwmjesbccinwnzhdvkeajvbyatnj/Build/Products/Release-iphoneos -I /Applications/Xcode_16.4.app/Contents/Developer/Platforms/iPhoneOS.platform/Developer/usr/lib -F /Users/runner/Library/Developer/Xcode/DerivedData/SplatNative-dwmjesbccinwnzhdvkeajvbyatnj/Build/Products/Release-iphoneos/PackageFrameworks -F /Users/runner/Library/Developer/Xcode/DerivedData/SplatNative-dwmjesbccinwnzhdvkeajvbyatnj/Build/Products/Release-iphoneos/PackageFrameworks -F /Users/runner/Library/Developer/Xcode/DerivedData/SplatNative-dwmjesbccinwnzhdvkeajvbyatnj/Build/Products/Release-iphoneos/PackageFrameworks -F /Users/runner/Library/Developer/Xcode/DerivedData/SplatNative-dwmjesbccinwnzhdvkeajvbyatnj/Build/Products/Release-iphoneos/PackageFrameworks -F /Users/runner/Library/Developer/Xcode/DerivedData/SplatNative-dwmjesbccinwnzhdvkeajvbyatnj/Build/Products/Release-iphoneos/PackageFrameworks -F /Users/runner/Library/Developer/Xcode/DerivedData/SplatNative-dwmjesbccinwnzhdvkeajvbyatnj/Build/Products/Release-iphoneos/PackageFrameworks -F /Users/runner/Library/Developer/Xcode/DerivedData/SplatNative-dwmjesbccinwnzhdvkeajvbyatnj/Build/Products/Release-iphoneos -F /Applications/Xcode_16.4.app/Contents/Developer/Platforms/iPhoneOS.platform/Developer/Library/Frameworks -F /Applications/Xcode_16.4.app/Contents/Developer/Platforms/iPhoneOS.platform/Developer/SDKs/iPhoneOS18.5.sdk/Developer/Library/Frameworks -c -num-threads 3 -Xcc -ivfsstatcache -Xcc /Users/runner/Library/Developer/Xcode/DerivedData/SDKStatCaches.noindex/iphoneos18.5-22F76-a529daf784b3616c7c04a36aeb7f5c05.sdkstatcache -output-file-map /Users/runner/Library/Developer/Xcode/DerivedData/SplatNative-dwmjesbccinwnzhdvkeajvbyatnj/Build/Intermediates.noindex/Supabase.build/Release-iphoneos/PostgREST.build/Objects-normal/arm64/PostgREST-OutputFileMap.json -use-frontend-parseable-output -save-temps -no-color-diagnostics -serialize-diagnostics -emit-dependencies -emit-module -emit-module-path /Users/runner/Library/Developer/Xcode/DerivedData/SplatNative-dwmjesbccinwnzhdvkeajvbyatnj/Build/Intermediates.noindex/Supabase.build/Release-iphoneos/PostgREST.build/Objects-normal/arm64/PostgREST.swiftmodule -validate-clang-modules-once -clang-build-session-file /Users/runner/Library/Developer/Xcode/DerivedData/ModuleCache.noindex/Session.modulevalidation -package-name supabase_swift -Xcc -I/Users/runner/Library/Developer/Xcode/DerivedData/SplatNative-dwmjesbccinwnzhdvkeajvbyatnj/Build/Intermediates.noindex/Supabase.build/Release-iphoneos/PostgREST.build/swift-overrides.hmap -emit-const-values -Xfrontend -const-gather-protocols-file -Xfrontend /Users/runner/Library/Developer/Xcode/DerivedData/SplatNative-dwmjesbccinwnzhdvkeajvbyatnj/Build/Intermediates.noindex/Supabase.build/Release-iphoneos/PostgREST.build/Objects-normal/arm64/PostgREST_const_extract_protocols.json -Xcc -I/Users/runner/Library/Developer/Xcode/DerivedData/SplatNative-dwmjesbccinwnzhdvkeajvbyatnj/Build/Products/Release-iphoneos/include -Xcc -I/Users/runner/Library/Developer/Xcode/DerivedData/SplatNative-dwmjesbccinwnzhdvkeajvbyatnj/Build/Intermediates.noindex/Supabase.build/Release-iphoneos/PostgREST.build/DerivedSources-normal/arm64 -Xcc -I/Users/runner/Library/Developer/Xcode/DerivedData/SplatNative-dwmjesbccinwnzhdvkeajvbyatnj/Build/Intermediates.noindex/Supabase.build/Release-iphoneos/PostgREST.build/DerivedSources/arm64 -Xcc -I/Users/runner/Library/Developer/Xcode/DerivedData/SplatNative-dwmjesbccinwnzhdvkeajvbyatnj/Build/Intermediates.noindex/Supabase.build/Release-iphoneos/PostgREST.build/DerivedSources -Xcc -DSWIFT_PACKAGE -emit-objc-header -emit-objc-header-path /Users/runner/Library/Developer/Xcode/DerivedData/SplatNative-dwmjesbccinwnzhdvkeajvbyatnj/Build/Intermediates.noindex/Supabase.build/Release-iphoneos/PostgREST.build/Objects-normal/arm64/PostgREST-Swift.h -working-directory /Users/runner/work/ALLSUNDAY1122.github.io/ALLSUNDAY1122.github.io/splat-native-ios/SplatNative.xcodeproj -no-emit-module-separately-wmo

SwiftDriverJobDiscovery normal arm64 Compiling Exports.swift, FunctionsClient.swift, Types.swift (in target 'Functions' from project 'Supabase')

SwiftDriver\ Compilation\ Requirements Functions normal arm64 com.apple.xcode.tools.swift.compiler (in target 'Functions' from project 'Supabase')
    cd /Users/runner/work/ALLSUNDAY1122.github.io/ALLSUNDAY1122.github.io/splat-native-ios/SplatNative.xcodeproj
    builtin-Swift-Compilation-Requirements -- /Applications/Xcode_16.4.app/Contents/Developer/Toolchains/XcodeDefault.xctoolchain/usr/bin/swiftc -module-name Functions -O -whole-module-optimization -enforce-exclusivity\=checked @/Users/runner/Library/Developer/Xcode/DerivedData/SplatNative-dwmjesbccinwnzhdvkeajvbyatnj/Build/Intermediates.noindex/Supabase.build/Release-iphoneos/Functions.build/Objects-normal/arm64/Functions.SwiftFileList -DSWIFT_PACKAGE -DXcode -enable-upcoming-feature ExistentialAny -enable-upcoming-feature ImmutableWeakCaptures -enable-upcoming-feature InferIsolatedConformances -enable-upcoming-feature InternalImportsByDefault -enable-upcoming-feature MemberImportVisibility -plugin-path /Applications/Xcode_16.4.app/Contents/Developer/Toolchains/XcodeDefault.xctoolchain/usr/lib/swift/host/plugins/testing -enable-experimental-feature DebugDescriptionMacro -sdk /Applications/Xcode_16.4.app/Contents/Developer/Platforms/iPhoneOS.platform/Developer/SDKs/iPhoneOS18.5.sdk -target arm64-apple-ios16.0 -g -module-cache-path /Users/runner/Library/Developer/Xcode/DerivedData/ModuleCache.noindex -Xfrontend -serialize-debugging-options -suppress-warnings -swift-version 6 -I /Users/runner/Library/Developer/Xcode/DerivedData/SplatNative-dwmjesbccinwnzhdvkeajvbyatnj/Build/Products/Release-iphoneos -I /Applications/Xcode_16.4.app/Contents/Developer/Platforms/iPhoneOS.platform/Developer/usr/lib -F /Users/runner/Library/Developer/Xcode/DerivedData/SplatNative-dwmjesbccinwnzhdvkeajvbyatnj/Build/Products/Release-iphoneos/PackageFrameworks -F /Users/runner/Library/Developer/Xcode/DerivedData/SplatNative-dwmjesbccinwnzhdvkeajvbyatnj/Build/Products/Release-iphoneos/PackageFrameworks -F /Users/runner/Library/Developer/Xcode/DerivedData/SplatNative-dwmjesbccinwnzhdvkeajvbyatnj/Build/Products/Release-iphoneos/PackageFrameworks -F /Users/runner/Library/Developer/Xcode/DerivedData/SplatNative-dwmjesbccinwnzhdvkeajvbyatnj/Build/Products/Release-iphoneos/PackageFrameworks -F /Users/runner/Library/Developer/Xcode/DerivedData/SplatNative-dwmjesbccinwnzhdvkeajvbyatnj/Build/Products/Release-iphoneos/PackageFrameworks -F /Users/runner/Library/Developer/Xcode/DerivedData/SplatNative-dwmjesbccinwnzhdvkeajvbyatnj/Build/Products/Release-iphoneos/PackageFrameworks -F /Users/runner/Library/Developer/Xcode/DerivedData/SplatNative-dwmjesbccinwnzhdvkeajvbyatnj/Build/Products/Release-iphoneos -F /Applications/Xcode_16.4.app/Contents/Developer/Platforms/iPhoneOS.platform/Developer/Library/Frameworks -F /Applications/Xcode_16.4.app/Contents/Developer/Platforms/iPhoneOS.platform/Developer/SDKs/iPhoneOS18.5.sdk/Developer/Library/Frameworks -c -num-threads 3 -Xcc -ivfsstatcache -Xcc /Users/runner/Library/Developer/Xcode/DerivedData/SDKStatCaches.noindex/iphoneos18.5-22F76-a529daf784b3616c7c04a36aeb7f5c05.sdkstatcache -output-file-map /Users/runner/Library/Developer/Xcode/DerivedData/SplatNative-dwmjesbccinwnzhdvkeajvbyatnj/Build/Intermediates.noindex/Supabase.build/Release-iphoneos/Functions.build/Objects-normal/arm64/Functions-OutputFileMap.json -use-frontend-parseable-output -save-temps -no-color-diagnostics -serialize-diagnostics -emit-dependencies -emit-module -emit-module-path /Users/runner/Library/Developer/Xcode/DerivedData/SplatNative-dwmjesbccinwnzhdvkeajvbyatnj/Build/Intermediates.noindex/Supabase.build/Release-iphoneos/Functions.build/Objects-normal/arm64/Functions.swiftmodule -validate-clang-modules-once -clang-build-session-file /Users/runner/Library/Developer/Xcode/DerivedData/ModuleCache.noindex/Session.modulevalidation -package-name supabase_swift -Xcc -I/Users/runner/Library/Developer/Xcode/DerivedData/SplatNative-dwmjesbccinwnzhdvkeajvbyatnj/Build/Intermediates.noindex/Supabase.build/Release-iphoneos/Functions.build/swift-overrides.hmap -emit-const-values -Xfrontend -const-gather-protocols-file -Xfrontend /Users/runner/Library/Developer/Xcode/DerivedData/SplatNative-dwmjesbccinwnzhdvkeajvbyatnj/Build/Intermediates.noindex/Supabase.build/Release-iphoneos/Functions.build/Objects-normal/arm64/Functions_const_extract_protocols.json -Xcc -I/Users/runner/Library/Developer/Xcode/DerivedData/SplatNative-dwmjesbccinwnzhdvkeajvbyatnj/Build/Products/Release-iphoneos/include -Xcc -I/Users/runner/Library/Developer/Xcode/DerivedData/SplatNative-dwmjesbccinwnzhdvkeajvbyatnj/Build/Intermediates.noindex/Supabase.build/Release-iphoneos/Functions.build/DerivedSources-normal/arm64 -Xcc -I/Users/runner/Library/Developer/Xcode/DerivedData/SplatNative-dwmjesbccinwnzhdvkeajvbyatnj/Build/Intermediates.noindex/Supabase.build/Release-iphoneos/Functions.build/DerivedSources/arm64 -Xcc -I/Users/runner/Library/Developer/Xcode/DerivedData/SplatNative-dwmjesbccinwnzhdvkeajvbyatnj/Build/Intermediates.noindex/Supabase.build/Release-iphoneos/Functions.build/DerivedSources -Xcc -DSWIFT_PACKAGE -emit-objc-header -emit-objc-header-path /Users/runner/Library/Developer/Xcode/DerivedData/SplatNative-dwmjesbccinwnzhdvkeajvbyatnj/Build/Intermediates.noindex/Supabase.build/Release-iphoneos/Functions.build/Objects-normal/arm64/Functions-Swift.h -working-directory /Users/runner/work/ALLSUNDAY1122.github.io/ALLSUNDAY1122.github.io/splat-native-ios/SplatNative.xcodeproj -no-emit-module-separately-wmo

SwiftMergeGeneratedHeaders /Users/runner/Library/Developer/Xcode/DerivedData/SplatNative-dwmjesbccinwnzhdvkeajvbyatnj/Build/Intermediates.noindex/GeneratedModuleMaps-iphoneos/PostgREST-Swift.h /Users/runner/Library/Developer/Xcode/DerivedData/SplatNative-dwmjesbccinwnzhdvkeajvbyatnj/Build/Intermediates.noindex/Supabase.build/Release-iphoneos/PostgREST.build/Objects-normal/arm64/PostgREST-Swift.h (in target 'PostgREST' from project 'Supabase')
    cd /Users/runner/Library/Developer/Xcode/DerivedData/SplatNative-dwmjesbccinwnzhdvkeajvbyatnj/SourcePackages/checkouts/supabase-swift
    builtin-swiftHeaderTool -arch arm64 /Users/runner/Library/Developer/Xcode/DerivedData/SplatNative-dwmjesbccinwnzhdvkeajvbyatnj/Build/Intermediates.noindex/Supabase.build/Release-iphoneos/PostgREST.build/Objects-normal/arm64/PostgREST-Swift.h -o /Users/runner/Library/Developer/Xcode/DerivedData/SplatNative-dwmjesbccinwnzhdvkeajvbyatnj/Build/Intermediates.noindex/GeneratedModuleMaps-iphoneos/PostgREST-Swift.h

Copy /Users/runner/Library/Developer/Xcode/DerivedData/SplatNative-dwmjesbccinwnzhdvkeajvbyatnj/Build/Products/Release-iphoneos/PostgREST.swiftmodule/arm64-apple-ios.swiftmodule /Users/runner/Library/Developer/Xcode/DerivedData/SplatNative-dwmjesbccinwnzhdvkeajvbyatnj/Build/Intermediates.noindex/Supabase.build/Release-iphoneos/PostgREST.build/Objects-normal/arm64/PostgREST.swiftmodule (in target 'PostgREST' from project 'Supabase')
    cd /Users/runner/Library/Developer/Xcode/DerivedData/SplatNative-dwmjesbccinwnzhdvkeajvbyatnj/SourcePackages/checkouts/supabase-swift
    builtin-copy -exclude .DS_Store -exclude CVS -exclude .svn -exclude .git -exclude .hg -strip-unsigned-binaries -strip-deterministic -strip-tool /Applications/Xcode_16.4.app/Contents/Developer/Toolchains/XcodeDefault.xctoolchain/usr/bin/strip -resolve-src-symlinks -rename /Users/runner/Library/Developer/Xcode/DerivedData/SplatNative-dwmjesbccinwnzhdvkeajvbyatnj/Build/Intermediates.noindex/Supabase.build/Release-iphoneos/PostgREST.build/Objects-normal/arm64/PostgREST.swiftmodule /Users/runner/Library/Developer/Xcode/DerivedData/SplatNative-dwmjesbccinwnzhdvkeajvbyatnj/Build/Products/Release-iphoneos/PostgREST.swiftmodule/arm64-apple-ios.swiftmodule

Copy /Users/runner/Library/Developer/Xcode/DerivedData/SplatNative-dwmjesbccinwnzhdvkeajvbyatnj/Build/Products/Release-iphoneos/PostgREST.swiftmodule/arm64-apple-ios.swiftdoc /Users/runner/Library/Developer/Xcode/DerivedData/SplatNative-dwmjesbccinwnzhdvkeajvbyatnj/Build/Intermediates.noindex/Supabase.build/Release-iphoneos/PostgREST.build/Objects-normal/arm64/PostgREST.swiftdoc (in target 'PostgREST' from project 'Supabase')
    cd /Users/runner/Library/Developer/Xcode/DerivedData/SplatNative-dwmjesbccinwnzhdvkeajvbyatnj/SourcePackages/checkouts/supabase-swift
    builtin-copy -exclude .DS_Store -exclude CVS -exclude .svn -exclude .git -exclude .hg -strip-unsigned-binaries -strip-deterministic -strip-tool /Applications/Xcode_16.4.app/Contents/Developer/Toolchains/XcodeDefault.xctoolchain/usr/bin/strip -resolve-src-symlinks -rename /Users/runner/Library/Developer/Xcode/DerivedData/SplatNative-dwmjesbccinwnzhdvkeajvbyatnj/Build/Intermediates.noindex/Supabase.build/Release-iphoneos/PostgREST.build/Objects-normal/arm64/PostgREST.swiftdoc /Users/runner/Library/Developer/Xcode/DerivedData/SplatNative-dwmjesbccinwnzhdvkeajvbyatnj/Build/Products/Release-iphoneos/PostgREST.swiftmodule/arm64-apple-ios.swiftdoc

Copy /Users/runner/Library/Developer/Xcode/DerivedData/SplatNative-dwmjesbccinwnzhdvkeajvbyatnj/Build/Products/Release-iphoneos/PostgREST.swiftmodule/arm64-apple-ios.abi.json /Users/runner/Library/Developer/Xcode/DerivedData/SplatNative-dwmjesbccinwnzhdvkeajvbyatnj/Build/Intermediates.noindex/Supabase.build/Release-iphoneos/PostgREST.build/Objects-normal/arm64/PostgREST.abi.json (in target 'PostgREST' from project 'Supabase')
    cd /Users/runner/Library/Developer/Xcode/DerivedData/SplatNative-dwmjesbccinwnzhdvkeajvbyatnj/SourcePackages/checkouts/supabase-swift
    builtin-copy -exclude .DS_Store -exclude CVS -exclude .svn -exclude .git -exclude .hg -strip-unsigned-binaries -strip-deterministic -strip-tool /Applications/Xcode_16.4.app/Contents/Developer/Toolchains/XcodeDefault.xctoolchain/usr/bin/strip -resolve-src-symlinks -rename /Users/runner/Library/Developer/Xcode/DerivedData/SplatNative-dwmjesbccinwnzhdvkeajvbyatnj/Build/Intermediates.noindex/Supabase.build/Release-iphoneos/PostgREST.build/Objects-normal/arm64/PostgREST.abi.json /Users/runner/Library/Developer/Xcode/DerivedData/SplatNative-dwmjesbccinwnzhdvkeajvbyatnj/Build/Products/Release-iphoneos/PostgREST.swiftmodule/arm64-apple-ios.abi.json

Copy /Users/runner/Library/Developer/Xcode/DerivedData/SplatNative-dwmjesbccinwnzhdvkeajvbyatnj/Build/Products/Release-iphoneos/PostgREST.swiftmodule/Project/arm64-apple-ios.swiftsourceinfo /Users/runner/Library/Developer/Xcode/DerivedData/SplatNative-dwmjesbccinwnzhdvkeajvbyatnj/Build/Intermediates.noindex/Supabase.build/Release-iphoneos/PostgREST.build/Objects-normal/arm64/PostgREST.swiftsourceinfo (in target 'PostgREST' from project 'Supabase')
    cd /Users/runner/Library/Developer/Xcode/DerivedData/SplatNative-dwmjesbccinwnzhdvkeajvbyatnj/SourcePackages/checkouts/supabase-swift
    builtin-copy -exclude .DS_Store -exclude CVS -exclude .svn -exclude .git -exclude .hg -strip-unsigned-binaries -strip-deterministic -strip-tool /Applications/Xcode_16.4.app/Contents/Developer/Toolchains/XcodeDefault.xctoolchain/usr/bin/strip -resolve-src-symlinks -rename /Users/runner/Library/Developer/Xcode/DerivedData/SplatNative-dwmjesbccinwnzhdvkeajvbyatnj/Build/Intermediates.noindex/Supabase.build/Release-iphoneos/PostgREST.build/Objects-normal/arm64/PostgREST.swiftsourceinfo /Users/runner/Library/Developer/Xcode/DerivedData/SplatNative-dwmjesbccinwnzhdvkeajvbyatnj/Build/Products/Release-iphoneos/PostgREST.swiftmodule/Project/arm64-apple-ios.swiftsourceinfo

SwiftMergeGeneratedHeaders /Users/runner/Library/Developer/Xcode/DerivedData/SplatNative-dwmjesbccinwnzhdvkeajvbyatnj/Build/Intermediates.noindex/GeneratedModuleMaps-iphoneos/Functions-Swift.h /Users/runner/Library/Developer/Xcode/DerivedData/SplatNative-dwmjesbccinwnzhdvkeajvbyatnj/Build/Intermediates.noindex/Supabase.build/Release-iphoneos/Functions.build/Objects-normal/arm64/Functions-Swift.h (in target 'Functions' from project 'Supabase')
    cd /Users/runner/Library/Developer/Xcode/DerivedData/SplatNative-dwmjesbccinwnzhdvkeajvbyatnj/SourcePackages/checkouts/supabase-swift
    builtin-swiftHeaderTool -arch arm64 /Users/runner/Library/Developer/Xcode/DerivedData/SplatNative-dwmjesbccinwnzhdvkeajvbyatnj/Build/Intermediates.noindex/Supabase.build/Release-iphoneos/Functions.build/Objects-normal/arm64/Functions-Swift.h -o /Users/runner/Library/Developer/Xcode/DerivedData/SplatNative-dwmjesbccinwnzhdvkeajvbyatnj/Build/Intermediates.noindex/GeneratedModuleMaps-iphoneos/Functions-Swift.h

Copy /Users/runner/Library/Developer/Xcode/DerivedData/SplatNative-dwmjesbccinwnzhdvkeajvbyatnj/Build/Products/Release-iphoneos/Functions.swiftmodule/arm64-apple-ios.swiftmodule /Users/runner/Library/Developer/Xcode/DerivedData/SplatNative-dwmjesbccinwnzhdvkeajvbyatnj/Build/Intermediates.noindex/Supabase.build/Release-iphoneos/Functions.build/Objects-normal/arm64/Functions.swiftmodule (in target 'Functions' from project 'Supabase')
    cd /Users/runner/Library/Developer/Xcode/DerivedData/SplatNative-dwmjesbccinwnzhdvkeajvbyatnj/SourcePackages/checkouts/supabase-swift
    builtin-copy -exclude .DS_Store -exclude CVS -exclude .svn -exclude .git -exclude .hg -strip-unsigned-binaries -strip-deterministic -strip-tool /Applications/Xcode_16.4.app/Contents/Developer/Toolchains/XcodeDefault.xctoolchain/usr/bin/strip -resolve-src-symlinks -rename /Users/runner/Library/Developer/Xcode/DerivedData/SplatNative-dwmjesbccinwnzhdvkeajvbyatnj/Build/Intermediates.noindex/Supabase.build/Release-iphoneos/Functions.build/Objects-normal/arm64/Functions.swiftmodule /Users/runner/Library/Developer/Xcode/DerivedData/SplatNative-dwmjesbccinwnzhdvkeajvbyatnj/Build/Products/Release-iphoneos/Functions.swiftmodule/arm64-apple-ios.swiftmodule

Copy /Users/runner/Library/Developer/Xcode/DerivedData/SplatNative-dwmjesbccinwnzhdvkeajvbyatnj/Build/Products/Release-iphoneos/Functions.swiftmodule/arm64-apple-ios.swiftdoc /Users/runner/Library/Developer/Xcode/DerivedData/SplatNative-dwmjesbccinwnzhdvkeajvbyatnj/Build/Intermediates.noindex/Supabase.build/Release-iphoneos/Functions.build/Objects-normal/arm64/Functions.swiftdoc (in target 'Functions' from project 'Supabase')
    cd /Users/runner/Library/Developer/Xcode/DerivedData/SplatNative-dwmjesbccinwnzhdvkeajvbyatnj/SourcePackages/checkouts/supabase-swift
    builtin-copy -exclude .DS_Store -exclude CVS -exclude .svn -exclude .git -exclude .hg -strip-unsigned-binaries -strip-deterministic -strip-tool /Applications/Xcode_16.4.app/Contents/Developer/Toolchains/XcodeDefault.xctoolchain/usr/bin/strip -resolve-src-symlinks -rename /Users/runner/Library/Developer/Xcode/DerivedData/SplatNative-dwmjesbccinwnzhdvkeajvbyatnj/Build/Intermediates.noindex/Supabase.build/Release-iphoneos/Functions.build/Objects-normal/arm64/Functions.swiftdoc /Users/runner/Library/Developer/Xcode/DerivedData/SplatNative-dwmjesbccinwnzhdvkeajvbyatnj/Build/Products/Release-iphoneos/Functions.swiftmodule/arm64-apple-ios.swiftdoc

Copy /Users/runner/Library/Developer/Xcode/DerivedData/SplatNative-dwmjesbccinwnzhdvkeajvbyatnj/Build/Products/Release-iphoneos/Functions.swiftmodule/arm64-apple-ios.abi.json /Users/runner/Library/Developer/Xcode/DerivedData/SplatNative-dwmjesbccinwnzhdvkeajvbyatnj/Build/Intermediates.noindex/Supabase.build/Release-iphoneos/Functions.build/Objects-normal/arm64/Functions.abi.json (in target 'Functions' from project 'Supabase')
    cd /Users/runner/Library/Developer/Xcode/DerivedData/SplatNative-dwmjesbccinwnzhdvkeajvbyatnj/SourcePackages/checkouts/supabase-swift
    builtin-copy -exclude .DS_Store -exclude CVS -exclude .svn -exclude .git -exclude .hg -strip-unsigned-binaries -strip-deterministic -strip-tool /Applications/Xcode_16.4.app/Contents/Developer/Toolchains/XcodeDefault.xctoolchain/usr/bin/strip -resolve-src-symlinks -rename /Users/runner/Library/Developer/Xcode/DerivedData/SplatNative-dwmjesbccinwnzhdvkeajvbyatnj/Build/Intermediates.noindex/Supabase.build/Release-iphoneos/Functions.build/Objects-normal/arm64/Functions.abi.json /Users/runner/Library/Developer/Xcode/DerivedData/SplatNative-dwmjesbccinwnzhdvkeajvbyatnj/Build/Products/Release-iphoneos/Functions.swiftmodule/arm64-apple-ios.abi.json

Copy /Users/runner/Library/Developer/Xcode/DerivedData/SplatNative-dwmjesbccinwnzhdvkeajvbyatnj/Build/Products/Release-iphoneos/Functions.swiftmodule/Project/arm64-apple-ios.swiftsourceinfo /Users/runner/Library/Developer/Xcode/DerivedData/SplatNative-dwmjesbccinwnzhdvkeajvbyatnj/Build/Intermediates.noindex/Supabase.build/Release-iphoneos/Functions.build/Objects-normal/arm64/Functions.swiftsourceinfo (in target 'Functions' from project 'Supabase')
    cd /Users/runner/Library/Developer/Xcode/DerivedData/SplatNative-dwmjesbccinwnzhdvkeajvbyatnj/SourcePackages/checkouts/supabase-swift
    builtin-copy -exclude .DS_Store -exclude CVS -exclude .svn -exclude .git -exclude .hg -strip-unsigned-binaries -strip-deterministic -strip-tool /Applications/Xcode_16.4.app/Contents/Developer/Toolchains/XcodeDefault.xctoolchain/usr/bin/strip -resolve-src-symlinks -rename /Users/runner/Library/Developer/Xcode/DerivedData/SplatNative-dwmjesbccinwnzhdvkeajvbyatnj/Build/Intermediates.noindex/Supabase.build/Release-iphoneos/Functions.build/Objects-normal/arm64/Functions.swiftsourceinfo /Users/runner/Library/Developer/Xcode/DerivedData/SplatNative-dwmjesbccinwnzhdvkeajvbyatnj/Build/Products/Release-iphoneos/Functions.swiftmodule/Project/arm64-apple-ios.swiftsourceinfo

SwiftCompile normal arm64 Compiling\ AuthAdmin.swift,\ AuthAdminOAuth.swift,\ AuthClient.swift,\ AuthClientConfiguration.swift,\ AuthError.swift,\ AuthMFA.swift,\ AuthOAuthServer.swift,\ AuthStateChangeListener.swift,\ Defaults.swift,\ Deprecated.swift,\ Exports.swift,\ APIClient.swift,\ CodeVerifierStorage.swift,\ Constants.swift,\ Dependencies.swift,\ EventEmitter.swift,\ FixedWidthInteger+Random.swift,\ Helpers.swift,\ JWK+RSA.swift,\ JWTAlgorithm.swift,\ Keychain.swift,\ PKCE.swift,\ SessionManager.swift,\ SessionStorage.swift,\ URLOpener.swift,\ AuthLocalStorage.swift,\ KeychainLocalStorage.swift,\ WinCredLocalStorage.swift,\ Types.swift,\ AuthAdmin+Passkey.swift,\ AuthClient+Passkey.swift,\ AuthMFA+WebAuthn.swift,\ WebAuthnAuthenticator.swift,\ WebAuthnTypes.swift /Users/runner/Library/Developer/Xcode/DerivedData/SplatNative-dwmjesbccinwnzhdvkeajvbyatnj/SourcePackages/checkouts/supabase-swift/Sources/Auth/AuthAdmin.swift /Users/runner/Library/Developer/Xcode/DerivedData/SplatNative-dwmjesbccinwnzhdvkeajvbyatnj/SourcePackages/checkouts/supabase-swift/Sources/Auth/AuthAdminOAuth.swift /Users/runner/Library/Developer/Xcode/DerivedData/SplatNative-dwmjesbccinwnzhdvkeajvbyatnj/SourcePackages/checkouts/supabase-swift/Sources/Auth/AuthClient.swift /Users/runner/Library/Developer/Xcode/DerivedData/SplatNative-dwmjesbccinwnzhdvkeajvbyatnj/SourcePackages/checkouts/supabase-swift/Sources/Auth/AuthClientConfiguration.swift /Users/runner/Library/Developer/Xcode/DerivedData/SplatNative-dwmjesbccinwnzhdvkeajvbyatnj/SourcePackages/checkouts/supabase-swift/Sources/Auth/AuthError.swift /Users/runner/Library/Developer/Xcode/DerivedData/SplatNative-dwmjesbccinwnzhdvkeajvbyatnj/SourcePackages/checkouts/supabase-swift/Sources/Auth/AuthMFA.swift /Users/runner/Library/Developer/Xcode/DerivedData/SplatNative-dwmjesbccinwnzhdvkeajvbyatnj/SourcePackages/checkouts/supabase-swift/Sources/Auth/AuthOAuthServer.swift /Users/runner/Library/Developer/Xcode/DerivedData/SplatNative-dwmjesbccinwnzhdvkeajvbyatnj/SourcePackages/checkouts/supabase-swift/Sources/Auth/AuthStateChangeListener.swift /Users/runner/Library/Developer/Xcode/DerivedData/SplatNative-dwmjesbccinwnzhdvkeajvbyatnj/SourcePackages/checkouts/supabase-swift/Sources/Auth/Defaults.swift /Users/runner/Library/Developer/Xcode/DerivedData/SplatNative-dwmjesbccinwnzhdvkeajvbyatnj/SourcePackages/checkouts/supabase-swift/Sources/Auth/Deprecated.swift /Users/runner/Library/Developer/Xcode/DerivedData/SplatNative-dwmjesbccinwnzhdvkeajvbyatnj/SourcePackages/checkouts/supabase-swift/Sources/Auth/Exports.swift /Users/runner/Library/Developer/Xcode/DerivedData/SplatNative-dwmjesbccinwnzhdvkeajvbyatnj/SourcePackages/checkouts/supabase-swift/Sources/Auth/Internal/APIClient.swift /Users/runner/Library/Developer/Xcode/DerivedData/SplatNative-dwmjesbccinwnzhdvkeajvbyatnj/SourcePackages/checkouts/supabase-swift/Sources/Auth/Internal/CodeVerifierStorage.swift /Users/runner/Library/Developer/Xcode/DerivedData/SplatNative-dwmjesbccinwnzhdvkeajvbyatnj/SourcePackages/checkouts/supabase-swift/Sources/Auth/Internal/Constants.swift /Users/runner/Library/Developer/Xcode/DerivedData/SplatNative-dwmjesbccinwnzhdvkeajvbyatnj/SourcePackages/checkouts/supabase-swift/Sources/Auth/Internal/Dependencies.swift /Users/runner/Library/Developer/Xcode/DerivedData/SplatNative-dwmjesbccinwnzhdvkeajvbyatnj/SourcePackages/checkouts/supabase-swift/Sources/Auth/Internal/EventEmitter.swift /Users/runner/Library/Developer/Xcode/DerivedData/SplatNative-dwmjesbccinwnzhdvkeajvbyatnj/SourcePackages/checkouts/supabase-swift/Sources/Auth/Internal/FixedWidthInteger+Random.swift /Users/runner/Library/Developer/Xcode/DerivedData/SplatNative-dwmjesbccinwnzhdvkeajvbyatnj/SourcePackages/checkouts/supabase-swift/Sources/Auth/Internal/Helpers.swift /Users/runner/Library/Developer/Xcode/DerivedData/SplatNative-dwmjesbccinwnzhdvkeajvbyatnj/SourcePackages/checkouts/supabase-swift/Sources/Auth/Internal/JWK+RSA.swift /Users/runner/Library/Developer/Xcode/DerivedData/SplatNative-dwmjesbccinwnzhdvkeajvbyatnj/SourcePackages/checkouts/supabase-swift/Sources/Auth/Internal/JWTAlgorithm.swift /Users/runner/Library/Developer/Xcode/DerivedData/SplatNative-dwmjesbccinwnzhdvkeajvbyatnj/SourcePackages/checkouts/supabase-swift/Sources/Auth/Internal/Keychain.swift /Users/runner/Library/Developer/Xcode/DerivedData/SplatNative-dwmjesbccinwnzhdvkeajvbyatnj/SourcePackages/checkouts/supabase-swift/Sources/Auth/Internal/PKCE.swift /Users/runner/Library/Developer/Xcode/DerivedData/SplatNative-dwmjesbccinwnzhdvkeajvbyatnj/SourcePackages/checkouts/supabase-swift/Sources/Auth/Internal/SessionManager.swift /Users/runner/Library/Developer/Xcode/DerivedData/SplatNative-dwmjesbccinwnzhdvkeajvbyatnj/SourcePackages/checkouts/supabase-swift/Sources/Auth/Internal/SessionStorage.swift /Users/runner/Library/Developer/Xcode/DerivedData/SplatNative-dwmjesbccinwnzhdvkeajvbyatnj/SourcePackages/checkouts/supabase-swift/Sources/Auth/Internal/URLOpener.swift /Users/runner/Library/Developer/Xcode/DerivedData/SplatNative-dwmjesbccinwnzhdvkeajvbyatnj/SourcePackages/checkouts/supabase-swift/Sources/Auth/Storage/AuthLocalStorage.swift /Users/runner/Library/Developer/Xcode/DerivedData/SplatNative-dwmjesbccinwnzhdvkeajvbyatnj/SourcePackages/checkouts/supabase-swift/Sources/Auth/Storage/KeychainLocalStorage.swift /Users/runner/Library/Developer/Xcode/DerivedData/SplatNative-dwmjesbccinwnzhdvkeajvbyatnj/SourcePackages/checkouts/supabase-swift/Sources/Auth/Storage/WinCredLocalStorage.swift /Users/runner/Library/Developer/Xcode/DerivedData/SplatNative-dwmjesbccinwnzhdvkeajvbyatnj/SourcePackages/checkouts/supabase-swift/Sources/Auth/Types.swift /Users/runner/Library/Developer/Xcode/DerivedData/SplatNative-dwmjesbccinwnzhdvkeajvbyatnj/SourcePackages/checkouts/supabase-swift/Sources/Auth/WebAuthn/AuthAdmin+Passkey.swift /Users/runner/Library/Developer/Xcode/DerivedData/SplatNative-dwmjesbccinwnzhdvkeajvbyatnj/SourcePackages/checkouts/supabase-swift/Sources/Auth/WebAuthn/AuthClient+Passkey.swift /Users/runner/Library/Developer/Xcode/DerivedData/SplatNative-dwmjesbccinwnzhdvkeajvbyatnj/SourcePackages/checkouts/supabase-swift/Sources/Auth/WebAuthn/AuthMFA+WebAuthn.swift /Users/runner/Library/Developer/Xcode/DerivedData/SplatNative-dwmjesbccinwnzhdvkeajvbyatnj/SourcePackages/checkouts/supabase-swift/Sources/Auth/WebAuthn/WebAuthnAuthenticator.swift /Users/runner/Library/Developer/Xcode/DerivedData/SplatNative-dwmjesbccinwnzhdvkeajvbyatnj/SourcePackages/checkouts/supabase-swift/Sources/Auth/WebAuthn/WebAuthnTypes.swift (in target 'Auth' from project 'Supabase')
CompileSwift normal arm64 (in target 'Auth' from project 'Supabase')
    cd /Users/runner/work/ALLSUNDAY1122.github.io/ALLSUNDAY1122.github.io/splat-native-ios/SplatNative.xcodeproj
    

SwiftDriver\ Compilation Storage normal arm64 com.apple.xcode.tools.swift.compiler (in target 'Storage' from project 'Supabase')
    cd /Users/runner/work/ALLSUNDAY1122.github.io/ALLSUNDAY1122.github.io/splat-native-ios/SplatNative.xcodeproj
    builtin-Swift-Compilation -- /Applications/Xcode_16.4.app/Contents/Developer/Toolchains/XcodeDefault.xctoolchain/usr/bin/swiftc -module-name Storage -O -whole-module-optimization -enforce-exclusivity\=checked @/Users/runner/Library/Developer/Xcode/DerivedData/SplatNative-dwmjesbccinwnzhdvkeajvbyatnj/Build/Intermediates.noindex/Supabase.build/Release-iphoneos/Storage.build/Objects-normal/arm64/Storage.SwiftFileList -DSWIFT_PACKAGE -DXcode -enable-upcoming-feature ExistentialAny -enable-upcoming-feature ImmutableWeakCaptures -enable-upcoming-feature InferIsolatedConformances -enable-upcoming-feature InternalImportsByDefault -enable-upcoming-feature MemberImportVisibility -plugin-path /Applications/Xcode_16.4.app/Contents/Developer/Toolchains/XcodeDefault.xctoolchain/usr/lib/swift/host/plugins/testing -enable-experimental-feature DebugDescriptionMacro -sdk /Applications/Xcode_16.4.app/Contents/Developer/Platforms/iPhoneOS.platform/Developer/SDKs/iPhoneOS18.5.sdk -target arm64-apple-ios16.0 -g -module-cache-path /Users/runner/Library/Developer/Xcode/DerivedData/ModuleCache.noindex -Xfrontend -serialize-debugging-options -suppress-warnings -swift-version 6 -I /Users/runner/Library/Developer/Xcode/DerivedData/SplatNative-dwmjesbccinwnzhdvkeajvbyatnj/Build/Products/Release-iphoneos -I /Applications/Xcode_16.4.app/Contents/Developer/Platforms/iPhoneOS.platform/Developer/usr/lib -F /Users/runner/Library/Developer/Xcode/DerivedData/SplatNative-dwmjesbccinwnzhdvkeajvbyatnj/Build/Products/Release-iphoneos/PackageFrameworks -F /Users/runner/Library/Developer/Xcode/DerivedData/SplatNative-dwmjesbccinwnzhdvkeajvbyatnj/Build/Products/Release-iphoneos/PackageFrameworks -F /Users/runner/Library/Developer/Xcode/DerivedData/SplatNative-dwmjesbccinwnzhdvkeajvbyatnj/Build/Products/Release-iphoneos/PackageFrameworks -F /Users/runner/Library/Developer/Xcode/DerivedData/SplatNative-dwmjesbccinwnzhdvkeajvbyatnj/Build/Products/Release-iphoneos/PackageFrameworks -F /Users/runner/Library/Developer/Xcode/DerivedData/SplatNative-dwmjesbccinwnzhdvkeajvbyatnj/Build/Products/Release-iphoneos/PackageFrameworks -F /Users/runner/Library/Developer/Xcode/DerivedData/SplatNative-dwmjesbccinwnzhdvkeajvbyatnj/Build/Products/Release-iphoneos/PackageFrameworks -F /Users/runner/Library/Developer/Xcode/DerivedData/SplatNative-dwmjesbccinwnzhdvkeajvbyatnj/Build/Products/Release-iphoneos -F /Applications/Xcode_16.4.app/Contents/Developer/Platforms/iPhoneOS.platform/Developer/Library/Frameworks -F /Applications/Xcode_16.4.app/Contents/Developer/Platforms/iPhoneOS.platform/Developer/SDKs/iPhoneOS18.5.sdk/Developer/Library/Frameworks -c -num-threads 3 -Xcc -ivfsstatcache -Xcc /Users/runner/Library/Developer/Xcode/DerivedData/SDKStatCaches.noindex/iphoneos18.5-22F76-a529daf784b3616c7c04a36aeb7f5c05.sdkstatcache -output-file-map /Users/runner/Library/Developer/Xcode/DerivedData/SplatNative-dwmjesbccinwnzhdvkeajvbyatnj/Build/Intermediates.noindex/Supabase.build/Release-iphoneos/Storage.build/Objects-normal/arm64/Storage-OutputFileMap.json -use-frontend-parseable-output -save-temps -no-color-diagnostics -serialize-diagnostics -emit-dependencies -emit-module -emit-module-path /Users/runner/Library/Developer/Xcode/DerivedData/SplatNative-dwmjesbccinwnzhdvkeajvbyatnj/Build/Intermediates.noindex/Supabase.build/Release-iphoneos/Storage.build/Objects-normal/arm64/Storage.swiftmodule -validate-clang-modules-once -clang-build-session-file /Users/runner/Library/Developer/Xcode/DerivedData/ModuleCache.noindex/Session.modulevalidation -package-name supabase_swift -Xcc -I/Users/runner/Library/Developer/Xcode/DerivedData/SplatNative-dwmjesbccinwnzhdvkeajvbyatnj/Build/Intermediates.noindex/Supabase.build/Release-iphoneos/Storage.build/swift-overrides.hmap -emit-const-values -Xfrontend -const-gather-protocols-file -Xfrontend /Users/runner/Library/Developer/Xcode/DerivedData/SplatNative-dwmjesbccinwnzhdvkeajvbyatnj/Build/Intermediates.noindex/Supabase.build/Release-iphoneos/Storage.build/Objects-normal/arm64/Storage_const_extract_protocols.json -Xcc -I/Users/runner/Library/Developer/Xcode/DerivedData/SplatNative-dwmjesbccinwnzhdvkeajvbyatnj/Build/Products/Release-iphoneos/include -Xcc -I/Users/runner/Library/Developer/Xcode/DerivedData/SplatNative-dwmjesbccinwnzhdvkeajvbyatnj/Build/Intermediates.noindex/Supabase.build/Release-iphoneos/Storage.build/DerivedSources-normal/arm64 -Xcc -I/Users/runner/Library/Developer/Xcode/DerivedData/SplatNative-dwmjesbccinwnzhdvkeajvbyatnj/Build/Intermediates.noindex/Supabase.build/Release-iphoneos/Storage.build/DerivedSources/arm64 -Xcc -I/Users/runner/Library/Developer/Xcode/DerivedData/SplatNative-dwmjesbccinwnzhdvkeajvbyatnj/Build/Intermediates.noindex/Supabase.build/Release-iphoneos/Storage.build/DerivedSources -Xcc -DSWIFT_PACKAGE -emit-objc-header -emit-objc-header-path /Users/runner/Library/Developer/Xcode/DerivedData/SplatNative-dwmjesbccinwnzhdvkeajvbyatnj/Build/Intermediates.noindex/Supabase.build/Release-iphoneos/Storage.build/Objects-normal/arm64/Storage-Swift.h -working-directory /Users/runner/work/ALLSUNDAY1122.github.io/ALLSUNDAY1122.github.io/splat-native-ios/SplatNative.xcodeproj -no-emit-module-separately-wmo

SwiftDriverJobDiscovery normal arm64 Compiling Codable.swift, Deprecated.swift, Exports.swift, Helpers.swift, MultipartFormData.swift, StorageApi.swift, StorageBucketApi.swift, StorageError.swift, StorageFileApi.swift, StorageHTTPClient.swift, StorageVectorsClient.swift, SupabaseStorage.swift, Types.swift, VectorBucketClient.swift, VectorIndexClient.swift (in target 'Storage' from project 'Supabase')

SwiftDriver\ Compilation\ Requirements Storage normal arm64 com.apple.xcode.tools.swift.compiler (in target 'Storage' from project 'Supabase')
    cd /Users/runner/work/ALLSUNDAY1122.github.io/ALLSUNDAY1122.github.io/splat-native-ios/SplatNative.xcodeproj
    builtin-Swift-Compilation-Requirements -- /Applications/Xcode_16.4.app/Contents/Developer/Toolchains/XcodeDefault.xctoolchain/usr/bin/swiftc -module-name Storage -O -whole-module-optimization -enforce-exclusivity\=checked @/Users/runner/Library/Developer/Xcode/DerivedData/SplatNative-dwmjesbccinwnzhdvkeajvbyatnj/Build/Intermediates.noindex/Supabase.build/Release-iphoneos/Storage.build/Objects-normal/arm64/Storage.SwiftFileList -DSWIFT_PACKAGE -DXcode -enable-upcoming-feature ExistentialAny -enable-upcoming-feature ImmutableWeakCaptures -enable-upcoming-feature InferIsolatedConformances -enable-upcoming-feature InternalImportsByDefault -enable-upcoming-feature MemberImportVisibility -plugin-path /Applications/Xcode_16.4.app/Contents/Developer/Toolchains/XcodeDefault.xctoolchain/usr/lib/swift/host/plugins/testing -enable-experimental-feature DebugDescriptionMacro -sdk /Applications/Xcode_16.4.app/Contents/Developer/Platforms/iPhoneOS.platform/Developer/SDKs/iPhoneOS18.5.sdk -target arm64-apple-ios16.0 -g -module-cache-path /Users/runner/Library/Developer/Xcode/DerivedData/ModuleCache.noindex -Xfrontend -serialize-debugging-options -suppress-warnings -swift-version 6 -I /Users/runner/Library/Developer/Xcode/DerivedData/SplatNative-dwmjesbccinwnzhdvkeajvbyatnj/Build/Products/Release-iphoneos -I /Applications/Xcode_16.4.app/Contents/Developer/Platforms/iPhoneOS.platform/Developer/usr/lib -F /Users/runner/Library/Developer/Xcode/DerivedData/SplatNative-dwmjesbccinwnzhdvkeajvbyatnj/Build/Products/Release-iphoneos/PackageFrameworks -F /Users/runner/Library/Developer/Xcode/DerivedData/SplatNative-dwmjesbccinwnzhdvkeajvbyatnj/Build/Products/Release-iphoneos/PackageFrameworks -F /Users/runner/Library/Developer/Xcode/DerivedData/SplatNative-dwmjesbccinwnzhdvkeajvbyatnj/Build/Products/Release-iphoneos/PackageFrameworks -F /Users/runner/Library/Developer/Xcode/DerivedData/SplatNative-dwmjesbccinwnzhdvkeajvbyatnj/Build/Products/Release-iphoneos/PackageFrameworks -F /Users/runner/Library/Developer/Xcode/DerivedData/SplatNative-dwmjesbccinwnzhdvkeajvbyatnj/Build/Products/Release-iphoneos/PackageFrameworks -F /Users/runner/Library/Developer/Xcode/DerivedData/SplatNative-dwmjesbccinwnzhdvkeajvbyatnj/Build/Products/Release-iphoneos/PackageFrameworks -F /Users/runner/Library/Developer/Xcode/DerivedData/SplatNative-dwmjesbccinwnzhdvkeajvbyatnj/Build/Products/Release-iphoneos -F /Applications/Xcode_16.4.app/Contents/Developer/Platforms/iPhoneOS.platform/Developer/Library/Frameworks -F /Applications/Xcode_16.4.app/Contents/Developer/Platforms/iPhoneOS.platform/Developer/SDKs/iPhoneOS18.5.sdk/Developer/Library/Frameworks -c -num-threads 3 -Xcc -ivfsstatcache -Xcc /Users/runner/Library/Developer/Xcode/DerivedData/SDKStatCaches.noindex/iphoneos18.5-22F76-a529daf784b3616c7c04a36aeb7f5c05.sdkstatcache -output-file-map /Users/runner/Library/Developer/Xcode/DerivedData/SplatNative-dwmjesbccinwnzhdvkeajvbyatnj/Build/Intermediates.noindex/Supabase.build/Release-iphoneos/Storage.build/Objects-normal/arm64/Storage-OutputFileMap.json -use-frontend-parseable-output -save-temps -no-color-diagnostics -serialize-diagnostics -emit-dependencies -emit-module -emit-module-path /Users/runner/Library/Developer/Xcode/DerivedData/SplatNative-dwmjesbccinwnzhdvkeajvbyatnj/Build/Intermediates.noindex/Supabase.build/Release-iphoneos/Storage.build/Objects-normal/arm64/Storage.swiftmodule -validate-clang-modules-once -clang-build-session-file /Users/runner/Library/Developer/Xcode/DerivedData/ModuleCache.noindex/Session.modulevalidation -package-name supabase_swift -Xcc -I/Users/runner/Library/Developer/Xcode/DerivedData/SplatNative-dwmjesbccinwnzhdvkeajvbyatnj/Build/Intermediates.noindex/Supabase.build/Release-iphoneos/Storage.build/swift-overrides.hmap -emit-const-values -Xfrontend -const-gather-protocols-file -Xfrontend /Users/runner/Library/Developer/Xcode/DerivedData/SplatNative-dwmjesbccinwnzhdvkeajvbyatnj/Build/Intermediates.noindex/Supabase.build/Release-iphoneos/Storage.build/Objects-normal/arm64/Storage_const_extract_protocols.json -Xcc -I/Users/runner/Library/Developer/Xcode/DerivedData/SplatNative-dwmjesbccinwnzhdvkeajvbyatnj/Build/Products/Release-iphoneos/include -Xcc -I/Users/runner/Library/Developer/Xcode/DerivedData/SplatNative-dwmjesbccinwnzhdvkeajvbyatnj/Build/Intermediates.noindex/Supabase.build/Release-iphoneos/Storage.build/DerivedSources-normal/arm64 -Xcc -I/Users/runner/Library/Developer/Xcode/DerivedData/SplatNative-dwmjesbccinwnzhdvkeajvbyatnj/Build/Intermediates.noindex/Supabase.build/Release-iphoneos/Storage.build/DerivedSources/arm64 -Xcc -I/Users/runner/Library/Developer/Xcode/DerivedData/SplatNative-dwmjesbccinwnzhdvkeajvbyatnj/Build/Intermediates.noindex/Supabase.build/Release-iphoneos/Storage.build/DerivedSources -Xcc -DSWIFT_PACKAGE -emit-objc-header -emit-objc-header-path /Users/runner/Library/Developer/Xcode/DerivedData/SplatNative-dwmjesbccinwnzhdvkeajvbyatnj/Build/Intermediates.noindex/Supabase.build/Release-iphoneos/Storage.build/Objects-normal/arm64/Storage-Swift.h -working-directory /Users/runner/work/ALLSUNDAY1122.github.io/ALLSUNDAY1122.github.io/splat-native-ios/SplatNative.xcodeproj -no-emit-module-separately-wmo

SwiftDriver\ Compilation RealtimeV2 normal arm64 com.apple.xcode.tools.swift.compiler (in target 'RealtimeV2' from project 'Supabase')
    cd /Users/runner/work/ALLSUNDAY1122.github.io/ALLSUNDAY1122.github.io/splat-native-ios/SplatNative.xcodeproj
    builtin-Swift-Compilation -- /Applications/Xcode_16.4.app/Contents/Developer/Toolchains/XcodeDefault.xctoolchain/usr/bin/swiftc -module-name RealtimeV2 -O -whole-module-optimization -enforce-exclusivity\=checked @/Users/runner/Library/Developer/Xcode/DerivedData/SplatNative-dwmjesbccinwnzhdvkeajvbyatnj/Build/Intermediates.noindex/Supabase.build/Release-iphoneos/RealtimeV2.build/Objects-normal/arm64/RealtimeV2.SwiftFileList -DSWIFT_PACKAGE -DXcode -enable-upcoming-feature ExistentialAny -enable-upcoming-feature ImmutableWeakCaptures -enable-upcoming-feature InferIsolatedConformances -enable-upcoming-feature InternalImportsByDefault -enable-upcoming-feature MemberImportVisibility -plugin-path /Applications/Xcode_16.4.app/Contents/Developer/Toolchains/XcodeDefault.xctoolchain/usr/lib/swift/host/plugins/testing -enable-experimental-feature DebugDescriptionMacro -sdk /Applications/Xcode_16.4.app/Contents/Developer/Platforms/iPhoneOS.platform/Developer/SDKs/iPhoneOS18.5.sdk -target arm64-apple-ios16.0 -g -module-cache-path /Users/runner/Library/Developer/Xcode/DerivedData/ModuleCache.noindex -Xfrontend -serialize-debugging-options -suppress-warnings -swift-version 6 -I /Users/runner/Library/Developer/Xcode/DerivedData/SplatNative-dwmjesbccinwnzhdvkeajvbyatnj/Build/Products/Release-iphoneos -I /Applications/Xcode_16.4.app/Contents/Developer/Platforms/iPhoneOS.platform/Developer/usr/lib -F /Users/runner/Library/Developer/Xcode/DerivedData/SplatNative-dwmjesbccinwnzhdvkeajvbyatnj/Build/Products/Release-iphoneos/PackageFrameworks -F /Users/runner/Library/Developer/Xcode/DerivedData/SplatNative-dwmjesbccinwnzhdvkeajvbyatnj/Build/Products/Release-iphoneos/PackageFrameworks -F /Users/runner/Library/Developer/Xcode/DerivedData/SplatNative-dwmjesbccinwnzhdvkeajvbyatnj/Build/Products/Release-iphoneos/PackageFrameworks -F /Users/runner/Library/Developer/Xcode/DerivedData/SplatNative-dwmjesbccinwnzhdvkeajvbyatnj/Build/Products/Release-iphoneos/PackageFrameworks -F /Users/runner/Library/Developer/Xcode/DerivedData/SplatNative-dwmjesbccinwnzhdvkeajvbyatnj/Build/Products/Release-iphoneos/PackageFrameworks -F /Users/runner/Library/Developer/Xcode/DerivedData/SplatNative-dwmjesbccinwnzhdvkeajvbyatnj/Build/Products/Release-iphoneos/PackageFrameworks -F /Users/runner/Library/Developer/Xcode/DerivedData/SplatNative-dwmjesbccinwnzhdvkeajvbyatnj/Build/Products/Release-iphoneos -F /Applications/Xcode_16.4.app/Contents/Developer/Platforms/iPhoneOS.platform/Developer/Library/Frameworks -F /Applications/Xcode_16.4.app/Contents/Developer/Platforms/iPhoneOS.platform/Developer/SDKs/iPhoneOS18.5.sdk/Developer/Library/Frameworks -c -num-threads 3 -Xcc -ivfsstatcache -Xcc /Users/runner/Library/Developer/Xcode/DerivedData/SDKStatCaches.noindex/iphoneos18.5-22F76-a529daf784b3616c7c04a36aeb7f5c05.sdkstatcache -output-file-map /Users/runner/Library/Developer/Xcode/DerivedData/SplatNative-dwmjesbccinwnzhdvkeajvbyatnj/Build/Intermediates.noindex/Supabase.build/Release-iphoneos/RealtimeV2.build/Objects-normal/arm64/RealtimeV2-OutputFileMap.json -use-frontend-parseable-output -save-temps -no-color-diagnostics -serialize-diagnostics -emit-dependencies -emit-module -emit-module-path /Users/runner/Library/Developer/Xcode/DerivedData/SplatNative-dwmjesbccinwnzhdvkeajvbyatnj/Build/Intermediates.noindex/Supabase.build/Release-iphoneos/RealtimeV2.build/Objects-normal/arm64/RealtimeV2.swiftmodule -validate-clang-modules-once -clang-build-session-file /Users/runner/Library/Developer/Xcode/DerivedData/ModuleCache.noindex/Session.modulevalidation -package-name supabase_swift -Xcc -I/Users/runner/Library/Developer/Xcode/DerivedData/SplatNative-dwmjesbccinwnzhdvkeajvbyatnj/Build/Intermediates.noindex/Supabase.build/Release-iphoneos/RealtimeV2.build/swift-overrides.hmap -emit-const-values -Xfrontend -const-gather-protocols-file -Xfrontend /Users/runner/Library/Developer/Xcode/DerivedData/SplatNative-dwmjesbccinwnzhdvkeajvbyatnj/Build/Intermediates.noindex/Supabase.build/Release-iphoneos/RealtimeV2.build/Objects-normal/arm64/RealtimeV2_const_extract_protocols.json -Xcc -I/Users/runner/Library/Developer/Xcode/DerivedData/SplatNative-dwmjesbccinwnzhdvkeajvbyatnj/Build/Products/Release-iphoneos/include -Xcc -I/Users/runner/Library/Developer/Xcode/DerivedData/SplatNative-dwmjesbccinwnzhdvkeajvbyatnj/Build/Intermediates.noindex/Supabase.build/Release-iphoneos/RealtimeV2.build/DerivedSources-normal/arm64 -Xcc -I/Users/runner/Library/Developer/Xcode/DerivedData/SplatNative-dwmjesbccinwnzhdvkeajvbyatnj/Build/Intermediates.noindex/Supabase.build/Release-iphoneos/RealtimeV2.build/DerivedSources/arm64 -Xcc -I/Users/runner/Library/Developer/Xcode/DerivedData/SplatNative-dwmjesbccinwnzhdvkeajvbyatnj/Build/Intermediates.noindex/Supabase.build/Release-iphoneos/RealtimeV2.build/DerivedSources -Xcc -DSWIFT_PACKAGE -emit-objc-header -emit-objc-header-path /Users/runner/Library/Developer/Xcode/DerivedData/SplatNative-dwmjesbccinwnzhdvkeajvbyatnj/Build/Intermediates.noindex/Supabase.build/Release-iphoneos/RealtimeV2.build/Objects-normal/arm64/RealtimeV2-Swift.h -working-directory /Users/runner/work/ALLSUNDAY1122.github.io/ALLSUNDAY1122.github.io/splat-native-ios/SplatNative.xcodeproj -no-emit-module-separately-wmo

SwiftMergeGeneratedHeaders /Users/runner/Library/Developer/Xcode/DerivedData/SplatNative-dwmjesbccinwnzhdvkeajvbyatnj/Build/Intermediates.noindex/GeneratedModuleMaps-iphoneos/Storage-Swift.h /Users/runner/Library/Developer/Xcode/DerivedData/SplatNative-dwmjesbccinwnzhdvkeajvbyatnj/Build/Intermediates.noindex/Supabase.build/Release-iphoneos/Storage.build/Objects-normal/arm64/Storage-Swift.h (in target 'Storage' from project 'Supabase')
    cd /Users/runner/Library/Developer/Xcode/DerivedData/SplatNative-dwmjesbccinwnzhdvkeajvbyatnj/SourcePackages/checkouts/supabase-swift
    builtin-swiftHeaderTool -arch arm64 /Users/runner/Library/Developer/Xcode/DerivedData/SplatNative-dwmjesbccinwnzhdvkeajvbyatnj/Build/Intermediates.noindex/Supabase.build/Release-iphoneos/Storage.build/Objects-normal/arm64/Storage-Swift.h -o /Users/runner/Library/Developer/Xcode/DerivedData/SplatNative-dwmjesbccinwnzhdvkeajvbyatnj/Build/Intermediates.noindex/GeneratedModuleMaps-iphoneos/Storage-Swift.h

Copy /Users/runner/Library/Developer/Xcode/DerivedData/SplatNative-dwmjesbccinwnzhdvkeajvbyatnj/Build/Products/Release-iphoneos/Storage.swiftmodule/arm64-apple-ios.swiftmodule /Users/runner/Library/Developer/Xcode/DerivedData/SplatNative-dwmjesbccinwnzhdvkeajvbyatnj/Build/Intermediates.noindex/Supabase.build/Release-iphoneos/Storage.build/Objects-normal/arm64/Storage.swiftmodule (in target 'Storage' from project 'Supabase')
    cd /Users/runner/Library/Developer/Xcode/DerivedData/SplatNative-dwmjesbccinwnzhdvkeajvbyatnj/SourcePackages/checkouts/supabase-swift
    builtin-copy -exclude .DS_Store -exclude CVS -exclude .svn -exclude .git -exclude .hg -strip-unsigned-binaries -strip-deterministic -strip-tool /Applications/Xcode_16.4.app/Contents/Developer/Toolchains/XcodeDefault.xctoolchain/usr/bin/strip -resolve-src-symlinks -rename /Users/runner/Library/Developer/Xcode/DerivedData/SplatNative-dwmjesbccinwnzhdvkeajvbyatnj/Build/Intermediates.noindex/Supabase.build/Release-iphoneos/Storage.build/Objects-normal/arm64/Storage.swiftmodule /Users/runner/Library/Developer/Xcode/DerivedData/SplatNative-dwmjesbccinwnzhdvkeajvbyatnj/Build/Products/Release-iphoneos/Storage.swiftmodule/arm64-apple-ios.swiftmodule

Copy /Users/runner/Library/Developer/Xcode/DerivedData/SplatNative-dwmjesbccinwnzhdvkeajvbyatnj/Build/Products/Release-iphoneos/Storage.swiftmodule/arm64-apple-ios.swiftdoc /Users/runner/Library/Developer/Xcode/DerivedData/SplatNative-dwmjesbccinwnzhdvkeajvbyatnj/Build/Intermediates.noindex/Supabase.build/Release-iphoneos/Storage.build/Objects-normal/arm64/Storage.swiftdoc (in target 'Storage' from project 'Supabase')
    cd /Users/runner/Library/Developer/Xcode/DerivedData/SplatNative-dwmjesbccinwnzhdvkeajvbyatnj/SourcePackages/checkouts/supabase-swift
    builtin-copy -exclude .DS_Store -exclude CVS -exclude .svn -exclude .git -exclude .hg -strip-unsigned-binaries -strip-deterministic -strip-tool /Applications/Xcode_16.4.app/Contents/Developer/Toolchains/XcodeDefault.xctoolchain/usr/bin/strip -resolve-src-symlinks -rename /Users/runner/Library/Developer/Xcode/DerivedData/SplatNative-dwmjesbccinwnzhdvkeajvbyatnj/Build/Intermediates.noindex/Supabase.build/Release-iphoneos/Storage.build/Objects-normal/arm64/Storage.swiftdoc /Users/runner/Library/Developer/Xcode/DerivedData/SplatNative-dwmjesbccinwnzhdvkeajvbyatnj/Build/Products/Release-iphoneos/Storage.swiftmodule/arm64-apple-ios.swiftdoc

Copy /Users/runner/Library/Developer/Xcode/DerivedData/SplatNative-dwmjesbccinwnzhdvkeajvbyatnj/Build/Products/Release-iphoneos/Storage.swiftmodule/arm64-apple-ios.abi.json /Users/runner/Library/Developer/Xcode/DerivedData/SplatNative-dwmjesbccinwnzhdvkeajvbyatnj/Build/Intermediates.noindex/Supabase.build/Release-iphoneos/Storage.build/Objects-normal/arm64/Storage.abi.json (in target 'Storage' from project 'Supabase')
    cd /Users/runner/Library/Developer/Xcode/DerivedData/SplatNative-dwmjesbccinwnzhdvkeajvbyatnj/SourcePackages/checkouts/supabase-swift
    builtin-copy -exclude .DS_Store -exclude CVS -exclude .svn -exclude .git -exclude .hg -strip-unsigned-binaries -strip-deterministic -strip-tool /Applications/Xcode_16.4.app/Contents/Developer/Toolchains/XcodeDefault.xctoolchain/usr/bin/strip -resolve-src-symlinks -rename /Users/runner/Library/Developer/Xcode/DerivedData/SplatNative-dwmjesbccinwnzhdvkeajvbyatnj/Build/Intermediates.noindex/Supabase.build/Release-iphoneos/Storage.build/Objects-normal/arm64/Storage.abi.json /Users/runner/Library/Developer/Xcode/DerivedData/SplatNative-dwmjesbccinwnzhdvkeajvbyatnj/Build/Products/Release-iphoneos/Storage.swiftmodule/arm64-apple-ios.abi.json

Copy /Users/runner/Library/Developer/Xcode/DerivedData/SplatNative-dwmjesbccinwnzhdvkeajvbyatnj/Build/Products/Release-iphoneos/Storage.swiftmodule/Project/arm64-apple-ios.swiftsourceinfo /Users/runner/Library/Developer/Xcode/DerivedData/SplatNative-dwmjesbccinwnzhdvkeajvbyatnj/Build/Intermediates.noindex/Supabase.build/Release-iphoneos/Storage.build/Objects-normal/arm64/Storage.swiftsourceinfo (in target 'Storage' from project 'Supabase')
    cd /Users/runner/Library/Developer/Xcode/DerivedData/SplatNative-dwmjesbccinwnzhdvkeajvbyatnj/SourcePackages/checkouts/supabase-swift
    builtin-copy -exclude .DS_Store -exclude CVS -exclude .svn -exclude .git -exclude .hg -strip-unsigned-binaries -strip-deterministic -strip-tool /Applications/Xcode_16.4.app/Contents/Developer/Toolchains/XcodeDefault.xctoolchain/usr/bin/strip -resolve-src-symlinks -rename /Users/runner/Library/Developer/Xcode/DerivedData/SplatNative-dwmjesbccinwnzhdvkeajvbyatnj/Build/Intermediates.noindex/Supabase.build/Release-iphoneos/Storage.build/Objects-normal/arm64/Storage.swiftsourceinfo /Users/runner/Library/Developer/Xcode/DerivedData/SplatNative-dwmjesbccinwnzhdvkeajvbyatnj/Build/Products/Release-iphoneos/Storage.swiftmodule/Project/arm64-apple-ios.swiftsourceinfo

SwiftDriver\ Compilation PostgREST normal arm64 com.apple.xcode.tools.swift.compiler (in target 'PostgREST' from project 'Supabase')
    cd /Users/runner/work/ALLSUNDAY1122.github.io/ALLSUNDAY1122.github.io/splat-native-ios/SplatNative.xcodeproj
    builtin-Swift-Compilation -- /Applications/Xcode_16.4.app/Contents/Developer/Toolchains/XcodeDefault.xctoolchain/usr/bin/swiftc -module-name PostgREST -O -whole-module-optimization -enforce-exclusivity\=checked @/Users/runner/Library/Developer/Xcode/DerivedData/SplatNative-dwmjesbccinwnzhdvkeajvbyatnj/Build/Intermediates.noindex/Supabase.build/Release-iphoneos/PostgREST.build/Objects-normal/arm64/PostgREST.SwiftFileList -DSWIFT_PACKAGE -DXcode -enable-upcoming-feature ExistentialAny -enable-upcoming-feature ImmutableWeakCaptures -enable-upcoming-feature InferIsolatedConformances -enable-upcoming-feature InternalImportsByDefault -enable-upcoming-feature MemberImportVisibility -plugin-path /Applications/Xcode_16.4.app/Contents/Developer/Toolchains/XcodeDefault.xctoolchain/usr/lib/swift/host/plugins/testing -enable-experimental-feature DebugDescriptionMacro -sdk /Applications/Xcode_16.4.app/Contents/Developer/Platforms/iPhoneOS.platform/Developer/SDKs/iPhoneOS18.5.sdk -target arm64-apple-ios16.0 -g -module-cache-path /Users/runner/Library/Developer/Xcode/DerivedData/ModuleCache.noindex -Xfrontend -serialize-debugging-options -suppress-warnings -swift-version 6 -I /Users/runner/Library/Developer/Xcode/DerivedData/SplatNative-dwmjesbccinwnzhdvkeajvbyatnj/Build/Products/Release-iphoneos -I /Applications/Xcode_16.4.app/Contents/Developer/Platforms/iPhoneOS.platform/Developer/usr/lib -F /Users/runner/Library/Developer/Xcode/DerivedData/SplatNative-dwmjesbccinwnzhdvkeajvbyatnj/Build/Products/Release-iphoneos/PackageFrameworks -F /Users/runner/Library/Developer/Xcode/DerivedData/SplatNative-dwmjesbccinwnzhdvkeajvbyatnj/Build/Products/Release-iphoneos/PackageFrameworks -F /Users/runner/Library/Developer/Xcode/DerivedData/SplatNative-dwmjesbccinwnzhdvkeajvbyatnj/Build/Products/Release-iphoneos/PackageFrameworks -F /Users/runner/Library/Developer/Xcode/DerivedData/SplatNative-dwmjesbccinwnzhdvkeajvbyatnj/Build/Products/Release-iphoneos/PackageFrameworks -F /Users/runner/Library/Developer/Xcode/DerivedData/SplatNative-dwmjesbccinwnzhdvkeajvbyatnj/Build/Products/Release-iphoneos/PackageFrameworks -F /Users/runner/Library/Developer/Xcode/DerivedData/SplatNative-dwmjesbccinwnzhdvkeajvbyatnj/Build/Products/Release-iphoneos/PackageFrameworks -F /Users/runner/Library/Developer/Xcode/DerivedData/SplatNative-dwmjesbccinwnzhdvkeajvbyatnj/Build/Products/Release-iphoneos -F /Applications/Xcode_16.4.app/Contents/Developer/Platforms/iPhoneOS.platform/Developer/Library/Frameworks -F /Applications/Xcode_16.4.app/Contents/Developer/Platforms/iPhoneOS.platform/Developer/SDKs/iPhoneOS18.5.sdk/Developer/Library/Frameworks -c -num-threads 3 -Xcc -ivfsstatcache -Xcc /Users/runner/Library/Developer/Xcode/DerivedData/SDKStatCaches.noindex/iphoneos18.5-22F76-a529daf784b3616c7c04a36aeb7f5c05.sdkstatcache -output-file-map /Users/runner/Library/Developer/Xcode/DerivedData/SplatNative-dwmjesbccinwnzhdvkeajvbyatnj/Build/Intermediates.noindex/Supabase.build/Release-iphoneos/PostgREST.build/Objects-normal/arm64/PostgREST-OutputFileMap.json -use-frontend-parseable-output -save-temps -no-color-diagnostics -serialize-diagnostics -emit-dependencies -emit-module -emit-module-path /Users/runner/Library/Developer/Xcode/DerivedData/SplatNative-dwmjesbccinwnzhdvkeajvbyatnj/Build/Intermediates.noindex/Supabase.build/Release-iphoneos/PostgREST.build/Objects-normal/arm64/PostgREST.swiftmodule -validate-clang-modules-once -clang-build-session-file /Users/runner/Library/Developer/Xcode/DerivedData/ModuleCache.noindex/Session.modulevalidation -package-name supabase_swift -Xcc -I/Users/runner/Library/Developer/Xcode/DerivedData/SplatNative-dwmjesbccinwnzhdvkeajvbyatnj/Build/Intermediates.noindex/Supabase.build/Release-iphoneos/PostgREST.build/swift-overrides.hmap -emit-const-values -Xfrontend -const-gather-protocols-file -Xfrontend /Users/runner/Library/Developer/Xcode/DerivedData/SplatNative-dwmjesbccinwnzhdvkeajvbyatnj/Build/Intermediates.noindex/Supabase.build/Release-iphoneos/PostgREST.build/Objects-normal/arm64/PostgREST_const_extract_protocols.json -Xcc -I/Users/runner/Library/Developer/Xcode/DerivedData/SplatNative-dwmjesbccinwnzhdvkeajvbyatnj/Build/Products/Release-iphoneos/include -Xcc -I/Users/runner/Library/Developer/Xcode/DerivedData/SplatNative-dwmjesbccinwnzhdvkeajvbyatnj/Build/Intermediates.noindex/Supabase.build/Release-iphoneos/PostgREST.build/DerivedSources-normal/arm64 -Xcc -I/Users/runner/Library/Developer/Xcode/DerivedData/SplatNative-dwmjesbccinwnzhdvkeajvbyatnj/Build/Intermediates.noindex/Supabase.build/Release-iphoneos/PostgREST.build/DerivedSources/arm64 -Xcc -I/Users/runner/Library/Developer/Xcode/DerivedData/SplatNative-dwmjesbccinwnzhdvkeajvbyatnj/Build/Intermediates.noindex/Supabase.build/Release-iphoneos/PostgREST.build/DerivedSources -Xcc -DSWIFT_PACKAGE -emit-objc-header -emit-objc-header-path /Users/runner/Library/Developer/Xcode/DerivedData/SplatNative-dwmjesbccinwnzhdvkeajvbyatnj/Build/Intermediates.noindex/Supabase.build/Release-iphoneos/PostgREST.build/Objects-normal/arm64/PostgREST-Swift.h -working-directory /Users/runner/work/ALLSUNDAY1122.github.io/ALLSUNDAY1122.github.io/splat-native-ios/SplatNative.xcodeproj -no-emit-module-separately-wmo

SwiftDriver\ Compilation Functions normal arm64 com.apple.xcode.tools.swift.compiler (in target 'Functions' from project 'Supabase')
    cd /Users/runner/work/ALLSUNDAY1122.github.io/ALLSUNDAY1122.github.io/splat-native-ios/SplatNative.xcodeproj
    builtin-Swift-Compilation -- /Applications/Xcode_16.4.app/Contents/Developer/Toolchains/XcodeDefault.xctoolchain/usr/bin/swiftc -module-name Functions -O -whole-module-optimization -enforce-exclusivity\=checked @/Users/runner/Library/Developer/Xcode/DerivedData/SplatNative-dwmjesbccinwnzhdvkeajvbyatnj/Build/Intermediates.noindex/Supabase.build/Release-iphoneos/Functions.build/Objects-normal/arm64/Functions.SwiftFileList -DSWIFT_PACKAGE -DXcode -enable-upcoming-feature ExistentialAny -enable-upcoming-feature ImmutableWeakCaptures -enable-upcoming-feature InferIsolatedConformances -enable-upcoming-feature InternalImportsByDefault -enable-upcoming-feature MemberImportVisibility -plugin-path /Applications/Xcode_16.4.app/Contents/Developer/Toolchains/XcodeDefault.xctoolchain/usr/lib/swift/host/plugins/testing -enable-experimental-feature DebugDescriptionMacro -sdk /Applications/Xcode_16.4.app/Contents/Developer/Platforms/iPhoneOS.platform/Developer/SDKs/iPhoneOS18.5.sdk -target arm64-apple-ios16.0 -g -module-cache-path /Users/runner/Library/Developer/Xcode/DerivedData/ModuleCache.noindex -Xfrontend -serialize-debugging-options -suppress-warnings -swift-version 6 -I /Users/runner/Library/Developer/Xcode/DerivedData/SplatNative-dwmjesbccinwnzhdvkeajvbyatnj/Build/Products/Release-iphoneos -I /Applications/Xcode_16.4.app/Contents/Developer/Platforms/iPhoneOS.platform/Developer/usr/lib -F /Users/runner/Library/Developer/Xcode/DerivedData/SplatNative-dwmjesbccinwnzhdvkeajvbyatnj/Build/Products/Release-iphoneos/PackageFrameworks -F /Users/runner/Library/Developer/Xcode/DerivedData/SplatNative-dwmjesbccinwnzhdvkeajvbyatnj/Build/Products/Release-iphoneos/PackageFrameworks -F /Users/runner/Library/Developer/Xcode/DerivedData/SplatNative-dwmjesbccinwnzhdvkeajvbyatnj/Build/Products/Release-iphoneos/PackageFrameworks -F /Users/runner/Library/Developer/Xcode/DerivedData/SplatNative-dwmjesbccinwnzhdvkeajvbyatnj/Build/Products/Release-iphoneos/PackageFrameworks -F /Users/runner/Library/Developer/Xcode/DerivedData/SplatNative-dwmjesbccinwnzhdvkeajvbyatnj/Build/Products/Release-iphoneos/PackageFrameworks -F /Users/runner/Library/Developer/Xcode/DerivedData/SplatNative-dwmjesbccinwnzhdvkeajvbyatnj/Build/Products/Release-iphoneos/PackageFrameworks -F /Users/runner/Library/Developer/Xcode/DerivedData/SplatNative-dwmjesbccinwnzhdvkeajvbyatnj/Build/Products/Release-iphoneos -F /Applications/Xcode_16.4.app/Contents/Developer/Platforms/iPhoneOS.platform/Developer/Library/Frameworks -F /Applications/Xcode_16.4.app/Contents/Developer/Platforms/iPhoneOS.platform/Developer/SDKs/iPhoneOS18.5.sdk/Developer/Library/Frameworks -c -num-threads 3 -Xcc -ivfsstatcache -Xcc /Users/runner/Library/Developer/Xcode/DerivedData/SDKStatCaches.noindex/iphoneos18.5-22F76-a529daf784b3616c7c04a36aeb7f5c05.sdkstatcache -output-file-map /Users/runner/Library/Developer/Xcode/DerivedData/SplatNative-dwmjesbccinwnzhdvkeajvbyatnj/Build/Intermediates.noindex/Supabase.build/Release-iphoneos/Functions.build/Objects-normal/arm64/Functions-OutputFileMap.json -use-frontend-parseable-output -save-temps -no-color-diagnostics -serialize-diagnostics -emit-dependencies -emit-module -emit-module-path /Users/runner/Library/Developer/Xcode/DerivedData/SplatNative-dwmjesbccinwnzhdvkeajvbyatnj/Build/Intermediates.noindex/Supabase.build/Release-iphoneos/Functions.build/Objects-normal/arm64/Functions.swiftmodule -validate-clang-modules-once -clang-build-session-file /Users/runner/Library/Developer/Xcode/DerivedData/ModuleCache.noindex/Session.modulevalidation -package-name supabase_swift -Xcc -I/Users/runner/Library/Developer/Xcode/DerivedData/SplatNative-dwmjesbccinwnzhdvkeajvbyatnj/Build/Intermediates.noindex/Supabase.build/Release-iphoneos/Functions.build/swift-overrides.hmap -emit-const-values -Xfrontend -const-gather-protocols-file -Xfrontend /Users/runner/Library/Developer/Xcode/DerivedData/SplatNative-dwmjesbccinwnzhdvkeajvbyatnj/Build/Intermediates.noindex/Supabase.build/Release-iphoneos/Functions.build/Objects-normal/arm64/Functions_const_extract_protocols.json -Xcc -I/Users/runner/Library/Developer/Xcode/DerivedData/SplatNative-dwmjesbccinwnzhdvkeajvbyatnj/Build/Products/Release-iphoneos/include -Xcc -I/Users/runner/Library/Developer/Xcode/DerivedData/SplatNative-dwmjesbccinwnzhdvkeajvbyatnj/Build/Intermediates.noindex/Supabase.build/Release-iphoneos/Functions.build/DerivedSources-normal/arm64 -Xcc -I/Users/runner/Library/Developer/Xcode/DerivedData/SplatNative-dwmjesbccinwnzhdvkeajvbyatnj/Build/Intermediates.noindex/Supabase.build/Release-iphoneos/Functions.build/DerivedSources/arm64 -Xcc -I/Users/runner/Library/Developer/Xcode/DerivedData/SplatNative-dwmjesbccinwnzhdvkeajvbyatnj/Build/Intermediates.noindex/Supabase.build/Release-iphoneos/Functions.build/DerivedSources -Xcc -DSWIFT_PACKAGE -emit-objc-header -emit-objc-header-path /Users/runner/Library/Developer/Xcode/DerivedData/SplatNative-dwmjesbccinwnzhdvkeajvbyatnj/Build/Intermediates.noindex/Supabase.build/Release-iphoneos/Functions.build/Objects-normal/arm64/Functions-Swift.h -working-directory /Users/runner/work/ALLSUNDAY1122.github.io/ALLSUNDAY1122.github.io/splat-native-ios/SplatNative.xcodeproj -no-emit-module-separately-wmo

SwiftDriver\ Compilation Auth normal arm64 com.apple.xcode.tools.swift.compiler (in target 'Auth' from project 'Supabase')
    cd /Users/runner/work/ALLSUNDAY1122.github.io/ALLSUNDAY1122.github.io/splat-native-ios/SplatNative.xcodeproj
    builtin-Swift-Compilation -- /Applications/Xcode_16.4.app/Contents/Developer/Toolchains/XcodeDefault.xctoolchain/usr/bin/swiftc -module-name Auth -O -whole-module-optimization -enforce-exclusivity\=checked @/Users/runner/Library/Developer/Xcode/DerivedData/SplatNative-dwmjesbccinwnzhdvkeajvbyatnj/Build/Intermediates.noindex/Supabase.build/Release-iphoneos/Auth.build/Objects-normal/arm64/Auth.SwiftFileList -DSWIFT_PACKAGE -DXcode -enable-upcoming-feature ExistentialAny -enable-upcoming-feature ImmutableWeakCaptures -enable-upcoming-feature InferIsolatedConformances -enable-upcoming-feature InternalImportsByDefault -enable-upcoming-feature MemberImportVisibility -plugin-path /Applications/Xcode_16.4.app/Contents/Developer/Toolchains/XcodeDefault.xctoolchain/usr/lib/swift/host/plugins/testing -enable-experimental-feature DebugDescriptionMacro -sdk /Applications/Xcode_16.4.app/Contents/Developer/Platforms/iPhoneOS.platform/Developer/SDKs/iPhoneOS18.5.sdk -target arm64-apple-ios16.0 -g -module-cache-path /Users/runner/Library/Developer/Xcode/DerivedData/ModuleCache.noindex -Xfrontend -serialize-debugging-options -suppress-warnings -swift-version 6 -I /Users/runner/Library/Developer/Xcode/DerivedData/SplatNative-dwmjesbccinwnzhdvkeajvbyatnj/Build/Products/Release-iphoneos -I /Applications/Xcode_16.4.app/Contents/Developer/Platforms/iPhoneOS.platform/Developer/usr/lib -F /Users/runner/Library/Developer/Xcode/DerivedData/SplatNative-dwmjesbccinwnzhdvkeajvbyatnj/Build/Products/Release-iphoneos/PackageFrameworks -F /Users/runner/Library/Developer/Xcode/DerivedData/SplatNative-dwmjesbccinwnzhdvkeajvbyatnj/Build/Products/Release-iphoneos/PackageFrameworks -F /Users/runner/Library/Developer/Xcode/DerivedData/SplatNative-dwmjesbccinwnzhdvkeajvbyatnj/Build/Products/Release-iphoneos/PackageFrameworks -F /Users/runner/Library/Developer/Xcode/DerivedData/SplatNative-dwmjesbccinwnzhdvkeajvbyatnj/Build/Products/Release-iphoneos/PackageFrameworks -F /Users/runner/Library/Developer/Xcode/DerivedData/SplatNative-dwmjesbccinwnzhdvkeajvbyatnj/Build/Products/Release-iphoneos/PackageFrameworks -F /Users/runner/Library/Developer/Xcode/DerivedData/SplatNative-dwmjesbccinwnzhdvkeajvbyatnj/Build/Products/Release-iphoneos/PackageFrameworks -F /Users/runner/Library/Developer/Xcode/DerivedData/SplatNative-dwmjesbccinwnzhdvkeajvbyatnj/Build/Products/Release-iphoneos/PackageFrameworks -F /Users/runner/Library/Developer/Xcode/DerivedData/SplatNative-dwmjesbccinwnzhdvkeajvbyatnj/Build/Products/Release-iphoneos -F /Applications/Xcode_16.4.app/Contents/Developer/Platforms/iPhoneOS.platform/Developer/Library/Frameworks -F /Applications/Xcode_16.4.app/Contents/Developer/Platforms/iPhoneOS.platform/Developer/SDKs/iPhoneOS18.5.sdk/Developer/Library/Frameworks -c -num-threads 3 -Xcc -ivfsstatcache -Xcc /Users/runner/Library/Developer/Xcode/DerivedData/SDKStatCaches.noindex/iphoneos18.5-22F76-a529daf784b3616c7c04a36aeb7f5c05.sdkstatcache -output-file-map /Users/runner/Library/Developer/Xcode/DerivedData/SplatNative-dwmjesbccinwnzhdvkeajvbyatnj/Build/Intermediates.noindex/Supabase.build/Release-iphoneos/Auth.build/Objects-normal/arm64/Auth-OutputFileMap.json -use-frontend-parseable-output -save-temps -no-color-diagnostics -serialize-diagnostics -emit-dependencies -emit-module -emit-module-path /Users/runner/Library/Developer/Xcode/DerivedData/SplatNative-dwmjesbccinwnzhdvkeajvbyatnj/Build/Intermediates.noindex/Supabase.build/Release-iphoneos/Auth.build/Objects-normal/arm64/Auth.swiftmodule -validate-clang-modules-once -clang-build-session-file /Users/runner/Library/Developer/Xcode/DerivedData/ModuleCache.noindex/Session.modulevalidation -package-name supabase_swift -Xcc -I/Users/runner/Library/Developer/Xcode/DerivedData/SplatNative-dwmjesbccinwnzhdvkeajvbyatnj/Build/Intermediates.noindex/Supabase.build/Release-iphoneos/Auth.build/swift-overrides.hmap -emit-const-values -Xfrontend -const-gather-protocols-file -Xfrontend /Users/runner/Library/Developer/Xcode/DerivedData/SplatNative-dwmjesbccinwnzhdvkeajvbyatnj/Build/Intermediates.noindex/Supabase.build/Release-iphoneos/Auth.build/Objects-normal/arm64/Auth_const_extract_protocols.json -Xcc -I/Users/runner/Library/Developer/Xcode/DerivedData/SplatNative-dwmjesbccinwnzhdvkeajvbyatnj/Build/Products/Release-iphoneos/include -Xcc -I/Users/runner/Library/Developer/Xcode/DerivedData/SplatNative-dwmjesbccinwnzhdvkeajvbyatnj/Build/Intermediates.noindex/Supabase.build/Release-iphoneos/Auth.build/DerivedSources-normal/arm64 -Xcc -I/Users/runner/Library/Developer/Xcode/DerivedData/SplatNative-dwmjesbccinwnzhdvkeajvbyatnj/Build/Intermediates.noindex/Supabase.build/Release-iphoneos/Auth.build/DerivedSources/arm64 -Xcc -I/Users/runner/Library/Developer/Xcode/DerivedData/SplatNative-dwmjesbccinwnzhdvkeajvbyatnj/Build/Intermediates.noindex/Supabase.build/Release-iphoneos/Auth.build/DerivedSources -Xcc -DSWIFT_PACKAGE -emit-objc-header -emit-objc-header-path /Users/runner/Library/Developer/Xcode/DerivedData/SplatNative-dwmjesbccinwnzhdvkeajvbyatnj/Build/Intermediates.noindex/Supabase.build/Release-iphoneos/Auth.build/Objects-normal/arm64/Auth-Swift.h -working-directory /Users/runner/work/ALLSUNDAY1122.github.io/ALLSUNDAY1122.github.io/splat-native-ios/SplatNative.xcodeproj -no-emit-module-separately-wmo

ExtractAppIntentsMetadata (in target 'Helpers' from project 'Supabase')
    cd /Users/runner/Library/Developer/Xcode/DerivedData/SplatNative-dwmjesbccinwnzhdvkeajvbyatnj/SourcePackages/checkouts/supabase-swift
    /Applications/Xcode_16.4.app/Contents/Developer/Toolchains/XcodeDefault.xctoolchain/usr/bin/appintentsmetadataprocessor --toolchain-dir /Applications/Xcode_16.4.app/Contents/Developer/Toolchains/XcodeDefault.xctoolchain --module-name Helpers --sdk-root /Applications/Xcode_16.4.app/Contents/Developer/Platforms/iPhoneOS.platform/Developer/SDKs/iPhoneOS18.5.sdk --xcode-version 16F6 --platform-family iOS --deployment-target 16.0 --bundle-identifier supabase-swift.Helpers --output /Users/runner/Library/Developer/Xcode/DerivedData/SplatNative-dwmjesbccinwnzhdvkeajvbyatnj/Build/Products/Release-iphoneos/Helpers.appintents --target-triple arm64-apple-ios16.0 --binary-file /Users/runner/Library/Developer/Xcode/DerivedData/SplatNative-dwmjesbccinwnzhdvkeajvbyatnj/Build/Products/Release-iphoneos/Helpers.o --dependency-file /Users/runner/Library/Developer/Xcode/DerivedData/SplatNative-dwmjesbccinwnzhdvkeajvbyatnj/Build/Intermediates.noindex/Supabase.build/Release-iphoneos/Helpers.build/Objects-normal/arm64/Helpers_dependency_info.dat --stringsdata-file /Users/runner/Library/Developer/Xcode/DerivedData/SplatNative-dwmjesbccinwnzhdvkeajvbyatnj/Build/Intermediates.noindex/Supabase.build/Release-iphoneos/Helpers.build/Objects-normal/arm64/ExtractedAppShortcutsMetadata.stringsdata --source-file-list /Users/runner/Library/Developer/Xcode/DerivedData/SplatNative-dwmjesbccinwnzhdvkeajvbyatnj/Build/Intermediates.noindex/Supabase.build/Release-iphoneos/Helpers.build/Objects-normal/arm64/Helpers.SwiftFileList --metadata-file-list /Users/runner/Library/Developer/Xcode/DerivedData/SplatNative-dwmjesbccinwnzhdvkeajvbyatnj/Build/Intermediates.noindex/Supabase.build/Release-iphoneos/Helpers.build/Helpers.DependencyMetadataFileList --static-metadata-file-list /Users/runner/Library/Developer/Xcode/DerivedData/SplatNative-dwmjesbccinwnzhdvkeajvbyatnj/Build/Intermediates.noindex/Supabase.build/Release-iphoneos/Helpers.build/Helpers.DependencyStaticMetadataFileList --swift-const-vals-list /Users/runner/Library/Developer/Xcode/DerivedData/SplatNative-dwmjesbccinwnzhdvkeajvbyatnj/Build/Intermediates.noindex/Supabase.build/Release-iphoneos/Helpers.build/Objects-normal/arm64/Helpers.SwiftConstValuesFileList --force --compile-time-extraction --deployment-aware-processing --validate-assistant-intents --no-app-shortcuts-localization
2026-09-16 08:12:44.766 appintentsmetadataprocessor[4462:16109] Starting appintentsmetadataprocessor export
2026-09-16 08:12:44.798 appintentsmetadataprocessor[4462:16109] Extracted no relevant App Intents symbols, skipping writing output

RegisterExecutionPolicyException /Users/runner/Library/Developer/Xcode/DerivedData/SplatNative-dwmjesbccinwnzhdvkeajvbyatnj/Build/Products/Release-iphoneos/Helpers.o (in target 'Helpers' from project 'Supabase')
    cd /Users/runner/Library/Developer/Xcode/DerivedData/SplatNative-dwmjesbccinwnzhdvkeajvbyatnj/SourcePackages/checkouts/supabase-swift
    builtin-RegisterExecutionPolicyException /Users/runner/Library/Developer/Xcode/DerivedData/SplatNative-dwmjesbccinwnzhdvkeajvbyatnj/Build/Products/Release-iphoneos/Helpers.o

Ld /Users/runner/Library/Developer/Xcode/DerivedData/SplatNative-dwmjesbccinwnzhdvkeajvbyatnj/Build/Products/Release-iphoneos/Storage.o normal (in target 'Storage' from project 'Supabase')
    cd /Users/runner/Library/Developer/Xcode/DerivedData/SplatNative-dwmjesbccinwnzhdvkeajvbyatnj/SourcePackages/checkouts/supabase-swift
    /Applications/Xcode_16.4.app/Contents/Developer/Toolchains/XcodeDefault.xctoolchain/usr/bin/clang -Xlinker -reproducible -target arm64-apple-ios16.0 -r -isysroot /Applications/Xcode_16.4.app/Contents/Developer/Platforms/iPhoneOS.platform/Developer/SDKs/iPhoneOS18.5.sdk -Os -w -L/Users/runner/Library/Developer/Xcode/DerivedData/SplatNative-dwmjesbccinwnzhdvkeajvbyatnj/Build/Intermediates.noindex/EagerLinkingTBDs/Release-iphoneos -L/Users/runner/Library/Developer/Xcode/DerivedData/SplatNative-dwmjesbccinwnzhdvkeajvbyatnj/Build/Products/Release-iphoneos -L/Applications/Xcode_16.4.app/Contents/Developer/Platforms/iPhoneOS.platform/Developer/usr/lib -F/Users/runner/Library/Developer/Xcode/DerivedData/SplatNative-dwmjesbccinwnzhdvkeajvbyatnj/Build/Intermediates.noindex/EagerLinkingTBDs/Release-iphoneos -F/Users/runner/Library/Developer/Xcode/DerivedData/SplatNative-dwmjesbccinwnzhdvkeajvbyatnj/Build/Products/Release-iphoneos/PackageFrameworks -F/Users/runner/Library/Developer/Xcode/DerivedData/SplatNative-dwmjesbccinwnzhdvkeajvbyatnj/Build/Products/Release-iphoneos/PackageFrameworks -F/Users/runner/Library/Developer/Xcode/DerivedData/SplatNative-dwmjesbccinwnzhdvkeajvbyatnj/Build/Products/Release-iphoneos/PackageFrameworks -F/Users/runner/Library/Developer/Xcode/DerivedData/SplatNative-dwmjesbccinwnzhdvkeajvbyatnj/Build/Products/Release-iphoneos/PackageFrameworks -F/Users/runner/Library/Developer/Xcode/DerivedData/SplatNative-dwmjesbccinwnzhdvkeajvbyatnj/Build/Products/Release-iphoneos/PackageFrameworks -F/Users/runner/Library/Developer/Xcode/DerivedData/SplatNative-dwmjesbccinwnzhdvkeajvbyatnj/Build/Products/Release-iphoneos/PackageFrameworks -F/Users/runner/Library/Developer/Xcode/DerivedData/SplatNative-dwmjesbccinwnzhdvkeajvbyatnj/Build/Products/Release-iphoneos -iframework /Applications/Xcode_16.4.app/Contents/Developer/Platforms/iPhoneOS.platform/Developer/Library/Frameworks -iframework /Applications/Xcode_16.4.app/Contents/Developer/Platforms/iPhoneOS.platform/Developer/SDKs/iPhoneOS18.5.sdk/Developer/Library/Frameworks -filelist /Users/runner/Library/Developer/Xcode/DerivedData/SplatNative-dwmjesbccinwnzhdvkeajvbyatnj/Build/Intermediates.noindex/Supabase.build/Release-iphoneos/Storage.build/Objects-normal/arm64/Storage.LinkFileList -nostdlib -Xlinker -object_path_lto -Xlinker /Users/runner/Library/Developer/Xcode/DerivedData/SplatNative-dwmjesbccinwnzhdvkeajvbyatnj/Build/Intermediates.noindex/Supabase.build/Release-iphoneos/Storage.build/Objects-normal/arm64/Storage_lto.o -Xlinker -dependency_info -Xlinker /Users/runner/Library/Developer/Xcode/DerivedData/SplatNative-dwmjesbccinwnzhdvkeajvbyatnj/Build/Intermediates.noindex/Supabase.build/Release-iphoneos/Storage.build/Objects-normal/arm64/Storage_dependency_info.dat -fobjc-link-runtime -L/Applications/Xcode_16.4.app/Contents/Developer/Toolchains/XcodeDefault.xctoolchain/usr/lib/swift/iphoneos -L/usr/lib/swift -Xlinker -add_ast_path -Xlinker /Users/runner/Library/Developer/Xcode/DerivedData/SplatNative-dwmjesbccinwnzhdvkeajvbyatnj/Build/Intermediates.noindex/Supabase.build/Release-iphoneos/Storage.build/Objects-normal/arm64/Storage.swiftmodule -o /Users/runner/Library/Developer/Xcode/DerivedData/SplatNative-dwmjesbccinwnzhdvkeajvbyatnj/Build/Products/Release-iphoneos/Storage.o

Ld /Users/runner/Library/Developer/Xcode/DerivedData/SplatNative-dwmjesbccinwnzhdvkeajvbyatnj/Build/Products/Release-iphoneos/PostgREST.o normal (in target 'PostgREST' from project 'Supabase')
    cd /Users/runner/Library/Developer/Xcode/DerivedData/SplatNative-dwmjesbccinwnzhdvkeajvbyatnj/SourcePackages/checkouts/supabase-swift
    /Applications/Xcode_16.4.app/Contents/Developer/Toolchains/XcodeDefault.xctoolchain/usr/bin/clang -Xlinker -reproducible -target arm64-apple-ios16.0 -r -isysroot /Applications/Xcode_16.4.app/Contents/Developer/Platforms/iPhoneOS.platform/Developer/SDKs/iPhoneOS18.5.sdk -Os -w -L/Users/runner/Library/Developer/Xcode/DerivedData/SplatNative-dwmjesbccinwnzhdvkeajvbyatnj/Build/Intermediates.noindex/EagerLinkingTBDs/Release-iphoneos -L/Users/runner/Library/Developer/Xcode/DerivedData/SplatNative-dwmjesbccinwnzhdvkeajvbyatnj/Build/Products/Release-iphoneos -L/Applications/Xcode_16.4.app/Contents/Developer/Platforms/iPhoneOS.platform/Developer/usr/lib -F/Users/runner/Library/Developer/Xcode/DerivedData/SplatNative-dwmjesbccinwnzhdvkeajvbyatnj/Build/Intermediates.noindex/EagerLinkingTBDs/Release-iphoneos -F/Users/runner/Library/Developer/Xcode/DerivedData/SplatNative-dwmjesbccinwnzhdvkeajvbyatnj/Build/Products/Release-iphoneos/PackageFrameworks -F/Users/runner/Library/Developer/Xcode/DerivedData/SplatNative-dwmjesbccinwnzhdvkeajvbyatnj/Build/Products/Release-iphoneos/PackageFrameworks -F/Users/runner/Library/Developer/Xcode/DerivedData/SplatNative-dwmjesbccinwnzhdvkeajvbyatnj/Build/Products/Release-iphoneos/PackageFrameworks -F/Users/runner/Library/Developer/Xcode/DerivedData/SplatNative-dwmjesbccinwnzhdvkeajvbyatnj/Build/Products/Release-iphoneos/PackageFrameworks -F/Users/runner/Library/Developer/Xcode/DerivedData/SplatNative-dwmjesbccinwnzhdvkeajvbyatnj/Build/Products/Release-iphoneos/PackageFrameworks -F/Users/runner/Library/Developer/Xcode/DerivedData/SplatNative-dwmjesbccinwnzhdvkeajvbyatnj/Build/Products/Release-iphoneos/PackageFrameworks -F/Users/runner/Library/Developer/Xcode/DerivedData/SplatNative-dwmjesbccinwnzhdvkeajvbyatnj/Build/Products/Release-iphoneos -iframework /Applications/Xcode_16.4.app/Contents/Developer/Platforms/iPhoneOS.platform/Developer/Library/Frameworks -iframework /Applications/Xcode_16.4.app/Contents/Developer/Platforms/iPhoneOS.platform/Developer/SDKs/iPhoneOS18.5.sdk/Developer/Library/Frameworks -filelist /Users/runner/Library/Developer/Xcode/DerivedData/SplatNative-dwmjesbccinwnzhdvkeajvbyatnj/Build/Intermediates.noindex/Supabase.build/Release-iphoneos/PostgREST.build/Objects-normal/arm64/PostgREST.LinkFileList -nostdlib -Xlinker -object_path_lto -Xlinker /Users/runner/Library/Developer/Xcode/DerivedData/SplatNative-dwmjesbccinwnzhdvkeajvbyatnj/Build/Intermediates.noindex/Supabase.build/Release-iphoneos/PostgREST.build/Objects-normal/arm64/PostgREST_lto.o -Xlinker -dependency_info -Xlinker /Users/runner/Library/Developer/Xcode/DerivedData/SplatNative-dwmjesbccinwnzhdvkeajvbyatnj/Build/Intermediates.noindex/Supabase.build/Release-iphoneos/PostgREST.build/Objects-normal/arm64/PostgREST_dependency_info.dat -fobjc-link-runtime -L/Applications/Xcode_16.4.app/Contents/Developer/Toolchains/XcodeDefault.xctoolchain/usr/lib/swift/iphoneos -L/usr/lib/swift -Xlinker -add_ast_path -Xlinker /Users/runner/Library/Developer/Xcode/DerivedData/SplatNative-dwmjesbccinwnzhdvkeajvbyatnj/Build/Intermediates.noindex/Supabase.build/Release-iphoneos/PostgREST.build/Objects-normal/arm64/PostgREST.swiftmodule -o /Users/runner/Library/Developer/Xcode/DerivedData/SplatNative-dwmjesbccinwnzhdvkeajvbyatnj/Build/Products/Release-iphoneos/PostgREST.o

Ld /Users/runner/Library/Developer/Xcode/DerivedData/SplatNative-dwmjesbccinwnzhdvkeajvbyatnj/Build/Products/Release-iphoneos/Functions.o normal (in target 'Functions' from project 'Supabase')
    cd /Users/runner/Library/Developer/Xcode/DerivedData/SplatNative-dwmjesbccinwnzhdvkeajvbyatnj/SourcePackages/checkouts/supabase-swift
    /Applications/Xcode_16.4.app/Contents/Developer/Toolchains/XcodeDefault.xctoolchain/usr/bin/clang -Xlinker -reproducible -target arm64-apple-ios16.0 -r -isysroot /Applications/Xcode_16.4.app/Contents/Developer/Platforms/iPhoneOS.platform/Developer/SDKs/iPhoneOS18.5.sdk -Os -w -L/Users/runner/Library/Developer/Xcode/DerivedData/SplatNative-dwmjesbccinwnzhdvkeajvbyatnj/Build/Intermediates.noindex/EagerLinkingTBDs/Release-iphoneos -L/Users/runner/Library/Developer/Xcode/DerivedData/SplatNative-dwmjesbccinwnzhdvkeajvbyatnj/Build/Products/Release-iphoneos -L/Applications/Xcode_16.4.app/Contents/Developer/Platforms/iPhoneOS.platform/Developer/usr/lib -F/Users/runner/Library/Developer/Xcode/DerivedData/SplatNative-dwmjesbccinwnzhdvkeajvbyatnj/Build/Intermediates.noindex/EagerLinkingTBDs/Release-iphoneos -F/Users/runner/Library/Developer/Xcode/DerivedData/SplatNative-dwmjesbccinwnzhdvkeajvbyatnj/Build/Products/Release-iphoneos/PackageFrameworks -F/Users/runner/Library/Developer/Xcode/DerivedData/SplatNative-dwmjesbccinwnzhdvkeajvbyatnj/Build/Products/Release-iphoneos/PackageFrameworks -F/Users/runner/Library/Developer/Xcode/DerivedData/SplatNative-dwmjesbccinwnzhdvkeajvbyatnj/Build/Products/Release-iphoneos/PackageFrameworks -F/Users/runner/Library/Developer/Xcode/DerivedData/SplatNative-dwmjesbccinwnzhdvkeajvbyatnj/Build/Products/Release-iphoneos/PackageFrameworks -F/Users/runner/Library/Developer/Xcode/DerivedData/SplatNative-dwmjesbccinwnzhdvkeajvbyatnj/Build/Products/Release-iphoneos/PackageFrameworks -F/Users/runner/Library/Developer/Xcode/DerivedData/SplatNative-dwmjesbccinwnzhdvkeajvbyatnj/Build/Products/Release-iphoneos/PackageFrameworks -F/Users/runner/Library/Developer/Xcode/DerivedData/SplatNative-dwmjesbccinwnzhdvkeajvbyatnj/Build/Products/Release-iphoneos -iframework /Applications/Xcode_16.4.app/Contents/Developer/Platforms/iPhoneOS.platform/Developer/Library/Frameworks -iframework /Applications/Xcode_16.4.app/Contents/Developer/Platforms/iPhoneOS.platform/Developer/SDKs/iPhoneOS18.5.sdk/Developer/Library/Frameworks -filelist /Users/runner/Library/Developer/Xcode/DerivedData/SplatNative-dwmjesbccinwnzhdvkeajvbyatnj/Build/Intermediates.noindex/Supabase.build/Release-iphoneos/Functions.build/Objects-normal/arm64/Functions.LinkFileList -nostdlib -Xlinker -object_path_lto -Xlinker /Users/runner/Library/Developer/Xcode/DerivedData/SplatNative-dwmjesbccinwnzhdvkeajvbyatnj/Build/Intermediates.noindex/Supabase.build/Release-iphoneos/Functions.build/Objects-normal/arm64/Functions_lto.o -Xlinker -dependency_info -Xlinker /Users/runner/Library/Developer/Xcode/DerivedData/SplatNative-dwmjesbccinwnzhdvkeajvbyatnj/Build/Intermediates.noindex/Supabase.build/Release-iphoneos/Functions.build/Objects-normal/arm64/Functions_dependency_info.dat -fobjc-link-runtime -L/Applications/Xcode_16.4.app/Contents/Developer/Toolchains/XcodeDefault.xctoolchain/usr/lib/swift/iphoneos -L/usr/lib/swift -Xlinker -add_ast_path -Xlinker /Users/runner/Library/Developer/Xcode/DerivedData/SplatNative-dwmjesbccinwnzhdvkeajvbyatnj/Build/Intermediates.noindex/Supabase.build/Release-iphoneos/Functions.build/Objects-normal/arm64/Functions.swiftmodule -o /Users/runner/Library/Developer/Xcode/DerivedData/SplatNative-dwmjesbccinwnzhdvkeajvbyatnj/Build/Products/Release-iphoneos/Functions.o

ExtractAppIntentsMetadata (in target 'Storage' from project 'Supabase')
    cd /Users/runner/Library/Developer/Xcode/DerivedData/SplatNative-dwmjesbccinwnzhdvkeajvbyatnj/SourcePackages/checkouts/supabase-swift
    /Applications/Xcode_16.4.app/Contents/Developer/Toolchains/XcodeDefault.xctoolchain/usr/bin/appintentsmetadataprocessor --toolchain-dir /Applications/Xcode_16.4.app/Contents/Developer/Toolchains/XcodeDefault.xctoolchain --module-name Storage --sdk-root /Applications/Xcode_16.4.app/Contents/Developer/Platforms/iPhoneOS.platform/Developer/SDKs/iPhoneOS18.5.sdk --xcode-version 16F6 --platform-family iOS --deployment-target 16.0 --bundle-identifier supabase-swift.Storage --output /Users/runner/Library/Developer/Xcode/DerivedData/SplatNative-dwmjesbccinwnzhdvkeajvbyatnj/Build/Products/Release-iphoneos/Storage.appintents --target-triple arm64-apple-ios16.0 --binary-file /Users/runner/Library/Developer/Xcode/DerivedData/SplatNative-dwmjesbccinwnzhdvkeajvbyatnj/Build/Products/Release-iphoneos/Storage.o --dependency-file /Users/runner/Library/Developer/Xcode/DerivedData/SplatNative-dwmjesbccinwnzhdvkeajvbyatnj/Build/Intermediates.noindex/Supabase.build/Release-iphoneos/Storage.build/Objects-normal/arm64/Storage_dependency_info.dat --stringsdata-file /Users/runner/Library/Developer/Xcode/DerivedData/SplatNative-dwmjesbccinwnzhdvkeajvbyatnj/Build/Intermediates.noindex/Supabase.build/Release-iphoneos/Storage.build/Objects-normal/arm64/ExtractedAppShortcutsMetadata.stringsdata --source-file-list /Users/runner/Library/Developer/Xcode/DerivedData/SplatNative-dwmjesbccinwnzhdvkeajvbyatnj/Build/Intermediates.noindex/Supabase.build/Release-iphoneos/Storage.build/Objects-normal/arm64/Storage.SwiftFileList --metadata-file-list /Users/runner/Library/Developer/Xcode/DerivedData/SplatNative-dwmjesbccinwnzhdvkeajvbyatnj/Build/Intermediates.noindex/Supabase.build/Release-iphoneos/Storage.build/Storage.DependencyMetadataFileList --static-metadata-file-list /Users/runner/Library/Developer/Xcode/DerivedData/SplatNative-dwmjesbccinwnzhdvkeajvbyatnj/Build/Intermediates.noindex/Supabase.build/Release-iphoneos/Storage.build/Storage.DependencyStaticMetadataFileList --swift-const-vals-list /Users/runner/Library/Developer/Xcode/DerivedData/SplatNative-dwmjesbccinwnzhdvkeajvbyatnj/Build/Intermediates.noindex/Supabase.build/Release-iphoneos/Storage.build/Objects-normal/arm64/Storage.SwiftConstValuesFileList --force --compile-time-extraction --deployment-aware-processing --validate-assistant-intents --no-app-shortcuts-localization
2026-09-16 08:12:44.895 appintentsmetadataprocessor[4469:16129] Starting appintentsmetadataprocessor export
2026-09-16 08:12:44.926 appintentsmetadataprocessor[4469:16129] Extracted no relevant App Intents symbols, skipping writing output

ExtractAppIntentsMetadata (in target 'PostgREST' from project 'Supabase')
    cd /Users/runner/Library/Developer/Xcode/DerivedData/SplatNative-dwmjesbccinwnzhdvkeajvbyatnj/SourcePackages/checkouts/supabase-swift
    /Applications/Xcode_16.4.app/Contents/Developer/Toolchains/XcodeDefault.xctoolchain/usr/bin/appintentsmetadataprocessor --toolchain-dir /Applications/Xcode_16.4.app/Contents/Developer/Toolchains/XcodeDefault.xctoolchain --module-name PostgREST --sdk-root /Applications/Xcode_16.4.app/Contents/Developer/Platforms/iPhoneOS.platform/Developer/SDKs/iPhoneOS18.5.sdk --xcode-version 16F6 --platform-family iOS --deployment-target 16.0 --bundle-identifier supabase-swift.PostgREST --output /Users/runner/Library/Developer/Xcode/DerivedData/SplatNative-dwmjesbccinwnzhdvkeajvbyatnj/Build/Products/Release-iphoneos/PostgREST.appintents --target-triple arm64-apple-ios16.0 --binary-file /Users/runner/Library/Developer/Xcode/DerivedData/SplatNative-dwmjesbccinwnzhdvkeajvbyatnj/Build/Products/Release-iphoneos/PostgREST.o --dependency-file /Users/runner/Library/Developer/Xcode/DerivedData/SplatNative-dwmjesbccinwnzhdvkeajvbyatnj/Build/Intermediates.noindex/Supabase.build/Release-iphoneos/PostgREST.build/Objects-normal/arm64/PostgREST_dependency_info.dat --stringsdata-file /Users/runner/Library/Developer/Xcode/DerivedData/SplatNative-dwmjesbccinwnzhdvkeajvbyatnj/Build/Intermediates.noindex/Supabase.build/Release-iphoneos/PostgREST.build/Objects-normal/arm64/ExtractedAppShortcutsMetadata.stringsdata --source-file-list /Users/runner/Library/Developer/Xcode/DerivedData/SplatNative-dwmjesbccinwnzhdvkeajvbyatnj/Build/Intermediates.noindex/Supabase.build/Release-iphoneos/PostgREST.build/Objects-normal/arm64/PostgREST.SwiftFileList --metadata-file-list /Users/runner/Library/Developer/Xcode/DerivedData/SplatNative-dwmjesbccinwnzhdvkeajvbyatnj/Build/Intermediates.noindex/Supabase.build/Release-iphoneos/PostgREST.build/PostgREST.DependencyMetadataFileList --static-metadata-file-list /Users/runner/Library/Developer/Xcode/DerivedData/SplatNative-dwmjesbccinwnzhdvkeajvbyatnj/Build/Intermediates.noindex/Supabase.build/Release-iphoneos/PostgREST.build/PostgREST.DependencyStaticMetadataFileList --swift-const-vals-list /Users/runner/Library/Developer/Xcode/DerivedData/SplatNative-dwmjesbccinwnzhdvkeajvbyatnj/Build/Intermediates.noindex/Supabase.build/Release-iphoneos/PostgREST.build/Objects-normal/arm64/PostgREST.SwiftConstValuesFileList --force --compile-time-extraction --deployment-aware-processing --validate-assistant-intents --no-app-shortcuts-localization
2026-09-16 08:12:44.940 appintentsmetadataprocessor[4470:16132] Starting appintentsmetadataprocessor export
2026-09-16 08:12:44.971 appintentsmetadataprocessor[4470:16132] Extracted no relevant App Intents symbols, skipping writing output

ExtractAppIntentsMetadata (in target 'Functions' from project 'Supabase')
    cd /Users/runner/Library/Developer/Xcode/DerivedData/SplatNative-dwmjesbccinwnzhdvkeajvbyatnj/SourcePackages/checkouts/supabase-swift
    /Applications/Xcode_16.4.app/Contents/Developer/Toolchains/XcodeDefault.xctoolchain/usr/bin/appintentsmetadataprocessor --toolchain-dir /Applications/Xcode_16.4.app/Contents/Developer/Toolchains/XcodeDefault.xctoolchain --module-name Functions --sdk-root /Applications/Xcode_16.4.app/Contents/Developer/Platforms/iPhoneOS.platform/Developer/SDKs/iPhoneOS18.5.sdk --xcode-version 16F6 --platform-family iOS --deployment-target 16.0 --bundle-identifier supabase-swift.Functions --output /Users/runner/Library/Developer/Xcode/DerivedData/SplatNative-dwmjesbccinwnzhdvkeajvbyatnj/Build/Products/Release-iphoneos/Functions.appintents --target-triple arm64-apple-ios16.0 --binary-file /Users/runner/Library/Developer/Xcode/DerivedData/SplatNative-dwmjesbccinwnzhdvkeajvbyatnj/Build/Products/Release-iphoneos/Functions.o --dependency-file /Users/runner/Library/Developer/Xcode/DerivedData/SplatNative-dwmjesbccinwnzhdvkeajvbyatnj/Build/Intermediates.noindex/Supabase.build/Release-iphoneos/Functions.build/Objects-normal/arm64/Functions_dependency_info.dat --stringsdata-file /Users/runner/Library/Developer/Xcode/DerivedData/SplatNative-dwmjesbccinwnzhdvkeajvbyatnj/Build/Intermediates.noindex/Supabase.build/Release-iphoneos/Functions.build/Objects-normal/arm64/ExtractedAppShortcutsMetadata.stringsdata --source-file-list /Users/runner/Library/Developer/Xcode/DerivedData/SplatNative-dwmjesbccinwnzhdvkeajvbyatnj/Build/Intermediates.noindex/Supabase.build/Release-iphoneos/Functions.build/Objects-normal/arm64/Functions.SwiftFileList --metadata-file-list /Users/runner/Library/Developer/Xcode/DerivedData/SplatNative-dwmjesbccinwnzhdvkeajvbyatnj/Build/Intermediates.noindex/Supabase.build/Release-iphoneos/Functions.build/Functions.DependencyMetadataFileList --static-metadata-file-list /Users/runner/Library/Developer/Xcode/DerivedData/SplatNative-dwmjesbccinwnzhdvkeajvbyatnj/Build/Intermediates.noindex/Supabase.build/Release-iphoneos/Functions.build/Functions.DependencyStaticMetadataFileList --swift-const-vals-list /Users/runner/Library/Developer/Xcode/DerivedData/SplatNative-dwmjesbccinwnzhdvkeajvbyatnj/Build/Intermediates.noindex/Supabase.build/Release-iphoneos/Functions.build/Objects-normal/arm64/Functions.SwiftConstValuesFileList --force --compile-time-extraction --deployment-aware-processing --validate-assistant-intents --no-app-shortcuts-localization
2026-09-16 08:12:44.987 appintentsmetadataprocessor[4471:16135] Starting appintentsmetadataprocessor export
2026-09-16 08:12:45.017 appintentsmetadataprocessor[4471:16135] Extracted no relevant App Intents symbols, skipping writing output

RegisterExecutionPolicyException /Users/runner/Library/Developer/Xcode/DerivedData/SplatNative-dwmjesbccinwnzhdvkeajvbyatnj/Build/Products/Release-iphoneos/Storage.o (in target 'Storage' from project 'Supabase')
    cd /Users/runner/Library/Developer/Xcode/DerivedData/SplatNative-dwmjesbccinwnzhdvkeajvbyatnj/SourcePackages/checkouts/supabase-swift
    builtin-RegisterExecutionPolicyException /Users/runner/Library/Developer/Xcode/DerivedData/SplatNative-dwmjesbccinwnzhdvkeajvbyatnj/Build/Products/Release-iphoneos/Storage.o

RegisterExecutionPolicyException /Users/runner/Library/Developer/Xcode/DerivedData/SplatNative-dwmjesbccinwnzhdvkeajvbyatnj/Build/Products/Release-iphoneos/PostgREST.o (in target 'PostgREST' from project 'Supabase')
    cd /Users/runner/Library/Developer/Xcode/DerivedData/SplatNative-dwmjesbccinwnzhdvkeajvbyatnj/SourcePackages/checkouts/supabase-swift
    builtin-RegisterExecutionPolicyException /Users/runner/Library/Developer/Xcode/DerivedData/SplatNative-dwmjesbccinwnzhdvkeajvbyatnj/Build/Products/Release-iphoneos/PostgREST.o

RegisterExecutionPolicyException /Users/runner/Library/Developer/Xcode/DerivedData/SplatNative-dwmjesbccinwnzhdvkeajvbyatnj/Build/Products/Release-iphoneos/Functions.o (in target 'Functions' from project 'Supabase')
    cd /Users/runner/Library/Developer/Xcode/DerivedData/SplatNative-dwmjesbccinwnzhdvkeajvbyatnj/SourcePackages/checkouts/supabase-swift
    builtin-RegisterExecutionPolicyException /Users/runner/Library/Developer/Xcode/DerivedData/SplatNative-dwmjesbccinwnzhdvkeajvbyatnj/Build/Products/Release-iphoneos/Functions.o

SwiftDriverJobDiscovery normal arm64 Compiling CallbackManager.swift, ChannelEvent.swift, ChannelStateManager.swift, ConnectionManager.swift, Exports.swift, PostgresAction.swift, PostgresActionData.swift, PresenceAction.swift, PushV2.swift, RealtimeChannel+AsyncAwait.swift, RealtimeChannel+Status.swift, RealtimeChannelV2.swift, RealtimeClient+HeartbeatStatus.swift, RealtimeClient+Status.swift, RealtimeClientV2.swift, RealtimeError.swift, RealtimeJoinConfig.swift, RealtimeLifecycleManager.swift, RealtimeMessageV2.swift, RealtimePostgresFilter.swift, RealtimePostgresFilterValue.swift, RealtimeSerializer.swift, Types.swift, URLSessionWebSocket.swift, WebSocket.swift (in target 'RealtimeV2' from project 'Supabase')

SwiftDriver\ Compilation\ Requirements RealtimeV2 normal arm64 com.apple.xcode.tools.swift.compiler (in target 'RealtimeV2' from project 'Supabase')
    cd /Users/runner/work/ALLSUNDAY1122.github.io/ALLSUNDAY1122.github.io/splat-native-ios/SplatNative.xcodeproj
    builtin-Swift-Compilation-Requirements -- /Applications/Xcode_16.4.app/Contents/Developer/Toolchains/XcodeDefault.xctoolchain/usr/bin/swiftc -module-name RealtimeV2 -O -whole-module-optimization -enforce-exclusivity\=checked @/Users/runner/Library/Developer/Xcode/DerivedData/SplatNative-dwmjesbccinwnzhdvkeajvbyatnj/Build/Intermediates.noindex/Supabase.build/Release-iphoneos/RealtimeV2.build/Objects-normal/arm64/RealtimeV2.SwiftFileList -DSWIFT_PACKAGE -DXcode -enable-upcoming-feature ExistentialAny -enable-upcoming-feature ImmutableWeakCaptures -enable-upcoming-feature InferIsolatedConformances -enable-upcoming-feature InternalImportsByDefault -enable-upcoming-feature MemberImportVisibility -plugin-path /Applications/Xcode_16.4.app/Contents/Developer/Toolchains/XcodeDefault.xctoolchain/usr/lib/swift/host/plugins/testing -enable-experimental-feature DebugDescriptionMacro -sdk /Applications/Xcode_16.4.app/Contents/Developer/Platforms/iPhoneOS.platform/Developer/SDKs/iPhoneOS18.5.sdk -target arm64-apple-ios16.0 -g -module-cache-path /Users/runner/Library/Developer/Xcode/DerivedData/ModuleCache.noindex -Xfrontend -serialize-debugging-options -suppress-warnings -swift-version 6 -I /Users/runner/Library/Developer/Xcode/DerivedData/SplatNative-dwmjesbccinwnzhdvkeajvbyatnj/Build/Products/Release-iphoneos -I /Applications/Xcode_16.4.app/Contents/Developer/Platforms/iPhoneOS.platform/Developer/usr/lib -F /Users/runner/Library/Developer/Xcode/DerivedData/SplatNative-dwmjesbccinwnzhdvkeajvbyatnj/Build/Products/Release-iphoneos/PackageFrameworks -F /Users/runner/Library/Developer/Xcode/DerivedData/SplatNative-dwmjesbccinwnzhdvkeajvbyatnj/Build/Products/Release-iphoneos/PackageFrameworks -F /Users/runner/Library/Developer/Xcode/DerivedData/SplatNative-dwmjesbccinwnzhdvkeajvbyatnj/Build/Products/Release-iphoneos/PackageFrameworks -F /Users/runner/Library/Developer/Xcode/DerivedData/SplatNative-dwmjesbccinwnzhdvkeajvbyatnj/Build/Products/Release-iphoneos/PackageFrameworks -F /Users/runner/Library/Developer/Xcode/DerivedData/SplatNative-dwmjesbccinwnzhdvkeajvbyatnj/Build/Products/Release-iphoneos/PackageFrameworks -F /Users/runner/Library/Developer/Xcode/DerivedData/SplatNative-dwmjesbccinwnzhdvkeajvbyatnj/Build/Products/Release-iphoneos/PackageFrameworks -F /Users/runner/Library/Developer/Xcode/DerivedData/SplatNative-dwmjesbccinwnzhdvkeajvbyatnj/Build/Products/Release-iphoneos -F /Applications/Xcode_16.4.app/Contents/Developer/Platforms/iPhoneOS.platform/Developer/Library/Frameworks -F /Applications/Xcode_16.4.app/Contents/Developer/Platforms/iPhoneOS.platform/Developer/SDKs/iPhoneOS18.5.sdk/Developer/Library/Frameworks -c -num-threads 3 -Xcc -ivfsstatcache -Xcc /Users/runner/Library/Developer/Xcode/DerivedData/SDKStatCaches.noindex/iphoneos18.5-22F76-a529daf784b3616c7c04a36aeb7f5c05.sdkstatcache -output-file-map /Users/runner/Library/Developer/Xcode/DerivedData/SplatNative-dwmjesbccinwnzhdvkeajvbyatnj/Build/Intermediates.noindex/Supabase.build/Release-iphoneos/RealtimeV2.build/Objects-normal/arm64/RealtimeV2-OutputFileMap.json -use-frontend-parseable-output -save-temps -no-color-diagnostics -serialize-diagnostics -emit-dependencies -emit-module -emit-module-path /Users/runner/Library/Developer/Xcode/DerivedData/SplatNative-dwmjesbccinwnzhdvkeajvbyatnj/Build/Intermediates.noindex/Supabase.build/Release-iphoneos/RealtimeV2.build/Objects-normal/arm64/RealtimeV2.swiftmodule -validate-clang-modules-once -clang-build-session-file /Users/runner/Library/Developer/Xcode/DerivedData/ModuleCache.noindex/Session.modulevalidation -package-name supabase_swift -Xcc -I/Users/runner/Library/Developer/Xcode/DerivedData/SplatNative-dwmjesbccinwnzhdvkeajvbyatnj/Build/Intermediates.noindex/Supabase.build/Release-iphoneos/RealtimeV2.build/swift-overrides.hmap -emit-const-values -Xfrontend -const-gather-protocols-file -Xfrontend /Users/runner/Library/Developer/Xcode/DerivedData/SplatNative-dwmjesbccinwnzhdvkeajvbyatnj/Build/Intermediates.noindex/Supabase.build/Release-iphoneos/RealtimeV2.build/Objects-normal/arm64/RealtimeV2_const_extract_protocols.json -Xcc -I/Users/runner/Library/Developer/Xcode/DerivedData/SplatNative-dwmjesbccinwnzhdvkeajvbyatnj/Build/Products/Release-iphoneos/include -Xcc -I/Users/runner/Library/Developer/Xcode/DerivedData/SplatNative-dwmjesbccinwnzhdvkeajvbyatnj/Build/Intermediates.noindex/Supabase.build/Release-iphoneos/RealtimeV2.build/DerivedSources-normal/arm64 -Xcc -I/Users/runner/Library/Developer/Xcode/DerivedData/SplatNative-dwmjesbccinwnzhdvkeajvbyatnj/Build/Intermediates.noindex/Supabase.build/Release-iphoneos/RealtimeV2.build/DerivedSources/arm64 -Xcc -I/Users/runner/Library/Developer/Xcode/DerivedData/SplatNative-dwmjesbccinwnzhdvkeajvbyatnj/Build/Intermediates.noindex/Supabase.build/Release-iphoneos/RealtimeV2.build/DerivedSources -Xcc -DSWIFT_PACKAGE -emit-objc-header -emit-objc-header-path /Users/runner/Library/Developer/Xcode/DerivedData/SplatNative-dwmjesbccinwnzhdvkeajvbyatnj/Build/Intermediates.noindex/Supabase.build/Release-iphoneos/RealtimeV2.build/Objects-normal/arm64/RealtimeV2-Swift.h -working-directory /Users/runner/work/ALLSUNDAY1122.github.io/ALLSUNDAY1122.github.io/splat-native-ios/SplatNative.xcodeproj -no-emit-module-separately-wmo

SwiftMergeGeneratedHeaders /Users/runner/Library/Developer/Xcode/DerivedData/SplatNative-dwmjesbccinwnzhdvkeajvbyatnj/Build/Intermediates.noindex/GeneratedModuleMaps-iphoneos/RealtimeV2-Swift.h /Users/runner/Library/Developer/Xcode/DerivedData/SplatNative-dwmjesbccinwnzhdvkeajvbyatnj/Build/Intermediates.noindex/Supabase.build/Release-iphoneos/RealtimeV2.build/Objects-normal/arm64/RealtimeV2-Swift.h (in target 'RealtimeV2' from project 'Supabase')
    cd /Users/runner/Library/Developer/Xcode/DerivedData/SplatNative-dwmjesbccinwnzhdvkeajvbyatnj/SourcePackages/checkouts/supabase-swift
    builtin-swiftHeaderTool -arch arm64 /Users/runner/Library/Developer/Xcode/DerivedData/SplatNative-dwmjesbccinwnzhdvkeajvbyatnj/Build/Intermediates.noindex/Supabase.build/Release-iphoneos/RealtimeV2.build/Objects-normal/arm64/RealtimeV2-Swift.h -o /Users/runner/Library/Developer/Xcode/DerivedData/SplatNative-dwmjesbccinwnzhdvkeajvbyatnj/Build/Intermediates.noindex/GeneratedModuleMaps-iphoneos/RealtimeV2-Swift.h

Copy /Users/runner/Library/Developer/Xcode/DerivedData/SplatNative-dwmjesbccinwnzhdvkeajvbyatnj/Build/Products/Release-iphoneos/RealtimeV2.swiftmodule/arm64-apple-ios.swiftmodule /Users/runner/Library/Developer/Xcode/DerivedData/SplatNative-dwmjesbccinwnzhdvkeajvbyatnj/Build/Intermediates.noindex/Supabase.build/Release-iphoneos/RealtimeV2.build/Objects-normal/arm64/RealtimeV2.swiftmodule (in target 'RealtimeV2' from project 'Supabase')
    cd /Users/runner/Library/Developer/Xcode/DerivedData/SplatNative-dwmjesbccinwnzhdvkeajvbyatnj/SourcePackages/checkouts/supabase-swift
    builtin-copy -exclude .DS_Store -exclude CVS -exclude .svn -exclude .git -exclude .hg -strip-unsigned-binaries -strip-deterministic -strip-tool /Applications/Xcode_16.4.app/Contents/Developer/Toolchains/XcodeDefault.xctoolchain/usr/bin/strip -resolve-src-symlinks -rename /Users/runner/Library/Developer/Xcode/DerivedData/SplatNative-dwmjesbccinwnzhdvkeajvbyatnj/Build/Intermediates.noindex/Supabase.build/Release-iphoneos/RealtimeV2.build/Objects-normal/arm64/RealtimeV2.swiftmodule /Users/runner/Library/Developer/Xcode/DerivedData/SplatNative-dwmjesbccinwnzhdvkeajvbyatnj/Build/Products/Release-iphoneos/RealtimeV2.swiftmodule/arm64-apple-ios.swiftmodule

Copy /Users/runner/Library/Developer/Xcode/DerivedData/SplatNative-dwmjesbccinwnzhdvkeajvbyatnj/Build/Products/Release-iphoneos/RealtimeV2.swiftmodule/arm64-apple-ios.swiftdoc /Users/runner/Library/Developer/Xcode/DerivedData/SplatNative-dwmjesbccinwnzhdvkeajvbyatnj/Build/Intermediates.noindex/Supabase.build/Release-iphoneos/RealtimeV2.build/Objects-normal/arm64/RealtimeV2.swiftdoc (in target 'RealtimeV2' from project 'Supabase')
    cd /Users/runner/Library/Developer/Xcode/DerivedData/SplatNative-dwmjesbccinwnzhdvkeajvbyatnj/SourcePackages/checkouts/supabase-swift
    builtin-copy -exclude .DS_Store -exclude CVS -exclude .svn -exclude .git -exclude .hg -strip-unsigned-binaries -strip-deterministic -strip-tool /Applications/Xcode_16.4.app/Contents/Developer/Toolchains/XcodeDefault.xctoolchain/usr/bin/strip -resolve-src-symlinks -rename /Users/runner/Library/Developer/Xcode/DerivedData/SplatNative-dwmjesbccinwnzhdvkeajvbyatnj/Build/Intermediates.noindex/Supabase.build/Release-iphoneos/RealtimeV2.build/Objects-normal/arm64/RealtimeV2.swiftdoc /Users/runner/Library/Developer/Xcode/DerivedData/SplatNative-dwmjesbccinwnzhdvkeajvbyatnj/Build/Products/Release-iphoneos/RealtimeV2.swiftmodule/arm64-apple-ios.swiftdoc

Copy /Users/runner/Library/Developer/Xcode/DerivedData/SplatNative-dwmjesbccinwnzhdvkeajvbyatnj/Build/Products/Release-iphoneos/RealtimeV2.swiftmodule/arm64-apple-ios.abi.json /Users/runner/Library/Developer/Xcode/DerivedData/SplatNative-dwmjesbccinwnzhdvkeajvbyatnj/Build/Intermediates.noindex/Supabase.build/Release-iphoneos/RealtimeV2.build/Objects-normal/arm64/RealtimeV2.abi.json (in target 'RealtimeV2' from project 'Supabase')
    cd /Users/runner/Library/Developer/Xcode/DerivedData/SplatNative-dwmjesbccinwnzhdvkeajvbyatnj/SourcePackages/checkouts/supabase-swift
    builtin-copy -exclude .DS_Store -exclude CVS -exclude .svn -exclude .git -exclude .hg -strip-unsigned-binaries -strip-deterministic -strip-tool /Applications/Xcode_16.4.app/Contents/Developer/Toolchains/XcodeDefault.xctoolchain/usr/bin/strip -resolve-src-symlinks -rename /Users/runner/Library/Developer/Xcode/DerivedData/SplatNative-dwmjesbccinwnzhdvkeajvbyatnj/Build/Intermediates.noindex/Supabase.build/Release-iphoneos/RealtimeV2.build/Objects-normal/arm64/RealtimeV2.abi.json /Users/runner/Library/Developer/Xcode/DerivedData/SplatNative-dwmjesbccinwnzhdvkeajvbyatnj/Build/Products/Release-iphoneos/RealtimeV2.swiftmodule/arm64-apple-ios.abi.json

Copy /Users/runner/Library/Developer/Xcode/DerivedData/SplatNative-dwmjesbccinwnzhdvkeajvbyatnj/Build/Products/Release-iphoneos/RealtimeV2.swiftmodule/Project/arm64-apple-ios.swiftsourceinfo /Users/runner/Library/Developer/Xcode/DerivedData/SplatNative-dwmjesbccinwnzhdvkeajvbyatnj/Build/Intermediates.noindex/Supabase.build/Release-iphoneos/RealtimeV2.build/Objects-normal/arm64/RealtimeV2.swiftsourceinfo (in target 'RealtimeV2' from project 'Supabase')
    cd /Users/runner/Library/Developer/Xcode/DerivedData/SplatNative-dwmjesbccinwnzhdvkeajvbyatnj/SourcePackages/checkouts/supabase-swift
    builtin-copy -exclude .DS_Store -exclude CVS -exclude .svn -exclude .git -exclude .hg -strip-unsigned-binaries -strip-deterministic -strip-tool /Applications/Xcode_16.4.app/Contents/Developer/Toolchains/XcodeDefault.xctoolchain/usr/bin/strip -resolve-src-symlinks -rename /Users/runner/Library/Developer/Xcode/DerivedData/SplatNative-dwmjesbccinwnzhdvkeajvbyatnj/Build/Intermediates.noindex/Supabase.build/Release-iphoneos/RealtimeV2.build/Objects-normal/arm64/RealtimeV2.swiftsourceinfo /Users/runner/Library/Developer/Xcode/DerivedData/SplatNative-dwmjesbccinwnzhdvkeajvbyatnj/Build/Products/Release-iphoneos/RealtimeV2.swiftmodule/Project/arm64-apple-ios.swiftsourceinfo

Ld /Users/runner/Library/Developer/Xcode/DerivedData/SplatNative-dwmjesbccinwnzhdvkeajvbyatnj/Build/Products/Release-iphoneos/RealtimeV2.o normal (in target 'RealtimeV2' from project 'Supabase')
    cd /Users/runner/Library/Developer/Xcode/DerivedData/SplatNative-dwmjesbccinwnzhdvkeajvbyatnj/SourcePackages/checkouts/supabase-swift
    /Applications/Xcode_16.4.app/Contents/Developer/Toolchains/XcodeDefault.xctoolchain/usr/bin/clang -Xlinker -reproducible -target arm64-apple-ios16.0 -r -isysroot /Applications/Xcode_16.4.app/Contents/Developer/Platforms/iPhoneOS.platform/Developer/SDKs/iPhoneOS18.5.sdk -Os -w -L/Users/runner/Library/Developer/Xcode/DerivedData/SplatNative-dwmjesbccinwnzhdvkeajvbyatnj/Build/Intermediates.noindex/EagerLinkingTBDs/Release-iphoneos -L/Users/runner/Library/Developer/Xcode/DerivedData/SplatNative-dwmjesbccinwnzhdvkeajvbyatnj/Build/Products/Release-iphoneos -L/Applications/Xcode_16.4.app/Contents/Developer/Platforms/iPhoneOS.platform/Developer/usr/lib -F/Users/runner/Library/Developer/Xcode/DerivedData/SplatNative-dwmjesbccinwnzhdvkeajvbyatnj/Build/Intermediates.noindex/EagerLinkingTBDs/Release-iphoneos -F/Users/runner/Library/Developer/Xcode/DerivedData/SplatNative-dwmjesbccinwnzhdvkeajvbyatnj/Build/Products/Release-iphoneos/PackageFrameworks -F/Users/runner/Library/Developer/Xcode/DerivedData/SplatNative-dwmjesbccinwnzhdvkeajvbyatnj/Build/Products/Release-iphoneos/PackageFrameworks -F/Users/runner/Library/Developer/Xcode/DerivedData/SplatNative-dwmjesbccinwnzhdvkeajvbyatnj/Build/Products/Release-iphoneos/PackageFrameworks -F/Users/runner/Library/Developer/Xcode/DerivedData/SplatNative-dwmjesbccinwnzhdvkeajvbyatnj/Build/Products/Release-iphoneos/PackageFrameworks -F/Users/runner/Library/Developer/Xcode/DerivedData/SplatNative-dwmjesbccinwnzhdvkeajvbyatnj/Build/Products/Release-iphoneos/PackageFrameworks -F/Users/runner/Library/Developer/Xcode/DerivedData/SplatNative-dwmjesbccinwnzhdvkeajvbyatnj/Build/Products/Release-iphoneos/PackageFrameworks -F/Users/runner/Library/Developer/Xcode/DerivedData/SplatNative-dwmjesbccinwnzhdvkeajvbyatnj/Build/Products/Release-iphoneos -iframework /Applications/Xcode_16.4.app/Contents/Developer/Platforms/iPhoneOS.platform/Developer/Library/Frameworks -iframework /Applications/Xcode_16.4.app/Contents/Developer/Platforms/iPhoneOS.platform/Developer/SDKs/iPhoneOS18.5.sdk/Developer/Library/Frameworks -filelist /Users/runner/Library/Developer/Xcode/DerivedData/SplatNative-dwmjesbccinwnzhdvkeajvbyatnj/Build/Intermediates.noindex/Supabase.build/Release-iphoneos/RealtimeV2.build/Objects-normal/arm64/RealtimeV2.LinkFileList -nostdlib -Xlinker -object_path_lto -Xlinker /Users/runner/Library/Developer/Xcode/DerivedData/SplatNative-dwmjesbccinwnzhdvkeajvbyatnj/Build/Intermediates.noindex/Supabase.build/Release-iphoneos/RealtimeV2.build/Objects-normal/arm64/RealtimeV2_lto.o -Xlinker -dependency_info -Xlinker /Users/runner/Library/Developer/Xcode/DerivedData/SplatNative-dwmjesbccinwnzhdvkeajvbyatnj/Build/Intermediates.noindex/Supabase.build/Release-iphoneos/RealtimeV2.build/Objects-normal/arm64/RealtimeV2_dependency_info.dat -fobjc-link-runtime -L/Applications/Xcode_16.4.app/Contents/Developer/Toolchains/XcodeDefault.xctoolchain/usr/lib/swift/iphoneos -L/usr/lib/swift -Xlinker -add_ast_path -Xlinker /Users/runner/Library/Developer/Xcode/DerivedData/SplatNative-dwmjesbccinwnzhdvkeajvbyatnj/Build/Intermediates.noindex/Supabase.build/Release-iphoneos/RealtimeV2.build/Objects-normal/arm64/RealtimeV2.swiftmodule -o /Users/runner/Library/Developer/Xcode/DerivedData/SplatNative-dwmjesbccinwnzhdvkeajvbyatnj/Build/Products/Release-iphoneos/RealtimeV2.o

SwiftDriver Realtime normal arm64 com.apple.xcode.tools.swift.compiler (in target 'Realtime' from project 'Supabase')
    cd /Users/runner/work/ALLSUNDAY1122.github.io/ALLSUNDAY1122.github.io/splat-native-ios/SplatNative.xcodeproj
    builtin-SwiftDriver -- /Applications/Xcode_16.4.app/Contents/Developer/Toolchains/XcodeDefault.xctoolchain/usr/bin/swiftc -module-name Realtime -O -whole-module-optimization -enforce-exclusivity\=checked @/Users/runner/Library/Developer/Xcode/DerivedData/SplatNative-dwmjesbccinwnzhdvkeajvbyatnj/Build/Intermediates.noindex/Supabase.build/Release-iphoneos/Realtime.build/Objects-normal/arm64/Realtime.SwiftFileList -DSWIFT_PACKAGE -DXcode -enable-upcoming-feature ExistentialAny -enable-upcoming-feature ImmutableWeakCaptures -enable-upcoming-feature InferIsolatedConformances -enable-upcoming-feature InternalImportsByDefault -enable-upcoming-feature MemberImportVisibility -plugin-path /Applications/Xcode_16.4.app/Contents/Developer/Toolchains/XcodeDefault.xctoolchain/usr/lib/swift/host/plugins/testing -enable-experimental-feature DebugDescriptionMacro -sdk /Applications/Xcode_16.4.app/Contents/Developer/Platforms/iPhoneOS.platform/Developer/SDKs/iPhoneOS18.5.sdk -target arm64-apple-ios16.0 -g -module-cache-path /Users/runner/Library/Developer/Xcode/DerivedData/ModuleCache.noindex -Xfrontend -serialize-debugging-options -suppress-warnings -swift-version 5 -I /Users/runner/Library/Developer/Xcode/DerivedData/SplatNative-dwmjesbccinwnzhdvkeajvbyatnj/Build/Products/Release-iphoneos -I /Applications/Xcode_16.4.app/Contents/Developer/Platforms/iPhoneOS.platform/Developer/usr/lib -F /Users/runner/Library/Developer/Xcode/DerivedData/SplatNative-dwmjesbccinwnzhdvkeajvbyatnj/Build/Products/Release-iphoneos/PackageFrameworks -F /Users/runner/Library/Developer/Xcode/DerivedData/SplatNative-dwmjesbccinwnzhdvkeajvbyatnj/Build/Products/Release-iphoneos/PackageFrameworks -F /Users/runner/Library/Developer/Xcode/DerivedData/SplatNative-dwmjesbccinwnzhdvkeajvbyatnj/Build/Products/Release-iphoneos/PackageFrameworks -F /Users/runner/Library/Developer/Xcode/DerivedData/SplatNative-dwmjesbccinwnzhdvkeajvbyatnj/Build/Products/Release-iphoneos/PackageFrameworks -F /Users/runner/Library/Developer/Xcode/DerivedData/SplatNative-dwmjesbccinwnzhdvkeajvbyatnj/Build/Products/Release-iphoneos/PackageFrameworks -F /Users/runner/Library/Developer/Xcode/DerivedData/SplatNative-dwmjesbccinwnzhdvkeajvbyatnj/Build/Products/Release-iphoneos/PackageFrameworks -F /Users/runner/Library/Developer/Xcode/DerivedData/SplatNative-dwmjesbccinwnzhdvkeajvbyatnj/Build/Products/Release-iphoneos/PackageFrameworks -F /Users/runner/Library/Developer/Xcode/DerivedData/SplatNative-dwmjesbccinwnzhdvkeajvbyatnj/Build/Products/Release-iphoneos -F /Applications/Xcode_16.4.app/Contents/Developer/Platforms/iPhoneOS.platform/Developer/Library/Frameworks -F /Applications/Xcode_16.4.app/Contents/Developer/Platforms/iPhoneOS.platform/Developer/SDKs/iPhoneOS18.5.sdk/Developer/Library/Frameworks -c -num-threads 3 -Xcc -ivfsstatcache -Xcc /Users/runner/Library/Developer/Xcode/DerivedData/SDKStatCaches.noindex/iphoneos18.5-22F76-a529daf784b3616c7c04a36aeb7f5c05.sdkstatcache -output-file-map /Users/runner/Library/Developer/Xcode/DerivedData/SplatNative-dwmjesbccinwnzhdvkeajvbyatnj/Build/Intermediates.noindex/Supabase.build/Release-iphoneos/Realtime.build/Objects-normal/arm64/Realtime-OutputFileMap.json -use-frontend-parseable-output -save-temps -no-color-diagnostics -serialize-diagnostics -emit-dependencies -emit-module -emit-module-path /Users/runner/Library/Developer/Xcode/DerivedData/SplatNative-dwmjesbccinwnzhdvkeajvbyatnj/Build/Intermediates.noindex/Supabase.build/Release-iphoneos/Realtime.build/Objects-normal/arm64/Realtime.swiftmodule -validate-clang-modules-once -clang-build-session-file /Users/runner/Library/Developer/Xcode/DerivedData/ModuleCache.noindex/Session.modulevalidation -package-name supabase_swift -Xcc -I/Users/runner/Library/Developer/Xcode/DerivedData/SplatNative-dwmjesbccinwnzhdvkeajvbyatnj/Build/Intermediates.noindex/Supabase.build/Release-iphoneos/Realtime.build/swift-overrides.hmap -emit-const-values -Xfrontend -const-gather-protocols-file -Xfrontend /Users/runner/Library/Developer/Xcode/DerivedData/SplatNative-dwmjesbccinwnzhdvkeajvbyatnj/Build/Intermediates.noindex/Supabase.build/Release-iphoneos/Realtime.build/Objects-normal/arm64/Realtime_const_extract_protocols.json -Xcc -I/Users/runner/Library/Developer/Xcode/DerivedData/SplatNative-dwmjesbccinwnzhdvkeajvbyatnj/Build/Products/Release-iphoneos/include -Xcc -I/Users/runner/Library/Developer/Xcode/DerivedData/SplatNative-dwmjesbccinwnzhdvkeajvbyatnj/Build/Intermediates.noindex/Supabase.build/Release-iphoneos/Realtime.build/DerivedSources-normal/arm64 -Xcc -I/Users/runner/Library/Developer/Xcode/DerivedData/SplatNative-dwmjesbccinwnzhdvkeajvbyatnj/Build/Intermediates.noindex/Supabase.build/Release-iphoneos/Realtime.build/DerivedSources/arm64 -Xcc -I/Users/runner/Library/Developer/Xcode/DerivedData/SplatNative-dwmjesbccinwnzhdvkeajvbyatnj/Build/Intermediates.noindex/Supabase.build/Release-iphoneos/Realtime.build/DerivedSources -Xcc -DSWIFT_PACKAGE -emit-objc-header -emit-objc-header-path /Users/runner/Library/Developer/Xcode/DerivedData/SplatNative-dwmjesbccinwnzhdvkeajvbyatnj/Build/Intermediates.noindex/Supabase.build/Release-iphoneos/Realtime.build/Objects-normal/arm64/Realtime-Swift.h -working-directory /Users/runner/work/ALLSUNDAY1122.github.io/ALLSUNDAY1122.github.io/splat-native-ios/SplatNative.xcodeproj -no-emit-module-separately-wmo

SwiftCompile normal arm64 Compiling\ Defaults.swift,\ Delegated.swift,\ Deprecated.swift,\ HeartbeatTimer.swift,\ PhoenixTransport.swift,\ Presence.swift,\ Push.swift,\ RealtimeChannel.swift,\ RealtimeClient.swift,\ RealtimeMessage.swift,\ TimeoutTimer.swift,\ Exports.swift /Users/runner/Library/Developer/Xcode/DerivedData/SplatNative-dwmjesbccinwnzhdvkeajvbyatnj/SourcePackages/checkouts/supabase-swift/Sources/Realtime/Deprecated/Defaults.swift /Users/runner/Library/Developer/Xcode/DerivedData/SplatNative-dwmjesbccinwnzhdvkeajvbyatnj/SourcePackages/checkouts/supabase-swift/Sources/Realtime/Deprecated/Delegated.swift /Users/runner/Library/Developer/Xcode/DerivedData/SplatNative-dwmjesbccinwnzhdvkeajvbyatnj/SourcePackages/checkouts/supabase-swift/Sources/Realtime/Deprecated/Deprecated.swift /Users/runner/Library/Developer/Xcode/DerivedData/SplatNative-dwmjesbccinwnzhdvkeajvbyatnj/SourcePackages/checkouts/supabase-swift/Sources/Realtime/Deprecated/HeartbeatTimer.swift /Users/runner/Library/Developer/Xcode/DerivedData/SplatNative-dwmjesbccinwnzhdvkeajvbyatnj/SourcePackages/checkouts/supabase-swift/Sources/Realtime/Deprecated/PhoenixTransport.swift /Users/runner/Library/Developer/Xcode/DerivedData/SplatNative-dwmjesbccinwnzhdvkeajvbyatnj/SourcePackages/checkouts/supabase-swift/Sources/Realtime/Deprecated/Presence.swift /Users/runner/Library/Developer/Xcode/DerivedData/SplatNative-dwmjesbccinwnzhdvkeajvbyatnj/SourcePackages/checkouts/supabase-swift/Sources/Realtime/Deprecated/Push.swift /Users/runner/Library/Developer/Xcode/DerivedData/SplatNative-dwmjesbccinwnzhdvkeajvbyatnj/SourcePackages/checkouts/supabase-swift/Sources/Realtime/Deprecated/RealtimeChannel.swift /Users/runner/Library/Developer/Xcode/DerivedData/SplatNative-dwmjesbccinwnzhdvkeajvbyatnj/SourcePackages/checkouts/supabase-swift/Sources/Realtime/Deprecated/RealtimeClient.swift /Users/runner/Library/Developer/Xcode/DerivedData/SplatNative-dwmjesbccinwnzhdvkeajvbyatnj/SourcePackages/checkouts/supabase-swift/Sources/Realtime/Deprecated/RealtimeMessage.swift /Users/runner/Library/Developer/Xcode/DerivedData/SplatNative-dwmjesbccinwnzhdvkeajvbyatnj/SourcePackages/checkouts/supabase-swift/Sources/Realtime/Deprecated/TimeoutTimer.swift /Users/runner/Library/Developer/Xcode/DerivedData/SplatNative-dwmjesbccinwnzhdvkeajvbyatnj/SourcePackages/checkouts/supabase-swift/Sources/Realtime/Exports.swift (in target 'Realtime' from project 'Supabase')

CompileSwift normal arm64 (in target 'Realtime' from project 'Supabase')
    cd /Users/runner/work/ALLSUNDAY1122.github.io/ALLSUNDAY1122.github.io/splat-native-ios/SplatNative.xcodeproj
    

SwiftDriver\ Compilation Realtime normal arm64 com.apple.xcode.tools.swift.compiler (in target 'Realtime' from project 'Supabase')
    cd /Users/runner/work/ALLSUNDAY1122.github.io/ALLSUNDAY1122.github.io/splat-native-ios/SplatNative.xcodeproj
    builtin-Swift-Compilation -- /Applications/Xcode_16.4.app/Contents/Developer/Toolchains/XcodeDefault.xctoolchain/usr/bin/swiftc -module-name Realtime -O -whole-module-optimization -enforce-exclusivity\=checked @/Users/runner/Library/Developer/Xcode/DerivedData/SplatNative-dwmjesbccinwnzhdvkeajvbyatnj/Build/Intermediates.noindex/Supabase.build/Release-iphoneos/Realtime.build/Objects-normal/arm64/Realtime.SwiftFileList -DSWIFT_PACKAGE -DXcode -enable-upcoming-feature ExistentialAny -enable-upcoming-feature ImmutableWeakCaptures -enable-upcoming-feature InferIsolatedConformances -enable-upcoming-feature InternalImportsByDefault -enable-upcoming-feature MemberImportVisibility -plugin-path /Applications/Xcode_16.4.app/Contents/Developer/Toolchains/XcodeDefault.xctoolchain/usr/lib/swift/host/plugins/testing -enable-experimental-feature DebugDescriptionMacro -sdk /Applications/Xcode_16.4.app/Contents/Developer/Platforms/iPhoneOS.platform/Developer/SDKs/iPhoneOS18.5.sdk -target arm64-apple-ios16.0 -g -module-cache-path /Users/runner/Library/Developer/Xcode/DerivedData/ModuleCache.noindex -Xfrontend -serialize-debugging-options -suppress-warnings -swift-version 5 -I /Users/runner/Library/Developer/Xcode/DerivedData/SplatNative-dwmjesbccinwnzhdvkeajvbyatnj/Build/Products/Release-iphoneos -I /Applications/Xcode_16.4.app/Contents/Developer/Platforms/iPhoneOS.platform/Developer/usr/lib -F /Users/runner/Library/Developer/Xcode/DerivedData/SplatNative-dwmjesbccinwnzhdvkeajvbyatnj/Build/Products/Release-iphoneos/PackageFrameworks -F /Users/runner/Library/Developer/Xcode/DerivedData/SplatNative-dwmjesbccinwnzhdvkeajvbyatnj/Build/Products/Release-iphoneos/PackageFrameworks -F /Users/runner/Library/Developer/Xcode/DerivedData/SplatNative-dwmjesbccinwnzhdvkeajvbyatnj/Build/Products/Release-iphoneos/PackageFrameworks -F /Users/runner/Library/Developer/Xcode/DerivedData/SplatNative-dwmjesbccinwnzhdvkeajvbyatnj/Build/Products/Release-iphoneos/PackageFrameworks -F /Users/runner/Library/Developer/Xcode/DerivedData/SplatNative-dwmjesbccinwnzhdvkeajvbyatnj/Build/Products/Release-iphoneos/PackageFrameworks -F /Users/runner/Library/Developer/Xcode/DerivedData/SplatNative-dwmjesbccinwnzhdvkeajvbyatnj/Build/Products/Release-iphoneos/PackageFrameworks -F /Users/runner/Library/Developer/Xcode/DerivedData/SplatNative-dwmjesbccinwnzhdvkeajvbyatnj/Build/Products/Release-iphoneos/PackageFrameworks -F /Users/runner/Library/Developer/Xcode/DerivedData/SplatNative-dwmjesbccinwnzhdvkeajvbyatnj/Build/Products/Release-iphoneos -F /Applications/Xcode_16.4.app/Contents/Developer/Platforms/iPhoneOS.platform/Developer/Library/Frameworks -F /Applications/Xcode_16.4.app/Contents/Developer/Platforms/iPhoneOS.platform/Developer/SDKs/iPhoneOS18.5.sdk/Developer/Library/Frameworks -c -num-threads 3 -Xcc -ivfsstatcache -Xcc /Users/runner/Library/Developer/Xcode/DerivedData/SDKStatCaches.noindex/iphoneos18.5-22F76-a529daf784b3616c7c04a36aeb7f5c05.sdkstatcache -output-file-map /Users/runner/Library/Developer/Xcode/DerivedData/SplatNative-dwmjesbccinwnzhdvkeajvbyatnj/Build/Intermediates.noindex/Supabase.build/Release-iphoneos/Realtime.build/Objects-normal/arm64/Realtime-OutputFileMap.json -use-frontend-parseable-output -save-temps -no-color-diagnostics -serialize-diagnostics -emit-dependencies -emit-module -emit-module-path /Users/runner/Library/Developer/Xcode/DerivedData/SplatNative-dwmjesbccinwnzhdvkeajvbyatnj/Build/Intermediates.noindex/Supabase.build/Release-iphoneos/Realtime.build/Objects-normal/arm64/Realtime.swiftmodule -validate-clang-modules-once -clang-build-session-file /Users/runner/Library/Developer/Xcode/DerivedData/ModuleCache.noindex/Session.modulevalidation -package-name supabase_swift -Xcc -I/Users/runner/Library/Developer/Xcode/DerivedData/SplatNative-dwmjesbccinwnzhdvkeajvbyatnj/Build/Intermediates.noindex/Supabase.build/Release-iphoneos/Realtime.build/swift-overrides.hmap -emit-const-values -Xfrontend -const-gather-protocols-file -Xfrontend /Users/runner/Library/Developer/Xcode/DerivedData/SplatNative-dwmjesbccinwnzhdvkeajvbyatnj/Build/Intermediates.noindex/Supabase.build/Release-iphoneos/Realtime.build/Objects-normal/arm64/Realtime_const_extract_protocols.json -Xcc -I/Users/runner/Library/Developer/Xcode/DerivedData/SplatNative-dwmjesbccinwnzhdvkeajvbyatnj/Build/Products/Release-iphoneos/include -Xcc -I/Users/runner/Library/Developer/Xcode/DerivedData/SplatNative-dwmjesbccinwnzhdvkeajvbyatnj/Build/Intermediates.noindex/Supabase.build/Release-iphoneos/Realtime.build/DerivedSources-normal/arm64 -Xcc -I/Users/runner/Library/Developer/Xcode/DerivedData/SplatNative-dwmjesbccinwnzhdvkeajvbyatnj/Build/Intermediates.noindex/Supabase.build/Release-iphoneos/Realtime.build/DerivedSources/arm64 -Xcc -I/Users/runner/Library/Developer/Xcode/DerivedData/SplatNative-dwmjesbccinwnzhdvkeajvbyatnj/Build/Intermediates.noindex/Supabase.build/Release-iphoneos/Realtime.build/DerivedSources -Xcc -DSWIFT_PACKAGE -emit-objc-header -emit-objc-header-path /Users/runner/Library/Developer/Xcode/DerivedData/SplatNative-dwmjesbccinwnzhdvkeajvbyatnj/Build/Intermediates.noindex/Supabase.build/Release-iphoneos/Realtime.build/Objects-normal/arm64/Realtime-Swift.h -working-directory /Users/runner/work/ALLSUNDAY1122.github.io/ALLSUNDAY1122.github.io/splat-native-ios/SplatNative.xcodeproj -no-emit-module-separately-wmo

ExtractAppIntentsMetadata (in target 'RealtimeV2' from project 'Supabase')
    cd /Users/runner/Library/Developer/Xcode/DerivedData/SplatNative-dwmjesbccinwnzhdvkeajvbyatnj/SourcePackages/checkouts/supabase-swift
    /Applications/Xcode_16.4.app/Contents/Developer/Toolchains/XcodeDefault.xctoolchain/usr/bin/appintentsmetadataprocessor --toolchain-dir /Applications/Xcode_16.4.app/Contents/Developer/Toolchains/XcodeDefault.xctoolchain --module-name RealtimeV2 --sdk-root /Applications/Xcode_16.4.app/Contents/Developer/Platforms/iPhoneOS.platform/Developer/SDKs/iPhoneOS18.5.sdk --xcode-version 16F6 --platform-family iOS --deployment-target 16.0 --bundle-identifier supabase-swift.RealtimeV2 --output /Users/runner/Library/Developer/Xcode/DerivedData/SplatNative-dwmjesbccinwnzhdvkeajvbyatnj/Build/Products/Release-iphoneos/RealtimeV2.appintents --target-triple arm64-apple-ios16.0 --binary-file /Users/runner/Library/Developer/Xcode/DerivedData/SplatNative-dwmjesbccinwnzhdvkeajvbyatnj/Build/Products/Release-iphoneos/RealtimeV2.o --dependency-file /Users/runner/Library/Developer/Xcode/DerivedData/SplatNative-dwmjesbccinwnzhdvkeajvbyatnj/Build/Intermediates.noindex/Supabase.build/Release-iphoneos/RealtimeV2.build/Objects-normal/arm64/RealtimeV2_dependency_info.dat --stringsdata-file /Users/runner/Library/Developer/Xcode/DerivedData/SplatNative-dwmjesbccinwnzhdvkeajvbyatnj/Build/Intermediates.noindex/Supabase.build/Release-iphoneos/RealtimeV2.build/Objects-normal/arm64/ExtractedAppShortcutsMetadata.stringsdata --source-file-list /Users/runner/Library/Developer/Xcode/DerivedData/SplatNative-dwmjesbccinwnzhdvkeajvbyatnj/Build/Intermediates.noindex/Supabase.build/Release-iphoneos/RealtimeV2.build/Objects-normal/arm64/RealtimeV2.SwiftFileList --metadata-file-list /Users/runner/Library/Developer/Xcode/DerivedData/SplatNative-dwmjesbccinwnzhdvkeajvbyatnj/Build/Intermediates.noindex/Supabase.build/Release-iphoneos/RealtimeV2.build/RealtimeV2.DependencyMetadataFileList --static-metadata-file-list /Users/runner/Library/Developer/Xcode/DerivedData/SplatNative-dwmjesbccinwnzhdvkeajvbyatnj/Build/Intermediates.noindex/Supabase.build/Release-iphoneos/RealtimeV2.build/RealtimeV2.DependencyStaticMetadataFileList --swift-const-vals-list /Users/runner/Library/Developer/Xcode/DerivedData/SplatNative-dwmjesbccinwnzhdvkeajvbyatnj/Build/Intermediates.noindex/Supabase.build/Release-iphoneos/RealtimeV2.build/Objects-normal/arm64/RealtimeV2.SwiftConstValuesFileList --force --compile-time-extraction --deployment-aware-processing --validate-assistant-intents --no-app-shortcuts-localization
2026-09-16 08:12:47.703 appintentsmetadataprocessor[4494:16236] Starting appintentsmetadataprocessor export
2026-09-16 08:12:47.738 appintentsmetadataprocessor[4494:16236] Extracted no relevant App Intents symbols, skipping writing output

RegisterExecutionPolicyException /Users/runner/Library/Developer/Xcode/DerivedData/SplatNative-dwmjesbccinwnzhdvkeajvbyatnj/Build/Products/Release-iphoneos/RealtimeV2.o (in target 'RealtimeV2' from project 'Supabase')
    cd /Users/runner/Library/Developer/Xcode/DerivedData/SplatNative-dwmjesbccinwnzhdvkeajvbyatnj/SourcePackages/checkouts/supabase-swift
    builtin-RegisterExecutionPolicyException /Users/runner/Library/Developer/Xcode/DerivedData/SplatNative-dwmjesbccinwnzhdvkeajvbyatnj/Build/Products/Release-iphoneos/RealtimeV2.o

SwiftDriverJobDiscovery normal arm64 Compiling Defaults.swift, Delegated.swift, Deprecated.swift, HeartbeatTimer.swift, PhoenixTransport.swift, Presence.swift, Push.swift, RealtimeChannel.swift, RealtimeClient.swift, RealtimeMessage.swift, TimeoutTimer.swift, Exports.swift (in target 'Realtime' from project 'Supabase')

SwiftDriver\ Compilation\ Requirements Realtime normal arm64 com.apple.xcode.tools.swift.compiler (in target 'Realtime' from project 'Supabase')
    cd /Users/runner/work/ALLSUNDAY1122.github.io/ALLSUNDAY1122.github.io/splat-native-ios/SplatNative.xcodeproj
    builtin-Swift-Compilation-Requirements -- /Applications/Xcode_16.4.app/Contents/Developer/Toolchains/XcodeDefault.xctoolchain/usr/bin/swiftc -module-name Realtime -O -whole-module-optimization -enforce-exclusivity\=checked @/Users/runner/Library/Developer/Xcode/DerivedData/SplatNative-dwmjesbccinwnzhdvkeajvbyatnj/Build/Intermediates.noindex/Supabase.build/Release-iphoneos/Realtime.build/Objects-normal/arm64/Realtime.SwiftFileList -DSWIFT_PACKAGE -DXcode -enable-upcoming-feature ExistentialAny -enable-upcoming-feature ImmutableWeakCaptures -enable-upcoming-feature InferIsolatedConformances -enable-upcoming-feature InternalImportsByDefault -enable-upcoming-feature MemberImportVisibility -plugin-path /Applications/Xcode_16.4.app/Contents/Developer/Toolchains/XcodeDefault.xctoolchain/usr/lib/swift/host/plugins/testing -enable-experimental-feature DebugDescriptionMacro -sdk /Applications/Xcode_16.4.app/Contents/Developer/Platforms/iPhoneOS.platform/Developer/SDKs/iPhoneOS18.5.sdk -target arm64-apple-ios16.0 -g -module-cache-path /Users/runner/Library/Developer/Xcode/DerivedData/ModuleCache.noindex -Xfrontend -serialize-debugging-options -suppress-warnings -swift-version 5 -I /Users/runner/Library/Developer/Xcode/DerivedData/SplatNative-dwmjesbccinwnzhdvkeajvbyatnj/Build/Products/Release-iphoneos -I /Applications/Xcode_16.4.app/Contents/Developer/Platforms/iPhoneOS.platform/Developer/usr/lib -F /Users/runner/Library/Developer/Xcode/DerivedData/SplatNative-dwmjesbccinwnzhdvkeajvbyatnj/Build/Products/Release-iphoneos/PackageFrameworks -F /Users/runner/Library/Developer/Xcode/DerivedData/SplatNative-dwmjesbccinwnzhdvkeajvbyatnj/Build/Products/Release-iphoneos/PackageFrameworks -F /Users/runner/Library/Developer/Xcode/DerivedData/SplatNative-dwmjesbccinwnzhdvkeajvbyatnj/Build/Products/Release-iphoneos/PackageFrameworks -F /Users/runner/Library/Developer/Xcode/DerivedData/SplatNative-dwmjesbccinwnzhdvkeajvbyatnj/Build/Products/Release-iphoneos/PackageFrameworks -F /Users/runner/Library/Developer/Xcode/DerivedData/SplatNative-dwmjesbccinwnzhdvkeajvbyatnj/Build/Products/Release-iphoneos/PackageFrameworks -F /Users/runner/Library/Developer/Xcode/DerivedData/SplatNative-dwmjesbccinwnzhdvkeajvbyatnj/Build/Products/Release-iphoneos/PackageFrameworks -F /Users/runner/Library/Developer/Xcode/DerivedData/SplatNative-dwmjesbccinwnzhdvkeajvbyatnj/Build/Products/Release-iphoneos/PackageFrameworks -F /Users/runner/Library/Developer/Xcode/DerivedData/SplatNative-dwmjesbccinwnzhdvkeajvbyatnj/Build/Products/Release-iphoneos -F /Applications/Xcode_16.4.app/Contents/Developer/Platforms/iPhoneOS.platform/Developer/Library/Frameworks -F /Applications/Xcode_16.4.app/Contents/Developer/Platforms/iPhoneOS.platform/Developer/SDKs/iPhoneOS18.5.sdk/Developer/Library/Frameworks -c -num-threads 3 -Xcc -ivfsstatcache -Xcc /Users/runner/Library/Developer/Xcode/DerivedData/SDKStatCaches.noindex/iphoneos18.5-22F76-a529daf784b3616c7c04a36aeb7f5c05.sdkstatcache -output-file-map /Users/runner/Library/Developer/Xcode/DerivedData/SplatNative-dwmjesbccinwnzhdvkeajvbyatnj/Build/Intermediates.noindex/Supabase.build/Release-iphoneos/Realtime.build/Objects-normal/arm64/Realtime-OutputFileMap.json -use-frontend-parseable-output -save-temps -no-color-diagnostics -serialize-diagnostics -emit-dependencies -emit-module -emit-module-path /Users/runner/Library/Developer/Xcode/DerivedData/SplatNative-dwmjesbccinwnzhdvkeajvbyatnj/Build/Intermediates.noindex/Supabase.build/Release-iphoneos/Realtime.build/Objects-normal/arm64/Realtime.swiftmodule -validate-clang-modules-once -clang-build-session-file /Users/runner/Library/Developer/Xcode/DerivedData/ModuleCache.noindex/Session.modulevalidation -package-name supabase_swift -Xcc -I/Users/runner/Library/Developer/Xcode/DerivedData/SplatNative-dwmjesbccinwnzhdvkeajvbyatnj/Build/Intermediates.noindex/Supabase.build/Release-iphoneos/Realtime.build/swift-overrides.hmap -emit-const-values -Xfrontend -const-gather-protocols-file -Xfrontend /Users/runner/Library/Developer/Xcode/DerivedData/SplatNative-dwmjesbccinwnzhdvkeajvbyatnj/Build/Intermediates.noindex/Supabase.build/Release-iphoneos/Realtime.build/Objects-normal/arm64/Realtime_const_extract_protocols.json -Xcc -I/Users/runner/Library/Developer/Xcode/DerivedData/SplatNative-dwmjesbccinwnzhdvkeajvbyatnj/Build/Products/Release-iphoneos/include -Xcc -I/Users/runner/Library/Developer/Xcode/DerivedData/SplatNative-dwmjesbccinwnzhdvkeajvbyatnj/Build/Intermediates.noindex/Supabase.build/Release-iphoneos/Realtime.build/DerivedSources-normal/arm64 -Xcc -I/Users/runner/Library/Developer/Xcode/DerivedData/SplatNative-dwmjesbccinwnzhdvkeajvbyatnj/Build/Intermediates.noindex/Supabase.build/Release-iphoneos/Realtime.build/DerivedSources/arm64 -Xcc -I/Users/runner/Library/Developer/Xcode/DerivedData/SplatNative-dwmjesbccinwnzhdvkeajvbyatnj/Build/Intermediates.noindex/Supabase.build/Release-iphoneos/Realtime.build/DerivedSources -Xcc -DSWIFT_PACKAGE -emit-objc-header -emit-objc-header-path /Users/runner/Library/Developer/Xcode/DerivedData/SplatNative-dwmjesbccinwnzhdvkeajvbyatnj/Build/Intermediates.noindex/Supabase.build/Release-iphoneos/Realtime.build/Objects-normal/arm64/Realtime-Swift.h -working-directory /Users/runner/work/ALLSUNDAY1122.github.io/ALLSUNDAY1122.github.io/splat-native-ios/SplatNative.xcodeproj -no-emit-module-separately-wmo

SwiftMergeGeneratedHeaders /Users/runner/Library/Developer/Xcode/DerivedData/SplatNative-dwmjesbccinwnzhdvkeajvbyatnj/Build/Intermediates.noindex/GeneratedModuleMaps-iphoneos/Realtime-Swift.h /Users/runner/Library/Developer/Xcode/DerivedData/SplatNative-dwmjesbccinwnzhdvkeajvbyatnj/Build/Intermediates.noindex/Supabase.build/Release-iphoneos/Realtime.build/Objects-normal/arm64/Realtime-Swift.h (in target 'Realtime' from project 'Supabase')
    cd /Users/runner/Library/Developer/Xcode/DerivedData/SplatNative-dwmjesbccinwnzhdvkeajvbyatnj/SourcePackages/checkouts/supabase-swift
    builtin-swiftHeaderTool -arch arm64 /Users/runner/Library/Developer/Xcode/DerivedData/SplatNative-dwmjesbccinwnzhdvkeajvbyatnj/Build/Intermediates.noindex/Supabase.build/Release-iphoneos/Realtime.build/Objects-normal/arm64/Realtime-Swift.h -o /Users/runner/Library/Developer/Xcode/DerivedData/SplatNative-dwmjesbccinwnzhdvkeajvbyatnj/Build/Intermediates.noindex/GeneratedModuleMaps-iphoneos/Realtime-Swift.h

Copy /Users/runner/Library/Developer/Xcode/DerivedData/SplatNative-dwmjesbccinwnzhdvkeajvbyatnj/Build/Products/Release-iphoneos/Realtime.swiftmodule/arm64-apple-ios.swiftmodule /Users/runner/Library/Developer/Xcode/DerivedData/SplatNative-dwmjesbccinwnzhdvkeajvbyatnj/Build/Intermediates.noindex/Supabase.build/Release-iphoneos/Realtime.build/Objects-normal/arm64/Realtime.swiftmodule (in target 'Realtime' from project 'Supabase')
    cd /Users/runner/Library/Developer/Xcode/DerivedData/SplatNative-dwmjesbccinwnzhdvkeajvbyatnj/SourcePackages/checkouts/supabase-swift
    builtin-copy -exclude .DS_Store -exclude CVS -exclude .svn -exclude .git -exclude .hg -strip-unsigned-binaries -strip-deterministic -strip-tool /Applications/Xcode_16.4.app/Contents/Developer/Toolchains/XcodeDefault.xctoolchain/usr/bin/strip -resolve-src-symlinks -rename /Users/runner/Library/Developer/Xcode/DerivedData/SplatNative-dwmjesbccinwnzhdvkeajvbyatnj/Build/Intermediates.noindex/Supabase.build/Release-iphoneos/Realtime.build/Objects-normal/arm64/Realtime.swiftmodule /Users/runner/Library/Developer/Xcode/DerivedData/SplatNative-dwmjesbccinwnzhdvkeajvbyatnj/Build/Products/Release-iphoneos/Realtime.swiftmodule/arm64-apple-ios.swiftmodule

Copy /Users/runner/Library/Developer/Xcode/DerivedData/SplatNative-dwmjesbccinwnzhdvkeajvbyatnj/Build/Products/Release-iphoneos/Realtime.swiftmodule/arm64-apple-ios.swiftdoc /Users/runner/Library/Developer/Xcode/DerivedData/SplatNative-dwmjesbccinwnzhdvkeajvbyatnj/Build/Intermediates.noindex/Supabase.build/Release-iphoneos/Realtime.build/Objects-normal/arm64/Realtime.swiftdoc (in target 'Realtime' from project 'Supabase')
    cd /Users/runner/Library/Developer/Xcode/DerivedData/SplatNative-dwmjesbccinwnzhdvkeajvbyatnj/SourcePackages/checkouts/supabase-swift
    builtin-copy -exclude .DS_Store -exclude CVS -exclude .svn -exclude .git -exclude .hg -strip-unsigned-binaries -strip-deterministic -strip-tool /Applications/Xcode_16.4.app/Contents/Developer/Toolchains/XcodeDefault.xctoolchain/usr/bin/strip -resolve-src-symlinks -rename /Users/runner/Library/Developer/Xcode/DerivedData/SplatNative-dwmjesbccinwnzhdvkeajvbyatnj/Build/Intermediates.noindex/Supabase.build/Release-iphoneos/Realtime.build/Objects-normal/arm64/Realtime.swiftdoc /Users/runner/Library/Developer/Xcode/DerivedData/SplatNative-dwmjesbccinwnzhdvkeajvbyatnj/Build/Products/Release-iphoneos/Realtime.swiftmodule/arm64-apple-ios.swiftdoc

Copy /Users/runner/Library/Developer/Xcode/DerivedData/SplatNative-dwmjesbccinwnzhdvkeajvbyatnj/Build/Products/Release-iphoneos/Realtime.swiftmodule/arm64-apple-ios.abi.json /Users/runner/Library/Developer/Xcode/DerivedData/SplatNative-dwmjesbccinwnzhdvkeajvbyatnj/Build/Intermediates.noindex/Supabase.build/Release-iphoneos/Realtime.build/Objects-normal/arm64/Realtime.abi.json (in target 'Realtime' from project 'Supabase')
    cd /Users/runner/Library/Developer/Xcode/DerivedData/SplatNative-dwmjesbccinwnzhdvkeajvbyatnj/SourcePackages/checkouts/supabase-swift
    builtin-copy -exclude .DS_Store -exclude CVS -exclude .svn -exclude .git -exclude .hg -strip-unsigned-binaries -strip-deterministic -strip-tool /Applications/Xcode_16.4.app/Contents/Developer/Toolchains/XcodeDefault.xctoolchain/usr/bin/strip -resolve-src-symlinks -rename /Users/runner/Library/Developer/Xcode/DerivedData/SplatNative-dwmjesbccinwnzhdvkeajvbyatnj/Build/Intermediates.noindex/Supabase.build/Release-iphoneos/Realtime.build/Objects-normal/arm64/Realtime.abi.json /Users/runner/Library/Developer/Xcode/DerivedData/SplatNative-dwmjesbccinwnzhdvkeajvbyatnj/Build/Products/Release-iphoneos/Realtime.swiftmodule/arm64-apple-ios.abi.json

Copy /Users/runner/Library/Developer/Xcode/DerivedData/SplatNative-dwmjesbccinwnzhdvkeajvbyatnj/Build/Products/Release-iphoneos/Realtime.swiftmodule/Project/arm64-apple-ios.swiftsourceinfo /Users/runner/Library/Developer/Xcode/DerivedData/SplatNative-dwmjesbccinwnzhdvkeajvbyatnj/Build/Intermediates.noindex/Supabase.build/Release-iphoneos/Realtime.build/Objects-normal/arm64/Realtime.swiftsourceinfo (in target 'Realtime' from project 'Supabase')
    cd /Users/runner/Library/Developer/Xcode/DerivedData/SplatNative-dwmjesbccinwnzhdvkeajvbyatnj/SourcePackages/checkouts/supabase-swift
    builtin-copy -exclude .DS_Store -exclude CVS -exclude .svn -exclude .git -exclude .hg -strip-unsigned-binaries -strip-deterministic -strip-tool /Applications/Xcode_16.4.app/Contents/Developer/Toolchains/XcodeDefault.xctoolchain/usr/bin/strip -resolve-src-symlinks -rename /Users/runner/Library/Developer/Xcode/DerivedData/SplatNative-dwmjesbccinwnzhdvkeajvbyatnj/Build/Intermediates.noindex/Supabase.build/Release-iphoneos/Realtime.build/Objects-normal/arm64/Realtime.swiftsourceinfo /Users/runner/Library/Developer/Xcode/DerivedData/SplatNative-dwmjesbccinwnzhdvkeajvbyatnj/Build/Products/Release-iphoneos/Realtime.swiftmodule/Project/arm64-apple-ios.swiftsourceinfo

Ld /Users/runner/Library/Developer/Xcode/DerivedData/SplatNative-dwmjesbccinwnzhdvkeajvbyatnj/Build/Products/Release-iphoneos/Realtime.o normal (in target 'Realtime' from project 'Supabase')
    cd /Users/runner/Library/Developer/Xcode/DerivedData/SplatNative-dwmjesbccinwnzhdvkeajvbyatnj/SourcePackages/checkouts/supabase-swift
    /Applications/Xcode_16.4.app/Contents/Developer/Toolchains/XcodeDefault.xctoolchain/usr/bin/clang -Xlinker -reproducible -target arm64-apple-ios16.0 -r -isysroot /Applications/Xcode_16.4.app/Contents/Developer/Platforms/iPhoneOS.platform/Developer/SDKs/iPhoneOS18.5.sdk -Os -w -L/Users/runner/Library/Developer/Xcode/DerivedData/SplatNative-dwmjesbccinwnzhdvkeajvbyatnj/Build/Intermediates.noindex/EagerLinkingTBDs/Release-iphoneos -L/Users/runner/Library/Developer/Xcode/DerivedData/SplatNative-dwmjesbccinwnzhdvkeajvbyatnj/Build/Products/Release-iphoneos -L/Applications/Xcode_16.4.app/Contents/Developer/Platforms/iPhoneOS.platform/Developer/usr/lib -F/Users/runner/Library/Developer/Xcode/DerivedData/SplatNative-dwmjesbccinwnzhdvkeajvbyatnj/Build/Intermediates.noindex/EagerLinkingTBDs/Release-iphoneos -F/Users/runner/Library/Developer/Xcode/DerivedData/SplatNative-dwmjesbccinwnzhdvkeajvbyatnj/Build/Products/Release-iphoneos/PackageFrameworks -F/Users/runner/Library/Developer/Xcode/DerivedData/SplatNative-dwmjesbccinwnzhdvkeajvbyatnj/Build/Products/Release-iphoneos/PackageFrameworks -F/Users/runner/Library/Developer/Xcode/DerivedData/SplatNative-dwmjesbccinwnzhdvkeajvbyatnj/Build/Products/Release-iphoneos/PackageFrameworks -F/Users/runner/Library/Developer/Xcode/DerivedData/SplatNative-dwmjesbccinwnzhdvkeajvbyatnj/Build/Products/Release-iphoneos/PackageFrameworks -F/Users/runner/Library/Developer/Xcode/DerivedData/SplatNative-dwmjesbccinwnzhdvkeajvbyatnj/Build/Products/Release-iphoneos/PackageFrameworks -F/Users/runner/Library/Developer/Xcode/DerivedData/SplatNative-dwmjesbccinwnzhdvkeajvbyatnj/Build/Products/Release-iphoneos/PackageFrameworks -F/Users/runner/Library/Developer/Xcode/DerivedData/SplatNative-dwmjesbccinwnzhdvkeajvbyatnj/Build/Products/Release-iphoneos/PackageFrameworks -F/Users/runner/Library/Developer/Xcode/DerivedData/SplatNative-dwmjesbccinwnzhdvkeajvbyatnj/Build/Products/Release-iphoneos -iframework /Applications/Xcode_16.4.app/Contents/Developer/Platforms/iPhoneOS.platform/Developer/Library/Frameworks -iframework /Applications/Xcode_16.4.app/Contents/Developer/Platforms/iPhoneOS.platform/Developer/SDKs/iPhoneOS18.5.sdk/Developer/Library/Frameworks -filelist /Users/runner/Library/Developer/Xcode/DerivedData/SplatNative-dwmjesbccinwnzhdvkeajvbyatnj/Build/Intermediates.noindex/Supabase.build/Release-iphoneos/Realtime.build/Objects-normal/arm64/Realtime.LinkFileList -nostdlib -Xlinker -object_path_lto -Xlinker /Users/runner/Library/Developer/Xcode/DerivedData/SplatNative-dwmjesbccinwnzhdvkeajvbyatnj/Build/Intermediates.noindex/Supabase.build/Release-iphoneos/Realtime.build/Objects-normal/arm64/Realtime_lto.o -Xlinker -dependency_info -Xlinker /Users/runner/Library/Developer/Xcode/DerivedData/SplatNative-dwmjesbccinwnzhdvkeajvbyatnj/Build/Intermediates.noindex/Supabase.build/Release-iphoneos/Realtime.build/Objects-normal/arm64/Realtime_dependency_info.dat -fobjc-link-runtime -L/Applications/Xcode_16.4.app/Contents/Developer/Toolchains/XcodeDefault.xctoolchain/usr/lib/swift/iphoneos -L/usr/lib/swift -Xlinker -add_ast_path -Xlinker /Users/runner/Library/Developer/Xcode/DerivedData/SplatNative-dwmjesbccinwnzhdvkeajvbyatnj/Build/Intermediates.noindex/Supabase.build/Release-iphoneos/Realtime.build/Objects-normal/arm64/Realtime.swiftmodule -o /Users/runner/Library/Developer/Xcode/DerivedData/SplatNative-dwmjesbccinwnzhdvkeajvbyatnj/Build/Products/Release-iphoneos/Realtime.o

ExtractAppIntentsMetadata (in target 'Realtime' from project 'Supabase')
    cd /Users/runner/Library/Developer/Xcode/DerivedData/SplatNative-dwmjesbccinwnzhdvkeajvbyatnj/SourcePackages/checkouts/supabase-swift
    /Applications/Xcode_16.4.app/Contents/Developer/Toolchains/XcodeDefault.xctoolchain/usr/bin/appintentsmetadataprocessor --toolchain-dir /Applications/Xcode_16.4.app/Contents/Developer/Toolchains/XcodeDefault.xctoolchain --module-name Realtime --sdk-root /Applications/Xcode_16.4.app/Contents/Developer/Platforms/iPhoneOS.platform/Developer/SDKs/iPhoneOS18.5.sdk --xcode-version 16F6 --platform-family iOS --deployment-target 16.0 --bundle-identifier supabase-swift.Realtime --output /Users/runner/Library/Developer/Xcode/DerivedData/SplatNative-dwmjesbccinwnzhdvkeajvbyatnj/Build/Products/Release-iphoneos/Realtime.appintents --target-triple arm64-apple-ios16.0 --binary-file /Users/runner/Library/Developer/Xcode/DerivedData/SplatNative-dwmjesbccinwnzhdvkeajvbyatnj/Build/Products/Release-iphoneos/Realtime.o --dependency-file /Users/runner/Library/Developer/Xcode/DerivedData/SplatNative-dwmjesbccinwnzhdvkeajvbyatnj/Build/Intermediates.noindex/Supabase.build/Release-iphoneos/Realtime.build/Objects-normal/arm64/Realtime_dependency_info.dat --stringsdata-file /Users/runner/Library/Developer/Xcode/DerivedData/SplatNative-dwmjesbccinwnzhdvkeajvbyatnj/Build/Intermediates.noindex/Supabase.build/Release-iphoneos/Realtime.build/Objects-normal/arm64/ExtractedAppShortcutsMetadata.stringsdata --source-file-list /Users/runner/Library/Developer/Xcode/DerivedData/SplatNative-dwmjesbccinwnzhdvkeajvbyatnj/Build/Intermediates.noindex/Supabase.build/Release-iphoneos/Realtime.build/Objects-normal/arm64/Realtime.SwiftFileList --metadata-file-list /Users/runner/Library/Developer/Xcode/DerivedData/SplatNative-dwmjesbccinwnzhdvkeajvbyatnj/Build/Intermediates.noindex/Supabase.build/Release-iphoneos/Realtime.build/Realtime.DependencyMetadataFileList --static-metadata-file-list /Users/runner/Library/Developer/Xcode/DerivedData/SplatNative-dwmjesbccinwnzhdvkeajvbyatnj/Build/Intermediates.noindex/Supabase.build/Release-iphoneos/Realtime.build/Realtime.DependencyStaticMetadataFileList --swift-const-vals-list /Users/runner/Library/Developer/Xcode/DerivedData/SplatNative-dwmjesbccinwnzhdvkeajvbyatnj/Build/Intermediates.noindex/Supabase.build/Release-iphoneos/Realtime.build/Objects-normal/arm64/Realtime.SwiftConstValuesFileList --force --compile-time-extraction --deployment-aware-processing --validate-assistant-intents --no-app-shortcuts-localization
2026-09-16 08:12:57.734 appintentsmetadataprocessor[4742:17148] Starting appintentsmetadataprocessor export
2026-09-16 08:12:57.782 appintentsmetadataprocessor[4742:17148] Extracted no relevant App Intents symbols, skipping writing output

RegisterExecutionPolicyException /Users/runner/Library/Developer/Xcode/DerivedData/SplatNative-dwmjesbccinwnzhdvkeajvbyatnj/Build/Products/Release-iphoneos/Realtime.o (in target 'Realtime' from project 'Supabase')
    cd /Users/runner/Library/Developer/Xcode/DerivedData/SplatNative-dwmjesbccinwnzhdvkeajvbyatnj/SourcePackages/checkouts/supabase-swift
    builtin-RegisterExecutionPolicyException /Users/runner/Library/Developer/Xcode/DerivedData/SplatNative-dwmjesbccinwnzhdvkeajvbyatnj/Build/Products/Release-iphoneos/Realtime.o

SwiftDriverJobDiscovery normal arm64 Compiling AuthAdmin.swift, AuthAdminOAuth.swift, AuthClient.swift, AuthClientConfiguration.swift, AuthError.swift, AuthMFA.swift, AuthOAuthServer.swift, AuthStateChangeListener.swift, Defaults.swift, Deprecated.swift, Exports.swift, APIClient.swift, CodeVerifierStorage.swift, Constants.swift, Dependencies.swift, EventEmitter.swift, FixedWidthInteger+Random.swift, Helpers.swift, JWK+RSA.swift, JWTAlgorithm.swift, Keychain.swift, PKCE.swift, SessionManager.swift, SessionStorage.swift, URLOpener.swift, AuthLocalStorage.swift, KeychainLocalStorage.swift, WinCredLocalStorage.swift, Types.swift, AuthAdmin+Passkey.swift, AuthClient+Passkey.swift, AuthMFA+WebAuthn.swift, WebAuthnAuthenticator.swift, WebAuthnTypes.swift (in target 'Auth' from project 'Supabase')

SwiftDriver\ Compilation\ Requirements Auth normal arm64 com.apple.xcode.tools.swift.compiler (in target 'Auth' from project 'Supabase')
    cd /Users/runner/work/ALLSUNDAY1122.github.io/ALLSUNDAY1122.github.io/splat-native-ios/SplatNative.xcodeproj
    builtin-Swift-Compilation-Requirements -- /Applications/Xcode_16.4.app/Contents/Developer/Toolchains/XcodeDefault.xctoolchain/usr/bin/swiftc -module-name Auth -O -whole-module-optimization -enforce-exclusivity\=checked @/Users/runner/Library/Developer/Xcode/DerivedData/SplatNative-dwmjesbccinwnzhdvkeajvbyatnj/Build/Intermediates.noindex/Supabase.build/Release-iphoneos/Auth.build/Objects-normal/arm64/Auth.SwiftFileList -DSWIFT_PACKAGE -DXcode -enable-upcoming-feature ExistentialAny -enable-upcoming-feature ImmutableWeakCaptures -enable-upcoming-feature InferIsolatedConformances -enable-upcoming-feature InternalImportsByDefault -enable-upcoming-feature MemberImportVisibility -plugin-path /Applications/Xcode_16.4.app/Contents/Developer/Toolchains/XcodeDefault.xctoolchain/usr/lib/swift/host/plugins/testing -enable-experimental-feature DebugDescriptionMacro -sdk /Applications/Xcode_16.4.app/Contents/Developer/Platforms/iPhoneOS.platform/Developer/SDKs/iPhoneOS18.5.sdk -target arm64-apple-ios16.0 -g -module-cache-path /Users/runner/Library/Developer/Xcode/DerivedData/ModuleCache.noindex -Xfrontend -serialize-debugging-options -suppress-warnings -swift-version 6 -I /Users/runner/Library/Developer/Xcode/DerivedData/SplatNative-dwmjesbccinwnzhdvkeajvbyatnj/Build/Products/Release-iphoneos -I /Applications/Xcode_16.4.app/Contents/Developer/Platforms/iPhoneOS.platform/Developer/usr/lib -F /Users/runner/Library/Developer/Xcode/DerivedData/SplatNative-dwmjesbccinwnzhdvkeajvbyatnj/Build/Products/Release-iphoneos/PackageFrameworks -F /Users/runner/Library/Developer/Xcode/DerivedData/SplatNative-dwmjesbccinwnzhdvkeajvbyatnj/Build/Products/Release-iphoneos/PackageFrameworks -F /Users/runner/Library/Developer/Xcode/DerivedData/SplatNative-dwmjesbccinwnzhdvkeajvbyatnj/Build/Products/Release-iphoneos/PackageFrameworks -F /Users/runner/Library/Developer/Xcode/DerivedData/SplatNative-dwmjesbccinwnzhdvkeajvbyatnj/Build/Products/Release-iphoneos/PackageFrameworks -F /Users/runner/Library/Developer/Xcode/DerivedData/SplatNative-dwmjesbccinwnzhdvkeajvbyatnj/Build/Products/Release-iphoneos/PackageFrameworks -F /Users/runner/Library/Developer/Xcode/DerivedData/SplatNative-dwmjesbccinwnzhdvkeajvbyatnj/Build/Products/Release-iphoneos/PackageFrameworks -F /Users/runner/Library/Developer/Xcode/DerivedData/SplatNative-dwmjesbccinwnzhdvkeajvbyatnj/Build/Products/Release-iphoneos/PackageFrameworks -F /Users/runner/Library/Developer/Xcode/DerivedData/SplatNative-dwmjesbccinwnzhdvkeajvbyatnj/Build/Products/Release-iphoneos -F /Applications/Xcode_16.4.app/Contents/Developer/Platforms/iPhoneOS.platform/Developer/Library/Frameworks -F /Applications/Xcode_16.4.app/Contents/Developer/Platforms/iPhoneOS.platform/Developer/SDKs/iPhoneOS18.5.sdk/Developer/Library/Frameworks -c -num-threads 3 -Xcc -ivfsstatcache -Xcc /Users/runner/Library/Developer/Xcode/DerivedData/SDKStatCaches.noindex/iphoneos18.5-22F76-a529daf784b3616c7c04a36aeb7f5c05.sdkstatcache -output-file-map /Users/runner/Library/Developer/Xcode/DerivedData/SplatNative-dwmjesbccinwnzhdvkeajvbyatnj/Build/Intermediates.noindex/Supabase.build/Release-iphoneos/Auth.build/Objects-normal/arm64/Auth-OutputFileMap.json -use-frontend-parseable-output -save-temps -no-color-diagnostics -serialize-diagnostics -emit-dependencies -emit-module -emit-module-path /Users/runner/Library/Developer/Xcode/DerivedData/SplatNative-dwmjesbccinwnzhdvkeajvbyatnj/Build/Intermediates.noindex/Supabase.build/Release-iphoneos/Auth.build/Objects-normal/arm64/Auth.swiftmodule -validate-clang-modules-once -clang-build-session-file /Users/runner/Library/Developer/Xcode/DerivedData/ModuleCache.noindex/Session.modulevalidation -package-name supabase_swift -Xcc -I/Users/runner/Library/Developer/Xcode/DerivedData/SplatNative-dwmjesbccinwnzhdvkeajvbyatnj/Build/Intermediates.noindex/Supabase.build/Release-iphoneos/Auth.build/swift-overrides.hmap -emit-const-values -Xfrontend -const-gather-protocols-file -Xfrontend /Users/runner/Library/Developer/Xcode/DerivedData/SplatNative-dwmjesbccinwnzhdvkeajvbyatnj/Build/Intermediates.noindex/Supabase.build/Release-iphoneos/Auth.build/Objects-normal/arm64/Auth_const_extract_protocols.json -Xcc -I/Users/runner/Library/Developer/Xcode/DerivedData/SplatNative-dwmjesbccinwnzhdvkeajvbyatnj/Build/Products/Release-iphoneos/include -Xcc -I/Users/runner/Library/Developer/Xcode/DerivedData/SplatNative-dwmjesbccinwnzhdvkeajvbyatnj/Build/Intermediates.noindex/Supabase.build/Release-iphoneos/Auth.build/DerivedSources-normal/arm64 -Xcc -I/Users/runner/Library/Developer/Xcode/DerivedData/SplatNative-dwmjesbccinwnzhdvkeajvbyatnj/Build/Intermediates.noindex/Supabase.build/Release-iphoneos/Auth.build/DerivedSources/arm64 -Xcc -I/Users/runner/Library/Developer/Xcode/DerivedData/SplatNative-dwmjesbccinwnzhdvkeajvbyatnj/Build/Intermediates.noindex/Supabase.build/Release-iphoneos/Auth.build/DerivedSources -Xcc -DSWIFT_PACKAGE -emit-objc-header -emit-objc-header-path /Users/runner/Library/Developer/Xcode/DerivedData/SplatNative-dwmjesbccinwnzhdvkeajvbyatnj/Build/Intermediates.noindex/Supabase.build/Release-iphoneos/Auth.build/Objects-normal/arm64/Auth-Swift.h -working-directory /Users/runner/work/ALLSUNDAY1122.github.io/ALLSUNDAY1122.github.io/splat-native-ios/SplatNative.xcodeproj -no-emit-module-separately-wmo

SwiftMergeGeneratedHeaders /Users/runner/Library/Developer/Xcode/DerivedData/SplatNative-dwmjesbccinwnzhdvkeajvbyatnj/Build/Intermediates.noindex/GeneratedModuleMaps-iphoneos/Auth-Swift.h /Users/runner/Library/Developer/Xcode/DerivedData/SplatNative-dwmjesbccinwnzhdvkeajvbyatnj/Build/Intermediates.noindex/Supabase.build/Release-iphoneos/Auth.build/Objects-normal/arm64/Auth-Swift.h (in target 'Auth' from project 'Supabase')
    cd /Users/runner/Library/Developer/Xcode/DerivedData/SplatNative-dwmjesbccinwnzhdvkeajvbyatnj/SourcePackages/checkouts/supabase-swift
    builtin-swiftHeaderTool -arch arm64 /Users/runner/Library/Developer/Xcode/DerivedData/SplatNative-dwmjesbccinwnzhdvkeajvbyatnj/Build/Intermediates.noindex/Supabase.build/Release-iphoneos/Auth.build/Objects-normal/arm64/Auth-Swift.h -o /Users/runner/Library/Developer/Xcode/DerivedData/SplatNative-dwmjesbccinwnzhdvkeajvbyatnj/Build/Intermediates.noindex/GeneratedModuleMaps-iphoneos/Auth-Swift.h

Copy /Users/runner/Library/Developer/Xcode/DerivedData/SplatNative-dwmjesbccinwnzhdvkeajvbyatnj/Build/Products/Release-iphoneos/Auth.swiftmodule/arm64-apple-ios.swiftdoc /Users/runner/Library/Developer/Xcode/DerivedData/SplatNative-dwmjesbccinwnzhdvkeajvbyatnj/Build/Intermediates.noindex/Supabase.build/Release-iphoneos/Auth.build/Objects-normal/arm64/Auth.swiftdoc (in target 'Auth' from project 'Supabase')
    cd /Users/runner/Library/Developer/Xcode/DerivedData/SplatNative-dwmjesbccinwnzhdvkeajvbyatnj/SourcePackages/checkouts/supabase-swift
    builtin-copy -exclude .DS_Store -exclude CVS -exclude .svn -exclude .git -exclude .hg -strip-unsigned-binaries -strip-deterministic -strip-tool /Applications/Xcode_16.4.app/Contents/Developer/Toolchains/XcodeDefault.xctoolchain/usr/bin/strip -resolve-src-symlinks -rename /Users/runner/Library/Developer/Xcode/DerivedData/SplatNative-dwmjesbccinwnzhdvkeajvbyatnj/Build/Intermediates.noindex/Supabase.build/Release-iphoneos/Auth.build/Objects-normal/arm64/Auth.swiftdoc /Users/runner/Library/Developer/Xcode/DerivedData/SplatNative-dwmjesbccinwnzhdvkeajvbyatnj/Build/Products/Release-iphoneos/Auth.swiftmodule/arm64-apple-ios.swiftdoc

Copy /Users/runner/Library/Developer/Xcode/DerivedData/SplatNative-dwmjesbccinwnzhdvkeajvbyatnj/Build/Products/Release-iphoneos/Auth.swiftmodule/arm64-apple-ios.swiftmodule /Users/runner/Library/Developer/Xcode/DerivedData/SplatNative-dwmjesbccinwnzhdvkeajvbyatnj/Build/Intermediates.noindex/Supabase.build/Release-iphoneos/Auth.build/Objects-normal/arm64/Auth.swiftmodule (in target 'Auth' from project 'Supabase')
    cd /Users/runner/Library/Developer/Xcode/DerivedData/SplatNative-dwmjesbccinwnzhdvkeajvbyatnj/SourcePackages/checkouts/supabase-swift
    builtin-copy -exclude .DS_Store -exclude CVS -exclude .svn -exclude .git -exclude .hg -strip-unsigned-binaries -strip-deterministic -strip-tool /Applications/Xcode_16.4.app/Contents/Developer/Toolchains/XcodeDefault.xctoolchain/usr/bin/strip -resolve-src-symlinks -rename /Users/runner/Library/Developer/Xcode/DerivedData/SplatNative-dwmjesbccinwnzhdvkeajvbyatnj/Build/Intermediates.noindex/Supabase.build/Release-iphoneos/Auth.build/Objects-normal/arm64/Auth.swiftmodule /Users/runner/Library/Developer/Xcode/DerivedData/SplatNative-dwmjesbccinwnzhdvkeajvbyatnj/Build/Products/Release-iphoneos/Auth.swiftmodule/arm64-apple-ios.swiftmodule

Copy /Users/runner/Library/Developer/Xcode/DerivedData/SplatNative-dwmjesbccinwnzhdvkeajvbyatnj/Build/Products/Release-iphoneos/Auth.swiftmodule/arm64-apple-ios.abi.json /Users/runner/Library/Developer/Xcode/DerivedData/SplatNative-dwmjesbccinwnzhdvkeajvbyatnj/Build/Intermediates.noindex/Supabase.build/Release-iphoneos/Auth.build/Objects-normal/arm64/Auth.abi.json (in target 'Auth' from project 'Supabase')
    cd /Users/runner/Library/Developer/Xcode/DerivedData/SplatNative-dwmjesbccinwnzhdvkeajvbyatnj/SourcePackages/checkouts/supabase-swift
    builtin-copy -exclude .DS_Store -exclude CVS -exclude .svn -exclude .git -exclude .hg -strip-unsigned-binaries -strip-deterministic -strip-tool /Applications/Xcode_16.4.app/Contents/Developer/Toolchains/XcodeDefault.xctoolchain/usr/bin/strip -resolve-src-symlinks -rename /Users/runner/Library/Developer/Xcode/DerivedData/SplatNative-dwmjesbccinwnzhdvkeajvbyatnj/Build/Intermediates.noindex/Supabase.build/Release-iphoneos/Auth.build/Objects-normal/arm64/Auth.abi.json /Users/runner/Library/Developer/Xcode/DerivedData/SplatNative-dwmjesbccinwnzhdvkeajvbyatnj/Build/Products/Release-iphoneos/Auth.swiftmodule/arm64-apple-ios.abi.json

Copy /Users/runner/Library/Developer/Xcode/DerivedData/SplatNative-dwmjesbccinwnzhdvkeajvbyatnj/Build/Products/Release-iphoneos/Auth.swiftmodule/Project/arm64-apple-ios.swiftsourceinfo /Users/runner/Library/Developer/Xcode/DerivedData/SplatNative-dwmjesbccinwnzhdvkeajvbyatnj/Build/Intermediates.noindex/Supabase.build/Release-iphoneos/Auth.build/Objects-normal/arm64/Auth.swiftsourceinfo (in target 'Auth' from project 'Supabase')
    cd /Users/runner/Library/Developer/Xcode/DerivedData/SplatNative-dwmjesbccinwnzhdvkeajvbyatnj/SourcePackages/checkouts/supabase-swift
    builtin-copy -exclude .DS_Store -exclude CVS -exclude .svn -exclude .git -exclude .hg -strip-unsigned-binaries -strip-deterministic -strip-tool /Applications/Xcode_16.4.app/Contents/Developer/Toolchains/XcodeDefault.xctoolchain/usr/bin/strip -resolve-src-symlinks -rename /Users/runner/Library/Developer/Xcode/DerivedData/SplatNative-dwmjesbccinwnzhdvkeajvbyatnj/Build/Intermediates.noindex/Supabase.build/Release-iphoneos/Auth.build/Objects-normal/arm64/Auth.swiftsourceinfo /Users/runner/Library/Developer/Xcode/DerivedData/SplatNative-dwmjesbccinwnzhdvkeajvbyatnj/Build/Products/Release-iphoneos/Auth.swiftmodule/Project/arm64-apple-ios.swiftsourceinfo

Ld /Users/runner/Library/Developer/Xcode/DerivedData/SplatNative-dwmjesbccinwnzhdvkeajvbyatnj/Build/Products/Release-iphoneos/Auth.o normal (in target 'Auth' from project 'Supabase')
    cd /Users/runner/Library/Developer/Xcode/DerivedData/SplatNative-dwmjesbccinwnzhdvkeajvbyatnj/SourcePackages/checkouts/supabase-swift
    /Applications/Xcode_16.4.app/Contents/Developer/Toolchains/XcodeDefault.xctoolchain/usr/bin/clang -Xlinker -reproducible -target arm64-apple-ios16.0 -r -isysroot /Applications/Xcode_16.4.app/Contents/Developer/Platforms/iPhoneOS.platform/Developer/SDKs/iPhoneOS18.5.sdk -Os -w -L/Users/runner/Library/Developer/Xcode/DerivedData/SplatNative-dwmjesbccinwnzhdvkeajvbyatnj/Build/Intermediates.noindex/EagerLinkingTBDs/Release-iphoneos -L/Users/runner/Library/Developer/Xcode/DerivedData/SplatNative-dwmjesbccinwnzhdvkeajvbyatnj/Build/Products/Release-iphoneos -L/Applications/Xcode_16.4.app/Contents/Developer/Platforms/iPhoneOS.platform/Developer/usr/lib -F/Users/runner/Library/Developer/Xcode/DerivedData/SplatNative-dwmjesbccinwnzhdvkeajvbyatnj/Build/Intermediates.noindex/EagerLinkingTBDs/Release-iphoneos -F/Users/runner/Library/Developer/Xcode/DerivedData/SplatNative-dwmjesbccinwnzhdvkeajvbyatnj/Build/Products/Release-iphoneos/PackageFrameworks -F/Users/runner/Library/Developer/Xcode/DerivedData/SplatNative-dwmjesbccinwnzhdvkeajvbyatnj/Build/Products/Release-iphoneos/PackageFrameworks -F/Users/runner/Library/Developer/Xcode/DerivedData/SplatNative-dwmjesbccinwnzhdvkeajvbyatnj/Build/Products/Release-iphoneos/PackageFrameworks -F/Users/runner/Library/Developer/Xcode/DerivedData/SplatNative-dwmjesbccinwnzhdvkeajvbyatnj/Build/Products/Release-iphoneos/PackageFrameworks -F/Users/runner/Library/Developer/Xcode/DerivedData/SplatNative-dwmjesbccinwnzhdvkeajvbyatnj/Build/Products/Release-iphoneos/PackageFrameworks -F/Users/runner/Library/Developer/Xcode/DerivedData/SplatNative-dwmjesbccinwnzhdvkeajvbyatnj/Build/Products/Release-iphoneos/PackageFrameworks -F/Users/runner/Library/Developer/Xcode/DerivedData/SplatNative-dwmjesbccinwnzhdvkeajvbyatnj/Build/Products/Release-iphoneos/PackageFrameworks -F/Users/runner/Library/Developer/Xcode/DerivedData/SplatNative-dwmjesbccinwnzhdvkeajvbyatnj/Build/Products/Release-iphoneos -iframework /Applications/Xcode_16.4.app/Contents/Developer/Platforms/iPhoneOS.platform/Developer/Library/Frameworks -iframework /Applications/Xcode_16.4.app/Contents/Developer/Platforms/iPhoneOS.platform/Developer/SDKs/iPhoneOS18.5.sdk/Developer/Library/Frameworks -filelist /Users/runner/Library/Developer/Xcode/DerivedData/SplatNative-dwmjesbccinwnzhdvkeajvbyatnj/Build/Intermediates.noindex/Supabase.build/Release-iphoneos/Auth.build/Objects-normal/arm64/Auth.LinkFileList -nostdlib -Xlinker -object_path_lto -Xlinker /Users/runner/Library/Developer/Xcode/DerivedData/SplatNative-dwmjesbccinwnzhdvkeajvbyatnj/Build/Intermediates.noindex/Supabase.build/Release-iphoneos/Auth.build/Objects-normal/arm64/Auth_lto.o -Xlinker -dependency_info -Xlinker /Users/runner/Library/Developer/Xcode/DerivedData/SplatNative-dwmjesbccinwnzhdvkeajvbyatnj/Build/Intermediates.noindex/Supabase.build/Release-iphoneos/Auth.build/Objects-normal/arm64/Auth_dependency_info.dat -fobjc-link-runtime -L/Applications/Xcode_16.4.app/Contents/Developer/Toolchains/XcodeDefault.xctoolchain/usr/lib/swift/iphoneos -L/usr/lib/swift -Xlinker -add_ast_path -Xlinker /Users/runner/Library/Developer/Xcode/DerivedData/SplatNative-dwmjesbccinwnzhdvkeajvbyatnj/Build/Intermediates.noindex/Supabase.build/Release-iphoneos/Auth.build/Objects-normal/arm64/Auth.swiftmodule -o /Users/runner/Library/Developer/Xcode/DerivedData/SplatNative-dwmjesbccinwnzhdvkeajvbyatnj/Build/Products/Release-iphoneos/Auth.o

SwiftDriver Supabase normal arm64 com.apple.xcode.tools.swift.compiler (in target 'Supabase' from project 'Supabase')
    cd /Users/runner/work/ALLSUNDAY1122.github.io/ALLSUNDAY1122.github.io/splat-native-ios/SplatNative.xcodeproj
    builtin-SwiftDriver -- /Applications/Xcode_16.4.app/Contents/Developer/Toolchains/XcodeDefault.xctoolchain/usr/bin/swiftc -module-name Supabase -O -whole-module-optimization -enforce-exclusivity\=checked @/Users/runner/Library/Developer/Xcode/DerivedData/SplatNative-dwmjesbccinwnzhdvkeajvbyatnj/Build/Intermediates.noindex/Supabase.build/Release-iphoneos/Supabase.build/Objects-normal/arm64/Supabase.SwiftFileList -DSWIFT_PACKAGE -DXcode -enable-upcoming-feature ExistentialAny -enable-upcoming-feature ImmutableWeakCaptures -enable-upcoming-feature InferIsolatedConformances -enable-upcoming-feature InternalImportsByDefault -enable-upcoming-feature MemberImportVisibility -plugin-path /Applications/Xcode_16.4.app/Contents/Developer/Toolchains/XcodeDefault.xctoolchain/usr/lib/swift/host/plugins/testing -enable-experimental-feature DebugDescriptionMacro -sdk /Applications/Xcode_16.4.app/Contents/Developer/Platforms/iPhoneOS.platform/Developer/SDKs/iPhoneOS18.5.sdk -target arm64-apple-ios16.0 -g -module-cache-path /Users/runner/Library/Developer/Xcode/DerivedData/ModuleCache.noindex -Xfrontend -serialize-debugging-options -suppress-warnings -swift-version 6 -I /Users/runner/Library/Developer/Xcode/DerivedData/SplatNative-dwmjesbccinwnzhdvkeajvbyatnj/Build/Products/Release-iphoneos -I /Applications/Xcode_16.4.app/Contents/Developer/Platforms/iPhoneOS.platform/Developer/usr/lib -F /Users/runner/Library/Developer/Xcode/DerivedData/SplatNative-dwmjesbccinwnzhdvkeajvbyatnj/Build/Products/Release-iphoneos/PackageFrameworks -F /Users/runner/Library/Developer/Xcode/DerivedData/SplatNative-dwmjesbccinwnzhdvkeajvbyatnj/Build/Products/Release-iphoneos/PackageFrameworks -F /Users/runner/Library/Developer/Xcode/DerivedData/SplatNative-dwmjesbccinwnzhdvkeajvbyatnj/Build/Products/Release-iphoneos/PackageFrameworks -F /Users/runner/Library/Developer/Xcode/DerivedData/SplatNative-dwmjesbccinwnzhdvkeajvbyatnj/Build/Products/Release-iphoneos/PackageFrameworks -F /Users/runner/Library/Developer/Xcode/DerivedData/SplatNative-dwmjesbccinwnzhdvkeajvbyatnj/Build/Products/Release-iphoneos/PackageFrameworks -F /Users/runner/Library/Developer/Xcode/DerivedData/SplatNative-dwmjesbccinwnzhdvkeajvbyatnj/Build/Products/Release-iphoneos/PackageFrameworks -F /Users/runner/Library/Developer/Xcode/DerivedData/SplatNative-dwmjesbccinwnzhdvkeajvbyatnj/Build/Products/Release-iphoneos/PackageFrameworks -F /Users/runner/Library/Developer/Xcode/DerivedData/SplatNative-dwmjesbccinwnzhdvkeajvbyatnj/Build/Products/Release-iphoneos/PackageFrameworks -F /Users/runner/Library/Developer/Xcode/DerivedData/SplatNative-dwmjesbccinwnzhdvkeajvbyatnj/Build/Products/Release-iphoneos/PackageFrameworks -F /Users/runner/Library/Developer/Xcode/DerivedData/SplatNative-dwmjesbccinwnzhdvkeajvbyatnj/Build/Products/Release-iphoneos/PackageFrameworks -F /Users/runner/Library/Developer/Xcode/DerivedData/SplatNative-dwmjesbccinwnzhdvkeajvbyatnj/Build/Products/Release-iphoneos/PackageFrameworks -F /Users/runner/Library/Developer/Xcode/DerivedData/SplatNative-dwmjesbccinwnzhdvkeajvbyatnj/Build/Products/Release-iphoneos/PackageFrameworks -F /Users/runner/Library/Developer/Xcode/DerivedData/SplatNative-dwmjesbccinwnzhdvkeajvbyatnj/Build/Products/Release-iphoneos/PackageFrameworks -F /Users/runner/Library/Developer/Xcode/DerivedData/SplatNative-dwmjesbccinwnzhdvkeajvbyatnj/Build/Products/Release-iphoneos -F /Applications/Xcode_16.4.app/Contents/Developer/Platforms/iPhoneOS.platform/Developer/Library/Frameworks -F /Applications/Xcode_16.4.app/Contents/Developer/Platforms/iPhoneOS.platform/Developer/SDKs/iPhoneOS18.5.sdk/Developer/Library/Frameworks -c -num-threads 3 -Xcc -ivfsstatcache -Xcc /Users/runner/Library/Developer/Xcode/DerivedData/SDKStatCaches.noindex/iphoneos18.5-22F76-a529daf784b3616c7c04a36aeb7f5c05.sdkstatcache -output-file-map /Users/runner/Library/Developer/Xcode/DerivedData/SplatNative-dwmjesbccinwnzhdvkeajvbyatnj/Build/Intermediates.noindex/Supabase.build/Release-iphoneos/Supabase.build/Objects-normal/arm64/Supabase-OutputFileMap.json -use-frontend-parseable-output -save-temps -no-color-diagnostics -serialize-diagnostics -emit-dependencies -emit-module -emit-module-path /Users/runner/Library/Developer/Xcode/DerivedData/SplatNative-dwmjesbccinwnzhdvkeajvbyatnj/Build/Intermediates.noindex/Supabase.build/Release-iphoneos/Supabase.build/Objects-normal/arm64/Supabase.swiftmodule -validate-clang-modules-once -clang-build-session-file /Users/runner/Library/Developer/Xcode/DerivedData/ModuleCache.noindex/Session.modulevalidation -package-name supabase_swift -Xcc -I/Users/runner/Library/Developer/Xcode/DerivedData/SplatNative-dwmjesbccinwnzhdvkeajvbyatnj/Build/Intermediates.noindex/Supabase.build/Release-iphoneos/Supabase.build/swift-overrides.hmap -emit-const-values -Xfrontend -const-gather-protocols-file -Xfrontend /Users/runner/Library/Developer/Xcode/DerivedData/SplatNative-dwmjesbccinwnzhdvkeajvbyatnj/Build/Intermediates.noindex/Supabase.build/Release-iphoneos/Supabase.build/Objects-normal/arm64/Supabase_const_extract_protocols.json -Xcc -I/Users/runner/Library/Developer/Xcode/DerivedData/SplatNative-dwmjesbccinwnzhdvkeajvbyatnj/Build/Products/Release-iphoneos/include -Xcc -I/Users/runner/Library/Developer/Xcode/DerivedData/SplatNative-dwmjesbccinwnzhdvkeajvbyatnj/Build/Intermediates.noindex/Supabase.build/Release-iphoneos/Supabase.build/DerivedSources-normal/arm64 -Xcc -I/Users/runner/Library/Developer/Xcode/DerivedData/SplatNative-dwmjesbccinwnzhdvkeajvbyatnj/Build/Intermediates.noindex/Supabase.build/Release-iphoneos/Supabase.build/DerivedSources/arm64 -Xcc -I/Users/runner/Library/Developer/Xcode/DerivedData/SplatNative-dwmjesbccinwnzhdvkeajvbyatnj/Build/Intermediates.noindex/Supabase.build/Release-iphoneos/Supabase.build/DerivedSources -Xcc -DSWIFT_PACKAGE -emit-objc-header -emit-objc-header-path /Users/runner/Library/Developer/Xcode/DerivedData/SplatNative-dwmjesbccinwnzhdvkeajvbyatnj/Build/Intermediates.noindex/Supabase.build/Release-iphoneos/Supabase.build/Objects-normal/arm64/Supabase-Swift.h -working-directory /Users/runner/work/ALLSUNDAY1122.github.io/ALLSUNDAY1122.github.io/splat-native-ios/SplatNative.xcodeproj -no-emit-module-separately-wmo

SwiftCompile normal arm64 Compiling\ Constants.swift,\ Deprecated.swift,\ Exports.swift,\ SupabaseClient.swift,\ Tracing.swift,\ Types.swift /Users/runner/Library/Developer/Xcode/DerivedData/SplatNative-dwmjesbccinwnzhdvkeajvbyatnj/SourcePackages/checkouts/supabase-swift/Sources/Supabase/Constants.swift /Users/runner/Library/Developer/Xcode/DerivedData/SplatNative-dwmjesbccinwnzhdvkeajvbyatnj/SourcePackages/checkouts/supabase-swift/Sources/Supabase/Deprecated.swift /Users/runner/Library/Developer/Xcode/DerivedData/SplatNative-dwmjesbccinwnzhdvkeajvbyatnj/SourcePackages/checkouts/supabase-swift/Sources/Supabase/Exports.swift /Users/runner/Library/Developer/Xcode/DerivedData/SplatNative-dwmjesbccinwnzhdvkeajvbyatnj/SourcePackages/checkouts/supabase-swift/Sources/Supabase/SupabaseClient.swift /Users/runner/Library/Developer/Xcode/DerivedData/SplatNative-dwmjesbccinwnzhdvkeajvbyatnj/SourcePackages/checkouts/supabase-swift/Sources/Supabase/Tracing.swift /Users/runner/Library/Developer/Xcode/DerivedData/SplatNative-dwmjesbccinwnzhdvkeajvbyatnj/SourcePackages/checkouts/supabase-swift/Sources/Supabase/Types.swift (in target 'Supabase' from project 'Supabase')

CompileSwift normal arm64 (in target 'Supabase' from project 'Supabase')
    cd /Users/runner/work/ALLSUNDAY1122.github.io/ALLSUNDAY1122.github.io/splat-native-ios/SplatNative.xcodeproj
    

SwiftDriver\ Compilation Supabase normal arm64 com.apple.xcode.tools.swift.compiler (in target 'Supabase' from project 'Supabase')
    cd /Users/runner/work/ALLSUNDAY1122.github.io/ALLSUNDAY1122.github.io/splat-native-ios/SplatNative.xcodeproj
    builtin-Swift-Compilation -- /Applications/Xcode_16.4.app/Contents/Developer/Toolchains/XcodeDefault.xctoolchain/usr/bin/swiftc -module-name Supabase -O -whole-module-optimization -enforce-exclusivity\=checked @/Users/runner/Library/Developer/Xcode/DerivedData/SplatNative-dwmjesbccinwnzhdvkeajvbyatnj/Build/Intermediates.noindex/Supabase.build/Release-iphoneos/Supabase.build/Objects-normal/arm64/Supabase.SwiftFileList -DSWIFT_PACKAGE -DXcode -enable-upcoming-feature ExistentialAny -enable-upcoming-feature ImmutableWeakCaptures -enable-upcoming-feature InferIsolatedConformances -enable-upcoming-feature InternalImportsByDefault -enable-upcoming-feature MemberImportVisibility -plugin-path /Applications/Xcode_16.4.app/Contents/Developer/Toolchains/XcodeDefault.xctoolchain/usr/lib/swift/host/plugins/testing -enable-experimental-feature DebugDescriptionMacro -sdk /Applications/Xcode_16.4.app/Contents/Developer/Platforms/iPhoneOS.platform/Developer/SDKs/iPhoneOS18.5.sdk -target arm64-apple-ios16.0 -g -module-cache-path /Users/runner/Library/Developer/Xcode/DerivedData/ModuleCache.noindex -Xfrontend -serialize-debugging-options -suppress-warnings -swift-version 6 -I /Users/runner/Library/Developer/Xcode/DerivedData/SplatNative-dwmjesbccinwnzhdvkeajvbyatnj/Build/Products/Release-iphoneos -I /Applications/Xcode_16.4.app/Contents/Developer/Platforms/iPhoneOS.platform/Developer/usr/lib -F /Users/runner/Library/Developer/Xcode/DerivedData/SplatNative-dwmjesbccinwnzhdvkeajvbyatnj/Build/Products/Release-iphoneos/PackageFrameworks -F /Users/runner/Library/Developer/Xcode/DerivedData/SplatNative-dwmjesbccinwnzhdvkeajvbyatnj/Build/Products/Release-iphoneos/PackageFrameworks -F /Users/runner/Library/Developer/Xcode/DerivedData/SplatNative-dwmjesbccinwnzhdvkeajvbyatnj/Build/Products/Release-iphoneos/PackageFrameworks -F /Users/runner/Library/Developer/Xcode/DerivedData/SplatNative-dwmjesbccinwnzhdvkeajvbyatnj/Build/Products/Release-iphoneos/PackageFrameworks -F /Users/runner/Library/Developer/Xcode/DerivedData/SplatNative-dwmjesbccinwnzhdvkeajvbyatnj/Build/Products/Release-iphoneos/PackageFrameworks -F /Users/runner/Library/Developer/Xcode/DerivedData/SplatNative-dwmjesbccinwnzhdvkeajvbyatnj/Build/Products/Release-iphoneos/PackageFrameworks -F /Users/runner/Library/Developer/Xcode/DerivedData/SplatNative-dwmjesbccinwnzhdvkeajvbyatnj/Build/Products/Release-iphoneos/PackageFrameworks -F /Users/runner/Library/Developer/Xcode/DerivedData/SplatNative-dwmjesbccinwnzhdvkeajvbyatnj/Build/Products/Release-iphoneos/PackageFrameworks -F /Users/runner/Library/Developer/Xcode/DerivedData/SplatNative-dwmjesbccinwnzhdvkeajvbyatnj/Build/Products/Release-iphoneos/PackageFrameworks -F /Users/runner/Library/Developer/Xcode/DerivedData/SplatNative-dwmjesbccinwnzhdvkeajvbyatnj/Build/Products/Release-iphoneos/PackageFrameworks -F /Users/runner/Library/Developer/Xcode/DerivedData/SplatNative-dwmjesbccinwnzhdvkeajvbyatnj/Build/Products/Release-iphoneos/PackageFrameworks -F /Users/runner/Library/Developer/Xcode/DerivedData/SplatNative-dwmjesbccinwnzhdvkeajvbyatnj/Build/Products/Release-iphoneos/PackageFrameworks -F /Users/runner/Library/Developer/Xcode/DerivedData/SplatNative-dwmjesbccinwnzhdvkeajvbyatnj/Build/Products/Release-iphoneos/PackageFrameworks -F /Users/runner/Library/Developer/Xcode/DerivedData/SplatNative-dwmjesbccinwnzhdvkeajvbyatnj/Build/Products/Release-iphoneos -F /Applications/Xcode_16.4.app/Contents/Developer/Platforms/iPhoneOS.platform/Developer/Library/Frameworks -F /Applications/Xcode_16.4.app/Contents/Developer/Platforms/iPhoneOS.platform/Developer/SDKs/iPhoneOS18.5.sdk/Developer/Library/Frameworks -c -num-threads 3 -Xcc -ivfsstatcache -Xcc /Users/runner/Library/Developer/Xcode/DerivedData/SDKStatCaches.noindex/iphoneos18.5-22F76-a529daf784b3616c7c04a36aeb7f5c05.sdkstatcache -output-file-map /Users/runner/Library/Developer/Xcode/DerivedData/SplatNative-dwmjesbccinwnzhdvkeajvbyatnj/Build/Intermediates.noindex/Supabase.build/Release-iphoneos/Supabase.build/Objects-normal/arm64/Supabase-OutputFileMap.json -use-frontend-parseable-output -save-temps -no-color-diagnostics -serialize-diagnostics -emit-dependencies -emit-module -emit-module-path /Users/runner/Library/Developer/Xcode/DerivedData/SplatNative-dwmjesbccinwnzhdvkeajvbyatnj/Build/Intermediates.noindex/Supabase.build/Release-iphoneos/Supabase.build/Objects-normal/arm64/Supabase.swiftmodule -validate-clang-modules-once -clang-build-session-file /Users/runner/Library/Developer/Xcode/DerivedData/ModuleCache.noindex/Session.modulevalidation -package-name supabase_swift -Xcc -I/Users/runner/Library/Developer/Xcode/DerivedData/SplatNative-dwmjesbccinwnzhdvkeajvbyatnj/Build/Intermediates.noindex/Supabase.build/Release-iphoneos/Supabase.build/swift-overrides.hmap -emit-const-values -Xfrontend -const-gather-protocols-file -Xfrontend /Users/runner/Library/Developer/Xcode/DerivedData/SplatNative-dwmjesbccinwnzhdvkeajvbyatnj/Build/Intermediates.noindex/Supabase.build/Release-iphoneos/Supabase.build/Objects-normal/arm64/Supabase_const_extract_protocols.json -Xcc -I/Users/runner/Library/Developer/Xcode/DerivedData/SplatNative-dwmjesbccinwnzhdvkeajvbyatnj/Build/Products/Release-iphoneos/include -Xcc -I/Users/runner/Library/Developer/Xcode/DerivedData/SplatNative-dwmjesbccinwnzhdvkeajvbyatnj/Build/Intermediates.noindex/Supabase.build/Release-iphoneos/Supabase.build/DerivedSources-normal/arm64 -Xcc -I/Users/runner/Library/Developer/Xcode/DerivedData/SplatNative-dwmjesbccinwnzhdvkeajvbyatnj/Build/Intermediates.noindex/Supabase.build/Release-iphoneos/Supabase.build/DerivedSources/arm64 -Xcc -I/Users/runner/Library/Developer/Xcode/DerivedData/SplatNative-dwmjesbccinwnzhdvkeajvbyatnj/Build/Intermediates.noindex/Supabase.build/Release-iphoneos/Supabase.build/DerivedSources -Xcc -DSWIFT_PACKAGE -emit-objc-header -emit-objc-header-path /Users/runner/Library/Developer/Xcode/DerivedData/SplatNative-dwmjesbccinwnzhdvkeajvbyatnj/Build/Intermediates.noindex/Supabase.build/Release-iphoneos/Supabase.build/Objects-normal/arm64/Supabase-Swift.h -working-directory /Users/runner/work/ALLSUNDAY1122.github.io/ALLSUNDAY1122.github.io/splat-native-ios/SplatNative.xcodeproj -no-emit-module-separately-wmo

ExtractAppIntentsMetadata (in target 'Auth' from project 'Supabase')
    cd /Users/runner/Library/Developer/Xcode/DerivedData/SplatNative-dwmjesbccinwnzhdvkeajvbyatnj/SourcePackages/checkouts/supabase-swift
    /Applications/Xcode_16.4.app/Contents/Developer/Toolchains/XcodeDefault.xctoolchain/usr/bin/appintentsmetadataprocessor --toolchain-dir /Applications/Xcode_16.4.app/Contents/Developer/Toolchains/XcodeDefault.xctoolchain --module-name Auth --sdk-root /Applications/Xcode_16.4.app/Contents/Developer/Platforms/iPhoneOS.platform/Developer/SDKs/iPhoneOS18.5.sdk --xcode-version 16F6 --platform-family iOS --deployment-target 16.0 --bundle-identifier supabase-swift.Auth --output /Users/runner/Library/Developer/Xcode/DerivedData/SplatNative-dwmjesbccinwnzhdvkeajvbyatnj/Build/Products/Release-iphoneos/Auth.appintents --target-triple arm64-apple-ios16.0 --binary-file /Users/runner/Library/Developer/Xcode/DerivedData/SplatNative-dwmjesbccinwnzhdvkeajvbyatnj/Build/Products/Release-iphoneos/Auth.o --dependency-file /Users/runner/Library/Developer/Xcode/DerivedData/SplatNative-dwmjesbccinwnzhdvkeajvbyatnj/Build/Intermediates.noindex/Supabase.build/Release-iphoneos/Auth.build/Objects-normal/arm64/Auth_dependency_info.dat --stringsdata-file /Users/runner/Library/Developer/Xcode/DerivedData/SplatNative-dwmjesbccinwnzhdvkeajvbyatnj/Build/Intermediates.noindex/Supabase.build/Release-iphoneos/Auth.build/Objects-normal/arm64/ExtractedAppShortcutsMetadata.stringsdata --source-file-list /Users/runner/Library/Developer/Xcode/DerivedData/SplatNative-dwmjesbccinwnzhdvkeajvbyatnj/Build/Intermediates.noindex/Supabase.build/Release-iphoneos/Auth.build/Objects-normal/arm64/Auth.SwiftFileList --metadata-file-list /Users/runner/Library/Developer/Xcode/DerivedData/SplatNative-dwmjesbccinwnzhdvkeajvbyatnj/Build/Intermediates.noindex/Supabase.build/Release-iphoneos/Auth.build/Auth.DependencyMetadataFileList --static-metadata-file-list /Users/runner/Library/Developer/Xcode/DerivedData/SplatNative-dwmjesbccinwnzhdvkeajvbyatnj/Build/Intermediates.noindex/Supabase.build/Release-iphoneos/Auth.build/Auth.DependencyStaticMetadataFileList --swift-const-vals-list /Users/runner/Library/Developer/Xcode/DerivedData/SplatNative-dwmjesbccinwnzhdvkeajvbyatnj/Build/Intermediates.noindex/Supabase.build/Release-iphoneos/Auth.build/Objects-normal/arm64/Auth.SwiftConstValuesFileList --force --compile-time-extraction --deployment-aware-processing --validate-assistant-intents --no-app-shortcuts-localization
2026-09-16 08:12:58.232 appintentsmetadataprocessor[4751:17183] Starting appintentsmetadataprocessor export
2026-09-16 08:12:58.282 appintentsmetadataprocessor[4751:17183] Extracted no relevant App Intents symbols, skipping writing output

RegisterExecutionPolicyException /Users/runner/Library/Developer/Xcode/DerivedData/SplatNative-dwmjesbccinwnzhdvkeajvbyatnj/Build/Products/Release-iphoneos/Auth.o (in target 'Auth' from project 'Supabase')
    cd /Users/runner/Library/Developer/Xcode/DerivedData/SplatNative-dwmjesbccinwnzhdvkeajvbyatnj/SourcePackages/checkouts/supabase-swift
    builtin-RegisterExecutionPolicyException /Users/runner/Library/Developer/Xcode/DerivedData/SplatNative-dwmjesbccinwnzhdvkeajvbyatnj/Build/Products/Release-iphoneos/Auth.o

SwiftDriverJobDiscovery normal arm64 Compiling Constants.swift, Deprecated.swift, Exports.swift, SupabaseClient.swift, Tracing.swift, Types.swift (in target 'Supabase' from project 'Supabase')

SwiftDriver\ Compilation\ Requirements Supabase normal arm64 com.apple.xcode.tools.swift.compiler (in target 'Supabase' from project 'Supabase')
    cd /Users/runner/work/ALLSUNDAY1122.github.io/ALLSUNDAY1122.github.io/splat-native-ios/SplatNative.xcodeproj
    builtin-Swift-Compilation-Requirements -- /Applications/Xcode_16.4.app/Contents/Developer/Toolchains/XcodeDefault.xctoolchain/usr/bin/swiftc -module-name Supabase -O -whole-module-optimization -enforce-exclusivity\=checked @/Users/runner/Library/Developer/Xcode/DerivedData/SplatNative-dwmjesbccinwnzhdvkeajvbyatnj/Build/Intermediates.noindex/Supabase.build/Release-iphoneos/Supabase.build/Objects-normal/arm64/Supabase.SwiftFileList -DSWIFT_PACKAGE -DXcode -enable-upcoming-feature ExistentialAny -enable-upcoming-feature ImmutableWeakCaptures -enable-upcoming-feature InferIsolatedConformances -enable-upcoming-feature InternalImportsByDefault -enable-upcoming-feature MemberImportVisibility -plugin-path /Applications/Xcode_16.4.app/Contents/Developer/Toolchains/XcodeDefault.xctoolchain/usr/lib/swift/host/plugins/testing -enable-experimental-feature DebugDescriptionMacro -sdk /Applications/Xcode_16.4.app/Contents/Developer/Platforms/iPhoneOS.platform/Developer/SDKs/iPhoneOS18.5.sdk -target arm64-apple-ios16.0 -g -module-cache-path /Users/runner/Library/Developer/Xcode/DerivedData/ModuleCache.noindex -Xfrontend -serialize-debugging-options -suppress-warnings -swift-version 6 -I /Users/runner/Library/Developer/Xcode/DerivedData/SplatNative-dwmjesbccinwnzhdvkeajvbyatnj/Build/Products/Release-iphoneos -I /Applications/Xcode_16.4.app/Contents/Developer/Platforms/iPhoneOS.platform/Developer/usr/lib -F /Users/runner/Library/Developer/Xcode/DerivedData/SplatNative-dwmjesbccinwnzhdvkeajvbyatnj/Build/Products/Release-iphoneos/PackageFrameworks -F /Users/runner/Library/Developer/Xcode/DerivedData/SplatNative-dwmjesbccinwnzhdvkeajvbyatnj/Build/Products/Release-iphoneos/PackageFrameworks -F /Users/runner/Library/Developer/Xcode/DerivedData/SplatNative-dwmjesbccinwnzhdvkeajvbyatnj/Build/Products/Release-iphoneos/PackageFrameworks -F /Users/runner/Library/Developer/Xcode/DerivedData/SplatNative-dwmjesbccinwnzhdvkeajvbyatnj/Build/Products/Release-iphoneos/PackageFrameworks -F /Users/runner/Library/Developer/Xcode/DerivedData/SplatNative-dwmjesbccinwnzhdvkeajvbyatnj/Build/Products/Release-iphoneos/PackageFrameworks -F /Users/runner/Library/Developer/Xcode/DerivedData/SplatNative-dwmjesbccinwnzhdvkeajvbyatnj/Build/Products/Release-iphoneos/PackageFrameworks -F /Users/runner/Library/Developer/Xcode/DerivedData/SplatNative-dwmjesbccinwnzhdvkeajvbyatnj/Build/Products/Release-iphoneos/PackageFrameworks -F /Users/runner/Library/Developer/Xcode/DerivedData/SplatNative-dwmjesbccinwnzhdvkeajvbyatnj/Build/Products/Release-iphoneos/PackageFrameworks -F /Users/runner/Library/Developer/Xcode/DerivedData/SplatNative-dwmjesbccinwnzhdvkeajvbyatnj/Build/Products/Release-iphoneos/PackageFrameworks -F /Users/runner/Library/Developer/Xcode/DerivedData/SplatNative-dwmjesbccinwnzhdvkeajvbyatnj/Build/Products/Release-iphoneos/PackageFrameworks -F /Users/runner/Library/Developer/Xcode/DerivedData/SplatNative-dwmjesbccinwnzhdvkeajvbyatnj/Build/Products/Release-iphoneos/PackageFrameworks -F /Users/runner/Library/Developer/Xcode/DerivedData/SplatNative-dwmjesbccinwnzhdvkeajvbyatnj/Build/Products/Release-iphoneos/PackageFrameworks -F /Users/runner/Library/Developer/Xcode/DerivedData/SplatNative-dwmjesbccinwnzhdvkeajvbyatnj/Build/Products/Release-iphoneos/PackageFrameworks -F /Users/runner/Library/Developer/Xcode/DerivedData/SplatNative-dwmjesbccinwnzhdvkeajvbyatnj/Build/Products/Release-iphoneos -F /Applications/Xcode_16.4.app/Contents/Developer/Platforms/iPhoneOS.platform/Developer/Library/Frameworks -F /Applications/Xcode_16.4.app/Contents/Developer/Platforms/iPhoneOS.platform/Developer/SDKs/iPhoneOS18.5.sdk/Developer/Library/Frameworks -c -num-threads 3 -Xcc -ivfsstatcache -Xcc /Users/runner/Library/Developer/Xcode/DerivedData/SDKStatCaches.noindex/iphoneos18.5-22F76-a529daf784b3616c7c04a36aeb7f5c05.sdkstatcache -output-file-map /Users/runner/Library/Developer/Xcode/DerivedData/SplatNative-dwmjesbccinwnzhdvkeajvbyatnj/Build/Intermediates.noindex/Supabase.build/Release-iphoneos/Supabase.build/Objects-normal/arm64/Supabase-OutputFileMap.json -use-frontend-parseable-output -save-temps -no-color-diagnostics -serialize-diagnostics -emit-dependencies -emit-module -emit-module-path /Users/runner/Library/Developer/Xcode/DerivedData/SplatNative-dwmjesbccinwnzhdvkeajvbyatnj/Build/Intermediates.noindex/Supabase.build/Release-iphoneos/Supabase.build/Objects-normal/arm64/Supabase.swiftmodule -validate-clang-modules-once -clang-build-session-file /Users/runner/Library/Developer/Xcode/DerivedData/ModuleCache.noindex/Session.modulevalidation -package-name supabase_swift -Xcc -I/Users/runner/Library/Developer/Xcode/DerivedData/SplatNative-dwmjesbccinwnzhdvkeajvbyatnj/Build/Intermediates.noindex/Supabase.build/Release-iphoneos/Supabase.build/swift-overrides.hmap -emit-const-values -Xfrontend -const-gather-protocols-file -Xfrontend /Users/runner/Library/Developer/Xcode/DerivedData/SplatNative-dwmjesbccinwnzhdvkeajvbyatnj/Build/Intermediates.noindex/Supabase.build/Release-iphoneos/Supabase.build/Objects-normal/arm64/Supabase_const_extract_protocols.json -Xcc -I/Users/runner/Library/Developer/Xcode/DerivedData/SplatNative-dwmjesbccinwnzhdvkeajvbyatnj/Build/Products/Release-iphoneos/include -Xcc -I/Users/runner/Library/Developer/Xcode/DerivedData/SplatNative-dwmjesbccinwnzhdvkeajvbyatnj/Build/Intermediates.noindex/Supabase.build/Release-iphoneos/Supabase.build/DerivedSources-normal/arm64 -Xcc -I/Users/runner/Library/Developer/Xcode/DerivedData/SplatNative-dwmjesbccinwnzhdvkeajvbyatnj/Build/Intermediates.noindex/Supabase.build/Release-iphoneos/Supabase.build/DerivedSources/arm64 -Xcc -I/Users/runner/Library/Developer/Xcode/DerivedData/SplatNative-dwmjesbccinwnzhdvkeajvbyatnj/Build/Intermediates.noindex/Supabase.build/Release-iphoneos/Supabase.build/DerivedSources -Xcc -DSWIFT_PACKAGE -emit-objc-header -emit-objc-header-path /Users/runner/Library/Developer/Xcode/DerivedData/SplatNative-dwmjesbccinwnzhdvkeajvbyatnj/Build/Intermediates.noindex/Supabase.build/Release-iphoneos/Supabase.build/Objects-normal/arm64/Supabase-Swift.h -working-directory /Users/runner/work/ALLSUNDAY1122.github.io/ALLSUNDAY1122.github.io/splat-native-ios/SplatNative.xcodeproj -no-emit-module-separately-wmo

SwiftMergeGeneratedHeaders /Users/runner/Library/Developer/Xcode/DerivedData/SplatNative-dwmjesbccinwnzhdvkeajvbyatnj/Build/Intermediates.noindex/GeneratedModuleMaps-iphoneos/Supabase-Swift.h /Users/runner/Library/Developer/Xcode/DerivedData/SplatNative-dwmjesbccinwnzhdvkeajvbyatnj/Build/Intermediates.noindex/Supabase.build/Release-iphoneos/Supabase.build/Objects-normal/arm64/Supabase-Swift.h (in target 'Supabase' from project 'Supabase')
    cd /Users/runner/Library/Developer/Xcode/DerivedData/SplatNative-dwmjesbccinwnzhdvkeajvbyatnj/SourcePackages/checkouts/supabase-swift
    builtin-swiftHeaderTool -arch arm64 /Users/runner/Library/Developer/Xcode/DerivedData/SplatNative-dwmjesbccinwnzhdvkeajvbyatnj/Build/Intermediates.noindex/Supabase.build/Release-iphoneos/Supabase.build/Objects-normal/arm64/Supabase-Swift.h -o /Users/runner/Library/Developer/Xcode/DerivedData/SplatNative-dwmjesbccinwnzhdvkeajvbyatnj/Build/Intermediates.noindex/GeneratedModuleMaps-iphoneos/Supabase-Swift.h

Copy /Users/runner/Library/Developer/Xcode/DerivedData/SplatNative-dwmjesbccinwnzhdvkeajvbyatnj/Build/Products/Release-iphoneos/Supabase.swiftmodule/arm64-apple-ios.swiftmodule /Users/runner/Library/Developer/Xcode/DerivedData/SplatNative-dwmjesbccinwnzhdvkeajvbyatnj/Build/Intermediates.noindex/Supabase.build/Release-iphoneos/Supabase.build/Objects-normal/arm64/Supabase.swiftmodule (in target 'Supabase' from project 'Supabase')
    cd /Users/runner/Library/Developer/Xcode/DerivedData/SplatNative-dwmjesbccinwnzhdvkeajvbyatnj/SourcePackages/checkouts/supabase-swift
    builtin-copy -exclude .DS_Store -exclude CVS -exclude .svn -exclude .git -exclude .hg -strip-unsigned-binaries -strip-deterministic -strip-tool /Applications/Xcode_16.4.app/Contents/Developer/Toolchains/XcodeDefault.xctoolchain/usr/bin/strip -resolve-src-symlinks -rename /Users/runner/Library/Developer/Xcode/DerivedData/SplatNative-dwmjesbccinwnzhdvkeajvbyatnj/Build/Intermediates.noindex/Supabase.build/Release-iphoneos/Supabase.build/Objects-normal/arm64/Supabase.swiftmodule /Users/runner/Library/Developer/Xcode/DerivedData/SplatNative-dwmjesbccinwnzhdvkeajvbyatnj/Build/Products/Release-iphoneos/Supabase.swiftmodule/arm64-apple-ios.swiftmodule

Copy /Users/runner/Library/Developer/Xcode/DerivedData/SplatNative-dwmjesbccinwnzhdvkeajvbyatnj/Build/Products/Release-iphoneos/Supabase.swiftmodule/arm64-apple-ios.swiftdoc /Users/runner/Library/Developer/Xcode/DerivedData/SplatNative-dwmjesbccinwnzhdvkeajvbyatnj/Build/Intermediates.noindex/Supabase.build/Release-iphoneos/Supabase.build/Objects-normal/arm64/Supabase.swiftdoc (in target 'Supabase' from project 'Supabase')
    cd /Users/runner/Library/Developer/Xcode/DerivedData/SplatNative-dwmjesbccinwnzhdvkeajvbyatnj/SourcePackages/checkouts/supabase-swift
    builtin-copy -exclude .DS_Store -exclude CVS -exclude .svn -exclude .git -exclude .hg -strip-unsigned-binaries -strip-deterministic -strip-tool /Applications/Xcode_16.4.app/Contents/Developer/Toolchains/XcodeDefault.xctoolchain/usr/bin/strip -resolve-src-symlinks -rename /Users/runner/Library/Developer/Xcode/DerivedData/SplatNative-dwmjesbccinwnzhdvkeajvbyatnj/Build/Intermediates.noindex/Supabase.build/Release-iphoneos/Supabase.build/Objects-normal/arm64/Supabase.swiftdoc /Users/runner/Library/Developer/Xcode/DerivedData/SplatNative-dwmjesbccinwnzhdvkeajvbyatnj/Build/Products/Release-iphoneos/Supabase.swiftmodule/arm64-apple-ios.swiftdoc

Copy /Users/runner/Library/Developer/Xcode/DerivedData/SplatNative-dwmjesbccinwnzhdvkeajvbyatnj/Build/Products/Release-iphoneos/Supabase.swiftmodule/arm64-apple-ios.abi.json /Users/runner/Library/Developer/Xcode/DerivedData/SplatNative-dwmjesbccinwnzhdvkeajvbyatnj/Build/Intermediates.noindex/Supabase.build/Release-iphoneos/Supabase.build/Objects-normal/arm64/Supabase.abi.json (in target 'Supabase' from project 'Supabase')
    cd /Users/runner/Library/Developer/Xcode/DerivedData/SplatNative-dwmjesbccinwnzhdvkeajvbyatnj/SourcePackages/checkouts/supabase-swift
    builtin-copy -exclude .DS_Store -exclude CVS -exclude .svn -exclude .git -exclude .hg -strip-unsigned-binaries -strip-deterministic -strip-tool /Applications/Xcode_16.4.app/Contents/Developer/Toolchains/XcodeDefault.xctoolchain/usr/bin/strip -resolve-src-symlinks -rename /Users/runner/Library/Developer/Xcode/DerivedData/SplatNative-dwmjesbccinwnzhdvkeajvbyatnj/Build/Intermediates.noindex/Supabase.build/Release-iphoneos/Supabase.build/Objects-normal/arm64/Supabase.abi.json /Users/runner/Library/Developer/Xcode/DerivedData/SplatNative-dwmjesbccinwnzhdvkeajvbyatnj/Build/Products/Release-iphoneos/Supabase.swiftmodule/arm64-apple-ios.abi.json

Copy /Users/runner/Library/Developer/Xcode/DerivedData/SplatNative-dwmjesbccinwnzhdvkeajvbyatnj/Build/Products/Release-iphoneos/Supabase.swiftmodule/Project/arm64-apple-ios.swiftsourceinfo /Users/runner/Library/Developer/Xcode/DerivedData/SplatNative-dwmjesbccinwnzhdvkeajvbyatnj/Build/Intermediates.noindex/Supabase.build/Release-iphoneos/Supabase.build/Objects-normal/arm64/Supabase.swiftsourceinfo (in target 'Supabase' from project 'Supabase')
    cd /Users/runner/Library/Developer/Xcode/DerivedData/SplatNative-dwmjesbccinwnzhdvkeajvbyatnj/SourcePackages/checkouts/supabase-swift
    builtin-copy -exclude .DS_Store -exclude CVS -exclude .svn -exclude .git -exclude .hg -strip-unsigned-binaries -strip-deterministic -strip-tool /Applications/Xcode_16.4.app/Contents/Developer/Toolchains/XcodeDefault.xctoolchain/usr/bin/strip -resolve-src-symlinks -rename /Users/runner/Library/Developer/Xcode/DerivedData/SplatNative-dwmjesbccinwnzhdvkeajvbyatnj/Build/Intermediates.noindex/Supabase.build/Release-iphoneos/Supabase.build/Objects-normal/arm64/Supabase.swiftsourceinfo /Users/runner/Library/Developer/Xcode/DerivedData/SplatNative-dwmjesbccinwnzhdvkeajvbyatnj/Build/Products/Release-iphoneos/Supabase.swiftmodule/Project/arm64-apple-ios.swiftsourceinfo

Ld /Users/runner/Library/Developer/Xcode/DerivedData/SplatNative-dwmjesbccinwnzhdvkeajvbyatnj/Build/Products/Release-iphoneos/Supabase.o normal (in target 'Supabase' from project 'Supabase')
    cd /Users/runner/Library/Developer/Xcode/DerivedData/SplatNative-dwmjesbccinwnzhdvkeajvbyatnj/SourcePackages/checkouts/supabase-swift
    /Applications/Xcode_16.4.app/Contents/Developer/Toolchains/XcodeDefault.xctoolchain/usr/bin/clang -Xlinker -reproducible -target arm64-apple-ios16.0 -r -isysroot /Applications/Xcode_16.4.app/Contents/Developer/Platforms/iPhoneOS.platform/Developer/SDKs/iPhoneOS18.5.sdk -Os -w -L/Users/runner/Library/Developer/Xcode/DerivedData/SplatNative-dwmjesbccinwnzhdvkeajvbyatnj/Build/Intermediates.noindex/EagerLinkingTBDs/Release-iphoneos -L/Users/runner/Library/Developer/Xcode/DerivedData/SplatNative-dwmjesbccinwnzhdvkeajvbyatnj/Build/Products/Release-iphoneos -L/Applications/Xcode_16.4.app/Contents/Developer/Platforms/iPhoneOS.platform/Developer/usr/lib -F/Users/runner/Library/Developer/Xcode/DerivedData/SplatNative-dwmjesbccinwnzhdvkeajvbyatnj/Build/Intermediates.noindex/EagerLinkingTBDs/Release-iphoneos -F/Users/runner/Library/Developer/Xcode/DerivedData/SplatNative-dwmjesbccinwnzhdvkeajvbyatnj/Build/Products/Release-iphoneos/PackageFrameworks -F/Users/runner/Library/Developer/Xcode/DerivedData/SplatNative-dwmjesbccinwnzhdvkeajvbyatnj/Build/Products/Release-iphoneos/PackageFrameworks -F/Users/runner/Library/Developer/Xcode/DerivedData/SplatNative-dwmjesbccinwnzhdvkeajvbyatnj/Build/Products/Release-iphoneos/PackageFrameworks -F/Users/runner/Library/Developer/Xcode/DerivedData/SplatNative-dwmjesbccinwnzhdvkeajvbyatnj/Build/Products/Release-iphoneos/PackageFrameworks -F/Users/runner/Library/Developer/Xcode/DerivedData/SplatNative-dwmjesbccinwnzhdvkeajvbyatnj/Build/Products/Release-iphoneos/PackageFrameworks -F/Users/runner/Library/Developer/Xcode/DerivedData/SplatNative-dwmjesbccinwnzhdvkeajvbyatnj/Build/Products/Release-iphoneos/PackageFrameworks -F/Users/runner/Library/Developer/Xcode/DerivedData/SplatNative-dwmjesbccinwnzhdvkeajvbyatnj/Build/Products/Release-iphoneos/PackageFrameworks -F/Users/runner/Library/Developer/Xcode/DerivedData/SplatNative-dwmjesbccinwnzhdvkeajvbyatnj/Build/Products/Release-iphoneos/PackageFrameworks -F/Users/runner/Library/Developer/Xcode/DerivedData/SplatNative-dwmjesbccinwnzhdvkeajvbyatnj/Build/Products/Release-iphoneos/PackageFrameworks -F/Users/runner/Library/Developer/Xcode/DerivedData/SplatNative-dwmjesbccinwnzhdvkeajvbyatnj/Build/Products/Release-iphoneos/PackageFrameworks -F/Users/runner/Library/Developer/Xcode/DerivedData/SplatNative-dwmjesbccinwnzhdvkeajvbyatnj/Build/Products/Release-iphoneos/PackageFrameworks -F/Users/runner/Library/Developer/Xcode/DerivedData/SplatNative-dwmjesbccinwnzhdvkeajvbyatnj/Build/Products/Release-iphoneos/PackageFrameworks -F/Users/runner/Library/Developer/Xcode/DerivedData/SplatNative-dwmjesbccinwnzhdvkeajvbyatnj/Build/Products/Release-iphoneos/PackageFrameworks -F/Users/runner/Library/Developer/Xcode/DerivedData/SplatNative-dwmjesbccinwnzhdvkeajvbyatnj/Build/Products/Release-iphoneos -iframework /Applications/Xcode_16.4.app/Contents/Developer/Platforms/iPhoneOS.platform/Developer/Library/Frameworks -iframework /Applications/Xcode_16.4.app/Contents/Developer/Platforms/iPhoneOS.platform/Developer/SDKs/iPhoneOS18.5.sdk/Developer/Library/Frameworks -filelist /Users/runner/Library/Developer/Xcode/DerivedData/SplatNative-dwmjesbccinwnzhdvkeajvbyatnj/Build/Intermediates.noindex/Supabase.build/Release-iphoneos/Supabase.build/Objects-normal/arm64/Supabase.LinkFileList -nostdlib -Xlinker -object_path_lto -Xlinker /Users/runner/Library/Developer/Xcode/DerivedData/SplatNative-dwmjesbccinwnzhdvkeajvbyatnj/Build/Intermediates.noindex/Supabase.build/Release-iphoneos/Supabase.build/Objects-normal/arm64/Supabase_lto.o -Xlinker -dependency_info -Xlinker /Users/runner/Library/Developer/Xcode/DerivedData/SplatNative-dwmjesbccinwnzhdvkeajvbyatnj/Build/Intermediates.noindex/Supabase.build/Release-iphoneos/Supabase.build/Objects-normal/arm64/Supabase_dependency_info.dat -fobjc-link-runtime -L/Applications/Xcode_16.4.app/Contents/Developer/Toolchains/XcodeDefault.xctoolchain/usr/lib/swift/iphoneos -L/usr/lib/swift -Xlinker -add_ast_path -Xlinker /Users/runner/Library/Developer/Xcode/DerivedData/SplatNative-dwmjesbccinwnzhdvkeajvbyatnj/Build/Intermediates.noindex/Supabase.build/Release-iphoneos/Supabase.build/Objects-normal/arm64/Supabase.swiftmodule -o /Users/runner/Library/Developer/Xcode/DerivedData/SplatNative-dwmjesbccinwnzhdvkeajvbyatnj/Build/Products/Release-iphoneos/Supabase.o

MkDir /Users/runner/Library/Developer/Xcode/DerivedData/SplatNative-dwmjesbccinwnzhdvkeajvbyatnj/Build/Intermediates.noindex/SplatNative.build/Release-iphoneos/SplatNative.build/assetcatalog_output/unthinned (in target 'SplatNative' from project 'SplatNative')
    cd /Users/runner/work/ALLSUNDAY1122.github.io/ALLSUNDAY1122.github.io/splat-native-ios
    /bin/mkdir -p /Users/runner/Library/Developer/Xcode/DerivedData/SplatNative-dwmjesbccinwnzhdvkeajvbyatnj/Build/Intermediates.noindex/SplatNative.build/Release-iphoneos/SplatNative.build/assetcatalog_output/unthinned

MkDir /Users/runner/Library/Developer/Xcode/DerivedData/SplatNative-dwmjesbccinwnzhdvkeajvbyatnj/Build/Intermediates.noindex/SplatNative.build/Release-iphoneos/SplatNative.build/assetcatalog_output/thinned (in target 'SplatNative' from project 'SplatNative')
    cd /Users/runner/work/ALLSUNDAY1122.github.io/ALLSUNDAY1122.github.io/splat-native-ios
    /bin/mkdir -p /Users/runner/Library/Developer/Xcode/DerivedData/SplatNative-dwmjesbccinwnzhdvkeajvbyatnj/Build/Intermediates.noindex/SplatNative.build/Release-iphoneos/SplatNative.build/assetcatalog_output/thinned

GenerateAssetSymbols /Users/runner/work/ALLSUNDAY1122.github.io/ALLSUNDAY1122.github.io/splat-native-ios/SplatNative/Assets.xcassets (in target 'SplatNative' from project 'SplatNative')
    cd /Users/runner/work/ALLSUNDAY1122.github.io/ALLSUNDAY1122.github.io/splat-native-ios
    /Applications/Xcode_16.4.app/Contents/Developer/usr/bin/actool /Users/runner/work/ALLSUNDAY1122.github.io/ALLSUNDAY1122.github.io/splat-native-ios/SplatNative/Assets.xcassets --compile /Users/runner/Library/Developer/Xcode/DerivedData/SplatNative-dwmjesbccinwnzhdvkeajvbyatnj/Build/Products/Release-iphoneos/Splat\ Lab\ Native.app --output-format human-readable-text --notices --warnings --export-dependency-info /Users/runner/Library/Developer/Xcode/DerivedData/SplatNative-dwmjesbccinwnzhdvkeajvbyatnj/Build/Intermediates.noindex/SplatNative.build/Release-iphoneos/SplatNative.build/assetcatalog_dependencies --output-partial-info-plist /Users/runner/Library/Developer/Xcode/DerivedData/SplatNative-dwmjesbccinwnzhdvkeajvbyatnj/Build/Intermediates.noindex/SplatNative.build/Release-iphoneos/SplatNative.build/assetcatalog_generated_info.plist --app-icon AppIcon --compress-pngs --enable-on-demand-resources YES --development-region en --target-device iphone --minimum-deployment-target 18.0 --platform iphoneos --bundle-identifier jp.allsunday1122.splatlab --generate-swift-asset-symbol-extensions NO --generate-swift-asset-symbols /Users/runner/Library/Developer/Xcode/DerivedData/SplatNative-dwmjesbccinwnzhdvkeajvbyatnj/Build/Intermediates.noindex/SplatNative.build/Release-iphoneos/SplatNative.build/DerivedSources/GeneratedAssetSymbols.swift --generate-objc-asset-symbols /Users/runner/Library/Developer/Xcode/DerivedData/SplatNative-dwmjesbccinwnzhdvkeajvbyatnj/Build/Intermediates.noindex/SplatNative.build/Release-iphoneos/SplatNative.build/DerivedSources/GeneratedAssetSymbols.h --generate-asset-symbol-index /Users/runner/Library/Developer/Xcode/DerivedData/SplatNative-dwmjesbccinwnzhdvkeajvbyatnj/Build/Intermediates.noindex/SplatNative.build/Release-iphoneos/SplatNative.build/DerivedSources/GeneratedAssetSymbols-Index.plist
/* com.apple.actool.document.warnings */
/Users/runner/work/ALLSUNDAY1122.github.io/ALLSUNDAY1122.github.io/splat-native-ios/SplatNative/Assets.xcassets:./AppIcon.appiconset/[ios][universal][1024x1024][][][][][][][]: warning: The file "AppIcon-1024.png" for the image set "AppIcon" does not exist.
/* com.apple.actool.compilation-results */
/Users/runner/Library/Developer/Xcode/DerivedData/SplatNative-dwmjesbccinwnzhdvkeajvbyatnj/Build/Intermediates.noindex/SplatNative.build/Release-iphoneos/SplatNative.build/DerivedSources/GeneratedAssetSymbols-Index.plist
/Users/runner/Library/Developer/Xcode/DerivedData/SplatNative-dwmjesbccinwnzhdvkeajvbyatnj/Build/Intermediates.noindex/SplatNative.build/Release-iphoneos/SplatNative.build/DerivedSources/GeneratedAssetSymbols.h
/Users/runner/Library/Developer/Xcode/DerivedData/SplatNative-dwmjesbccinwnzhdvkeajvbyatnj/Build/Intermediates.noindex/SplatNative.build/Release-iphoneos/SplatNative.build/DerivedSources/GeneratedAssetSymbols.swift


CompileAssetCatalogVariant thinned /Users/runner/Library/Developer/Xcode/DerivedData/SplatNative-dwmjesbccinwnzhdvkeajvbyatnj/Build/Products/Release-iphoneos/Splat\ Lab\ Native.app /Users/runner/work/ALLSUNDAY1122.github.io/ALLSUNDAY1122.github.io/splat-native-ios/SplatNative/Assets.xcassets (in target 'SplatNative' from project 'SplatNative')
    cd /Users/runner/work/ALLSUNDAY1122.github.io/ALLSUNDAY1122.github.io/splat-native-ios
    /Applications/Xcode_16.4.app/Contents/Developer/usr/bin/actool /Users/runner/work/ALLSUNDAY1122.github.io/ALLSUNDAY1122.github.io/splat-native-ios/SplatNative/Assets.xcassets --compile /Users/runner/Library/Developer/Xcode/DerivedData/SplatNative-dwmjesbccinwnzhdvkeajvbyatnj/Build/Intermediates.noindex/SplatNative.build/Release-iphoneos/SplatNative.build/assetcatalog_output/thinned --output-format human-readable-text --notices --warnings --export-dependency-info /Users/runner/Library/Developer/Xcode/DerivedData/SplatNative-dwmjesbccinwnzhdvkeajvbyatnj/Build/Intermediates.noindex/SplatNative.build/Release-iphoneos/SplatNative.build/assetcatalog_dependencies_thinned --output-partial-info-plist /Users/runner/Library/Developer/Xcode/DerivedData/SplatNative-dwmjesbccinwnzhdvkeajvbyatnj/Build/Intermediates.noindex/SplatNative.build/Release-iphoneos/SplatNative.build/assetcatalog_generated_info.plist_thinned --app-icon AppIcon --compress-pngs --enable-on-demand-resources YES --development-region en --target-device iphone --minimum-deployment-target 18.0 --platform iphoneos
/* com.apple.actool.document.warnings */
/Users/runner/work/ALLSUNDAY1122.github.io/ALLSUNDAY1122.github.io/splat-native-ios/SplatNative/Assets.xcassets:./AppIcon.appiconset/[ios][universal][1024x1024][][][][][][][]: warning: The file "AppIcon-1024.png" for the image set "AppIcon" does not exist.
/* com.apple.actool.compilation-results */
/Users/runner/Library/Developer/Xcode/DerivedData/SplatNative-dwmjesbccinwnzhdvkeajvbyatnj/Build/Intermediates.noindex/SplatNative.build/Release-iphoneos/SplatNative.build/assetcatalog_generated_info.plist_thinned


ExtractAppIntentsMetadata (in target 'Supabase' from project 'Supabase')
    cd /Users/runner/Library/Developer/Xcode/DerivedData/SplatNative-dwmjesbccinwnzhdvkeajvbyatnj/SourcePackages/checkouts/supabase-swift
    /Applications/Xcode_16.4.app/Contents/Developer/Toolchains/XcodeDefault.xctoolchain/usr/bin/appintentsmetadataprocessor --toolchain-dir /Applications/Xcode_16.4.app/Contents/Developer/Toolchains/XcodeDefault.xctoolchain --module-name Supabase --sdk-root /Applications/Xcode_16.4.app/Contents/Developer/Platforms/iPhoneOS.platform/Developer/SDKs/iPhoneOS18.5.sdk --xcode-version 16F6 --platform-family iOS --deployment-target 16.0 --bundle-identifier supabase-swift.Supabase --output /Users/runner/Library/Developer/Xcode/DerivedData/SplatNative-dwmjesbccinwnzhdvkeajvbyatnj/Build/Products/Release-iphoneos/Supabase.appintents --target-triple arm64-apple-ios16.0 --binary-file /Users/runner/Library/Developer/Xcode/DerivedData/SplatNative-dwmjesbccinwnzhdvkeajvbyatnj/Build/Products/Release-iphoneos/Supabase.o --dependency-file /Users/runner/Library/Developer/Xcode/DerivedData/SplatNative-dwmjesbccinwnzhdvkeajvbyatnj/Build/Intermediates.noindex/Supabase.build/Release-iphoneos/Supabase.build/Objects-normal/arm64/Supabase_dependency_info.dat --stringsdata-file /Users/runner/Library/Developer/Xcode/DerivedData/SplatNative-dwmjesbccinwnzhdvkeajvbyatnj/Build/Intermediates.noindex/Supabase.build/Release-iphoneos/Supabase.build/Objects-normal/arm64/ExtractedAppShortcutsMetadata.stringsdata --source-file-list /Users/runner/Library/Developer/Xcode/DerivedData/SplatNative-dwmjesbccinwnzhdvkeajvbyatnj/Build/Intermediates.noindex/Supabase.build/Release-iphoneos/Supabase.build/Objects-normal/arm64/Supabase.SwiftFileList --metadata-file-list /Users/runner/Library/Developer/Xcode/DerivedData/SplatNative-dwmjesbccinwnzhdvkeajvbyatnj/Build/Intermediates.noindex/Supabase.build/Release-iphoneos/Supabase.build/Supabase.DependencyMetadataFileList --static-metadata-file-list /Users/runner/Library/Developer/Xcode/DerivedData/SplatNative-dwmjesbccinwnzhdvkeajvbyatnj/Build/Intermediates.noindex/Supabase.build/Release-iphoneos/Supabase.build/Supabase.DependencyStaticMetadataFileList --swift-const-vals-list /Users/runner/Library/Developer/Xcode/DerivedData/SplatNative-dwmjesbccinwnzhdvkeajvbyatnj/Build/Intermediates.noindex/Supabase.build/Release-iphoneos/Supabase.build/Objects-normal/arm64/Supabase.SwiftConstValuesFileList --force --compile-time-extraction --deployment-aware-processing --validate-assistant-intents --no-app-shortcuts-localization
2026-09-16 08:12:59.857 appintentsmetadataprocessor[4769:17265] Starting appintentsmetadataprocessor export
2026-09-16 08:12:59.975 appintentsmetadataprocessor[4769:17265] Extracted no relevant App Intents symbols, skipping writing output

SwiftDriver SplatNative normal arm64 com.apple.xcode.tools.swift.compiler (in target 'SplatNative' from project 'SplatNative')
    cd /Users/runner/work/ALLSUNDAY1122.github.io/ALLSUNDAY1122.github.io/splat-native-ios
    builtin-SwiftDriver -- /Applications/Xcode_16.4.app/Contents/Developer/Toolchains/XcodeDefault.xctoolchain/usr/bin/swiftc -module-name Splat_Lab_Native -O -whole-module-optimization -enforce-exclusivity\=checked @/Users/runner/Library/Developer/Xcode/DerivedData/SplatNative-dwmjesbccinwnzhdvkeajvbyatnj/Build/Intermediates.noindex/SplatNative.build/Release-iphoneos/SplatNative.build/Objects-normal/arm64/Splat\ Lab\ Native.SwiftFileList -Xcc -fmodule-map-file\=/Users/runner/Library/Developer/Xcode/DerivedData/SplatNative-dwmjesbccinwnzhdvkeajvbyatnj/Build/Intermediates.noindex/GeneratedModuleMaps-iphoneos/MsplatCore.modulemap -enable-experimental-feature DebugDescriptionMacro -sdk /Applications/Xcode_16.4.app/Contents/Developer/Platforms/iPhoneOS.platform/Developer/SDKs/iPhoneOS18.5.sdk -target arm64-apple-ios18.0 -g -module-cache-path /Users/runner/Library/Developer/Xcode/DerivedData/ModuleCache.noindex -Xfrontend -serialize-debugging-options -swift-version 6 -I /Users/runner/Library/Developer/Xcode/DerivedData/SplatNative-dwmjesbccinwnzhdvkeajvbyatnj/Build/Products/Release-iphoneos -F /Users/runner/Library/Developer/Xcode/DerivedData/SplatNative-dwmjesbccinwnzhdvkeajvbyatnj/Build/Products/Release-iphoneos/PackageFrameworks -F /Users/runner/Library/Developer/Xcode/DerivedData/SplatNative-dwmjesbccinwnzhdvkeajvbyatnj/Build/Products/Release-iphoneos/PackageFrameworks -F /Users/runner/Library/Developer/Xcode/DerivedData/SplatNative-dwmjesbccinwnzhdvkeajvbyatnj/Build/Products/Release-iphoneos/PackageFrameworks -F /Users/runner/Library/Developer/Xcode/DerivedData/SplatNative-dwmjesbccinwnzhdvkeajvbyatnj/Build/Products/Release-iphoneos/PackageFrameworks -F /Users/runner/Library/Developer/Xcode/DerivedData/SplatNative-dwmjesbccinwnzhdvkeajvbyatnj/Build/Products/Release-iphoneos/PackageFrameworks -F /Users/runner/Library/Developer/Xcode/DerivedData/SplatNative-dwmjesbccinwnzhdvkeajvbyatnj/Build/Products/Release-iphoneos/PackageFrameworks -F /Users/runner/Library/Developer/Xcode/DerivedData/SplatNative-dwmjesbccinwnzhdvkeajvbyatnj/Build/Products/Release-iphoneos/PackageFrameworks -F /Users/runner/Library/Developer/Xcode/DerivedData/SplatNative-dwmjesbccinwnzhdvkeajvbyatnj/Build/Products/Release-iphoneos/PackageFrameworks -F /Users/runner/Library/Developer/Xcode/DerivedData/SplatNative-dwmjesbccinwnzhdvkeajvbyatnj/Build/Products/Release-iphoneos/PackageFrameworks -F /Users/runner/Library/Developer/Xcode/DerivedData/SplatNative-dwmjesbccinwnzhdvkeajvbyatnj/Build/Products/Release-iphoneos/PackageFrameworks -F /Users/runner/Library/Developer/Xcode/DerivedData/SplatNative-dwmjesbccinwnzhdvkeajvbyatnj/Build/Products/Release-iphoneos/PackageFrameworks -F /Users/runner/Library/Developer/Xcode/DerivedData/SplatNative-dwmjesbccinwnzhdvkeajvbyatnj/Build/Products/Release-iphoneos/PackageFrameworks -F /Users/runner/Library/Developer/Xcode/DerivedData/SplatNative-dwmjesbccinwnzhdvkeajvbyatnj/Build/Products/Release-iphoneos/PackageFrameworks -F /Users/runner/Library/Developer/Xcode/DerivedData/SplatNative-dwmjesbccinwnzhdvkeajvbyatnj/Build/Products/Release-iphoneos/PackageFrameworks -F /Users/runner/Library/Developer/Xcode/DerivedData/SplatNative-dwmjesbccinwnzhdvkeajvbyatnj/Build/Products/Release-iphoneos/PackageFrameworks -F /Users/runner/Library/Developer/Xcode/DerivedData/SplatNative-dwmjesbccinwnzhdvkeajvbyatnj/Build/Products/Release-iphoneos/PackageFrameworks -F /Users/runner/Library/Developer/Xcode/DerivedData/SplatNative-dwmjesbccinwnzhdvkeajvbyatnj/Build/Products/Release-iphoneos/PackageFrameworks -F /Users/runner/Library/Developer/Xcode/DerivedData/SplatNative-dwmjesbccinwnzhdvkeajvbyatnj/Build/Products/Release-iphoneos/PackageFrameworks -F /Users/runner/Library/Developer/Xcode/DerivedData/SplatNative-dwmjesbccinwnzhdvkeajvbyatnj/Build/Products/Release-iphoneos/PackageFrameworks -F /Users/runner/Library/Developer/Xcode/DerivedData/SplatNative-dwmjesbccinwnzhdvkeajvbyatnj/Build/Products/Release-iphoneos/PackageFrameworks -F /Users/runner/Library/Developer/Xcode/DerivedData/SplatNative-dwmjesbccinwnzhdvkeajvbyatnj/Build/Products/Release-iphoneos -c -num-threads 3 -Xcc -ivfsstatcache -Xcc /Users/runner/Library/Developer/Xcode/DerivedData/SDKStatCaches.noindex/iphoneos18.5-22F76-a529daf784b3616c7c04a36aeb7f5c05.sdkstatcache -output-file-map /Users/runner/Library/Developer/Xcode/DerivedData/SplatNative-dwmjesbccinwnzhdvkeajvbyatnj/Build/Intermediates.noindex/SplatNative.build/Release-iphoneos/SplatNative.build/Objects-normal/arm64/SplatNative-OutputFileMap.json -use-frontend-parseable-output -save-temps -no-color-diagnostics -serialize-diagnostics -emit-dependencies -emit-module -emit-module-path /Users/runner/Library/Developer/Xcode/DerivedData/SplatNative-dwmjesbccinwnzhdvkeajvbyatnj/Build/Intermediates.noindex/SplatNative.build/Release-iphoneos/SplatNative.build/Objects-normal/arm64/Splat_Lab_Native.swiftmodule -validate-clang-modules-once -clang-build-session-file /Users/runner/Library/Developer/Xcode/DerivedData/ModuleCache.noindex/Session.modulevalidation -Xcc -I/Users/runner/Library/Developer/Xcode/DerivedData/SplatNative-dwmjesbccinwnzhdvkeajvbyatnj/Build/Intermediates.noindex/SplatNative.build/Release-iphoneos/SplatNative.build/swift-overrides.hmap -emit-const-values -Xfrontend -const-gather-protocols-file -Xfrontend /Users/runner/Library/Developer/Xcode/DerivedData/SplatNative-dwmjesbccinwnzhdvkeajvbyatnj/Build/Intermediates.noindex/SplatNative.build/Release-iphoneos/SplatNative.build/Objects-normal/arm64/SplatNative_const_extract_protocols.json -Xcc -iquote -Xcc /Users/runner/Library/Developer/Xcode/DerivedData/SplatNative-dwmjesbccinwnzhdvkeajvbyatnj/Build/Intermediates.noindex/SplatNative.build/Release-iphoneos/SplatNative.build/Splat\ Lab\ Native-generated-files.hmap -Xcc -I/Users/runner/Library/Developer/Xcode/DerivedData/SplatNative-dwmjesbccinwnzhdvkeajvbyatnj/Build/Intermediates.noindex/SplatNative.build/Release-iphoneos/SplatNative.build/Splat\ Lab\ Native-own-target-headers.hmap -Xcc -I/Users/runner/Library/Developer/Xcode/DerivedData/SplatNative-dwmjesbccinwnzhdvkeajvbyatnj/Build/Intermediates.noindex/SplatNative.build/Release-iphoneos/SplatNative.build/Splat\ Lab\ Native-all-non-framework-target-headers.hmap -Xcc -ivfsoverlay -Xcc /Users/runner/Library/Developer/Xcode/DerivedData/SplatNative-dwmjesbccinwnzhdvkeajvbyatnj/Build/Intermediates.noindex/SplatNative.build/Release-iphoneos/SplatNative-0129da033c31a23b22df2bed4ab3eef4-VFS-iphoneos/all-product-headers.yaml -Xcc -iquote -Xcc /Users/runner/Library/Developer/Xcode/DerivedData/SplatNative-dwmjesbccinwnzhdvkeajvbyatnj/Build/Intermediates.noindex/SplatNative.build/Release-iphoneos/SplatNative.build/Splat\ Lab\ Native-project-headers.hmap -Xcc -I/Users/runner/work/ALLSUNDAY1122.github.io/ALLSUNDAY1122.github.io/splat-native-ios/Packages/MsplatMemory/Sources/MsplatCore/include -Xcc -I/Users/runner/Library/Developer/Xcode/DerivedData/SplatNative-dwmjesbccinwnzhdvkeajvbyatnj/Build/Products/Release-iphoneos/include -Xcc -I/Users/runner/Library/Developer/Xcode/DerivedData/SplatNative-dwmjesbccinwnzhdvkeajvbyatnj/Build/Intermediates.noindex/SplatNative.build/Release-iphoneos/SplatNative.build/DerivedSources-normal/arm64 -Xcc -I/Users/runner/Library/Developer/Xcode/DerivedData/SplatNative-dwmjesbccinwnzhdvkeajvbyatnj/Build/Intermediates.noindex/SplatNative.build/Release-iphoneos/SplatNative.build/DerivedSources/arm64 -Xcc -I/Users/runner/Library/Developer/Xcode/DerivedData/SplatNative-dwmjesbccinwnzhdvkeajvbyatnj/Build/Intermediates.noindex/SplatNative.build/Release-iphoneos/SplatNative.build/DerivedSources -emit-objc-header -emit-objc-header-path /Users/runner/Library/Developer/Xcode/DerivedData/SplatNative-dwmjesbccinwnzhdvkeajvbyatnj/Build/Intermediates.noindex/SplatNative.build/Release-iphoneos/SplatNative.build/Objects-normal/arm64/Splat_Lab_Native-Swift.h -working-directory /Users/runner/work/ALLSUNDAY1122.github.io/ALLSUNDAY1122.github.io/splat-native-ios -no-emit-module-separately-wmo

SwiftCompile normal arm64 Compiling\ CapturePolicy.swift,\ ContentView.swift,\ IntegratedScanLabShellView.swift,\ MeshARViewer.swift,\ MeshAdvancedSupervisor.swift,\ MeshAppearanceEditor.swift,\ MeshAssetContract+MeshScanModel.swift,\ MeshAssetContract.swift,\ MeshCaptureCoveragePolicy.swift,\ MeshCaptureQualityAdvisor.swift,\ MeshDenseMVS.swift,\ MeshDenseTextureBaker.swift,\ MeshDepthPayload.swift,\ MeshDepthRecorder.swift,\ MeshDetailSimplifier.swift,\ MeshDurabilityCoordinator.swift,\ MeshDurabilityRecoveryStore.swift,\ MeshExportAdmission.swift,\ MeshExportMemoryPolicy.swift,\ MeshExportOptionsView.swift,\ MeshExportService.swift,\ MeshFrameJPEGEncoder.swift,\ MeshGeometryRefiner.swift,\ MeshLiDARDenseFusion.swift,\ MeshLibraryView.swift,\ MeshOBJShareBundle.swift,\ MeshParityAuditor.swift,\ MeshPointCloudExportService.swift,\ MeshProjectIntegrity.swift,\ MeshProjectStore.swift,\ MeshRGBTextureBaker.swift,\ MeshRawInputValidator.swift,\ MeshRawProjectBridge.swift,\ MeshRawReprocess.swift,\ MeshRawSceneValidator.swift,\ MeshScanModel.swift,\ MeshScanView.swift,\ MeshSimplifier.swift,\ MeshTextReferenceRewriter.swift,\ MeshTrimEditor.swift,\ MeshVisualFallback.swift,\ PublicBrowsePolicy.swift,\ PublishScanView.swift,\ RootScanView.swift,\ SH3PreservingGaussianTrainer.swift,\ ScanLabAccountView.swift,\ ScanLabAuthCallbackPolicy.swift,\ ScanLabAuthErrorPolicy.swift,\ ScanLabAuthStatePolicy.swift,\ ScanLabBackend+AuthCallback.swift,\ ScanLabBackend+ProfileConflict.swift,\ ScanLabBackend+PublishLifecycle.swift,\ ScanLabBackend+SafeSignOut.swift,\ ScanLabBackend+TrustedPublish.swift,\ ScanLabBackend.swift,\ ScanLabDiscoverFeedStore.swift,\ ScanLabGeotagPolicy.swift,\ ScanLabMapQuery.swift,\ ScanLabPasswordRecoveryCoordinator.swift,\ ScanLabPasswordRecoveryPolicy.swift,\ ScanLabProfilePolicy.swift,\ ScanLabProfileService.swift,\ ScanLabProfileView.swift,\ ScanLabPublishPackage+Async.swift,\ ScanLabPublishPackage.swift,\ ScanLabSessionPolicy.swift,\ ScanLabShellView.swift,\ ScanLibraryView.swift,\ ScanModel+CaptureBoundary.swift,\ ScanModel+PersistenceBoundary.swift,\ ScanModel+ReconstructionBoundary.swift,\ ScanModel+SessionLifecycle.swift,\ ScanModel+SessionLifecycleBoundary.swift,\ ScanModel.swift,\ ScanProjectStore.swift,\ ScanReportBackend.swift,\ ScanReportPolicy.swift,\ ScanWorldMapArchiveStore.swift,\ SplatCameraGeometry.swift,\ SplatCanonicalSHAsset+ProjectDurability.swift,\ SplatCanonicalSHAsset+TrustedDigest.swift,\ SplatColorAdjustment.swift,\ SplatCompletionVerifier.swift,\ SplatDepthSeedBuilder.swift,\ SplatEditHistory.swift,\ SplatExportAdmission+Async.swift,\ SplatExportAdmission.swift,\ SplatExportOptionsView.swift,\ SplatExportService.swift,\ SplatNativeApp.swift,\ SplatPersistedEditMaterializer+Cancellation.swift,\ SplatPreviousResultEvidence+Async.swift,\ SplatPreviousResultEvidence.swift,\ SplatPreviousResultIntegrityRecovery.swift,\ SplatProjectTrustRecovery.swift,\ SplatReconstructionPolicy.swift,\ SplatResourceGuard.swift,\ SplatResultView.swift,\ SplatSIMDCompatibility.swift,\ SplatSeedColorizer.swift,\ SplatSkySeeder.swift,\ SplatSoftwareDepthSeedBuilder.swift,\ SplatStrongCompletionEvidence.swift,\ SplatTransientExportWorkspace.swift,\ SplatVideoConfiguration.swift,\ SplatVideoExporter.swift,\ SplatVideoMemoryPolicy.swift,\ SplatVideoOptionsView.swift,\ SplatVideoOutputValidator.swift,\ SplatViewer.swift,\ SplatViewerCameraDatasetLoader.swift,\ SplatViewerMemoryPolicy.swift,\ SplatViewerState.swift,\ GeneratedAssetSymbols.swift /Users/runner/work/ALLSUNDAY1122.github.io/ALLSUNDAY1122.github.io/splat-native-ios/SplatNative/CapturePolicy.swift /Users/runner/work/ALLSUNDAY1122.github.io/ALLSUNDAY1122.github.io/splat-native-ios/SplatNative/ContentView.swift /Users/runner/work/ALLSUNDAY1122.github.io/ALLSUNDAY1122.github.io/splat-native-ios/SplatNative/IntegratedScanLabShellView.swift /Users/runner/work/ALLSUNDAY1122.github.io/ALLSUNDAY1122.github.io/splat-native-ios/SplatNative/MeshARViewer.swift /Users/runner/work/ALLSUNDAY1122.github.io/ALLSUNDAY1122.github.io/splat-native-ios/SplatNative/MeshAdvancedSupervisor.swift /Users/runner/work/ALLSUNDAY1122.github.io/ALLSUNDAY1122.github.io/splat-native-ios/SplatNative/MeshAppearanceEditor.swift /Users/runner/work/ALLSUNDAY1122.github.io/ALLSUNDAY1122.github.io/splat-native-ios/SplatNative/MeshAssetContract+MeshScanModel.swift /Users/runner/work/ALLSUNDAY1122.github.io/ALLSUNDAY1122.github.io/splat-native-ios/SplatNative/MeshAssetContract.swift /Users/runner/work/ALLSUNDAY1122.github.io/ALLSUNDAY1122.github.io/splat-native-ios/SplatNative/MeshCaptureCoveragePolicy.swift /Users/runner/work/ALLSUNDAY1122.github.io/ALLSUNDAY1122.github.io/splat-native-ios/SplatNative/MeshCaptureQualityAdvisor.swift /Users/runner/work/ALLSUNDAY1122.github.io/ALLSUNDAY1122.github.io/splat-native-ios/SplatNative/MeshDenseMVS.swift /Users/runner/work/ALLSUNDAY1122.github.io/ALLSUNDAY1122.github.io/splat-native-ios/SplatNative/MeshDenseTextureBaker.swift /Users/runner/work/ALLSUNDAY1122.github.io/ALLSUNDAY1122.github.io/splat-native-ios/SplatNative/MeshDepthPayload.swift /Users/runner/work/ALLSUNDAY1122.github.io/ALLSUNDAY1122.github.io/splat-native-ios/SplatNative/MeshDepthRecorder.swift /Users/runner/work/ALLSUNDAY1122.github.io/ALLSUNDAY1122.github.io/splat-native-ios/SplatNative/MeshDetailSimplifier.swift /Users/runner/work/ALLSUNDAY1122.github.io/ALLSUNDAY1122.github.io/splat-native-ios/SplatNative/MeshDurabilityCoordinator.swift /Users/runner/work/ALLSUNDAY1122.github.io/ALLSUNDAY1122.github.io/splat-native-ios/SplatNative/MeshDurabilityRecoveryStore.swift /Users/runner/work/ALLSUNDAY1122.github.io/ALLSUNDAY1122.github.io/splat-native-ios/SplatNative/MeshExportAdmission.swift /Users/runner/work/ALLSUNDAY1122.github.io/ALLSUNDAY1122.github.io/splat-native-ios/SplatNative/MeshExportMemoryPolicy.swift /Users/runner/work/ALLSUNDAY1122.github.io/ALLSUNDAY1122.github.io/splat-native-ios/SplatNative/MeshExportOptionsView.swift /Users/runner/work/ALLSUNDAY1122.github.io/ALLSUNDAY1122.github.io/splat-native-ios/SplatNative/MeshExportService.swift /Users/runner/work/ALLSUNDAY1122.github.io/ALLSUNDAY1122.github.io/splat-native-ios/SplatNative/MeshFrameJPEGEncoder.swift /Users/runner/work/ALLSUNDAY1122.github.io/ALLSUNDAY1122.github.io/splat-native-ios/SplatNative/MeshGeometryRefiner.swift /Users/runner/work/ALLSUNDAY1122.github.io/ALLSUNDAY1122.github.io/splat-native-ios/SplatNative/MeshLiDARDenseFusion.swift /Users/runner/work/ALLSUNDAY1122.github.io/ALLSUNDAY1122.github.io/splat-native-ios/SplatNative/MeshLibraryView.swift /Users/runner/work/ALLSUNDAY1122.github.io/ALLSUNDAY1122.github.io/splat-native-ios/SplatNative/MeshOBJShareBundle.swift /Users/runner/work/ALLSUNDAY1122.github.io/ALLSUNDAY1122.github.io/splat-native-ios/SplatNative/MeshParityAuditor.swift /Users/runner/work/ALLSUNDAY1122.github.io/ALLSUNDAY1122.github.io/splat-native-ios/SplatNative/MeshPointCloudExportService.swift /Users/runner/work/ALLSUNDAY1122.github.io/ALLSUNDAY1122.github.io/splat-native-ios/SplatNative/MeshProjectIntegrity.swift /Users/runner/work/ALLSUNDAY1122.github.io/ALLSUNDAY1122.github.io/splat-native-ios/SplatNative/MeshProjectStore.swift /Users/runner/work/ALLSUNDAY1122.github.io/ALLSUNDAY1122.github.io/splat-native-ios/SplatNative/MeshRGBTextureBaker.swift /Users/runner/work/ALLSUNDAY1122.github.io/ALLSUNDAY1122.github.io/splat-native-ios/SplatNative/MeshRawInputValidator.swift /Users/runner/work/ALLSUNDAY1122.github.io/ALLSUNDAY1122.github.io/splat-native-ios/SplatNative/MeshRawProjectBridge.swift /Users/runner/work/ALLSUNDAY1122.github.io/ALLSUNDAY1122.github.io/splat-native-ios/SplatNative/MeshRawReprocess.swift /Users/runner/work/ALLSUNDAY1122.github.io/ALLSUNDAY1122.github.io/splat-native-ios/SplatNative/MeshRawSceneValidator.swift /Users/runner/work/ALLSUNDAY1122.github.io/ALLSUNDAY1122.github.io/splat-native-ios/SplatNative/MeshScanModel.swift /Users/runner/work/ALLSUNDAY1122.github.io/ALLSUNDAY1122.github.io/splat-native-ios/SplatNative/MeshScanView.swift /Users/runner/work/ALLSUNDAY1122.github.io/ALLSUNDAY1122.github.io/splat-native-ios/SplatNative/MeshSimplifier.swift /Users/runner/work/ALLSUNDAY1122.github.io/ALLSUNDAY1122.github.io/splat-native-ios/SplatNative/MeshTextReferenceRewriter.swift /Users/runner/work/ALLSUNDAY1122.github.io/ALLSUNDAY1122.github.io/splat-native-ios/SplatNative/MeshTrimEditor.swift /Users/runner/work/ALLSUNDAY1122.github.io/ALLSUNDAY1122.github.io/splat-native-ios/SplatNative/MeshVisualFallback.swift /Users/runner/work/ALLSUNDAY1122.github.io/ALLSUNDAY1122.github.io/splat-native-ios/SplatNative/PublicBrowsePolicy.swift /Users/runner/work/ALLSUNDAY1122.github.io/ALLSUNDAY1122.github.io/splat-native-ios/SplatNative/PublishScanView.swift /Users/runner/work/ALLSUNDAY1122.github.io/ALLSUNDAY1122.github.io/splat-native-ios/SplatNative/RootScanView.swift /Users/runner/work/ALLSUNDAY1122.github.io/ALLSUNDAY1122.github.io/splat-native-ios/SplatNative/SH3PreservingGaussianTrainer.swift /Users/runner/work/ALLSUNDAY1122.github.io/ALLSUNDAY1122.github.io/splat-native-ios/SplatNative/ScanLabAccountView.swift /Users/runner/work/ALLSUNDAY1122.github.io/ALLSUNDAY1122.github.io/splat-native-ios/SplatNative/ScanLabAuthCallbackPolicy.swift /Users/runner/work/ALLSUNDAY1122.github.io/ALLSUNDAY1122.github.io/splat-native-ios/SplatNative/ScanLabAuthErrorPolicy.swift /Users/runner/work/ALLSUNDAY1122.github.io/ALLSUNDAY1122.github.io/splat-native-ios/SplatNative/ScanLabAuthStatePolicy.swift /Users/runner/work/ALLSUNDAY1122.github.io/ALLSUNDAY1122.github.io/splat-native-ios/SplatNative/ScanLabBackend+AuthCallback.swift /Users/runner/work/ALLSUNDAY1122.github.io/ALLSUNDAY1122.github.io/splat-native-ios/SplatNative/ScanLabBackend+ProfileConflict.swift /Users/runner/work/ALLSUNDAY1122.github.io/ALLSUNDAY1122.github.io/splat-native-ios/SplatNative/ScanLabBackend+PublishLifecycle.swift /Users/runner/work/ALLSUNDAY1122.github.io/ALLSUNDAY1122.github.io/splat-native-ios/SplatNative/ScanLabBackend+SafeSignOut.swift /Users/runner/work/ALLSUNDAY1122.github.io/ALLSUNDAY1122.github.io/splat-native-ios/SplatNative/ScanLabBackend+TrustedPublish.swift /Users/runner/work/ALLSUNDAY1122.github.io/ALLSUNDAY1122.github.io/splat-native-ios/SplatNative/ScanLabBackend.swift /Users/runner/work/ALLSUNDAY1122.github.io/ALLSUNDAY1122.github.io/splat-native-ios/SplatNative/ScanLabDiscoverFeedStore.swift /Users/runner/work/ALLSUNDAY1122.github.io/ALLSUNDAY1122.github.io/splat-native-ios/SplatNative/ScanLabGeotagPolicy.swift /Users/runner/work/ALLSUNDAY1122.github.io/ALLSUNDAY1122.github.io/splat-native-ios/SplatNative/ScanLabMapQuery.swift /Users/runner/work/ALLSUNDAY1122.github.io/ALLSUNDAY1122.github.io/splat-native-ios/SplatNative/ScanLabPasswordRecoveryCoordinator.swift /Users/runner/work/ALLSUNDAY1122.github.io/ALLSUNDAY1122.github.io/splat-native-ios/SplatNative/ScanLabPasswordRecoveryPolicy.swift /Users/runner/work/ALLSUNDAY1122.github.io/ALLSUNDAY1122.github.io/splat-native-ios/SplatNative/ScanLabProfilePolicy.swift /Users/runner/work/ALLSUNDAY1122.github.io/ALLSUNDAY1122.github.io/splat-native-ios/SplatNative/ScanLabProfileService.swift /Users/runner/work/ALLSUNDAY1122.github.io/ALLSUNDAY1122.github.io/splat-native-ios/SplatNative/ScanLabProfileView.swift /Users/runner/work/ALLSUNDAY1122.github.io/ALLSUNDAY1122.github.io/splat-native-ios/SplatNative/ScanLabPublishPackage+Async.swift /Users/runner/work/ALLSUNDAY1122.github.io/ALLSUNDAY1122.github.io/splat-native-ios/SplatNative/ScanLabPublishPackage.swift /Users/runner/work/ALLSUNDAY1122.github.io/ALLSUNDAY1122.github.io/splat-native-ios/SplatNative/ScanLabSessionPolicy.swift /Users/runner/work/ALLSUNDAY1122.github.io/ALLSUNDAY1122.github.io/splat-native-ios/SplatNative/ScanLabShellView.swift /Users/runner/work/ALLSUNDAY1122.github.io/ALLSUNDAY1122.github.io/splat-native-ios/SplatNative/ScanLibraryView.swift /Users/runner/work/ALLSUNDAY1122.github.io/ALLSUNDAY1122.github.io/splat-native-ios/SplatNative/ScanModel+CaptureBoundary.swift /Users/runner/work/ALLSUNDAY1122.github.io/ALLSUNDAY1122.github.io/splat-native-ios/SplatNative/ScanModel+PersistenceBoundary.swift /Users/runner/work/ALLSUNDAY1122.github.io/ALLSUNDAY1122.github.io/splat-native-ios/SplatNative/ScanModel+ReconstructionBoundary.swift /Users/runner/work/ALLSUNDAY1122.github.io/ALLSUNDAY1122.github.io/splat-native-ios/SplatNative/ScanModel+SessionLifecycle.swift /Users/runner/work/ALLSUNDAY1122.github.io/ALLSUNDAY1122.github.io/splat-native-ios/SplatNative/ScanModel+SessionLifecycleBoundary.swift /Users/runner/work/ALLSUNDAY1122.github.io/ALLSUNDAY1122.github.io/splat-native-ios/SplatNative/ScanModel.swift /Users/runner/work/ALLSUNDAY1122.github.io/ALLSUNDAY1122.github.io/splat-native-ios/SplatNative/ScanProjectStore.swift /Users/runner/work/ALLSUNDAY1122.github.io/ALLSUNDAY1122.github.io/splat-native-ios/SplatNative/ScanReportBackend.swift /Users/runner/work/ALLSUNDAY1122.github.io/ALLSUNDAY1122.github.io/splat-native-ios/SplatNative/ScanReportPolicy.swift /Users/runner/work/ALLSUNDAY1122.github.io/ALLSUNDAY1122.github.io/splat-native-ios/SplatNative/ScanWorldMapArchiveStore.swift /Users/runner/work/ALLSUNDAY1122.github.io/ALLSUNDAY1122.github.io/splat-native-ios/SplatNative/SplatCameraGeometry.swift /Users/runner/work/ALLSUNDAY1122.github.io/ALLSUNDAY1122.github.io/splat-native-ios/SplatNative/SplatCanonicalSHAsset+ProjectDurability.swift /Users/runner/work/ALLSUNDAY1122.github.io/ALLSUNDAY1122.github.io/splat-native-ios/SplatNative/SplatCanonicalSHAsset+TrustedDigest.swift /Users/runner/work/ALLSUNDAY1122.github.io/ALLSUNDAY1122.github.io/splat-native-ios/SplatNative/SplatColorAdjustment.swift /Users/runner/work/ALLSUNDAY1122.github.io/ALLSUNDAY1122.github.io/splat-native-ios/SplatNative/SplatCompletionVerifier.swift /Users/runner/work/ALLSUNDAY1122.github.io/ALLSUNDAY1122.github.io/splat-native-ios/SplatNative/SplatDepthSeedBuilder.swift /Users/runner/work/ALLSUNDAY1122.github.io/ALLSUNDAY1122.github.io/splat-native-ios/SplatNative/SplatEditHistory.swift /Users/runner/work/ALLSUNDAY1122.github.io/ALLSUNDAY1122.github.io/splat-native-ios/SplatNative/SplatExportAdmission+Async.swift /Users/runner/work/ALLSUNDAY1122.github.io/ALLSUNDAY1122.github.io/splat-native-ios/SplatNative/SplatExportAdmission.swift /Users/runner/work/ALLSUNDAY1122.github.io/ALLSUNDAY1122.github.io/splat-native-ios/SplatNative/SplatExportOptionsView.swift /Users/runner/work/ALLSUNDAY1122.github.io/ALLSUNDAY1122.github.io/splat-native-ios/SplatNative/SplatExportService.swift /Users/runner/work/ALLSUNDAY1122.github.io/ALLSUNDAY1122.github.io/splat-native-ios/SplatNative/SplatNativeApp.swift /Users/runner/work/ALLSUNDAY1122.github.io/ALLSUNDAY1122.github.io/splat-native-ios/SplatNative/SplatPersistedEditMaterializer+Cancellation.swift /Users/runner/work/ALLSUNDAY1122.github.io/ALLSUNDAY1122.github.io/splat-native-ios/SplatNative/SplatPreviousResultEvidence+Async.swift /Users/runner/work/ALLSUNDAY1122.github.io/ALLSUNDAY1122.github.io/splat-native-ios/SplatNative/SplatPreviousResultEvidence.swift /Users/runner/work/ALLSUNDAY1122.github.io/ALLSUNDAY1122.github.io/splat-native-ios/SplatNative/SplatPreviousResultIntegrityRecovery.swift /Users/runner/work/ALLSUNDAY1122.github.io/ALLSUNDAY1122.github.io/splat-native-ios/SplatNative/SplatProjectTrustRecovery.swift /Users/runner/work/ALLSUNDAY1122.github.io/ALLSUNDAY1122.github.io/splat-native-ios/SplatNative/SplatReconstructionPolicy.swift /Users/runner/work/ALLSUNDAY1122.github.io/ALLSUNDAY1122.github.io/splat-native-ios/SplatNative/SplatResourceGuard.swift /Users/runner/work/ALLSUNDAY1122.github.io/ALLSUNDAY1122.github.io/splat-native-ios/SplatNative/SplatResultView.swift /Users/runner/work/ALLSUNDAY1122.github.io/ALLSUNDAY1122.github.io/splat-native-ios/SplatNative/SplatSIMDCompatibility.swift /Users/runner/work/ALLSUNDAY1122.github.io/ALLSUNDAY1122.github.io/splat-native-ios/SplatNative/SplatSeedColorizer.swift /Users/runner/work/ALLSUNDAY1122.github.io/ALLSUNDAY1122.github.io/splat-native-ios/SplatNative/SplatSkySeeder.swift /Users/runner/work/ALLSUNDAY1122.github.io/ALLSUNDAY1122.github.io/splat-native-ios/SplatNative/SplatSoftwareDepthSeedBuilder.swift /Users/runner/work/ALLSUNDAY1122.github.io/ALLSUNDAY1122.github.io/splat-native-ios/SplatNative/SplatStrongCompletionEvidence.swift /Users/runner/work/ALLSUNDAY1122.github.io/ALLSUNDAY1122.github.io/splat-native-ios/SplatNative/SplatTransientExportWorkspace.swift /Users/runner/work/ALLSUNDAY1122.github.io/ALLSUNDAY1122.github.io/splat-native-ios/SplatNative/SplatVideoConfiguration.swift /Users/runner/work/ALLSUNDAY1122.github.io/ALLSUNDAY1122.github.io/splat-native-ios/SplatNative/SplatVideoExporter.swift /Users/runner/work/ALLSUNDAY1122.github.io/ALLSUNDAY1122.github.io/splat-native-ios/SplatNative/SplatVideoMemoryPolicy.swift /Users/runner/work/ALLSUNDAY1122.github.io/ALLSUNDAY1122.github.io/splat-native-ios/SplatNative/SplatVideoOptionsView.swift /Users/runner/work/ALLSUNDAY1122.github.io/ALLSUNDAY1122.github.io/splat-native-ios/SplatNative/SplatVideoOutputValidator.swift /Users/runner/work/ALLSUNDAY1122.github.io/ALLSUNDAY1122.github.io/splat-native-ios/SplatNative/SplatViewer.swift /Users/runner/work/ALLSUNDAY1122.github.io/ALLSUNDAY1122.github.io/splat-native-ios/SplatNative/SplatViewerCameraDatasetLoader.swift /Users/runner/work/ALLSUNDAY1122.github.io/ALLSUNDAY1122.github.io/splat-native-ios/SplatNative/SplatViewerMemoryPolicy.swift /Users/runner/work/ALLSUNDAY1122.github.io/ALLSUNDAY1122.github.io/splat-native-ios/SplatNative/SplatViewerState.swift /Users/runner/Library/Developer/Xcode/DerivedData/SplatNative-dwmjesbccinwnzhdvkeajvbyatnj/Build/Intermediates.noindex/SplatNative.build/Release-iphoneos/SplatNative.build/DerivedSources/GeneratedAssetSymbols.swift (in target 'SplatNative' from project 'SplatNative')
CompileSwift normal arm64 (in target 'SplatNative' from project 'SplatNative')
    cd /Users/runner/work/ALLSUNDAY1122.github.io/ALLSUNDAY1122.github.io/splat-native-ios
    
/Users/runner/Library/Developer/Xcode/DerivedData/SplatNative-dwmjesbccinwnzhdvkeajvbyatnj/Build/Products/Release-iphoneos/include/ScanLabAssimp.h:2:10: note: while building module 'libassimp' imported from /Users/runner/Library/Developer/Xcode/DerivedData/SplatNative-dwmjesbccinwnzhdvkeajvbyatnj/Build/Products/Release-iphoneos/include/ScanLabAssimp.h:2:
#include <assimp/cimport.h>
         ^
<module-includes>:20:9: note: in file included from <module-includes>:20:
#import "pbrmaterial.h"
        ^
/Users/runner/Library/Developer/Xcode/DerivedData/SplatNative-dwmjesbccinwnzhdvkeajvbyatnj/Build/Products/Release-iphoneos/include/assimp/pbrmaterial.h:51:5: warning: pbrmaterial.h is deprecated. Please update to PBR materials in materials.h and glTF-specific items in GltfMaterial.h
#   warning pbrmaterial.h is deprecated. Please update to PBR materials in materials.h and glTF-specific items in GltfMaterial.h
    ^
/Users/runner/work/ALLSUNDAY1122.github.io/ALLSUNDAY1122.github.io/splat-native-ios/SplatNative/MeshAdvancedSupervisor.swift:105:13: warning: result of 'try?' is unused
            try? model.persistExporterMeshAssetContract()
            ^~~~~~~~~~~~~~~~~~~~~~~~~~~~~~~~~~~~~~~~~~~~~
/Users/runner/work/ALLSUNDAY1122.github.io/ALLSUNDAY1122.github.io/splat-native-ios/SplatNative/MeshDenseTextureBaker.swift:360:17: warning: result of 'try?' is unused
                try? self.persistExporterMeshAssetContract()
                ^~~~~~~~~~~~~~~~~~~~~~~~~~~~~~~~~~~~~~~~~~~~
/Users/runner/work/ALLSUNDAY1122.github.io/ALLSUNDAY1122.github.io/splat-native-ios/SplatNative/MeshLiDARDenseFusion.swift:376:17: warning: result of 'try?' is unused
                try? self.persistExporterMeshAssetContract()
                ^~~~~~~~~~~~~~~~~~~~~~~~~~~~~~~~~~~~~~~~~~~~
/Users/runner/work/ALLSUNDAY1122.github.io/ALLSUNDAY1122.github.io/splat-native-ios/SplatNative/MeshRGBTextureBaker.swift:541:17: warning: result of 'try?' is unused
                try? self.persistExporterMeshAssetContract()
                ^~~~~~~~~~~~~~~~~~~~~~~~~~~~~~~~~~~~~~~~~~~~
/Users/runner/work/ALLSUNDAY1122.github.io/ALLSUNDAY1122.github.io/splat-native-ios/SplatNative/MeshRawProjectBridge.swift:265:13: warning: immutable property will not be decoded because it is declared with an initial value which cannot be overwritten
        let schemaVersion = 1
            ^
/Users/runner/work/ALLSUNDAY1122.github.io/ALLSUNDAY1122.github.io/splat-native-ios/SplatNative/MeshRawProjectBridge.swift:265:13: note: set the initial value via the initializer or explicitly define a CodingKeys enum including a 'schemaVersion' case to silence this warning
        let schemaVersion = 1
            ^
/Users/runner/work/ALLSUNDAY1122.github.io/ALLSUNDAY1122.github.io/splat-native-ios/SplatNative/MeshRawProjectBridge.swift:265:13: note: make the property mutable instead
        let schemaVersion = 1
        ~~~ ^
        var
/Users/runner/work/ALLSUNDAY1122.github.io/ALLSUNDAY1122.github.io/splat-native-ios/SplatNative/MeshRawProjectBridge.swift:272:13: warning: immutable property will not be decoded because it is declared with an initial value which cannot be overwritten
        let schemaVersion = 1
            ^
/Users/runner/work/ALLSUNDAY1122.github.io/ALLSUNDAY1122.github.io/splat-native-ios/SplatNative/MeshRawProjectBridge.swift:272:13: note: set the initial value via the initializer or explicitly define a CodingKeys enum including a 'schemaVersion' case to silence this warning
        let schemaVersion = 1
            ^
/Users/runner/work/ALLSUNDAY1122.github.io/ALLSUNDAY1122.github.io/splat-native-ios/SplatNative/MeshRawProjectBridge.swift:272:13: note: make the property mutable instead
        let schemaVersion = 1
        ~~~ ^
        var
/Users/runner/work/ALLSUNDAY1122.github.io/ALLSUNDAY1122.github.io/splat-native-ios/SplatNative/ScanLabBackend+TrustedPublish.swift:192:18: warning: non-sendable result type 'PostgrestResponse<Void>' cannot be sent from nonisolated context in call to instance method 'execute(options:)'
                .execute()
                 ^
/Users/runner/Library/Developer/Xcode/DerivedData/SplatNative-dwmjesbccinwnzhdvkeajvbyatnj/SourcePackages/checkouts/supabase-swift/Sources/PostgREST/Types.swift:37:15: note: generic struct 'PostgrestResponse' does not conform to the 'Sendable' protocol
public struct PostgrestResponse<T> {
              ^
/Users/runner/work/ALLSUNDAY1122.github.io/ALLSUNDAY1122.github.io/splat-native-ios/SplatNative/ScanLabBackend.swift:326:168: warning: non-sendable result type 'PostgrestResponse<ScanLabProfile>' cannot be sent from nonisolated context in call to instance method 'execute(options:)'
            let row: ScanLabProfile = try await client.from("scanlab_profiles").select("id,handle,display_name,avatar_path").eq("id", value: session.user.id).single().execute().value
                                                                                                                                                                       ^
/Users/runner/Library/Developer/Xcode/DerivedData/SplatNative-dwmjesbccinwnzhdvkeajvbyatnj/SourcePackages/checkouts/supabase-swift/Sources/PostgREST/Types.swift:37:15: note: generic struct 'PostgrestResponse' does not conform to the 'Sendable' protocol
public struct PostgrestResponse<T> {
              ^
/Users/runner/work/ALLSUNDAY1122.github.io/ALLSUNDAY1122.github.io/splat-native-ios/SplatNative/ScanLabBackend.swift:340:144: warning: non-sendable result type 'PostgrestResponse<Void>' cannot be sent from nonisolated context in call to instance method 'execute(options:)'
            try await client.from("scanlab_profiles").update(ScanLabProfileUpdate(handle: h, displayName: n)).eq("id", value: session.user.id).execute()
                                                                                                                                               ^
/Users/runner/Library/Developer/Xcode/DerivedData/SplatNative-dwmjesbccinwnzhdvkeajvbyatnj/SourcePackages/checkouts/supabase-swift/Sources/PostgREST/Types.swift:37:15: note: generic struct 'PostgrestResponse' does not conform to the 'Sendable' protocol
public struct PostgrestResponse<T> {
              ^
/Users/runner/work/ALLSUNDAY1122.github.io/ALLSUNDAY1122.github.io/splat-native-ios/SplatNative/ScanLabBackend.swift:353:278: warning: non-sendable result type 'PostgrestResponse<[ScanLabOwnerScan]>' cannot be sent from nonisolated context in call to instance method 'execute(options:)'
            let rows: [ScanLabOwnerScan] = try await client.from("scanlab_scans").select("id,title,caption,visibility,status,moderation_status,share_token,asset_path,preview_path,latitude,longitude,location_label,published_at,created_at").order("created_at", ascending: false).execute().value
                                                                                                                                                                                                                                                                                     ^
/Users/runner/Library/Developer/Xcode/DerivedData/SplatNative-dwmjesbccinwnzhdvkeajvbyatnj/SourcePackages/checkouts/supabase-swift/Sources/PostgREST/Types.swift:37:15: note: generic struct 'PostgrestResponse' does not conform to the 'Sendable' protocol
public struct PostgrestResponse<T> {
              ^
/Users/runner/work/ALLSUNDAY1122.github.io/ALLSUNDAY1122.github.io/splat-native-ios/SplatNative/ScanLabBackend.swift:365:156: warning: non-sendable result type 'PostgrestResponse<[ScanLabBlockedUser]>' cannot be sent from nonisolated context in call to instance method 'execute(options:)'
            let rows: [ScanLabBlockedUser] = try await client.from("scanlab_blocks").select("blocked_id,created_at").order("created_at", ascending: false).execute().value
                                                                                                                                                           ^
/Users/runner/Library/Developer/Xcode/DerivedData/SplatNative-dwmjesbccinwnzhdvkeajvbyatnj/SourcePackages/checkouts/supabase-swift/Sources/PostgREST/Types.swift:37:15: note: generic struct 'PostgrestResponse' does not conform to the 'Sendable' protocol
public struct PostgrestResponse<T> {
              ^
/Users/runner/work/ALLSUNDAY1122.github.io/ALLSUNDAY1122.github.io/splat-native-ios/SplatNative/ScanLabBackend.swift:407:116: warning: non-sendable result type 'PostgrestResponse<Void>' cannot be sent from nonisolated context in call to instance method 'execute(options:)'
        try await client.from("scanlab_likes").insert(ScanLabLikeInsert(scanId: scan.id, userId: session.user.id)).execute()
                                                                                                                   ^
/Users/runner/Library/Developer/Xcode/DerivedData/SplatNative-dwmjesbccinwnzhdvkeajvbyatnj/SourcePackages/checkouts/supabase-swift/Sources/PostgREST/Types.swift:37:15: note: generic struct 'PostgrestResponse' does not conform to the 'Sendable' protocol
public struct PostgrestResponse<T> {
              ^
/Users/runner/work/ALLSUNDAY1122.github.io/ALLSUNDAY1122.github.io/splat-native-ios/SplatNative/ScanLabBackend.swift:421:130: warning: non-sendable result type 'PostgrestResponse<Void>' cannot be sent from nonisolated context in call to instance method 'execute(options:)'
            try await client.from("scanlab_blocks").insert(ScanLabBlockInsert(blockerId: session.user.id, blockedId: author.id)).execute()
                                                                                                                                 ^
/Users/runner/Library/Developer/Xcode/DerivedData/SplatNative-dwmjesbccinwnzhdvkeajvbyatnj/SourcePackages/checkouts/supabase-swift/Sources/PostgREST/Types.swift:37:15: note: generic struct 'PostgrestResponse' does not conform to the 'Sendable' protocol
public struct PostgrestResponse<T> {
              ^
/Users/runner/work/ALLSUNDAY1122.github.io/ALLSUNDAY1122.github.io/splat-native-ios/SplatNative/ScanLabBackend.swift:433:146: warning: non-sendable result type 'PostgrestResponse<Void>' cannot be sent from nonisolated context in call to instance method 'execute(options:)'
        try await client.from("scanlab_blocks").delete().eq("blocker_id", value: session.user.id).eq("blocked_id", value: blockedUser.blockedId).execute()
                                                                                                                                                 ^
/Users/runner/Library/Developer/Xcode/DerivedData/SplatNative-dwmjesbccinwnzhdvkeajvbyatnj/SourcePackages/checkouts/supabase-swift/Sources/PostgREST/Types.swift:37:15: note: generic struct 'PostgrestResponse' does not conform to the 'Sendable' protocol
public struct PostgrestResponse<T> {
              ^
/Users/runner/work/ALLSUNDAY1122.github.io/ALLSUNDAY1122.github.io/splat-native-ios/SplatNative/ScanModel.swift:1078:13: warning: result of 'try?' is unused
            try? projectStore.updateManifest(projectURL: projectURL) { manifest in
            ^~~~~~~~~~~~~~~~~~~~~~~~~~~~~~~~~~~~~~~~~~~~~~~~~~~~~~~~~~~~~~~~~~~~~~
/Users/runner/work/ALLSUNDAY1122.github.io/ALLSUNDAY1122.github.io/splat-native-ios/SplatNative/ScanReportBackend.swift:19:119: warning: non-sendable result type 'PostgrestResponse<Bool>' cannot be sent from nonisolated context in call to instance method 'execute(options:)'
        return try await client.rpc("scanlab_has_reported", params: ScanReportStatusRPCParams(targetScanID: scan.id)).execute().value
                                                                                                                      ^
/Users/runner/Library/Developer/Xcode/DerivedData/SplatNative-dwmjesbccinwnzhdvkeajvbyatnj/SourcePackages/checkouts/supabase-swift/Sources/PostgREST/Types.swift:37:15: note: generic struct 'PostgrestResponse' does not conform to the 'Sendable' protocol
public struct PostgrestResponse<T> {
              ^
/Users/runner/work/ALLSUNDAY1122.github.io/ALLSUNDAY1122.github.io/splat-native-ios/SplatNative/ScanReportBackend.swift:26:221: warning: non-sendable result type 'PostgrestResponse<[ScanReportReceipt]>' cannot be sent from nonisolated context in call to instance method 'execute(options:)'
        let receipts: [ScanReportReceipt] = try await client.rpc("scanlab_submit_report", params: ScanReportSubmitRPCParams(targetScanID: draft.scanID, reportReason: draft.reason.rawValue, reportDetails: draft.details)).execute().value
                                                                                                                                                                                                                            ^
/Users/runner/Library/Developer/Xcode/DerivedData/SplatNative-dwmjesbccinwnzhdvkeajvbyatnj/SourcePackages/checkouts/supabase-swift/Sources/PostgREST/Types.swift:37:15: note: generic struct 'PostgrestResponse' does not conform to the 'Sendable' protocol
public struct PostgrestResponse<T> {
              ^
/Users/runner/work/ALLSUNDAY1122.github.io/ALLSUNDAY1122.github.io/splat-native-ios/SplatNative/SplatVideoExporter.swift:382:20: warning: capture of 'writer' with non-sendable type 'AVAssetWriter' in a '@Sendable' closure
                if writer.status == .completed {
                   ^
/Applications/Xcode_16.4.app/Contents/Developer/Platforms/iPhoneOS.platform/Developer/SDKs/iPhoneOS18.5.sdk/System/Library/Frameworks/AVFoundation.framework/Headers/AVAssetWriter.h:65:12: note: class 'AVAssetWriter' does not conform to the 'Sendable' protocol
@interface AVAssetWriter : NSObject
           ^
/Users/runner/work/ALLSUNDAY1122.github.io/ALLSUNDAY1122.github.io/splat-native-ios/SplatNative/SplatVideoExporter.swift:1:1: warning: add '@preconcurrency' to treat 'Sendable'-related errors from module 'AVFoundation' as warnings
import AVFoundation
^
@preconcurrency 

SwiftDriver\ Compilation SplatNative normal arm64 com.apple.xcode.tools.swift.compiler (in target 'SplatNative' from project 'SplatNative')
    cd /Users/runner/work/ALLSUNDAY1122.github.io/ALLSUNDAY1122.github.io/splat-native-ios
    builtin-Swift-Compilation -- /Applications/Xcode_16.4.app/Contents/Developer/Toolchains/XcodeDefault.xctoolchain/usr/bin/swiftc -module-name Splat_Lab_Native -O -whole-module-optimization -enforce-exclusivity\=checked @/Users/runner/Library/Developer/Xcode/DerivedData/SplatNative-dwmjesbccinwnzhdvkeajvbyatnj/Build/Intermediates.noindex/SplatNative.build/Release-iphoneos/SplatNative.build/Objects-normal/arm64/Splat\ Lab\ Native.SwiftFileList -Xcc -fmodule-map-file\=/Users/runner/Library/Developer/Xcode/DerivedData/SplatNative-dwmjesbccinwnzhdvkeajvbyatnj/Build/Intermediates.noindex/GeneratedModuleMaps-iphoneos/MsplatCore.modulemap -enable-experimental-feature DebugDescriptionMacro -sdk /Applications/Xcode_16.4.app/Contents/Developer/Platforms/iPhoneOS.platform/Developer/SDKs/iPhoneOS18.5.sdk -target arm64-apple-ios18.0 -g -module-cache-path /Users/runner/Library/Developer/Xcode/DerivedData/ModuleCache.noindex -Xfrontend -serialize-debugging-options -swift-version 6 -I /Users/runner/Library/Developer/Xcode/DerivedData/SplatNative-dwmjesbccinwnzhdvkeajvbyatnj/Build/Products/Release-iphoneos -F /Users/runner/Library/Developer/Xcode/DerivedData/SplatNative-dwmjesbccinwnzhdvkeajvbyatnj/Build/Products/Release-iphoneos/PackageFrameworks -F /Users/runner/Library/Developer/Xcode/DerivedData/SplatNative-dwmjesbccinwnzhdvkeajvbyatnj/Build/Products/Release-iphoneos/PackageFrameworks -F /Users/runner/Library/Developer/Xcode/DerivedData/SplatNative-dwmjesbccinwnzhdvkeajvbyatnj/Build/Products/Release-iphoneos/PackageFrameworks -F /Users/runner/Library/Developer/Xcode/DerivedData/SplatNative-dwmjesbccinwnzhdvkeajvbyatnj/Build/Products/Release-iphoneos/PackageFrameworks -F /Users/runner/Library/Developer/Xcode/DerivedData/SplatNative-dwmjesbccinwnzhdvkeajvbyatnj/Build/Products/Release-iphoneos/PackageFrameworks -F /Users/runner/Library/Developer/Xcode/DerivedData/SplatNative-dwmjesbccinwnzhdvkeajvbyatnj/Build/Products/Release-iphoneos/PackageFrameworks -F /Users/runner/Library/Developer/Xcode/DerivedData/SplatNative-dwmjesbccinwnzhdvkeajvbyatnj/Build/Products/Release-iphoneos/PackageFrameworks -F /Users/runner/Library/Developer/Xcode/DerivedData/SplatNative-dwmjesbccinwnzhdvkeajvbyatnj/Build/Products/Release-iphoneos/PackageFrameworks -F /Users/runner/Library/Developer/Xcode/DerivedData/SplatNative-dwmjesbccinwnzhdvkeajvbyatnj/Build/Products/Release-iphoneos/PackageFrameworks -F /Users/runner/Library/Developer/Xcode/DerivedData/SplatNative-dwmjesbccinwnzhdvkeajvbyatnj/Build/Products/Release-iphoneos/PackageFrameworks -F /Users/runner/Library/Developer/Xcode/DerivedData/SplatNative-dwmjesbccinwnzhdvkeajvbyatnj/Build/Products/Release-iphoneos/PackageFrameworks -F /Users/runner/Library/Developer/Xcode/DerivedData/SplatNative-dwmjesbccinwnzhdvkeajvbyatnj/Build/Products/Release-iphoneos/PackageFrameworks -F /Users/runner/Library/Developer/Xcode/DerivedData/SplatNative-dwmjesbccinwnzhdvkeajvbyatnj/Build/Products/Release-iphoneos/PackageFrameworks -F /Users/runner/Library/Developer/Xcode/DerivedData/SplatNative-dwmjesbccinwnzhdvkeajvbyatnj/Build/Products/Release-iphoneos/PackageFrameworks -F /Users/runner/Library/Developer/Xcode/DerivedData/SplatNative-dwmjesbccinwnzhdvkeajvbyatnj/Build/Products/Release-iphoneos/PackageFrameworks -F /Users/runner/Library/Developer/Xcode/DerivedData/SplatNative-dwmjesbccinwnzhdvkeajvbyatnj/Build/Products/Release-iphoneos/PackageFrameworks -F /Users/runner/Library/Developer/Xcode/DerivedData/SplatNative-dwmjesbccinwnzhdvkeajvbyatnj/Build/Products/Release-iphoneos/PackageFrameworks -F /Users/runner/Library/Developer/Xcode/DerivedData/SplatNative-dwmjesbccinwnzhdvkeajvbyatnj/Build/Products/Release-iphoneos/PackageFrameworks -F /Users/runner/Library/Developer/Xcode/DerivedData/SplatNative-dwmjesbccinwnzhdvkeajvbyatnj/Build/Products/Release-iphoneos/PackageFrameworks -F /Users/runner/Library/Developer/Xcode/DerivedData/SplatNative-dwmjesbccinwnzhdvkeajvbyatnj/Build/Products/Release-iphoneos/PackageFrameworks -F /Users/runner/Library/Developer/Xcode/DerivedData/SplatNative-dwmjesbccinwnzhdvkeajvbyatnj/Build/Products/Release-iphoneos -c -num-threads 3 -Xcc -ivfsstatcache -Xcc /Users/runner/Library/Developer/Xcode/DerivedData/SDKStatCaches.noindex/iphoneos18.5-22F76-a529daf784b3616c7c04a36aeb7f5c05.sdkstatcache -output-file-map /Users/runner/Library/Developer/Xcode/DerivedData/SplatNative-dwmjesbccinwnzhdvkeajvbyatnj/Build/Intermediates.noindex/SplatNative.build/Release-iphoneos/SplatNative.build/Objects-normal/arm64/SplatNative-OutputFileMap.json -use-frontend-parseable-output -save-temps -no-color-diagnostics -serialize-diagnostics -emit-dependencies -emit-module -emit-module-path /Users/runner/Library/Developer/Xcode/DerivedData/SplatNative-dwmjesbccinwnzhdvkeajvbyatnj/Build/Intermediates.noindex/SplatNative.build/Release-iphoneos/SplatNative.build/Objects-normal/arm64/Splat_Lab_Native.swiftmodule -validate-clang-modules-once -clang-build-session-file /Users/runner/Library/Developer/Xcode/DerivedData/ModuleCache.noindex/Session.modulevalidation -Xcc -I/Users/runner/Library/Developer/Xcode/DerivedData/SplatNative-dwmjesbccinwnzhdvkeajvbyatnj/Build/Intermediates.noindex/SplatNative.build/Release-iphoneos/SplatNative.build/swift-overrides.hmap -emit-const-values -Xfrontend -const-gather-protocols-file -Xfrontend /Users/runner/Library/Developer/Xcode/DerivedData/SplatNative-dwmjesbccinwnzhdvkeajvbyatnj/Build/Intermediates.noindex/SplatNative.build/Release-iphoneos/SplatNative.build/Objects-normal/arm64/SplatNative_const_extract_protocols.json -Xcc -iquote -Xcc /Users/runner/Library/Developer/Xcode/DerivedData/SplatNative-dwmjesbccinwnzhdvkeajvbyatnj/Build/Intermediates.noindex/SplatNative.build/Release-iphoneos/SplatNative.build/Splat\ Lab\ Native-generated-files.hmap -Xcc -I/Users/runner/Library/Developer/Xcode/DerivedData/SplatNative-dwmjesbccinwnzhdvkeajvbyatnj/Build/Intermediates.noindex/SplatNative.build/Release-iphoneos/SplatNative.build/Splat\ Lab\ Native-own-target-headers.hmap -Xcc -I/Users/runner/Library/Developer/Xcode/DerivedData/SplatNative-dwmjesbccinwnzhdvkeajvbyatnj/Build/Intermediates.noindex/SplatNative.build/Release-iphoneos/SplatNative.build/Splat\ Lab\ Native-all-non-framework-target-headers.hmap -Xcc -ivfsoverlay -Xcc /Users/runner/Library/Developer/Xcode/DerivedData/SplatNative-dwmjesbccinwnzhdvkeajvbyatnj/Build/Intermediates.noindex/SplatNative.build/Release-iphoneos/SplatNative-0129da033c31a23b22df2bed4ab3eef4-VFS-iphoneos/all-product-headers.yaml -Xcc -iquote -Xcc /Users/runner/Library/Developer/Xcode/DerivedData/SplatNative-dwmjesbccinwnzhdvkeajvbyatnj/Build/Intermediates.noindex/SplatNative.build/Release-iphoneos/SplatNative.build/Splat\ Lab\ Native-project-headers.hmap -Xcc -I/Users/runner/work/ALLSUNDAY1122.github.io/ALLSUNDAY1122.github.io/splat-native-ios/Packages/MsplatMemory/Sources/MsplatCore/include -Xcc -I/Users/runner/Library/Developer/Xcode/DerivedData/SplatNative-dwmjesbccinwnzhdvkeajvbyatnj/Build/Products/Release-iphoneos/include -Xcc -I/Users/runner/Library/Developer/Xcode/DerivedData/SplatNative-dwmjesbccinwnzhdvkeajvbyatnj/Build/Intermediates.noindex/SplatNative.build/Release-iphoneos/SplatNative.build/DerivedSources-normal/arm64 -Xcc -I/Users/runner/Library/Developer/Xcode/DerivedData/SplatNative-dwmjesbccinwnzhdvkeajvbyatnj/Build/Intermediates.noindex/SplatNative.build/Release-iphoneos/SplatNative.build/DerivedSources/arm64 -Xcc -I/Users/runner/Library/Developer/Xcode/DerivedData/SplatNative-dwmjesbccinwnzhdvkeajvbyatnj/Build/Intermediates.noindex/SplatNative.build/Release-iphoneos/SplatNative.build/DerivedSources -emit-objc-header -emit-objc-header-path /Users/runner/Library/Developer/Xcode/DerivedData/SplatNative-dwmjesbccinwnzhdvkeajvbyatnj/Build/Intermediates.noindex/SplatNative.build/Release-iphoneos/SplatNative.build/Objects-normal/arm64/Splat_Lab_Native-Swift.h -working-directory /Users/runner/work/ALLSUNDAY1122.github.io/ALLSUNDAY1122.github.io/splat-native-ios -no-emit-module-separately-wmo

RegisterExecutionPolicyException /Users/runner/Library/Developer/Xcode/DerivedData/SplatNative-dwmjesbccinwnzhdvkeajvbyatnj/Build/Products/Release-iphoneos/Supabase.o (in target 'Supabase' from project 'Supabase')
    cd /Users/runner/Library/Developer/Xcode/DerivedData/SplatNative-dwmjesbccinwnzhdvkeajvbyatnj/SourcePackages/checkouts/supabase-swift
    builtin-RegisterExecutionPolicyException /Users/runner/Library/Developer/Xcode/DerivedData/SplatNative-dwmjesbccinwnzhdvkeajvbyatnj/Build/Products/Release-iphoneos/Supabase.o

CpResource /Users/runner/Library/Developer/Xcode/DerivedData/SplatNative-dwmjesbccinwnzhdvkeajvbyatnj/Build/Products/Release-iphoneos/Splat\ Lab\ Native.app/nlohmann-json-MIT.txt /Users/runner/work/ALLSUNDAY1122.github.io/ALLSUNDAY1122.github.io/splat-native-ios/SplatNative/Resources/Licenses/nlohmann-json-MIT.txt (in target 'SplatNative' from project 'SplatNative')
    cd /Users/runner/work/ALLSUNDAY1122.github.io/ALLSUNDAY1122.github.io/splat-native-ios
    builtin-copy -exclude .DS_Store -exclude CVS -exclude .svn -exclude .git -exclude .hg -resolve-src-symlinks /Users/runner/work/ALLSUNDAY1122.github.io/ALLSUNDAY1122.github.io/splat-native-ios/SplatNative/Resources/Licenses/nlohmann-json-MIT.txt /Users/runner/Library/Developer/Xcode/DerivedData/SplatNative-dwmjesbccinwnzhdvkeajvbyatnj/Build/Products/Release-iphoneos/Splat\ Lab\ Native.app

CpResource /Users/runner/Library/Developer/Xcode/DerivedData/SplatNative-dwmjesbccinwnzhdvkeajvbyatnj/Build/Products/Release-iphoneos/Splat\ Lab\ Native.app/nanoflann-BSD.txt /Users/runner/work/ALLSUNDAY1122.github.io/ALLSUNDAY1122.github.io/splat-native-ios/SplatNative/Resources/Licenses/nanoflann-BSD.txt (in target 'SplatNative' from project 'SplatNative')
    cd /Users/runner/work/ALLSUNDAY1122.github.io/ALLSUNDAY1122.github.io/splat-native-ios
    builtin-copy -exclude .DS_Store -exclude CVS -exclude .svn -exclude .git -exclude .hg -resolve-src-symlinks /Users/runner/work/ALLSUNDAY1122.github.io/ALLSUNDAY1122.github.io/splat-native-ios/SplatNative/Resources/Licenses/nanoflann-BSD.txt /Users/runner/Library/Developer/Xcode/DerivedData/SplatNative-dwmjesbccinwnzhdvkeajvbyatnj/Build/Products/Release-iphoneos/Splat\ Lab\ Native.app

CpResource /Users/runner/Library/Developer/Xcode/DerivedData/SplatNative-dwmjesbccinwnzhdvkeajvbyatnj/Build/Products/Release-iphoneos/Splat\ Lab\ Native.app/msplat-APACHE-2.0.txt /Users/runner/work/ALLSUNDAY1122.github.io/ALLSUNDAY1122.github.io/splat-native-ios/SplatNative/Resources/Licenses/msplat-APACHE-2.0.txt (in target 'SplatNative' from project 'SplatNative')
    cd /Users/runner/work/ALLSUNDAY1122.github.io/ALLSUNDAY1122.github.io/splat-native-ios
    builtin-copy -exclude .DS_Store -exclude CVS -exclude .svn -exclude .git -exclude .hg -resolve-src-symlinks /Users/runner/work/ALLSUNDAY1122.github.io/ALLSUNDAY1122.github.io/splat-native-ios/SplatNative/Resources/Licenses/msplat-APACHE-2.0.txt /Users/runner/Library/Developer/Xcode/DerivedData/SplatNative-dwmjesbccinwnzhdvkeajvbyatnj/Build/Products/Release-iphoneos/Splat\ Lab\ Native.app

CpResource /Users/runner/Library/Developer/Xcode/DerivedData/SplatNative-dwmjesbccinwnzhdvkeajvbyatnj/Build/Products/Release-iphoneos/Splat\ Lab\ Native.app/assimp-BSD-3-Clause.txt /Users/runner/work/ALLSUNDAY1122.github.io/ALLSUNDAY1122.github.io/splat-native-ios/SplatNative/Resources/Licenses/assimp-BSD-3-Clause.txt (in target 'SplatNative' from project 'SplatNative')
    cd /Users/runner/work/ALLSUNDAY1122.github.io/ALLSUNDAY1122.github.io/splat-native-ios
    builtin-copy -exclude .DS_Store -exclude CVS -exclude .svn -exclude .git -exclude .hg -resolve-src-symlinks /Users/runner/work/ALLSUNDAY1122.github.io/ALLSUNDAY1122.github.io/splat-native-ios/SplatNative/Resources/Licenses/assimp-BSD-3-Clause.txt /Users/runner/Library/Developer/Xcode/DerivedData/SplatNative-dwmjesbccinwnzhdvkeajvbyatnj/Build/Products/Release-iphoneos/Splat\ Lab\ Native.app

CpResource /Users/runner/Library/Developer/Xcode/DerivedData/SplatNative-dwmjesbccinwnzhdvkeajvbyatnj/Build/Products/Release-iphoneos/Splat\ Lab\ Native.app/PrivacyInfo.xcprivacy /Users/runner/work/ALLSUNDAY1122.github.io/ALLSUNDAY1122.github.io/splat-native-ios/SplatNative/PrivacyInfo.xcprivacy (in target 'SplatNative' from project 'SplatNative')
    cd /Users/runner/work/ALLSUNDAY1122.github.io/ALLSUNDAY1122.github.io/splat-native-ios
    builtin-copy -exclude .DS_Store -exclude CVS -exclude .svn -exclude .git -exclude .hg -resolve-src-symlinks /Users/runner/work/ALLSUNDAY1122.github.io/ALLSUNDAY1122.github.io/splat-native-ios/SplatNative/PrivacyInfo.xcprivacy /Users/runner/Library/Developer/Xcode/DerivedData/SplatNative-dwmjesbccinwnzhdvkeajvbyatnj/Build/Products/Release-iphoneos/Splat\ Lab\ Native.app

CpResource /Users/runner/Library/Developer/Xcode/DerivedData/SplatNative-dwmjesbccinwnzhdvkeajvbyatnj/Build/Products/Release-iphoneos/Splat\ Lab\ Native.app/MetalSplatter-MIT.txt /Users/runner/work/ALLSUNDAY1122.github.io/ALLSUNDAY1122.github.io/splat-native-ios/SplatNative/Resources/Licenses/MetalSplatter-MIT.txt (in target 'SplatNative' from project 'SplatNative')
    cd /Users/runner/work/ALLSUNDAY1122.github.io/ALLSUNDAY1122.github.io/splat-native-ios
    builtin-copy -exclude .DS_Store -exclude CVS -exclude .svn -exclude .git -exclude .hg -resolve-src-symlinks /Users/runner/work/ALLSUNDAY1122.github.io/ALLSUNDAY1122.github.io/splat-native-ios/SplatNative/Resources/Licenses/MetalSplatter-MIT.txt /Users/runner/Library/Developer/Xcode/DerivedData/SplatNative-dwmjesbccinwnzhdvkeajvbyatnj/Build/Products/Release-iphoneos/Splat\ Lab\ Native.app

Copy /Users/runner/Library/Developer/Xcode/DerivedData/SplatNative-dwmjesbccinwnzhdvkeajvbyatnj/Build/Products/Release-iphoneos/Splat\ Lab\ Native.app/swift-crypto_Crypto.bundle /Users/runner/Library/Developer/Xcode/DerivedData/SplatNative-dwmjesbccinwnzhdvkeajvbyatnj/Build/Products/Release-iphoneos/swift-crypto_Crypto.bundle (in target 'SplatNative' from project 'SplatNative')
    cd /Users/runner/work/ALLSUNDAY1122.github.io/ALLSUNDAY1122.github.io/splat-native-ios
    builtin-copy -exclude .DS_Store -exclude CVS -exclude .svn -exclude .git -exclude .hg -resolve-src-symlinks /Users/runner/Library/Developer/Xcode/DerivedData/SplatNative-dwmjesbccinwnzhdvkeajvbyatnj/Build/Products/Release-iphoneos/swift-crypto_Crypto.bundle /Users/runner/Library/Developer/Xcode/DerivedData/SplatNative-dwmjesbccinwnzhdvkeajvbyatnj/Build/Products/Release-iphoneos/Splat\ Lab\ Native.app

Copy /Users/runner/Library/Developer/Xcode/DerivedData/SplatNative-dwmjesbccinwnzhdvkeajvbyatnj/Build/Products/Release-iphoneos/Splat\ Lab\ Native.app/Msplat_Msplat.bundle /Users/runner/Library/Developer/Xcode/DerivedData/SplatNative-dwmjesbccinwnzhdvkeajvbyatnj/Build/Products/Release-iphoneos/Msplat_Msplat.bundle (in target 'SplatNative' from project 'SplatNative')
    cd /Users/runner/work/ALLSUNDAY1122.github.io/ALLSUNDAY1122.github.io/splat-native-ios
    builtin-copy -exclude .DS_Store -exclude CVS -exclude .svn -exclude .git -exclude .hg -resolve-src-symlinks /Users/runner/Library/Developer/Xcode/DerivedData/SplatNative-dwmjesbccinwnzhdvkeajvbyatnj/Build/Products/Release-iphoneos/Msplat_Msplat.bundle /Users/runner/Library/Developer/Xcode/DerivedData/SplatNative-dwmjesbccinwnzhdvkeajvbyatnj/Build/Products/Release-iphoneos/Splat\ Lab\ Native.app

Copy /Users/runner/Library/Developer/Xcode/DerivedData/SplatNative-dwmjesbccinwnzhdvkeajvbyatnj/Build/Products/Release-iphoneos/Splat\ Lab\ Native.app/MetalSplatter_MetalSplatter.bundle /Users/runner/Library/Developer/Xcode/DerivedData/SplatNative-dwmjesbccinwnzhdvkeajvbyatnj/Build/Products/Release-iphoneos/MetalSplatter_MetalSplatter.bundle (in target 'SplatNative' from project 'SplatNative')
    cd /Users/runner/work/ALLSUNDAY1122.github.io/ALLSUNDAY1122.github.io/splat-native-ios
    builtin-copy -exclude .DS_Store -exclude CVS -exclude .svn -exclude .git -exclude .hg -resolve-src-symlinks /Users/runner/Library/Developer/Xcode/DerivedData/SplatNative-dwmjesbccinwnzhdvkeajvbyatnj/Build/Products/Release-iphoneos/MetalSplatter_MetalSplatter.bundle /Users/runner/Library/Developer/Xcode/DerivedData/SplatNative-dwmjesbccinwnzhdvkeajvbyatnj/Build/Products/Release-iphoneos/Splat\ Lab\ Native.app

LinkAssetCatalog /Users/runner/work/ALLSUNDAY1122.github.io/ALLSUNDAY1122.github.io/splat-native-ios/SplatNative/Assets.xcassets (in target 'SplatNative' from project 'SplatNative')
    cd /Users/runner/work/ALLSUNDAY1122.github.io/ALLSUNDAY1122.github.io/splat-native-ios
    builtin-linkAssetCatalog --thinned /Users/runner/Library/Developer/Xcode/DerivedData/SplatNative-dwmjesbccinwnzhdvkeajvbyatnj/Build/Intermediates.noindex/SplatNative.build/Release-iphoneos/SplatNative.build/assetcatalog_output/thinned --thinned-dependencies /Users/runner/Library/Developer/Xcode/DerivedData/SplatNative-dwmjesbccinwnzhdvkeajvbyatnj/Build/Intermediates.noindex/SplatNative.build/Release-iphoneos/SplatNative.build/assetcatalog_dependencies_thinned --thinned-info-plist-content /Users/runner/Library/Developer/Xcode/DerivedData/SplatNative-dwmjesbccinwnzhdvkeajvbyatnj/Build/Intermediates.noindex/SplatNative.build/Release-iphoneos/SplatNative.build/assetcatalog_generated_info.plist_thinned --unthinned /Users/runner/Library/Developer/Xcode/DerivedData/SplatNative-dwmjesbccinwnzhdvkeajvbyatnj/Build/Intermediates.noindex/SplatNative.build/Release-iphoneos/SplatNative.build/assetcatalog_output/unthinned --unthinned-dependencies /Users/runner/Library/Developer/Xcode/DerivedData/SplatNative-dwmjesbccinwnzhdvkeajvbyatnj/Build/Intermediates.noindex/SplatNative.build/Release-iphoneos/SplatNative.build/assetcatalog_dependencies_unthinned --unthinned-info-plist-content /Users/runner/Library/Developer/Xcode/DerivedData/SplatNative-dwmjesbccinwnzhdvkeajvbyatnj/Build/Intermediates.noindex/SplatNative.build/Release-iphoneos/SplatNative.build/assetcatalog_generated_info.plist_unthinned --output /Users/runner/Library/Developer/Xcode/DerivedData/SplatNative-dwmjesbccinwnzhdvkeajvbyatnj/Build/Products/Release-iphoneos/Splat\ Lab\ Native.app --plist-output /Users/runner/Library/Developer/Xcode/DerivedData/SplatNative-dwmjesbccinwnzhdvkeajvbyatnj/Build/Intermediates.noindex/SplatNative.build/Release-iphoneos/SplatNative.build/assetcatalog_generated_info.plist

ProcessInfoPlistFile /Users/runner/Library/Developer/Xcode/DerivedData/SplatNative-dwmjesbccinwnzhdvkeajvbyatnj/Build/Products/Release-iphoneos/Splat\ Lab\ Native.app/Info.plist /Users/runner/Library/Developer/Xcode/DerivedData/SplatNative-dwmjesbccinwnzhdvkeajvbyatnj/Build/Intermediates.noindex/SplatNative.build/Release-iphoneos/SplatNative.build/empty-Splat\ Lab\ Native.plist (in target 'SplatNative' from project 'SplatNative')
    cd /Users/runner/work/ALLSUNDAY1122.github.io/ALLSUNDAY1122.github.io/splat-native-ios
    builtin-infoPlistUtility /Users/runner/Library/Developer/Xcode/DerivedData/SplatNative-dwmjesbccinwnzhdvkeajvbyatnj/Build/Intermediates.noindex/SplatNative.build/Release-iphoneos/SplatNative.build/empty-Splat\ Lab\ Native.plist -producttype com.apple.product-type.application -genpkginfo /Users/runner/Library/Developer/Xcode/DerivedData/SplatNative-dwmjesbccinwnzhdvkeajvbyatnj/Build/Products/Release-iphoneos/Splat\ Lab\ Native.app/PkgInfo -expandbuildsettings -format binary -platform iphoneos -additionalcontentfile /Users/runner/Library/Developer/Xcode/DerivedData/SplatNative-dwmjesbccinwnzhdvkeajvbyatnj/Build/Intermediates.noindex/SplatNative.build/Release-iphoneos/SplatNative.build/assetcatalog_generated_info.plist -scanforprivacyfile /Users/runner/Library/Developer/Xcode/DerivedData/SplatNative-dwmjesbccinwnzhdvkeajvbyatnj/Build/Products/Release-iphoneos/Splat\ Lab\ Native.app/MetalSplatter_MetalSplatter.bundle -scanforprivacyfile /Users/runner/Library/Developer/Xcode/DerivedData/SplatNative-dwmjesbccinwnzhdvkeajvbyatnj/Build/Products/Release-iphoneos/Splat\ Lab\ Native.app/Msplat_Msplat.bundle -scanforprivacyfile /Users/runner/Library/Developer/Xcode/DerivedData/SplatNative-dwmjesbccinwnzhdvkeajvbyatnj/Build/Products/Release-iphoneos/Splat\ Lab\ Native.app/swift-crypto_Crypto.bundle -requiredArchitecture arm64 -o /Users/runner/Library/Developer/Xcode/DerivedData/SplatNative-dwmjesbccinwnzhdvkeajvbyatnj/Build/Products/Release-iphoneos/Splat\ Lab\ Native.app/Info.plist

SwiftDriverJobDiscovery normal arm64 Compiling CapturePolicy.swift, ContentView.swift, IntegratedScanLabShellView.swift, MeshARViewer.swift, MeshAdvancedSupervisor.swift, MeshAppearanceEditor.swift, MeshAssetContract+MeshScanModel.swift, MeshAssetContract.swift, MeshCaptureCoveragePolicy.swift, MeshCaptureQualityAdvisor.swift, MeshDenseMVS.swift, MeshDenseTextureBaker.swift, MeshDepthPayload.swift, MeshDepthRecorder.swift, MeshDetailSimplifier.swift, MeshDurabilityCoordinator.swift, MeshDurabilityRecoveryStore.swift, MeshExportAdmission.swift, MeshExportMemoryPolicy.swift, MeshExportOptionsView.swift, MeshExportService.swift, MeshFrameJPEGEncoder.swift, MeshGeometryRefiner.swift, MeshLiDARDenseFusion.swift, MeshLibraryView.swift, MeshOBJShareBundle.swift, MeshParityAuditor.swift, MeshPointCloudExportService.swift, MeshProjectIntegrity.swift, MeshProjectStore.swift, MeshRGBTextureBaker.swift, MeshRawInputValidator.swift, MeshRawProjectBridge.swift, MeshRawReprocess.swift, MeshRawSceneValidator.swift, MeshScanModel.swift, MeshScanView.swift, MeshSimplifier.swift, MeshTextReferenceRewriter.swift, MeshTrimEditor.swift, MeshVisualFallback.swift, PublicBrowsePolicy.swift, PublishScanView.swift, RootScanView.swift, SH3PreservingGaussianTrainer.swift, ScanLabAccountView.swift, ScanLabAuthCallbackPolicy.swift, ScanLabAuthErrorPolicy.swift, ScanLabAuthStatePolicy.swift, ScanLabBackend+AuthCallback.swift, ScanLabBackend+ProfileConflict.swift, ScanLabBackend+PublishLifecycle.swift, ScanLabBackend+SafeSignOut.swift, ScanLabBackend+TrustedPublish.swift, ScanLabBackend.swift, ScanLabDiscoverFeedStore.swift, ScanLabGeotagPolicy.swift, ScanLabMapQuery.swift, ScanLabPasswordRecoveryCoordinator.swift, ScanLabPasswordRecoveryPolicy.swift, ScanLabProfilePolicy.swift, ScanLabProfileService.swift, ScanLabProfileView.swift, ScanLabPublishPackage+Async.swift, ScanLabPublishPackage.swift, ScanLabSessionPolicy.swift, ScanLabShellView.swift, ScanLibraryView.swift, ScanModel+CaptureBoundary.swift, ScanModel+PersistenceBoundary.swift, ScanModel+ReconstructionBoundary.swift, ScanModel+SessionLifecycle.swift, ScanModel+SessionLifecycleBoundary.swift, ScanModel.swift, ScanProjectStore.swift, ScanReportBackend.swift, ScanReportPolicy.swift, ScanWorldMapArchiveStore.swift, SplatCameraGeometry.swift, SplatCanonicalSHAsset+ProjectDurability.swift, SplatCanonicalSHAsset+TrustedDigest.swift, SplatColorAdjustment.swift, SplatCompletionVerifier.swift, SplatDepthSeedBuilder.swift, SplatEditHistory.swift, SplatExportAdmission+Async.swift, SplatExportAdmission.swift, SplatExportOptionsView.swift, SplatExportService.swift, SplatNativeApp.swift, SplatPersistedEditMaterializer+Cancellation.swift, SplatPreviousResultEvidence+Async.swift, SplatPreviousResultEvidence.swift, SplatPreviousResultIntegrityRecovery.swift, SplatProjectTrustRecovery.swift, SplatReconstructionPolicy.swift, SplatResourceGuard.swift, SplatResultView.swift, SplatSIMDCompatibility.swift, SplatSeedColorizer.swift, SplatSkySeeder.swift, SplatSoftwareDepthSeedBuilder.swift, SplatStrongCompletionEvidence.swift, SplatTransientExportWorkspace.swift, SplatVideoConfiguration.swift, SplatVideoExporter.swift, SplatVideoMemoryPolicy.swift, SplatVideoOptionsView.swift, SplatVideoOutputValidator.swift, SplatViewer.swift, SplatViewerCameraDatasetLoader.swift, SplatViewerMemoryPolicy.swift, SplatViewerState.swift, GeneratedAssetSymbols.swift (in target 'SplatNative' from project 'SplatNative')

SwiftDriver\ Compilation\ Requirements SplatNative normal arm64 com.apple.xcode.tools.swift.compiler (in target 'SplatNative' from project 'SplatNative')
    cd /Users/runner/work/ALLSUNDAY1122.github.io/ALLSUNDAY1122.github.io/splat-native-ios
    builtin-Swift-Compilation-Requirements -- /Applications/Xcode_16.4.app/Contents/Developer/Toolchains/XcodeDefault.xctoolchain/usr/bin/swiftc -module-name Splat_Lab_Native -O -whole-module-optimization -enforce-exclusivity\=checked @/Users/runner/Library/Developer/Xcode/DerivedData/SplatNative-dwmjesbccinwnzhdvkeajvbyatnj/Build/Intermediates.noindex/SplatNative.build/Release-iphoneos/SplatNative.build/Objects-normal/arm64/Splat\ Lab\ Native.SwiftFileList -Xcc -fmodule-map-file\=/Users/runner/Library/Developer/Xcode/DerivedData/SplatNative-dwmjesbccinwnzhdvkeajvbyatnj/Build/Intermediates.noindex/GeneratedModuleMaps-iphoneos/MsplatCore.modulemap -enable-experimental-feature DebugDescriptionMacro -sdk /Applications/Xcode_16.4.app/Contents/Developer/Platforms/iPhoneOS.platform/Developer/SDKs/iPhoneOS18.5.sdk -target arm64-apple-ios18.0 -g -module-cache-path /Users/runner/Library/Developer/Xcode/DerivedData/ModuleCache.noindex -Xfrontend -serialize-debugging-options -swift-version 6 -I /Users/runner/Library/Developer/Xcode/DerivedData/SplatNative-dwmjesbccinwnzhdvkeajvbyatnj/Build/Products/Release-iphoneos -F /Users/runner/Library/Developer/Xcode/DerivedData/SplatNative-dwmjesbccinwnzhdvkeajvbyatnj/Build/Products/Release-iphoneos/PackageFrameworks -F /Users/runner/Library/Developer/Xcode/DerivedData/SplatNative-dwmjesbccinwnzhdvkeajvbyatnj/Build/Products/Release-iphoneos/PackageFrameworks -F /Users/runner/Library/Developer/Xcode/DerivedData/SplatNative-dwmjesbccinwnzhdvkeajvbyatnj/Build/Products/Release-iphoneos/PackageFrameworks -F /Users/runner/Library/Developer/Xcode/DerivedData/SplatNative-dwmjesbccinwnzhdvkeajvbyatnj/Build/Products/Release-iphoneos/PackageFrameworks -F /Users/runner/Library/Developer/Xcode/DerivedData/SplatNative-dwmjesbccinwnzhdvkeajvbyatnj/Build/Products/Release-iphoneos/PackageFrameworks -F /Users/runner/Library/Developer/Xcode/DerivedData/SplatNative-dwmjesbccinwnzhdvkeajvbyatnj/Build/Products/Release-iphoneos/PackageFrameworks -F /Users/runner/Library/Developer/Xcode/DerivedData/SplatNative-dwmjesbccinwnzhdvkeajvbyatnj/Build/Products/Release-iphoneos/PackageFrameworks -F /Users/runner/Library/Developer/Xcode/DerivedData/SplatNative-dwmjesbccinwnzhdvkeajvbyatnj/Build/Products/Release-iphoneos/PackageFrameworks -F /Users/runner/Library/Developer/Xcode/DerivedData/SplatNative-dwmjesbccinwnzhdvkeajvbyatnj/Build/Products/Release-iphoneos/PackageFrameworks -F /Users/runner/Library/Developer/Xcode/DerivedData/SplatNative-dwmjesbccinwnzhdvkeajvbyatnj/Build/Products/Release-iphoneos/PackageFrameworks -F /Users/runner/Library/Developer/Xcode/DerivedData/SplatNative-dwmjesbccinwnzhdvkeajvbyatnj/Build/Products/Release-iphoneos/PackageFrameworks -F /Users/runner/Library/Developer/Xcode/DerivedData/SplatNative-dwmjesbccinwnzhdvkeajvbyatnj/Build/Products/Release-iphoneos/PackageFrameworks -F /Users/runner/Library/Developer/Xcode/DerivedData/SplatNative-dwmjesbccinwnzhdvkeajvbyatnj/Build/Products/Release-iphoneos/PackageFrameworks -F /Users/runner/Library/Developer/Xcode/DerivedData/SplatNative-dwmjesbccinwnzhdvkeajvbyatnj/Build/Products/Release-iphoneos/PackageFrameworks -F /Users/runner/Library/Developer/Xcode/DerivedData/SplatNative-dwmjesbccinwnzhdvkeajvbyatnj/Build/Products/Release-iphoneos/PackageFrameworks -F /Users/runner/Library/Developer/Xcode/DerivedData/SplatNative-dwmjesbccinwnzhdvkeajvbyatnj/Build/Products/Release-iphoneos/PackageFrameworks -F /Users/runner/Library/Developer/Xcode/DerivedData/SplatNative-dwmjesbccinwnzhdvkeajvbyatnj/Build/Products/Release-iphoneos/PackageFrameworks -F /Users/runner/Library/Developer/Xcode/DerivedData/SplatNative-dwmjesbccinwnzhdvkeajvbyatnj/Build/Products/Release-iphoneos/PackageFrameworks -F /Users/runner/Library/Developer/Xcode/DerivedData/SplatNative-dwmjesbccinwnzhdvkeajvbyatnj/Build/Products/Release-iphoneos/PackageFrameworks -F /Users/runner/Library/Developer/Xcode/DerivedData/SplatNative-dwmjesbccinwnzhdvkeajvbyatnj/Build/Products/Release-iphoneos/PackageFrameworks -F /Users/runner/Library/Developer/Xcode/DerivedData/SplatNative-dwmjesbccinwnzhdvkeajvbyatnj/Build/Products/Release-iphoneos -c -num-threads 3 -Xcc -ivfsstatcache -Xcc /Users/runner/Library/Developer/Xcode/DerivedData/SDKStatCaches.noindex/iphoneos18.5-22F76-a529daf784b3616c7c04a36aeb7f5c05.sdkstatcache -output-file-map /Users/runner/Library/Developer/Xcode/DerivedData/SplatNative-dwmjesbccinwnzhdvkeajvbyatnj/Build/Intermediates.noindex/SplatNative.build/Release-iphoneos/SplatNative.build/Objects-normal/arm64/SplatNative-OutputFileMap.json -use-frontend-parseable-output -save-temps -no-color-diagnostics -serialize-diagnostics -emit-dependencies -emit-module -emit-module-path /Users/runner/Library/Developer/Xcode/DerivedData/SplatNative-dwmjesbccinwnzhdvkeajvbyatnj/Build/Intermediates.noindex/SplatNative.build/Release-iphoneos/SplatNative.build/Objects-normal/arm64/Splat_Lab_Native.swiftmodule -validate-clang-modules-once -clang-build-session-file /Users/runner/Library/Developer/Xcode/DerivedData/ModuleCache.noindex/Session.modulevalidation -Xcc -I/Users/runner/Library/Developer/Xcode/DerivedData/SplatNative-dwmjesbccinwnzhdvkeajvbyatnj/Build/Intermediates.noindex/SplatNative.build/Release-iphoneos/SplatNative.build/swift-overrides.hmap -emit-const-values -Xfrontend -const-gather-protocols-file -Xfrontend /Users/runner/Library/Developer/Xcode/DerivedData/SplatNative-dwmjesbccinwnzhdvkeajvbyatnj/Build/Intermediates.noindex/SplatNative.build/Release-iphoneos/SplatNative.build/Objects-normal/arm64/SplatNative_const_extract_protocols.json -Xcc -iquote -Xcc /Users/runner/Library/Developer/Xcode/DerivedData/SplatNative-dwmjesbccinwnzhdvkeajvbyatnj/Build/Intermediates.noindex/SplatNative.build/Release-iphoneos/SplatNative.build/Splat\ Lab\ Native-generated-files.hmap -Xcc -I/Users/runner/Library/Developer/Xcode/DerivedData/SplatNative-dwmjesbccinwnzhdvkeajvbyatnj/Build/Intermediates.noindex/SplatNative.build/Release-iphoneos/SplatNative.build/Splat\ Lab\ Native-own-target-headers.hmap -Xcc -I/Users/runner/Library/Developer/Xcode/DerivedData/SplatNative-dwmjesbccinwnzhdvkeajvbyatnj/Build/Intermediates.noindex/SplatNative.build/Release-iphoneos/SplatNative.build/Splat\ Lab\ Native-all-non-framework-target-headers.hmap -Xcc -ivfsoverlay -Xcc /Users/runner/Library/Developer/Xcode/DerivedData/SplatNative-dwmjesbccinwnzhdvkeajvbyatnj/Build/Intermediates.noindex/SplatNative.build/Release-iphoneos/SplatNative-0129da033c31a23b22df2bed4ab3eef4-VFS-iphoneos/all-product-headers.yaml -Xcc -iquote -Xcc /Users/runner/Library/Developer/Xcode/DerivedData/SplatNative-dwmjesbccinwnzhdvkeajvbyatnj/Build/Intermediates.noindex/SplatNative.build/Release-iphoneos/SplatNative.build/Splat\ Lab\ Native-project-headers.hmap -Xcc -I/Users/runner/work/ALLSUNDAY1122.github.io/ALLSUNDAY1122.github.io/splat-native-ios/Packages/MsplatMemory/Sources/MsplatCore/include -Xcc -I/Users/runner/Library/Developer/Xcode/DerivedData/SplatNative-dwmjesbccinwnzhdvkeajvbyatnj/Build/Products/Release-iphoneos/include -Xcc -I/Users/runner/Library/Developer/Xcode/DerivedData/SplatNative-dwmjesbccinwnzhdvkeajvbyatnj/Build/Intermediates.noindex/SplatNative.build/Release-iphoneos/SplatNative.build/DerivedSources-normal/arm64 -Xcc -I/Users/runner/Library/Developer/Xcode/DerivedData/SplatNative-dwmjesbccinwnzhdvkeajvbyatnj/Build/Intermediates.noindex/SplatNative.build/Release-iphoneos/SplatNative.build/DerivedSources/arm64 -Xcc -I/Users/runner/Library/Developer/Xcode/DerivedData/SplatNative-dwmjesbccinwnzhdvkeajvbyatnj/Build/Intermediates.noindex/SplatNative.build/Release-iphoneos/SplatNative.build/DerivedSources -emit-objc-header -emit-objc-header-path /Users/runner/Library/Developer/Xcode/DerivedData/SplatNative-dwmjesbccinwnzhdvkeajvbyatnj/Build/Intermediates.noindex/SplatNative.build/Release-iphoneos/SplatNative.build/Objects-normal/arm64/Splat_Lab_Native-Swift.h -working-directory /Users/runner/work/ALLSUNDAY1122.github.io/ALLSUNDAY1122.github.io/splat-native-ios -no-emit-module-separately-wmo

SwiftMergeGeneratedHeaders /Users/runner/Library/Developer/Xcode/DerivedData/SplatNative-dwmjesbccinwnzhdvkeajvbyatnj/Build/Intermediates.noindex/SplatNative.build/Release-iphoneos/SplatNative.build/DerivedSources/Splat_Lab_Native-Swift.h /Users/runner/Library/Developer/Xcode/DerivedData/SplatNative-dwmjesbccinwnzhdvkeajvbyatnj/Build/Intermediates.noindex/SplatNative.build/Release-iphoneos/SplatNative.build/Objects-normal/arm64/Splat_Lab_Native-Swift.h (in target 'SplatNative' from project 'SplatNative')
    cd /Users/runner/work/ALLSUNDAY1122.github.io/ALLSUNDAY1122.github.io/splat-native-ios
    builtin-swiftHeaderTool -arch arm64 /Users/runner/Library/Developer/Xcode/DerivedData/SplatNative-dwmjesbccinwnzhdvkeajvbyatnj/Build/Intermediates.noindex/SplatNative.build/Release-iphoneos/SplatNative.build/Objects-normal/arm64/Splat_Lab_Native-Swift.h -o /Users/runner/Library/Developer/Xcode/DerivedData/SplatNative-dwmjesbccinwnzhdvkeajvbyatnj/Build/Intermediates.noindex/SplatNative.build/Release-iphoneos/SplatNative.build/DerivedSources/Splat_Lab_Native-Swift.h

Copy /Users/runner/Library/Developer/Xcode/DerivedData/SplatNative-dwmjesbccinwnzhdvkeajvbyatnj/Build/Products/Release-iphoneos/Splat_Lab_Native.swiftmodule/arm64-apple-ios.swiftdoc /Users/runner/Library/Developer/Xcode/DerivedData/SplatNative-dwmjesbccinwnzhdvkeajvbyatnj/Build/Intermediates.noindex/SplatNative.build/Release-iphoneos/SplatNative.build/Objects-normal/arm64/Splat_Lab_Native.swiftdoc (in target 'SplatNative' from project 'SplatNative')
    cd /Users/runner/work/ALLSUNDAY1122.github.io/ALLSUNDAY1122.github.io/splat-native-ios
    builtin-copy -exclude .DS_Store -exclude CVS -exclude .svn -exclude .git -exclude .hg -resolve-src-symlinks -rename /Users/runner/Library/Developer/Xcode/DerivedData/SplatNative-dwmjesbccinwnzhdvkeajvbyatnj/Build/Intermediates.noindex/SplatNative.build/Release-iphoneos/SplatNative.build/Objects-normal/arm64/Splat_Lab_Native.swiftdoc /Users/runner/Library/Developer/Xcode/DerivedData/SplatNative-dwmjesbccinwnzhdvkeajvbyatnj/Build/Products/Release-iphoneos/Splat_Lab_Native.swiftmodule/arm64-apple-ios.swiftdoc

Copy /Users/runner/Library/Developer/Xcode/DerivedData/SplatNative-dwmjesbccinwnzhdvkeajvbyatnj/Build/Products/Release-iphoneos/Splat_Lab_Native.swiftmodule/arm64-apple-ios.swiftmodule /Users/runner/Library/Developer/Xcode/DerivedData/SplatNative-dwmjesbccinwnzhdvkeajvbyatnj/Build/Intermediates.noindex/SplatNative.build/Release-iphoneos/SplatNative.build/Objects-normal/arm64/Splat_Lab_Native.swiftmodule (in target 'SplatNative' from project 'SplatNative')
    cd /Users/runner/work/ALLSUNDAY1122.github.io/ALLSUNDAY1122.github.io/splat-native-ios
    builtin-copy -exclude .DS_Store -exclude CVS -exclude .svn -exclude .git -exclude .hg -resolve-src-symlinks -rename /Users/runner/Library/Developer/Xcode/DerivedData/SplatNative-dwmjesbccinwnzhdvkeajvbyatnj/Build/Intermediates.noindex/SplatNative.build/Release-iphoneos/SplatNative.build/Objects-normal/arm64/Splat_Lab_Native.swiftmodule /Users/runner/Library/Developer/Xcode/DerivedData/SplatNative-dwmjesbccinwnzhdvkeajvbyatnj/Build/Products/Release-iphoneos/Splat_Lab_Native.swiftmodule/arm64-apple-ios.swiftmodule

Copy /Users/runner/Library/Developer/Xcode/DerivedData/SplatNative-dwmjesbccinwnzhdvkeajvbyatnj/Build/Products/Release-iphoneos/Splat_Lab_Native.swiftmodule/arm64-apple-ios.abi.json /Users/runner/Library/Developer/Xcode/DerivedData/SplatNative-dwmjesbccinwnzhdvkeajvbyatnj/Build/Intermediates.noindex/SplatNative.build/Release-iphoneos/SplatNative.build/Objects-normal/arm64/Splat_Lab_Native.abi.json (in target 'SplatNative' from project 'SplatNative')
    cd /Users/runner/work/ALLSUNDAY1122.github.io/ALLSUNDAY1122.github.io/splat-native-ios
    builtin-copy -exclude .DS_Store -exclude CVS -exclude .svn -exclude .git -exclude .hg -resolve-src-symlinks -rename /Users/runner/Library/Developer/Xcode/DerivedData/SplatNative-dwmjesbccinwnzhdvkeajvbyatnj/Build/Intermediates.noindex/SplatNative.build/Release-iphoneos/SplatNative.build/Objects-normal/arm64/Splat_Lab_Native.abi.json /Users/runner/Library/Developer/Xcode/DerivedData/SplatNative-dwmjesbccinwnzhdvkeajvbyatnj/Build/Products/Release-iphoneos/Splat_Lab_Native.swiftmodule/arm64-apple-ios.abi.json

Copy /Users/runner/Library/Developer/Xcode/DerivedData/SplatNative-dwmjesbccinwnzhdvkeajvbyatnj/Build/Products/Release-iphoneos/Splat_Lab_Native.swiftmodule/Project/arm64-apple-ios.swiftsourceinfo /Users/runner/Library/Developer/Xcode/DerivedData/SplatNative-dwmjesbccinwnzhdvkeajvbyatnj/Build/Intermediates.noindex/SplatNative.build/Release-iphoneos/SplatNative.build/Objects-normal/arm64/Splat_Lab_Native.swiftsourceinfo (in target 'SplatNative' from project 'SplatNative')
    cd /Users/runner/work/ALLSUNDAY1122.github.io/ALLSUNDAY1122.github.io/splat-native-ios
    builtin-copy -exclude .DS_Store -exclude CVS -exclude .svn -exclude .git -exclude .hg -resolve-src-symlinks -rename /Users/runner/Library/Developer/Xcode/DerivedData/SplatNative-dwmjesbccinwnzhdvkeajvbyatnj/Build/Intermediates.noindex/SplatNative.build/Release-iphoneos/SplatNative.build/Objects-normal/arm64/Splat_Lab_Native.swiftsourceinfo /Users/runner/Library/Developer/Xcode/DerivedData/SplatNative-dwmjesbccinwnzhdvkeajvbyatnj/Build/Products/Release-iphoneos/Splat_Lab_Native.swiftmodule/Project/arm64-apple-ios.swiftsourceinfo

Ld /Users/runner/Library/Developer/Xcode/DerivedData/SplatNative-dwmjesbccinwnzhdvkeajvbyatnj/Build/Products/Release-iphoneos/Splat\ Lab\ Native.app/Splat\ Lab\ Native normal (in target 'SplatNative' from project 'SplatNative')
    cd /Users/runner/work/ALLSUNDAY1122.github.io/ALLSUNDAY1122.github.io/splat-native-ios
    /Applications/Xcode_16.4.app/Contents/Developer/Toolchains/XcodeDefault.xctoolchain/usr/bin/clang -Xlinker -reproducible -target arm64-apple-ios18.0 -isysroot /Applications/Xcode_16.4.app/Contents/Developer/Platforms/iPhoneOS.platform/Developer/SDKs/iPhoneOS18.5.sdk -Os -L/Users/runner/Library/Developer/Xcode/DerivedData/SplatNative-dwmjesbccinwnzhdvkeajvbyatnj/Build/Intermediates.noindex/EagerLinkingTBDs/Release-iphoneos -L/Users/runner/Library/Developer/Xcode/DerivedData/SplatNative-dwmjesbccinwnzhdvkeajvbyatnj/Build/Products/Release-iphoneos -F/Users/runner/Library/Developer/Xcode/DerivedData/SplatNative-dwmjesbccinwnzhdvkeajvbyatnj/Build/Intermediates.noindex/EagerLinkingTBDs/Release-iphoneos -F/Users/runner/Library/Developer/Xcode/DerivedData/SplatNative-dwmjesbccinwnzhdvkeajvbyatnj/Build/Products/Release-iphoneos/PackageFrameworks -F/Users/runner/Library/Developer/Xcode/DerivedData/SplatNative-dwmjesbccinwnzhdvkeajvbyatnj/Build/Products/Release-iphoneos/PackageFrameworks -F/Users/runner/Library/Developer/Xcode/DerivedData/SplatNative-dwmjesbccinwnzhdvkeajvbyatnj/Build/Products/Release-iphoneos/PackageFrameworks -F/Users/runner/Library/Developer/Xcode/DerivedData/SplatNative-dwmjesbccinwnzhdvkeajvbyatnj/Build/Products/Release-iphoneos/PackageFrameworks -F/Users/runner/Library/Developer/Xcode/DerivedData/SplatNative-dwmjesbccinwnzhdvkeajvbyatnj/Build/Products/Release-iphoneos/PackageFrameworks -F/Users/runner/Library/Developer/Xcode/DerivedData/SplatNative-dwmjesbccinwnzhdvkeajvbyatnj/Build/Products/Release-iphoneos/PackageFrameworks -F/Users/runner/Library/Developer/Xcode/DerivedData/SplatNative-dwmjesbccinwnzhdvkeajvbyatnj/Build/Products/Release-iphoneos/PackageFrameworks -F/Users/runner/Library/Developer/Xcode/DerivedData/SplatNative-dwmjesbccinwnzhdvkeajvbyatnj/Build/Products/Release-iphoneos/PackageFrameworks -F/Users/runner/Library/Developer/Xcode/DerivedData/SplatNative-dwmjesbccinwnzhdvkeajvbyatnj/Build/Products/Release-iphoneos/PackageFrameworks -F/Users/runner/Library/Developer/Xcode/DerivedData/SplatNative-dwmjesbccinwnzhdvkeajvbyatnj/Build/Products/Release-iphoneos/PackageFrameworks -F/Users/runner/Library/Developer/Xcode/DerivedData/SplatNative-dwmjesbccinwnzhdvkeajvbyatnj/Build/Products/Release-iphoneos/PackageFrameworks -F/Users/runner/Library/Developer/Xcode/DerivedData/SplatNative-dwmjesbccinwnzhdvkeajvbyatnj/Build/Products/Release-iphoneos/PackageFrameworks -F/Users/runner/Library/Developer/Xcode/DerivedData/SplatNative-dwmjesbccinwnzhdvkeajvbyatnj/Build/Products/Release-iphoneos/PackageFrameworks -F/Users/runner/Library/Developer/Xcode/DerivedData/SplatNative-dwmjesbccinwnzhdvkeajvbyatnj/Build/Products/Release-iphoneos/PackageFrameworks -F/Users/runner/Library/Developer/Xcode/DerivedData/SplatNative-dwmjesbccinwnzhdvkeajvbyatnj/Build/Products/Release-iphoneos/PackageFrameworks -F/Users/runner/Library/Developer/Xcode/DerivedData/SplatNative-dwmjesbccinwnzhdvkeajvbyatnj/Build/Products/Release-iphoneos/PackageFrameworks -F/Users/runner/Library/Developer/Xcode/DerivedData/SplatNative-dwmjesbccinwnzhdvkeajvbyatnj/Build/Products/Release-iphoneos/PackageFrameworks -F/Users/runner/Library/Developer/Xcode/DerivedData/SplatNative-dwmjesbccinwnzhdvkeajvbyatnj/Build/Products/Release-iphoneos/PackageFrameworks -F/Users/runner/Library/Developer/Xcode/DerivedData/SplatNative-dwmjesbccinwnzhdvkeajvbyatnj/Build/Products/Release-iphoneos/PackageFrameworks -F/Users/runner/Library/Developer/Xcode/DerivedData/SplatNative-dwmjesbccinwnzhdvkeajvbyatnj/Build/Products/Release-iphoneos/PackageFrameworks -F/Users/runner/Library/Developer/Xcode/DerivedData/SplatNative-dwmjesbccinwnzhdvkeajvbyatnj/Build/Products/Release-iphoneos -filelist /Users/runner/Library/Developer/Xcode/DerivedData/SplatNative-dwmjesbccinwnzhdvkeajvbyatnj/Build/Intermediates.noindex/SplatNative.build/Release-iphoneos/SplatNative.build/Objects-normal/arm64/Splat\ Lab\ Native.LinkFileList -Xlinker -rpath -Xlinker @executable_path/Frameworks -dead_strip -Xlinker -object_path_lto -Xlinker /Users/runner/Library/Developer/Xcode/DerivedData/SplatNative-dwmjesbccinwnzhdvkeajvbyatnj/Build/Intermediates.noindex/SplatNative.build/Release-iphoneos/SplatNative.build/Objects-normal/arm64/Splat\ Lab\ Native_lto.o -Xlinker -dependency_info -Xlinker /Users/runner/Library/Developer/Xcode/DerivedData/SplatNative-dwmjesbccinwnzhdvkeajvbyatnj/Build/Intermediates.noindex/SplatNative.build/Release-iphoneos/SplatNative.build/Objects-normal/arm64/Splat\ Lab\ Native_dependency_info.dat -fobjc-link-runtime -L/Applications/Xcode_16.4.app/Contents/Developer/Toolchains/XcodeDefault.xctoolchain/usr/lib/swift/iphoneos -L/usr/lib/swift -Xlinker -add_ast_path -Xlinker /Users/runner/Library/Developer/Xcode/DerivedData/SplatNative-dwmjesbccinwnzhdvkeajvbyatnj/Build/Intermediates.noindex/SplatNative.build/Release-iphoneos/SplatNative.build/Objects-normal/arm64/Splat_Lab_Native.swiftmodule -lc++ -Wl,-no_warn_duplicate_libraries -Wl,-no_warn_duplicate_libraries -Wl,-no_warn_duplicate_libraries -Wl,-no_warn_duplicate_libraries -Wl,-no_warn_duplicate_libraries -Wl,-no_warn_duplicate_libraries -Wl,-no_warn_duplicate_libraries -Wl,-no_warn_duplicate_libraries -Wl,-no_warn_duplicate_libraries -Wl,-no_warn_duplicate_libraries -Wl,-no_warn_duplicate_libraries -Wl,-no_warn_duplicate_libraries -Wl,-no_warn_duplicate_libraries -Wl,-no_warn_duplicate_libraries -Wl,-no_warn_duplicate_libraries -Wl,-no_warn_duplicate_libraries -Wl,-no_warn_duplicate_libraries -Wl,-no_warn_duplicate_libraries -Wl,-no_warn_duplicate_libraries -Wl,-no_warn_duplicate_libraries -framework Foundation -framework Metal -framework MetalKit -framework MetalPerformanceShaders -framework ImageIO -framework CoreGraphics -lc++ -lassimp -lc++ -lz -o /Users/runner/Library/Developer/Xcode/DerivedData/SplatNative-dwmjesbccinwnzhdvkeajvbyatnj/Build/Products/Release-iphoneos/Splat\ Lab\ Native.app/Splat\ Lab\ Native -Xlinker -add_ast_path -Xlinker /Users/runner/Library/Developer/Xcode/DerivedData/SplatNative-dwmjesbccinwnzhdvkeajvbyatnj/Build/Intermediates.noindex/Msplat.build/Release-iphoneos/Msplat.build/Objects-normal/arm64/Msplat.swiftmodule -Xlinker -add_ast_path -Xlinker /Users/runner/Library/Developer/Xcode/DerivedData/SplatNative-dwmjesbccinwnzhdvkeajvbyatnj/Build/Intermediates.noindex/MetalSplatter.build/Release-iphoneos/MetalSplatter.build/Objects-normal/arm64/MetalSplatter.swiftmodule -Xlinker -add_ast_path -Xlinker /Users/runner/Library/Developer/Xcode/DerivedData/SplatNative-dwmjesbccinwnzhdvkeajvbyatnj/Build/Intermediates.noindex/MetalSplatter.build/Release-iphoneos/PLYIO.build/Objects-normal/arm64/PLYIO.swiftmodule -Xlinker -add_ast_path -Xlinker /Users/runner/Library/Developer/Xcode/DerivedData/SplatNative-dwmjesbccinwnzhdvkeajvbyatnj/Build/Intermediates.noindex/spz-swift.build/Release-iphoneos/spz.build/Objects-normal/arm64/spz.swiftmodule -Xlinker -add_ast_path -Xlinker /Users/runner/Library/Developer/Xcode/DerivedData/SplatNative-dwmjesbccinwnzhdvkeajvbyatnj/Build/Intermediates.noindex/MetalSplatter.build/Release-iphoneos/SplatIO.build/Objects-normal/arm64/SplatIO.swiftmodule -Xlinker -add_ast_path -Xlinker /Users/runner/Library/Developer/Xcode/DerivedData/SplatNative-dwmjesbccinwnzhdvkeajvbyatnj/Build/Intermediates.noindex/Supabase.build/Release-iphoneos/Supabase.build/Objects-normal/arm64/Supabase.swiftmodule -Xlinker -add_ast_path -Xlinker /Users/runner/Library/Developer/Xcode/DerivedData/SplatNative-dwmjesbccinwnzhdvkeajvbyatnj/Build/Intermediates.noindex/swift-concurrency-extras.build/Release-iphoneos/ConcurrencyExtras.build/Objects-normal/arm64/ConcurrencyExtras.swiftmodule -Xlinker -add_ast_path -Xlinker /Users/runner/Library/Developer/Xcode/DerivedData/SplatNative-dwmjesbccinwnzhdvkeajvbyatnj/Build/Intermediates.noindex/swift-http-types.build/Release-iphoneos/HTTPTypes.build/Objects-normal/arm64/HTTPTypes.swiftmodule -Xlinker -add_ast_path -Xlinker /Users/runner/Library/Developer/Xcode/DerivedData/SplatNative-dwmjesbccinwnzhdvkeajvbyatnj/Build/Intermediates.noindex/swift-clocks.build/Release-iphoneos/Clocks.build/Objects-normal/arm64/Clocks.swiftmodule -Xlinker -add_ast_path -Xlinker /Users/runner/Library/Developer/Xcode/DerivedData/SplatNative-dwmjesbccinwnzhdvkeajvbyatnj/Build/Intermediates.noindex/xctest-dynamic-overlay.build/Release-iphoneos/IssueReporting.build/Objects-normal/arm64/IssueReporting.swiftmodule -Xlinker -add_ast_path -Xlinker /Users/runner/Library/Developer/Xcode/DerivedData/SplatNative-dwmjesbccinwnzhdvkeajvbyatnj/Build/Intermediates.noindex/xctest-dynamic-overlay.build/Release-iphoneos/XCTestDynamicOverlay.build/Objects-normal/arm64/XCTestDynamicOverlay.swiftmodule -Xlinker -add_ast_path -Xlinker /Users/runner/Library/Developer/Xcode/DerivedData/SplatNative-dwmjesbccinwnzhdvkeajvbyatnj/Build/Intermediates.noindex/Supabase.build/Release-iphoneos/Helpers.build/Objects-normal/arm64/Helpers.swiftmodule -Xlinker -add_ast_path -Xlinker /Users/runner/Library/Developer/Xcode/DerivedData/SplatNative-dwmjesbccinwnzhdvkeajvbyatnj/Build/Intermediates.noindex/swift-crypto.build/Release-iphoneos/Crypto.build/Objects-normal/arm64/Crypto.swiftmodule -Xlinker -add_ast_path -Xlinker /Users/runner/Library/Developer/Xcode/DerivedData/SplatNative-dwmjesbccinwnzhdvkeajvbyatnj/Build/Intermediates.noindex/Supabase.build/Release-iphoneos/Auth.build/Objects-normal/arm64/Auth.swiftmodule -Xlinker -add_ast_path -Xlinker /Users/runner/Library/Developer/Xcode/DerivedData/SplatNative-dwmjesbccinwnzhdvkeajvbyatnj/Build/Intermediates.noindex/Supabase.build/Release-iphoneos/Functions.build/Objects-normal/arm64/Functions.swiftmodule -Xlinker -add_ast_path -Xlinker /Users/runner/Library/Developer/Xcode/DerivedData/SplatNative-dwmjesbccinwnzhdvkeajvbyatnj/Build/Intermediates.noindex/Supabase.build/Release-iphoneos/PostgREST.build/Objects-normal/arm64/PostgREST.swiftmodule -Xlinker -add_ast_path -Xlinker /Users/runner/Library/Developer/Xcode/DerivedData/SplatNative-dwmjesbccinwnzhdvkeajvbyatnj/Build/Intermediates.noindex/Supabase.build/Release-iphoneos/RealtimeV2.build/Objects-normal/arm64/RealtimeV2.swiftmodule -Xlinker -add_ast_path -Xlinker /Users/runner/Library/Developer/Xcode/DerivedData/SplatNative-dwmjesbccinwnzhdvkeajvbyatnj/Build/Intermediates.noindex/Supabase.build/Release-iphoneos/Realtime.build/Objects-normal/arm64/Realtime.swiftmodule -Xlinker -add_ast_path -Xlinker /Users/runner/Library/Developer/Xcode/DerivedData/SplatNative-dwmjesbccinwnzhdvkeajvbyatnj/Build/Intermediates.noindex/Supabase.build/Release-iphoneos/Storage.build/Objects-normal/arm64/Storage.swiftmodule

CopySwiftLibs /Users/runner/Library/Developer/Xcode/DerivedData/SplatNative-dwmjesbccinwnzhdvkeajvbyatnj/Build/Products/Release-iphoneos/Splat\ Lab\ Native.app (in target 'SplatNative' from project 'SplatNative')
    cd /Users/runner/work/ALLSUNDAY1122.github.io/ALLSUNDAY1122.github.io/splat-native-ios
    builtin-swiftStdLibTool --copy --verbose --scan-executable /Users/runner/Library/Developer/Xcode/DerivedData/SplatNative-dwmjesbccinwnzhdvkeajvbyatnj/Build/Products/Release-iphoneos/Splat\ Lab\ Native.app/Splat\ Lab\ Native --scan-folder /Users/runner/Library/Developer/Xcode/DerivedData/SplatNative-dwmjesbccinwnzhdvkeajvbyatnj/Build/Products/Release-iphoneos/Splat\ Lab\ Native.app/Frameworks --scan-folder /Users/runner/Library/Developer/Xcode/DerivedData/SplatNative-dwmjesbccinwnzhdvkeajvbyatnj/Build/Products/Release-iphoneos/Splat\ Lab\ Native.app/PlugIns --scan-folder /Users/runner/Library/Developer/Xcode/DerivedData/SplatNative-dwmjesbccinwnzhdvkeajvbyatnj/Build/Products/Release-iphoneos/Splat\ Lab\ Native.app/SystemExtensions --scan-folder /Users/runner/Library/Developer/Xcode/DerivedData/SplatNative-dwmjesbccinwnzhdvkeajvbyatnj/Build/Products/Release-iphoneos/Splat\ Lab\ Native.app/Extensions --platform iphoneos --toolchain /Applications/Xcode_16.4.app/Contents/Developer/Toolchains/XcodeDefault.xctoolchain --destination /Users/runner/Library/Developer/Xcode/DerivedData/SplatNative-dwmjesbccinwnzhdvkeajvbyatnj/Build/Products/Release-iphoneos/Splat\ Lab\ Native.app/Frameworks --strip-bitcode --strip-bitcode-tool /Applications/Xcode_16.4.app/Contents/Developer/Toolchains/XcodeDefault.xctoolchain/usr/bin/bitcode_strip --emit-dependency-info /Users/runner/Library/Developer/Xcode/DerivedData/SplatNative-dwmjesbccinwnzhdvkeajvbyatnj/Build/Intermediates.noindex/SplatNative.build/Release-iphoneos/SplatNative.build/SwiftStdLibToolInputDependencies.dep --filter-for-swift-os
Ignoring --strip-bitcode because --sign was not passed

ExtractAppIntentsMetadata (in target 'SplatNative' from project 'SplatNative')
    cd /Users/runner/work/ALLSUNDAY1122.github.io/ALLSUNDAY1122.github.io/splat-native-ios
    /Applications/Xcode_16.4.app/Contents/Developer/Toolchains/XcodeDefault.xctoolchain/usr/bin/appintentsmetadataprocessor --toolchain-dir /Applications/Xcode_16.4.app/Contents/Developer/Toolchains/XcodeDefault.xctoolchain --module-name Splat_Lab_Native --sdk-root /Applications/Xcode_16.4.app/Contents/Developer/Platforms/iPhoneOS.platform/Developer/SDKs/iPhoneOS18.5.sdk --xcode-version 16F6 --platform-family iOS --deployment-target 18.0 --bundle-identifier jp.allsunday1122.splatlab --output /Users/runner/Library/Developer/Xcode/DerivedData/SplatNative-dwmjesbccinwnzhdvkeajvbyatnj/Build/Products/Release-iphoneos/Splat\ Lab\ Native.app --target-triple arm64-apple-ios18.0 --binary-file /Users/runner/Library/Developer/Xcode/DerivedData/SplatNative-dwmjesbccinwnzhdvkeajvbyatnj/Build/Products/Release-iphoneos/Splat\ Lab\ Native.app/Splat\ Lab\ Native --dependency-file /Users/runner/Library/Developer/Xcode/DerivedData/SplatNative-dwmjesbccinwnzhdvkeajvbyatnj/Build/Intermediates.noindex/SplatNative.build/Release-iphoneos/SplatNative.build/Objects-normal/arm64/Splat\ Lab\ Native_dependency_info.dat --stringsdata-file /Users/runner/Library/Developer/Xcode/DerivedData/SplatNative-dwmjesbccinwnzhdvkeajvbyatnj/Build/Intermediates.noindex/SplatNative.build/Release-iphoneos/SplatNative.build/Objects-normal/arm64/ExtractedAppShortcutsMetadata.stringsdata --source-file-list /Users/runner/Library/Developer/Xcode/DerivedData/SplatNative-dwmjesbccinwnzhdvkeajvbyatnj/Build/Intermediates.noindex/SplatNative.build/Release-iphoneos/SplatNative.build/Objects-normal/arm64/Splat\ Lab\ Native.SwiftFileList --metadata-file-list /Users/runner/Library/Developer/Xcode/DerivedData/SplatNative-dwmjesbccinwnzhdvkeajvbyatnj/Build/Intermediates.noindex/SplatNative.build/Release-iphoneos/SplatNative.build/Splat\ Lab\ Native.DependencyMetadataFileList --static-metadata-file-list /Users/runner/Library/Developer/Xcode/DerivedData/SplatNative-dwmjesbccinwnzhdvkeajvbyatnj/Build/Intermediates.noindex/SplatNative.build/Release-iphoneos/SplatNative.build/Splat\ Lab\ Native.DependencyStaticMetadataFileList --swift-const-vals-list /Users/runner/Library/Developer/Xcode/DerivedData/SplatNative-dwmjesbccinwnzhdvkeajvbyatnj/Build/Intermediates.noindex/SplatNative.build/Release-iphoneos/SplatNative.build/Objects-normal/arm64/Splat\ Lab\ Native.SwiftConstValuesFileList --compile-time-extraction --deployment-aware-processing --validate-assistant-intents --no-app-shortcuts-localization
2026-09-16 08:14:36.878 appintentsmetadataprocessor[7716:25210] Starting appintentsmetadataprocessor export
2026-09-16 08:14:36.886 appintentsmetadataprocessor[7716:25210] warning: Metadata extraction skipped. No AppIntents.framework dependency found.

GenerateDSYMFile /Users/runner/Library/Developer/Xcode/DerivedData/SplatNative-dwmjesbccinwnzhdvkeajvbyatnj/Build/Products/Release-iphoneos/Splat\ Lab\ Native.app.dSYM /Users/runner/Library/Developer/Xcode/DerivedData/SplatNative-dwmjesbccinwnzhdvkeajvbyatnj/Build/Products/Release-iphoneos/Splat\ Lab\ Native.app/Splat\ Lab\ Native (in target 'SplatNative' from project 'SplatNative')
    cd /Users/runner/work/ALLSUNDAY1122.github.io/ALLSUNDAY1122.github.io/splat-native-ios
    /Applications/Xcode_16.4.app/Contents/Developer/Toolchains/XcodeDefault.xctoolchain/usr/bin/dsymutil /Users/runner/Library/Developer/Xcode/DerivedData/SplatNative-dwmjesbccinwnzhdvkeajvbyatnj/Build/Products/Release-iphoneos/Splat\ Lab\ Native.app/Splat\ Lab\ Native -o /Users/runner/Library/Developer/Xcode/DerivedData/SplatNative-dwmjesbccinwnzhdvkeajvbyatnj/Build/Products/Release-iphoneos/Splat\ Lab\ Native.app.dSYM

AppIntentsSSUTraining (in target 'SplatNative' from project 'SplatNative')
    cd /Users/runner/work/ALLSUNDAY1122.github.io/ALLSUNDAY1122.github.io/splat-native-ios
    /Applications/Xcode_16.4.app/Contents/Developer/Toolchains/XcodeDefault.xctoolchain/usr/bin/appintentsnltrainingprocessor --infoplist-path /Users/runner/Library/Developer/Xcode/DerivedData/SplatNative-dwmjesbccinwnzhdvkeajvbyatnj/Build/Products/Release-iphoneos/Splat\ Lab\ Native.app/Info.plist --temp-dir-path /Users/runner/Library/Developer/Xcode/DerivedData/SplatNative-dwmjesbccinwnzhdvkeajvbyatnj/Build/Intermediates.noindex/SplatNative.build/Release-iphoneos/SplatNative.build/ssu --bundle-id jp.allsunday1122.splatlab --product-path /Users/runner/Library/Developer/Xcode/DerivedData/SplatNative-dwmjesbccinwnzhdvkeajvbyatnj/Build/Products/Release-iphoneos/Splat\ Lab\ Native.app --extracted-metadata-path /Users/runner/Library/Developer/Xcode/DerivedData/SplatNative-dwmjesbccinwnzhdvkeajvbyatnj/Build/Products/Release-iphoneos/Splat\ Lab\ Native.app/Metadata.appintents --metadata-file-list /Users/runner/Library/Developer/Xcode/DerivedData/SplatNative-dwmjesbccinwnzhdvkeajvbyatnj/Build/Intermediates.noindex/SplatNative.build/Release-iphoneos/SplatNative.build/Splat\ Lab\ Native.DependencyMetadataFileList --archive-ssu-assets
2026-09-16 08:14:36.953 appintentsnltrainingprocessor[7718:25212] Parsing options for appintentsnltrainingprocessor
2026-09-16 08:14:36.955 appintentsnltrainingprocessor[7718:25212] No AppShortcuts found - Skipping.

RegisterExecutionPolicyException /Users/runner/Library/Developer/Xcode/DerivedData/SplatNative-dwmjesbccinwnzhdvkeajvbyatnj/Build/Products/Release-iphoneos/Splat\ Lab\ Native.app (in target 'SplatNative' from project 'SplatNative')
    cd /Users/runner/work/ALLSUNDAY1122.github.io/ALLSUNDAY1122.github.io/splat-native-ios
    builtin-RegisterExecutionPolicyException /Users/runner/Library/Developer/Xcode/DerivedData/SplatNative-dwmjesbccinwnzhdvkeajvbyatnj/Build/Products/Release-iphoneos/Splat\ Lab\ Native.app

Validate /Users/runner/Library/Developer/Xcode/DerivedData/SplatNative-dwmjesbccinwnzhdvkeajvbyatnj/Build/Products/Release-iphoneos/Splat\ Lab\ Native.app (in target 'SplatNative' from project 'SplatNative')
    cd /Users/runner/work/ALLSUNDAY1122.github.io/ALLSUNDAY1122.github.io/splat-native-ios
    builtin-validationUtility /Users/runner/Library/Developer/Xcode/DerivedData/SplatNative-dwmjesbccinwnzhdvkeajvbyatnj/Build/Products/Release-iphoneos/Splat\ Lab\ Native.app -infoplist-subpath Info.plist

Touch /Users/runner/Library/Developer/Xcode/DerivedData/SplatNative-dwmjesbccinwnzhdvkeajvbyatnj/Build/Products/Release-iphoneos/Splat\ Lab\ Native.app (in target 'SplatNative' from project 'SplatNative')
    cd /Users/runner/work/ALLSUNDAY1122.github.io/ALLSUNDAY1122.github.io/splat-native-ios
    /usr/bin/touch -c /Users/runner/Library/Developer/Xcode/DerivedData/SplatNative-dwmjesbccinwnzhdvkeajvbyatnj/Build/Products/Release-iphoneos/Splat\ Lab\ Native.app

note: Disabling previews because SWIFT_VERSION is set and SWIFT_OPTIMIZATION_LEVEL=-Owholemodule, expected -Onone (in target 'spz' from project 'spz-swift')
note: Disabling previews because SWIFT_VERSION is set and SWIFT_OPTIMIZATION_LEVEL=-Owholemodule, expected -Onone (in target 'XCTestDynamicOverlay' from project 'xctest-dynamic-overlay')
note: Disabling previews because SWIFT_VERSION is set and SWIFT_OPTIMIZATION_LEVEL=-Owholemodule, expected -Onone (in target 'Supabase' from project 'Supabase')
note: Disabling previews because SWIFT_VERSION is set and SWIFT_OPTIMIZATION_LEVEL=-Owholemodule, expected -Onone (in target 'Storage' from project 'Supabase')
note: Disabling previews because SWIFT_VERSION is set and SWIFT_OPTIMIZATION_LEVEL=-Owholemodule, expected -Onone (in target 'SplatIO' from project 'MetalSplatter')
note: Disabling previews because SWIFT_VERSION is set and SWIFT_OPTIMIZATION_LEVEL=-Owholemodule, expected -Onone (in target 'RealtimeV2' from project 'Supabase')
note: Disabling previews because SWIFT_VERSION is set and SWIFT_OPTIMIZATION_LEVEL=-Owholemodule, expected -Onone (in target 'Realtime' from project 'Supabase')
note: Disabling previews because SWIFT_VERSION is set and SWIFT_OPTIMIZATION_LEVEL=-Owholemodule, expected -Onone (in target 'PostgREST' from project 'Supabase')
note: Disabling previews because SWIFT_VERSION is set and SWIFT_OPTIMIZATION_LEVEL=-Owholemodule, expected -Onone (in target 'PLYIO' from project 'MetalSplatter')
note: Disabling previews because SWIFT_VERSION is set and SWIFT_OPTIMIZATION_LEVEL=-Owholemodule, expected -Onone (in target 'MsplatCore' from project 'Msplat')
note: Disabling previews because SWIFT_VERSION is set and SWIFT_OPTIMIZATION_LEVEL=-Owholemodule, expected -Onone (in target 'Msplat' from project 'Msplat')
note: Disabling previews because SWIFT_VERSION is set and SWIFT_OPTIMIZATION_LEVEL=-Owholemodule, expected -Onone (in target 'MetalSplatter' from project 'MetalSplatter')
note: Disabling previews because SWIFT_VERSION is set and SWIFT_OPTIMIZATION_LEVEL=-Owholemodule, expected -Onone (in target 'IssueReporting' from project 'xctest-dynamic-overlay')
note: Disabling previews because SWIFT_VERSION is set and SWIFT_OPTIMIZATION_LEVEL=-Owholemodule, expected -Onone (in target 'Helpers' from project 'Supabase')
note: Disabling previews because SWIFT_VERSION is set and SWIFT_OPTIMIZATION_LEVEL=-Owholemodule, expected -Onone (in target 'HTTPTypes' from project 'swift-http-types')
note: Disabling previews because SWIFT_VERSION is set and SWIFT_OPTIMIZATION_LEVEL=-Owholemodule, expected -Onone (in target 'Functions' from project 'Supabase')
note: Disabling previews because SWIFT_VERSION is set and SWIFT_OPTIMIZATION_LEVEL=-Owholemodule, expected -Onone (in target 'Crypto' from project 'swift-crypto')
note: Disabling previews because SWIFT_VERSION is set and SWIFT_OPTIMIZATION_LEVEL=-Owholemodule, expected -Onone (in target 'ConcurrencyExtras' from project 'swift-concurrency-extras')
note: Disabling previews because SWIFT_VERSION is set and SWIFT_OPTIMIZATION_LEVEL=-Owholemodule, expected -Onone (in target 'Clocks' from project 'swift-clocks')
note: Disabling previews because SWIFT_VERSION is set and SWIFT_OPTIMIZATION_LEVEL=-Owholemodule, expected -Onone (in target 'Auth' from project 'Supabase')
note: Disabling previews because SWIFT_VERSION is set and SWIFT_OPTIMIZATION_LEVEL=-O, expected -Onone (in target 'SplatNative' from project 'SplatNative')
** BUILD SUCCEEDED **

